Client libraries	Set up job	﻿2026-09-25T04:15:45.8360836Z Current runner version: '2.337.0'
Client libraries	Set up job	2026-09-25T04:15:45.8399174Z ##[group]Runner Image Provisioner
Client libraries	Set up job	2026-09-25T04:15:45.8401264Z Hosted Compute Agent
Client libraries	Set up job	2026-09-25T04:15:45.8402296Z Version: 20260828.587
Client libraries	Set up job	2026-09-25T04:15:45.8403375Z Commit: abac92662cab4cc7352de4f9f9d2e2419aad9c29
Client libraries	Set up job	2026-09-25T04:15:45.8404635Z Build Date: 2026-08-28T16:44:25Z
Client libraries	Set up job	2026-09-25T04:15:45.8405826Z Worker ID: {924ce545-3433-4275-abd2-dc88091d89d0}
Client libraries	Set up job	2026-09-25T04:15:45.8407670Z Azure Region: northcentralus
Client libraries	Set up job	2026-09-25T04:15:45.8408797Z ##[endgroup]
Client libraries	Set up job	2026-09-25T04:15:45.8411246Z ##[group]Operating System
Client libraries	Set up job	2026-09-25T04:15:45.8412351Z Ubuntu
Client libraries	Set up job	2026-09-25T04:15:45.8413354Z 24.04.5
Client libraries	Set up job	2026-09-25T04:15:45.8414456Z LTS
Client libraries	Set up job	2026-09-25T04:15:45.8415489Z ##[endgroup]
Client libraries	Set up job	2026-09-25T04:15:45.8416575Z ##[group]Runner Image
Client libraries	Set up job	2026-09-25T04:15:45.8417978Z Image: ubuntu-24.04
Client libraries	Set up job	2026-09-25T04:15:45.8418987Z Version: 20260920.314.1
Client libraries	Set up job	2026-09-25T04:15:45.8420946Z Included Software: https://github.com/actions/runner-images/blob/ubuntu24/20260920.314/images/ubuntu/Ubuntu2404-Readme.md
Client libraries	Set up job	2026-09-25T04:15:45.8423976Z Image Release: https://github.com/actions/runner-images/releases/tag/ubuntu24%2F20260920.314
Client libraries	Set up job	2026-09-25T04:15:45.8425687Z ##[endgroup]
Client libraries	Set up job	2026-09-25T04:15:45.8428126Z ##[group]GITHUB_TOKEN Permissions
Client libraries	Set up job	2026-09-25T04:15:45.8431430Z Contents: read
Client libraries	Set up job	2026-09-25T04:15:45.8432511Z Metadata: read
Client libraries	Set up job	2026-09-25T04:15:45.8434037Z ##[endgroup]
Client libraries	Set up job	2026-09-25T04:15:45.8437393Z Secret source: Actions
Client libraries	Set up job	2026-09-25T04:15:45.8439396Z Cache mode: write
Client libraries	Set up job	2026-09-25T04:15:45.8440689Z Prepare workflow directory
Client libraries	Set up job	2026-09-25T04:15:45.8987321Z Prepare all required actions
Client libraries	Set up job	2026-09-25T04:15:45.9059905Z Getting action download info
Client libraries	Set up job	2026-09-25T04:15:46.1488279Z Download action repository 'actions/checkout@11d5960a326750d5838078e36cf38b85af677262' (SHA:11d5960a326750d5838078e36cf38b85af677262)
Client libraries	Set up job	2026-09-25T04:15:46.3491005Z Complete job name: Client libraries
Client libraries	Run actions/checkout@11d5960a326750d5838078e36cf38b85af677262	﻿2026-09-25T04:15:46.4260493Z ##[group]Run actions/checkout@11d5960a326750d5838078e36cf38b85af677262
Client libraries	Run actions/checkout@11d5960a326750d5838078e36cf38b85af677262	2026-09-25T04:15:46.4261587Z with:
Client libraries	Run actions/checkout@11d5960a326750d5838078e36cf38b85af677262	2026-09-25T04:15:46.4262071Z   persist-credentials: false
Client libraries	Run actions/checkout@11d5960a326750d5838078e36cf38b85af677262	2026-09-25T04:15:46.4262654Z   repository: jack0682/rx-platform
Client libraries	Run actions/checkout@11d5960a326750d5838078e36cf38b85af677262	2026-09-25T04:15:46.4266297Z   token: ***
Client libraries	Run actions/checkout@11d5960a326750d5838078e36cf38b85af677262	2026-09-25T04:15:46.4266744Z   ssh-strict: true
Client libraries	Run actions/checkout@11d5960a326750d5838078e36cf38b85af677262	2026-09-25T04:15:46.4267491Z   ssh-user: git
Client libraries	Run actions/checkout@11d5960a326750d5838078e36cf38b85af677262	2026-09-25T04:15:46.4267943Z   clean: true
Client libraries	Run actions/checkout@11d5960a326750d5838078e36cf38b85af677262	2026-09-25T04:15:46.4268400Z   sparse-checkout-cone-mode: true
Client libraries	Run actions/checkout@11d5960a326750d5838078e36cf38b85af677262	2026-09-25T04:15:46.4268926Z   fetch-depth: 1
Client libraries	Run actions/checkout@11d5960a326750d5838078e36cf38b85af677262	2026-09-25T04:15:46.4269374Z   fetch-tags: false
Client libraries	Run actions/checkout@11d5960a326750d5838078e36cf38b85af677262	2026-09-25T04:15:46.4269840Z   show-progress: true
Client libraries	Run actions/checkout@11d5960a326750d5838078e36cf38b85af677262	2026-09-25T04:15:46.4270304Z   lfs: false
Client libraries	Run actions/checkout@11d5960a326750d5838078e36cf38b85af677262	2026-09-25T04:15:46.4270728Z   submodules: false
Client libraries	Run actions/checkout@11d5960a326750d5838078e36cf38b85af677262	2026-09-25T04:15:46.4271183Z   set-safe-directory: true
Client libraries	Run actions/checkout@11d5960a326750d5838078e36cf38b85af677262	2026-09-25T04:15:46.4271704Z   allow-unsafe-pr-checkout: false
Client libraries	Run actions/checkout@11d5960a326750d5838078e36cf38b85af677262	2026-09-25T04:15:46.4272585Z ##[endgroup]
Client libraries	Run actions/checkout@11d5960a326750d5838078e36cf38b85af677262	2026-09-25T04:15:46.5291559Z Syncing repository: jack0682/rx-platform
Client libraries	Run actions/checkout@11d5960a326750d5838078e36cf38b85af677262	2026-09-25T04:15:46.5294699Z ##[group]Getting Git version info
Client libraries	Run actions/checkout@11d5960a326750d5838078e36cf38b85af677262	2026-09-25T04:15:46.5296214Z Working directory is '/home/runner/work/rx-platform/rx-platform'
Client libraries	Run actions/checkout@11d5960a326750d5838078e36cf38b85af677262	2026-09-25T04:15:46.5298496Z [command]/usr/bin/git version
Client libraries	Run actions/checkout@11d5960a326750d5838078e36cf38b85af677262	2026-09-25T04:15:46.5449963Z git version 2.55.0
Client libraries	Run actions/checkout@11d5960a326750d5838078e36cf38b85af677262	2026-09-25T04:15:46.5475729Z ##[endgroup]
Client libraries	Run actions/checkout@11d5960a326750d5838078e36cf38b85af677262	2026-09-25T04:15:46.5492142Z Temporarily overriding HOME='/home/runner/work/_temp/d584a7bd-607a-4e7b-a358-eed83aa9f64e' before making global git config changes
Client libraries	Run actions/checkout@11d5960a326750d5838078e36cf38b85af677262	2026-09-25T04:15:46.5494981Z Adding repository directory to the temporary git global config as a safe directory
Client libraries	Run actions/checkout@11d5960a326750d5838078e36cf38b85af677262	2026-09-25T04:15:46.5498973Z [command]/usr/bin/git config --global --add safe.directory /home/runner/work/rx-platform/rx-platform
Client libraries	Run actions/checkout@11d5960a326750d5838078e36cf38b85af677262	2026-09-25T04:15:46.5553264Z Deleting the contents of '/home/runner/work/rx-platform/rx-platform'
Client libraries	Run actions/checkout@11d5960a326750d5838078e36cf38b85af677262	2026-09-25T04:15:46.5559178Z ##[group]Initializing the repository
Client libraries	Run actions/checkout@11d5960a326750d5838078e36cf38b85af677262	2026-09-25T04:15:46.5563284Z [command]/usr/bin/git init /home/runner/work/rx-platform/rx-platform
Client libraries	Run actions/checkout@11d5960a326750d5838078e36cf38b85af677262	2026-09-25T04:15:46.5682744Z hint: Using 'master' as the name for the initial branch. This default branch name
Client libraries	Run actions/checkout@11d5960a326750d5838078e36cf38b85af677262	2026-09-25T04:15:46.5684286Z hint: will change to "main" in Git 3.0. To configure the initial branch name
Client libraries	Run actions/checkout@11d5960a326750d5838078e36cf38b85af677262	2026-09-25T04:15:46.5685702Z hint: to use in all of your new repositories, which will suppress this warning,
Client libraries	Run actions/checkout@11d5960a326750d5838078e36cf38b85af677262	2026-09-25T04:15:46.5687392Z hint: call:
Client libraries	Run actions/checkout@11d5960a326750d5838078e36cf38b85af677262	2026-09-25T04:15:46.5688309Z hint:
Client libraries	Run actions/checkout@11d5960a326750d5838078e36cf38b85af677262	2026-09-25T04:15:46.5689240Z hint: 	git config --global init.defaultBranch <name>
Client libraries	Run actions/checkout@11d5960a326750d5838078e36cf38b85af677262	2026-09-25T04:15:46.5690176Z hint:
Client libraries	Run actions/checkout@11d5960a326750d5838078e36cf38b85af677262	2026-09-25T04:15:46.5691228Z hint: Names commonly chosen instead of 'master' are 'main', 'trunk' and
Client libraries	Run actions/checkout@11d5960a326750d5838078e36cf38b85af677262	2026-09-25T04:15:46.5692547Z hint: 'development'. The just-created branch can be renamed via this command:
Client libraries	Run actions/checkout@11d5960a326750d5838078e36cf38b85af677262	2026-09-25T04:15:46.5693593Z hint:
Client libraries	Run actions/checkout@11d5960a326750d5838078e36cf38b85af677262	2026-09-25T04:15:46.5694363Z hint: 	git branch -m <name>
Client libraries	Run actions/checkout@11d5960a326750d5838078e36cf38b85af677262	2026-09-25T04:15:46.5695152Z hint:
Client libraries	Run actions/checkout@11d5960a326750d5838078e36cf38b85af677262	2026-09-25T04:15:46.5696108Z hint: Disable this message with "git config set advice.defaultBranchName false"
Client libraries	Run actions/checkout@11d5960a326750d5838078e36cf38b85af677262	2026-09-25T04:15:46.5702079Z Initialized empty Git repository in /home/runner/work/rx-platform/rx-platform/.git/
Client libraries	Run actions/checkout@11d5960a326750d5838078e36cf38b85af677262	2026-09-25T04:15:46.5714035Z [command]/usr/bin/git remote add origin https://github.com/jack0682/rx-platform
Client libraries	Run actions/checkout@11d5960a326750d5838078e36cf38b85af677262	2026-09-25T04:15:46.5773030Z ##[endgroup]
Client libraries	Run actions/checkout@11d5960a326750d5838078e36cf38b85af677262	2026-09-25T04:15:46.5774286Z ##[group]Disabling automatic garbage collection
Client libraries	Run actions/checkout@11d5960a326750d5838078e36cf38b85af677262	2026-09-25T04:15:46.5777551Z [command]/usr/bin/git config --local gc.auto 0
Client libraries	Run actions/checkout@11d5960a326750d5838078e36cf38b85af677262	2026-09-25T04:15:46.5812864Z ##[endgroup]
Client libraries	Run actions/checkout@11d5960a326750d5838078e36cf38b85af677262	2026-09-25T04:15:46.5814092Z ##[group]Setting up auth
Client libraries	Run actions/checkout@11d5960a326750d5838078e36cf38b85af677262	2026-09-25T04:15:46.5821774Z [command]/usr/bin/git config --local --name-only --get-regexp core\.sshCommand
Client libraries	Run actions/checkout@11d5960a326750d5838078e36cf38b85af677262	2026-09-25T04:15:46.5859478Z [command]/usr/bin/git submodule foreach --recursive sh -c "git config --local --name-only --get-regexp 'core\.sshCommand' && git config --local --unset-all 'core.sshCommand' || :"
Client libraries	Run actions/checkout@11d5960a326750d5838078e36cf38b85af677262	2026-09-25T04:15:46.6273837Z [command]/usr/bin/git config --local --name-only --get-regexp http\.https\:\/\/github\.com\/\.extraheader
Client libraries	Run actions/checkout@11d5960a326750d5838078e36cf38b85af677262	2026-09-25T04:15:46.6312136Z [command]/usr/bin/git submodule foreach --recursive sh -c "git config --local --name-only --get-regexp 'http\.https\:\/\/github\.com\/\.extraheader' && git config --local --unset-all 'http.https://github.com/.extraheader' || :"
Client libraries	Run actions/checkout@11d5960a326750d5838078e36cf38b85af677262	2026-09-25T04:15:46.6571240Z [command]/usr/bin/git config --local --name-only --get-regexp ^includeIf\.gitdir:
Client libraries	Run actions/checkout@11d5960a326750d5838078e36cf38b85af677262	2026-09-25T04:15:46.6590824Z [command]/usr/bin/git submodule foreach --recursive git config --local --show-origin --name-only --get-regexp remote.origin.url
Client libraries	Run actions/checkout@11d5960a326750d5838078e36cf38b85af677262	2026-09-25T04:15:46.6819116Z [command]/usr/bin/git config --local http.https://github.com/.extraheader AUTHORIZATION: basic ***
Client libraries	Run actions/checkout@11d5960a326750d5838078e36cf38b85af677262	2026-09-25T04:15:46.6861758Z ##[endgroup]
Client libraries	Run actions/checkout@11d5960a326750d5838078e36cf38b85af677262	2026-09-25T04:15:46.6862687Z ##[group]Fetching the repository
Client libraries	Run actions/checkout@11d5960a326750d5838078e36cf38b85af677262	2026-09-25T04:15:46.6872875Z [command]/usr/bin/git -c protocol.version=2 fetch --no-tags --prune --no-recurse-submodules --depth=1 origin +9df5ada949c64bcdc8a84ff16357bf73d1f6e803:refs/remotes/pull/24/merge
Client libraries	Run actions/checkout@11d5960a326750d5838078e36cf38b85af677262	2026-09-25T04:15:47.1694625Z From https://github.com/jack0682/rx-platform
Client libraries	Run actions/checkout@11d5960a326750d5838078e36cf38b85af677262	2026-09-25T04:15:47.1696245Z  * [new ref]         9df5ada949c64bcdc8a84ff16357bf73d1f6e803 -> pull/24/merge
Client libraries	Run actions/checkout@11d5960a326750d5838078e36cf38b85af677262	2026-09-25T04:15:47.1700468Z ##[endgroup]
Client libraries	Run actions/checkout@11d5960a326750d5838078e36cf38b85af677262	2026-09-25T04:15:47.1702088Z ##[group]Determining the checkout info
Client libraries	Run actions/checkout@11d5960a326750d5838078e36cf38b85af677262	2026-09-25T04:15:47.1704101Z ##[endgroup]
Client libraries	Run actions/checkout@11d5960a326750d5838078e36cf38b85af677262	2026-09-25T04:15:47.1708637Z [command]/usr/bin/git sparse-checkout disable
Client libraries	Run actions/checkout@11d5960a326750d5838078e36cf38b85af677262	2026-09-25T04:15:47.1761175Z [command]/usr/bin/git config --local --unset-all extensions.worktreeConfig
Client libraries	Run actions/checkout@11d5960a326750d5838078e36cf38b85af677262	2026-09-25T04:15:47.1802685Z ##[group]Checking out the ref
Client libraries	Run actions/checkout@11d5960a326750d5838078e36cf38b85af677262	2026-09-25T04:15:47.1808700Z [command]/usr/bin/git checkout --progress --force refs/remotes/pull/24/merge
Client libraries	Run actions/checkout@11d5960a326750d5838078e36cf38b85af677262	2026-09-25T04:15:47.2240823Z Note: switching to 'refs/remotes/pull/24/merge'.
Client libraries	Run actions/checkout@11d5960a326750d5838078e36cf38b85af677262	2026-09-25T04:15:47.2241863Z 
Client libraries	Run actions/checkout@11d5960a326750d5838078e36cf38b85af677262	2026-09-25T04:15:47.2242485Z You are in 'detached HEAD' state. You can look around, make experimental
Client libraries	Run actions/checkout@11d5960a326750d5838078e36cf38b85af677262	2026-09-25T04:15:47.2243885Z changes and commit them, and you can discard any commits you make in this
Client libraries	Run actions/checkout@11d5960a326750d5838078e36cf38b85af677262	2026-09-25T04:15:47.2245250Z state without impacting any branches by switching back to a branch.
Client libraries	Run actions/checkout@11d5960a326750d5838078e36cf38b85af677262	2026-09-25T04:15:47.2246334Z 
Client libraries	Run actions/checkout@11d5960a326750d5838078e36cf38b85af677262	2026-09-25T04:15:47.2247560Z If you want to create a new branch to retain commits you create, you may
Client libraries	Run actions/checkout@11d5960a326750d5838078e36cf38b85af677262	2026-09-25T04:15:47.2249769Z do so (now or later) by using -c with the switch command. Example:
Client libraries	Run actions/checkout@11d5960a326750d5838078e36cf38b85af677262	2026-09-25T04:15:47.2251073Z 
Client libraries	Run actions/checkout@11d5960a326750d5838078e36cf38b85af677262	2026-09-25T04:15:47.2251810Z   git switch -c <new-branch-name>
Client libraries	Run actions/checkout@11d5960a326750d5838078e36cf38b85af677262	2026-09-25T04:15:47.2252817Z 
Client libraries	Run actions/checkout@11d5960a326750d5838078e36cf38b85af677262	2026-09-25T04:15:47.2253443Z Or undo this operation with:
Client libraries	Run actions/checkout@11d5960a326750d5838078e36cf38b85af677262	2026-09-25T04:15:47.2254650Z 
Client libraries	Run actions/checkout@11d5960a326750d5838078e36cf38b85af677262	2026-09-25T04:15:47.2255184Z   git switch -
Client libraries	Run actions/checkout@11d5960a326750d5838078e36cf38b85af677262	2026-09-25T04:15:47.2255950Z 
Client libraries	Run actions/checkout@11d5960a326750d5838078e36cf38b85af677262	2026-09-25T04:15:47.2257247Z Turn off this advice by setting config variable advice.detachedHead to false
Client libraries	Run actions/checkout@11d5960a326750d5838078e36cf38b85af677262	2026-09-25T04:15:47.2258671Z 
Client libraries	Run actions/checkout@11d5960a326750d5838078e36cf38b85af677262	2026-09-25T04:15:47.2260106Z HEAD is now at 9df5ada Merge cffbe286829d8ba104b44a0dd18e70865b84e098 into 7d1a31fac35ee84c4714efe7c1ebd0cce8616663
Client libraries	Run actions/checkout@11d5960a326750d5838078e36cf38b85af677262	2026-09-25T04:15:47.2264473Z ##[endgroup]
Client libraries	Run actions/checkout@11d5960a326750d5838078e36cf38b85af677262	2026-09-25T04:15:47.2300840Z [command]/usr/bin/git log -1 --format=%H
Client libraries	Run actions/checkout@11d5960a326750d5838078e36cf38b85af677262	2026-09-25T04:15:47.2327988Z 9df5ada949c64bcdc8a84ff16357bf73d1f6e803
Client libraries	Run actions/checkout@11d5960a326750d5838078e36cf38b85af677262	2026-09-25T04:15:47.2336663Z ##[group]Removing auth
Client libraries	Run actions/checkout@11d5960a326750d5838078e36cf38b85af677262	2026-09-25T04:15:47.2340800Z [command]/usr/bin/git config --local --name-only --get-regexp core\.sshCommand
Client libraries	Run actions/checkout@11d5960a326750d5838078e36cf38b85af677262	2026-09-25T04:15:47.2374028Z [command]/usr/bin/git submodule foreach --recursive sh -c "git config --local --name-only --get-regexp 'core\.sshCommand' && git config --local --unset-all 'core.sshCommand' || :"
Client libraries	Run actions/checkout@11d5960a326750d5838078e36cf38b85af677262	2026-09-25T04:15:47.2599248Z [command]/usr/bin/git config --local --name-only --get-regexp http\.https\:\/\/github\.com\/\.extraheader
Client libraries	Run actions/checkout@11d5960a326750d5838078e36cf38b85af677262	2026-09-25T04:15:47.2628017Z http.https://github.com/.extraheader
Client libraries	Run actions/checkout@11d5960a326750d5838078e36cf38b85af677262	2026-09-25T04:15:47.2635463Z [command]/usr/bin/git config --local --unset-all http.https://github.com/.extraheader
Client libraries	Run actions/checkout@11d5960a326750d5838078e36cf38b85af677262	2026-09-25T04:15:47.2670146Z [command]/usr/bin/git submodule foreach --recursive sh -c "git config --local --name-only --get-regexp 'http\.https\:\/\/github\.com\/\.extraheader' && git config --local --unset-all 'http.https://github.com/.extraheader' || :"
Client libraries	Run actions/checkout@11d5960a326750d5838078e36cf38b85af677262	2026-09-25T04:15:47.2892868Z [command]/usr/bin/git config --local --name-only --get-regexp ^includeIf\.gitdir:
Client libraries	Run actions/checkout@11d5960a326750d5838078e36cf38b85af677262	2026-09-25T04:15:47.2925374Z [command]/usr/bin/git submodule foreach --recursive git config --local --show-origin --name-only --get-regexp remote.origin.url
Client libraries	Run actions/checkout@11d5960a326750d5838078e36cf38b85af677262	2026-09-25T04:15:47.3165193Z ##[endgroup]
Client libraries	Install client build dependencies	﻿2026-09-25T04:15:47.3411410Z ##[group]Run sudo apt-get update
Client libraries	Install client build dependencies	2026-09-25T04:15:47.3412452Z ^[[36;1msudo apt-get update^[[0m
Client libraries	Install client build dependencies	2026-09-25T04:15:47.3415344Z ^[[36;1msudo apt-get install -y --no-install-recommends cmake libprotobuf-dev protobuf-compiler libgrpc++-dev protobuf-compiler-grpc nlohmann-json3-dev python3-venv^[[0m
Client libraries	Install client build dependencies	2026-09-25T04:15:47.3418729Z ^[[36;1mpython3 -m venv "$RUNNER_TEMP/rx-client-env"^[[0m
Client libraries	Install client build dependencies	2026-09-25T04:15:47.3420956Z ^[[36;1m"$RUNNER_TEMP/rx-client-env/bin/pip" install grpcio==1.84.0 protobuf==7.36.2 setuptools==84.0.0 wheel==0.48.0 build==1.6.1^[[0m
Client libraries	Install client build dependencies	2026-09-25T04:15:47.3677324Z shell: /usr/bin/bash --noprofile --norc -e -o pipefail {0}
Client libraries	Install client build dependencies	2026-09-25T04:15:47.3678692Z ##[endgroup]
Client libraries	Install client build dependencies	2026-09-25T04:15:47.5180312Z Get:1 https://packages.microsoft.com/ubuntu/24.04/prod noble InRelease [3600 B]
Client libraries	Install client build dependencies	2026-09-25T04:15:47.5640864Z Get:2 file:/etc/apt/apt-mirrors.txt Mirrorlist [144 B]
Client libraries	Install client build dependencies	2026-09-25T04:15:47.5905706Z Hit:3 http://azure.archive.ubuntu.com/ubuntu noble InRelease
Client libraries	Install client build dependencies	2026-09-25T04:15:47.5919197Z Get:4 http://azure.archive.ubuntu.com/ubuntu noble-updates InRelease [126 kB]
Client libraries	Install client build dependencies	2026-09-25T04:15:47.5972614Z Get:5 http://azure.archive.ubuntu.com/ubuntu noble-backports InRelease [126 kB]
Client libraries	Install client build dependencies	2026-09-25T04:15:47.6044423Z Get:6 http://azure.archive.ubuntu.com/ubuntu noble-security InRelease [126 kB]
Client libraries	Install client build dependencies	2026-09-25T04:15:47.6822504Z Get:7 https://packages.microsoft.com/ubuntu/24.04/prod noble/main amd64 Packages [492 kB]
Client libraries	Install client build dependencies	2026-09-25T04:15:47.7050325Z Get:8 https://packages.microsoft.com/ubuntu/24.04/prod noble/main arm64 Packages [441 kB]
Client libraries	Install client build dependencies	2026-09-25T04:15:47.8147725Z Get:9 http://azure.archive.ubuntu.com/ubuntu noble-updates/main amd64 Packages [1318 kB]
Client libraries	Install client build dependencies	2026-09-25T04:15:47.8259281Z Get:10 http://azure.archive.ubuntu.com/ubuntu noble-updates/main Translation-en [299 kB]
Client libraries	Install client build dependencies	2026-09-25T04:15:47.8275178Z Get:11 http://azure.archive.ubuntu.com/ubuntu noble-updates/main amd64 Components [181 kB]
Client libraries	Install client build dependencies	2026-09-25T04:15:47.8294522Z Get:12 http://azure.archive.ubuntu.com/ubuntu noble-updates/universe amd64 Packages [1698 kB]
Client libraries	Install client build dependencies	2026-09-25T04:15:47.8389180Z Get:13 http://azure.archive.ubuntu.com/ubuntu noble-updates/universe Translation-en [340 kB]
Client libraries	Install client build dependencies	2026-09-25T04:15:47.8403505Z Get:14 http://azure.archive.ubuntu.com/ubuntu noble-updates/universe amd64 Components [388 kB]
Client libraries	Install client build dependencies	2026-09-25T04:15:47.8438918Z Get:15 http://azure.archive.ubuntu.com/ubuntu noble-updates/restricted amd64 Packages [1654 kB]
Client libraries	Install client build dependencies	2026-09-25T04:15:47.8510980Z Get:16 http://azure.archive.ubuntu.com/ubuntu noble-updates/restricted Translation-en [377 kB]
Client libraries	Install client build dependencies	2026-09-25T04:15:47.8536417Z Get:17 http://azure.archive.ubuntu.com/ubuntu noble-updates/multiverse amd64 Components [940 B]
Client libraries	Install client build dependencies	2026-09-25T04:15:47.8695339Z Get:18 http://azure.archive.ubuntu.com/ubuntu noble-backports/main amd64 Packages [40.6 kB]
Client libraries	Install client build dependencies	2026-09-25T04:15:47.9221834Z Get:19 http://azure.archive.ubuntu.com/ubuntu noble-backports/main amd64 Components [5764 B]
Client libraries	Install client build dependencies	2026-09-25T04:15:47.9228070Z Get:20 http://azure.archive.ubuntu.com/ubuntu noble-backports/universe amd64 Packages [31.0 kB]
Client libraries	Install client build dependencies	2026-09-25T04:15:47.9233113Z Get:21 http://azure.archive.ubuntu.com/ubuntu noble-backports/universe Translation-en [18.6 kB]
Client libraries	Install client build dependencies	2026-09-25T04:15:47.9236704Z Get:22 http://azure.archive.ubuntu.com/ubuntu noble-backports/universe amd64 Components [12.6 kB]
Client libraries	Install client build dependencies	2026-09-25T04:15:47.9249117Z Get:23 http://azure.archive.ubuntu.com/ubuntu noble-security/main amd64 Packages [1053 kB]
Client libraries	Install client build dependencies	2026-09-25T04:15:47.9300652Z Get:24 http://azure.archive.ubuntu.com/ubuntu noble-security/main Translation-en [219 kB]
Client libraries	Install client build dependencies	2026-09-25T04:15:47.9319104Z Get:25 http://azure.archive.ubuntu.com/ubuntu noble-security/main amd64 Components [46.4 kB]
Client libraries	Install client build dependencies	2026-09-25T04:15:47.9331120Z Get:26 http://azure.archive.ubuntu.com/ubuntu noble-security/universe amd64 Packages [1220 kB]
Client libraries	Install client build dependencies	2026-09-25T04:15:47.9390632Z Get:27 http://azure.archive.ubuntu.com/ubuntu noble-security/universe Translation-en [245 kB]
Client libraries	Install client build dependencies	2026-09-25T04:15:47.9410851Z Get:28 http://azure.archive.ubuntu.com/ubuntu noble-security/universe amd64 Components [76.3 kB]
Client libraries	Install client build dependencies	2026-09-25T04:15:47.9424566Z Get:29 http://azure.archive.ubuntu.com/ubuntu noble-security/restricted amd64 Packages [1535 kB]
Client libraries	Install client build dependencies	2026-09-25T04:15:47.9497568Z Get:30 http://azure.archive.ubuntu.com/ubuntu noble-security/restricted Translation-en [353 kB]
Client libraries	Install client build dependencies	2026-09-25T04:15:55.7085713Z Fetched 12.4 MB in 1s (8448 kB/s)
Client libraries	Install client build dependencies	2026-09-25T04:15:56.5386103Z Reading package lists...
Client libraries	Install client build dependencies	2026-09-25T04:15:56.5695891Z Reading package lists...
Client libraries	Install client build dependencies	2026-09-25T04:15:56.7596008Z Building dependency tree...
Client libraries	Install client build dependencies	2026-09-25T04:15:56.7603554Z Reading state information...
Client libraries	Install client build dependencies	2026-09-25T04:15:56.9091990Z python3-venv is already the newest version (3.12.3-0ubuntu2.1).
Client libraries	Install client build dependencies	2026-09-25T04:15:56.9093381Z The following additional packages will be installed:
Client libraries	Install client build dependencies	2026-09-25T04:15:56.9098337Z   cmake-data libabsl-dev libabsl20220623t64 libc-ares-dev libgrpc++1.51t64
Client libraries	Install client build dependencies	2026-09-25T04:15:56.9099869Z   libgrpc-dev libgrpc29t64 libjsoncpp25 libprotobuf32t64 libprotoc32t64
Client libraries	Install client build dependencies	2026-09-25T04:15:56.9100977Z   libre2-dev librhash0
Client libraries	Install client build dependencies	2026-09-25T04:15:56.9109167Z Suggested packages:
Client libraries	Install client build dependencies	2026-09-25T04:15:56.9110114Z   cmake-doc cmake-format elpa-cmake-mode ninja-build protobuf-mode-el
Client libraries	Install client build dependencies	2026-09-25T04:15:56.9462886Z The following NEW packages will be installed:
Client libraries	Install client build dependencies	2026-09-25T04:15:56.9465018Z   cmake cmake-data libabsl-dev libabsl20220623t64 libc-ares-dev libgrpc++-dev
Client libraries	Install client build dependencies	2026-09-25T04:15:56.9466481Z   libgrpc++1.51t64 libgrpc-dev libgrpc29t64 libjsoncpp25 libprotobuf-dev
Client libraries	Install client build dependencies	2026-09-25T04:15:56.9471492Z   libprotobuf32t64 libprotoc32t64 libre2-dev librhash0 nlohmann-json3-dev
Client libraries	Install client build dependencies	2026-09-25T04:15:56.9473051Z   protobuf-compiler protobuf-compiler-grpc
Client libraries	Install client build dependencies	2026-09-25T04:15:56.9674951Z 0 upgraded, 18 newly installed, 0 to remove and 31 not upgraded.
Client libraries	Install client build dependencies	2026-09-25T04:15:56.9675725Z Need to get 27.6 MB of archives.
Client libraries	Install client build dependencies	2026-09-25T04:15:56.9676104Z After this operation, 132 MB of additional disk space will be used.
Client libraries	Install client build dependencies	2026-09-25T04:15:56.9676553Z Get:1 file:/etc/apt/apt-mirrors.txt Mirrorlist [144 B]
Client libraries	Install client build dependencies	2026-09-25T04:15:57.0080979Z Get:2 http://azure.archive.ubuntu.com/ubuntu noble/main amd64 libjsoncpp25 amd64 1.9.5-6build1 [82.8 kB]
Client libraries	Install client build dependencies	2026-09-25T04:15:57.0330366Z Get:3 http://azure.archive.ubuntu.com/ubuntu noble/main amd64 librhash0 amd64 1.4.3-3build1 [129 kB]
Client libraries	Install client build dependencies	2026-09-25T04:15:57.0581251Z Get:4 http://azure.archive.ubuntu.com/ubuntu noble/main amd64 cmake-data all 3.28.3-1build7 [2155 kB]
Client libraries	Install client build dependencies	2026-09-25T04:15:57.1265660Z Get:5 http://azure.archive.ubuntu.com/ubuntu noble/main amd64 cmake amd64 3.28.3-1build7 [11.2 MB]
Client libraries	Install client build dependencies	2026-09-25T04:15:57.4890105Z Get:6 http://azure.archive.ubuntu.com/ubuntu noble-updates/main amd64 libabsl20220623t64 amd64 20220623.1-3.1ubuntu3.2 [423 kB]
Client libraries	Install client build dependencies	2026-09-25T04:15:57.5261761Z Get:7 http://azure.archive.ubuntu.com/ubuntu noble-updates/main amd64 libabsl-dev amd64 20220623.1-3.1ubuntu3.2 [1020 kB]
Client libraries	Install client build dependencies	2026-09-25T04:15:57.5829259Z Get:8 http://azure.archive.ubuntu.com/ubuntu noble-updates/main amd64 libprotobuf32t64 amd64 3.21.12-8.2ubuntu0.3 [923 kB]
Client libraries	Install client build dependencies	2026-09-25T04:15:57.6368101Z Get:9 http://azure.archive.ubuntu.com/ubuntu noble-updates/main amd64 libprotoc32t64 amd64 3.21.12-8.2ubuntu0.3 [683 kB]
Client libraries	Install client build dependencies	2026-09-25T04:15:57.6836027Z Get:10 http://azure.archive.ubuntu.com/ubuntu noble/universe amd64 libgrpc29t64 amd64 1.51.1-4.1build5 [2768 kB]
Client libraries	Install client build dependencies	2026-09-25T04:15:57.8130665Z Get:11 http://azure.archive.ubuntu.com/ubuntu noble/universe amd64 libgrpc++1.51t64 amd64 1.51.1-4.1build5 [481 kB]
Client libraries	Install client build dependencies	2026-09-25T04:15:57.8525638Z Get:12 http://azure.archive.ubuntu.com/ubuntu noble/main amd64 libc-ares-dev amd64 1.27.0-1.0ubuntu1 [189 kB]
Client libraries	Install client build dependencies	2026-09-25T04:15:57.8770980Z Get:13 http://azure.archive.ubuntu.com/ubuntu noble/main amd64 libre2-dev amd64 20230301-3build1 [269 kB]
Client libraries	Install client build dependencies	2026-09-25T04:15:57.9063251Z Get:14 http://azure.archive.ubuntu.com/ubuntu noble/universe amd64 libgrpc-dev amd64 1.51.1-4.1build5 [4933 kB]
Client libraries	Install client build dependencies	2026-09-25T04:15:58.0447679Z Get:15 http://azure.archive.ubuntu.com/ubuntu noble/universe amd64 libgrpc++-dev amd64 1.51.1-4.1build5 [676 kB]
Client libraries	Install client build dependencies	2026-09-25T04:15:58.0910407Z Get:16 http://azure.archive.ubuntu.com/ubuntu noble/universe amd64 nlohmann-json3-dev all 3.11.3-1 [190 kB]
Client libraries	Install client build dependencies	2026-09-25T04:15:58.1104261Z Get:17 http://azure.archive.ubuntu.com/ubuntu noble-updates/universe amd64 protobuf-compiler amd64 3.21.12-8.2ubuntu0.3 [29.0 kB]
Client libraries	Install client build dependencies	2026-09-25T04:15:58.1321156Z Get:18 http://azure.archive.ubuntu.com/ubuntu noble/universe amd64 protobuf-compiler-grpc amd64 1.51.1-4.1build5 [38.9 kB]
Client libraries	Install client build dependencies	2026-09-25T04:15:58.1543108Z Get:19 http://azure.archive.ubuntu.com/ubuntu noble-updates/main amd64 libprotobuf-dev amd64 3.21.12-8.2ubuntu0.3 [1413 kB]
Client libraries	Install client build dependencies	2026-09-25T04:15:58.4563068Z Fetched 27.6 MB in 1s (22.3 MB/s)
Client libraries	Install client build dependencies	2026-09-25T04:15:58.5014797Z Selecting previously unselected package libjsoncpp25:amd64.
Client libraries	Install client build dependencies	2026-09-25T04:15:58.5992952Z (Reading database ... 
Client libraries	Install client build dependencies	2026-09-25T04:15:58.5993673Z (Reading database ... 5%
Client libraries	Install client build dependencies	2026-09-25T04:15:58.5994167Z (Reading database ... 10%
Client libraries	Install client build dependencies	2026-09-25T04:15:58.5994632Z (Reading database ... 15%
Client libraries	Install client build dependencies	2026-09-25T04:15:58.5995007Z (Reading database ... 20%
Client libraries	Install client build dependencies	2026-09-25T04:15:58.5995301Z (Reading database ... 25%
Client libraries	Install client build dependencies	2026-09-25T04:15:58.5995713Z (Reading database ... 30%
Client libraries	Install client build dependencies	2026-09-25T04:15:58.5996012Z (Reading database ... 35%
Client libraries	Install client build dependencies	2026-09-25T04:15:58.5996301Z (Reading database ... 40%
Client libraries	Install client build dependencies	2026-09-25T04:15:58.5996583Z (Reading database ... 45%
Client libraries	Install client build dependencies	2026-09-25T04:15:58.5997121Z (Reading database ... 50%
Client libraries	Install client build dependencies	2026-09-25T04:15:58.6101306Z (Reading database ... 55%
Client libraries	Install client build dependencies	2026-09-25T04:15:58.9594968Z (Reading database ... 60%
Client libraries	Install client build dependencies	2026-09-25T04:15:59.2925757Z (Reading database ... 65%
Client libraries	Install client build dependencies	2026-09-25T04:15:59.6400534Z (Reading database ... 70%
Client libraries	Install client build dependencies	2026-09-25T04:15:59.9815178Z (Reading database ... 75%
Client libraries	Install client build dependencies	2026-09-25T04:16:00.3430852Z (Reading database ... 80%
Client libraries	Install client build dependencies	2026-09-25T04:16:00.9103989Z (Reading database ... 85%
Client libraries	Install client build dependencies	2026-09-25T04:16:01.6606568Z (Reading database ... 90%
Client libraries	Install client build dependencies	2026-09-25T04:16:02.3037054Z (Reading database ... 95%
Client libraries	Install client build dependencies	2026-09-25T04:16:02.3037760Z (Reading database ... 100%
Client libraries	Install client build dependencies	2026-09-25T04:16:02.3038354Z (Reading database ... 202190 files and directories currently installed.)
Client libraries	Install client build dependencies	2026-09-25T04:16:02.3080578Z Preparing to unpack .../00-libjsoncpp25_1.9.5-6build1_amd64.deb ...
Client libraries	Install client build dependencies	2026-09-25T04:16:02.3117203Z Unpacking libjsoncpp25:amd64 (1.9.5-6build1) ...
Client libraries	Install client build dependencies	2026-09-25T04:16:02.3341233Z Selecting previously unselected package librhash0:amd64.
Client libraries	Install client build dependencies	2026-09-25T04:16:02.3471924Z Preparing to unpack .../01-librhash0_1.4.3-3build1_amd64.deb ...
Client libraries	Install client build dependencies	2026-09-25T04:16:02.3480424Z Unpacking librhash0:amd64 (1.4.3-3build1) ...
Client libraries	Install client build dependencies	2026-09-25T04:16:02.3707836Z Selecting previously unselected package cmake-data.
Client libraries	Install client build dependencies	2026-09-25T04:16:02.3829671Z Preparing to unpack .../02-cmake-data_3.28.3-1build7_all.deb ...
Client libraries	Install client build dependencies	2026-09-25T04:16:02.3895567Z Unpacking cmake-data (3.28.3-1build7) ...
Client libraries	Install client build dependencies	2026-09-25T04:16:02.9259301Z Selecting previously unselected package cmake.
Client libraries	Install client build dependencies	2026-09-25T04:16:02.9398147Z Preparing to unpack .../03-cmake_3.28.3-1build7_amd64.deb ...
Client libraries	Install client build dependencies	2026-09-25T04:16:02.9406593Z Unpacking cmake (3.28.3-1build7) ...
Client libraries	Install client build dependencies	2026-09-25T04:16:03.0943997Z Selecting previously unselected package libabsl20220623t64:amd64.
Client libraries	Install client build dependencies	2026-09-25T04:16:03.1070982Z Preparing to unpack .../04-libabsl20220623t64_20220623.1-3.1ubuntu3.2_amd64.deb ...
Client libraries	Install client build dependencies	2026-09-25T04:16:03.1079283Z Unpacking libabsl20220623t64:amd64 (20220623.1-3.1ubuntu3.2) ...
Client libraries	Install client build dependencies	2026-09-25T04:16:03.1477955Z Selecting previously unselected package libabsl-dev:amd64.
Client libraries	Install client build dependencies	2026-09-25T04:16:03.1604386Z Preparing to unpack .../05-libabsl-dev_20220623.1-3.1ubuntu3.2_amd64.deb ...
Client libraries	Install client build dependencies	2026-09-25T04:16:03.1612745Z Unpacking libabsl-dev:amd64 (20220623.1-3.1ubuntu3.2) ...
Client libraries	Install client build dependencies	2026-09-25T04:16:03.2781581Z Selecting previously unselected package libprotobuf32t64:amd64.
Client libraries	Install client build dependencies	2026-09-25T04:16:03.2912832Z Preparing to unpack .../06-libprotobuf32t64_3.21.12-8.2ubuntu0.3_amd64.deb ...
Client libraries	Install client build dependencies	2026-09-25T04:16:03.2920735Z Unpacking libprotobuf32t64:amd64 (3.21.12-8.2ubuntu0.3) ...
Client libraries	Install client build dependencies	2026-09-25T04:16:03.3264407Z Selecting previously unselected package libprotoc32t64:amd64.
Client libraries	Install client build dependencies	2026-09-25T04:16:03.3392349Z Preparing to unpack .../07-libprotoc32t64_3.21.12-8.2ubuntu0.3_amd64.deb ...
Client libraries	Install client build dependencies	2026-09-25T04:16:03.3401554Z Unpacking libprotoc32t64:amd64 (3.21.12-8.2ubuntu0.3) ...
Client libraries	Install client build dependencies	2026-09-25T04:16:03.3682070Z Selecting previously unselected package libgrpc29t64:amd64.
Client libraries	Install client build dependencies	2026-09-25T04:16:03.3808879Z Preparing to unpack .../08-libgrpc29t64_1.51.1-4.1build5_amd64.deb ...
Client libraries	Install client build dependencies	2026-09-25T04:16:03.3817596Z Unpacking libgrpc29t64:amd64 (1.51.1-4.1build5) ...
Client libraries	Install client build dependencies	2026-09-25T04:16:03.4383914Z Selecting previously unselected package libgrpc++1.51t64:amd64.
Client libraries	Install client build dependencies	2026-09-25T04:16:03.4511240Z Preparing to unpack .../09-libgrpc++1.51t64_1.51.1-4.1build5_amd64.deb ...
Client libraries	Install client build dependencies	2026-09-25T04:16:03.4520356Z Unpacking libgrpc++1.51t64:amd64 (1.51.1-4.1build5) ...
Client libraries	Install client build dependencies	2026-09-25T04:16:03.4789582Z Selecting previously unselected package libc-ares-dev:amd64.
Client libraries	Install client build dependencies	2026-09-25T04:16:03.4916104Z Preparing to unpack .../10-libc-ares-dev_1.27.0-1.0ubuntu1_amd64.deb ...
Client libraries	Install client build dependencies	2026-09-25T04:16:03.4924816Z Unpacking libc-ares-dev:amd64 (1.27.0-1.0ubuntu1) ...
Client libraries	Install client build dependencies	2026-09-25T04:16:03.5437166Z Selecting previously unselected package libre2-dev:amd64.
Client libraries	Install client build dependencies	2026-09-25T04:16:03.5564977Z Preparing to unpack .../11-libre2-dev_20230301-3build1_amd64.deb ...
Client libraries	Install client build dependencies	2026-09-25T04:16:03.5573253Z Unpacking libre2-dev:amd64 (20230301-3build1) ...
Client libraries	Install client build dependencies	2026-09-25T04:16:03.5821163Z Selecting previously unselected package libgrpc-dev:amd64.
Client libraries	Install client build dependencies	2026-09-25T04:16:03.5958672Z Preparing to unpack .../12-libgrpc-dev_1.51.1-4.1build5_amd64.deb ...
Client libraries	Install client build dependencies	2026-09-25T04:16:03.5966069Z Unpacking libgrpc-dev:amd64 (1.51.1-4.1build5) ...
Client libraries	Install client build dependencies	2026-09-25T04:16:03.7195164Z Selecting previously unselected package libgrpc++-dev:amd64.
Client libraries	Install client build dependencies	2026-09-25T04:16:03.7323153Z Preparing to unpack .../13-libgrpc++-dev_1.51.1-4.1build5_amd64.deb ...
Client libraries	Install client build dependencies	2026-09-25T04:16:03.7331721Z Unpacking libgrpc++-dev:amd64 (1.51.1-4.1build5) ...
Client libraries	Install client build dependencies	2026-09-25T04:16:03.8014347Z Selecting previously unselected package nlohmann-json3-dev.
Client libraries	Install client build dependencies	2026-09-25T04:16:03.8142860Z Preparing to unpack .../14-nlohmann-json3-dev_3.11.3-1_all.deb ...
Client libraries	Install client build dependencies	2026-09-25T04:16:03.8151034Z Unpacking nlohmann-json3-dev (3.11.3-1) ...
Client libraries	Install client build dependencies	2026-09-25T04:16:03.9135744Z Selecting previously unselected package protobuf-compiler.
Client libraries	Install client build dependencies	2026-09-25T04:16:03.9265739Z Preparing to unpack .../15-protobuf-compiler_3.21.12-8.2ubuntu0.3_amd64.deb ...
Client libraries	Install client build dependencies	2026-09-25T04:16:03.9275051Z Unpacking protobuf-compiler (3.21.12-8.2ubuntu0.3) ...
Client libraries	Install client build dependencies	2026-09-25T04:16:03.9514119Z Selecting previously unselected package protobuf-compiler-grpc.
Client libraries	Install client build dependencies	2026-09-25T04:16:03.9639982Z Preparing to unpack .../16-protobuf-compiler-grpc_1.51.1-4.1build5_amd64.deb ...
Client libraries	Install client build dependencies	2026-09-25T04:16:03.9649070Z Unpacking protobuf-compiler-grpc (1.51.1-4.1build5) ...
Client libraries	Install client build dependencies	2026-09-25T04:16:03.9847744Z Selecting previously unselected package libprotobuf-dev:amd64.
Client libraries	Install client build dependencies	2026-09-25T04:16:03.9973897Z Preparing to unpack .../17-libprotobuf-dev_3.21.12-8.2ubuntu0.3_amd64.deb ...
Client libraries	Install client build dependencies	2026-09-25T04:16:03.9983019Z Unpacking libprotobuf-dev:amd64 (3.21.12-8.2ubuntu0.3) ...
Client libraries	Install client build dependencies	2026-09-25T04:16:04.0872733Z Setting up libprotobuf32t64:amd64 (3.21.12-8.2ubuntu0.3) ...
Client libraries	Install client build dependencies	2026-09-25T04:16:04.0898053Z Setting up libprotobuf-dev:amd64 (3.21.12-8.2ubuntu0.3) ...
Client libraries	Install client build dependencies	2026-09-25T04:16:04.0922594Z Setting up libc-ares-dev:amd64 (1.27.0-1.0ubuntu1) ...
Client libraries	Install client build dependencies	2026-09-25T04:16:04.0947649Z Setting up libjsoncpp25:amd64 (1.9.5-6build1) ...
Client libraries	Install client build dependencies	2026-09-25T04:16:04.0972458Z Setting up librhash0:amd64 (1.4.3-3build1) ...
Client libraries	Install client build dependencies	2026-09-25T04:16:04.0995462Z Setting up cmake-data (3.28.3-1build7) ...
Client libraries	Install client build dependencies	2026-09-25T04:16:04.1059906Z Setting up libabsl20220623t64:amd64 (20220623.1-3.1ubuntu3.2) ...
Client libraries	Install client build dependencies	2026-09-25T04:16:04.1079046Z Setting up nlohmann-json3-dev (3.11.3-1) ...
Client libraries	Install client build dependencies	2026-09-25T04:16:04.1099796Z Setting up libprotoc32t64:amd64 (3.21.12-8.2ubuntu0.3) ...
Client libraries	Install client build dependencies	2026-09-25T04:16:04.1119299Z Setting up libre2-dev:amd64 (20230301-3build1) ...
Client libraries	Install client build dependencies	2026-09-25T04:16:04.1143353Z Setting up protobuf-compiler (3.21.12-8.2ubuntu0.3) ...
Client libraries	Install client build dependencies	2026-09-25T04:16:04.1163983Z Setting up libgrpc29t64:amd64 (1.51.1-4.1build5) ...
Client libraries	Install client build dependencies	2026-09-25T04:16:04.1180287Z Setting up libabsl-dev:amd64 (20220623.1-3.1ubuntu3.2) ...
Client libraries	Install client build dependencies	2026-09-25T04:16:04.1197700Z Setting up cmake (3.28.3-1build7) ...
Client libraries	Install client build dependencies	2026-09-25T04:16:04.1213849Z Setting up libgrpc++1.51t64:amd64 (1.51.1-4.1build5) ...
Client libraries	Install client build dependencies	2026-09-25T04:16:04.1230459Z Setting up libgrpc-dev:amd64 (1.51.1-4.1build5) ...
Client libraries	Install client build dependencies	2026-09-25T04:16:04.1247635Z Setting up protobuf-compiler-grpc (1.51.1-4.1build5) ...
Client libraries	Install client build dependencies	2026-09-25T04:16:04.1264427Z Setting up libgrpc++-dev:amd64 (1.51.1-4.1build5) ...
Client libraries	Install client build dependencies	2026-09-25T04:16:04.1290913Z Processing triggers for man-db (2.12.0-4build2) ...
Client libraries	Install client build dependencies	2026-09-25T04:16:04.1312335Z Not building database; man-db/auto-update is not 'true'.
Client libraries	Install client build dependencies	2026-09-25T04:16:04.1324316Z Processing triggers for libc-bin (2.39-0ubuntu8.9) ...
Client libraries	Install client build dependencies	2026-09-25T04:16:05.4931775Z 
Client libraries	Install client build dependencies	2026-09-25T04:16:05.4932497Z Running kernel seems to be up-to-date.
Client libraries	Install client build dependencies	2026-09-25T04:16:05.4932820Z 
Client libraries	Install client build dependencies	2026-09-25T04:16:05.4932957Z No services need to be restarted.
Client libraries	Install client build dependencies	2026-09-25T04:16:05.4933196Z 
Client libraries	Install client build dependencies	2026-09-25T04:16:05.4933640Z No containers need to be restarted.
Client libraries	Install client build dependencies	2026-09-25T04:16:05.4934432Z 
Client libraries	Install client build dependencies	2026-09-25T04:16:05.4934853Z No user sessions are running outdated binaries.
Client libraries	Install client build dependencies	2026-09-25T04:16:05.4935341Z 
Client libraries	Install client build dependencies	2026-09-25T04:16:05.4935773Z No VM guests are running outdated hypervisor (qemu) binaries on this host.
Client libraries	Install client build dependencies	2026-09-25T04:16:10.7993345Z Collecting grpcio==1.84.0
Client libraries	Install client build dependencies	2026-09-25T04:16:10.8297618Z   Downloading grpcio-1.84.0-cp312-cp312-manylinux2014_x86_64.manylinux_2_17_x86_64.whl.metadata (3.8 kB)
Client libraries	Install client build dependencies	2026-09-25T04:16:11.0432709Z Collecting protobuf==7.36.2
Client libraries	Install client build dependencies	2026-09-25T04:16:11.0468049Z   Downloading protobuf-7.36.2-cp310-abi3-manylinux2014_x86_64.whl.metadata (595 bytes)
Client libraries	Install client build dependencies	2026-09-25T04:16:11.2141887Z Collecting setuptools==84.0.0
Client libraries	Install client build dependencies	2026-09-25T04:16:11.2179552Z   Downloading setuptools-84.0.0-py3-none-any.whl.metadata (6.6 kB)
Client libraries	Install client build dependencies	2026-09-25T04:16:11.2507130Z Collecting wheel==0.48.0
Client libraries	Install client build dependencies	2026-09-25T04:16:11.2541361Z   Downloading wheel-0.48.0-py3-none-any.whl.metadata (2.3 kB)
Client libraries	Install client build dependencies	2026-09-25T04:16:11.2776579Z Collecting build==1.6.1
Client libraries	Install client build dependencies	2026-09-25T04:16:11.2810690Z   Downloading build-1.6.1-py3-none-any.whl.metadata (5.6 kB)
Client libraries	Install client build dependencies	2026-09-25T04:16:11.3086192Z Collecting typing-extensions~=4.12 (from grpcio==1.84.0)
Client libraries	Install client build dependencies	2026-09-25T04:16:11.3121475Z   Downloading typing_extensions-4.16.0-py3-none-any.whl.metadata (3.3 kB)
Client libraries	Install client build dependencies	2026-09-25T04:16:11.3731904Z Collecting packaging>=24.0 (from wheel==0.48.0)
Client libraries	Install client build dependencies	2026-09-25T04:16:11.3765580Z   Downloading packaging-26.3-py3-none-any.whl.metadata (3.5 kB)
Client libraries	Install client build dependencies	2026-09-25T04:16:11.3958377Z Collecting pyproject_hooks (from build==1.6.1)
Client libraries	Install client build dependencies	2026-09-25T04:16:11.3992749Z   Downloading pyproject_hooks-1.3.3-py3-none-any.whl.metadata (1.3 kB)
Client libraries	Install client build dependencies	2026-09-25T04:16:11.4090381Z Downloading grpcio-1.84.0-cp312-cp312-manylinux2014_x86_64.manylinux_2_17_x86_64.whl (7.2 MB)
Client libraries	Install client build dependencies	2026-09-25T04:16:11.4779017Z    ━━━━━━━━━━━━━━━━━━━━━━━━━━━━━━━━━━━━━━━━ 7.2/7.2 MB 107.7 MB/s eta 0:00:00
Client libraries	Install client build dependencies	2026-09-25T04:16:11.4814601Z Downloading protobuf-7.36.2-cp310-abi3-manylinux2014_x86_64.whl (343 kB)
Client libraries	Install client build dependencies	2026-09-25T04:16:11.4869339Z    ━━━━━━━━━━━━━━━━━━━━━━━━━━━━━━━━━━━━━━━━ 343.2/343.2 kB 91.8 MB/s eta 0:00:00
Client libraries	Install client build dependencies	2026-09-25T04:16:11.4905520Z Downloading setuptools-84.0.0-py3-none-any.whl (818 kB)
Client libraries	Install client build dependencies	2026-09-25T04:16:11.4985386Z    ━━━━━━━━━━━━━━━━━━━━━━━━━━━━━━━━━━━━━━━ 818.2/818.2 kB 135.7 MB/s eta 0:00:00
Client libraries	Install client build dependencies	2026-09-25T04:16:11.5018361Z Downloading wheel-0.48.0-py3-none-any.whl (33 kB)
Client libraries	Install client build dependencies	2026-09-25T04:16:11.5069390Z Downloading build-1.6.1-py3-none-any.whl (31 kB)
Client libraries	Install client build dependencies	2026-09-25T04:16:11.5119343Z Downloading packaging-26.3-py3-none-any.whl (129 kB)
Client libraries	Install client build dependencies	2026-09-25T04:16:11.5159033Z    ━━━━━━━━━━━━━━━━━━━━━━━━━━━━━━━━━━━━━━━━ 130.0/130.0 kB 52.3 MB/s eta 0:00:00
Client libraries	Install client build dependencies	2026-09-25T04:16:11.5250058Z Downloading typing_extensions-4.16.0-py3-none-any.whl (45 kB)
Client libraries	Install client build dependencies	2026-09-25T04:16:11.5284117Z    ━━━━━━━━━━━━━━━━━━━━━━━━━━━━━━━━━━━━━━━━ 45.6/45.6 kB 20.2 MB/s eta 0:00:00
Client libraries	Install client build dependencies	2026-09-25T04:16:11.5318417Z Downloading pyproject_hooks-1.3.3-py3-none-any.whl (10 kB)
Client libraries	Install client build dependencies	2026-09-25T04:16:11.5979858Z Installing collected packages: typing-extensions, setuptools, pyproject_hooks, protobuf, packaging, wheel, grpcio, build
Client libraries	Install client build dependencies	2026-09-25T04:16:12.4439612Z Successfully installed build-1.6.1 grpcio-1.84.0 packaging-26.3 protobuf-7.36.2 pyproject_hooks-1.3.3 setuptools-84.0.0 typing-extensions-4.16.0 wheel-0.48.0
Client libraries	Check generation and incomplete bundle refusals	﻿2026-09-25T04:16:12.6019954Z ##[group]Run python3 tools/test_prepare_clients.py
Client libraries	Check generation and incomplete bundle refusals	2026-09-25T04:16:12.6020360Z ^[[36;1mpython3 tools/test_prepare_clients.py^[[0m
Client libraries	Check generation and incomplete bundle refusals	2026-09-25T04:16:12.6087220Z shell: /usr/bin/bash --noprofile --norc -e -o pipefail {0}
Client libraries	Check generation and incomplete bundle refusals	2026-09-25T04:16:12.6087571Z ##[endgroup]
Client libraries	Check generation and incomplete bundle refusals	2026-09-25T04:16:12.9084702Z ..
Client libraries	Check generation and incomplete bundle refusals	2026-09-25T04:16:12.9085154Z ----------------------------------------------------------------------
Client libraries	Check generation and incomplete bundle refusals	2026-09-25T04:16:12.9085534Z Ran 2 tests in 0.210s
Client libraries	Check generation and incomplete bundle refusals	2026-09-25T04:16:12.9085678Z 
Client libraries	Check generation and incomplete bundle refusals	2026-09-25T04:16:12.9085757Z OK
Client libraries	Install both clients and compare authored corpus	﻿2026-09-25T04:16:12.9220601Z ##[group]Run "$RUNNER_TEMP/rx-client-env/bin/python" tools/test_client_packages.py --work "$RUNNER_TEMP/rx-client-check"
Client libraries	Install both clients and compare authored corpus	2026-09-25T04:16:12.9221511Z ^[[36;1m"$RUNNER_TEMP/rx-client-env/bin/python" tools/test_client_packages.py --work "$RUNNER_TEMP/rx-client-check"^[[0m
Client libraries	Install both clients and compare authored corpus	2026-09-25T04:16:12.9285000Z shell: /usr/bin/bash --noprofile --norc -e -o pipefail {0}
Client libraries	Install both clients and compare authored corpus	2026-09-25T04:16:12.9285365Z ##[endgroup]
Client libraries	Install both clients and compare authored corpus	2026-09-25T04:16:48.9210630Z {"status": "CLIENT_PACKAGES_PASS", "cases": 82, "same_expanded_bytes_statuses_roundtrips": true, "bundle_sha256": "b43387a3824266083a127f26c633b935c25f16848c219affd93461b9810cf639"}
Client libraries	Post Run actions/checkout@11d5960a326750d5838078e36cf38b85af677262	﻿2026-09-25T04:16:48.9383786Z Post job cleanup.
Client libraries	Post Run actions/checkout@11d5960a326750d5838078e36cf38b85af677262	2026-09-25T04:16:49.0237622Z [command]/usr/bin/git version
Client libraries	Post Run actions/checkout@11d5960a326750d5838078e36cf38b85af677262	2026-09-25T04:16:49.0274425Z git version 2.55.0
Client libraries	Post Run actions/checkout@11d5960a326750d5838078e36cf38b85af677262	2026-09-25T04:16:49.0319425Z Temporarily overriding HOME='/home/runner/work/_temp/c643c3c0-0688-433d-9c08-0eba6db2f321' before making global git config changes
Client libraries	Post Run actions/checkout@11d5960a326750d5838078e36cf38b85af677262	2026-09-25T04:16:49.0320956Z Adding repository directory to the temporary git global config as a safe directory
Client libraries	Post Run actions/checkout@11d5960a326750d5838078e36cf38b85af677262	2026-09-25T04:16:49.0324834Z [command]/usr/bin/git config --global --add safe.directory /home/runner/work/rx-platform/rx-platform
Client libraries	Post Run actions/checkout@11d5960a326750d5838078e36cf38b85af677262	2026-09-25T04:16:49.0364818Z [command]/usr/bin/git config --local --name-only --get-regexp core\.sshCommand
Client libraries	Post Run actions/checkout@11d5960a326750d5838078e36cf38b85af677262	2026-09-25T04:16:49.0398831Z [command]/usr/bin/git submodule foreach --recursive sh -c "git config --local --name-only --get-regexp 'core\.sshCommand' && git config --local --unset-all 'core.sshCommand' || :"
Client libraries	Post Run actions/checkout@11d5960a326750d5838078e36cf38b85af677262	2026-09-25T04:16:49.0663400Z [command]/usr/bin/git config --local --name-only --get-regexp http\.https\:\/\/github\.com\/\.extraheader
Client libraries	Post Run actions/checkout@11d5960a326750d5838078e36cf38b85af677262	2026-09-25T04:16:49.0699755Z [command]/usr/bin/git submodule foreach --recursive sh -c "git config --local --name-only --get-regexp 'http\.https\:\/\/github\.com\/\.extraheader' && git config --local --unset-all 'http.https://github.com/.extraheader' || :"
Client libraries	Post Run actions/checkout@11d5960a326750d5838078e36cf38b85af677262	2026-09-25T04:16:49.0962345Z [command]/usr/bin/git config --local --name-only --get-regexp ^includeIf\.gitdir:
Client libraries	Post Run actions/checkout@11d5960a326750d5838078e36cf38b85af677262	2026-09-25T04:16:49.1005746Z [command]/usr/bin/git submodule foreach --recursive git config --local --show-origin --name-only --get-regexp remote.origin.url
Client libraries	Complete job	﻿2026-09-25T04:16:49.1400624Z Cleaning up orphan processes
Client libraries	Complete job	2026-09-25T04:16:49.1740344Z ##[warning]Node.js 20 is deprecated. The following actions target Node.js 20 but are being forced to run on Node.js 24: actions/checkout@11d5960a326750d5838078e36cf38b85af677262. For more information see: https://github.blog/changelog/2025-09-19-deprecation-of-node-20-on-github-actions-runners/
Rust	Set up job	﻿2026-09-25T04:15:45.5898870Z Current runner version: '2.337.0'
Rust	Set up job	2026-09-25T04:15:45.5927138Z ##[group]Runner Image Provisioner
Rust	Set up job	2026-09-25T04:15:45.5928133Z Hosted Compute Agent
Rust	Set up job	2026-09-25T04:15:45.5928759Z Version: 20260828.587
Rust	Set up job	2026-09-25T04:15:45.5929801Z Commit: abac92662cab4cc7352de4f9f9d2e2419aad9c29
Rust	Set up job	2026-09-25T04:15:45.5930692Z Build Date: 2026-08-28T16:44:25Z
Rust	Set up job	2026-09-25T04:15:45.5931407Z Worker ID: {8d31a445-4f50-476b-a3f0-a9f32611fded}
Rust	Set up job	2026-09-25T04:15:45.5932115Z Azure Region: eastus
Rust	Set up job	2026-09-25T04:15:45.5932757Z ##[endgroup]
Rust	Set up job	2026-09-25T04:15:45.5934300Z ##[group]Operating System
Rust	Set up job	2026-09-25T04:15:45.5935032Z Ubuntu
Rust	Set up job	2026-09-25T04:15:45.5935625Z 24.04.5
Rust	Set up job	2026-09-25T04:15:45.5936184Z LTS
Rust	Set up job	2026-09-25T04:15:45.5936716Z ##[endgroup]
Rust	Set up job	2026-09-25T04:15:45.5937304Z ##[group]Runner Image
Rust	Set up job	2026-09-25T04:15:45.5937953Z Image: ubuntu-24.04
Rust	Set up job	2026-09-25T04:15:45.5938518Z Version: 20260920.314.1
Rust	Set up job	2026-09-25T04:15:45.5939993Z Included Software: https://github.com/actions/runner-images/blob/ubuntu24/20260920.314/images/ubuntu/Ubuntu2404-Readme.md
Rust	Set up job	2026-09-25T04:15:45.5941988Z Image Release: https://github.com/actions/runner-images/releases/tag/ubuntu24%2F20260920.314
Rust	Set up job	2026-09-25T04:15:45.5943064Z ##[endgroup]
Rust	Set up job	2026-09-25T04:15:45.5944206Z ##[group]GITHUB_TOKEN Permissions
Rust	Set up job	2026-09-25T04:15:45.5946202Z Contents: read
Rust	Set up job	2026-09-25T04:15:45.5946877Z Metadata: read
Rust	Set up job	2026-09-25T04:15:45.5947521Z ##[endgroup]
Rust	Set up job	2026-09-25T04:15:45.5950386Z Secret source: Actions
Rust	Set up job	2026-09-25T04:15:45.5951473Z Cache mode: write
Rust	Set up job	2026-09-25T04:15:45.5952463Z Prepare workflow directory
Rust	Set up job	2026-09-25T04:15:45.6375715Z Prepare all required actions
Rust	Set up job	2026-09-25T04:15:45.6425048Z Getting action download info
Rust	Set up job	2026-09-25T04:15:45.8744384Z Download action repository 'actions/checkout@11d5960a326750d5838078e36cf38b85af677262' (SHA:11d5960a326750d5838078e36cf38b85af677262)
Rust	Set up job	2026-09-25T04:15:45.9962737Z Download action repository 'actions/cache@0057852bfaa89a56745cba8c7296529d2fc39830' (SHA:0057852bfaa89a56745cba8c7296529d2fc39830)
Rust	Set up job	2026-09-25T04:15:46.1884134Z Complete job name: Rust
Rust	Run actions/checkout@11d5960a326750d5838078e36cf38b85af677262	﻿2026-09-25T04:15:46.2671337Z ##[group]Run actions/checkout@11d5960a326750d5838078e36cf38b85af677262
Rust	Run actions/checkout@11d5960a326750d5838078e36cf38b85af677262	2026-09-25T04:15:46.2672446Z with:
Rust	Run actions/checkout@11d5960a326750d5838078e36cf38b85af677262	2026-09-25T04:15:46.2672906Z   persist-credentials: false
Rust	Run actions/checkout@11d5960a326750d5838078e36cf38b85af677262	2026-09-25T04:15:46.2673441Z   repository: jack0682/rx-platform
Rust	Run actions/checkout@11d5960a326750d5838078e36cf38b85af677262	2026-09-25T04:15:46.2677492Z   token: ***
Rust	Run actions/checkout@11d5960a326750d5838078e36cf38b85af677262	2026-09-25T04:15:46.2677925Z   ssh-strict: true
Rust	Run actions/checkout@11d5960a326750d5838078e36cf38b85af677262	2026-09-25T04:15:46.2678361Z   ssh-user: git
Rust	Run actions/checkout@11d5960a326750d5838078e36cf38b85af677262	2026-09-25T04:15:46.2678776Z   clean: true
Rust	Run actions/checkout@11d5960a326750d5838078e36cf38b85af677262	2026-09-25T04:15:46.2679287Z   sparse-checkout-cone-mode: true
Rust	Run actions/checkout@11d5960a326750d5838078e36cf38b85af677262	2026-09-25T04:15:46.2680040Z   fetch-depth: 1
Rust	Run actions/checkout@11d5960a326750d5838078e36cf38b85af677262	2026-09-25T04:15:46.2680470Z   fetch-tags: false
Rust	Run actions/checkout@11d5960a326750d5838078e36cf38b85af677262	2026-09-25T04:15:46.2680975Z   show-progress: true
Rust	Run actions/checkout@11d5960a326750d5838078e36cf38b85af677262	2026-09-25T04:15:46.2681493Z   lfs: false
Rust	Run actions/checkout@11d5960a326750d5838078e36cf38b85af677262	2026-09-25T04:15:46.2681974Z   submodules: false
Rust	Run actions/checkout@11d5960a326750d5838078e36cf38b85af677262	2026-09-25T04:15:46.2682479Z   set-safe-directory: true
Rust	Run actions/checkout@11d5960a326750d5838078e36cf38b85af677262	2026-09-25T04:15:46.2682987Z   allow-unsafe-pr-checkout: false
Rust	Run actions/checkout@11d5960a326750d5838078e36cf38b85af677262	2026-09-25T04:15:46.2683750Z env:
Rust	Run actions/checkout@11d5960a326750d5838078e36cf38b85af677262	2026-09-25T04:15:46.2684182Z   CARGO_TERM_COLOR: always
Rust	Run actions/checkout@11d5960a326750d5838078e36cf38b85af677262	2026-09-25T04:15:46.2684695Z   RUST_BACKTRACE: 1
Rust	Run actions/checkout@11d5960a326750d5838078e36cf38b85af677262	2026-09-25T04:15:46.2685121Z ##[endgroup]
Rust	Run actions/checkout@11d5960a326750d5838078e36cf38b85af677262	2026-09-25T04:15:46.3698474Z Syncing repository: jack0682/rx-platform
Rust	Run actions/checkout@11d5960a326750d5838078e36cf38b85af677262	2026-09-25T04:15:46.3701669Z ##[group]Getting Git version info
Rust	Run actions/checkout@11d5960a326750d5838078e36cf38b85af677262	2026-09-25T04:15:46.3702896Z Working directory is '/home/runner/work/rx-platform/rx-platform'
Rust	Run actions/checkout@11d5960a326750d5838078e36cf38b85af677262	2026-09-25T04:15:46.3704660Z [command]/usr/bin/git version
Rust	Run actions/checkout@11d5960a326750d5838078e36cf38b85af677262	2026-09-25T04:15:46.3757514Z git version 2.55.0
Rust	Run actions/checkout@11d5960a326750d5838078e36cf38b85af677262	2026-09-25T04:15:46.3780398Z ##[endgroup]
Rust	Run actions/checkout@11d5960a326750d5838078e36cf38b85af677262	2026-09-25T04:15:46.3796378Z Temporarily overriding HOME='/home/runner/work/_temp/1593be51-eb04-4c08-bb33-418c3f0737d4' before making global git config changes
Rust	Run actions/checkout@11d5960a326750d5838078e36cf38b85af677262	2026-09-25T04:15:46.3798964Z Adding repository directory to the temporary git global config as a safe directory
Rust	Run actions/checkout@11d5960a326750d5838078e36cf38b85af677262	2026-09-25T04:15:46.3802608Z [command]/usr/bin/git config --global --add safe.directory /home/runner/work/rx-platform/rx-platform
Rust	Run actions/checkout@11d5960a326750d5838078e36cf38b85af677262	2026-09-25T04:15:46.3860106Z Deleting the contents of '/home/runner/work/rx-platform/rx-platform'
Rust	Run actions/checkout@11d5960a326750d5838078e36cf38b85af677262	2026-09-25T04:15:46.3864171Z ##[group]Initializing the repository
Rust	Run actions/checkout@11d5960a326750d5838078e36cf38b85af677262	2026-09-25T04:15:46.3868185Z [command]/usr/bin/git init /home/runner/work/rx-platform/rx-platform
Rust	Run actions/checkout@11d5960a326750d5838078e36cf38b85af677262	2026-09-25T04:15:46.3981266Z hint: Using 'master' as the name for the initial branch. This default branch name
Rust	Run actions/checkout@11d5960a326750d5838078e36cf38b85af677262	2026-09-25T04:15:46.3983013Z hint: will change to "main" in Git 3.0. To configure the initial branch name
Rust	Run actions/checkout@11d5960a326750d5838078e36cf38b85af677262	2026-09-25T04:15:46.3984569Z hint: to use in all of your new repositories, which will suppress this warning,
Rust	Run actions/checkout@11d5960a326750d5838078e36cf38b85af677262	2026-09-25T04:15:46.3985759Z hint: call:
Rust	Run actions/checkout@11d5960a326750d5838078e36cf38b85af677262	2026-09-25T04:15:46.3986381Z hint:
Rust	Run actions/checkout@11d5960a326750d5838078e36cf38b85af677262	2026-09-25T04:15:46.3987175Z hint: 	git config --global init.defaultBranch <name>
Rust	Run actions/checkout@11d5960a326750d5838078e36cf38b85af677262	2026-09-25T04:15:46.3988229Z hint:
Rust	Run actions/checkout@11d5960a326750d5838078e36cf38b85af677262	2026-09-25T04:15:46.3989190Z hint: Names commonly chosen instead of 'master' are 'main', 'trunk' and
Rust	Run actions/checkout@11d5960a326750d5838078e36cf38b85af677262	2026-09-25T04:15:46.3990967Z hint: 'development'. The just-created branch can be renamed via this command:
Rust	Run actions/checkout@11d5960a326750d5838078e36cf38b85af677262	2026-09-25T04:15:46.3992172Z hint:
Rust	Run actions/checkout@11d5960a326750d5838078e36cf38b85af677262	2026-09-25T04:15:46.3992878Z hint: 	git branch -m <name>
Rust	Run actions/checkout@11d5960a326750d5838078e36cf38b85af677262	2026-09-25T04:15:46.3993697Z hint:
Rust	Run actions/checkout@11d5960a326750d5838078e36cf38b85af677262	2026-09-25T04:15:46.3994705Z hint: Disable this message with "git config set advice.defaultBranchName false"
Rust	Run actions/checkout@11d5960a326750d5838078e36cf38b85af677262	2026-09-25T04:15:46.4006935Z Initialized empty Git repository in /home/runner/work/rx-platform/rx-platform/.git/
Rust	Run actions/checkout@11d5960a326750d5838078e36cf38b85af677262	2026-09-25T04:15:46.4020132Z [command]/usr/bin/git remote add origin https://github.com/jack0682/rx-platform
Rust	Run actions/checkout@11d5960a326750d5838078e36cf38b85af677262	2026-09-25T04:15:46.4075616Z ##[endgroup]
Rust	Run actions/checkout@11d5960a326750d5838078e36cf38b85af677262	2026-09-25T04:15:46.4076994Z ##[group]Disabling automatic garbage collection
Rust	Run actions/checkout@11d5960a326750d5838078e36cf38b85af677262	2026-09-25T04:15:46.4080028Z [command]/usr/bin/git config --local gc.auto 0
Rust	Run actions/checkout@11d5960a326750d5838078e36cf38b85af677262	2026-09-25T04:15:46.4119758Z ##[endgroup]
Rust	Run actions/checkout@11d5960a326750d5838078e36cf38b85af677262	2026-09-25T04:15:46.4121150Z ##[group]Setting up auth
Rust	Run actions/checkout@11d5960a326750d5838078e36cf38b85af677262	2026-09-25T04:15:46.4129092Z [command]/usr/bin/git config --local --name-only --get-regexp core\.sshCommand
Rust	Run actions/checkout@11d5960a326750d5838078e36cf38b85af677262	2026-09-25T04:15:46.4166582Z [command]/usr/bin/git submodule foreach --recursive sh -c "git config --local --name-only --get-regexp 'core\.sshCommand' && git config --local --unset-all 'core.sshCommand' || :"
Rust	Run actions/checkout@11d5960a326750d5838078e36cf38b85af677262	2026-09-25T04:15:46.4591232Z [command]/usr/bin/git config --local --name-only --get-regexp http\.https\:\/\/github\.com\/\.extraheader
Rust	Run actions/checkout@11d5960a326750d5838078e36cf38b85af677262	2026-09-25T04:15:46.4628262Z [command]/usr/bin/git submodule foreach --recursive sh -c "git config --local --name-only --get-regexp 'http\.https\:\/\/github\.com\/\.extraheader' && git config --local --unset-all 'http.https://github.com/.extraheader' || :"
Rust	Run actions/checkout@11d5960a326750d5838078e36cf38b85af677262	2026-09-25T04:15:46.4853954Z [command]/usr/bin/git config --local --name-only --get-regexp ^includeIf\.gitdir:
Rust	Run actions/checkout@11d5960a326750d5838078e36cf38b85af677262	2026-09-25T04:15:46.4890261Z [command]/usr/bin/git submodule foreach --recursive git config --local --show-origin --name-only --get-regexp remote.origin.url
Rust	Run actions/checkout@11d5960a326750d5838078e36cf38b85af677262	2026-09-25T04:15:46.5117286Z [command]/usr/bin/git config --local http.https://github.com/.extraheader AUTHORIZATION: basic ***
Rust	Run actions/checkout@11d5960a326750d5838078e36cf38b85af677262	2026-09-25T04:15:46.5159737Z ##[endgroup]
Rust	Run actions/checkout@11d5960a326750d5838078e36cf38b85af677262	2026-09-25T04:15:46.5161257Z ##[group]Fetching the repository
Rust	Run actions/checkout@11d5960a326750d5838078e36cf38b85af677262	2026-09-25T04:15:46.5171316Z [command]/usr/bin/git -c protocol.version=2 fetch --no-tags --prune --no-recurse-submodules --depth=1 origin +9df5ada949c64bcdc8a84ff16357bf73d1f6e803:refs/remotes/pull/24/merge
Rust	Run actions/checkout@11d5960a326750d5838078e36cf38b85af677262	2026-09-25T04:15:46.8285924Z From https://github.com/jack0682/rx-platform
Rust	Run actions/checkout@11d5960a326750d5838078e36cf38b85af677262	2026-09-25T04:15:46.8298417Z  * [new ref]         9df5ada949c64bcdc8a84ff16357bf73d1f6e803 -> pull/24/merge
Rust	Run actions/checkout@11d5960a326750d5838078e36cf38b85af677262	2026-09-25T04:15:46.8300868Z ##[endgroup]
Rust	Run actions/checkout@11d5960a326750d5838078e36cf38b85af677262	2026-09-25T04:15:46.8301646Z ##[group]Determining the checkout info
Rust	Run actions/checkout@11d5960a326750d5838078e36cf38b85af677262	2026-09-25T04:15:46.8302521Z ##[endgroup]
Rust	Run actions/checkout@11d5960a326750d5838078e36cf38b85af677262	2026-09-25T04:15:46.8305046Z [command]/usr/bin/git sparse-checkout disable
Rust	Run actions/checkout@11d5960a326750d5838078e36cf38b85af677262	2026-09-25T04:15:46.8361624Z [command]/usr/bin/git config --local --unset-all extensions.worktreeConfig
Rust	Run actions/checkout@11d5960a326750d5838078e36cf38b85af677262	2026-09-25T04:15:46.8397268Z ##[group]Checking out the ref
Rust	Run actions/checkout@11d5960a326750d5838078e36cf38b85af677262	2026-09-25T04:15:46.8401108Z [command]/usr/bin/git checkout --progress --force refs/remotes/pull/24/merge
Rust	Run actions/checkout@11d5960a326750d5838078e36cf38b85af677262	2026-09-25T04:15:46.8860201Z Note: switching to 'refs/remotes/pull/24/merge'.
Rust	Run actions/checkout@11d5960a326750d5838078e36cf38b85af677262	2026-09-25T04:15:46.8860846Z 
Rust	Run actions/checkout@11d5960a326750d5838078e36cf38b85af677262	2026-09-25T04:15:46.8861274Z You are in 'detached HEAD' state. You can look around, make experimental
Rust	Run actions/checkout@11d5960a326750d5838078e36cf38b85af677262	2026-09-25T04:15:46.8862226Z changes and commit them, and you can discard any commits you make in this
Rust	Run actions/checkout@11d5960a326750d5838078e36cf38b85af677262	2026-09-25T04:15:46.8863123Z state without impacting any branches by switching back to a branch.
Rust	Run actions/checkout@11d5960a326750d5838078e36cf38b85af677262	2026-09-25T04:15:46.8863633Z 
Rust	Run actions/checkout@11d5960a326750d5838078e36cf38b85af677262	2026-09-25T04:15:46.8863998Z If you want to create a new branch to retain commits you create, you may
Rust	Run actions/checkout@11d5960a326750d5838078e36cf38b85af677262	2026-09-25T04:15:46.8865131Z do so (now or later) by using -c with the switch command. Example:
Rust	Run actions/checkout@11d5960a326750d5838078e36cf38b85af677262	2026-09-25T04:15:46.8865706Z 
Rust	Run actions/checkout@11d5960a326750d5838078e36cf38b85af677262	2026-09-25T04:15:46.8865940Z   git switch -c <new-branch-name>
Rust	Run actions/checkout@11d5960a326750d5838078e36cf38b85af677262	2026-09-25T04:15:46.8866566Z 
Rust	Run actions/checkout@11d5960a326750d5838078e36cf38b85af677262	2026-09-25T04:15:46.8866939Z Or undo this operation with:
Rust	Run actions/checkout@11d5960a326750d5838078e36cf38b85af677262	2026-09-25T04:15:46.8867495Z 
Rust	Run actions/checkout@11d5960a326750d5838078e36cf38b85af677262	2026-09-25T04:15:46.8867830Z   git switch -
Rust	Run actions/checkout@11d5960a326750d5838078e36cf38b85af677262	2026-09-25T04:15:46.8868318Z 
Rust	Run actions/checkout@11d5960a326750d5838078e36cf38b85af677262	2026-09-25T04:15:46.8869032Z Turn off this advice by setting config variable advice.detachedHead to false
Rust	Run actions/checkout@11d5960a326750d5838078e36cf38b85af677262	2026-09-25T04:15:46.8870377Z 
Rust	Run actions/checkout@11d5960a326750d5838078e36cf38b85af677262	2026-09-25T04:15:46.8871451Z HEAD is now at 9df5ada Merge cffbe286829d8ba104b44a0dd18e70865b84e098 into 7d1a31fac35ee84c4714efe7c1ebd0cce8616663
Rust	Run actions/checkout@11d5960a326750d5838078e36cf38b85af677262	2026-09-25T04:15:46.8874838Z ##[endgroup]
Rust	Run actions/checkout@11d5960a326750d5838078e36cf38b85af677262	2026-09-25T04:15:46.8923571Z [command]/usr/bin/git log -1 --format=%H
Rust	Run actions/checkout@11d5960a326750d5838078e36cf38b85af677262	2026-09-25T04:15:46.8951739Z 9df5ada949c64bcdc8a84ff16357bf73d1f6e803
Rust	Run actions/checkout@11d5960a326750d5838078e36cf38b85af677262	2026-09-25T04:15:46.8960368Z ##[group]Removing auth
Rust	Run actions/checkout@11d5960a326750d5838078e36cf38b85af677262	2026-09-25T04:15:46.8964271Z [command]/usr/bin/git config --local --name-only --get-regexp core\.sshCommand
Rust	Run actions/checkout@11d5960a326750d5838078e36cf38b85af677262	2026-09-25T04:15:46.8997845Z [command]/usr/bin/git submodule foreach --recursive sh -c "git config --local --name-only --get-regexp 'core\.sshCommand' && git config --local --unset-all 'core.sshCommand' || :"
Rust	Run actions/checkout@11d5960a326750d5838078e36cf38b85af677262	2026-09-25T04:15:46.9242822Z [command]/usr/bin/git config --local --name-only --get-regexp http\.https\:\/\/github\.com\/\.extraheader
Rust	Run actions/checkout@11d5960a326750d5838078e36cf38b85af677262	2026-09-25T04:15:46.9273152Z http.https://github.com/.extraheader
Rust	Run actions/checkout@11d5960a326750d5838078e36cf38b85af677262	2026-09-25T04:15:46.9282424Z [command]/usr/bin/git config --local --unset-all http.https://github.com/.extraheader
Rust	Run actions/checkout@11d5960a326750d5838078e36cf38b85af677262	2026-09-25T04:15:46.9323831Z [command]/usr/bin/git submodule foreach --recursive sh -c "git config --local --name-only --get-regexp 'http\.https\:\/\/github\.com\/\.extraheader' && git config --local --unset-all 'http.https://github.com/.extraheader' || :"
Rust	Run actions/checkout@11d5960a326750d5838078e36cf38b85af677262	2026-09-25T04:15:46.9570039Z [command]/usr/bin/git config --local --name-only --get-regexp ^includeIf\.gitdir:
Rust	Run actions/checkout@11d5960a326750d5838078e36cf38b85af677262	2026-09-25T04:15:46.9605965Z [command]/usr/bin/git submodule foreach --recursive git config --local --show-origin --name-only --get-regexp remote.origin.url
Rust	Run actions/checkout@11d5960a326750d5838078e36cf38b85af677262	2026-09-25T04:15:46.9830737Z ##[endgroup]
Rust	Install repository Rust toolchain	﻿2026-09-25T04:15:47.0080358Z ##[group]Run toolchain=$(python3 -c 'import tomllib; print(tomllib.load(open("rust-toolchain.toml", "rb"))["toolchain"]["channel"])')
Rust	Install repository Rust toolchain	2026-09-25T04:15:47.0084748Z ^[[36;1mtoolchain=$(python3 -c 'import tomllib; print(tomllib.load(open("rust-toolchain.toml", "rb"))["toolchain"]["channel"])')^[[0m
Rust	Install repository Rust toolchain	2026-09-25T04:15:47.0088486Z ^[[36;1mrustup toolchain install "$toolchain" --profile minimal --component rustfmt --component clippy^[[0m
Rust	Install repository Rust toolchain	2026-09-25T04:15:47.0392515Z shell: /usr/bin/bash --noprofile --norc -e -o pipefail {0}
Rust	Install repository Rust toolchain	2026-09-25T04:15:47.0394153Z env:
Rust	Install repository Rust toolchain	2026-09-25T04:15:47.0395023Z   CARGO_TERM_COLOR: always
Rust	Install repository Rust toolchain	2026-09-25T04:15:47.0396079Z   RUST_BACKTRACE: 1
Rust	Install repository Rust toolchain	2026-09-25T04:15:47.0396991Z ##[endgroup]
Rust	Install repository Rust toolchain	2026-09-25T04:15:47.1384837Z info: syncing channel updates for 1.98.1-x86_64-unknown-linux-gnu
Rust	Install repository Rust toolchain	2026-09-25T04:15:47.2536653Z info: latest update on 2026-09-03 for version 1.98.1 (48a229cea 2026-09-01)
Rust	Install repository Rust toolchain	2026-09-25T04:15:47.2538870Z info: downloading 5 components
Rust	Install repository Rust toolchain	2026-09-25T04:15:55.1810105Z 
Rust	Install repository Rust toolchain	2026-09-25T04:15:55.1883922Z   1.98.1-x86_64-unknown-linux-gnu installed - rustc 1.98.1 (48a229cea 2026-09-01)
Rust	Install repository Rust toolchain	2026-09-25T04:15:55.1884804Z 
Rust	Run actions/cache@0057852bfaa89a56745cba8c7296529d2fc39830	﻿2026-09-25T04:15:55.2657470Z ##[group]Run actions/cache@0057852bfaa89a56745cba8c7296529d2fc39830
Rust	Run actions/cache@0057852bfaa89a56745cba8c7296529d2fc39830	2026-09-25T04:15:55.2657980Z with:
Rust	Run actions/cache@0057852bfaa89a56745cba8c7296529d2fc39830	2026-09-25T04:15:55.2658438Z   path: ~/.cargo/registry/index
Rust	Run actions/cache@0057852bfaa89a56745cba8c7296529d2fc39830	~/.cargo/registry/cache
Rust	Run actions/cache@0057852bfaa89a56745cba8c7296529d2fc39830	~/.cargo/git/db
Rust	Run actions/cache@0057852bfaa89a56745cba8c7296529d2fc39830	target
Rust	Run actions/cache@0057852bfaa89a56745cba8c7296529d2fc39830	
Rust	Run actions/cache@0057852bfaa89a56745cba8c7296529d2fc39830	2026-09-25T04:15:55.2659096Z   key: Linux-X64-rust-f2a3178d4ba5ae534a189969bf71e095285629a428ae82534301cc5c2d1bc24b
Rust	Run actions/cache@0057852bfaa89a56745cba8c7296529d2fc39830	2026-09-25T04:15:55.2659910Z   enableCrossOsArchive: false
Rust	Run actions/cache@0057852bfaa89a56745cba8c7296529d2fc39830	2026-09-25T04:15:55.2660242Z   fail-on-cache-miss: false
Rust	Run actions/cache@0057852bfaa89a56745cba8c7296529d2fc39830	2026-09-25T04:15:55.2660526Z   lookup-only: false
Rust	Run actions/cache@0057852bfaa89a56745cba8c7296529d2fc39830	2026-09-25T04:15:55.2660792Z   save-always: false
Rust	Run actions/cache@0057852bfaa89a56745cba8c7296529d2fc39830	2026-09-25T04:15:55.2661084Z env:
Rust	Run actions/cache@0057852bfaa89a56745cba8c7296529d2fc39830	2026-09-25T04:15:55.2661335Z   CARGO_TERM_COLOR: always
Rust	Run actions/cache@0057852bfaa89a56745cba8c7296529d2fc39830	2026-09-25T04:15:55.2661609Z   RUST_BACKTRACE: 1
Rust	Run actions/cache@0057852bfaa89a56745cba8c7296529d2fc39830	2026-09-25T04:15:55.2661882Z ##[endgroup]
Rust	Run actions/cache@0057852bfaa89a56745cba8c7296529d2fc39830	2026-09-25T04:15:55.3756882Z (node:2387) [DEP0040] DeprecationWarning: The `punycode` module is deprecated. Please use a userland alternative instead.
Rust	Run actions/cache@0057852bfaa89a56745cba8c7296529d2fc39830	2026-09-25T04:15:55.3853543Z (Use `node --trace-deprecation ...` to show where the warning was created)
Rust	Run actions/cache@0057852bfaa89a56745cba8c7296529d2fc39830	2026-09-25T04:15:55.4353590Z Cache hit for: Linux-X64-rust-f2a3178d4ba5ae534a189969bf71e095285629a428ae82534301cc5c2d1bc24b
Rust	Run actions/cache@0057852bfaa89a56745cba8c7296529d2fc39830	2026-09-25T04:15:55.4467519Z (node:2387) [DEP0169] DeprecationWarning: `url.parse()` behavior is not standardized and prone to errors that have security implications. Use the WHATWG URL API instead. CVEs are not issued for `url.parse()` vulnerabilities.
Rust	Run actions/cache@0057852bfaa89a56745cba8c7296529d2fc39830	2026-09-25T04:15:56.4865879Z Received 234881024 of 2583030887 (9.1%), 223.3 MBs/sec
Rust	Run actions/cache@0057852bfaa89a56745cba8c7296529d2fc39830	2026-09-25T04:15:57.4842166Z Received 511705088 of 2583030887 (19.8%), 243.4 MBs/sec
Rust	Run actions/cache@0057852bfaa89a56745cba8c7296529d2fc39830	2026-09-25T04:15:58.5120394Z Received 805306368 of 2583030887 (31.2%), 253.3 MBs/sec
Rust	Run actions/cache@0057852bfaa89a56745cba8c7296529d2fc39830	2026-09-25T04:15:59.5210785Z Received 1090519040 of 2583030887 (42.2%), 257.7 MBs/sec
Rust	Run actions/cache@0057852bfaa89a56745cba8c7296529d2fc39830	2026-09-25T04:16:00.5270866Z Received 1371537408 of 2583030887 (53.1%), 259.3 MBs/sec
Rust	Run actions/cache@0057852bfaa89a56745cba8c7296529d2fc39830	2026-09-25T04:16:01.5270194Z Received 1665138688 of 2583030887 (64.5%), 262.6 MBs/sec
Rust	Run actions/cache@0057852bfaa89a56745cba8c7296529d2fc39830	2026-09-25T04:16:02.5425689Z Received 1954545664 of 2583030887 (75.7%), 263.9 MBs/sec
Rust	Run actions/cache@0057852bfaa89a56745cba8c7296529d2fc39830	2026-09-25T04:16:03.5450680Z Received 2214592512 of 2583030887 (85.7%), 261.9 MBs/sec
Rust	Run actions/cache@0057852bfaa89a56745cba8c7296529d2fc39830	2026-09-25T04:16:04.5510586Z Received 2478833664 of 2583030887 (96.0%), 260.8 MBs/sec
Rust	Run actions/cache@0057852bfaa89a56745cba8c7296529d2fc39830	2026-09-25T04:16:04.9273571Z Received 2583030887 of 2583030887 (100.0%), 260.7 MBs/sec
Rust	Run actions/cache@0057852bfaa89a56745cba8c7296529d2fc39830	2026-09-25T04:16:04.9274906Z Cache Size: ~2463 MB (2583030887 B)
Rust	Run actions/cache@0057852bfaa89a56745cba8c7296529d2fc39830	2026-09-25T04:16:04.9481022Z [command]/usr/bin/tar -xf /home/runner/work/_temp/0e97ff6e-20fd-48b1-b91c-e5f44715a212/cache.tzst -P -C /home/runner/work/rx-platform/rx-platform --use-compress-program unzstd
Rust	Run actions/cache@0057852bfaa89a56745cba8c7296529d2fc39830	2026-09-25T04:16:29.1871914Z Cache restored successfully
Rust	Run actions/cache@0057852bfaa89a56745cba8c7296529d2fc39830	2026-09-25T04:16:29.5183758Z Cache restored from key: Linux-X64-rust-f2a3178d4ba5ae534a189969bf71e095285629a428ae82534301cc5c2d1bc24b
Rust	Check Rust formatting	﻿2026-09-25T04:16:29.5390353Z ##[group]Run cargo fmt --all -- --check
Rust	Check Rust formatting	2026-09-25T04:16:29.5390740Z ^[[36;1mcargo fmt --all -- --check^[[0m
Rust	Check Rust formatting	2026-09-25T04:16:29.6784940Z shell: /usr/bin/bash --noprofile --norc -e -o pipefail {0}
Rust	Check Rust formatting	2026-09-25T04:16:29.6785351Z env:
Rust	Check Rust formatting	2026-09-25T04:16:29.6785564Z   CARGO_TERM_COLOR: always
Rust	Check Rust formatting	2026-09-25T04:16:29.6785804Z   RUST_BACKTRACE: 1
Rust	Check Rust formatting	2026-09-25T04:16:29.6786009Z ##[endgroup]
Rust	Check Rust lints	﻿2026-09-25T04:16:31.6242907Z ##[group]Run cargo clippy --workspace --all-targets --all-features --locked -- -D warnings
Rust	Check Rust lints	2026-09-25T04:16:31.6244043Z ^[[36;1mcargo clippy --workspace --all-targets --all-features --locked -- -D warnings^[[0m
Rust	Check Rust lints	2026-09-25T04:16:31.6326631Z shell: /usr/bin/bash --noprofile --norc -e -o pipefail {0}
Rust	Check Rust lints	2026-09-25T04:16:31.6327198Z env:
Rust	Check Rust lints	2026-09-25T04:16:31.6327526Z   CARGO_TERM_COLOR: always
Rust	Check Rust lints	2026-09-25T04:16:31.6327914Z   RUST_BACKTRACE: 1
Rust	Check Rust lints	2026-09-25T04:16:31.6328255Z ##[endgroup]
Rust	Check Rust lints	2026-09-25T04:16:33.7722236Z ^[[1m^[[92m    Checking^[[0m rx-domain v0.1.0 (/home/runner/work/rx-platform/rx-platform/crates/rx-domain)
Rust	Check Rust lints	2026-09-25T04:16:33.7812043Z ^[[1m^[[92m   Compiling^[[0m rx-protocol v0.1.0 (/home/runner/work/rx-platform/rx-platform/crates/rx-protocol)
Rust	Check Rust lints	2026-09-25T04:16:34.2165709Z ^[[1m^[[92m    Checking^[[0m rx-ports v0.1.0 (/home/runner/work/rx-platform/rx-platform/crates/rx-ports)
Rust	Check Rust lints	2026-09-25T04:16:34.2167896Z ^[[1m^[[92m    Checking^[[0m rx-process-contract v0.1.0 (/home/runner/work/rx-platform/rx-platform/crates/rx-process-contract)
Rust	Check Rust lints	2026-09-25T04:16:34.3082479Z ^[[1m^[[92m    Checking^[[0m rx-package v0.1.0 (/home/runner/work/rx-platform/rx-platform/crates/rx-package)
Rust	Check Rust lints	2026-09-25T04:16:34.3175123Z ^[[1m^[[92m    Checking^[[0m rx-storage v0.1.0 (/home/runner/work/rx-platform/rx-platform/crates/rx-storage)
Rust	Check Rust lints	2026-09-25T04:16:35.2271411Z ^[[1m^[[92m    Checking^[[0m rx-application v0.1.0 (/home/runner/work/rx-platform/rx-platform/crates/rx-application)
Rust	Check Rust lints	2026-09-25T04:16:40.8250017Z ^[[1m^[[92m    Checking^[[0m rx-runtime v0.1.0 (/home/runner/work/rx-platform/rx-platform/crates/rx-runtime)
Rust	Check Rust lints	2026-09-25T04:16:40.8251631Z ^[[1m^[[92m    Checking^[[0m rx-protocol-adapter v0.1.0 (/home/runner/work/rx-platform/rx-platform/crates/rx-protocol-adapter)
Rust	Check Rust lints	2026-09-25T04:16:41.2715081Z ^[[1m^[[92m    Checking^[[0m rx-api v0.1.0 (/home/runner/work/rx-platform/rx-platform/crates/rx-api)
Rust	Check Rust lints	2026-09-25T04:16:41.2720941Z ^[[1m^[[92m    Checking^[[0m rx-host-client v0.1.0 (/home/runner/work/rx-platform/rx-platform/crates/rx-host-client)
Rust	Check Rust lints	2026-09-25T04:16:43.2443762Z ^[[1m^[[92m    Checking^[[0m rx-platformd v0.1.0 (/home/runner/work/rx-platform/rx-platform/crates/rx-platformd)
Rust	Check Rust lints	2026-09-25T04:16:46.8471607Z ^[[1m^[[92m    Finished^[[0m `dev` profile [unoptimized + debuginfo] target(s) in 15.07s
Rust	Test Rust workspace	﻿2026-09-25T04:16:46.8868111Z ##[group]Run cargo test --workspace --all-features --locked
Rust	Test Rust workspace	2026-09-25T04:16:46.8868593Z ^[[36;1mcargo test --workspace --all-features --locked^[[0m
Rust	Test Rust workspace	2026-09-25T04:16:46.8931554Z shell: /usr/bin/bash --noprofile --norc -e -o pipefail {0}
Rust	Test Rust workspace	2026-09-25T04:16:46.8931913Z env:
Rust	Test Rust workspace	2026-09-25T04:16:46.8932118Z   CARGO_TERM_COLOR: always
Rust	Test Rust workspace	2026-09-25T04:16:46.8932353Z   RUST_BACKTRACE: 1
Rust	Test Rust workspace	2026-09-25T04:16:46.8932557Z ##[endgroup]
Rust	Test Rust workspace	2026-09-25T04:16:47.1487159Z ^[[1m^[[92m   Compiling^[[0m rx-domain v0.1.0 (/home/runner/work/rx-platform/rx-platform/crates/rx-domain)
Rust	Test Rust workspace	2026-09-25T04:16:47.1582873Z ^[[1m^[[92m   Compiling^[[0m rx-protocol v0.1.0 (/home/runner/work/rx-platform/rx-platform/crates/rx-protocol)
Rust	Test Rust workspace	2026-09-25T04:16:47.5336321Z ^[[1m^[[92m   Compiling^[[0m rx-ports v0.1.0 (/home/runner/work/rx-platform/rx-platform/crates/rx-ports)
Rust	Test Rust workspace	2026-09-25T04:16:47.6034030Z ^[[1m^[[92m   Compiling^[[0m rx-package v0.1.0 (/home/runner/work/rx-platform/rx-platform/crates/rx-package)
Rust	Test Rust workspace	2026-09-25T04:16:47.6190577Z ^[[1m^[[92m   Compiling^[[0m rx-process-contract v0.1.0 (/home/runner/work/rx-platform/rx-platform/crates/rx-process-contract)
Rust	Test Rust workspace	2026-09-25T04:16:47.7356235Z ^[[1m^[[92m   Compiling^[[0m rx-storage v0.1.0 (/home/runner/work/rx-platform/rx-platform/crates/rx-storage)
Rust	Test Rust workspace	2026-09-25T04:16:49.4383091Z ^[[1m^[[92m   Compiling^[[0m rx-application v0.1.0 (/home/runner/work/rx-platform/rx-platform/crates/rx-application)
Rust	Test Rust workspace	2026-09-25T04:16:59.2745505Z ^[[1m^[[92m   Compiling^[[0m rx-runtime v0.1.0 (/home/runner/work/rx-platform/rx-platform/crates/rx-runtime)
Rust	Test Rust workspace	2026-09-25T04:16:59.2746873Z ^[[1m^[[92m   Compiling^[[0m rx-protocol-adapter v0.1.0 (/home/runner/work/rx-platform/rx-platform/crates/rx-protocol-adapter)
Rust	Test Rust workspace	2026-09-25T04:17:00.2902927Z ^[[1m^[[92m   Compiling^[[0m rx-api v0.1.0 (/home/runner/work/rx-platform/rx-platform/crates/rx-api)
Rust	Test Rust workspace	2026-09-25T04:17:00.8211252Z ^[[1m^[[92m   Compiling^[[0m rx-host-client v0.1.0 (/home/runner/work/rx-platform/rx-platform/crates/rx-host-client)
Rust	Test Rust workspace	2026-09-25T04:17:03.8232888Z ^[[1m^[[92m   Compiling^[[0m rx-platformd v0.1.0 (/home/runner/work/rx-platform/rx-platform/crates/rx-platformd)
Rust	Test Rust workspace	2026-09-25T04:18:08.9564965Z ^[[1m^[[92m    Finished^[[0m `test` profile [unoptimized + debuginfo] target(s) in 1m 22s
Rust	Test Rust workspace	2026-09-25T04:18:08.9841825Z ^[[1m^[[92m     Running^[[0m unittests src/lib.rs (target/debug/deps/rx_api-d5b17791be1f3db8)
Rust	Test Rust workspace	2026-09-25T04:18:08.9854038Z 
Rust	Test Rust workspace	2026-09-25T04:18:08.9854237Z running 7 tests
Rust	Test Rust workspace	2026-09-25T04:18:08.9879154Z test operator_ui::tests::bounds_manifest_before_loading_asset_bytes ... ok
Rust	Test Rust workspace	2026-09-25T04:18:08.9880428Z test operator_ui::tests::acquisition_rejects_component_links_replaced_after_inventory ... ok
Rust	Test Rust workspace	2026-09-25T04:18:08.9895483Z test operator_ui::tests::owns_exact_verified_bytes_and_requires_a_pinned_manifest ... ok
Rust	Test Rust workspace	2026-09-25T04:18:08.9919270Z test operator_ui::tests::rejects_symlink_roots_ancestors_assets_and_manifest ... ok
Rust	Test Rust workspace	2026-09-25T04:18:08.9922576Z test operator_ui::tests::acquisition_rejects_replaced_fifos_without_waiting_for_a_writer ... ok
Rust	Test Rust workspace	2026-09-25T04:18:08.9926143Z test operator_ui::tests::rejects_unlisted_missing_tampered_and_oversized_files ... ok
Rust	Test Rust workspace	2026-09-25T04:18:09.0009592Z test operator_ui::tests::strict_manifest_and_asset_namespace_reject_aliases_and_unsupported_inputs ... ok
Rust	Test Rust workspace	2026-09-25T04:18:09.0010507Z 
Rust	Test Rust workspace	2026-09-25T04:18:09.0010929Z test result: ok. 7 passed; 0 failed; 0 ignored; 0 measured; 0 filtered out; finished in 0.02s
Rust	Test Rust workspace	2026-09-25T04:18:09.0011526Z 
Rust	Test Rust workspace	2026-09-25T04:18:09.0012296Z ^[[1m^[[92m     Running^[[0m unittests src/bin/local.rs (target/debug/deps/rx_platform_local-a69ae68ebeb04f53)
Rust	Test Rust workspace	2026-09-25T04:18:09.0021509Z 
Rust	Test Rust workspace	2026-09-25T04:18:09.0021976Z running 0 tests
Rust	Test Rust workspace	2026-09-25T04:18:09.0022214Z 
Rust	Test Rust workspace	2026-09-25T04:18:09.0022625Z test result: ok. 0 passed; 0 failed; 0 ignored; 0 measured; 0 filtered out; finished in 0.00s
Rust	Test Rust workspace	2026-09-25T04:18:09.0023215Z 
Rust	Test Rust workspace	2026-09-25T04:18:09.0024363Z ^[[1m^[[92m     Running^[[0m tests/evidence_ingress.rs (target/debug/deps/evidence_ingress-6946c217e6741eb5)
Rust	Test Rust workspace	2026-09-25T04:18:09.0042977Z 
Rust	Test Rust workspace	2026-09-25T04:18:09.0043175Z running 1 test
Rust	Test Rust workspace	2026-09-25T04:18:09.0044557Z test publisher_catches_up_over_128_records_after_lost_ack_and_preserves_cursor_on_restart ... ignored, tools/test_evidence_e2e.sh builds and supplies the separate Host publisher
Rust	Test Rust workspace	2026-09-25T04:18:09.0045984Z 
Rust	Test Rust workspace	2026-09-25T04:18:09.0046404Z test result: ok. 0 passed; 0 failed; 1 ignored; 0 measured; 0 filtered out; finished in 0.00s
Rust	Test Rust workspace	2026-09-25T04:18:09.0046997Z 
Rust	Test Rust workspace	2026-09-25T04:18:09.0047693Z ^[[1m^[[92m     Running^[[0m tests/executor_ingress.rs (target/debug/deps/executor_ingress-fbcd0f9dabe79020)
Rust	Test Rust workspace	2026-09-25T04:18:09.0065738Z 
Rust	Test Rust workspace	2026-09-25T04:18:09.0065911Z running 7 tests
Rust	Test Rust workspace	2026-09-25T04:18:09.0069584Z test durable_s_worker_handles_real_bt_requests_and_preserves_crash_boundaries ... ignored, tools/test_executor_worker_e2e.sh supplies S worker and pinned C++ request fixture
Rust	Test Rust workspace	2026-09-25T04:18:09.0075147Z test resident_executor_discovers_two_operator_started_runs_in_one_process_and_session ... ignored, tools/test_executor_cell_e2e.sh supplies the resident S service and pinned C++ fixture
Rust	Test Rust workspace	2026-09-25T04:18:09.0077264Z test solutions_reader_restores_a_new_session_without_restoring_run_authority ... ignored, tools/test_executor_read_e2e.sh supplies the separate solutions reader
Rust	Test Rust workspace	2026-09-25T04:18:09.2948619Z test executor_run_reads_require_both_negotiations_and_the_same_registered_certificate ... ok
Rust	Test Rust workspace	2026-09-25T04:18:09.4929719Z test branch_checkpoint_preparation_and_lost_commit_reply_use_the_frozen_wire_contract ... ok
Rust	Test Rust workspace	2026-09-25T04:18:09.4984721Z test wait_checkpoint_start_and_resolution_use_the_frozen_wire_contract ... ok
Rust	Test Rust workspace	2026-09-25T04:18:09.5472785Z test remote_executor_allocates_and_submits_after_a_simulated_operator_start ... ok
Rust	Test Rust workspace	2026-09-25T04:18:09.5473236Z 
Rust	Test Rust workspace	2026-09-25T04:18:09.5473495Z test result: ok. 4 passed; 0 failed; 3 ignored; 0 measured; 0 filtered out; finished in 0.54s
Rust	Test Rust workspace	2026-09-25T04:18:09.5473840Z 
Rust	Test Rust workspace	2026-09-25T04:18:09.5487703Z ^[[1m^[[92m     Running^[[0m tests/host_recovery.rs (target/debug/deps/host_recovery-d44bd82e36baa936)
Rust	Test Rust workspace	2026-09-25T04:18:09.5510267Z 
Rust	Test Rust workspace	2026-09-25T04:18:09.5510449Z running 8 tests
Rust	Test Rust workspace	2026-09-25T04:18:11.8800979Z test context_digests_are_computed_by_the_server_and_diagnostic_queries_cannot_claim_authority ... ok
Rust	Test Rust workspace	2026-09-25T04:18:11.8897414Z test exact_keys_cas_and_existing_operation_ids_reach_only_the_configured_service ... ok
Rust	Test Rust workspace	2026-09-25T04:18:13.5358854Z test cached_proposal_keeps_historical_actor_after_relogin_on_another_registered_terminal ... ok
Rust	Test Rust workspace	2026-09-25T04:18:13.5640799Z test proposal_response_matches_the_original_request_and_actor_even_when_diagnostic_blockers_change ... ok
Rust	Test Rust workspace	2026-09-25T04:18:13.7366147Z test absence_is_reported_only_after_current_terminal_and_release_role_authentication ... ok
Rust	Test Rust workspace	2026-09-25T04:18:14.0968147Z test recovery_discovery_requires_current_role_bounds_and_forwards_the_exact_cursor ... ok
Rust	Test Rust workspace	2026-09-25T04:18:14.8600974Z test writer_results_keep_their_existing_codes_and_transport_errors_are_sanitized ... ok
Rust	Test Rust workspace	2026-09-25T04:18:14.8602959Z test recovery_requests_reject_extra_authority_material_and_reuse_csrf_policy ... ok
Rust	Test Rust workspace	2026-09-25T04:18:14.8603507Z 
Rust	Test Rust workspace	2026-09-25T04:18:14.8603888Z test result: ok. 8 passed; 0 failed; 0 ignored; 0 measured; 0 filtered out; finished in 5.31s
Rust	Test Rust workspace	2026-09-25T04:18:14.8604549Z 
Rust	Test Rust workspace	2026-09-25T04:18:14.8644643Z ^[[1m^[[92m     Running^[[0m tests/http.rs (target/debug/deps/http-c2f87f952d8b48d6)
Rust	Test Rust workspace	2026-09-25T04:18:14.8666837Z 
Rust	Test Rust workspace	2026-09-25T04:18:14.8667031Z running 22 tests
Rust	Test Rust workspace	2026-09-25T04:18:17.1700316Z test canonical_cell_inspection_uses_current_human_scope_and_frozen_json ... ok
Rust	Test Rust workspace	2026-09-25T04:18:17.9930639Z test actual_tcp_listener_uses_verified_socket_origin_and_real_writer ... ok
Rust	Test Rust workspace	2026-09-25T04:18:18.0352378Z test binding_http_produces_a_matched_compile_input_without_cell_activation ... ok
Rust	Test Rust workspace	2026-09-25T04:18:18.0442780Z test case_acknowledgment_records_reading_without_changing_containment_or_scope ... ok
Rust	Test Rust workspace	2026-09-25T04:18:18.0590011Z test cell_wire_projection_rejects_missing_legacy_metadata_and_impossible_creation_revision ... ok
Rust	Test Rust workspace	2026-09-25T04:18:18.0591459Z test export_operator_package_fixture ... ignored, browser package harness requests isolated fixture files; no production keys
Rust	Test Rust workspace	2026-09-25T04:18:20.3577043Z test invalid_service_inventory_is_not_partially_configured_and_empty_inventory_is_explicit ... ok
Rust	Test Rust workspace	2026-09-25T04:18:20.4110112Z test expired_session_and_stopped_writer_never_return_cached_success ... ok
Rust	Test Rust workspace	2026-09-25T04:18:20.8050386Z test checkpoint_wire_and_exact_artifact_are_scoped_to_current_user_access ... ok
Rust	Test Rust workspace	2026-09-25T04:18:21.3711501Z test close_http_requires_current_lead_cohort_evidence_and_real_clearance ... ok
Rust	Test Rust workspace	2026-09-25T04:18:22.3170417Z test mutations_are_durable_idempotent_and_terminal_bypass_is_rejected ... ok
Rust	Test Rust workspace	2026-09-25T04:18:22.3172038Z test process_review_real_compiler_report_crosses_http_and_approval_rechecks_store ... ignored, tools/test_process_review_e2e.sh supplies the separately built S verifier
Rust	Test Rust workspace	2026-09-25T04:18:24.6330991Z test operator_start_http::operator_start_context_requires_scope_and_does_not_promote_a_session_without_terminal ... ok
Rust	Test Rust workspace	2026-09-25T04:18:24.8199629Z test package_intake_http_verifies_real_files_scopes_receipts_and_does_not_activate ... ok
Rust	Test Rust workspace	2026-09-25T04:18:24.9440295Z test process_draft_http_preserves_versions_and_blocks_non_engineer_or_cross_cell_writes ... ok
Rust	Test Rust workspace	2026-09-25T04:18:26.7808750Z test runtime_restriction_selection_is_scoped_read_only_and_keeps_missing_origins_null ... ok
Rust	Test Rust workspace	2026-09-25T04:18:26.7830191Z test sign_operator_review_fixture ... ignored, test-only signing for browser-generated process review requests
Rust	Test Rust workspace	2026-09-25T04:18:27.7024597Z test service_diagnostics_expire_without_rejuvenating_worker_activity_and_reject_old_owners ... ok
Rust	Test Rust workspace	2026-09-25T04:18:28.2555589Z test scoped_snapshot_login_logout_and_current_revocation ... ok
Rust	Test Rust workspace	2026-09-25T04:18:28.6169294Z test stale_external_procedure_report_returns_its_durable_fact_ids ... ok
Rust	Test Rust workspace	2026-09-25T04:18:28.9083379Z test service_diagnostics_are_scope_filtered_and_new_runtime_cannot_reuse_a_previous_owner ... ok
Rust	Test Rust workspace	2026-09-25T04:18:30.8564775Z test strict_ingress_and_credentials_never_create_authority_from_headers ... ok
Rust	Test Rust workspace	2026-09-25T04:18:30.8565270Z 
Rust	Test Rust workspace	2026-09-25T04:18:30.8565597Z test result: ok. 19 passed; 0 failed; 3 ignored; 0 measured; 0 filtered out; finished in 15.99s
Rust	Test Rust workspace	2026-09-25T04:18:30.8566072Z 
Rust	Test Rust workspace	2026-09-25T04:18:30.8623247Z ^[[1m^[[92m     Running^[[0m tests/terminal_https.rs (target/debug/deps/terminal_https-11e0178f22508978)
Rust	Test Rust workspace	2026-09-25T04:18:30.8645197Z 
Rust	Test Rust workspace	2026-09-25T04:18:30.8645393Z running 5 tests
Rust	Test Rust workspace	2026-09-25T04:18:33.2900721Z test authenticated_terminal_cannot_bypass_qualification_or_current_user_role ... ok
Rust	Test Rust workspace	2026-09-25T04:18:33.3365969Z test terminal_bound_operator_can_prepare_start_but_revocation_blocks_cached_requests ... ok
Rust	Test Rust workspace	2026-09-25T04:18:33.3483357Z test operator_start_https::terminal_https_start_context_and_attempt_reads_preserve_real_start_and_identity_checks ... ok
Rust	Test Rust workspace	2026-09-25T04:18:33.8478011Z test operator_bundle_uses_direct_mtls_and_never_masks_api_or_missing_assets ... ok
Rust	Test Rust workspace	2026-09-25T04:18:36.5185718Z test tls_certificate_and_registry_are_both_required_and_cookie_is_bound_to_terminal ... ok
Rust	Test Rust workspace	2026-09-25T04:18:36.5186549Z 
Rust	Test Rust workspace	2026-09-25T04:18:36.5187082Z test result: ok. 5 passed; 0 failed; 0 ignored; 0 measured; 0 filtered out; finished in 5.65s
Rust	Test Rust workspace	2026-09-25T04:18:36.5187871Z 
Rust	Test Rust workspace	2026-09-25T04:18:36.5242327Z ^[[1m^[[92m     Running^[[0m unittests src/lib.rs (target/debug/deps/rx_application-a31abba73750f555)
Rust	Test Rust workspace	2026-09-25T04:18:36.5255057Z 
Rust	Test Rust workspace	2026-09-25T04:18:36.5255219Z running 3 tests
Rust	Test Rust workspace	2026-09-25T04:18:36.5259617Z test engine::admission::tests::current_source_identity_and_uncertainty_contract_apply_to_stored_facts ... ok
Rust	Test Rust workspace	2026-09-25T04:18:36.5390540Z test engine::run_configuration::tests::legacy_configuration_is_inferred_only_before_replacement_and_bound_history_never_drifts ... ok
Rust	Test Rust workspace	2026-09-25T04:18:36.5424469Z test checkpoint_artifact::tests::rejects_a_valid_older_artifact_substituted_into_a_newer_run_view ... ok
Rust	Test Rust workspace	2026-09-25T04:18:36.5425221Z 
Rust	Test Rust workspace	2026-09-25T04:18:36.5425635Z test result: ok. 3 passed; 0 failed; 0 ignored; 0 measured; 0 filtered out; finished in 0.02s
Rust	Test Rust workspace	2026-09-25T04:18:36.5426265Z 
Rust	Test Rust workspace	2026-09-25T04:18:36.5430206Z ^[[1m^[[92m     Running^[[0m tests/transactions.rs (target/debug/deps/transactions-8e058860d2a122a4)
Rust	Test Rust workspace	2026-09-25T04:18:36.5446797Z 
Rust	Test Rust workspace	2026-09-25T04:18:36.5447447Z running 240 tests
Rust	Test Rust workspace	2026-09-25T04:18:36.6888838Z test activation_visits_are_unique_for_the_whole_run_across_parts ... ok
Rust	Test Rust workspace	2026-09-25T04:18:36.7150494Z test an_entered_send_with_no_remote_receipt_remains_unknown_and_is_not_reissued ... ok
Rust	Test Rust workspace	2026-09-25T04:18:36.7350533Z test admission_receipt_is_anchored_to_the_original_control_record_and_survives_later_changes ... ok
Rust	Test Rust workspace	2026-09-25T04:18:36.7651308Z test a_new_contradictory_native_result_preserves_historical_outcome ... ok
Rust	Test Rust workspace	2026-09-25T04:18:36.8216512Z test assignment_tests::assignment_contract_rejects_false_cardinality_duplicate_witness_and_changed_cut ... ok
Rust	Test Rust workspace	2026-09-25T04:18:36.8593294Z test assignment_tests::ambiguous_discovery_does_not_revoke_an_already_bound_independent_run ... ok
Rust	Test Rust workspace	2026-09-25T04:18:36.8800673Z test assignment_tests::assignment_read_discovers_arming_and_ambiguity_without_creating_or_selecting_work ... ok
Rust	Test Rust workspace	2026-09-25T04:18:36.8855620Z test assignment_tests::assignment_read_requires_current_role_cell_and_configured_executor ... ok
Rust	Test Rust workspace	2026-09-25T04:18:36.8973477Z test assignment_tests::assignment_read_keeps_recovery_work_visible_after_its_previous_owner_is_revoked ... ok
Rust	Test Rust workspace	2026-09-25T04:18:36.9381597Z test binding_receipt_recovery_still_requires_current_engineer_role ... ok
Rust	Test Rust workspace	2026-09-25T04:18:36.9430228Z test binding_catalog_change_survives_runtime_restart_and_cannot_be_exported_as_current ... ok
Rust	Test Rust workspace	2026-09-25T04:18:36.9572585Z test binding_history_is_not_rebound_by_source_changes_and_title_only_changes_keep_the_same_content ... ok
Rust	Test Rust workspace	2026-09-25T04:18:37.0156473Z test cell_operating_context_rejects_competing_active_purposes ... ok
Rust	Test Rust workspace	2026-09-25T04:18:37.0820935Z test changed_intent_under_same_key_is_a_conflict ... ok
Rust	Test Rust workspace	2026-09-25T04:18:37.1345701Z test checkpoint_artifact_and_run_projection_commit_with_slot_or_roll_back_together ... ok
Rust	Test Rust workspace	2026-09-25T04:18:37.1431999Z test checkpoint_artifact_requires_current_run_scope_and_exact_owned_reference ... ok
Rust	Test Rust workspace	2026-09-25T04:18:37.1632351Z test changing_evidence_journal_does_not_silently_reset_sequence_history ... ok
Rust	Test Rust workspace	2026-09-25T04:18:37.3750599Z test checkpoint_preparation_loss_and_expiry_never_advance_the_run ... ok
Rust	Test Rust workspace	2026-09-25T04:18:37.3878177Z test checkpoint_commit_rejects_changed_mapping_artifact_and_stale_condition ... ok
Rust	Test Rust workspace	2026-09-25T04:18:37.5298963Z test checkpoint_proposal_is_not_an_applied_decision_and_commit_response_survives_loss ... ok
Rust	Test Rust workspace	2026-09-25T04:18:37.5391360Z test checkpoint_successor_preserves_an_existing_child_slot_from_another_visit ... ok
Rust	Test Rust workspace	2026-09-25T04:18:37.7000826Z test checkpoint_wait_uses_p_time_and_success_cannot_be_committed_after_deadline ... ok
Rust	Test Rust workspace	2026-09-25T04:18:37.8366972Z test closed_case_duplicate_reports_never_replay_but_new_physical_reports_reopen_containment ... ok
Rust	Test Rust workspace	2026-09-25T04:18:38.4061347Z test configuration_dispatch_tests::configuration_apply_rejects_expired_host_read_even_with_a_fresh_release_session ... ok
Rust	Test Rust workspace	2026-09-25T04:18:38.4738073Z test configuration_dispatch_tests::configuration_apply_cannot_use_partial_host_results_or_revoked_terminal ... ok
Rust	Test Rust workspace	2026-09-25T04:18:39.1413651Z test configuration_dispatch_tests::configuration_apply_keeps_completed_process_artifacts_and_new_runs_bind_new_configuration ... ok
Rust	Test Rust workspace	2026-09-25T04:18:39.1456401Z test configuration_dispatch_tests::configuration_apply_requires_volatile_fresh_observations_at_both_prepare_and_commit ... ok
Rust	Test Rust workspace	2026-09-25T04:18:39.1811126Z test configuration_dispatch_tests::configuration_apply_is_atomic_and_lost_reply_recovers_selection_epoch_and_history ... ok
Rust	Test Rust workspace	2026-09-25T04:18:39.6783099Z test configuration_dispatch_tests::configuration_dispatch_conflicting_receipt_never_overwrites_first_fact ... ok
Rust	Test Rust workspace	2026-09-25T04:18:39.7492392Z test configuration_dispatch_tests::configuration_dispatch_new_preparation_cannot_bypass_older_unknown_send ... ok
Rust	Test Rust workspace	2026-09-25T04:18:39.9883110Z test configuration_dispatch_tests::configuration_dispatch_partial_host_confirmation_is_mixed_without_platform_swap ... ok
Rust	Test Rust workspace	2026-09-25T04:18:40.3778409Z test configuration_dispatch_tests::configuration_dispatch_receipt_survives_transport_failure_and_disappearance_latches_dispute ... ok
Rust	Test Rust workspace	2026-09-25T04:18:40.5821068Z test configuration_dispatch_tests::configuration_dispatch_revoked_sender_blocks_resend_but_late_fact_is_retained ... ok
Rust	Test Rust workspace	2026-09-25T04:18:40.5864363Z test configuration_dispatch_tests::configuration_dispatch_changed_snapshot_cannot_authorize_missing_receipt_retry ... ok
Rust	Test Rust workspace	2026-09-25T04:18:40.7860648Z test configuration_dispatch_tests::configuration_dispatch_requires_fences_terminal_and_retains_one_task_after_commit_loss ... ok
Rust	Test Rust workspace	2026-09-25T04:18:41.4731287Z test configuration_dispatch_tests::host_recovery_tests::recovery_commit_reply_retry_cannot_hide_a_new_source_generation_after_historical_success ... ok
Rust	Test Rust workspace	2026-09-25T04:18:41.6574227Z test configuration_dispatch_tests::host_recovery_tests::recovery_adopts_current_original_outbox_and_commits_marker_and_exact_ack_atomically ... ok
Rust	Test Rust workspace	2026-09-25T04:18:41.7157661Z test configuration_dispatch_tests::host_recovery_tests::recovery_ambiguous_current_fences_and_page_overflow_never_select_a_partial_candidate_set ... ok
Rust	Test Rust workspace	2026-09-25T04:18:41.8394023Z test configuration_dispatch_tests::host_recovery_tests::recovery_external_payload_cannot_inject_transport_observations_or_operating_actions ... ok
Rust	Test Rust workspace	2026-09-25T04:18:41.8515764Z test configuration_dispatch_tests::configuration_dispatch_send_entry_is_durable_and_missing_retry_uses_exact_request ... ok
Rust	Test Rust workspace	2026-09-25T04:18:42.3558262Z test configuration_dispatch_tests::host_recovery_tests::recovery_initial_unapplied_and_normal_renewal_preserve_dynamic_authority_while_restoring_real_false_fact ... ok
Rust	Test Rust workspace	2026-09-25T04:18:42.5172995Z test configuration_dispatch_tests::host_recovery_tests::recovery_history_is_discoverable_in_bounded_host_pages_without_partial_cell_access ... ok
Rust	Test Rust workspace	2026-09-25T04:18:42.5366887Z test configuration_dispatch_tests::host_recovery_tests::recovery_late_ack_survives_all_cell_cas_loss_and_never_changes_registration ... ok
Rust	Test Rust workspace	2026-09-25T04:18:42.8246708Z test configuration_dispatch_tests::host_recovery_tests::recovery_known_unknown_allows_original_lookup_and_receipt_only_without_new_authorize_or_release ... ok
Rust	Test Rust workspace	2026-09-25T04:18:43.3766215Z test configuration_dispatch_tests::host_recovery_tests::recovery_missing_baseline_or_changed_identity_never_autogenerates_continuity ... ok
Rust	Test Rust workspace	2026-09-25T04:18:43.4801064Z test configuration_dispatch_tests::host_recovery_tests::recovery_lost_commits_keep_original_proposal_fence_and_ack_without_replaying_authority ... ok
Rust	Test Rust workspace	2026-09-25T04:18:43.5972115Z test configuration_dispatch_tests::host_recovery_tests::recovery_permanent_void_without_invocation_preserves_known_prepare_identity_and_records_only_not_executed ... ok
Rust	Test Rust workspace	2026-09-25T04:18:43.6120842Z test configuration_dispatch_tests::host_recovery_tests::recovery_proposal_reply_is_recovered_without_fresh_host_data_and_still_checks_key_and_actor ... ok
Rust	Test Rust workspace	2026-09-25T04:18:44.7740277Z test configuration_dispatch_tests::host_recovery_tests::recovery_normal_apply_after_initial_none_uses_current_application_proof_instead_of_initial_configuration ... ok
Rust	Test Rust workspace	2026-09-25T04:18:45.2351286Z test configuration_dispatch_tests::host_recovery_tests::recovery_shared_host_requires_terminal_rights_for_every_affected_cell ... ok
Rust	Test Rust workspace	2026-09-25T04:18:45.2436196Z test configuration_dispatch_tests::host_recovery_tests::recovery_sender_reapproval_keeps_original_fence_and_old_runtime_cannot_resume ... ok
Rust	Test Rust workspace	2026-09-25T04:18:45.4791231Z test configuration_dispatch_tests::host_recovery_tests::recovery_stored_actor_roundtrip_retains_identifiers_without_restoring_session_authority ... ok
Rust	Test Rust workspace	2026-09-25T04:18:46.2985714Z test configuration_dispatch_tests::process_revalidation_tests::current_revalidation_proposal_commit_loss_is_atomic_and_recoverable ... ok
Rust	Test Rust workspace	2026-09-25T04:18:46.5693868Z test configuration_dispatch_tests::process_revalidation_tests::current_revalidation_keeps_review_fence_host_ack_and_unqualified_apply_gates_and_reuses_applied_root ... ok
Rust	Test Rust workspace	2026-09-25T04:18:46.6928446Z test configuration_dispatch_tests::process_revalidation_tests::replace_default_preserves_legacy_request_change_shape_and_plan_digest ... ok
Rust	Test Rust workspace	2026-09-25T04:18:46.8858471Z test configuration_dispatch_tests::process_revalidation_tests::current_revalidation_requires_explicit_mode_exact_target_and_existing_compiled_process ... ok
Rust	Test Rust workspace	2026-09-25T04:18:47.1203597Z test configuration_dispatch_tests::host_recovery_tests::recovery_source_clock_configuration_and_unknown_pending_changes_cannot_be_promoted ... ok
Rust	Test Rust workspace	2026-09-25T04:18:48.0731305Z test configuration_dispatch_tests::requalification_tests::qualification_activation_tests::qualification_activation_rechecks_context_after_off_writer_verification ... ok
Rust	Test Rust workspace	2026-09-25T04:18:48.2950786Z test configuration_dispatch_tests::requalification_tests::qualification_activation_tests::qualification_disappearing_receipt_suspends_active_cohort_without_overwriting_fact ... ok
Rust	Test Rust workspace	2026-09-25T04:18:49.0480431Z test configuration_dispatch_tests::requalification_tests::qualification_activation_tests::qualification_legacy_policy_can_be_reviewed_but_cannot_issue_execution_purposes ... ok
Rust	Test Rust workspace	2026-09-25T04:18:49.2876184Z test configuration_dispatch_tests::requalification_tests::qualification_activation_tests::qualification_issuance_is_atomic_and_request_loss_preserves_ids_and_clear_plan ... ok
Rust	Test Rust workspace	2026-09-25T04:18:49.5282840Z test configuration_dispatch_tests::requalification_tests::qualification_activation_tests::qualification_activation_is_atomic_clears_only_owned_blocks_and_requires_separate_start ... ok
Rust	Test Rust workspace	2026-09-25T04:18:49.6163331Z test configuration_dispatch_tests::requalification_tests::qualification_activation_tests::qualification_never_clears_a_manual_hold_without_owned_provenance ... ok
Rust	Test Rust workspace	2026-09-25T04:18:50.3972865Z test configuration_dispatch_tests::requalification_tests::qualification_activation_tests::qualification_new_session_reauthorizes_same_pending_request_without_new_ids ... ok
Rust	Test Rust workspace	2026-09-25T04:18:50.8540807Z test configuration_dispatch_tests::requalification_tests::qualification_activation_tests::qualification_permits_only_the_reviewed_operating_purposes ... ok
Rust	Test Rust workspace	2026-09-25T04:18:50.9251256Z test configuration_dispatch_tests::requalification_tests::qualification_activation_tests::qualification_policy_replacement_revokes_active_grade_but_preserves_history ... ok
Rust	Test Rust workspace	2026-09-25T04:18:51.0636950Z test configuration_dispatch_tests::requalification_tests::qualification_activation_tests::qualification_partial_host_receipts_never_activate_the_cell ... ok
Rust	Test Rust workspace	2026-09-25T04:18:51.7439296Z test configuration_dispatch_tests::requalification_tests::qualification_activation_tests::qualification_restart_retires_active_authority_and_preserves_completed_batch ... ok
Rust	Test Rust workspace	2026-09-25T04:18:51.9199027Z test configuration_dispatch_tests::requalification_tests::qualification_activation_tests::runtime_requalification_tests::a_later_review_without_selection_cannot_reuse_an_earlier_runtime_adoption ... ok
Rust	Test Rust workspace	2026-09-25T04:18:52.0388175Z test configuration_dispatch_tests::requalification_tests::qualification_activation_tests::qualification_send_journal_does_not_infer_rejection_from_missing_reply ... ok
Rust	Test Rust workspace	2026-09-25T04:18:53.1492113Z test configuration_dispatch_tests::requalification_tests::qualification_activation_tests::runtime_requalification_tests::activated_root_after_restart_keeps_exact_origin_owner_and_can_begin_explicit_revalidation ... ok
Rust	Test Rust workspace	2026-09-25T04:18:53.2752108Z test configuration_dispatch_tests::requalification_tests::qualification_activation_tests::runtime_requalification_tests::a_new_shared_cell_invalidates_pending_and_active_requalification_without_changing_the_original_cell ... ok
Rust	Test Rust workspace	2026-09-25T04:18:53.3152112Z test configuration_dispatch_tests::requalification_tests::qualification_activation_tests::runtime_requalification_tests::initial_runtime_restriction_is_signed_into_requalification_and_cleared_only_at_activation ... ok
Rust	Test Rust workspace	2026-09-25T04:18:53.7381640Z test configuration_dispatch_tests::requalification_tests::qualification_activation_tests::runtime_requalification_tests::restriction_binding_is_atomic_and_missing_or_wrong_origins_never_generate_authority ... ok
Rust	Test Rust workspace	2026-09-25T04:18:54.0933508Z test configuration_dispatch_tests::requalification_tests::qualification_activation_tests::runtime_requalification_tests::review_without_explicit_runtime_restriction_cannot_issue_a_clear_for_it ... ok
Rust	Test Rust workspace	2026-09-25T04:18:54.2857555Z test configuration_dispatch_tests::requalification_tests::requalification_approval_requires_fences_and_independent_reviewer_and_fresh_context ... ok
Rust	Test Rust workspace	2026-09-25T04:18:54.3103338Z test configuration_dispatch_tests::requalification_tests::requalification_approval_is_idempotent_and_new_report_invalidates_its_scope ... ok
Rust	Test Rust workspace	2026-09-25T04:18:55.1167052Z test configuration_dispatch_tests::requalification_tests::requalification_not_run_is_preserved_and_cannot_be_approved ... ok
Rust	Test Rust workspace	2026-09-25T04:18:55.1692261Z test configuration_dispatch_tests::requalification_tests::requalification_rejects_missing_forged_or_wrong_environment_evidence ... ok
Rust	Test Rust workspace	2026-09-25T04:18:55.2444987Z test confirmed_new_cell_fence_advances_registration_and_allows_only_original_grant_renewal ... ok
Rust	Test Rust workspace	2026-09-25T04:18:55.2707216Z test configuration_dispatch_tests::requalification_tests::requalification_begin_is_atomic_and_same_key_preserves_fences ... ok
Rust	Test Rust workspace	2026-09-25T04:18:55.3515648Z test conflicting_observation_is_committed_as_invalidation_even_though_api_rejects_it ... ok
Rust	Test Rust workspace	2026-09-25T04:18:55.3990559Z test current_engineer_role_is_required_even_when_recovering_an_existing_draft_receipt ... ok
Rust	Test Rust workspace	2026-09-25T04:18:55.4810264Z test control_journal_is_atomic_and_audit_sessions_do_not_advance_its_cursor ... ok
Rust	Test Rust workspace	2026-09-25T04:18:55.7853489Z test device_binding_tests::approved_action_produces_exact_nonexecuting_candidate_and_independent_impact_review ... ok
Rust	Test Rust workspace	2026-09-25T04:18:56.2395892Z test device_binding_tests::missing_mandatory_conditions_and_malformed_conditions_never_get_default_success ... ok
Rust	Test Rust workspace	2026-09-25T04:18:56.2598470Z test configuration_dispatch_tests::requalification_tests::requalification_large_evidence_is_chunked_atomically_and_restored_exactly ... ok
Rust	Test Rust workspace	2026-09-25T04:18:56.8340817Z test device_binding_tests::device_plan_authoring_exports_exact_provenance_without_changing_active_steps ... ok
Rust	Test Rust workspace	2026-09-25T04:18:56.8551002Z test configuration_dispatch_tests::requalification_tests::requalification_report_commit_loss_recovers_original_bytes_and_never_qualifies ... ok
Rust	Test Rust workspace	2026-09-25T04:18:56.9208526Z test device_binding_tests::new_shared_cell_or_new_report_invalidates_impact_review ... ok
Rust	Test Rust workspace	2026-09-25T04:18:57.1480863Z test device_binding_tests::proposal_and_impact_review_recover_original_records_after_commit_faults ... ok
Rust	Test Rust workspace	2026-09-25T04:18:57.1910553Z test device_catalog_tests::device_catalog_intake_is_atomic_preserves_source_and_never_changes_active_configuration ... ok
Rust	Test Rust workspace	2026-09-25T04:18:57.2014473Z test device_binding_tests::prospective_resources_expand_impact_and_uncovered_cell_scope_rejects_commit ... ok
Rust	Test Rust workspace	2026-09-25T04:18:57.2870659Z test device_catalog_tests::old_packages_without_catalog_remain_readable_without_claiming_device_validation ... ok
Rust	Test Rust workspace	2026-09-25T04:18:57.3634374Z test device_binding_tests::stale_or_incomplete_device_plans_do_not_export_or_silently_fall_back ... ok
Rust	Test Rust workspace	2026-09-25T04:18:57.3933518Z test device_generation_change_is_preserved_and_does_not_disappear_on_rejection ... ok
Rust	Test Rust workspace	2026-09-25T04:18:57.4246042Z test device_catalog_tests::installation_environment_and_expired_tickets_do_not_commit_a_catalog ... ok
Rust	Test Rust workspace	2026-09-25T04:18:57.5104016Z test device_provenance_cannot_pass_the_legacy_process_review_even_when_actions_match ... ok
Rust	Test Rust workspace	2026-09-25T04:18:57.5611094Z test device_review_tests::failed_checks_are_recorded_but_not_approved_and_rejection_survives_policy_revocation ... ok
Rust	Test Rust workspace	2026-09-25T04:18:57.7790808Z test device_catalog_tests::signed_catalog_mismatches_cannot_enter_the_writer_as_valid_declarations ... ok
Rust	Test Rust workspace	2026-09-25T04:18:57.8038316Z test device_review_tests::independent_device_approval_requires_exact_latest_report_and_leaves_cell_unchanged ... ok
Rust	Test Rust workspace	2026-09-25T04:18:57.8829874Z test device_review_tests::fresh_proof_loses_applicability_when_authority_or_report_changes_before_commit ... ok
Rust	Test Rust workspace	2026-09-25T04:18:57.9040537Z test device_review_tests::list_returns_bounded_summaries_instead_of_copying_large_reports ... ok
Rust	Test Rust workspace	2026-09-25T04:18:58.0010969Z test device_review_tests::signature_validator_request_and_catalog_mismatch_cannot_be_recorded_as_verified ... ok
Rust	Test Rust workspace	2026-09-25T04:18:58.0440367Z test diagnostic_case_keeps_epoch_and_mandate_but_blocks_new_admission ... ok
Rust	Test Rust workspace	2026-09-25T04:18:58.1089161Z test direct_state_puts_during_hold_are_captured_at_one_final_transaction_cut ... ok
Rust	Test Rust workspace	2026-09-25T04:18:58.1222952Z test draft_binding_selection_requires_current_source_catalog_and_real_registered_step ... ok
Rust	Test Rust workspace	2026-09-25T04:18:58.1236504Z test draft_binding_commit_loss_and_input_conflict_preserve_one_resolved_snapshot ... ok
Rust	Test Rust workspace	2026-09-25T04:18:58.1788206Z test draft_history_keeps_incomplete_sources_and_concurrent_updates_do_not_overwrite_them ... ok
Rust	Test Rust workspace	2026-09-25T04:18:58.2671014Z test draft_saves_are_atomic_recoverable_and_never_change_the_installed_cell ... ok
Rust	Test Rust workspace	2026-09-25T04:18:58.3052906Z test early_native_evidence_is_reapplied_when_the_receipt_establishes_correlation ... ok
Rust	Test Rust workspace	2026-09-25T04:18:58.3090392Z test device_review_tests::report_and_decision_commit_faults_recover_one_original_version_and_decision ... ok
Rust	Test Rust workspace	2026-09-25T04:18:58.3818705Z test evidence_gap_is_not_skipped_and_conflicting_sequence_is_quarantined ... ok
Rust	Test Rust workspace	2026-09-25T04:18:58.6051888Z test executor_part_and_activation_mutations_preserve_full_request_identity_and_atomic_results ... ok
Rust	Test Rust workspace	2026-09-25T04:18:58.6214434Z test false_handover_facts_are_retained_and_identity_conflicts_block_release ... ok
Rust	Test Rust workspace	2026-09-25T04:18:58.6998353Z test executor_reconnect_is_idempotent_but_changed_incarnation_revokes_authority ... ok
Rust	Test Rust workspace	2026-09-25T04:18:58.7898396Z test executor_submit_checks_the_whole_envelope_and_recovers_an_immutable_receipt_after_t1_loss ... ok
Rust	Test Rust workspace	2026-09-25T04:18:58.8272995Z test handover_release_is_atomic_and_duplicate_proof_does_not_release_another_owner ... ok
Rust	Test Rust workspace	2026-09-25T04:18:58.8597298Z test hold_proves_unsent_work_not_executed_without_releasing_resource ... ok
Rust	Test Rust workspace	2026-09-25T04:18:58.9251356Z test host_binding_baseline_tests::baseline_bound_cut_uses_fence_while_pre_fence_config_and_read_keep_their_lower_epoch ... ok
Rust	Test Rust workspace	2026-09-25T04:18:58.9753264Z test hold_propagates_to_shared_resources_and_preserves_independent_cells ... ok
Rust	Test Rust workspace	2026-09-25T04:18:59.0072939Z test host_binding_baseline_tests::exact_initial_applied_context_is_preserved_without_claiming_activation ... ok
Rust	Test Rust workspace	2026-09-25T04:18:59.0531065Z test host_binding_baseline_tests::baseline_and_bound_transition_are_atomic_across_rollback_and_commit_response_loss ... ok
Rust	Test Rust workspace	2026-09-25T04:18:59.0702874Z test host_binding_baseline_tests::commit_body_and_reusable_transport_pin_changes_cannot_replace_the_original_baseline ... ok
Rust	Test Rust workspace	2026-09-25T04:18:59.1086846Z test host_binding_baseline_tests::legacy_none_and_already_bound_missing_baseline_never_backfill_on_later_provenance ... ok
Rust	Test Rust workspace	2026-09-25T04:18:59.1147355Z test host_binding_baseline_tests::historical_baseline_survives_renewal_and_later_registration_epoch_changes ... ok
Rust	Test Rust workspace	2026-09-25T04:18:59.2132441Z test host_binding_baseline_tests::missing_primary_baseline_is_integrity_when_pinned_bound_history_survives ... ok
Rust	Test Rust workspace	2026-09-25T04:18:59.3194477Z test host_binding_baseline_tests::missing_or_tampered_original_objects_and_reference_metadata_fail_historical_read ... ok
Rust	Test Rust workspace	2026-09-25T04:18:59.3290723Z test host_binding_baseline_tests::uri_pin_accepts_only_public_https_origin_without_credentials_or_request_data ... ok
Rust	Test Rust workspace	2026-09-25T04:18:59.3345732Z test host_binding_baseline_tests::only_new_normal_commit_creates_exact_immutable_baseline_and_initial_applied_none_is_valid ... ok
Rust	Test Rust workspace	2026-09-25T04:18:59.3351569Z test host_binding_baseline_tests::known_pinned_plan_cannot_downgrade_to_none_even_after_its_expiry ... ok
Rust	Test Rust workspace	2026-09-25T04:18:59.4725141Z test host_bootstrap_plan_and_registration_are_durable_and_do_not_fabricate_readiness ... ok
Rust	Test Rust workspace	2026-09-25T04:18:59.5485461Z test host_bootstrap_never_reuses_a_changed_delivery_journal_in_the_same_boot ... ok
Rust	Test Rust workspace	2026-09-25T04:18:59.6108891Z test host_bootstrap_rejects_wrong_incarnation_missing_sources_and_changed_context ... ok
Rust	Test Rust workspace	2026-09-25T04:18:59.6631270Z test host_binding_baseline_tests::mismatched_actual_configuration_read_scope_and_time_never_prepare_a_baseline_plan ... ok
Rust	Test Rust workspace	2026-09-25T04:18:59.7380454Z test late_prepared_receipt_after_pause_does_not_create_an_authorization ... ok
Rust	Test Rust workspace	2026-09-25T04:18:59.7729033Z test maintained_condition_recovery_does_not_revive_an_old_mandate ... ok
Rust	Test Rust workspace	2026-09-25T04:18:59.8750890Z test maintained_watchdog_revokes_expired_facts_without_fabricating_a_negative_sample ... ok
Rust	Test Rust workspace	2026-09-25T04:18:59.9089325Z test live_execution_snapshot_preserves_the_cut_and_does_not_reuse_aged_maintained_conditions ... ok
Rust	Test Rust workspace	2026-09-25T04:18:59.9217252Z test host_read_ingestion_checks_context_and_preserves_the_native_source_fields ... ok
Rust	Test Rust workspace	2026-09-25T04:18:59.9841923Z test native_metadata_changes_conflict_and_ack_cursor_is_part_of_t2_commit ... ok
Rust	Test Rust workspace	2026-09-25T04:19:00.0447384Z test native_outcomes_tests::native_outcome_table_rejects_ambiguous_unbound_and_nonterminal_policy ... ok
Rust	Test Rust workspace	2026-09-25T04:19:00.2158265Z test native_receipt_capture_does_not_stand_in_for_completion_policy ... ok
Rust	Test Rust workspace	2026-09-25T04:19:00.3648263Z test native_outcomes_tests::native_outcome_atomic_ack_loss_and_late_contradiction_preserve_first_conclusion ... ok
Rust	Test Rust workspace	2026-09-25T04:19:00.5815067Z test native_outcomes_tests::native_outcome_postconditions_require_current_evidence_and_no_hold ... ok
Rust	Test Rust workspace	2026-09-25T04:19:01.2010946Z test non_operating_close_preparation_lost_reply_and_rollback_do_not_duplicate_clearances ... ok
Rust	Test Rust workspace	2026-09-25T04:19:01.3616958Z test non_operating_close_does_not_accept_missing_people_proof_or_invented_evidence ... ok
Rust	Test Rust workspace	2026-09-25T04:19:01.5248860Z test native_outcomes_tests::native_outcome_pairs_separate_terminal_meanings_and_leave_unknown_unsettled ... ok
Rust	Test Rust workspace	2026-09-25T04:19:01.6037557Z test non_operating_close_is_atomic_idempotent_and_retains_other_case_restrictions ... ok
Rust	Test Rust workspace	2026-09-25T04:19:01.6801132Z test non_operating_close_preserves_unknown_effect_and_does_not_release_resources ... ok
Rust	Test Rust workspace	2026-09-25T04:19:01.7290948Z test observation_batch_keeps_conflict_evidence_and_other_source_truth_without_repeated_revocation ... ok
Rust	Test Rust workspace	2026-09-25T04:19:01.7393826Z test observation_batch_rejects_bad_last_source_before_writing_any_fact ... ok
Rust	Test Rust workspace	2026-09-25T04:19:01.7750251Z test observation_batch_evaluates_the_complete_cut_and_recovers_commit_reply_loss ... ok
Rust	Test Rust workspace	2026-09-25T04:19:01.8293036Z test operator_diagnostic_browser_fixtures_are_real_unqualified_read_models ... ok
Rust	Test Rust workspace	2026-09-25T04:19:01.8630585Z test observation_generation_loss_is_latched_once_and_does_not_adopt_the_new_source ... ok
Rust	Test Rust workspace	2026-09-25T04:19:01.9380797Z test operator_diagnostics_distinguish_missing_generation_and_expression_mismatch ... ok
Rust	Test Rust workspace	2026-09-25T04:19:01.9414239Z test operator_diagnostics_share_the_condition_evaluator_and_do_not_change_authority ... ok
Rust	Test Rust workspace	2026-09-25T04:19:01.9812774Z test one_physical_resource_is_reserved_across_cells_not_per_cell_alias ... ok
Rust	Test Rust workspace	2026-09-25T04:19:02.0034306Z test operator_start_tests::a_valid_operator_without_terminal_gets_a_blocked_candidate_and_scope_stays_private ... ok
Rust	Test Rust workspace	2026-09-25T04:19:02.0505935Z test operator_service_reconnect_cannot_start_work_or_replace_executor_authority ... ok
Rust	Test Rust workspace	2026-09-25T04:19:02.1412093Z test operator_start_tests::context_is_read_only_and_the_exact_candidate_starts_only_after_explicit_mutation ... ok
Rust	Test Rust workspace	2026-09-25T04:19:02.1500543Z test operator_start_tests::lost_start_response_uses_the_original_attempt_and_deadline_read_does_not_mutate_status ... ok
Rust	Test Rust workspace	2026-09-25T04:19:02.3080807Z test operator_start_tests::candidate_rejections_match_start_and_old_context_cannot_override_a_new_revision ... ok
Rust	Test Rust workspace	2026-09-25T04:19:02.3407424Z test package_intake_commit_rejects_role_or_terminal_revoked_while_worker_runs ... ok
Rust	Test Rust workspace	2026-09-25T04:19:02.4576288Z test package_intake_conflicting_ids_and_stale_configuration_never_create_two_receipts ... ok
Rust	Test Rust workspace	2026-09-25T04:19:02.4730219Z test p_commits_branch_choice_and_rejects_the_untaken_activation ... ok
Rust	Test Rust workspace	2026-09-25T04:19:02.5460784Z test package_intake_commits_receipt_event_and_request_atomically_without_cell_change ... ok
Rust	Test Rust workspace	2026-09-25T04:19:02.5579330Z test package_intake_receipt_is_historical_after_policy_disable_and_current_role_revocation_applies_first ... ok
Rust	Test Rust workspace	2026-09-25T04:19:02.6095674Z test package_intake_receipts_survive_restart_but_live_policy_and_preflight_do_not ... ok
Rust	Test Rust workspace	2026-09-25T04:19:02.6734338Z test package_intake_rejects_unregistered_store_or_different_verification_policy ... ok
Rust	Test Rust workspace	2026-09-25T04:19:02.8992541Z test part_completion_waits_for_release_and_closes_exhausted_run ... ok
Rust	Test Rust workspace	2026-09-25T04:19:02.9534148Z test package_intake_rechecks_authority_policy_and_time_after_file_work ... ok
Rust	Test Rust workspace	2026-09-25T04:19:03.0031219Z test part_completion_requires_only_the_committed_branch_and_its_real_release_proof ... ok
Rust	Test Rust workspace	2026-09-25T04:19:03.1001282Z test pause_rejects_a_late_arm_acknowledgment_from_start_preparation ... ok
Rust	Test Rust workspace	2026-09-25T04:19:03.1031138Z test pause_after_emit_is_not_cancellation_and_late_correlated_result_is_still_recorded ... ok
Rust	Test Rust workspace	2026-09-25T04:19:03.1789104Z test pausing_a_prepared_run_without_arm_does_not_fence_other_cell_work ... ok
Rust	Test Rust workspace	2026-09-25T04:19:03.1922718Z test pending_start_has_a_deadline_and_key_covers_budget_intent ... ok
Rust	Test Rust workspace	2026-09-25T04:19:03.3201847Z test permit_deadline_cannot_outlive_the_observation_that_supported_it ... ok
Rust	Test Rust workspace	2026-09-25T04:19:03.4462795Z test pause_commits_reply_fence_and_unsent_sealing_atomically_without_refunding_budget ... ok
Rust	Test Rust workspace	2026-09-25T04:19:03.4840984Z test physical_case_open_is_atomic_and_acknowledgment_cannot_restore_authority ... ok
Rust	Test Rust workspace	2026-09-25T04:19:03.5119737Z test prepared_is_not_an_authorization_ack_and_duplicate_receipts_complete_the_right_message ... ok
Rust	Test Rust workspace	2026-09-25T04:19:03.9386599Z test process_change_fence_confirmation_is_not_configuration_application ... ok
Rust	Test Rust workspace	2026-09-25T04:19:03.9820320Z test procedure_requires_real_fence_and_condition_evidence_then_accounts_for_every_worker ... ok
Rust	Test Rust workspace	2026-09-25T04:19:04.2668703Z test non_operating_close_rechecks_time_case_epoch_evidence_and_current_actor ... ok
Rust	Test Rust workspace	2026-09-25T04:19:04.4030002Z test process_change_proposal_and_stage_preserve_configuration_and_all_step_guards ... ok
Rust	Test Rust workspace	2026-09-25T04:19:04.5672444Z test process_change_preparation_requires_current_terminal_and_serializes_overlapping_changes ... ok
Rust	Test Rust workspace	2026-09-25T04:19:04.7230541Z test process_change_preparation_is_atomic_preserves_unknown_work_and_requires_config_ack ... ok
Rust	Test Rust workspace	2026-09-25T04:19:04.9076643Z test process_change_proposal_failure_is_atomic_and_lost_reply_recovers_original_plan ... ok
Rust	Test Rust workspace	2026-09-25T04:19:04.9150756Z test process_change_refresh_preserves_existing_blocks_and_replaces_only_preparation_context ... ok
Rust	Test Rust workspace	2026-09-25T04:19:04.9860661Z test process_change_revoked_software_review_rejects_pending_stage_without_installing_target ... ok
Rust	Test Rust workspace	2026-09-25T04:19:05.0365758Z test process_change_shared_host_closure_requires_rights_for_every_affected_cell ... ok
Rust	Test Rust workspace	2026-09-25T04:19:05.1534764Z test process_checkpoint_survives_runtime_restart_without_restoring_execution_authority ... ok
Rust	Test Rust workspace	2026-09-25T04:19:05.2106308Z test process_review_lists_are_scoped_and_history_is_read_only_with_latest_revision_visible ... ok
Rust	Test Rust workspace	2026-09-25T04:19:05.3597557Z test process_review_authority_and_role_changes_reject_pending_approvals ... ok
Rust	Test Rust workspace	2026-09-25T04:19:05.3622430Z test process_review_new_report_invalidates_old_decision_and_cas_prevents_overwriting_reviews ... ok
Rust	Test Rust workspace	2026-09-25T04:19:05.3673604Z test process_review_signature_and_compiled_bytes_cannot_be_replaced_or_rebound ... ok
Rust	Test Rust workspace	2026-09-25T04:19:05.4259920Z test process_review_restart_preserves_software_decision_but_rejects_old_pending_ticket ... ok
Rust	Test Rust workspace	2026-09-25T04:19:05.4470241Z test producer_reconnect_requires_current_identity_and_cell_negotiation ... ok
Rust	Test Rust workspace	2026-09-25T04:19:05.5575226Z test process_review_signed_compiler_success_does_not_override_cell_binding_mismatch ... ok
Rust	Test Rust workspace	2026-09-25T04:19:05.6530374Z test producer_runtime_restart_tests::consecutive_p_restarts_preserve_historical_operating_session_and_each_runtime_block ... ok
Rust	Test Rust workspace	2026-09-25T04:19:05.8411881Z test producer_runtime_restart_tests::absent_or_wrong_boot_configuration_and_scope_coverage_cannot_suppress_invalidation ... ok
Rust	Test Rust workspace	2026-09-25T04:19:05.8490890Z test producer_runtime_restart_tests::changed_host_journal_authentication_or_session_validity_still_adds_device_restart ... ok
Rust	Test Rust workspace	2026-09-25T04:19:05.8518110Z test producer_runtime_restart_tests::current_origin_must_cover_every_registered_cell_of_the_host ... ok
Rust	Test Rust workspace	2026-09-25T04:19:05.9122243Z test producer_runtime_restart_tests::malformed_provenance_rolls_back_session_replacement_instead_of_claiming_runtime_only ... ok
Rust	Test Rust workspace	2026-09-25T04:19:05.9505211Z test process_review_signed_report_and_separate_reviewer_approval_are_atomic_and_non_actuating ... ok
Rust	Test Rust workspace	2026-09-25T04:19:06.0616111Z test producer_runtime_restart_tests::prior_source_generation_loss_remains_restricted_after_p_runtime_evidence_reconnect ... ok
Rust	Test Rust workspace	2026-09-25T04:19:06.0816338Z test producer_runtime_restart_tests::runtime_only_session_replacement_recovers_commit_loss_without_repeated_invalidation ... ok
Rust	Test Rust workspace	2026-09-25T04:19:06.1980408Z test production_read_before_first_part_has_complete_budget_and_detects_missing_parts ... ok
Rust	Test Rust workspace	2026-09-25T04:19:06.2194545Z test qualification_defaults::close_policy_admission_requires_an_explicit_qualification_capability ... ok
Rust	Test Rust workspace	2026-09-25T04:19:06.2861489Z test production_completion_requires_release_and_preserves_original_reply_and_budget ... ok
Rust	Test Rust workspace	2026-09-25T04:19:06.3275361Z test qualification_defaults::procedure_admission_requires_an_explicit_qualification_capability ... ok
Rust	Test Rust workspace	2026-09-25T04:19:06.3721973Z test producer_runtime_restart_tests::p_only_restart_replaces_only_evidence_session_and_preserves_all_authority_records ... ok
Rust	Test Rust workspace	2026-09-25T04:19:06.4140932Z test renewal_uses_durable_sequence_and_original_send_time_without_replaying_permission ... ok
Rust	Test Rust workspace	2026-09-25T04:19:06.4207577Z test recorded_cell_context_tracks_start_intervention_and_real_block_creation_revisions ... ok
Rust	Test Rust workspace	2026-09-25T04:19:06.4384102Z test reconciliation_requests_are_durable_coalesced_and_cannot_claim_release ... ok
Rust	Test Rust workspace	2026-09-25T04:19:06.4547342Z test resolved_plan_binding_and_digest_cannot_be_substituted_in_cell_configuration ... ok
Rust	Test Rust workspace	2026-09-25T04:19:06.5326177Z test repeated_disputed_samples_do_not_create_unbounded_latches_but_a_new_episode_does ... ok
Rust	Test Rust workspace	2026-09-25T04:19:06.5681347Z test restarting_runtime_preserves_consumption_and_revokes_mandate ... ok
Rust	Test Rust workspace	2026-09-25T04:19:06.6202011Z test runtime_invalidation_tests::consecutive_restarts_keep_each_immutable_origin_and_old_block_readable ... ok
Rust	Test Rust workspace	2026-09-25T04:19:06.6239026Z test runtime_invalidation_tests::first_runtime_restart_records_the_exact_before_and_after_boundaries ... ok
Rust	Test Rust workspace	2026-09-25T04:19:06.6294024Z test role_revocation_is_checked_before_cached_result_lookup ... ok
Rust	Test Rust workspace	2026-09-25T04:19:06.6910606Z test runtime_invalidation_tests::older_runtime_restart_reasons_and_operator_holds_do_not_acquire_origins ... ok
Rust	Test Rust workspace	2026-09-25T04:19:06.7002873Z test runtime_invalidation_tests::origin_lookup_rejects_wrong_identity_and_does_not_accept_a_changed_block ... ok
Rust	Test Rust workspace	2026-09-25T04:19:06.7666195Z test runtime_invalidation_tests::origin_recording_preserves_source_facts_and_existing_run_budget_on_restart ... ok
Rust	Test Rust workspace	2026-09-25T04:19:06.8068369Z test runtime_invalidation_tests::restart_origin_and_restriction_commit_together_even_when_the_reply_is_lost ... ok
Rust	Test Rust workspace	2026-09-25T04:19:06.9153473Z test runtime_invalidation_tests::runtime_restriction_view_checks_current_roles_cell_access_and_preserves_authority_state ... ok
Rust	Test Rust workspace	2026-09-25T04:19:06.9573539Z test same_slot_new_key_and_lost_reply_do_not_create_another_operation ... ok
Rust	Test Rust workspace	2026-09-25T04:19:06.9917513Z test service_roles_cannot_impersonate_human_procedure_reporters_or_case_leads ... ok
Rust	Test Rust workspace	2026-09-25T04:19:07.0971001Z test stale_observation_and_wrong_executor_do_not_reach_t1 ... ok
Rust	Test Rust workspace	2026-09-25T04:19:07.1451152Z test stale_procedure_report_keeps_external_fact_and_latch_but_never_grants_entry ... ok
Rust	Test Rust workspace	2026-09-25T04:19:07.1806703Z test runtime_stop_barrier_is_atomic_blocks_new_authority_and_keeps_unknown_work ... ok
Rust	Test Rust workspace	2026-09-25T04:19:07.1901760Z test start_requires_all_hosts_and_cannot_be_completed_by_partial_ack ... ok
Rust	Test Rust workspace	2026-09-25T04:19:07.3082290Z test t1_failure_rolls_back_slot_resource_permit_and_outbox_together ... ok
Rust	Test Rust workspace	2026-09-25T04:19:07.3571397Z test uncommissioned_cell_cannot_start_from_package_presence ... ok
Rust	Test Rust workspace	2026-09-25T04:19:07.3802621Z test t2_commits_native_evidence_outcome_and_contiguous_cursor_atomically ... ok
Rust	Test Rust workspace	2026-09-25T04:19:07.4103529Z test resource_release_requires_all_current_handover_facts ... ok
Rust	Test Rust workspace	2026-09-25T04:19:07.4122016Z test unregistered_terminal_cannot_start_even_with_operator_role ... ok
Rust	Test Rust workspace	2026-09-25T04:19:07.4529002Z test user_session_requires_its_issued_terminal_binding_and_registry_revision ... ok
Rust	Test Rust workspace	2026-09-25T04:19:07.5467205Z test t2_rollback_and_lost_ack_preserve_exactly_one_recorded_result ... ok
Rust	Test Rust workspace	2026-09-25T04:19:07.6971289Z test wait_deadline_and_success_are_decided_by_p_and_cannot_be_reset_by_retries ... ok
Rust	Test Rust workspace	2026-09-25T04:19:07.6972140Z 
Rust	Test Rust workspace	2026-09-25T04:19:07.6972695Z test result: ok. 240 passed; 0 failed; 0 ignored; 0 measured; 0 filtered out; finished in 31.15s
Rust	Test Rust workspace	2026-09-25T04:19:07.6973497Z 
Rust	Test Rust workspace	2026-09-25T04:19:07.6984651Z ^[[1m^[[92m     Running^[[0m unittests src/lib.rs (target/debug/deps/rx_domain-cf4c45d8f28ba785)
Rust	Test Rust workspace	2026-09-25T04:19:07.6995407Z 
Rust	Test Rust workspace	2026-09-25T04:19:07.6995667Z running 0 tests
Rust	Test Rust workspace	2026-09-25T04:19:07.6995827Z 
Rust	Test Rust workspace	2026-09-25T04:19:07.6996098Z test result: ok. 0 passed; 0 failed; 0 ignored; 0 measured; 0 filtered out; finished in 0.00s
Rust	Test Rust workspace	2026-09-25T04:19:07.6996484Z 
Rust	Test Rust workspace	2026-09-25T04:19:07.6998632Z ^[[1m^[[92m     Running^[[0m tests/cell_invariants.rs (target/debug/deps/cell_invariants-d0c73cf87a5e96a3)
Rust	Test Rust workspace	2026-09-25T04:19:07.7008242Z 
Rust	Test Rust workspace	2026-09-25T04:19:07.7008441Z running 4 tests
Rust	Test Rust workspace	2026-09-25T04:19:07.7012530Z test duplicate_or_empty_scope_vectors_do_not_vacuously_authorize ... ok
Rust	Test Rust workspace	2026-09-25T04:19:07.7013296Z test last_counted_part_can_continue_but_a_new_part_cannot_be_created ... ok
Rust	Test Rust workspace	2026-09-25T04:19:07.7014105Z test stale_vector_does_not_regress_or_partially_update_any_scope ... ok
Rust	Test Rust workspace	2026-09-25T04:19:07.7014802Z test setup_and_material_budgets_are_not_interchangeable ... ok
Rust	Test Rust workspace	2026-09-25T04:19:07.7016184Z 
Rust	Test Rust workspace	2026-09-25T04:19:07.7017008Z test result: ok. 4 passed; 0 failed; 0 ignored; 0 measured; 0 filtered out; finished in 0.00s
Rust	Test Rust workspace	2026-09-25T04:19:07.7017620Z 
Rust	Test Rust workspace	2026-09-25T04:19:07.7018044Z ^[[1m^[[92m     Running^[[0m tests/contracts.rs (target/debug/deps/contracts-fc939fca5713cae6)
Rust	Test Rust workspace	2026-09-25T04:19:07.7026720Z 
Rust	Test Rust workspace	2026-09-25T04:19:07.7026988Z running 16 tests
Rust	Test Rust workspace	2026-09-25T04:19:07.7031423Z test any_uses_a_valid_witness_deadline_and_all_uses_the_earliest_deadline ... ok
Rust	Test Rust workspace	2026-09-25T04:19:07.7032426Z test counters_preserve_full_width_and_reject_json_numbers ... ok
Rust	Test Rust workspace	2026-09-25T04:19:07.7033209Z test condition_schema_is_closed ... ok
Rust	Test Rust workspace	2026-09-25T04:19:07.7034659Z test frozen_cv02_negative_zero_and_cv03_false ... ok
Rust	Test Rust workspace	2026-09-25T04:19:07.7037144Z test oneof_presence_and_false_are_not_missing_or_null ... ok
Rust	Test Rust workspace	2026-09-25T04:19:07.7037792Z test frozen_cv01_canonical_bytes_and_digest ... ok
Rust	Test Rust workspace	2026-09-25T04:19:07.7038684Z test duplicate_conclusion_is_idempotent_and_empty_proof_rejected ... ok
Rust	Test Rust workspace	2026-09-25T04:19:07.7047705Z test input_rejects_unknown_duplicate_and_incompatible_fields ... ok
Rust	Test Rust workspace	2026-09-25T04:19:07.7048816Z test quality_alone_never_proves_freshness_generation_or_unit ... ok
Rust	Test Rust workspace	2026-09-25T04:19:07.7051519Z test resource_order_is_not_semantic_but_duplicates_are_invalid ... ok
Rust	Test Rust workspace	2026-09-25T04:19:07.7052503Z test profile_calibration_and_rule_change_identity ... ok
Rust	Test Rust workspace	2026-09-25T04:19:07.7053244Z test source_age_not_callback_time_controls_freshness ... ok
Rust	Test Rust workspace	2026-09-25T04:19:07.7053921Z test strict_json_rejects_trailing_bytes_and_duplicate_escaped_keys ... ok
Rust	Test Rust workspace	2026-09-25T04:19:07.7054782Z test three_valued_groups_and_invalid_hidden_branch ... ok
Rust	Test Rust workspace	2026-09-25T04:19:07.7055497Z test response_loss_and_running_poll_never_create_a_result ... ok
Rust	Test Rust workspace	2026-09-25T04:19:07.7056387Z test terminal_success_does_not_release_and_conflicting_result_is_preserved ... ok
Rust	Test Rust workspace	2026-09-25T04:19:07.7056966Z 
Rust	Test Rust workspace	2026-09-25T04:19:07.7057681Z test result: ok. 16 passed; 0 failed; 0 ignored; 0 measured; 0 filtered out; finished in 0.00s
Rust	Test Rust workspace	2026-09-25T04:19:07.7058277Z 
Rust	Test Rust workspace	2026-09-25T04:19:07.7066672Z 
Rust	Test Rust workspace	2026-09-25T04:19:07.7066922Z running 5 tests
Rust	Test Rust workspace	2026-09-25T04:19:07.7068241Z ^[[1m^[[92m     Running^[[0m tests/restoration.rs (target/debug/deps/restoration-5be3e192e86975f1)
Rust	Test Rust workspace	2026-09-25T04:19:07.7072990Z test duplicate_or_overbudget_history_is_corruption_not_a_refund ... ok
Rust	Test Rust workspace	2026-09-25T04:19:07.7074141Z test historical_dispute_survives_restart_without_rewriting_success ... ok
Rust	Test Rust workspace	2026-09-25T04:19:07.7075099Z test restoring_reconciling_operation_preserves_unknown_and_quarantine ... ok
Rust	Test Rust workspace	2026-09-25T04:19:07.7075708Z test restoring_run_budget_never_refunds_consumption ... ok
Rust	Test Rust workspace	2026-09-25T04:19:07.7076275Z test stored_state_cannot_claim_success_without_terminal_evidence ... ok
Rust	Test Rust workspace	2026-09-25T04:19:07.7076679Z 
Rust	Test Rust workspace	2026-09-25T04:19:07.7077033Z test result: ok. 5 passed; 0 failed; 0 ignored; 0 measured; 0 filtered out; finished in 0.00s
Rust	Test Rust workspace	2026-09-25T04:19:07.7077491Z 
Rust	Test Rust workspace	2026-09-25T04:19:07.7077998Z ^[[1m^[[92m     Running^[[0m unittests src/lib.rs (target/debug/deps/rx_host_client-5d340ccb410a79d2)
Rust	Test Rust workspace	2026-09-25T04:19:07.7092809Z 
Rust	Test Rust workspace	2026-09-25T04:19:07.7092969Z running 13 tests
Rust	Test Rust workspace	2026-09-25T04:19:07.7103566Z test configuration_worker::tests::configuration_worker_propagates_writer_failure_and_never_contacts_host ... ok
Rust	Test Rust workspace	2026-09-25T04:19:07.7106983Z test connection::diagnostic::tests::stage_and_typed_reason_survive_without_logging_remote_text ... ok
Rust	Test Rust workspace	2026-09-25T04:19:07.7108772Z test bootstrap::provenance_tests::credential_bearing_and_non_origin_endpoints_are_rejected_before_tls ... ok
Rust	Test Rust workspace	2026-09-25T04:19:07.7110506Z test connection::diagnostic::tests::varying_timing_does_not_repeat_the_same_failure ... ok
Rust	Test Rust workspace	2026-09-25T04:19:07.7111933Z test connection::tests::closed_owner_while_waiting_for_producer_stops_without_connecting ... ok
Rust	Test Rust workspace	2026-09-25T04:19:07.7113363Z test delivery::diagnostic::tests::excludes_rpc_metadata_details_structured_bodies_and_request_identifiers ... ok
Rust	Test Rust workspace	2026-09-25T04:19:07.7114937Z test delivery::reconciliation::tests::unavailable_read_retries_but_broken_proof_and_revoked_authority_do_not ... ok
Rust	Test Rust workspace	2026-09-25T04:19:07.7116550Z test delivery::diagnostic::tests::suppresses_only_consecutive_identical_diagnostics_and_keeps_writer_reason ... ok
Rust	Test Rust workspace	2026-09-25T04:19:07.7118239Z test configuration_worker::tests::configuration_worker_stops_while_a_writer_reply_is_pending ... ok
Rust	Test Rust workspace	2026-09-25T04:19:07.7120044Z test observation::tests::maintained_monitor_does_not_hide_writer_failure_or_run_after_owner_disappears ... ok
Rust	Test Rust workspace	2026-09-25T04:19:07.7121584Z test service_health::tests::a_relay_cannot_label_another_services_samples_with_its_owner ... ok
Rust	Test Rust workspace	2026-09-25T04:19:07.7275137Z test delivery::diagnostic::tests::bounds_the_complete_json_line_including_unicode_escaping_and_newline ... ok
Rust	Test Rust workspace	2026-09-25T04:19:07.7369624Z test observation::tests::maintained_monitor_polls_independently_and_obeys_owner_stop ... ok
Rust	Test Rust workspace	2026-09-25T04:19:07.7370126Z 
Rust	Test Rust workspace	2026-09-25T04:19:07.7370403Z test result: ok. 13 passed; 0 failed; 0 ignored; 0 measured; 0 filtered out; finished in 0.03s
Rust	Test Rust workspace	2026-09-25T04:19:07.7370767Z 
Rust	Test Rust workspace	2026-09-25T04:19:07.7373943Z ^[[1m^[[92m     Running^[[0m tests/configuration_e2e.rs (target/debug/deps/configuration_e2e-6ffde22abfa2b64a)
Rust	Test Rust workspace	2026-09-25T04:19:07.7395542Z 
Rust	Test Rust workspace	2026-09-25T04:19:07.7395718Z running 2 tests
Rust	Test Rust workspace	2026-09-25T04:19:07.7396904Z test configuration_coordinator_persists_request_and_recovers_real_host_reply_loss ... ignored, tools/test_host_configuration_e2e.sh supplies S simulation server
Rust	Test Rust workspace	2026-09-25T04:19:07.7398149Z test configuration_reply_loss_recovers_same_receipt_and_restarted_host_stays_unqualified ... ignored, tools/test_host_configuration_e2e.sh supplies S simulation server
Rust	Test Rust workspace	2026-09-25T04:19:07.7398765Z 
Rust	Test Rust workspace	2026-09-25T04:19:07.7399017Z test result: ok. 0 passed; 0 failed; 2 ignored; 0 measured; 0 filtered out; finished in 0.00s
Rust	Test Rust workspace	2026-09-25T04:19:07.7399596Z 
Rust	Test Rust workspace	2026-09-25T04:19:07.7400254Z ^[[1m^[[92m     Running^[[0m tests/network_e2e.rs (target/debug/deps/network_e2e-8cee081d422037a8)
Rust	Test Rust workspace	2026-09-25T04:19:07.7418972Z 
Rust	Test Rust workspace	2026-09-25T04:19:07.7419571Z running 3 tests
Rust	Test Rust workspace	2026-09-25T04:19:07.7420655Z test application_outbox_reaches_mtls_host_and_t2_commits_the_result ... ignored, tools/test_host_e2e.sh builds the separate Host fixture and supplies its path
Rust	Test Rust workspace	2026-09-25T04:19:07.7421879Z test automatic_dispatcher_recovers_a_lost_authorize_reply_without_native_reexecution ... ignored, tools/test_host_e2e.sh builds the separate Host fixture and supplies its path
Rust	Test Rust workspace	2026-09-25T04:19:07.7423178Z test remote_executor_submission_and_host_reply_loss_preserve_one_native_effect_per_slot ... ignored, tools/test_host_e2e.sh supplies the separate Host server
Rust	Test Rust workspace	2026-09-25T04:19:07.7424207Z 
Rust	Test Rust workspace	2026-09-25T04:19:07.7424588Z ^[[1m^[[92m     Running^[[0m unittests src/lib.rs (target/debug/deps/rx_package-09a7e62a4ef4d03f)
Rust	Test Rust workspace	2026-09-25T04:19:07.7425206Z test result: ok. 0 passed; 0 failed; 3 ignored; 0 measured; 0 filtered out; finished in 0.00s
Rust	Test Rust workspace	2026-09-25T04:19:07.7425555Z 
Rust	Test Rust workspace	2026-09-25T04:19:07.7432779Z 
Rust	Test Rust workspace	2026-09-25T04:19:07.7433087Z running 0 tests
Rust	Test Rust workspace	2026-09-25T04:19:07.7433303Z 
Rust	Test Rust workspace	2026-09-25T04:19:07.7433720Z test result: ok. 0 passed; 0 failed; 0 ignored; 0 measured; 0 filtered out; finished in 0.00s
Rust	Test Rust workspace	2026-09-25T04:19:07.7434179Z 
Rust	Test Rust workspace	2026-09-25T04:19:07.7435483Z ^[[1m^[[92m     Running^[[0m tests/operating_area.rs (target/debug/deps/operating_area-bfedab5cdeaf6f01)
Rust	Test Rust workspace	2026-09-25T04:19:07.7444619Z 
Rust	Test Rust workspace	2026-09-25T04:19:07.7444788Z running 3 tests
Rust	Test Rust workspace	2026-09-25T04:19:07.7448845Z test catalog_rejects_each_ambiguous_declaration_before_map_construction ... ok
Rust	Test Rust workspace	2026-09-25T04:19:07.7452341Z test judge_approves_only_its_bounded_nonactuating_report_rule ... ok
Rust	Test Rust workspace	2026-09-25T04:19:07.7455769Z test each_area_checks_its_own_limits_role_and_program ... ok
Rust	Test Rust workspace	2026-09-25T04:19:07.7456227Z 
Rust	Test Rust workspace	2026-09-25T04:19:07.7456621Z test result: ok. 3 passed; 0 failed; 0 ignored; 0 measured; 0 filtered out; finished in 0.00s
Rust	Test Rust workspace	2026-09-25T04:19:07.7456991Z 
Rust	Test Rust workspace	2026-09-25T04:19:07.7458089Z ^[[1m^[[92m     Running^[[0m tests/release.rs (target/debug/deps/release-753c160ac7f0594e)
Rust	Test Rust workspace	2026-09-25T04:19:07.7468675Z 
Rust	Test Rust workspace	2026-09-25T04:19:07.7468842Z running 3 tests
Rust	Test Rust workspace	2026-09-25T04:19:07.8227608Z test compiled_root_distinguishes_unsigned_signature_key_and_content_refusals ... ok
Rust	Test Rust workspace	2026-09-25T04:19:07.9181677Z test revocation_survives_denied_candidate_restart_and_replayed_or_shrunk_lists ... ok
Rust	Test Rust workspace	2026-09-25T04:19:07.9619181Z test durable_floor_rejects_restart_downgrade_and_same_version_equivocation ... ok
Rust	Test Rust workspace	2026-09-25T04:19:07.9620244Z 
Rust	Test Rust workspace	2026-09-25T04:19:07.9620700Z test result: ok. 3 passed; 0 failed; 0 ignored; 0 measured; 0 filtered out; finished in 0.21s
Rust	Test Rust workspace	2026-09-25T04:19:07.9621320Z 
Rust	Test Rust workspace	2026-09-25T04:19:07.9623471Z ^[[1m^[[92m     Running^[[0m tests/verification.rs (target/debug/deps/verification-ed38e3354ae76546)
Rust	Test Rust workspace	2026-09-25T04:19:07.9634326Z 
Rust	Test Rust workspace	2026-09-25T04:19:07.9634501Z running 21 tests
Rust	Test Rust workspace	2026-09-25T04:19:07.9660559Z test canonical_set_order_is_stable_and_duplicate_json_fields_are_rejected ... ok
Rust	Test Rust workspace	2026-09-25T04:19:07.9780198Z test closed_paths_and_inventory_reject_traversal_aliases_and_hidden_files ... ok
Rust	Test Rust workspace	2026-09-25T04:19:07.9920205Z test a_dependency_verified_before_key_revocation_is_not_retrusted_implicitly ... ok
Rust	Test Rust workspace	2026-09-25T04:19:08.0040142Z test deeply_nested_valid_package_roundtrips_and_excess_file_inventory_is_bounded ... ok
Rust	Test Rust workspace	2026-09-25T04:19:08.0081855Z test dependency_cannot_pull_an_older_copy_of_the_root_back_into_the_bundle ... ok
Rust	Test Rust workspace	2026-09-25T04:19:08.0265736Z test device_reference_v2_has_explicit_version_and_no_executable_payload ... ok
Rust	Test Rust workspace	2026-09-25T04:19:08.0284828Z test directory_verification_owns_bytes_and_rejects_links ... ok
Rust	Test Rust workspace	2026-09-25T04:19:08.0444764Z test dependency_closure_is_pinned_and_rechecked_against_current_trust ... ok
Rust	Test Rust workspace	2026-09-25T04:19:08.0596390Z test package_kind_target_contract_and_publisher_scope_are_checked ... ok
Rust	Test Rust workspace	2026-09-25T04:19:08.0620158Z test policy_document_requires_explicit_v2_schema_for_additional_abis ... ok
Rust	Test Rust workspace	2026-09-25T04:19:08.0670190Z test object_corruption_is_not_repaired_by_repeat_import ... ok
Rust	Test Rust workspace	2026-09-25T04:19:08.0690084Z test relative_review_artifact_reads_are_bounded_and_reject_link_components ... ok
Rust	Test Rust workspace	2026-09-25T04:19:08.0729986Z test object_survives_source_change_restart_and_repeat_import_without_trust_persistence ... ok
Rust	Test Rust workspace	2026-09-25T04:19:08.0876124Z test explicit_multi_abi_policy_preserves_manifest_kind_target_and_trust_checks ... ok
Rust	Test Rust workspace	2026-09-25T04:19:08.0910442Z test policy_reader_pins_exact_bytes_and_reacquires_dependencies ... ok
Rust	Test Rust workspace	2026-09-25T04:19:08.1047371Z test signed_content_is_immutable_and_signature_is_bound_to_key_identity ... ok
Rust	Test Rust workspace	2026-09-25T04:19:08.1176483Z test signing_key_alias_has_distinct_object_and_misnamed_valid_objects_are_rejected ... ok
Rust	Test Rust workspace	2026-09-25T04:19:08.1200497Z test verification_policy_fingerprint_preserves_all_u64_limits ... ok
Rust	Test Rust workspace	2026-09-25T04:19:08.1212118Z test store_and_import_reject_symlinks_and_store_handles_survive_root_path_replacement ... ok
Rust	Test Rust workspace	2026-09-25T04:19:08.1235936Z test store_ownership_marker_and_unpublished_objects_cannot_be_bypassed ... ok
Rust	Test Rust workspace	2026-09-25T04:19:08.1548756Z test stored_package_dependencies_are_rechecked_after_revocation ... ok
Rust	Test Rust workspace	2026-09-25T04:19:08.1549295Z 
Rust	Test Rust workspace	2026-09-25T04:19:08.1549898Z test result: ok. 21 passed; 0 failed; 0 ignored; 0 measured; 0 filtered out; finished in 0.19s
Rust	Test Rust workspace	2026-09-25T04:19:08.1550372Z 
Rust	Test Rust workspace	2026-09-25T04:19:08.1553963Z ^[[1m^[[92m     Running^[[0m unittests src/lib.rs (target/debug/deps/rx_platformd-b30bfceb3e731eab)
Rust	Test Rust workspace	2026-09-25T04:19:08.1563663Z 
Rust	Test Rust workspace	2026-09-25T04:19:08.1563886Z running 0 tests
Rust	Test Rust workspace	2026-09-25T04:19:08.1564128Z 
Rust	Test Rust workspace	2026-09-25T04:19:08.1564421Z test result: ok. 0 passed; 0 failed; 0 ignored; 0 measured; 0 filtered out; finished in 0.00s
Rust	Test Rust workspace	2026-09-25T04:19:08.1564824Z 
Rust	Test Rust workspace	2026-09-25T04:19:08.1566864Z ^[[1m^[[92m     Running^[[0m unittests src/bin/rx-package-store.rs (target/debug/deps/rx_package_store-19e87b926dd658ae)
Rust	Test Rust workspace	2026-09-25T04:19:08.1575700Z 
Rust	Test Rust workspace	2026-09-25T04:19:08.1575861Z running 0 tests
Rust	Test Rust workspace	2026-09-25T04:19:08.1576135Z 
Rust	Test Rust workspace	2026-09-25T04:19:08.1576422Z test result: ok. 0 passed; 0 failed; 0 ignored; 0 measured; 0 filtered out; finished in 0.00s
Rust	Test Rust workspace	2026-09-25T04:19:08.1576817Z 
Rust	Test Rust workspace	2026-09-25T04:19:08.1578700Z ^[[1m^[[92m     Running^[[0m unittests src/main.rs (target/debug/deps/rx_platformd-359236fa9fd9abbe)
Rust	Test Rust workspace	2026-09-25T04:19:08.1587330Z 
Rust	Test Rust workspace	2026-09-25T04:19:08.1587458Z running 0 tests
Rust	Test Rust workspace	2026-09-25T04:19:08.1587696Z 
Rust	Test Rust workspace	2026-09-25T04:19:08.1587965Z test result: ok. 0 passed; 0 failed; 0 ignored; 0 measured; 0 filtered out; finished in 0.00s
Rust	Test Rust workspace	2026-09-25T04:19:08.1588341Z 
Rust	Test Rust workspace	2026-09-25T04:19:08.1590628Z ^[[1m^[[92m     Running^[[0m tests/composition.rs (target/debug/deps/composition-c5e0e20bc272a536)
Rust	Test Rust workspace	2026-09-25T04:19:08.1612556Z 
Rust	Test Rust workspace	2026-09-25T04:19:08.1612727Z running 10 tests
Rust	Test Rust workspace	2026-09-25T04:19:09.9211637Z test configured_operator_ui_is_verified_before_installation_and_rejects_mutable_roots ... ok
Rust	Test Rust workspace	2026-09-25T04:19:11.8563929Z test configured_operator_ui_serves_over_terminal_https_without_creating_runs_or_qualification ... ok
Rust	Test Rust workspace	2026-09-25T04:19:11.8565337Z test export_container_fixture ... ignored, tools/test_platform_image.py requests isolated temporary container inputs
Rust	Test Rust workspace	2026-09-25T04:19:12.7626435Z test invalid_pins_or_catalog_never_publish_a_partial_installation ... ok
Rust	Test Rust workspace	2026-09-25T04:19:13.8370940Z test configured_package_intake_uses_real_terminal_https_and_retains_history_across_restart ... ok
Rust	Test Rust workspace	2026-09-25T04:19:14.7310880Z test composed_startup_restart_and_stop_preserve_store_and_never_start_a_run ... ok
Rust	Test Rust workspace	2026-09-25T04:19:14.7490694Z test operator_ui_compares_resolved_aliases_with_missing_directory_suffixes ... ok
Rust	Test Rust workspace	2026-09-25T04:19:15.0007246Z test configured_process_review_records_separate_account_approval_over_terminal_https ... ok
Rust	Test Rust workspace	2026-09-25T04:19:15.4048648Z test operator_ui_rejects_parent_traversal_in_mutable_directory_locations ... ok
Rust	Test Rust workspace	2026-09-25T04:19:15.8797589Z test linux_executable_uses_shared_clock_and_sigterm_commits_process_stop ... ok
Rust	Test Rust workspace	2026-09-25T04:19:15.8798244Z 
Rust	Test Rust workspace	2026-09-25T04:19:15.8798683Z test result: ok. 9 passed; 0 failed; 1 ignored; 0 measured; 0 filtered out; finished in 7.72s
Rust	Test Rust workspace	2026-09-25T04:19:15.8799273Z 
Rust	Test Rust workspace	2026-09-25T04:19:15.8842561Z ^[[1m^[[92m     Running^[[0m tests/delivery_fixture.rs (target/debug/deps/delivery_fixture-d36f1332f2816026)
Rust	Test Rust workspace	2026-09-25T04:19:15.8855220Z 
Rust	Test Rust workspace	2026-09-25T04:19:15.8855397Z running 3 tests
Rust	Test Rust workspace	2026-09-25T04:19:15.8858045Z test export_delivery_final ... ignored, explicit phase77 final export; requires actual S product compiler/package outputs
Rust	Test Rust workspace	2026-09-25T04:19:15.8859657Z test export_delivery_seed ... ignored, explicit phase77 seed export; requires a fresh output directory
Rust	Test Rust workspace	2026-09-25T04:19:15.8860818Z test sign_delivery ... ignored, explicit external test-only signer; never a product signing service
Rust	Test Rust workspace	2026-09-25T04:19:15.8861524Z 
Rust	Test Rust workspace	2026-09-25T04:19:15.8861930Z test result: ok. 0 passed; 0 failed; 3 ignored; 0 measured; 0 filtered out; finished in 0.00s
Rust	Test Rust workspace	2026-09-25T04:19:15.8862707Z 
Rust	Test Rust workspace	2026-09-25T04:19:15.8863092Z ^[[1m^[[92m     Running^[[0m unittests src/lib.rs (target/debug/deps/rx_ports-c834cce2dddbde46)
Rust	Test Rust workspace	2026-09-25T04:19:15.8870109Z 
Rust	Test Rust workspace	2026-09-25T04:19:15.8870430Z running 0 tests
Rust	Test Rust workspace	2026-09-25T04:19:15.8870857Z 
Rust	Test Rust workspace	2026-09-25T04:19:15.8871278Z test result: ok. 0 passed; 0 failed; 0 ignored; 0 measured; 0 filtered out; finished in 0.00s
Rust	Test Rust workspace	2026-09-25T04:19:15.8871808Z 
Rust	Test Rust workspace	2026-09-25T04:19:15.8873073Z ^[[1m^[[92m     Running^[[0m unittests src/lib.rs (target/debug/deps/rx_process_contract-cd8724eef0ab0226)
Rust	Test Rust workspace	2026-09-25T04:19:15.8882995Z 
Rust	Test Rust workspace	2026-09-25T04:19:15.8883194Z running 5 tests
Rust	Test Rust workspace	2026-09-25T04:19:15.8900328Z test device_catalog::tests::duplicate_conditions_are_rejected_instead_of_normalized_away ... ok
Rust	Test Rust workspace	2026-09-25T04:19:15.8920860Z test compile_input::tests::altered_bundle_source_is_not_accepted_under_the_original_digest ... ok
Rust	Test Rust workspace	2026-09-25T04:19:15.8922204Z test source_validation::tests::a_full_error_budget_does_not_attempt_to_follow_missing_nodes ... ok
Rust	Test Rust workspace	2026-09-25T04:19:15.8928695Z test source_validation::tests::source_validation_does_not_claim_binding_or_package_approval ... ok
Rust	Test Rust workspace	2026-09-25T04:19:15.8940798Z test source_validation::tests::recursive_calls_unreachable_nodes_and_expansion_overflow_are_invalid ... ok
Rust	Test Rust workspace	2026-09-25T04:19:15.8941244Z 
Rust	Test Rust workspace	2026-09-25T04:19:15.8941509Z test result: ok. 5 passed; 0 failed; 0 ignored; 0 measured; 0 filtered out; finished in 0.01s
Rust	Test Rust workspace	2026-09-25T04:19:15.8941885Z 
Rust	Test Rust workspace	2026-09-25T04:19:15.8943506Z ^[[1m^[[92m     Running^[[0m tests/native_outcome.rs (target/debug/deps/native_outcome-dc878e1a99df7601)
Rust	Test Rust workspace	2026-09-25T04:19:15.8952717Z 
Rust	Test Rust workspace	2026-09-25T04:19:15.8952885Z running 2 tests
Rust	Test Rust workspace	2026-09-25T04:19:15.8957101Z test table_is_strict_data_and_missing_pair_cannot_resolve ... ok
Rust	Test Rust workspace	2026-09-25T04:19:15.8958071Z test table_rejects_duplicates_conflicts_and_oversized_code_sets ... ok
Rust	Test Rust workspace	2026-09-25T04:19:15.8958715Z 
Rust	Test Rust workspace	2026-09-25T04:19:15.8959214Z test result: ok. 2 passed; 0 failed; 0 ignored; 0 measured; 0 filtered out; finished in 0.00s
Rust	Test Rust workspace	2026-09-25T04:19:15.8960026Z 
Rust	Test Rust workspace	2026-09-25T04:19:15.8960643Z ^[[1m^[[92m     Running^[[0m unittests src/lib.rs (target/debug/deps/rx_protocol-8e600f775fe2c348)
Rust	Test Rust workspace	2026-09-25T04:19:15.8970271Z 
Rust	Test Rust workspace	2026-09-25T04:19:15.8970429Z running 1 test
Rust	Test Rust workspace	2026-09-25T04:19:15.9118108Z test checkpoint_rejection::tests::text_transport_errors_and_malformed_or_duplicated_details_do_not_prove_rejection ... ok
Rust	Test Rust workspace	2026-09-25T04:19:15.9118630Z 
Rust	Test Rust workspace	2026-09-25T04:19:15.9118894Z test result: ok. 1 passed; 0 failed; 0 ignored; 0 measured; 0 filtered out; finished in 0.01s
Rust	Test Rust workspace	2026-09-25T04:19:15.9119258Z 
Rust	Test Rust workspace	2026-09-25T04:19:15.9125246Z ^[[1m^[[92m     Running^[[0m tests/grpc_boundary.rs (target/debug/deps/grpc_boundary-cbfdad1df6ab9d49)
Rust	Test Rust workspace	2026-09-25T04:19:15.9138061Z 
Rust	Test Rust workspace	2026-09-25T04:19:15.9138334Z running 1 test
Rust	Test Rust workspace	2026-09-25T04:19:15.9327558Z test malformed_wire_never_reaches_generated_service_handler ... ok
Rust	Test Rust workspace	2026-09-25T04:19:15.9328197Z 
Rust	Test Rust workspace	2026-09-25T04:19:15.9328712Z test result: ok. 1 passed; 0 failed; 0 ignored; 0 measured; 0 filtered out; finished in 0.02s
Rust	Test Rust workspace	2026-09-25T04:19:15.9329690Z 
Rust	Test Rust workspace	2026-09-25T04:19:15.9336581Z ^[[1m^[[92m     Running^[[0m tests/strict_conformance.rs (target/debug/deps/strict_conformance-377f6e82cabf4142)
Rust	Test Rust workspace	2026-09-25T04:19:15.9346436Z 
Rust	Test Rust workspace	2026-09-25T04:19:15.9346774Z running 1 test
Rust	Test Rust workspace	2026-09-25T04:19:16.1393621Z test authored_profile_vectors_check_existing_rust_codec_and_synthetic_guards ... ok
Rust	Test Rust workspace	2026-09-25T04:19:16.1394249Z 
Rust	Test Rust workspace	2026-09-25T04:19:16.1394602Z test result: ok. 1 passed; 0 failed; 0 ignored; 0 measured; 0 filtered out; finished in 0.20s
Rust	Test Rust workspace	2026-09-25T04:19:16.1395244Z 
Rust	Test Rust workspace	2026-09-25T04:19:16.1403647Z ^[[1m^[[92m     Running^[[0m tests/wire.rs (target/debug/deps/wire-6f1fcf181e910857)
Rust	Test Rust workspace	2026-09-25T04:19:16.1417091Z 
Rust	Test Rust workspace	2026-09-25T04:19:16.1417229Z running 11 tests
Rust	Test Rust workspace	2026-09-25T04:19:16.1424048Z test document_manifest_hashes_remain_the_negotiation_identity ... ok
Rust	Test Rust workspace	2026-09-25T04:19:16.1576965Z test core_enum_numbers_and_cell_union_tags_are_stable ... ok
Rust	Test Rust workspace	2026-09-25T04:19:16.1578252Z test explicit_false_zero_and_optional_zero_survive_binary_roundtrip ... ok
Rust	Test Rust workspace	2026-09-25T04:19:16.1579980Z test nested_duplicate_singular_is_not_merged ... ok
Rust	Test Rust workspace	2026-09-25T04:19:16.1580989Z test nonfinite_numbers_rejected_in_scalar_and_packed_vector ... ok
Rust	Test Rust workspace	2026-09-25T04:19:16.1581923Z test json_is_rx_projection_not_protojson ... ok
Rust	Test Rust workspace	2026-09-25T04:19:16.1582808Z test fixed_digest_hex_and_oneof_contracts_are_checked ... ok
Rust	Test Rust workspace	2026-09-25T04:19:16.1583896Z test prost_last_wins_and_unknown_field_behavior_is_blocked_before_decode ... ok
Rust	Test Rust workspace	2026-09-25T04:19:16.1585061Z test unknown_enum_bad_wire_and_varint_overflow_are_rejected ... ok
Rust	Test Rust workspace	2026-09-25T04:19:16.1585792Z test intent_crosses_json_protobuf_domain_without_changing_frozen_digest ... ok
Rust	Test Rust workspace	2026-09-25T04:19:16.1611877Z test numbered_fields_match_frozen_documents_independently_of_generator ... ok
Rust	Test Rust workspace	2026-09-25T04:19:16.1612277Z 
Rust	Test Rust workspace	2026-09-25T04:19:16.1612538Z test result: ok. 11 passed; 0 failed; 0 ignored; 0 measured; 0 filtered out; finished in 0.02s
Rust	Test Rust workspace	2026-09-25T04:19:16.1612879Z 
Rust	Test Rust workspace	2026-09-25T04:19:16.1619142Z ^[[1m^[[92m     Running^[[0m unittests src/lib.rs (target/debug/deps/rx_protocol_adapter-f29592df5d00300b)
Rust	Test Rust workspace	2026-09-25T04:19:16.1629795Z 
Rust	Test Rust workspace	2026-09-25T04:19:16.1629979Z running 2 tests
Rust	Test Rust workspace	2026-09-25T04:19:16.1791859Z test operation::tests::unknown_and_late_contradiction_preserve_distinct_result_integrity_and_release_axes ... ok
Rust	Test Rust workspace	2026-09-25T04:19:16.1818736Z test workflow::tests::frozen_run_view_preserves_counters_slots_and_each_run_state ... ok
Rust	Test Rust workspace	2026-09-25T04:19:16.1819654Z 
Rust	Test Rust workspace	2026-09-25T04:19:16.1820040Z test result: ok. 2 passed; 0 failed; 0 ignored; 0 measured; 0 filtered out; finished in 0.02s
Rust	Test Rust workspace	2026-09-25T04:19:16.1820415Z 
Rust	Test Rust workspace	2026-09-25T04:19:16.1823645Z ^[[1m^[[92m     Running^[[0m tests/evidence.rs (target/debug/deps/evidence-958198b27fc807d2)
Rust	Test Rust workspace	2026-09-25T04:19:16.1832947Z 
Rust	Test Rust workspace	2026-09-25T04:19:16.1833124Z running 2 tests
Rust	Test Rust workspace	2026-09-25T04:19:16.1836266Z test native_result_round_trip_keeps_vendor_id_payload_and_full_width_values ... ok
Rust	Test Rust workspace	2026-09-25T04:19:16.1836915Z test projection_only_evidence_cannot_be_claimed_as_a_complete_source ... ok
Rust	Test Rust workspace	2026-09-25T04:19:16.1837244Z 
Rust	Test Rust workspace	2026-09-25T04:19:16.1837504Z test result: ok. 2 passed; 0 failed; 0 ignored; 0 measured; 0 filtered out; finished in 0.00s
Rust	Test Rust workspace	2026-09-25T04:19:16.1837997Z 
Rust	Test Rust workspace	2026-09-25T04:19:16.1838424Z ^[[1m^[[92m     Running^[[0m unittests src/lib.rs (target/debug/deps/rx_runtime-636d92de1d7b2ad2)
Rust	Test Rust workspace	2026-09-25T04:19:16.1847710Z 
Rust	Test Rust workspace	2026-09-25T04:19:16.1847862Z running 0 tests
Rust	Test Rust workspace	2026-09-25T04:19:16.1849928Z 
Rust	Test Rust workspace	2026-09-25T04:19:16.1850440Z test result: ok. 0 passed; 0 failed; 0 ignored; 0 measured; 0 filtered out; finished in 0.00s
Rust	Test Rust workspace	2026-09-25T04:19:16.1850817Z 
Rust	Test Rust workspace	2026-09-25T04:19:16.1851190Z ^[[1m^[[92m     Running^[[0m tests/writer.rs (target/debug/deps/writer-8ec0e6359f61aa2e)
Rust	Test Rust workspace	2026-09-25T04:19:16.1862258Z 
Rust	Test Rust workspace	2026-09-25T04:19:16.1862476Z running 3 tests
Rust	Test Rust workspace	2026-09-25T04:19:16.1990353Z test dropped_response_still_commits_and_shutdown_drains ... ok
Rust	Test Rust workspace	2026-09-25T04:19:16.2127389Z test normal_load_cannot_consume_control_reserve_and_control_is_scheduled_first ... ok
Rust	Test Rust workspace	2026-09-25T04:19:16.2722788Z test panic_closes_admission_without_retrying_the_command ... ok
Rust	Test Rust workspace	2026-09-25T04:19:16.2723324Z 
Rust	Test Rust workspace	2026-09-25T04:19:16.2723740Z test result: ok. 3 passed; 0 failed; 0 ignored; 0 measured; 0 filtered out; finished in 0.09s
Rust	Test Rust workspace	2026-09-25T04:19:16.2724335Z 
Rust	Test Rust workspace	2026-09-25T04:19:16.2768428Z ^[[1m^[[92m     Running^[[0m unittests src/lib.rs (target/debug/deps/rx_storage-fec7a6b8d46d6510)
Rust	Test Rust workspace	2026-09-25T04:19:16.2780696Z 
Rust	Test Rust workspace	2026-09-25T04:19:16.2780927Z running 4 tests
Rust	Test Rust workspace	2026-09-25T04:19:16.2788059Z test mailbox::tests::partial_publication_and_oversized_input_are_refused_not_erased ... ok
Rust	Test Rust workspace	2026-09-25T04:19:16.2800906Z test mailbox::tests::symlink_and_nonregular_payloads_are_refused_without_following ... ok
Rust	Test Rust workspace	2026-09-25T04:19:16.2803173Z test mailbox::tests::publication_is_immutable_and_live_cooperating_writer_excluded ... ok
Rust	Test Rust workspace	2026-09-25T04:19:16.2922229Z test ownership_close_tests::sqlite_close_failure_retains_ownership_until_process_exit ... ok
Rust	Test Rust workspace	2026-09-25T04:19:16.2922930Z 
Rust	Test Rust workspace	2026-09-25T04:19:16.2923420Z test result: ok. 4 passed; 0 failed; 0 ignored; 0 measured; 0 filtered out; finished in 0.01s
Rust	Test Rust workspace	2026-09-25T04:19:16.2924130Z 
Rust	Test Rust workspace	2026-09-25T04:19:16.2925281Z ^[[1m^[[92m     Running^[[0m tests/atomicity.rs (target/debug/deps/atomicity-1dce903a317d5277)
Rust	Test Rust workspace	2026-09-25T04:19:16.2936017Z 
Rust	Test Rust workspace	2026-09-25T04:19:16.2936169Z running 12 tests
Rust	Test Rust workspace	2026-09-25T04:19:16.3096274Z test one_transaction_commits_state_key_event_and_outbox ... ok
Rust	Test Rust workspace	2026-09-25T04:19:16.3122407Z test control_projection_and_sequence_roll_back_together_and_ignore_audit_appends ... ok
Rust	Test Rust workspace	2026-09-25T04:19:16.3181738Z test metadata_compatibility_upgrade_preserves_record_bytes_and_rejects_future_stores ... ok
Rust	Test Rust workspace	2026-09-25T04:19:16.3259787Z test online_backup_preserves_committed_state_without_copying_live_db_file ... ok
Rust	Test Rust workspace	2026-09-25T04:19:16.3334468Z test request_identity_survives_reopening_and_namespace_isolated ... ok
Rust	Test Rust workspace	2026-09-25T04:19:16.3431230Z test pending_outbox_pages_are_exclusive_and_do_not_starve_later_ids ... ok
Rust	Test Rust workspace	2026-09-25T04:19:16.3436721Z test schema_upgrade_preserves_emitted_work_and_delivered_records_never_resurrect ... ok
Rust	Test Rust workspace	2026-09-25T04:19:16.3465297Z test failure_at_each_commit_component_rolls_everything_back ... ok
Rust	Test Rust workspace	2026-09-25T04:19:16.3477318Z test second_runtime_cannot_open_owned_database ... ok
Rust	Test Rust workspace	2026-09-25T04:19:16.3558940Z test stale_revision_does_not_partially_record_an_event ... ok
Rust	Test Rust workspace	2026-09-25T04:19:16.3568828Z test snapshot_is_a_cut_and_after_is_exclusive ... ok
Rust	Test Rust workspace	2026-09-25T04:19:16.3572159Z test voided_outbox_cannot_be_resurrected_or_sent ... ok
Rust	Test Rust workspace	2026-09-25T04:19:16.3572600Z 
Rust	Test Rust workspace	2026-09-25T04:19:16.3573022Z test result: ok. 12 passed; 0 failed; 0 ignored; 0 measured; 0 filtered out; finished in 0.06s
Rust	Test Rust workspace	2026-09-25T04:19:16.3573636Z 
Rust	Test Rust workspace	2026-09-25T04:19:16.3576568Z ^[[1m^[[92m     Running^[[0m tests/ownership.rs (target/debug/deps/ownership-347b8487e114d1f4)
Rust	Test Rust workspace	2026-09-25T04:19:16.3588182Z 
Rust	Test Rust workspace	2026-09-25T04:19:16.3588362Z running 3 tests
Rust	Test Rust workspace	2026-09-25T04:19:16.3627513Z test failed_initialization_releases_its_own_lock_but_failed_acquisition_never_releases_another ... ok
Rust	Test Rust workspace	2026-09-25T04:19:16.3690355Z test live_writer_failed_contenders_and_rollback_preserve_exclusion_then_close_reopens_history ... ok
Rust	Test Rust workspace	2026-09-25T04:19:16.3851802Z test unwinding_transaction_does_not_release_live_owner ... ok
Rust	Test Rust workspace	2026-09-25T04:19:16.3852368Z 
Rust	Test Rust workspace	2026-09-25T04:19:16.3853004Z test result: ok. 3 passed; 0 failed; 0 ignored; 0 measured; 0 filtered out; finished in 0.03s
Rust	Test Rust workspace	2026-09-25T04:19:16.3853603Z 
Rust	Test Rust workspace	2026-09-25T04:19:16.3864672Z ^[[1m^[[92m   Doc-tests^[[0m rx_api
Rust	Test Rust workspace	2026-09-25T04:19:16.5887963Z 
Rust	Test Rust workspace	2026-09-25T04:19:16.5888426Z running 0 tests
Rust	Test Rust workspace	2026-09-25T04:19:16.5888620Z 
Rust	Test Rust workspace	2026-09-25T04:19:16.5888905Z test result: ok. 0 passed; 0 failed; 0 ignored; 0 measured; 0 filtered out; finished in 0.00s
Rust	Test Rust workspace	2026-09-25T04:19:16.5889287Z 
Rust	Test Rust workspace	2026-09-25T04:19:16.5908863Z ^[[1m^[[92m   Doc-tests^[[0m rx_application
Rust	Test Rust workspace	2026-09-25T04:19:17.6471962Z 
Rust	Test Rust workspace	2026-09-25T04:19:17.6472882Z running 0 tests
Rust	Test Rust workspace	2026-09-25T04:19:17.6473097Z 
Rust	Test Rust workspace	2026-09-25T04:19:17.6473377Z test result: ok. 0 passed; 0 failed; 0 ignored; 0 measured; 0 filtered out; finished in 0.00s
Rust	Test Rust workspace	2026-09-25T04:19:17.6473736Z 
Rust	Test Rust workspace	2026-09-25T04:19:17.6488933Z ^[[1m^[[92m   Doc-tests^[[0m rx_domain
Rust	Test Rust workspace	2026-09-25T04:19:17.8068598Z 
Rust	Test Rust workspace	2026-09-25T04:19:17.8069067Z running 0 tests
Rust	Test Rust workspace	2026-09-25T04:19:17.8069587Z 
Rust	Test Rust workspace	2026-09-25T04:19:17.8069986Z test result: ok. 0 passed; 0 failed; 0 ignored; 0 measured; 0 filtered out; finished in 0.00s
Rust	Test Rust workspace	2026-09-25T04:19:17.8070370Z 
Rust	Test Rust workspace	2026-09-25T04:19:17.8085276Z ^[[1m^[[92m   Doc-tests^[[0m rx_host_client
Rust	Test Rust workspace	2026-09-25T04:19:17.8962447Z 
Rust	Test Rust workspace	2026-09-25T04:19:17.8962994Z running 0 tests
Rust	Test Rust workspace	2026-09-25T04:19:17.8963321Z 
Rust	Test Rust workspace	2026-09-25T04:19:17.8963611Z test result: ok. 0 passed; 0 failed; 0 ignored; 0 measured; 0 filtered out; finished in 0.00s
Rust	Test Rust workspace	2026-09-25T04:19:17.8964283Z 
Rust	Test Rust workspace	2026-09-25T04:19:17.8983219Z ^[[1m^[[92m   Doc-tests^[[0m rx_package
Rust	Test Rust workspace	2026-09-25T04:19:18.0266093Z 
Rust	Test Rust workspace	2026-09-25T04:19:18.0266570Z running 0 tests
Rust	Test Rust workspace	2026-09-25T04:19:18.0266827Z 
Rust	Test Rust workspace	2026-09-25T04:19:18.0267196Z test result: ok. 0 passed; 0 failed; 0 ignored; 0 measured; 0 filtered out; finished in 0.00s
Rust	Test Rust workspace	2026-09-25T04:19:18.0267576Z 
Rust	Test Rust workspace	2026-09-25T04:19:18.0284029Z ^[[1m^[[92m   Doc-tests^[[0m rx_platformd
Rust	Test Rust workspace	2026-09-25T04:19:18.0992543Z 
Rust	Test Rust workspace	2026-09-25T04:19:18.0993084Z running 0 tests
Rust	Test Rust workspace	2026-09-25T04:19:18.0993655Z 
Rust	Test Rust workspace	2026-09-25T04:19:18.0993932Z test result: ok. 0 passed; 0 failed; 0 ignored; 0 measured; 0 filtered out; finished in 0.00s
Rust	Test Rust workspace	2026-09-25T04:19:18.0994293Z 
Rust	Test Rust workspace	2026-09-25T04:19:18.1010303Z ^[[1m^[[92m   Doc-tests^[[0m rx_ports
Rust	Test Rust workspace	2026-09-25T04:19:18.1325257Z 
Rust	Test Rust workspace	2026-09-25T04:19:18.1325694Z running 0 tests
Rust	Test Rust workspace	2026-09-25T04:19:18.1325973Z 
Rust	Test Rust workspace	2026-09-25T04:19:18.1326407Z test result: ok. 0 passed; 0 failed; 0 ignored; 0 measured; 0 filtered out; finished in 0.00s
Rust	Test Rust workspace	2026-09-25T04:19:18.1327001Z 
Rust	Test Rust workspace	2026-09-25T04:19:18.1341442Z ^[[1m^[[92m   Doc-tests^[[0m rx_process_contract
Rust	Test Rust workspace	2026-09-25T04:19:18.3515963Z 
Rust	Test Rust workspace	2026-09-25T04:19:18.3516455Z running 0 tests
Rust	Test Rust workspace	2026-09-25T04:19:18.3516728Z 
Rust	Test Rust workspace	2026-09-25T04:19:18.3517127Z test result: ok. 0 passed; 0 failed; 0 ignored; 0 measured; 0 filtered out; finished in 0.00s
Rust	Test Rust workspace	2026-09-25T04:19:18.3517503Z 
Rust	Test Rust workspace	2026-09-25T04:19:18.3534740Z ^[[1m^[[92m   Doc-tests^[[0m rx_protocol
Rust	Test Rust workspace	2026-09-25T04:19:18.7797601Z 
Rust	Test Rust workspace	2026-09-25T04:19:18.7798193Z running 0 tests
Rust	Test Rust workspace	2026-09-25T04:19:18.7798469Z 
Rust	Test Rust workspace	2026-09-25T04:19:18.7798922Z test result: ok. 0 passed; 0 failed; 0 ignored; 0 measured; 0 filtered out; finished in 0.00s
Rust	Test Rust workspace	2026-09-25T04:19:18.7799776Z 
Rust	Test Rust workspace	2026-09-25T04:19:18.7817366Z ^[[1m^[[92m   Doc-tests^[[0m rx_protocol_adapter
Rust	Test Rust workspace	2026-09-25T04:19:18.8119748Z 
Rust	Test Rust workspace	2026-09-25T04:19:18.8120274Z running 0 tests
Rust	Test Rust workspace	2026-09-25T04:19:18.8120533Z 
Rust	Test Rust workspace	2026-09-25T04:19:18.8120968Z test result: ok. 0 passed; 0 failed; 0 ignored; 0 measured; 0 filtered out; finished in 0.00s
Rust	Test Rust workspace	2026-09-25T04:19:18.8121556Z 
Rust	Test Rust workspace	2026-09-25T04:19:18.8136060Z ^[[1m^[[92m   Doc-tests^[[0m rx_runtime
Rust	Test Rust workspace	2026-09-25T04:19:18.8543140Z 
Rust	Test Rust workspace	2026-09-25T04:19:18.8543622Z running 0 tests
Rust	Test Rust workspace	2026-09-25T04:19:18.8543881Z 
Rust	Test Rust workspace	2026-09-25T04:19:18.8544260Z test result: ok. 0 passed; 0 failed; 0 ignored; 0 measured; 0 filtered out; finished in 0.00s
Rust	Test Rust workspace	2026-09-25T04:19:18.8544637Z 
Rust	Test Rust workspace	2026-09-25T04:19:18.8560053Z ^[[1m^[[92m   Doc-tests^[[0m rx_storage
Rust	Test Rust workspace	2026-09-25T04:19:18.8834608Z 
Rust	Test Rust workspace	2026-09-25T04:19:18.8835239Z running 2 tests
Rust	Test Rust workspace	2026-09-25T04:19:18.9145571Z test crates/rx-storage/src/ownership.rs - ownership::ExclusiveFileLock (line 15) - compile fail ... ok
Rust	Test Rust workspace	2026-09-25T04:19:18.9215352Z test crates/rx-storage/src/ownership.rs - ownership::ExclusiveFileLock (line 11) - compile fail ... ok
Rust	Test Rust workspace	2026-09-25T04:19:18.9215842Z 
Rust	Test Rust workspace	2026-09-25T04:19:18.9216109Z test result: ok. 2 passed; 0 failed; 0 ignored; 0 measured; 0 filtered out; finished in 0.04s
Rust	Test Rust workspace	2026-09-25T04:19:18.9216468Z 
Rust	Post Run actions/cache@0057852bfaa89a56745cba8c7296529d2fc39830	﻿2026-09-25T04:19:19.1251287Z Post job cleanup.
Rust	Post Run actions/cache@0057852bfaa89a56745cba8c7296529d2fc39830	2026-09-25T04:19:19.2400763Z Cache hit occurred on the primary key Linux-X64-rust-f2a3178d4ba5ae534a189969bf71e095285629a428ae82534301cc5c2d1bc24b, not saving cache.
Rust	Post Run actions/cache@0057852bfaa89a56745cba8c7296529d2fc39830	2026-09-25T04:19:19.2405336Z (node:11503) [DEP0040] DeprecationWarning: The `punycode` module is deprecated. Please use a userland alternative instead.
Rust	Post Run actions/cache@0057852bfaa89a56745cba8c7296529d2fc39830	2026-09-25T04:19:19.2406507Z (Use `node --trace-deprecation ...` to show where the warning was created)
Rust	Post Run actions/checkout@11d5960a326750d5838078e36cf38b85af677262	﻿2026-09-25T04:19:19.2563511Z Post job cleanup.
Rust	Post Run actions/checkout@11d5960a326750d5838078e36cf38b85af677262	2026-09-25T04:19:19.3507314Z [command]/usr/bin/git version
Rust	Post Run actions/checkout@11d5960a326750d5838078e36cf38b85af677262	2026-09-25T04:19:19.3551517Z git version 2.55.0
Rust	Post Run actions/checkout@11d5960a326750d5838078e36cf38b85af677262	2026-09-25T04:19:19.3592120Z Temporarily overriding HOME='/home/runner/work/_temp/a26656df-312e-4716-bc28-9fac7d36e4ad' before making global git config changes
Rust	Post Run actions/checkout@11d5960a326750d5838078e36cf38b85af677262	2026-09-25T04:19:19.3595579Z Adding repository directory to the temporary git global config as a safe directory
Rust	Post Run actions/checkout@11d5960a326750d5838078e36cf38b85af677262	2026-09-25T04:19:19.3598517Z [command]/usr/bin/git config --global --add safe.directory /home/runner/work/rx-platform/rx-platform
Rust	Post Run actions/checkout@11d5960a326750d5838078e36cf38b85af677262	2026-09-25T04:19:19.3636258Z [command]/usr/bin/git config --local --name-only --get-regexp core\.sshCommand
Rust	Post Run actions/checkout@11d5960a326750d5838078e36cf38b85af677262	2026-09-25T04:19:19.3672014Z [command]/usr/bin/git submodule foreach --recursive sh -c "git config --local --name-only --get-regexp 'core\.sshCommand' && git config --local --unset-all 'core.sshCommand' || :"
Rust	Post Run actions/checkout@11d5960a326750d5838078e36cf38b85af677262	2026-09-25T04:19:19.3950272Z [command]/usr/bin/git config --local --name-only --get-regexp http\.https\:\/\/github\.com\/\.extraheader
Rust	Post Run actions/checkout@11d5960a326750d5838078e36cf38b85af677262	2026-09-25T04:19:19.3985805Z [command]/usr/bin/git submodule foreach --recursive sh -c "git config --local --name-only --get-regexp 'http\.https\:\/\/github\.com\/\.extraheader' && git config --local --unset-all 'http.https://github.com/.extraheader' || :"
Rust	Post Run actions/checkout@11d5960a326750d5838078e36cf38b85af677262	2026-09-25T04:19:19.4234073Z [command]/usr/bin/git config --local --name-only --get-regexp ^includeIf\.gitdir:
Rust	Post Run actions/checkout@11d5960a326750d5838078e36cf38b85af677262	2026-09-25T04:19:19.4277183Z [command]/usr/bin/git submodule foreach --recursive git config --local --show-origin --name-only --get-regexp remote.origin.url
Rust	Complete job	﻿2026-09-25T04:19:19.4694363Z Cleaning up orphan processes
Rust	Complete job	2026-09-25T04:19:19.5042925Z ##[warning]Node.js 20 is deprecated. The following actions target Node.js 20 but are being forced to run on Node.js 24: actions/cache@0057852bfaa89a56745cba8c7296529d2fc39830, actions/checkout@11d5960a326750d5838078e36cf38b85af677262. For more information see: https://github.blog/changelog/2025-09-19-deprecation-of-node-20-on-github-actions-runners/
Repository and GitFlow	Set up job	﻿2026-09-25T04:15:45.5468959Z Current runner version: '2.337.0'
Repository and GitFlow	Set up job	2026-09-25T04:15:45.5498939Z ##[group]Runner Image Provisioner
Repository and GitFlow	Set up job	2026-09-25T04:15:45.5499862Z Hosted Compute Agent
Repository and GitFlow	Set up job	2026-09-25T04:15:45.5500483Z Version: 20260828.587
Repository and GitFlow	Set up job	2026-09-25T04:15:45.5501134Z Commit: abac92662cab4cc7352de4f9f9d2e2419aad9c29
Repository and GitFlow	Set up job	2026-09-25T04:15:45.5501982Z Build Date: 2026-08-28T16:44:25Z
Repository and GitFlow	Set up job	2026-09-25T04:15:45.5502976Z Worker ID: {5de61943-0676-4398-9eef-036bcb974a1b}
Repository and GitFlow	Set up job	2026-09-25T04:15:45.5503765Z Azure Region: eastus2
Repository and GitFlow	Set up job	2026-09-25T04:15:45.5504372Z ##[endgroup]
Repository and GitFlow	Set up job	2026-09-25T04:15:45.5505859Z ##[group]Operating System
Repository and GitFlow	Set up job	2026-09-25T04:15:45.5506599Z Ubuntu
Repository and GitFlow	Set up job	2026-09-25T04:15:45.5507170Z 24.04.5
Repository and GitFlow	Set up job	2026-09-25T04:15:45.5507668Z LTS
Repository and GitFlow	Set up job	2026-09-25T04:15:45.5508252Z ##[endgroup]
Repository and GitFlow	Set up job	2026-09-25T04:15:45.5508866Z ##[group]Runner Image
Repository and GitFlow	Set up job	2026-09-25T04:15:45.5509583Z Image: ubuntu-24.04
Repository and GitFlow	Set up job	2026-09-25T04:15:45.5510189Z Version: 20260920.314.1
Repository and GitFlow	Set up job	2026-09-25T04:15:45.5511284Z Included Software: https://github.com/actions/runner-images/blob/ubuntu24/20260920.314/images/ubuntu/Ubuntu2404-Readme.md
Repository and GitFlow	Set up job	2026-09-25T04:15:45.5514240Z Image Release: https://github.com/actions/runner-images/releases/tag/ubuntu24%2F20260920.314
Repository and GitFlow	Set up job	2026-09-25T04:15:45.5516118Z ##[endgroup]
Repository and GitFlow	Set up job	2026-09-25T04:15:45.5517880Z ##[group]GITHUB_TOKEN Permissions
Repository and GitFlow	Set up job	2026-09-25T04:15:45.5520777Z Contents: read
Repository and GitFlow	Set up job	2026-09-25T04:15:45.5521731Z Metadata: read
Repository and GitFlow	Set up job	2026-09-25T04:15:45.5522909Z ##[endgroup]
Repository and GitFlow	Set up job	2026-09-25T04:15:45.5525913Z Secret source: Actions
Repository and GitFlow	Set up job	2026-09-25T04:15:45.5527431Z Cache mode: write
Repository and GitFlow	Set up job	2026-09-25T04:15:45.5528652Z Prepare workflow directory
Repository and GitFlow	Set up job	2026-09-25T04:15:45.6101209Z Prepare all required actions
Repository and GitFlow	Set up job	2026-09-25T04:15:45.6170937Z Getting action download info
Repository and GitFlow	Set up job	2026-09-25T04:15:45.8337845Z Download action repository 'actions/checkout@11d5960a326750d5838078e36cf38b85af677262' (SHA:11d5960a326750d5838078e36cf38b85af677262)
Repository and GitFlow	Set up job	2026-09-25T04:15:46.0219964Z Complete job name: Repository and GitFlow
Repository and GitFlow	Run actions/checkout@11d5960a326750d5838078e36cf38b85af677262	﻿2026-09-25T04:15:46.1077019Z ##[group]Run actions/checkout@11d5960a326750d5838078e36cf38b85af677262
Repository and GitFlow	Run actions/checkout@11d5960a326750d5838078e36cf38b85af677262	2026-09-25T04:15:46.1078113Z with:
Repository and GitFlow	Run actions/checkout@11d5960a326750d5838078e36cf38b85af677262	2026-09-25T04:15:46.1078577Z   persist-credentials: false
Repository and GitFlow	Run actions/checkout@11d5960a326750d5838078e36cf38b85af677262	2026-09-25T04:15:46.1079130Z   fetch-depth: 0
Repository and GitFlow	Run actions/checkout@11d5960a326750d5838078e36cf38b85af677262	2026-09-25T04:15:46.1079611Z   repository: jack0682/rx-platform
Repository and GitFlow	Run actions/checkout@11d5960a326750d5838078e36cf38b85af677262	2026-09-25T04:15:46.1084300Z   token: ***
Repository and GitFlow	Run actions/checkout@11d5960a326750d5838078e36cf38b85af677262	2026-09-25T04:15:46.1084768Z   ssh-strict: true
Repository and GitFlow	Run actions/checkout@11d5960a326750d5838078e36cf38b85af677262	2026-09-25T04:15:46.1085209Z   ssh-user: git
Repository and GitFlow	Run actions/checkout@11d5960a326750d5838078e36cf38b85af677262	2026-09-25T04:15:46.1085640Z   clean: true
Repository and GitFlow	Run actions/checkout@11d5960a326750d5838078e36cf38b85af677262	2026-09-25T04:15:46.1086115Z   sparse-checkout-cone-mode: true
Repository and GitFlow	Run actions/checkout@11d5960a326750d5838078e36cf38b85af677262	2026-09-25T04:15:46.1086655Z   fetch-tags: false
Repository and GitFlow	Run actions/checkout@11d5960a326750d5838078e36cf38b85af677262	2026-09-25T04:15:46.1087112Z   show-progress: true
Repository and GitFlow	Run actions/checkout@11d5960a326750d5838078e36cf38b85af677262	2026-09-25T04:15:46.1087584Z   lfs: false
Repository and GitFlow	Run actions/checkout@11d5960a326750d5838078e36cf38b85af677262	2026-09-25T04:15:46.1088010Z   submodules: false
Repository and GitFlow	Run actions/checkout@11d5960a326750d5838078e36cf38b85af677262	2026-09-25T04:15:46.1088466Z   set-safe-directory: true
Repository and GitFlow	Run actions/checkout@11d5960a326750d5838078e36cf38b85af677262	2026-09-25T04:15:46.1088993Z   allow-unsafe-pr-checkout: false
Repository and GitFlow	Run actions/checkout@11d5960a326750d5838078e36cf38b85af677262	2026-09-25T04:15:46.1089856Z ##[endgroup]
Repository and GitFlow	Run actions/checkout@11d5960a326750d5838078e36cf38b85af677262	2026-09-25T04:15:46.2099276Z Syncing repository: jack0682/rx-platform
Repository and GitFlow	Run actions/checkout@11d5960a326750d5838078e36cf38b85af677262	2026-09-25T04:15:46.2101891Z ##[group]Getting Git version info
Repository and GitFlow	Run actions/checkout@11d5960a326750d5838078e36cf38b85af677262	2026-09-25T04:15:46.2103532Z Working directory is '/home/runner/work/rx-platform/rx-platform'
Repository and GitFlow	Run actions/checkout@11d5960a326750d5838078e36cf38b85af677262	2026-09-25T04:15:46.2105228Z [command]/usr/bin/git version
Repository and GitFlow	Run actions/checkout@11d5960a326750d5838078e36cf38b85af677262	2026-09-25T04:15:46.2187680Z git version 2.55.0
Repository and GitFlow	Run actions/checkout@11d5960a326750d5838078e36cf38b85af677262	2026-09-25T04:15:46.2241722Z ##[endgroup]
Repository and GitFlow	Run actions/checkout@11d5960a326750d5838078e36cf38b85af677262	2026-09-25T04:15:46.2256357Z Temporarily overriding HOME='/home/runner/work/_temp/1fc003f5-d849-48b2-8938-27e2f8452fec' before making global git config changes
Repository and GitFlow	Run actions/checkout@11d5960a326750d5838078e36cf38b85af677262	2026-09-25T04:15:46.2258828Z Adding repository directory to the temporary git global config as a safe directory
Repository and GitFlow	Run actions/checkout@11d5960a326750d5838078e36cf38b85af677262	2026-09-25T04:15:46.2261681Z [command]/usr/bin/git config --global --add safe.directory /home/runner/work/rx-platform/rx-platform
Repository and GitFlow	Run actions/checkout@11d5960a326750d5838078e36cf38b85af677262	2026-09-25T04:15:46.2317006Z Deleting the contents of '/home/runner/work/rx-platform/rx-platform'
Repository and GitFlow	Run actions/checkout@11d5960a326750d5838078e36cf38b85af677262	2026-09-25T04:15:46.2321780Z ##[group]Initializing the repository
Repository and GitFlow	Run actions/checkout@11d5960a326750d5838078e36cf38b85af677262	2026-09-25T04:15:46.2325800Z [command]/usr/bin/git init /home/runner/work/rx-platform/rx-platform
Repository and GitFlow	Run actions/checkout@11d5960a326750d5838078e36cf38b85af677262	2026-09-25T04:15:46.2448251Z hint: Using 'master' as the name for the initial branch. This default branch name
Repository and GitFlow	Run actions/checkout@11d5960a326750d5838078e36cf38b85af677262	2026-09-25T04:15:46.2450131Z hint: will change to "main" in Git 3.0. To configure the initial branch name
Repository and GitFlow	Run actions/checkout@11d5960a326750d5838078e36cf38b85af677262	2026-09-25T04:15:46.2451842Z hint: to use in all of your new repositories, which will suppress this warning,
Repository and GitFlow	Run actions/checkout@11d5960a326750d5838078e36cf38b85af677262	2026-09-25T04:15:46.2454294Z hint: call:
Repository and GitFlow	Run actions/checkout@11d5960a326750d5838078e36cf38b85af677262	2026-09-25T04:15:46.2455316Z hint:
Repository and GitFlow	Run actions/checkout@11d5960a326750d5838078e36cf38b85af677262	2026-09-25T04:15:46.2456639Z hint: 	git config --global init.defaultBranch <name>
Repository and GitFlow	Run actions/checkout@11d5960a326750d5838078e36cf38b85af677262	2026-09-25T04:15:46.2457908Z hint:
Repository and GitFlow	Run actions/checkout@11d5960a326750d5838078e36cf38b85af677262	2026-09-25T04:15:46.2458997Z hint: Names commonly chosen instead of 'master' are 'main', 'trunk' and
Repository and GitFlow	Run actions/checkout@11d5960a326750d5838078e36cf38b85af677262	2026-09-25T04:15:46.2460716Z hint: 'development'. The just-created branch can be renamed via this command:
Repository and GitFlow	Run actions/checkout@11d5960a326750d5838078e36cf38b85af677262	2026-09-25T04:15:46.2462036Z hint:
Repository and GitFlow	Run actions/checkout@11d5960a326750d5838078e36cf38b85af677262	2026-09-25T04:15:46.2463039Z hint: 	git branch -m <name>
Repository and GitFlow	Run actions/checkout@11d5960a326750d5838078e36cf38b85af677262	2026-09-25T04:15:46.2463866Z hint:
Repository and GitFlow	Run actions/checkout@11d5960a326750d5838078e36cf38b85af677262	2026-09-25T04:15:46.2465046Z hint: Disable this message with "git config set advice.defaultBranchName false"
Repository and GitFlow	Run actions/checkout@11d5960a326750d5838078e36cf38b85af677262	2026-09-25T04:15:46.2466976Z Initialized empty Git repository in /home/runner/work/rx-platform/rx-platform/.git/
Repository and GitFlow	Run actions/checkout@11d5960a326750d5838078e36cf38b85af677262	2026-09-25T04:15:46.2469979Z [command]/usr/bin/git remote add origin https://github.com/jack0682/rx-platform
Repository and GitFlow	Run actions/checkout@11d5960a326750d5838078e36cf38b85af677262	2026-09-25T04:15:46.2523992Z ##[endgroup]
Repository and GitFlow	Run actions/checkout@11d5960a326750d5838078e36cf38b85af677262	2026-09-25T04:15:46.2525387Z ##[group]Disabling automatic garbage collection
Repository and GitFlow	Run actions/checkout@11d5960a326750d5838078e36cf38b85af677262	2026-09-25T04:15:46.2527304Z [command]/usr/bin/git config --local gc.auto 0
Repository and GitFlow	Run actions/checkout@11d5960a326750d5838078e36cf38b85af677262	2026-09-25T04:15:46.2559673Z ##[endgroup]
Repository and GitFlow	Run actions/checkout@11d5960a326750d5838078e36cf38b85af677262	2026-09-25T04:15:46.2560954Z ##[group]Setting up auth
Repository and GitFlow	Run actions/checkout@11d5960a326750d5838078e36cf38b85af677262	2026-09-25T04:15:46.2566791Z [command]/usr/bin/git config --local --name-only --get-regexp core\.sshCommand
Repository and GitFlow	Run actions/checkout@11d5960a326750d5838078e36cf38b85af677262	2026-09-25T04:15:46.2604385Z [command]/usr/bin/git submodule foreach --recursive sh -c "git config --local --name-only --get-regexp 'core\.sshCommand' && git config --local --unset-all 'core.sshCommand' || :"
Repository and GitFlow	Run actions/checkout@11d5960a326750d5838078e36cf38b85af677262	2026-09-25T04:15:46.3003695Z [command]/usr/bin/git config --local --name-only --get-regexp http\.https\:\/\/github\.com\/\.extraheader
Repository and GitFlow	Run actions/checkout@11d5960a326750d5838078e36cf38b85af677262	2026-09-25T04:15:46.3040501Z [command]/usr/bin/git submodule foreach --recursive sh -c "git config --local --name-only --get-regexp 'http\.https\:\/\/github\.com\/\.extraheader' && git config --local --unset-all 'http.https://github.com/.extraheader' || :"
Repository and GitFlow	Run actions/checkout@11d5960a326750d5838078e36cf38b85af677262	2026-09-25T04:15:46.3264076Z [command]/usr/bin/git config --local --name-only --get-regexp ^includeIf\.gitdir:
Repository and GitFlow	Run actions/checkout@11d5960a326750d5838078e36cf38b85af677262	2026-09-25T04:15:46.3299492Z [command]/usr/bin/git submodule foreach --recursive git config --local --show-origin --name-only --get-regexp remote.origin.url
Repository and GitFlow	Run actions/checkout@11d5960a326750d5838078e36cf38b85af677262	2026-09-25T04:15:46.3521915Z [command]/usr/bin/git config --local http.https://github.com/.extraheader AUTHORIZATION: basic ***
Repository and GitFlow	Run actions/checkout@11d5960a326750d5838078e36cf38b85af677262	2026-09-25T04:15:46.3579033Z ##[endgroup]
Repository and GitFlow	Run actions/checkout@11d5960a326750d5838078e36cf38b85af677262	2026-09-25T04:15:46.3580027Z ##[group]Fetching the repository
Repository and GitFlow	Run actions/checkout@11d5960a326750d5838078e36cf38b85af677262	2026-09-25T04:15:46.3590094Z [command]/usr/bin/git -c protocol.version=2 fetch --prune --no-recurse-submodules origin +refs/heads/*:refs/remotes/origin/* +refs/tags/*:refs/tags/* +9df5ada949c64bcdc8a84ff16357bf73d1f6e803:refs/remotes/pull/24/merge
Repository and GitFlow	Run actions/checkout@11d5960a326750d5838078e36cf38b85af677262	2026-09-25T04:15:46.7942932Z From https://github.com/jack0682/rx-platform
Repository and GitFlow	Run actions/checkout@11d5960a326750d5838078e36cf38b85af677262	2026-09-25T04:15:46.7945029Z  * [new branch]      develop                                  -> origin/develop
Repository and GitFlow	Run actions/checkout@11d5960a326750d5838078e36cf38b85af677262	2026-09-25T04:15:46.7947420Z  * [new branch]      feature/g5-strict-wire-first-client      -> origin/feature/g5-strict-wire-first-client
Repository and GitFlow	Run actions/checkout@11d5960a326750d5838078e36cf38b85af677262	2026-09-25T04:15:46.7949836Z  * [new branch]      main                                     -> origin/main
Repository and GitFlow	Run actions/checkout@11d5960a326750d5838078e36cf38b85af677262	2026-09-25T04:15:46.7952384Z  * [new tag]         archive/initial-draft-2026-09-14         -> archive/initial-draft-2026-09-14
Repository and GitFlow	Run actions/checkout@11d5960a326750d5838078e36cf38b85af677262	2026-09-25T04:15:46.7955029Z  * [new tag]         archive/investigation-wip-2026-09-14     -> archive/investigation-wip-2026-09-14
Repository and GitFlow	Run actions/checkout@11d5960a326750d5838078e36cf38b85af677262	2026-09-25T04:15:46.7957517Z  * [new tag]         codex/initial-draft                      -> codex/initial-draft
Repository and GitFlow	Run actions/checkout@11d5960a326750d5838078e36cf38b85af677262	2026-09-25T04:15:46.7959730Z  * [new tag]         codex/investigation-wip                  -> codex/investigation-wip
Repository and GitFlow	Run actions/checkout@11d5960a326750d5838078e36cf38b85af677262	2026-09-25T04:15:46.7961699Z  * [new tag]         draft-v0.1                               -> draft-v0.1
Repository and GitFlow	Run actions/checkout@11d5960a326750d5838078e36cf38b85af677262	2026-09-25T04:15:46.7963730Z  * [new ref]         9df5ada949c64bcdc8a84ff16357bf73d1f6e803 -> pull/24/merge
Repository and GitFlow	Run actions/checkout@11d5960a326750d5838078e36cf38b85af677262	2026-09-25T04:15:46.7968082Z ##[endgroup]
Repository and GitFlow	Run actions/checkout@11d5960a326750d5838078e36cf38b85af677262	2026-09-25T04:15:46.7969692Z ##[group]Determining the checkout info
Repository and GitFlow	Run actions/checkout@11d5960a326750d5838078e36cf38b85af677262	2026-09-25T04:15:46.7971501Z ##[endgroup]
Repository and GitFlow	Run actions/checkout@11d5960a326750d5838078e36cf38b85af677262	2026-09-25T04:15:46.7972907Z [command]/usr/bin/git sparse-checkout disable
Repository and GitFlow	Run actions/checkout@11d5960a326750d5838078e36cf38b85af677262	2026-09-25T04:15:46.8026678Z [command]/usr/bin/git config --local --unset-all extensions.worktreeConfig
Repository and GitFlow	Run actions/checkout@11d5960a326750d5838078e36cf38b85af677262	2026-09-25T04:15:46.8065601Z ##[group]Checking out the ref
Repository and GitFlow	Run actions/checkout@11d5960a326750d5838078e36cf38b85af677262	2026-09-25T04:15:46.8069952Z [command]/usr/bin/git checkout --progress --force refs/remotes/pull/24/merge
Repository and GitFlow	Run actions/checkout@11d5960a326750d5838078e36cf38b85af677262	2026-09-25T04:15:46.8509027Z Note: switching to 'refs/remotes/pull/24/merge'.
Repository and GitFlow	Run actions/checkout@11d5960a326750d5838078e36cf38b85af677262	2026-09-25T04:15:46.8510001Z 
Repository and GitFlow	Run actions/checkout@11d5960a326750d5838078e36cf38b85af677262	2026-09-25T04:15:46.8510724Z You are in 'detached HEAD' state. You can look around, make experimental
Repository and GitFlow	Run actions/checkout@11d5960a326750d5838078e36cf38b85af677262	2026-09-25T04:15:46.8512620Z changes and commit them, and you can discard any commits you make in this
Repository and GitFlow	Run actions/checkout@11d5960a326750d5838078e36cf38b85af677262	2026-09-25T04:15:46.8513732Z state without impacting any branches by switching back to a branch.
Repository and GitFlow	Run actions/checkout@11d5960a326750d5838078e36cf38b85af677262	2026-09-25T04:15:46.8514359Z 
Repository and GitFlow	Run actions/checkout@11d5960a326750d5838078e36cf38b85af677262	2026-09-25T04:15:46.8514794Z If you want to create a new branch to retain commits you create, you may
Repository and GitFlow	Run actions/checkout@11d5960a326750d5838078e36cf38b85af677262	2026-09-25T04:15:46.8515841Z do so (now or later) by using -c with the switch command. Example:
Repository and GitFlow	Run actions/checkout@11d5960a326750d5838078e36cf38b85af677262	2026-09-25T04:15:46.8516437Z 
Repository and GitFlow	Run actions/checkout@11d5960a326750d5838078e36cf38b85af677262	2026-09-25T04:15:46.8516683Z   git switch -c <new-branch-name>
Repository and GitFlow	Run actions/checkout@11d5960a326750d5838078e36cf38b85af677262	2026-09-25T04:15:46.8517131Z 
Repository and GitFlow	Run actions/checkout@11d5960a326750d5838078e36cf38b85af677262	2026-09-25T04:15:46.8517366Z Or undo this operation with:
Repository and GitFlow	Run actions/checkout@11d5960a326750d5838078e36cf38b85af677262	2026-09-25T04:15:46.8517972Z 
Repository and GitFlow	Run actions/checkout@11d5960a326750d5838078e36cf38b85af677262	2026-09-25T04:15:46.8518401Z   git switch -
Repository and GitFlow	Run actions/checkout@11d5960a326750d5838078e36cf38b85af677262	2026-09-25T04:15:46.8518938Z 
Repository and GitFlow	Run actions/checkout@11d5960a326750d5838078e36cf38b85af677262	2026-09-25T04:15:46.8519822Z Turn off this advice by setting config variable advice.detachedHead to false
Repository and GitFlow	Run actions/checkout@11d5960a326750d5838078e36cf38b85af677262	2026-09-25T04:15:46.8521101Z 
Repository and GitFlow	Run actions/checkout@11d5960a326750d5838078e36cf38b85af677262	2026-09-25T04:15:46.8522612Z HEAD is now at 9df5ada Merge cffbe286829d8ba104b44a0dd18e70865b84e098 into 7d1a31fac35ee84c4714efe7c1ebd0cce8616663
Repository and GitFlow	Run actions/checkout@11d5960a326750d5838078e36cf38b85af677262	2026-09-25T04:15:46.8526598Z ##[endgroup]
Repository and GitFlow	Run actions/checkout@11d5960a326750d5838078e36cf38b85af677262	2026-09-25T04:15:46.8573327Z [command]/usr/bin/git log -1 --format=%H
Repository and GitFlow	Run actions/checkout@11d5960a326750d5838078e36cf38b85af677262	2026-09-25T04:15:46.8602618Z 9df5ada949c64bcdc8a84ff16357bf73d1f6e803
Repository and GitFlow	Run actions/checkout@11d5960a326750d5838078e36cf38b85af677262	2026-09-25T04:15:46.8613280Z ##[group]Removing auth
Repository and GitFlow	Run actions/checkout@11d5960a326750d5838078e36cf38b85af677262	2026-09-25T04:15:46.8618310Z [command]/usr/bin/git config --local --name-only --get-regexp core\.sshCommand
Repository and GitFlow	Run actions/checkout@11d5960a326750d5838078e36cf38b85af677262	2026-09-25T04:15:46.8654579Z [command]/usr/bin/git submodule foreach --recursive sh -c "git config --local --name-only --get-regexp 'core\.sshCommand' && git config --local --unset-all 'core.sshCommand' || :"
Repository and GitFlow	Run actions/checkout@11d5960a326750d5838078e36cf38b85af677262	2026-09-25T04:15:46.8892962Z [command]/usr/bin/git config --local --name-only --get-regexp http\.https\:\/\/github\.com\/\.extraheader
Repository and GitFlow	Run actions/checkout@11d5960a326750d5838078e36cf38b85af677262	2026-09-25T04:15:46.8923379Z http.https://github.com/.extraheader
Repository and GitFlow	Run actions/checkout@11d5960a326750d5838078e36cf38b85af677262	2026-09-25T04:15:46.8930336Z [command]/usr/bin/git config --local --unset-all http.https://github.com/.extraheader
Repository and GitFlow	Run actions/checkout@11d5960a326750d5838078e36cf38b85af677262	2026-09-25T04:15:46.8973706Z [command]/usr/bin/git submodule foreach --recursive sh -c "git config --local --name-only --get-regexp 'http\.https\:\/\/github\.com\/\.extraheader' && git config --local --unset-all 'http.https://github.com/.extraheader' || :"
Repository and GitFlow	Run actions/checkout@11d5960a326750d5838078e36cf38b85af677262	2026-09-25T04:15:46.9295391Z [command]/usr/bin/git config --local --name-only --get-regexp ^includeIf\.gitdir:
Repository and GitFlow	Run actions/checkout@11d5960a326750d5838078e36cf38b85af677262	2026-09-25T04:15:46.9356187Z [command]/usr/bin/git submodule foreach --recursive git config --local --show-origin --name-only --get-regexp remote.origin.url
Repository and GitFlow	Run actions/checkout@11d5960a326750d5838078e36cf38b85af677262	2026-09-25T04:15:46.9657328Z ##[endgroup]
Repository and GitFlow	Test repository checks	﻿2026-09-25T04:15:46.9893797Z ##[group]Run python3 .github/test_repository.py
Repository and GitFlow	Test repository checks	2026-09-25T04:15:46.9895673Z ^[[36;1mpython3 .github/test_repository.py^[[0m
Repository and GitFlow	Test repository checks	2026-09-25T04:15:46.9897395Z ^[[36;1mpython3 .github/test_commit_policy.py^[[0m
Repository and GitFlow	Test repository checks	2026-09-25T04:15:47.0235874Z shell: /usr/bin/bash --noprofile --norc -e -o pipefail {0}
Repository and GitFlow	Test repository checks	2026-09-25T04:15:47.0237672Z ##[endgroup]
Repository and GitFlow	Test repository checks	2026-09-25T04:15:47.1671614Z ........................
Repository and GitFlow	Test repository checks	2026-09-25T04:15:47.1693914Z ----------------------------------------------------------------------
Repository and GitFlow	Test repository checks	2026-09-25T04:15:47.1703593Z Ran 24 tests in 0.017s
Repository and GitFlow	Test repository checks	2026-09-25T04:15:47.1705086Z 
Repository and GitFlow	Test repository checks	2026-09-25T04:15:47.1706046Z OK
Repository and GitFlow	Test repository checks	2026-09-25T04:15:50.9612911Z .................
Repository and GitFlow	Test repository checks	2026-09-25T04:15:50.9614322Z ----------------------------------------------------------------------
Repository and GitFlow	Test repository checks	2026-09-25T04:15:50.9615426Z Ran 17 tests in 3.695s
Repository and GitFlow	Test repository checks	2026-09-25T04:15:50.9615900Z 
Repository and GitFlow	Test repository checks	2026-09-25T04:15:50.9616267Z OK
Repository and GitFlow	Check DCO and verified OpenPGP signatures	﻿2026-09-25T04:15:50.9883534Z ##[group]Run python3 tools/check_commit_policy.py --head "$HEAD_SHA" --github-repository "$GITHUB_REPOSITORY"
Repository and GitFlow	Check DCO and verified OpenPGP signatures	2026-09-25T04:15:50.9884440Z ^[[36;1mpython3 tools/check_commit_policy.py --head "$HEAD_SHA" --github-repository "$GITHUB_REPOSITORY"^[[0m
Repository and GitFlow	Check DCO and verified OpenPGP signatures	2026-09-25T04:15:50.9949915Z shell: /usr/bin/bash --noprofile --norc -e -o pipefail {0}
Repository and GitFlow	Check DCO and verified OpenPGP signatures	2026-09-25T04:15:50.9950560Z env:
Repository and GitFlow	Check DCO and verified OpenPGP signatures	2026-09-25T04:15:50.9953665Z   GH_TOKEN: ***
Repository and GitFlow	Check DCO and verified OpenPGP signatures	2026-09-25T04:15:50.9954002Z   HEAD_SHA: cffbe286829d8ba104b44a0dd18e70865b84e098
Repository and GitFlow	Check DCO and verified OpenPGP signatures	2026-09-25T04:15:50.9954371Z ##[endgroup]
Repository and GitFlow	Check DCO and verified OpenPGP signatures	2026-09-25T04:16:07.4514611Z OK: 51 commits audited; 51 author sign-offs; 0 recorded historical DCO violations; all signatures verified OpenPGP
Repository and GitFlow	Validate PR branch route	﻿2026-09-25T04:16:07.4642836Z ##[group]Run python3 tools/check_repository.py --event "$GITHUB_EVENT_PATH"
Repository and GitFlow	Validate PR branch route	2026-09-25T04:16:07.4643478Z ^[[36;1mpython3 tools/check_repository.py --event "$GITHUB_EVENT_PATH"^[[0m
Repository and GitFlow	Validate PR branch route	2026-09-25T04:16:07.4705431Z shell: /usr/bin/bash --noprofile --norc -e -o pipefail {0}
Repository and GitFlow	Validate PR branch route	2026-09-25T04:16:07.4705824Z ##[endgroup]
Repository and GitFlow	Validate PR branch route	2026-09-25T04:16:07.5170967Z Repository checks passed.
Repository and GitFlow	Validate JSON, local links and contract integrity	﻿2026-09-25T04:16:07.6902365Z ##[group]Run python3 tools/check_repository.py
Repository and GitFlow	Validate JSON, local links and contract integrity	2026-09-25T04:16:07.6902842Z ^[[36;1mpython3 tools/check_repository.py^[[0m
Repository and GitFlow	Validate JSON, local links and contract integrity	2026-09-25T04:16:07.6968304Z shell: /usr/bin/bash --noprofile --norc -e -o pipefail {0}
Repository and GitFlow	Validate JSON, local links and contract integrity	2026-09-25T04:16:07.6968678Z ##[endgroup]
Repository and GitFlow	Validate JSON, local links and contract integrity	2026-09-25T04:16:07.9309878Z Checked 34 JSON files, local targets in 104 Markdown files, and two contract baselines; 0 links outside this checkout are not checked.
Repository and GitFlow	Validate JSON, local links and contract integrity	2026-09-25T04:16:07.9310956Z Repository checks passed.
Repository and GitFlow	Check invariant traceability	﻿2026-09-25T04:16:07.9404648Z ##[group]Run python3 tools/check_invariant_traceability.py
Repository and GitFlow	Check invariant traceability	2026-09-25T04:16:07.9405118Z ^[[36;1mpython3 tools/check_invariant_traceability.py^[[0m
Repository and GitFlow	Check invariant traceability	2026-09-25T04:16:07.9468133Z shell: /usr/bin/bash --noprofile --norc -e -o pipefail {0}
Repository and GitFlow	Check invariant traceability	2026-09-25T04:16:07.9468503Z ##[endgroup]
Repository and GitFlow	Check invariant traceability	2026-09-25T04:16:08.1468294Z Invariant traceability: I=12 OI=18; declared=10 uncovered=20; test links=16. Semantic coverage not checked.
Repository and GitFlow	Check contract baselines and SDK export regressions	﻿2026-09-25T04:16:08.1586306Z ##[group]Run python3 tools/check_contract_baselines.py
Repository and GitFlow	Check contract baselines and SDK export regressions	2026-09-25T04:16:08.1586788Z ^[[36;1mpython3 tools/check_contract_baselines.py^[[0m
Repository and GitFlow	Check contract baselines and SDK export regressions	2026-09-25T04:16:08.1587172Z ^[[36;1mpython3 tools/test_export_host_sdk.py^[[0m
Repository and GitFlow	Check contract baselines and SDK export regressions	2026-09-25T04:16:08.1647678Z shell: /usr/bin/bash --noprofile --norc -e -o pipefail {0}
Repository and GitFlow	Check contract baselines and SDK export regressions	2026-09-25T04:16:08.1648048Z ##[endgroup]
Repository and GitFlow	Check contract baselines and SDK export regressions	2026-09-25T04:16:08.1982376Z contracts: 4 normative files unchanged
Repository and GitFlow	Check contract baselines and SDK export regressions	2026-09-25T04:16:08.1983398Z cell_operations: 4 normative files unchanged
Repository and GitFlow	Check contract baselines and SDK export regressions	2026-09-25T04:16:08.4634987Z PASS: fresh inventory, modified destination preserved/refused, authority crate excluded
Repository and GitFlow	Check optional binding manifests without rewriting them	﻿2026-09-25T04:16:08.4733332Z ##[group]Run for checker in tools/update_*_binding.py; do
Repository and GitFlow	Check optional binding manifests without rewriting them	2026-09-25T04:16:08.4733808Z ^[[36;1mfor checker in tools/update_*_binding.py; do^[[0m
Repository and GitFlow	Check optional binding manifests without rewriting them	2026-09-25T04:16:08.4734146Z ^[[36;1m  python3 "$checker" --check^[[0m
Repository and GitFlow	Check optional binding manifests without rewriting them	2026-09-25T04:16:08.4734405Z ^[[36;1mdone^[[0m
Repository and GitFlow	Check optional binding manifests without rewriting them	2026-09-25T04:16:08.4794448Z shell: /usr/bin/bash --noprofile --norc -e -o pipefail {0}
Repository and GitFlow	Check optional binding manifests without rewriting them	2026-09-25T04:16:08.4794806Z ##[endgroup]
Repository and GitFlow	Check optional binding manifests without rewriting them	2026-09-25T04:16:08.5171798Z Assignment binding sources unchanged
Repository and GitFlow	Check optional binding manifests without rewriting them	2026-09-25T04:16:08.5515637Z Executor plan binding sources unchanged
Repository and GitFlow	Check optional binding manifests without rewriting them	2026-09-25T04:16:08.5856228Z Executor read binding sources unchanged
Repository and GitFlow	Check optional binding manifests without rewriting them	2026-09-25T04:16:08.6193222Z Host configuration binding unchanged
Repository and GitFlow	Check optional binding manifests without rewriting them	2026-09-25T04:16:08.6531750Z Host qualification binding unchanged
Repository and GitFlow	Check optional binding manifests without rewriting them	2026-09-25T04:16:08.6874574Z Host read binding unchanged
Repository and GitFlow	Check optional binding manifests without rewriting them	2026-09-25T04:16:08.7219146Z Production binding sources unchanged
Repository and GitFlow	Post Run actions/checkout@11d5960a326750d5838078e36cf38b85af677262	﻿2026-09-25T04:16:08.7381601Z Post job cleanup.
Repository and GitFlow	Post Run actions/checkout@11d5960a326750d5838078e36cf38b85af677262	2026-09-25T04:16:08.8241439Z [command]/usr/bin/git version
Repository and GitFlow	Post Run actions/checkout@11d5960a326750d5838078e36cf38b85af677262	2026-09-25T04:16:08.8286450Z git version 2.55.0
Repository and GitFlow	Post Run actions/checkout@11d5960a326750d5838078e36cf38b85af677262	2026-09-25T04:16:08.8327733Z Temporarily overriding HOME='/home/runner/work/_temp/f79bec1f-1db1-4f52-bd9c-b9dc1142a86d' before making global git config changes
Repository and GitFlow	Post Run actions/checkout@11d5960a326750d5838078e36cf38b85af677262	2026-09-25T04:16:08.8329288Z Adding repository directory to the temporary git global config as a safe directory
Repository and GitFlow	Post Run actions/checkout@11d5960a326750d5838078e36cf38b85af677262	2026-09-25T04:16:08.8334164Z [command]/usr/bin/git config --global --add safe.directory /home/runner/work/rx-platform/rx-platform
Repository and GitFlow	Post Run actions/checkout@11d5960a326750d5838078e36cf38b85af677262	2026-09-25T04:16:08.8376327Z [command]/usr/bin/git config --local --name-only --get-regexp core\.sshCommand
Repository and GitFlow	Post Run actions/checkout@11d5960a326750d5838078e36cf38b85af677262	2026-09-25T04:16:08.8412299Z [command]/usr/bin/git submodule foreach --recursive sh -c "git config --local --name-only --get-regexp 'core\.sshCommand' && git config --local --unset-all 'core.sshCommand' || :"
Repository and GitFlow	Post Run actions/checkout@11d5960a326750d5838078e36cf38b85af677262	2026-09-25T04:16:08.8660345Z [command]/usr/bin/git config --local --name-only --get-regexp http\.https\:\/\/github\.com\/\.extraheader
Repository and GitFlow	Post Run actions/checkout@11d5960a326750d5838078e36cf38b85af677262	2026-09-25T04:16:08.8696052Z [command]/usr/bin/git submodule foreach --recursive sh -c "git config --local --name-only --get-regexp 'http\.https\:\/\/github\.com\/\.extraheader' && git config --local --unset-all 'http.https://github.com/.extraheader' || :"
Repository and GitFlow	Post Run actions/checkout@11d5960a326750d5838078e36cf38b85af677262	2026-09-25T04:16:08.8945068Z [command]/usr/bin/git config --local --name-only --get-regexp ^includeIf\.gitdir:
Repository and GitFlow	Post Run actions/checkout@11d5960a326750d5838078e36cf38b85af677262	2026-09-25T04:16:08.9012734Z [command]/usr/bin/git submodule foreach --recursive git config --local --show-origin --name-only --get-regexp remote.origin.url
Repository and GitFlow	Complete job	﻿2026-09-25T04:16:08.9425499Z Cleaning up orphan processes
Repository and GitFlow	Complete job	2026-09-25T04:16:08.9804732Z ##[warning]Node.js 20 is deprecated. The following actions target Node.js 20 but are being forced to run on Node.js 24: actions/checkout@11d5960a326750d5838078e36cf38b85af677262. For more information see: https://github.blog/changelog/2025-09-19-deprecation-of-node-20-on-github-actions-runners/
CI	Set up job	﻿2026-09-25T04:19:23.3716710Z Current runner version: '2.337.0'
CI	Set up job	2026-09-25T04:19:23.3765965Z ##[group]Runner Image Provisioner
CI	Set up job	2026-09-25T04:19:23.3767695Z Hosted Compute Agent
CI	Set up job	2026-09-25T04:19:23.3769167Z Version: 20260828.587
CI	Set up job	2026-09-25T04:19:23.3771911Z Commit: abac92662cab4cc7352de4f9f9d2e2419aad9c29
CI	Set up job	2026-09-25T04:19:23.3773598Z Build Date: 2026-08-28T16:44:25Z
CI	Set up job	2026-09-25T04:19:23.3774722Z Worker ID: {cd404595-ed24-4627-b085-03456f0ecdaf}
CI	Set up job	2026-09-25T04:19:23.3776614Z Azure Region: northcentralus
CI	Set up job	2026-09-25T04:19:23.3777225Z ##[endgroup]
CI	Set up job	2026-09-25T04:19:23.3779970Z ##[group]Operating System
CI	Set up job	2026-09-25T04:19:23.3782108Z Ubuntu
CI	Set up job	2026-09-25T04:19:23.3782718Z 24.04.5
CI	Set up job	2026-09-25T04:19:23.3784578Z LTS
CI	Set up job	2026-09-25T04:19:23.3785094Z ##[endgroup]
CI	Set up job	2026-09-25T04:19:23.3787046Z ##[group]Runner Image
CI	Set up job	2026-09-25T04:19:23.3787671Z Image: ubuntu-24.04
CI	Set up job	2026-09-25T04:19:23.3789004Z Version: 20260920.314.1
CI	Set up job	2026-09-25T04:19:23.3791322Z Included Software: https://github.com/actions/runner-images/blob/ubuntu24/20260920.314/images/ubuntu/Ubuntu2404-Readme.md
CI	Set up job	2026-09-25T04:19:23.3793439Z Image Release: https://github.com/actions/runner-images/releases/tag/ubuntu24%2F20260920.314
CI	Set up job	2026-09-25T04:19:23.3795496Z ##[endgroup]
CI	Set up job	2026-09-25T04:19:23.3797760Z ##[group]GITHUB_TOKEN Permissions
CI	Set up job	2026-09-25T04:19:23.3801782Z Contents: read
CI	Set up job	2026-09-25T04:19:23.3802844Z Metadata: read
CI	Set up job	2026-09-25T04:19:23.3803431Z ##[endgroup]
CI	Set up job	2026-09-25T04:19:23.3806412Z Secret source: Actions
CI	Set up job	2026-09-25T04:19:23.3809318Z Cache mode: write
CI	Set up job	2026-09-25T04:19:23.3810873Z Prepare workflow directory
CI	Set up job	2026-09-25T04:19:23.4280693Z Prepare all required actions
CI	Set up job	2026-09-25T04:19:23.4341645Z Complete job name: CI
CI	Require every validation job to pass	﻿2026-09-25T04:19:23.5457982Z ##[group]Run python3 - <<'PYTHON'
CI	Require every validation job to pass	2026-09-25T04:19:23.5458804Z ^[[36;1mpython3 - <<'PYTHON'^[[0m
CI	Require every validation job to pass	2026-09-25T04:19:23.5459517Z ^[[36;1mimport json, os, sys^[[0m
CI	Require every validation job to pass	2026-09-25T04:19:23.5460599Z ^[[36;1mresults = json.loads(os.environ["NEEDS"])^[[0m
CI	Require every validation job to pass	2026-09-25T04:19:23.5461845Z ^[[36;1mfailed = {name: value["result"] for name, value in results.items() if value["result"] != "success"}^[[0m
CI	Require every validation job to pass	2026-09-25T04:19:23.5462986Z ^[[36;1mif failed:^[[0m
CI	Require every validation job to pass	2026-09-25T04:19:23.5463731Z ^[[36;1m    sys.exit(f"Required validation jobs did not pass: {failed}")^[[0m
CI	Require every validation job to pass	2026-09-25T04:19:23.5464757Z ^[[36;1mprint("All required validation jobs passed.")^[[0m
CI	Require every validation job to pass	2026-09-25T04:19:23.5465540Z ^[[36;1mPYTHON^[[0m
CI	Require every validation job to pass	2026-09-25T04:19:23.6344967Z shell: /usr/bin/bash --noprofile --norc -e -o pipefail {0}
CI	Require every validation job to pass	2026-09-25T04:19:23.6346019Z env:
CI	Require every validation job to pass	2026-09-25T04:19:23.6347202Z   NEEDS: {
CI	Require every validation job to pass	  "repository": {
CI	Require every validation job to pass	    "result": "success",
CI	Require every validation job to pass	    "outputs": {}
CI	Require every validation job to pass	  },
CI	Require every validation job to pass	  "rust": {
CI	Require every validation job to pass	    "result": "success",
CI	Require every validation job to pass	    "outputs": {}
CI	Require every validation job to pass	  },
CI	Require every validation job to pass	  "clients": {
CI	Require every validation job to pass	    "result": "success",
CI	Require every validation job to pass	    "outputs": {}
CI	Require every validation job to pass	  }
CI	Require every validation job to pass	}
CI	Require every validation job to pass	2026-09-25T04:19:23.6348624Z ##[endgroup]
CI	Require every validation job to pass	2026-09-25T04:19:23.7106810Z All required validation jobs passed.
CI	Complete job	﻿2026-09-25T04:19:23.7281668Z Cleaning up orphan processes
