Operator app	Set up job	﻿2026-09-25T04:15:45.6128365Z Current runner version: '2.337.0'
Operator app	Set up job	2026-09-25T04:15:45.6147003Z ##[group]Runner Image Provisioner
Operator app	Set up job	2026-09-25T04:15:45.6147656Z Hosted Compute Agent
Operator app	Set up job	2026-09-25T04:15:45.6148179Z Version: 20260828.587
Operator app	Set up job	2026-09-25T04:15:45.6148637Z Commit: abac92662cab4cc7352de4f9f9d2e2419aad9c29
Operator app	Set up job	2026-09-25T04:15:45.6149146Z Build Date: 2026-08-28T16:44:25Z
Operator app	Set up job	2026-09-25T04:15:45.6149637Z Worker ID: {4d550911-61f4-4119-b65d-9451690094cd}
Operator app	Set up job	2026-09-25T04:15:45.6150108Z Azure Region: centralus
Operator app	Set up job	2026-09-25T04:15:45.6150544Z ##[endgroup]
Operator app	Set up job	2026-09-25T04:15:45.6151338Z ##[group]Operating System
Operator app	Set up job	2026-09-25T04:15:45.6151754Z Ubuntu
Operator app	Set up job	2026-09-25T04:15:45.6152115Z 24.04.5
Operator app	Set up job	2026-09-25T04:15:45.6152460Z LTS
Operator app	Set up job	2026-09-25T04:15:45.6152808Z ##[endgroup]
Operator app	Set up job	2026-09-25T04:15:45.6153197Z ##[group]Runner Image
Operator app	Set up job	2026-09-25T04:15:45.6153590Z Image: ubuntu-24.04
Operator app	Set up job	2026-09-25T04:15:45.6153966Z Version: 20260920.314.1
Operator app	Set up job	2026-09-25T04:15:45.6154900Z Included Software: https://github.com/actions/runner-images/blob/ubuntu24/20260920.314/images/ubuntu/Ubuntu2404-Readme.md
Operator app	Set up job	2026-09-25T04:15:45.6156095Z Image Release: https://github.com/actions/runner-images/releases/tag/ubuntu24%2F20260920.314
Operator app	Set up job	2026-09-25T04:15:45.6156732Z ##[endgroup]
Operator app	Set up job	2026-09-25T04:15:45.6157490Z ##[group]GITHUB_TOKEN Permissions
Operator app	Set up job	2026-09-25T04:15:45.6158997Z Contents: read
Operator app	Set up job	2026-09-25T04:15:45.6159429Z Metadata: read
Operator app	Set up job	2026-09-25T04:15:45.6159801Z ##[endgroup]
Operator app	Set up job	2026-09-25T04:15:45.6161108Z Secret source: Actions
Operator app	Set up job	2026-09-25T04:15:45.6161758Z Cache mode: write
Operator app	Set up job	2026-09-25T04:15:45.6162219Z Prepare workflow directory
Operator app	Set up job	2026-09-25T04:15:45.6458588Z Prepare all required actions
Operator app	Set up job	2026-09-25T04:15:45.6493737Z Getting action download info
Operator app	Set up job	2026-09-25T04:15:45.9480690Z Download action repository 'actions/checkout@11d5960a326750d5838078e36cf38b85af677262' (SHA:11d5960a326750d5838078e36cf38b85af677262)
Operator app	Set up job	2026-09-25T04:15:46.4725136Z Download action repository 'actions/setup-node@49933ea5288caeca8642d1e84afbd3f7d6820020' (SHA:49933ea5288caeca8642d1e84afbd3f7d6820020)
Operator app	Set up job	2026-09-25T04:15:46.6822200Z Complete job name: Operator app
Operator app	Run actions/checkout@11d5960a326750d5838078e36cf38b85af677262	﻿2026-09-25T04:15:46.7367236Z ##[group]Run actions/checkout@11d5960a326750d5838078e36cf38b85af677262
Operator app	Run actions/checkout@11d5960a326750d5838078e36cf38b85af677262	2026-09-25T04:15:46.7368217Z with:
Operator app	Run actions/checkout@11d5960a326750d5838078e36cf38b85af677262	2026-09-25T04:15:46.7368637Z   persist-credentials: false
Operator app	Run actions/checkout@11d5960a326750d5838078e36cf38b85af677262	2026-09-25T04:15:46.7369152Z   repository: jack0682/rx-solutions
Operator app	Run actions/checkout@11d5960a326750d5838078e36cf38b85af677262	2026-09-25T04:15:46.7372195Z   token: ***
Operator app	Run actions/checkout@11d5960a326750d5838078e36cf38b85af677262	2026-09-25T04:15:46.7372594Z   ssh-strict: true
Operator app	Run actions/checkout@11d5960a326750d5838078e36cf38b85af677262	2026-09-25T04:15:46.7373041Z   ssh-user: git
Operator app	Run actions/checkout@11d5960a326750d5838078e36cf38b85af677262	2026-09-25T04:15:46.7373431Z   clean: true
Operator app	Run actions/checkout@11d5960a326750d5838078e36cf38b85af677262	2026-09-25T04:15:46.7373857Z   sparse-checkout-cone-mode: true
Operator app	Run actions/checkout@11d5960a326750d5838078e36cf38b85af677262	2026-09-25T04:15:46.7374336Z   fetch-depth: 1
Operator app	Run actions/checkout@11d5960a326750d5838078e36cf38b85af677262	2026-09-25T04:15:46.7374951Z   fetch-tags: false
Operator app	Run actions/checkout@11d5960a326750d5838078e36cf38b85af677262	2026-09-25T04:15:46.7375416Z   show-progress: true
Operator app	Run actions/checkout@11d5960a326750d5838078e36cf38b85af677262	2026-09-25T04:15:46.7375828Z   lfs: false
Operator app	Run actions/checkout@11d5960a326750d5838078e36cf38b85af677262	2026-09-25T04:15:46.7376236Z   submodules: false
Operator app	Run actions/checkout@11d5960a326750d5838078e36cf38b85af677262	2026-09-25T04:15:46.7376680Z   set-safe-directory: true
Operator app	Run actions/checkout@11d5960a326750d5838078e36cf38b85af677262	2026-09-25T04:15:46.7377135Z   allow-unsafe-pr-checkout: false
Operator app	Run actions/checkout@11d5960a326750d5838078e36cf38b85af677262	2026-09-25T04:15:46.7377799Z ##[endgroup]
Operator app	Run actions/checkout@11d5960a326750d5838078e36cf38b85af677262	2026-09-25T04:15:46.8161424Z Syncing repository: jack0682/rx-solutions
Operator app	Run actions/checkout@11d5960a326750d5838078e36cf38b85af677262	2026-09-25T04:15:46.8163582Z ##[group]Getting Git version info
Operator app	Run actions/checkout@11d5960a326750d5838078e36cf38b85af677262	2026-09-25T04:15:46.8165064Z Working directory is '/home/runner/work/rx-solutions/rx-solutions'
Operator app	Run actions/checkout@11d5960a326750d5838078e36cf38b85af677262	2026-09-25T04:15:46.8166624Z [command]/usr/bin/git version
Operator app	Run actions/checkout@11d5960a326750d5838078e36cf38b85af677262	2026-09-25T04:15:46.9321134Z git version 2.55.0
Operator app	Run actions/checkout@11d5960a326750d5838078e36cf38b85af677262	2026-09-25T04:15:46.9323692Z ##[endgroup]
Operator app	Run actions/checkout@11d5960a326750d5838078e36cf38b85af677262	2026-09-25T04:15:46.9333111Z Temporarily overriding HOME='/home/runner/work/_temp/6efb610a-8900-474c-b496-20567cc5a43b' before making global git config changes
Operator app	Run actions/checkout@11d5960a326750d5838078e36cf38b85af677262	2026-09-25T04:15:46.9337125Z Adding repository directory to the temporary git global config as a safe directory
Operator app	Run actions/checkout@11d5960a326750d5838078e36cf38b85af677262	2026-09-25T04:15:46.9338120Z [command]/usr/bin/git config --global --add safe.directory /home/runner/work/rx-solutions/rx-solutions
Operator app	Run actions/checkout@11d5960a326750d5838078e36cf38b85af677262	2026-09-25T04:15:47.0885760Z Deleting the contents of '/home/runner/work/rx-solutions/rx-solutions'
Operator app	Run actions/checkout@11d5960a326750d5838078e36cf38b85af677262	2026-09-25T04:15:47.0891652Z ##[group]Initializing the repository
Operator app	Run actions/checkout@11d5960a326750d5838078e36cf38b85af677262	2026-09-25T04:15:47.0896782Z [command]/usr/bin/git init /home/runner/work/rx-solutions/rx-solutions
Operator app	Run actions/checkout@11d5960a326750d5838078e36cf38b85af677262	2026-09-25T04:15:47.1712319Z hint: Using 'master' as the name for the initial branch. This default branch name
Operator app	Run actions/checkout@11d5960a326750d5838078e36cf38b85af677262	2026-09-25T04:15:47.1714936Z hint: will change to "main" in Git 3.0. To configure the initial branch name
Operator app	Run actions/checkout@11d5960a326750d5838078e36cf38b85af677262	2026-09-25T04:15:47.1716727Z hint: to use in all of your new repositories, which will suppress this warning,
Operator app	Run actions/checkout@11d5960a326750d5838078e36cf38b85af677262	2026-09-25T04:15:47.1717859Z hint: call:
Operator app	Run actions/checkout@11d5960a326750d5838078e36cf38b85af677262	2026-09-25T04:15:47.1718480Z hint:
Operator app	Run actions/checkout@11d5960a326750d5838078e36cf38b85af677262	2026-09-25T04:15:47.1719288Z hint: 	git config --global init.defaultBranch <name>
Operator app	Run actions/checkout@11d5960a326750d5838078e36cf38b85af677262	2026-09-25T04:15:47.1720450Z hint:
Operator app	Run actions/checkout@11d5960a326750d5838078e36cf38b85af677262	2026-09-25T04:15:47.1721451Z hint: Names commonly chosen instead of 'master' are 'main', 'trunk' and
Operator app	Run actions/checkout@11d5960a326750d5838078e36cf38b85af677262	2026-09-25T04:15:47.1722843Z hint: 'development'. The just-created branch can be renamed via this command:
Operator app	Run actions/checkout@11d5960a326750d5838078e36cf38b85af677262	2026-09-25T04:15:47.1724071Z hint:
Operator app	Run actions/checkout@11d5960a326750d5838078e36cf38b85af677262	2026-09-25T04:15:47.1724805Z hint: 	git branch -m <name>
Operator app	Run actions/checkout@11d5960a326750d5838078e36cf38b85af677262	2026-09-25T04:15:47.1725594Z hint:
Operator app	Run actions/checkout@11d5960a326750d5838078e36cf38b85af677262	2026-09-25T04:15:47.1726634Z hint: Disable this message with "git config set advice.defaultBranchName false"
Operator app	Run actions/checkout@11d5960a326750d5838078e36cf38b85af677262	2026-09-25T04:15:47.1728305Z Initialized empty Git repository in /home/runner/work/rx-solutions/rx-solutions/.git/
Operator app	Run actions/checkout@11d5960a326750d5838078e36cf38b85af677262	2026-09-25T04:15:47.1731125Z [command]/usr/bin/git remote add origin https://github.com/jack0682/rx-solutions
Operator app	Run actions/checkout@11d5960a326750d5838078e36cf38b85af677262	2026-09-25T04:15:47.3551671Z ##[endgroup]
Operator app	Run actions/checkout@11d5960a326750d5838078e36cf38b85af677262	2026-09-25T04:15:47.3553116Z ##[group]Disabling automatic garbage collection
Operator app	Run actions/checkout@11d5960a326750d5838078e36cf38b85af677262	2026-09-25T04:15:47.3554787Z [command]/usr/bin/git config --local gc.auto 0
Operator app	Run actions/checkout@11d5960a326750d5838078e36cf38b85af677262	2026-09-25T04:15:47.3583376Z ##[endgroup]
Operator app	Run actions/checkout@11d5960a326750d5838078e36cf38b85af677262	2026-09-25T04:15:47.3585523Z ##[group]Setting up auth
Operator app	Run actions/checkout@11d5960a326750d5838078e36cf38b85af677262	2026-09-25T04:15:47.3588432Z [command]/usr/bin/git config --local --name-only --get-regexp core\.sshCommand
Operator app	Run actions/checkout@11d5960a326750d5838078e36cf38b85af677262	2026-09-25T04:15:47.3612386Z [command]/usr/bin/git submodule foreach --recursive sh -c "git config --local --name-only --get-regexp 'core\.sshCommand' && git config --local --unset-all 'core.sshCommand' || :"
Operator app	Run actions/checkout@11d5960a326750d5838078e36cf38b85af677262	2026-09-25T04:15:47.3898012Z [command]/usr/bin/git config --local --name-only --get-regexp http\.https\:\/\/github\.com\/\.extraheader
Operator app	Run actions/checkout@11d5960a326750d5838078e36cf38b85af677262	2026-09-25T04:15:47.3921206Z [command]/usr/bin/git submodule foreach --recursive sh -c "git config --local --name-only --get-regexp 'http\.https\:\/\/github\.com\/\.extraheader' && git config --local --unset-all 'http.https://github.com/.extraheader' || :"
Operator app	Run actions/checkout@11d5960a326750d5838078e36cf38b85af677262	2026-09-25T04:15:47.4062582Z [command]/usr/bin/git config --local --name-only --get-regexp ^includeIf\.gitdir:
Operator app	Run actions/checkout@11d5960a326750d5838078e36cf38b85af677262	2026-09-25T04:15:47.4085278Z [command]/usr/bin/git submodule foreach --recursive git config --local --show-origin --name-only --get-regexp remote.origin.url
Operator app	Run actions/checkout@11d5960a326750d5838078e36cf38b85af677262	2026-09-25T04:15:47.4219962Z [command]/usr/bin/git config --local http.https://github.com/.extraheader AUTHORIZATION: basic ***
Operator app	Run actions/checkout@11d5960a326750d5838078e36cf38b85af677262	2026-09-25T04:15:47.4246773Z ##[endgroup]
Operator app	Run actions/checkout@11d5960a326750d5838078e36cf38b85af677262	2026-09-25T04:15:47.4248429Z ##[group]Fetching the repository
Operator app	Run actions/checkout@11d5960a326750d5838078e36cf38b85af677262	2026-09-25T04:15:47.4254878Z [command]/usr/bin/git -c protocol.version=2 fetch --no-tags --prune --no-recurse-submodules --depth=1 origin +36c708543bc1f9db6ab8d914a3c0701710f5eadd:refs/remotes/pull/40/merge
Operator app	Run actions/checkout@11d5960a326750d5838078e36cf38b85af677262	2026-09-25T04:15:48.9482400Z From https://github.com/jack0682/rx-solutions
Operator app	Run actions/checkout@11d5960a326750d5838078e36cf38b85af677262	2026-09-25T04:15:48.9483238Z  * [new ref]         36c708543bc1f9db6ab8d914a3c0701710f5eadd -> pull/40/merge
Operator app	Run actions/checkout@11d5960a326750d5838078e36cf38b85af677262	2026-09-25T04:15:48.9485985Z ##[endgroup]
Operator app	Run actions/checkout@11d5960a326750d5838078e36cf38b85af677262	2026-09-25T04:15:48.9486596Z ##[group]Determining the checkout info
Operator app	Run actions/checkout@11d5960a326750d5838078e36cf38b85af677262	2026-09-25T04:15:48.9493361Z ##[endgroup]
Operator app	Run actions/checkout@11d5960a326750d5838078e36cf38b85af677262	2026-09-25T04:15:48.9495602Z [command]/usr/bin/git sparse-checkout disable
Operator app	Run actions/checkout@11d5960a326750d5838078e36cf38b85af677262	2026-09-25T04:15:48.9535523Z [command]/usr/bin/git config --local --unset-all extensions.worktreeConfig
Operator app	Run actions/checkout@11d5960a326750d5838078e36cf38b85af677262	2026-09-25T04:15:48.9560513Z ##[group]Checking out the ref
Operator app	Run actions/checkout@11d5960a326750d5838078e36cf38b85af677262	2026-09-25T04:15:48.9563427Z [command]/usr/bin/git checkout --progress --force refs/remotes/pull/40/merge
Operator app	Run actions/checkout@11d5960a326750d5838078e36cf38b85af677262	2026-09-25T04:15:48.9835158Z Note: switching to 'refs/remotes/pull/40/merge'.
Operator app	Run actions/checkout@11d5960a326750d5838078e36cf38b85af677262	2026-09-25T04:15:48.9835729Z 
Operator app	Run actions/checkout@11d5960a326750d5838078e36cf38b85af677262	2026-09-25T04:15:48.9836072Z You are in 'detached HEAD' state. You can look around, make experimental
Operator app	Run actions/checkout@11d5960a326750d5838078e36cf38b85af677262	2026-09-25T04:15:48.9836796Z changes and commit them, and you can discard any commits you make in this
Operator app	Run actions/checkout@11d5960a326750d5838078e36cf38b85af677262	2026-09-25T04:15:48.9837392Z state without impacting any branches by switching back to a branch.
Operator app	Run actions/checkout@11d5960a326750d5838078e36cf38b85af677262	2026-09-25T04:15:48.9837743Z 
Operator app	Run actions/checkout@11d5960a326750d5838078e36cf38b85af677262	2026-09-25T04:15:48.9838082Z If you want to create a new branch to retain commits you create, you may
Operator app	Run actions/checkout@11d5960a326750d5838078e36cf38b85af677262	2026-09-25T04:15:48.9838691Z do so (now or later) by using -c with the switch command. Example:
Operator app	Run actions/checkout@11d5960a326750d5838078e36cf38b85af677262	2026-09-25T04:15:48.9839231Z 
Operator app	Run actions/checkout@11d5960a326750d5838078e36cf38b85af677262	2026-09-25T04:15:48.9839371Z   git switch -c <new-branch-name>
Operator app	Run actions/checkout@11d5960a326750d5838078e36cf38b85af677262	2026-09-25T04:15:48.9839586Z 
Operator app	Run actions/checkout@11d5960a326750d5838078e36cf38b85af677262	2026-09-25T04:15:48.9839736Z Or undo this operation with:
Operator app	Run actions/checkout@11d5960a326750d5838078e36cf38b85af677262	2026-09-25T04:15:48.9839954Z 
Operator app	Run actions/checkout@11d5960a326750d5838078e36cf38b85af677262	2026-09-25T04:15:48.9840084Z   git switch -
Operator app	Run actions/checkout@11d5960a326750d5838078e36cf38b85af677262	2026-09-25T04:15:48.9840345Z 
Operator app	Run actions/checkout@11d5960a326750d5838078e36cf38b85af677262	2026-09-25T04:15:48.9840642Z Turn off this advice by setting config variable advice.detachedHead to false
Operator app	Run actions/checkout@11d5960a326750d5838078e36cf38b85af677262	2026-09-25T04:15:48.9841029Z 
Operator app	Run actions/checkout@11d5960a326750d5838078e36cf38b85af677262	2026-09-25T04:15:48.9841343Z HEAD is now at 36c7085 Merge 5207f2c57503cb00c0f4f5d5b3ab959b2bcda1d1 into 6b92bab6af35dbbca3c3fdd16225a58e84ca26aa
Operator app	Run actions/checkout@11d5960a326750d5838078e36cf38b85af677262	2026-09-25T04:15:48.9842600Z ##[endgroup]
Operator app	Run actions/checkout@11d5960a326750d5838078e36cf38b85af677262	2026-09-25T04:15:48.9869881Z [command]/usr/bin/git log -1 --format=%H
Operator app	Run actions/checkout@11d5960a326750d5838078e36cf38b85af677262	2026-09-25T04:15:48.9887223Z 36c708543bc1f9db6ab8d914a3c0701710f5eadd
Operator app	Run actions/checkout@11d5960a326750d5838078e36cf38b85af677262	2026-09-25T04:15:48.9892512Z ##[group]Removing auth
Operator app	Run actions/checkout@11d5960a326750d5838078e36cf38b85af677262	2026-09-25T04:15:48.9895159Z [command]/usr/bin/git config --local --name-only --get-regexp core\.sshCommand
Operator app	Run actions/checkout@11d5960a326750d5838078e36cf38b85af677262	2026-09-25T04:15:48.9915784Z [command]/usr/bin/git submodule foreach --recursive sh -c "git config --local --name-only --get-regexp 'core\.sshCommand' && git config --local --unset-all 'core.sshCommand' || :"
Operator app	Run actions/checkout@11d5960a326750d5838078e36cf38b85af677262	2026-09-25T04:15:49.0055039Z [command]/usr/bin/git config --local --name-only --get-regexp http\.https\:\/\/github\.com\/\.extraheader
Operator app	Run actions/checkout@11d5960a326750d5838078e36cf38b85af677262	2026-09-25T04:15:49.0071445Z http.https://github.com/.extraheader
Operator app	Run actions/checkout@11d5960a326750d5838078e36cf38b85af677262	2026-09-25T04:15:49.0075372Z [command]/usr/bin/git config --local --unset-all http.https://github.com/.extraheader
Operator app	Run actions/checkout@11d5960a326750d5838078e36cf38b85af677262	2026-09-25T04:15:49.0097630Z [command]/usr/bin/git submodule foreach --recursive sh -c "git config --local --name-only --get-regexp 'http\.https\:\/\/github\.com\/\.extraheader' && git config --local --unset-all 'http.https://github.com/.extraheader' || :"
Operator app	Run actions/checkout@11d5960a326750d5838078e36cf38b85af677262	2026-09-25T04:15:49.0232798Z [command]/usr/bin/git config --local --name-only --get-regexp ^includeIf\.gitdir:
Operator app	Run actions/checkout@11d5960a326750d5838078e36cf38b85af677262	2026-09-25T04:15:49.0250878Z [command]/usr/bin/git submodule foreach --recursive git config --local --show-origin --name-only --get-regexp remote.origin.url
Operator app	Run actions/checkout@11d5960a326750d5838078e36cf38b85af677262	2026-09-25T04:15:49.0382981Z ##[endgroup]
Operator app	Run actions/setup-node@49933ea5288caeca8642d1e84afbd3f7d6820020	﻿2026-09-25T04:15:49.0585720Z ##[group]Run actions/setup-node@49933ea5288caeca8642d1e84afbd3f7d6820020
Operator app	Run actions/setup-node@49933ea5288caeca8642d1e84afbd3f7d6820020	2026-09-25T04:15:49.0586154Z with:
Operator app	Run actions/setup-node@49933ea5288caeca8642d1e84afbd3f7d6820020	2026-09-25T04:15:49.0586403Z   node-version: 24
Operator app	Run actions/setup-node@49933ea5288caeca8642d1e84afbd3f7d6820020	2026-09-25T04:15:49.0586680Z   cache: npm
Operator app	Run actions/setup-node@49933ea5288caeca8642d1e84afbd3f7d6820020	2026-09-25T04:15:49.0586976Z   cache-dependency-path: apps/operator/package-lock.json
Operator app	Run actions/setup-node@49933ea5288caeca8642d1e84afbd3f7d6820020	2026-09-25T04:15:49.0587316Z   always-auth: false
Operator app	Run actions/setup-node@49933ea5288caeca8642d1e84afbd3f7d6820020	2026-09-25T04:15:49.0587585Z   check-latest: false
Operator app	Run actions/setup-node@49933ea5288caeca8642d1e84afbd3f7d6820020	2026-09-25T04:15:49.0589471Z   token: ***
Operator app	Run actions/setup-node@49933ea5288caeca8642d1e84afbd3f7d6820020	2026-09-25T04:15:49.0589741Z ##[endgroup]
Operator app	Run actions/setup-node@49933ea5288caeca8642d1e84afbd3f7d6820020	2026-09-25T04:15:49.1822731Z Found in cache @ /opt/hostedtoolcache/node/24.21.0/x64
Operator app	Run actions/setup-node@49933ea5288caeca8642d1e84afbd3f7d6820020	2026-09-25T04:15:49.1825656Z (node:2112) [DEP0040] DeprecationWarning: The `punycode` module is deprecated. Please use a userland alternative instead.
Operator app	Run actions/setup-node@49933ea5288caeca8642d1e84afbd3f7d6820020	2026-09-25T04:15:49.1826264Z (Use `node --trace-deprecation ...` to show where the warning was created)
Operator app	Run actions/setup-node@49933ea5288caeca8642d1e84afbd3f7d6820020	2026-09-25T04:15:49.1827820Z ##[group]Environment details
Operator app	Run actions/setup-node@49933ea5288caeca8642d1e84afbd3f7d6820020	2026-09-25T04:15:50.3421426Z node: v24.21.0
Operator app	Run actions/setup-node@49933ea5288caeca8642d1e84afbd3f7d6820020	2026-09-25T04:15:50.3421853Z npm: 11.19.0
Operator app	Run actions/setup-node@49933ea5288caeca8642d1e84afbd3f7d6820020	2026-09-25T04:15:50.3422213Z yarn: 1.22.22
Operator app	Run actions/setup-node@49933ea5288caeca8642d1e84afbd3f7d6820020	2026-09-25T04:15:50.3422982Z ##[endgroup]
Operator app	Run actions/setup-node@49933ea5288caeca8642d1e84afbd3f7d6820020	2026-09-25T04:15:50.3437803Z [command]/opt/hostedtoolcache/node/24.21.0/x64/bin/npm config get cache
Operator app	Run actions/setup-node@49933ea5288caeca8642d1e84afbd3f7d6820020	2026-09-25T04:15:50.4610400Z /home/runner/.npm
Operator app	Run actions/setup-node@49933ea5288caeca8642d1e84afbd3f7d6820020	2026-09-25T04:15:50.6019936Z Cache hit for: node-cache-Linux-x64-npm-f7049b356cd2537bb1cb7d4c983f6736b00e504a22a04a9bb724c41964922b7f
Operator app	Run actions/setup-node@49933ea5288caeca8642d1e84afbd3f7d6820020	2026-09-25T04:15:50.6089766Z (node:2112) [DEP0169] DeprecationWarning: `url.parse()` behavior is not standardized and prone to errors that have security implications. Use the WHATWG URL API instead. CVEs are not issued for `url.parse()` vulnerabilities.
Operator app	Run actions/setup-node@49933ea5288caeca8642d1e84afbd3f7d6820020	2026-09-25T04:15:51.5018845Z Received 48390980 of 48390980 (100.0%), 60.6 MBs/sec
Operator app	Run actions/setup-node@49933ea5288caeca8642d1e84afbd3f7d6820020	2026-09-25T04:15:51.5019357Z Cache Size: ~46 MB (48390980 B)
Operator app	Run actions/setup-node@49933ea5288caeca8642d1e84afbd3f7d6820020	2026-09-25T04:15:51.5138611Z [command]/usr/bin/tar -xf /home/runner/work/_temp/c7860824-c285-478f-b9c5-237638a1b4aa/cache.tzst -P -C /home/runner/work/rx-solutions/rx-solutions --use-compress-program unzstd
Operator app	Run actions/setup-node@49933ea5288caeca8642d1e84afbd3f7d6820020	2026-09-25T04:15:51.5725268Z Cache restored successfully
Operator app	Run actions/setup-node@49933ea5288caeca8642d1e84afbd3f7d6820020	2026-09-25T04:15:51.5749830Z Cache restored from key: node-cache-Linux-x64-npm-f7049b356cd2537bb1cb7d4c983f6736b00e504a22a04a9bb724c41964922b7f
Operator app	Run npm ci	﻿2026-09-25T04:15:51.5876422Z ##[group]Run npm ci
Operator app	Run npm ci	2026-09-25T04:15:51.5876752Z ^[[36;1mnpm ci^[[0m
Operator app	Run npm ci	2026-09-25T04:15:51.6349597Z shell: /usr/bin/bash -e {0}
Operator app	Run npm ci	2026-09-25T04:15:51.6350010Z ##[endgroup]
Operator app	Run npm ci	2026-09-25T04:15:54.1836186Z 
Operator app	Run npm ci	2026-09-25T04:15:54.1842672Z added 57 packages, and audited 58 packages in 3s
Operator app	Run npm ci	2026-09-25T04:15:54.1843056Z 
Operator app	Run npm ci	2026-09-25T04:15:54.1843481Z 20 packages are looking for funding
Operator app	Run npm ci	2026-09-25T04:15:54.1843904Z   run `npm fund` for details
Operator app	Run npm ci	2026-09-25T04:15:54.1844050Z 
Operator app	Run npm ci	2026-09-25T04:15:54.1844174Z found 0 vulnerabilities
Operator app	Run npm run format:check	﻿2026-09-25T04:15:54.2063161Z ##[group]Run npm run format:check
Operator app	Run npm run format:check	2026-09-25T04:15:54.2063508Z ^[[36;1mnpm run format:check^[[0m
Operator app	Run npm run format:check	2026-09-25T04:15:54.2097882Z shell: /usr/bin/bash -e {0}
Operator app	Run npm run format:check	2026-09-25T04:15:54.2098402Z ##[endgroup]
Operator app	Run npm run format:check	2026-09-25T04:15:54.2805549Z 
Operator app	Run npm run format:check	2026-09-25T04:15:54.2806089Z > @rx/operator@0.1.0 format:check
Operator app	Run npm run format:check	2026-09-25T04:15:54.2806639Z > prettier --check src index.html vite.config.ts tsconfig.json package.json .prettierrc.json
Operator app	Run npm run format:check	2026-09-25T04:15:54.2807018Z 
Operator app	Run npm run format:check	2026-09-25T04:15:54.3606677Z Checking formatting...
Operator app	Run npm run format:check	2026-09-25T04:15:55.4000427Z All matched files use Prettier code style!
Operator app	Run npm test	﻿2026-09-25T04:15:55.4780604Z ##[group]Run npm test
Operator app	Run npm test	2026-09-25T04:15:55.4780893Z ^[[36;1mnpm test^[[0m
Operator app	Run npm test	2026-09-25T04:15:55.4815652Z shell: /usr/bin/bash -e {0}
Operator app	Run npm test	2026-09-25T04:15:55.4815999Z ##[endgroup]
Operator app	Run npm test	2026-09-25T04:15:55.5549240Z 
Operator app	Run npm test	2026-09-25T04:15:55.5549789Z > @rx/operator@0.1.0 test
Operator app	Run npm test	2026-09-25T04:15:55.5550195Z > vitest run src
Operator app	Run npm test	2026-09-25T04:15:55.5550346Z 
Operator app	Run npm test	2026-09-25T04:15:55.8778630Z 
Operator app	Run npm test	2026-09-25T04:15:55.8782190Z ^[[1m^[[30m^[[46m RUN ^[[49m^[[39m^[[22m ^[[36mv4.1.11 ^[[39m^[[90m/home/runner/work/rx-solutions/rx-solutions/apps/operator^[[39m
Operator app	Run npm test	2026-09-25T04:15:55.8782684Z 
Operator app	Run npm test	2026-09-25T04:15:56.1861053Z  ^[[32m✓^[[39m src/device-review-schema.test.ts ^[[2m(^[[22m^[[2m5 tests^[[22m^[[2m)^[[22m^[[32m 14^[[2mms^[[22m^[[39m
Operator app	Run npm test	2026-09-25T04:15:56.2122003Z  ^[[32m✓^[[39m src/run-start-schema.test.ts ^[[2m(^[[22m^[[2m12 tests^[[22m^[[2m)^[[22m^[[32m 25^[[2mms^[[22m^[[39m
Operator app	Run npm test	2026-09-25T04:15:56.2743440Z  ^[[32m✓^[[39m src/host-recovery-schema.test.ts ^[[2m(^[[22m^[[2m11 tests^[[22m^[[2m)^[[22m^[[32m 51^[[2mms^[[22m^[[39m
Operator app	Run npm test	2026-09-25T04:15:56.4085608Z  ^[[32m✓^[[39m src/package-schema.test.ts ^[[2m(^[[22m^[[2m4 tests^[[22m^[[2m)^[[22m^[[32m 10^[[2mms^[[22m^[[39m
Operator app	Run npm test	2026-09-25T04:15:56.4338535Z  ^[[32m✓^[[39m src/device-catalog.test.ts ^[[2m(^[[22m^[[2m3 tests^[[22m^[[2m)^[[22m^[[32m 8^[[2mms^[[22m^[[39m
Operator app	Run npm test	2026-09-25T04:15:56.4840146Z  ^[[32m✓^[[39m src/pending.test.ts ^[[2m(^[[22m^[[2m3 tests^[[22m^[[2m)^[[22m^[[32m 8^[[2mms^[[22m^[[39m
Operator app	Run npm test	2026-09-25T04:15:56.5539671Z  ^[[32m✓^[[39m src/service-health.test.ts ^[[2m(^[[22m^[[2m2 tests^[[22m^[[2m)^[[22m^[[32m 4^[[2mms^[[22m^[[39m
Operator app	Run npm test	2026-09-25T04:15:56.6144186Z  ^[[32m✓^[[39m src/process-preview.test.ts ^[[2m(^[[22m^[[2m3 tests^[[22m^[[2m)^[[22m^[[32m 7^[[2mms^[[22m^[[39m
Operator app	Run npm test	2026-09-25T04:15:56.6736548Z  ^[[32m✓^[[39m src/diagnostic-time.test.ts ^[[2m(^[[22m^[[2m3 tests^[[22m^[[2m)^[[22m^[[32m 7^[[2mms^[[22m^[[39m
Operator app	Run npm test	2026-09-25T04:15:56.7291009Z  ^[[32m✓^[[39m src/device-provenance.test.ts ^[[2m(^[[22m^[[2m2 tests^[[22m^[[2m)^[[22m^[[32m 4^[[2mms^[[22m^[[39m
Operator app	Run npm test	2026-09-25T04:15:56.7611767Z  ^[[32m✓^[[39m src/schema-runtime.test.ts ^[[2m(^[[22m^[[2m1 test^[[22m^[[2m)^[[22m^[[32m 43^[[2mms^[[22m^[[39m
Operator app	Run npm test	2026-09-25T04:15:56.7635290Z 
Operator app	Run npm test	2026-09-25T04:15:56.7636455Z ^[[2m Test Files ^[[22m ^[[1m^[[32m11 passed^[[39m^[[22m^[[90m (11)^[[39m
Operator app	Run npm test	2026-09-25T04:15:56.7637114Z ^[[2m      Tests ^[[22m ^[[1m^[[32m49 passed^[[39m^[[22m^[[90m (49)^[[39m
Operator app	Run npm test	2026-09-25T04:15:56.7637554Z ^[[2m   Start at ^[[22m 04:15:55
Operator app	Run npm test	2026-09-25T04:15:56.7638351Z ^[[2m   Duration ^[[22m 877ms^[[2m (transform 298ms, setup 0ms, import 1.03s, tests 180ms, environment 1ms)^[[22m
Operator app	Run npm test	2026-09-25T04:15:56.7638669Z 
Operator app	Run npm run test:bundle	﻿2026-09-25T04:15:56.7835280Z ##[group]Run npm run test:bundle
Operator app	Run npm run test:bundle	2026-09-25T04:15:56.7835606Z ^[[36;1mnpm run test:bundle^[[0m
Operator app	Run npm run test:bundle	2026-09-25T04:15:56.7870478Z shell: /usr/bin/bash -e {0}
Operator app	Run npm run test:bundle	2026-09-25T04:15:56.7870799Z ##[endgroup]
Operator app	Run npm run test:bundle	2026-09-25T04:15:56.8536457Z 
Operator app	Run npm run test:bundle	2026-09-25T04:15:56.8537296Z > @rx/operator@0.1.0 test:bundle
Operator app	Run npm run test:bundle	2026-09-25T04:15:56.8537946Z > node --test tools/build-bundle.test.mjs
Operator app	Run npm run test:bundle	2026-09-25T04:15:56.8538208Z 
Operator app	Run npm run test:bundle	2026-09-25T04:15:56.9290098Z ✔ manifest is reproducible, ordered, exact-size and excludes itself (11.784737ms)
Operator app	Run npm run test:bundle	2026-09-25T04:15:56.9332108Z ✔ unlisted file types, reserved names and symlinks cannot enter a bundle (4.941379ms)
Operator app	Run npm run test:bundle	2026-09-25T04:15:56.9402190Z ✔ missing entry point and oversized files fail instead of producing a partial manifest (7.15707ms)
Operator app	Run npm run test:bundle	2026-09-25T04:15:56.9457792Z ℹ tests 3
Operator app	Run npm run test:bundle	2026-09-25T04:15:56.9458182Z ℹ suites 0
Operator app	Run npm run test:bundle	2026-09-25T04:15:56.9458586Z ℹ pass 3
Operator app	Run npm run test:bundle	2026-09-25T04:15:56.9458894Z ℹ fail 0
Operator app	Run npm run test:bundle	2026-09-25T04:15:56.9459185Z ℹ cancelled 0
Operator app	Run npm run test:bundle	2026-09-25T04:15:56.9459611Z ℹ skipped 0
Operator app	Run npm run test:bundle	2026-09-25T04:15:56.9459940Z ℹ todo 0
Operator app	Run npm run test:bundle	2026-09-25T04:15:56.9465876Z ℹ duration_ms 66.34204
Operator app	Run npm run build	﻿2026-09-25T04:15:56.9569314Z ##[group]Run npm run build
Operator app	Run npm run build	2026-09-25T04:15:56.9569726Z ^[[36;1mnpm run build^[[0m
Operator app	Run npm run build	2026-09-25T04:15:56.9615252Z shell: /usr/bin/bash -e {0}
Operator app	Run npm run build	2026-09-25T04:15:56.9615666Z ##[endgroup]
Operator app	Run npm run build	2026-09-25T04:15:57.0319091Z 
Operator app	Run npm run build	2026-09-25T04:15:57.0319548Z > @rx/operator@0.1.0 build
Operator app	Run npm run build	2026-09-25T04:15:57.0320252Z > tsc --noEmit && vite build && node tools/build-bundle.mjs dist
Operator app	Run npm run build	2026-09-25T04:15:57.0320650Z 
Operator app	Run npm run build	2026-09-25T04:16:00.1853684Z ^[[36mvite v8.2.2 ^[[32mbuilding client environment for production...^[[36m^[[39m
Operator app	Run npm run build	2026-09-25T04:16:00.1931152Z transforming...
Operator app	Run npm run build	2026-09-25T04:16:00.3493903Z ✓ 140 modules transformed.
Operator app	Run npm run build	2026-09-25T04:16:00.3858049Z rendering chunks...
Operator app	Run npm run build	2026-09-25T04:16:00.4651005Z computing gzip size...
Operator app	Run npm run build	2026-09-25T04:16:00.4723425Z dist/index.html                                                     0.45 kB │ gzip:   0.29 kB
Operator app	Run npm run build	2026-09-25T04:16:00.4727272Z dist/assets/ibm-plex-sans-kr-latin-ext-500-normal-BYGwY8Sr.woff     1.51 kB
Operator app	Run npm run build	2026-09-25T04:16:00.4728339Z dist/assets/ibm-plex-sans-kr-latin-ext-400-normal-BdSmf8qi.woff     1.51 kB
Operator app	Run npm run build	2026-09-25T04:16:00.4729207Z dist/assets/ibm-plex-sans-kr-latin-ext-600-normal-BIoLTTrT.woff     1.52 kB
Operator app	Run npm run build	2026-09-25T04:16:00.4729975Z dist/assets/ibm-plex-sans-kr-95-500-normal-yg9AsfDC.woff            1.76 kB
Operator app	Run npm run build	2026-09-25T04:16:00.4730626Z dist/assets/ibm-plex-sans-kr-95-600-normal-DiDFTR9Q.woff            1.77 kB
Operator app	Run npm run build	2026-09-25T04:16:00.4731295Z dist/assets/ibm-plex-sans-kr-95-400-normal-BR6ElHWu.woff            1.78 kB
Operator app	Run npm run build	2026-09-25T04:16:00.4731931Z dist/assets/ibm-plex-sans-kr-95-400-normal-CXzGt2L1.woff2           2.44 kB
Operator app	Run npm run build	2026-09-25T04:16:00.4732700Z dist/assets/ibm-plex-sans-kr-95-500-normal-CwbOeWyD.woff2           2.44 kB
Operator app	Run npm run build	2026-09-25T04:16:00.4733428Z dist/assets/ibm-plex-sans-kr-latin-ext-400-normal-C-1ywfZu.woff2    2.50 kB
Operator app	Run npm run build	2026-09-25T04:16:00.4734196Z dist/assets/ibm-plex-sans-kr-95-600-normal-CzslQFpy.woff2           2.51 kB
Operator app	Run npm run build	2026-09-25T04:16:00.4735260Z dist/assets/ibm-plex-sans-kr-latin-ext-600-normal-CwjUnNuf.woff2    2.54 kB
Operator app	Run npm run build	2026-09-25T04:16:00.4735960Z dist/assets/ibm-plex-sans-kr-latin-ext-500-normal-C8K5qbyi.woff2    2.56 kB
Operator app	Run npm run build	2026-09-25T04:16:00.4736749Z dist/assets/ibm-plex-sans-kr-65-400-normal-BLI3xZEh.woff            2.93 kB
Operator app	Run npm run build	2026-09-25T04:16:00.4737437Z dist/assets/ibm-plex-sans-kr-65-500-normal-DeZUxdRN.woff            2.95 kB
Operator app	Run npm run build	2026-09-25T04:16:00.4738124Z dist/assets/ibm-plex-sans-kr-65-600-normal-DVDtx_Xg.woff            2.96 kB
Operator app	Run npm run build	2026-09-25T04:16:00.4738855Z dist/assets/ibm-plex-sans-kr-65-400-normal-DnzyhmoU.woff2           3.93 kB
Operator app	Run npm run build	2026-09-25T04:16:00.4739561Z dist/assets/ibm-plex-sans-kr-99-400-normal-DKb2WQ2R.woff            3.93 kB
Operator app	Run npm run build	2026-09-25T04:16:00.4740296Z dist/assets/ibm-plex-sans-kr-99-500-normal-HPdjitvo.woff            3.98 kB
Operator app	Run npm run build	2026-09-25T04:16:00.4741021Z dist/assets/ibm-plex-sans-kr-99-600-normal-C-L_eISe.woff            4.03 kB
Operator app	Run npm run build	2026-09-25T04:16:00.4741738Z dist/assets/ibm-plex-sans-kr-65-500-normal-nL2tz1fq.woff2           4.05 kB
Operator app	Run npm run build	2026-09-25T04:16:00.4742520Z dist/assets/ibm-plex-sans-kr-65-600-normal-CuB_ApqX.woff2           4.12 kB
Operator app	Run npm run build	2026-09-25T04:16:00.4743309Z dist/assets/ibm-plex-sans-kr-96-600-normal-E6j9XpvP.woff            4.29 kB
Operator app	Run npm run build	2026-09-25T04:16:00.4743975Z dist/assets/ibm-plex-sans-kr-96-400-normal-m9r3xH18.woff            4.35 kB
Operator app	Run npm run build	2026-09-25T04:16:00.4744790Z dist/assets/ibm-plex-sans-kr-96-500-normal-DOFBEi4W.woff            4.36 kB
Operator app	Run npm run build	2026-09-25T04:16:00.4745578Z dist/assets/ibm-plex-sans-kr-96-600-normal-qnNrW3Df.woff2           4.60 kB
Operator app	Run npm run build	2026-09-25T04:16:00.4746591Z dist/assets/ibm-plex-sans-kr-96-400-normal-DqxPcneT.woff2           4.71 kB
Operator app	Run npm run build	2026-09-25T04:16:00.4747269Z dist/assets/ibm-plex-sans-kr-96-500-normal-BTbACruS.woff2           4.85 kB
Operator app	Run npm run build	2026-09-25T04:16:00.4747998Z dist/assets/ibm-plex-sans-kr-93-400-normal-5J6UR9CM.woff2           4.98 kB
Operator app	Run npm run build	2026-09-25T04:16:00.4748658Z dist/assets/ibm-plex-sans-kr-93-500-normal-CYfF4l4d.woff2           5.00 kB
Operator app	Run npm run build	2026-09-25T04:16:00.4749400Z dist/assets/ibm-plex-sans-kr-99-400-normal-COuj214s.woff2           5.04 kB
Operator app	Run npm run build	2026-09-25T04:16:00.4750166Z dist/assets/ibm-plex-sans-kr-99-500-normal-Dz27KSuo.woff2           5.11 kB
Operator app	Run npm run build	2026-09-25T04:16:00.4751035Z dist/assets/ibm-plex-sans-kr-93-600-normal-C3ObUrek.woff2           5.11 kB
Operator app	Run npm run build	2026-09-25T04:16:00.4751735Z dist/assets/ibm-plex-sans-kr-93-500-normal-Cdd0aOxJ.woff            5.15 kB
Operator app	Run npm run build	2026-09-25T04:16:00.4752431Z dist/assets/ibm-plex-sans-kr-93-400-normal-Cdi-IBra.woff            5.16 kB
Operator app	Run npm run build	2026-09-25T04:16:00.4753092Z dist/assets/ibm-plex-sans-kr-99-600-normal-j_ccRvHi.woff2           5.18 kB
Operator app	Run npm run build	2026-09-25T04:16:00.4753727Z dist/assets/ibm-plex-sans-kr-93-600-normal-4KzAAJzD.woff            5.28 kB
Operator app	Run npm run build	2026-09-25T04:16:00.4754396Z dist/assets/ibm-plex-sans-kr-101-600-normal-DOUVV8ig.woff           5.77 kB
Operator app	Run npm run build	2026-09-25T04:16:00.4755185Z dist/assets/ibm-plex-sans-kr-101-500-normal-Dt55yHJE.woff           5.79 kB
Operator app	Run npm run build	2026-09-25T04:16:00.4755881Z dist/assets/ibm-plex-sans-kr-0-400-normal-COdVePwF.woff2            5.84 kB
Operator app	Run npm run build	2026-09-25T04:16:00.4756527Z dist/assets/ibm-plex-sans-kr-0-500-normal-ZOw-Oe4Z.woff2            5.87 kB
Operator app	Run npm run build	2026-09-25T04:16:00.4757134Z dist/assets/ibm-plex-sans-kr-101-400-normal-DQN8MKOE.woff           5.87 kB
Operator app	Run npm run build	2026-09-25T04:16:00.4757834Z dist/assets/ibm-plex-sans-kr-98-400-normal-D-_zohjb.woff            5.96 kB
Operator app	Run npm run build	2026-09-25T04:16:00.4758461Z dist/assets/ibm-plex-sans-kr-100-600-normal-ZYmKSXu1.woff           5.97 kB
Operator app	Run npm run build	2026-09-25T04:16:00.4759116Z dist/assets/ibm-plex-sans-kr-0-600-normal-DuzcAQdo.woff2            5.98 kB
Operator app	Run npm run build	2026-09-25T04:16:00.4759805Z dist/assets/ibm-plex-sans-kr-98-500-normal-CtGPk__x.woff            5.98 kB
Operator app	Run npm run build	2026-09-25T04:16:00.4760450Z dist/assets/ibm-plex-sans-kr-98-600-normal-CizO16Ew.woff            6.01 kB
Operator app	Run npm run build	2026-09-25T04:16:00.4761112Z dist/assets/ibm-plex-sans-kr-100-500-normal-CYmhs-uc.woff           6.02 kB
Operator app	Run npm run build	2026-09-25T04:16:00.4761764Z dist/assets/ibm-plex-sans-kr-98-400-normal-CyxDRXqs.woff2           6.04 kB
Operator app	Run npm run build	2026-09-25T04:16:00.4762460Z dist/assets/ibm-plex-sans-kr-100-400-normal-BQdwTqgb.woff           6.07 kB
Operator app	Run npm run build	2026-09-25T04:16:00.4763130Z dist/assets/ibm-plex-sans-kr-0-500-normal-aGZllF0U.woff             6.16 kB
Operator app	Run npm run build	2026-09-25T04:16:00.4763785Z dist/assets/ibm-plex-sans-kr-0-400-normal-DEF_oZFa.woff             6.16 kB
Operator app	Run npm run build	2026-09-25T04:16:00.4764401Z dist/assets/ibm-plex-sans-kr-98-500-normal-PEz79xhx.woff2           6.17 kB
Operator app	Run npm run build	2026-09-25T04:16:00.4765138Z dist/assets/ibm-plex-sans-kr-0-600-normal-DLXpb0hq.woff             6.21 kB
Operator app	Run npm run build	2026-09-25T04:16:00.4765849Z dist/assets/ibm-plex-sans-kr-98-600-normal-D-SBD5Hk.woff2           6.22 kB
Operator app	Run npm run build	2026-09-25T04:16:00.4766471Z dist/assets/ibm-plex-sans-kr-97-400-normal-DOlHHts_.woff2           6.48 kB
Operator app	Run npm run build	2026-09-25T04:16:00.4767086Z dist/assets/ibm-plex-sans-kr-97-500-normal-C_F2h3q_.woff2           6.53 kB
Operator app	Run npm run build	2026-09-25T04:16:00.4767732Z dist/assets/ibm-plex-sans-kr-97-600-normal-CHxkMEAU.woff2           6.55 kB
Operator app	Run npm run build	2026-09-25T04:16:00.4768353Z dist/assets/ibm-plex-sans-kr-102-600-normal-BIIL4Btv.woff           6.69 kB
Operator app	Run npm run build	2026-09-25T04:16:00.4769020Z dist/assets/ibm-plex-sans-kr-102-500-normal-CW45f5lP.woff           6.73 kB
Operator app	Run npm run build	2026-09-25T04:16:00.4769637Z dist/assets/ibm-plex-sans-kr-97-400-normal-TWLDWHgL.woff            6.75 kB
Operator app	Run npm run build	2026-09-25T04:16:00.4770273Z dist/assets/ibm-plex-sans-kr-97-500-normal-BAgq0JpV.woff            6.77 kB
Operator app	Run npm run build	2026-09-25T04:16:00.4770843Z dist/assets/ibm-plex-sans-kr-97-600-normal-CXVo40nf.woff            6.78 kB
Operator app	Run npm run build	2026-09-25T04:16:00.4771646Z dist/assets/ibm-plex-sans-kr-102-400-normal-DHfan8x-.woff           6.81 kB
Operator app	Run npm run build	2026-09-25T04:16:00.4772250Z dist/assets/ibm-plex-sans-kr-104-500-normal-DA4R5HED.woff           7.06 kB
Operator app	Run npm run build	2026-09-25T04:16:00.4773107Z dist/assets/ibm-plex-sans-kr-104-600-normal-DbfrFOKo.woff           7.08 kB
Operator app	Run npm run build	2026-09-25T04:16:00.4773722Z dist/assets/ibm-plex-sans-kr-104-400-normal-kn3L8mkz.woff           7.09 kB
Operator app	Run npm run build	2026-09-25T04:16:00.4774350Z dist/assets/ibm-plex-sans-kr-103-600-normal-BKXxr4Vf.woff           7.30 kB
Operator app	Run npm run build	2026-09-25T04:16:00.4775139Z dist/assets/ibm-plex-sans-kr-103-500-normal-W1XFNDU3.woff           7.34 kB
Operator app	Run npm run build	2026-09-25T04:16:00.4775952Z dist/assets/ibm-plex-sans-kr-103-400-normal-BQNnzD7b.woff           7.48 kB
Operator app	Run npm run build	2026-09-25T04:16:00.4776687Z dist/assets/ibm-plex-sans-kr-105-600-normal-DU6215sy.woff           8.09 kB
Operator app	Run npm run build	2026-09-25T04:16:00.4777478Z dist/assets/ibm-plex-sans-kr-105-500-normal-DU0dswGg.woff           8.13 kB
Operator app	Run npm run build	2026-09-25T04:16:00.4778065Z dist/assets/ibm-plex-sans-kr-105-400-normal-D20hKn8x.woff           8.14 kB
Operator app	Run npm run build	2026-09-25T04:16:00.4778686Z dist/assets/ibm-plex-sans-kr-101-400-normal-CwhtzdGH.woff2          8.45 kB
Operator app	Run npm run build	2026-09-25T04:16:00.4779315Z dist/assets/ibm-plex-sans-kr-118-500-normal-CDUCZo4L.woff           8.48 kB
Operator app	Run npm run build	2026-09-25T04:16:00.4779927Z dist/assets/ibm-plex-sans-kr-118-400-normal-BvkVX0xm.woff           8.49 kB
Operator app	Run npm run build	2026-09-25T04:16:00.4780559Z dist/assets/ibm-plex-sans-kr-117-500-normal-CZylu9y6.woff           8.60 kB
Operator app	Run npm run build	2026-09-25T04:16:00.4781118Z dist/assets/ibm-plex-sans-kr-118-600-normal-BKNr8HaE.woff           8.61 kB
Operator app	Run npm run build	2026-09-25T04:16:00.4781684Z dist/assets/ibm-plex-sans-kr-106-600-normal-CIkK4pwL.woff           8.63 kB
Operator app	Run npm run build	2026-09-25T04:16:00.4782332Z dist/assets/ibm-plex-sans-kr-117-600-normal-BUVowAmE.woff           8.64 kB
Operator app	Run npm run build	2026-09-25T04:16:00.4782965Z dist/assets/ibm-plex-sans-kr-94-400-normal-CsJn1kPf.woff2           8.66 kB
Operator app	Run npm run build	2026-09-25T04:16:00.4783588Z dist/assets/ibm-plex-sans-kr-117-400-normal-CAkrqKEd.woff           8.67 kB
Operator app	Run npm run build	2026-09-25T04:16:00.4784251Z dist/assets/ibm-plex-sans-kr-106-500-normal-B9LKd6uR.woff           8.69 kB
Operator app	Run npm run build	2026-09-25T04:16:00.4785119Z dist/assets/ibm-plex-sans-kr-94-500-normal-DAIKdeR_.woff2           8.80 kB
Operator app	Run npm run build	2026-09-25T04:16:00.4785703Z dist/assets/ibm-plex-sans-kr-106-400-normal-DRimGseV.woff           8.81 kB
Operator app	Run npm run build	2026-09-25T04:16:00.4786377Z dist/assets/ibm-plex-sans-kr-94-600-normal-BqkCATJS.woff2           8.83 kB
Operator app	Run npm run build	2026-09-25T04:16:00.4786999Z dist/assets/ibm-plex-sans-kr-100-400-normal-3DeNbFry.woff2          8.89 kB
Operator app	Run npm run build	2026-09-25T04:16:00.4787623Z dist/assets/ibm-plex-sans-kr-101-600-normal-Cf7HWvBM.woff2          8.94 kB
Operator app	Run npm run build	2026-09-25T04:16:00.4788261Z dist/assets/ibm-plex-sans-kr-101-500-normal-D3ziJXl9.woff2          9.04 kB
Operator app	Run npm run build	2026-09-25T04:16:00.4788862Z dist/assets/ibm-plex-sans-kr-112-600-normal-lS3UdozO.woff           9.43 kB
Operator app	Run npm run build	2026-09-25T04:16:00.4789508Z dist/assets/ibm-plex-sans-kr-112-500-normal-CfQwtfnO.woff           9.48 kB
Operator app	Run npm run build	2026-09-25T04:16:00.4790144Z dist/assets/ibm-plex-sans-kr-115-500-normal-iyItw9QE.woff           9.52 kB
Operator app	Run npm run build	2026-09-25T04:16:00.4790762Z dist/assets/ibm-plex-sans-kr-116-500-normal-CLkvTRzN.woff           9.57 kB
Operator app	Run npm run build	2026-09-25T04:16:00.4791346Z dist/assets/ibm-plex-sans-kr-112-400-normal-B8TcbMdb.woff           9.60 kB
Operator app	Run npm run build	2026-09-25T04:16:00.4792000Z dist/assets/ibm-plex-sans-kr-116-600-normal-2NuQXMn5.woff           9.61 kB
Operator app	Run npm run build	2026-09-25T04:16:00.4792595Z dist/assets/ibm-plex-sans-kr-94-400-normal-CLS33fqM.woff            9.62 kB
Operator app	Run npm run build	2026-09-25T04:16:00.4793143Z dist/assets/ibm-plex-sans-kr-115-600-normal-c6nUiZEv.woff           9.62 kB
Operator app	Run npm run build	2026-09-25T04:16:00.4793777Z dist/assets/ibm-plex-sans-kr-115-400-normal-CM7tVCiU.woff           9.63 kB
Operator app	Run npm run build	2026-09-25T04:16:00.4794350Z dist/assets/ibm-plex-sans-kr-100-600-normal-CcI0wmDd.woff2          9.64 kB
Operator app	Run npm run build	2026-09-25T04:16:00.4795165Z dist/assets/ibm-plex-sans-kr-116-400-normal-BCjvaIwI.woff           9.66 kB
Operator app	Run npm run build	2026-09-25T04:16:00.4795774Z dist/assets/ibm-plex-sans-kr-102-400-normal-BC0mCFX2.woff2          9.67 kB
Operator app	Run npm run build	2026-09-25T04:16:00.4796394Z dist/assets/ibm-plex-sans-kr-107-600-normal-IB6GFZTf.woff           9.67 kB
Operator app	Run npm run build	2026-09-25T04:16:00.4797001Z dist/assets/ibm-plex-sans-kr-108-600-normal-C5FnASlc.woff           9.67 kB
Operator app	Run npm run build	2026-09-25T04:16:00.4797543Z dist/assets/ibm-plex-sans-kr-94-500-normal-sf6j_mxe.woff            9.72 kB
Operator app	Run npm run build	2026-09-25T04:16:00.4798378Z dist/assets/ibm-plex-sans-kr-107-500-normal-B8C6z9mf.woff           9.75 kB
Operator app	Run npm run build	2026-09-25T04:16:00.4799060Z dist/assets/ibm-plex-sans-kr-94-600-normal-DGs8D_d9.woff            9.76 kB
Operator app	Run npm run build	2026-09-25T04:16:00.4799715Z dist/assets/ibm-plex-sans-kr-108-500-normal-CAKLebRT.woff           9.78 kB
Operator app	Run npm run build	2026-09-25T04:16:00.4800372Z dist/assets/ibm-plex-sans-kr-38-600-normal-Dln3mVPi.woff            9.80 kB
Operator app	Run npm run build	2026-09-25T04:16:00.4801089Z dist/assets/ibm-plex-sans-kr-108-400-normal-D7nsD7Wm.woff           9.81 kB
Operator app	Run npm run build	2026-09-25T04:16:00.4801755Z dist/assets/ibm-plex-sans-kr-113-600-normal-C_RUWM8I.woff           9.82 kB
Operator app	Run npm run build	2026-09-25T04:16:00.4802498Z dist/assets/ibm-plex-sans-kr-107-400-normal-9_m442uC.woff           9.82 kB
Operator app	Run npm run build	2026-09-25T04:16:00.4803202Z dist/assets/ibm-plex-sans-kr-114-500-normal-DwbHpjAF.woff           9.83 kB
Operator app	Run npm run build	2026-09-25T04:16:00.4803853Z dist/assets/ibm-plex-sans-kr-114-600-normal-BKj6RBZ7.woff           9.88 kB
Operator app	Run npm run build	2026-09-25T04:16:00.4804538Z dist/assets/ibm-plex-sans-kr-113-400-normal-DlThbTsi.woff           9.88 kB
Operator app	Run npm run build	2026-09-25T04:16:00.4807852Z dist/assets/ibm-plex-sans-kr-113-500-normal-DYUtiDlk.woff           9.88 kB
Operator app	Run npm run build	2026-09-25T04:16:00.4808556Z dist/assets/ibm-plex-sans-kr-38-500-normal-DPBjbA25.woff            9.89 kB
Operator app	Run npm run build	2026-09-25T04:16:00.4809305Z dist/assets/ibm-plex-sans-kr-38-400-normal-B4UIE9Zj.woff            9.93 kB
Operator app	Run npm run build	2026-09-25T04:16:00.4810031Z dist/assets/ibm-plex-sans-kr-110-500-normal-BNbXS7l_.woff           9.94 kB
Operator app	Run npm run build	2026-09-25T04:16:00.4810709Z dist/assets/ibm-plex-sans-kr-110-600-normal-ReaqIn5m.woff           9.95 kB
Operator app	Run npm run build	2026-09-25T04:16:00.4811364Z dist/assets/ibm-plex-sans-kr-114-400-normal-5bMSGSar.woff           9.97 kB
Operator app	Run npm run build	2026-09-25T04:16:00.4812080Z dist/assets/ibm-plex-sans-kr-100-500-normal-DRrgX_RY.woff2          9.99 kB
Operator app	Run npm run build	2026-09-25T04:16:00.4812743Z dist/assets/ibm-plex-sans-kr-111-500-normal-yMGVhWWr.woff          10.03 kB
Operator app	Run npm run build	2026-09-25T04:16:00.4813407Z dist/assets/ibm-plex-sans-kr-41-400-normal-Ce6_8B6O.woff           10.03 kB
Operator app	Run npm run build	2026-09-25T04:16:00.4814101Z dist/assets/ibm-plex-sans-kr-11-500-normal-BuJhjvIH.woff           10.04 kB
Operator app	Run npm run build	2026-09-25T04:16:00.4814920Z dist/assets/ibm-plex-sans-kr-110-400-normal-D259vsJ_.woff          10.04 kB
Operator app	Run npm run build	2026-09-25T04:16:00.4815677Z dist/assets/ibm-plex-sans-kr-111-600-normal-2DkYfPPb.woff          10.04 kB
Operator app	Run npm run build	2026-09-25T04:16:00.4816389Z dist/assets/ibm-plex-sans-kr-41-500-normal-DiLp_0kR.woff           10.05 kB
Operator app	Run npm run build	2026-09-25T04:16:00.4817054Z dist/assets/ibm-plex-sans-kr-109-600-normal-CG9-PeCF.woff          10.08 kB
Operator app	Run npm run build	2026-09-25T04:16:00.4817745Z dist/assets/ibm-plex-sans-kr-109-500-normal-BnWOOl51.woff          10.13 kB
Operator app	Run npm run build	2026-09-25T04:16:00.4818428Z dist/assets/ibm-plex-sans-kr-111-400-normal-BqppHOeA.woff          10.14 kB
Operator app	Run npm run build	2026-09-25T04:16:00.4819102Z dist/assets/ibm-plex-sans-kr-109-400-normal-Ch-uxywT.woff          10.19 kB
Operator app	Run npm run build	2026-09-25T04:16:00.4819795Z dist/assets/ibm-plex-sans-kr-11-400-normal-CN_UQa3U.woff           10.20 kB
Operator app	Run npm run build	2026-09-25T04:16:00.4820449Z dist/assets/ibm-plex-sans-kr-104-400-normal-BrHR60F5.woff2         10.20 kB
Operator app	Run npm run build	2026-09-25T04:16:00.4821116Z dist/assets/ibm-plex-sans-kr-102-500-normal-BmX3x0t4.woff2         10.27 kB
Operator app	Run npm run build	2026-09-25T04:16:00.4821882Z dist/assets/ibm-plex-sans-kr-41-600-normal-Df3Wep6L.woff           10.28 kB
Operator app	Run npm run build	2026-09-25T04:16:00.4822576Z dist/assets/ibm-plex-sans-kr-102-600-normal-CN8RaHGd.woff2         10.28 kB
Operator app	Run npm run build	2026-09-25T04:16:00.4823353Z dist/assets/ibm-plex-sans-kr-11-600-normal-BUarw7E5.woff           10.28 kB
Operator app	Run npm run build	2026-09-25T04:16:00.4824167Z dist/assets/ibm-plex-sans-kr-64-500-normal-CdK6D4vh.woff           10.50 kB
Operator app	Run npm run build	2026-09-25T04:16:00.4825091Z dist/assets/ibm-plex-sans-kr-38-400-normal-CLr3K58D.woff2          10.53 kB
Operator app	Run npm run build	2026-09-25T04:16:00.4825873Z dist/assets/ibm-plex-sans-kr-64-400-normal-DhttFBeF.woff           10.53 kB
Operator app	Run npm run build	2026-09-25T04:16:00.4826641Z dist/assets/ibm-plex-sans-kr-11-400-normal-DY57wkwV.woff2          10.54 kB
Operator app	Run npm run build	2026-09-25T04:16:00.4827299Z dist/assets/ibm-plex-sans-kr-2-600-normal-BBWiOGe2.woff            10.56 kB
Operator app	Run npm run build	2026-09-25T04:16:00.4827984Z dist/assets/ibm-plex-sans-kr-2-500-normal-CSqMQxgI.woff            10.65 kB
Operator app	Run npm run build	2026-09-25T04:16:00.4828852Z dist/assets/ibm-plex-sans-kr-8-600-normal-BJjl00Le.woff            10.66 kB
Operator app	Run npm run build	2026-09-25T04:16:00.4829517Z dist/assets/ibm-plex-sans-kr-8-500-normal-BSA0Y_vv.woff            10.71 kB
Operator app	Run npm run build	2026-09-25T04:16:00.4830194Z dist/assets/ibm-plex-sans-kr-103-400-normal-CYHfi_5o.woff2         10.72 kB
Operator app	Run npm run build	2026-09-25T04:16:00.4830864Z dist/assets/ibm-plex-sans-kr-2-400-normal-ZCEqhetZ.woff            10.73 kB
Operator app	Run npm run build	2026-09-25T04:16:00.4831548Z dist/assets/ibm-plex-sans-kr-41-400-normal-THO3jy3s.woff2          10.73 kB
Operator app	Run npm run build	2026-09-25T04:16:00.4832201Z dist/assets/ibm-plex-sans-kr-11-600-normal-Ds-mjTNk.woff2          10.74 kB
Operator app	Run npm run build	2026-09-25T04:16:00.4833093Z dist/assets/ibm-plex-sans-kr-38-600-normal-Uy8tuoQH.woff2          10.78 kB
Operator app	Run npm run build	2026-09-25T04:16:00.4833846Z dist/assets/ibm-plex-sans-kr-8-400-normal-BmMhoS32.woff2           10.80 kB
Operator app	Run npm run build	2026-09-25T04:16:00.4834537Z dist/assets/ibm-plex-sans-kr-64-400-normal-BoOvEFVR.woff2          10.86 kB
Operator app	Run npm run build	2026-09-25T04:16:00.4835347Z dist/assets/ibm-plex-sans-kr-8-400-normal-Ci0W5IWz.woff            10.86 kB
Operator app	Run npm run build	2026-09-25T04:16:00.4835924Z dist/assets/ibm-plex-sans-kr-11-500-normal-dR3lXot0.woff2          10.92 kB
Operator app	Run npm run build	2026-09-25T04:16:00.4836535Z dist/assets/ibm-plex-sans-kr-38-500-normal-KdQq52D1.woff2          10.92 kB
Operator app	Run npm run build	2026-09-25T04:16:00.4837122Z dist/assets/ibm-plex-sans-kr-8-600-normal-B0rxBWNc.woff2           10.93 kB
Operator app	Run npm run build	2026-09-25T04:16:00.4837772Z dist/assets/ibm-plex-sans-kr-44-400-normal-BPQ_BGOm.woff           10.96 kB
Operator app	Run npm run build	2026-09-25T04:16:00.4838467Z dist/assets/ibm-plex-sans-kr-44-500-normal-CKASaSWW.woff           11.00 kB
Operator app	Run npm run build	2026-09-25T04:16:00.4839040Z dist/assets/ibm-plex-sans-kr-64-600-normal-DnHS-nmP.woff           11.02 kB
Operator app	Run npm run build	2026-09-25T04:16:00.4839821Z dist/assets/ibm-plex-sans-kr-48-500-normal-BFJwbsKF.woff           11.03 kB
Operator app	Run npm run build	2026-09-25T04:16:00.4840400Z dist/assets/ibm-plex-sans-kr-61-400-normal-Ci1tC2DE.woff           11.08 kB
Operator app	Run npm run build	2026-09-25T04:16:00.4840972Z dist/assets/ibm-plex-sans-kr-44-400-normal-BvoXxhh-.woff2          11.13 kB
Operator app	Run npm run build	2026-09-25T04:16:00.4841673Z dist/assets/ibm-plex-sans-kr-48-400-normal-5VJWa5C8.woff           11.14 kB
Operator app	Run npm run build	2026-09-25T04:16:00.4842377Z dist/assets/ibm-plex-sans-kr-104-500-normal-DHbM5qs4.woff2         11.15 kB
Operator app	Run npm run build	2026-09-25T04:16:00.4843009Z dist/assets/ibm-plex-sans-kr-10-500-normal-4KY48fu0.woff           11.17 kB
Operator app	Run npm run build	2026-09-25T04:16:00.4843706Z dist/assets/ibm-plex-sans-kr-2-400-normal-CnxhIj-f.woff2           11.17 kB
Operator app	Run npm run build	2026-09-25T04:16:00.4844532Z dist/assets/ibm-plex-sans-kr-51-500-normal-kawlUwcv.woff           11.17 kB
Operator app	Run npm run build	2026-09-25T04:16:00.4845403Z dist/assets/ibm-plex-sans-kr-58-400-normal-i71EDyfV.woff2          11.17 kB
Operator app	Run npm run build	2026-09-25T04:16:00.4846091Z dist/assets/ibm-plex-sans-kr-51-600-normal-DCKOx3do.woff           11.18 kB
Operator app	Run npm run build	2026-09-25T04:16:00.4846799Z dist/assets/ibm-plex-sans-kr-48-600-normal-DAbbVYEi.woff           11.19 kB
Operator app	Run npm run build	2026-09-25T04:16:00.4847457Z dist/assets/ibm-plex-sans-kr-58-400-normal-DqIzdKrV.woff           11.20 kB
Operator app	Run npm run build	2026-09-25T04:16:00.4848180Z dist/assets/ibm-plex-sans-kr-104-600-normal-DHHBh9NH.woff2         11.24 kB
Operator app	Run npm run build	2026-09-25T04:16:00.4849007Z dist/assets/ibm-plex-sans-kr-58-500-normal-D5AnMdIq.woff           11.27 kB
Operator app	Run npm run build	2026-09-25T04:16:00.4849745Z dist/assets/ibm-plex-sans-kr-61-500-normal-BWi6Ha-w.woff           11.27 kB
Operator app	Run npm run build	2026-09-25T04:16:00.4850456Z dist/assets/ibm-plex-sans-kr-8-500-normal-UU4QCA8B.woff2           11.27 kB
Operator app	Run npm run build	2026-09-25T04:16:00.4851328Z dist/assets/ibm-plex-sans-kr-10-600-normal-DIq7Gv9V.woff           11.28 kB
Operator app	Run npm run build	2026-09-25T04:16:00.4852117Z dist/assets/ibm-plex-sans-kr-48-400-normal-CBCdCJJN.woff2          11.30 kB
Operator app	Run npm run build	2026-09-25T04:16:00.4852895Z dist/assets/ibm-plex-sans-kr-61-600-normal-BZxjTCO5.woff           11.30 kB
Operator app	Run npm run build	2026-09-25T04:16:00.4853703Z dist/assets/ibm-plex-sans-kr-10-400-normal-BOnpTeYv.woff2          11.31 kB
Operator app	Run npm run build	2026-09-25T04:16:00.4854462Z dist/assets/ibm-plex-sans-kr-44-600-normal-B1vhjtxY.woff           11.31 kB
Operator app	Run npm run build	2026-09-25T04:16:00.4855517Z dist/assets/ibm-plex-sans-kr-58-600-normal-Bpgq8MX2.woff           11.32 kB
Operator app	Run npm run build	2026-09-25T04:16:00.4856304Z dist/assets/ibm-plex-sans-kr-10-400-normal-CRn7_mZz.woff           11.33 kB
Operator app	Run npm run build	2026-09-25T04:16:00.4857289Z dist/assets/ibm-plex-sans-kr-51-400-normal-Nb_ATV55.woff           11.33 kB
Operator app	Run npm run build	2026-09-25T04:16:00.4858057Z dist/assets/ibm-plex-sans-kr-51-400-normal-CI8zKOiq.woff2          11.41 kB
Operator app	Run npm run build	2026-09-25T04:16:00.4858786Z dist/assets/ibm-plex-sans-kr-103-600-normal-8oNp3a_g.woff2         11.43 kB
Operator app	Run npm run build	2026-09-25T04:16:00.4859489Z dist/assets/ibm-plex-sans-kr-41-500-normal-CoKUeK1m.woff2          11.43 kB
Operator app	Run npm run build	2026-09-25T04:16:00.4860200Z dist/assets/ibm-plex-sans-kr-41-600-normal-Ck2K5Ulf.woff2          11.46 kB
Operator app	Run npm run build	2026-09-25T04:16:00.4860923Z dist/assets/ibm-plex-sans-kr-53-400-normal-uFBOSatZ.woff2          11.52 kB
Operator app	Run npm run build	2026-09-25T04:16:00.4861711Z dist/assets/ibm-plex-sans-kr-51-600-normal-D1q9iZG9.woff2          11.54 kB
Operator app	Run npm run build	2026-09-25T04:16:00.4862538Z dist/assets/ibm-plex-sans-kr-45-600-normal-D74kcLg1.woff           11.56 kB
Operator app	Run npm run build	2026-09-25T04:16:00.4863575Z dist/assets/ibm-plex-sans-kr-55-400-normal-DACpgdpL.woff           11.57 kB
Operator app	Run npm run build	2026-09-25T04:16:00.4864519Z dist/assets/ibm-plex-sans-kr-10-500-normal-ycH3xAAg.woff2          11.60 kB
Operator app	Run npm run build	2026-09-25T04:16:00.4865389Z dist/assets/ibm-plex-sans-kr-58-600-normal-Bqgrv0lo.woff2          11.60 kB
Operator app	Run npm run build	2026-09-25T04:16:00.4866087Z dist/assets/ibm-plex-sans-kr-103-500-normal-2RWRnHUp.woff2         11.62 kB
Operator app	Run npm run build	2026-09-25T04:16:00.4866847Z dist/assets/ibm-plex-sans-kr-45-400-normal-BN1x-JCl.woff           11.63 kB
Operator app	Run npm run build	2026-09-25T04:16:00.4867607Z dist/assets/ibm-plex-sans-kr-45-500-normal-CSR2L3Yg.woff           11.63 kB
Operator app	Run npm run build	2026-09-25T04:16:00.4868321Z dist/assets/ibm-plex-sans-kr-64-500-normal-CgK0jDrR.woff2          11.64 kB
Operator app	Run npm run build	2026-09-25T04:16:00.4869129Z dist/assets/ibm-plex-sans-kr-55-600-normal-CNKcN-Ig.woff           11.65 kB
Operator app	Run npm run build	2026-09-25T04:16:00.4869849Z dist/assets/ibm-plex-sans-kr-55-500-normal-Bk4ZO-Yx.woff           11.66 kB
Operator app	Run npm run build	2026-09-25T04:16:00.4870644Z dist/assets/ibm-plex-sans-kr-48-600-normal-QEQJ2vNg.woff2          11.68 kB
Operator app	Run npm run build	2026-09-25T04:16:00.4871358Z dist/assets/ibm-plex-sans-kr-119-400-normal-BVAYXEqw.woff          11.68 kB
Operator app	Run npm run build	2026-09-25T04:16:00.4872071Z dist/assets/ibm-plex-sans-kr-50-400-normal-wVEmJJbn.woff2          11.68 kB
Operator app	Run npm run build	2026-09-25T04:16:00.4872904Z dist/assets/ibm-plex-sans-kr-105-400-normal-BY6JiZG_.woff2         11.71 kB
Operator app	Run npm run build	2026-09-25T04:16:00.4873606Z dist/assets/ibm-plex-sans-kr-25-400-normal-CSCHltyB.woff           11.71 kB
Operator app	Run npm run build	2026-09-25T04:16:00.4874377Z dist/assets/ibm-plex-sans-kr-45-400-normal-DMKz6H_F.woff2          11.72 kB
Operator app	Run npm run build	2026-09-25T04:16:00.4875243Z dist/assets/ibm-plex-sans-kr-51-500-normal-B3Qlfb5-.woff2          11.72 kB
Operator app	Run npm run build	2026-09-25T04:16:00.4875971Z dist/assets/ibm-plex-sans-kr-44-500-normal-CnrBiW8T.woff2          11.75 kB
Operator app	Run npm run build	2026-09-25T04:16:00.4876697Z dist/assets/ibm-plex-sans-kr-2-500-normal-CCn-pwD2.woff2           11.75 kB
Operator app	Run npm run build	2026-09-25T04:16:00.4877466Z dist/assets/ibm-plex-sans-kr-61-400-normal-DnyFjM_B.woff2          11.76 kB
Operator app	Run npm run build	2026-09-25T04:16:00.4878204Z dist/assets/ibm-plex-sans-kr-25-500-normal-DAuTWcSe.woff           11.78 kB
Operator app	Run npm run build	2026-09-25T04:16:00.4878927Z dist/assets/ibm-plex-sans-kr-25-600-normal-ClJ2q6nT.woff           11.79 kB
Operator app	Run npm run build	2026-09-25T04:16:00.4879709Z dist/assets/ibm-plex-sans-kr-47-500-normal-BWfN8bqy.woff           11.79 kB
Operator app	Run npm run build	2026-09-25T04:16:00.4880448Z dist/assets/ibm-plex-sans-kr-53-600-normal-3e73VLox.woff2          11.81 kB
Operator app	Run npm run build	2026-09-25T04:16:00.4881193Z dist/assets/ibm-plex-sans-kr-18-400-normal-Bs1zlN0G.woff2          11.81 kB
Operator app	Run npm run build	2026-09-25T04:16:00.4882038Z dist/assets/ibm-plex-sans-kr-54-400-normal-DShvO3nx.woff           11.82 kB
Operator app	Run npm run build	2026-09-25T04:16:00.4882841Z dist/assets/ibm-plex-sans-kr-44-600-normal-B1scqjS5.woff2          11.82 kB
Operator app	Run npm run build	2026-09-25T04:16:00.4883457Z dist/assets/ibm-plex-sans-kr-54-600-normal-HSAnxCQg.woff           11.83 kB
Operator app	Run npm run build	2026-09-25T04:16:00.4884120Z dist/assets/ibm-plex-sans-kr-58-500-normal-BFNTZIBF.woff2          11.85 kB
Operator app	Run npm run build	2026-09-25T04:16:00.4885077Z dist/assets/ibm-plex-sans-kr-54-500-normal-DjX9ImWQ.woff           11.86 kB
Operator app	Run npm run build	2026-09-25T04:16:00.4885760Z dist/assets/ibm-plex-sans-kr-50-400-normal-DSyr09Pi.woff           11.86 kB
Operator app	Run npm run build	2026-09-25T04:16:00.4886428Z dist/assets/ibm-plex-sans-kr-48-500-normal-B2EKWItw.woff2          11.87 kB
Operator app	Run npm run build	2026-09-25T04:16:00.4887274Z dist/assets/ibm-plex-sans-kr-15-400-normal-CBiEIaz5.woff2          11.88 kB
Operator app	Run npm run build	2026-09-25T04:16:00.4887975Z dist/assets/ibm-plex-sans-kr-18-500-normal-CNuq5r-l.woff           11.88 kB
Operator app	Run npm run build	2026-09-25T04:16:00.4888649Z dist/assets/ibm-plex-sans-kr-47-600-normal-CxMB4f1K.woff           11.88 kB
Operator app	Run npm run build	2026-09-25T04:16:00.4889201Z dist/assets/ibm-plex-sans-kr-40-500-normal-BuazCxCP.woff           11.90 kB
Operator app	Run npm run build	2026-09-25T04:16:00.4889681Z dist/assets/ibm-plex-sans-kr-55-400-normal-BIBVbLNo.woff2          11.90 kB
Operator app	Run npm run build	2026-09-25T04:16:00.4890212Z dist/assets/ibm-plex-sans-kr-36-400-normal-BT6SwwtR.woff2          11.91 kB
Operator app	Run npm run build	2026-09-25T04:16:00.4890876Z dist/assets/ibm-plex-sans-kr-56-400-normal-D6a133Nk.woff           11.91 kB
Operator app	Run npm run build	2026-09-25T04:16:00.4891379Z dist/assets/ibm-plex-sans-kr-56-400-normal-E_0UP4jm.woff2          11.93 kB
Operator app	Run npm run build	2026-09-25T04:16:00.4891832Z dist/assets/ibm-plex-sans-kr-118-400-normal-CPvF_U24.woff2         11.93 kB
Operator app	Run npm run build	2026-09-25T04:16:00.4892292Z dist/assets/ibm-plex-sans-kr-6-400-normal-CTPxjOYB.woff2           11.93 kB
Operator app	Run npm run build	2026-09-25T04:16:00.4892807Z dist/assets/ibm-plex-sans-kr-47-400-normal-BHD-6hCF.woff           11.94 kB
Operator app	Run npm run build	2026-09-25T04:16:00.4893252Z dist/assets/ibm-plex-sans-kr-50-500-normal-Bxw81ACJ.woff           11.97 kB
Operator app	Run npm run build	2026-09-25T04:16:00.4893734Z dist/assets/ibm-plex-sans-kr-53-500-normal-Cf9lqm0Z.woff           11.97 kB
Operator app	Run npm run build	2026-09-25T04:16:00.4894212Z dist/assets/ibm-plex-sans-kr-56-500-normal-BxiWtQ63.woff           11.98 kB
Operator app	Run npm run build	2026-09-25T04:16:00.4894914Z dist/assets/ibm-plex-sans-kr-53-400-normal-BPlmQmyN.woff           12.00 kB
Operator app	Run npm run build	2026-09-25T04:16:00.4895438Z dist/assets/ibm-plex-sans-kr-15-400-normal-D-mZ9inR.woff           12.00 kB
Operator app	Run npm run build	2026-09-25T04:16:00.4895932Z dist/assets/ibm-plex-sans-kr-18-600-normal-C0tjZHt0.woff           12.00 kB
Operator app	Run npm run build	2026-09-25T04:16:00.4896400Z dist/assets/ibm-plex-sans-kr-53-600-normal-CHFWjDbo.woff           12.00 kB
Operator app	Run npm run build	2026-09-25T04:16:00.4896858Z dist/assets/ibm-plex-sans-kr-6-400-normal-AY_mybA2.woff            12.02 kB
Operator app	Run npm run build	2026-09-25T04:16:00.4897367Z dist/assets/ibm-plex-sans-kr-40-600-normal-D79iYZbh.woff           12.02 kB
Operator app	Run npm run build	2026-09-25T04:16:00.4897836Z dist/assets/ibm-plex-sans-kr-64-600-normal-DdDi5wpQ.woff2          12.03 kB
Operator app	Run npm run build	2026-09-25T04:16:00.4898304Z dist/assets/ibm-plex-sans-kr-46-400-normal-K8yMYku4.woff           12.04 kB
Operator app	Run npm run build	2026-09-25T04:16:00.4898966Z dist/assets/ibm-plex-sans-kr-18-400-normal-BTtbRNyU.woff           12.04 kB
Operator app	Run npm run build	2026-09-25T04:16:00.4899583Z dist/assets/ibm-plex-sans-kr-50-600-normal-DwlyYo3O.woff           12.04 kB
Operator app	Run npm run build	2026-09-25T04:16:00.4900147Z dist/assets/ibm-plex-sans-kr-40-400-normal-BJCaISym.woff           12.05 kB
Operator app	Run npm run build	2026-09-25T04:16:00.4900729Z dist/assets/ibm-plex-sans-kr-46-600-normal-Yu7W5Ur_.woff           12.06 kB
Operator app	Run npm run build	2026-09-25T04:16:00.4901211Z dist/assets/ibm-plex-sans-kr-47-400-normal-DapCxPvn.woff2          12.06 kB
Operator app	Run npm run build	2026-09-25T04:16:00.4901680Z dist/assets/ibm-plex-sans-kr-6-600-normal-oGadQOpD.woff            12.06 kB
Operator app	Run npm run build	2026-09-25T04:16:00.4902177Z dist/assets/ibm-plex-sans-kr-46-500-normal-7ktFSJad.woff           12.07 kB
Operator app	Run npm run build	2026-09-25T04:16:00.4902671Z dist/assets/ibm-plex-sans-kr-15-600-normal-Dl-orC8M.woff           12.08 kB
Operator app	Run npm run build	2026-09-25T04:16:00.4903132Z dist/assets/ibm-plex-sans-kr-53-500-normal-CTkqgr8Q.woff2          12.08 kB
Operator app	Run npm run build	2026-09-25T04:16:00.4903636Z dist/assets/ibm-plex-sans-kr-2-600-normal-i3phtpOA.woff2           12.09 kB
Operator app	Run npm run build	2026-09-25T04:16:00.4904091Z dist/assets/ibm-plex-sans-kr-54-400-normal-B_JBM8HP.woff2          12.09 kB
Operator app	Run npm run build	2026-09-25T04:16:00.4904544Z dist/assets/ibm-plex-sans-kr-61-500-normal-BHfyY8C5.woff2          12.09 kB
Operator app	Run npm run build	2026-09-25T04:16:00.4915745Z dist/assets/ibm-plex-sans-kr-10-600-normal-BAjKvcG-.woff2          12.12 kB
Operator app	Run npm run build	2026-09-25T04:16:00.4916267Z dist/assets/ibm-plex-sans-kr-15-500-normal-BJiRyHxF.woff           12.13 kB
Operator app	Run npm run build	2026-09-25T04:16:00.4916893Z dist/assets/ibm-plex-sans-kr-50-600-normal-CNwgbPME.woff2          12.13 kB
Operator app	Run npm run build	2026-09-25T04:16:00.4917372Z dist/assets/ibm-plex-sans-kr-56-600-normal-hzikha37.woff           12.13 kB
Operator app	Run npm run build	2026-09-25T04:16:00.4917892Z dist/assets/ibm-plex-sans-kr-57-600-normal-BR6Du0PQ.woff           12.14 kB
Operator app	Run npm run build	2026-09-25T04:16:00.4918820Z dist/assets/ibm-plex-sans-kr-6-500-normal-Dke2b5Bz.woff            12.15 kB
Operator app	Run npm run build	2026-09-25T04:16:00.4919300Z dist/assets/ibm-plex-sans-kr-36-500-normal-B1iFWDLF.woff2          12.17 kB
Operator app	Run npm run build	2026-09-25T04:16:00.4919815Z dist/assets/ibm-plex-sans-kr-57-500-normal-BtBoxULz.woff           12.17 kB
Operator app	Run npm run build	2026-09-25T04:16:00.4920301Z dist/assets/ibm-plex-sans-kr-5-600-normal-vSSmYEgt.woff            12.18 kB
Operator app	Run npm run build	2026-09-25T04:16:00.4920791Z dist/assets/ibm-plex-sans-kr-52-500-normal-CBaFAE5p.woff           12.18 kB
Operator app	Run npm run build	2026-09-25T04:16:00.4921257Z dist/assets/ibm-plex-sans-kr-57-400-normal-CBQftTJt.woff           12.18 kB
Operator app	Run npm run build	2026-09-25T04:16:00.4921851Z dist/assets/ibm-plex-sans-kr-52-400-normal-DgbfUacv.woff           12.20 kB
Operator app	Run npm run build	2026-09-25T04:16:00.4922323Z dist/assets/ibm-plex-sans-kr-25-400-normal-C5hUXC4y.woff2          12.20 kB
Operator app	Run npm run build	2026-09-25T04:16:00.4922778Z dist/assets/ibm-plex-sans-kr-18-500-normal-BWeF5dyd.woff2          12.24 kB
Operator app	Run npm run build	2026-09-25T04:16:00.4923290Z dist/assets/ibm-plex-sans-kr-36-600-normal-kFFPHZH9.woff2          12.24 kB
Operator app	Run npm run build	2026-09-25T04:16:00.4923759Z dist/assets/ibm-plex-sans-kr-61-600-normal-ChG7s6jj.woff2          12.24 kB
Operator app	Run npm run build	2026-09-25T04:16:00.4924273Z dist/assets/ibm-plex-sans-kr-50-500-normal-B90Dmlwo.woff2          12.25 kB
Operator app	Run npm run build	2026-09-25T04:16:00.4924871Z dist/assets/ibm-plex-sans-kr-28-500-normal-BspvdxR3.woff           12.27 kB
Operator app	Run npm run build	2026-09-25T04:16:00.4925354Z dist/assets/ibm-plex-sans-kr-28-400-normal-DNnelfuN.woff           12.29 kB
Operator app	Run npm run build	2026-09-25T04:16:00.4925821Z dist/assets/ibm-plex-sans-kr-42-600-normal-BIw3yp_o.woff           12.29 kB
Operator app	Run npm run build	2026-09-25T04:16:00.4926341Z dist/assets/ibm-plex-sans-kr-43-500-normal-B_MM_0i3.woff           12.29 kB
Operator app	Run npm run build	2026-09-25T04:16:00.4926846Z dist/assets/ibm-plex-sans-kr-5-500-normal-L-1Rm88n.woff            12.30 kB
Operator app	Run npm run build	2026-09-25T04:16:00.4927311Z dist/assets/ibm-plex-sans-kr-42-500-normal-Y6rzavLQ.woff           12.30 kB
Operator app	Run npm run build	2026-09-25T04:16:00.4927812Z dist/assets/ibm-plex-sans-kr-52-600-normal-DpEHO2lx.woff           12.31 kB
Operator app	Run npm run build	2026-09-25T04:16:00.4928338Z dist/assets/ibm-plex-sans-kr-47-500-normal-CJrfuNV6.woff2          12.32 kB
Operator app	Run npm run build	2026-09-25T04:16:00.4928858Z dist/assets/ibm-plex-sans-kr-43-400-normal-rklqUmDh.woff           12.33 kB
Operator app	Run npm run build	2026-09-25T04:16:00.4929436Z dist/assets/ibm-plex-sans-kr-42-400-normal-mWRC9cE4.woff           12.36 kB
Operator app	Run npm run build	2026-09-25T04:16:00.4930035Z dist/assets/ibm-plex-sans-kr-43-600-normal-Dl6BB-Lj.woff           12.36 kB
Operator app	Run npm run build	2026-09-25T04:16:00.4930639Z dist/assets/ibm-plex-sans-kr-12-400-normal-AF35YmmH.woff2          12.37 kB
Operator app	Run npm run build	2026-09-25T04:16:00.4931172Z dist/assets/ibm-plex-sans-kr-37-400-normal-BiWBJPQ7.woff2          12.40 kB
Operator app	Run npm run build	2026-09-25T04:16:00.4931670Z dist/assets/ibm-plex-sans-kr-5-400-normal-BBWPbJ8R.woff2           12.40 kB
Operator app	Run npm run build	2026-09-25T04:16:00.4932231Z dist/assets/ibm-plex-sans-kr-5-400-normal-B1Nb7Dqt.woff            12.42 kB
Operator app	Run npm run build	2026-09-25T04:16:00.4932701Z dist/assets/ibm-plex-sans-kr-55-600-normal-ByArDHHI.woff2          12.42 kB
Operator app	Run npm run build	2026-09-25T04:16:00.4933187Z dist/assets/ibm-plex-sans-kr-56-600-normal-DScuu4Uu.woff2          12.42 kB
Operator app	Run npm run build	2026-09-25T04:16:00.4933695Z dist/assets/ibm-plex-sans-kr-31-600-normal-DWFfqfVJ.woff2          12.43 kB
Operator app	Run npm run build	2026-09-25T04:16:00.4934166Z dist/assets/ibm-plex-sans-kr-54-600-normal-CIir-_6C.woff2          12.43 kB
Operator app	Run npm run build	2026-09-25T04:16:00.4934631Z dist/assets/ibm-plex-sans-kr-63-500-normal-EwyND2AG.woff           12.43 kB
Operator app	Run npm run build	2026-09-25T04:16:00.4935288Z dist/assets/ibm-plex-sans-kr-35-600-normal-M066d6gr.woff           12.44 kB
Operator app	Run npm run build	2026-09-25T04:16:00.4935757Z dist/assets/ibm-plex-sans-kr-49-400-normal-BENNdZwd.woff2          12.44 kB
Operator app	Run npm run build	2026-09-25T04:16:00.4936236Z dist/assets/ibm-plex-sans-kr-46-400-normal-Z0YZvJMA.woff2          12.45 kB
Operator app	Run npm run build	2026-09-25T04:16:00.4936787Z dist/assets/ibm-plex-sans-kr-6-600-normal-CdfPYwdk.woff2           12.45 kB
Operator app	Run npm run build	2026-09-25T04:16:00.4937253Z dist/assets/ibm-plex-sans-kr-31-500-normal-nX_pe9VE.woff2          12.46 kB
Operator app	Run npm run build	2026-09-25T04:16:00.4937705Z dist/assets/ibm-plex-sans-kr-37-500-normal-B-MNJEe6.woff2          12.46 kB
Operator app	Run npm run build	2026-09-25T04:16:00.4938201Z dist/assets/ibm-plex-sans-kr-57-400-normal-F8LL-J5_.woff2          12.46 kB
Operator app	Run npm run build	2026-09-25T04:16:00.4938766Z dist/assets/ibm-plex-sans-kr-31-400-normal-DhPplA2S.woff2          12.48 kB
Operator app	Run npm run build	2026-09-25T04:16:00.4939256Z dist/assets/ibm-plex-sans-kr-7-400-normal-CDkAi-IU.woff2           12.48 kB
Operator app	Run npm run build	2026-09-25T04:16:00.4939744Z dist/assets/ibm-plex-sans-kr-47-600-normal-tmv6xC_z.woff2          12.48 kB
Operator app	Run npm run build	2026-09-25T04:16:00.4940305Z dist/assets/ibm-plex-sans-kr-6-500-normal-UElWVruj.woff2           12.48 kB
Operator app	Run npm run build	2026-09-25T04:16:00.4940795Z dist/assets/ibm-plex-sans-kr-34-400-normal-BFI-kcuc.woff           12.49 kB
Operator app	Run npm run build	2026-09-25T04:16:00.4941287Z dist/assets/ibm-plex-sans-kr-28-600-normal-BeDPvyp8.woff           12.51 kB
Operator app	Run npm run build	2026-09-25T04:16:00.4941815Z dist/assets/ibm-plex-sans-kr-9-500-normal-C6DRVnCw.woff            12.51 kB
Operator app	Run npm run build	2026-09-25T04:16:00.4942276Z dist/assets/ibm-plex-sans-kr-15-500-normal-BWepl2fS.woff2          12.52 kB
Operator app	Run npm run build	2026-09-25T04:16:00.4942797Z dist/assets/ibm-plex-sans-kr-37-600-normal-Cvgtdz7H.woff           12.52 kB
Operator app	Run npm run build	2026-09-25T04:16:00.4943256Z dist/assets/ibm-plex-sans-kr-45-600-normal-DNXvxDIf.woff2          12.52 kB
Operator app	Run npm run build	2026-09-25T04:16:00.4943719Z dist/assets/ibm-plex-sans-kr-9-400-normal-CeBwsqAD.woff            12.52 kB
Operator app	Run npm run build	2026-09-25T04:16:00.4944216Z dist/assets/ibm-plex-sans-kr-39-600-normal-DHmemGdc.woff           12.54 kB
Operator app	Run npm run build	2026-09-25T04:16:00.4945235Z dist/assets/ibm-plex-sans-kr-63-400-normal-Bi-DePsy.woff           12.54 kB
Operator app	Run npm run build	2026-09-25T04:16:00.4945803Z dist/assets/ibm-plex-sans-kr-9-600-normal-DWoOSbq5.woff            12.54 kB
Operator app	Run npm run build	2026-09-25T04:16:00.4946297Z dist/assets/ibm-plex-sans-kr-45-500-normal-uti_Zlfe.woff2          12.55 kB
Operator app	Run npm run build	2026-09-25T04:16:00.4946768Z dist/assets/ibm-plex-sans-kr-36-400-normal-Cd-eoA5H.woff           12.56 kB
Operator app	Run npm run build	2026-09-25T04:16:00.4947307Z dist/assets/ibm-plex-sans-kr-39-400-normal-WTG9_11D.woff           12.56 kB
Operator app	Run npm run build	2026-09-25T04:16:00.4947762Z dist/assets/ibm-plex-sans-kr-34-600-normal-Dkhx4lxu.woff           12.56 kB
Operator app	Run npm run build	2026-09-25T04:16:00.4948252Z dist/assets/ibm-plex-sans-kr-35-400-normal-D8XpW-jV.woff           12.56 kB
Operator app	Run npm run build	2026-09-25T04:16:00.4948730Z dist/assets/ibm-plex-sans-kr-49-400-normal-DrUErJVA.woff           12.56 kB
Operator app	Run npm run build	2026-09-25T04:16:00.4949213Z dist/assets/ibm-plex-sans-kr-63-600-normal-DXp5U46T.woff           12.56 kB
Operator app	Run npm run build	2026-09-25T04:16:00.4949671Z dist/assets/ibm-plex-sans-kr-35-400-normal-CHpiv9C7.woff2          12.57 kB
Operator app	Run npm run build	2026-09-25T04:16:00.4950193Z dist/assets/ibm-plex-sans-kr-37-400-normal-Bj7jp-Iz.woff           12.57 kB
Operator app	Run npm run build	2026-09-25T04:16:00.4950656Z dist/assets/ibm-plex-sans-kr-34-500-normal-CFjeJ1tN.woff           12.58 kB
Operator app	Run npm run build	2026-09-25T04:16:00.4951104Z dist/assets/ibm-plex-sans-kr-7-500-normal-DHoZsm8z.woff            12.58 kB
Operator app	Run npm run build	2026-09-25T04:16:00.4951621Z dist/assets/ibm-plex-sans-kr-56-500-normal-CpmKpo0e.woff2          12.58 kB
Operator app	Run npm run build	2026-09-25T04:16:00.4952080Z dist/assets/ibm-plex-sans-kr-23-400-normal-CUhld-kf.woff2          12.58 kB
Operator app	Run npm run build	2026-09-25T04:16:00.4952567Z dist/assets/ibm-plex-sans-kr-37-500-normal-B6-fjph3.woff           12.60 kB
Operator app	Run npm run build	2026-09-25T04:16:00.4953057Z dist/assets/ibm-plex-sans-kr-37-600-normal-CnPg-4RZ.woff2          12.60 kB
Operator app	Run npm run build	2026-09-25T04:16:00.4953521Z dist/assets/ibm-plex-sans-kr-28-400-normal-Bwghrgjh.woff2          12.62 kB
Operator app	Run npm run build	2026-09-25T04:16:00.4953997Z dist/assets/ibm-plex-sans-kr-106-400-normal-CKM4EqLH.woff2         12.62 kB
Operator app	Run npm run build	2026-09-25T04:16:00.4954491Z dist/assets/ibm-plex-sans-kr-35-500-normal-DxaJNFWV.woff           12.63 kB
Operator app	Run npm run build	2026-09-25T04:16:00.4955120Z dist/assets/ibm-plex-sans-kr-39-500-normal-C8uyz1B3.woff           12.63 kB
Operator app	Run npm run build	2026-09-25T04:16:00.4955585Z dist/assets/ibm-plex-sans-kr-12-500-normal-CRJzzWQI.woff2          12.64 kB
Operator app	Run npm run build	2026-09-25T04:16:00.4956085Z dist/assets/ibm-plex-sans-kr-18-600-normal-3CkcYQgr.woff2          12.64 kB
Operator app	Run npm run build	2026-09-25T04:16:00.4956552Z dist/assets/ibm-plex-sans-kr-52-400-normal-Dqrwgacb.woff2          12.64 kB
Operator app	Run npm run build	2026-09-25T04:16:00.4957031Z dist/assets/ibm-plex-sans-kr-54-500-normal-B5hzExpm.woff2          12.65 kB
Operator app	Run npm run build	2026-09-25T04:16:00.4957554Z dist/assets/ibm-plex-sans-kr-12-400-normal-J5xWG5gS.woff           12.65 kB
Operator app	Run npm run build	2026-09-25T04:16:00.4958085Z dist/assets/ibm-plex-sans-kr-12-500-normal-CZNo5Xam.woff           12.65 kB
Operator app	Run npm run build	2026-09-25T04:16:00.4958665Z dist/assets/ibm-plex-sans-kr-55-500-normal-Bd7gnpgG.woff2          12.66 kB
Operator app	Run npm run build	2026-09-25T04:16:00.4959205Z dist/assets/ibm-plex-sans-kr-49-600-normal-DHvPm2NF.woff           12.67 kB
Operator app	Run npm run build	2026-09-25T04:16:00.4959693Z dist/assets/ibm-plex-sans-kr-118-600-normal-SYUuQfwq.woff2         12.68 kB
Operator app	Run npm run build	2026-09-25T04:16:00.4960197Z dist/assets/ibm-plex-sans-kr-7-600-normal-CeGVp1rD.woff            12.69 kB
Operator app	Run npm run build	2026-09-25T04:16:00.4960701Z dist/assets/ibm-plex-sans-kr-12-600-normal-Cdi7mG90.woff           12.70 kB
Operator app	Run npm run build	2026-09-25T04:16:00.4961215Z dist/assets/ibm-plex-sans-kr-7-400-normal-VZ_YUdPy.woff            12.71 kB
Operator app	Run npm run build	2026-09-25T04:16:00.4961818Z dist/assets/ibm-plex-sans-kr-36-600-normal-DsGroCqE.woff           12.72 kB
Operator app	Run npm run build	2026-09-25T04:16:00.4962309Z dist/assets/ibm-plex-sans-kr-12-600-normal-Ba8rnT7_.woff2          12.72 kB
Operator app	Run npm run build	2026-09-25T04:16:00.4962785Z dist/assets/ibm-plex-sans-kr-7-600-normal-Dh7JSXz4.woff2           12.72 kB
Operator app	Run npm run build	2026-09-25T04:16:00.4963299Z dist/assets/ibm-plex-sans-kr-36-500-normal-brkbKZcZ.woff           12.74 kB
Operator app	Run npm run build	2026-09-25T04:16:00.4963814Z dist/assets/ibm-plex-sans-kr-15-600-normal-CAapLUyl.woff2          12.74 kB
Operator app	Run npm run build	2026-09-25T04:16:00.4964303Z dist/assets/ibm-plex-sans-kr-119-400-normal-CF0EWuft.woff2         12.75 kB
Operator app	Run npm run build	2026-09-25T04:16:00.4964954Z dist/assets/ibm-plex-sans-kr-31-400-normal-BnpH2dyr.woff           12.75 kB
Operator app	Run npm run build	2026-09-25T04:16:00.4965457Z dist/assets/ibm-plex-sans-kr-31-500-normal-BX-CPZrW.woff           12.75 kB
Operator app	Run npm run build	2026-09-25T04:16:00.4965944Z dist/assets/ibm-plex-sans-kr-118-500-normal-bGPKLk2B.woff2         12.76 kB
Operator app	Run npm run build	2026-09-25T04:16:00.4966496Z dist/assets/ibm-plex-sans-kr-43-400-normal-DofKP3XM.woff2          12.76 kB
Operator app	Run npm run build	2026-09-25T04:16:00.4966968Z dist/assets/ibm-plex-sans-kr-31-600-normal-BDIwmQD2.woff           12.76 kB
Operator app	Run npm run build	2026-09-25T04:16:00.4967475Z dist/assets/ibm-plex-sans-kr-25-600-normal-CpgWTSx7.woff2          12.77 kB
Operator app	Run npm run build	2026-09-25T04:16:00.4967985Z dist/assets/ibm-plex-sans-kr-49-500-normal-7q_oMxUd.woff           12.80 kB
Operator app	Run npm run build	2026-09-25T04:16:00.4968477Z dist/assets/ibm-plex-sans-kr-40-400-normal-DxlOKNb6.woff2          12.82 kB
Operator app	Run npm run build	2026-09-25T04:16:00.4968990Z dist/assets/ibm-plex-sans-kr-57-600-normal-CQ1redVd.woff2          12.82 kB
Operator app	Run npm run build	2026-09-25T04:16:00.4969507Z dist/assets/ibm-plex-sans-kr-14-400-normal-DPe2AXol.woff           12.83 kB
Operator app	Run npm run build	2026-09-25T04:16:00.4970003Z dist/assets/ibm-plex-sans-kr-35-600-normal-CD4ArYzM.woff2          12.87 kB
Operator app	Run npm run build	2026-09-25T04:16:00.4970482Z dist/assets/ibm-plex-sans-kr-52-600-normal-HtoGXJPD.woff2          12.90 kB
Operator app	Run npm run build	2026-09-25T04:16:00.4971074Z dist/assets/ibm-plex-sans-kr-5-600-normal-BV1Q-ya9.woff2           12.91 kB
Operator app	Run npm run build	2026-09-25T04:16:00.4971701Z dist/assets/ibm-plex-sans-kr-14-600-normal-BZRywIXe.woff           12.92 kB
Operator app	Run npm run build	2026-09-25T04:16:00.4972196Z dist/assets/ibm-plex-sans-kr-117-400-normal-Bqi1rgUh.woff2         12.92 kB
Operator app	Run npm run build	2026-09-25T04:16:00.4972729Z dist/assets/ibm-plex-sans-kr-34-400-normal-b_F-aCuz.woff2          12.93 kB
Operator app	Run npm run build	2026-09-25T04:16:00.4973257Z dist/assets/ibm-plex-sans-kr-57-500-normal-B4IoHQu1.woff2          12.98 kB
Operator app	Run npm run build	2026-09-25T04:16:00.4973901Z dist/assets/ibm-plex-sans-kr-5-500-normal-BAnyZ6Z-.woff2           13.01 kB
Operator app	Run npm run build	2026-09-25T04:16:00.4974514Z dist/assets/ibm-plex-sans-kr-35-500-normal-cydu_WKV.woff2          13.01 kB
Operator app	Run npm run build	2026-09-25T04:16:00.4975231Z dist/assets/ibm-plex-sans-kr-119-500-normal-Df4yrjnE.woff          13.02 kB
Operator app	Run npm run build	2026-09-25T04:16:00.4975777Z dist/assets/ibm-plex-sans-kr-13-400-normal-CpXdOOTc.woff2          13.02 kB
Operator app	Run npm run build	2026-09-25T04:16:00.4976297Z dist/assets/ibm-plex-sans-kr-23-500-normal-CCfThX_w.woff2          13.03 kB
Operator app	Run npm run build	2026-09-25T04:16:00.4976812Z dist/assets/ibm-plex-sans-kr-49-600-normal-B9kwAyIi.woff2          13.03 kB
Operator app	Run npm run build	2026-09-25T04:16:00.4977309Z dist/assets/ibm-plex-sans-kr-14-500-normal-Y4UlonKU.woff           13.04 kB
Operator app	Run npm run build	2026-09-25T04:16:00.4977834Z dist/assets/ibm-plex-sans-kr-7-500-normal-CoHWPa7p.woff2           13.04 kB
Operator app	Run npm run build	2026-09-25T04:16:00.4978318Z dist/assets/ibm-plex-sans-kr-59-600-normal-BuQf4YmM.woff           13.07 kB
Operator app	Run npm run build	2026-09-25T04:16:00.4978884Z dist/assets/ibm-plex-sans-kr-25-500-normal-Dx_nna5V.woff2          13.08 kB
Operator app	Run npm run build	2026-09-25T04:16:00.4979420Z dist/assets/ibm-plex-sans-kr-42-400-normal-Cgyyi6Mk.woff2          13.10 kB
Operator app	Run npm run build	2026-09-25T04:16:00.4979883Z dist/assets/ibm-plex-sans-kr-23-600-normal-CR-CWSvQ.woff2          13.11 kB
Operator app	Run npm run build	2026-09-25T04:16:00.4980436Z dist/assets/ibm-plex-sans-kr-52-500-normal-PI1BlAgy.woff2          13.12 kB
Operator app	Run npm run build	2026-09-25T04:16:00.4981130Z dist/assets/ibm-plex-sans-kr-105-500-normal-CwEuw_bU.woff2         13.14 kB
Operator app	Run npm run build	2026-09-25T04:16:00.4981601Z dist/assets/ibm-plex-sans-kr-105-600-normal-Bdo6QjXy.woff2         13.14 kB
Operator app	Run npm run build	2026-09-25T04:16:00.4982088Z dist/assets/ibm-plex-sans-kr-119-600-normal-CSej5QVJ.woff          13.14 kB
Operator app	Run npm run build	2026-09-25T04:16:00.4982624Z dist/assets/ibm-plex-sans-kr-14-400-normal-C-oyfrUa.woff2          13.15 kB
Operator app	Run npm run build	2026-09-25T04:16:00.4983093Z dist/assets/ibm-plex-sans-kr-13-400-normal-eM8eMXyQ.woff           13.16 kB
Operator app	Run npm run build	2026-09-25T04:16:00.4983580Z dist/assets/ibm-plex-sans-kr-43-600-normal-BPJjrS1c.woff2          13.16 kB
Operator app	Run npm run build	2026-09-25T04:16:00.4984057Z dist/assets/ibm-plex-sans-kr-23-400-normal-DTBYTMn7.woff           13.17 kB
Operator app	Run npm run build	2026-09-25T04:16:00.4984524Z dist/assets/ibm-plex-sans-kr-17-400-normal-BDhrvRnL.woff2          13.18 kB
Operator app	Run npm run build	2026-09-25T04:16:00.4985168Z dist/assets/ibm-plex-sans-kr-46-500-normal-DSzZPjD2.woff2          13.19 kB
Operator app	Run npm run build	2026-09-25T04:16:00.4985663Z dist/assets/ibm-plex-sans-kr-49-500-normal-BN2Nz7gV.woff2          13.19 kB
Operator app	Run npm run build	2026-09-25T04:16:00.4986112Z dist/assets/ibm-plex-sans-kr-40-500-normal-BCFCRCdk.woff2          13.22 kB
Operator app	Run npm run build	2026-09-25T04:16:00.4986623Z dist/assets/ibm-plex-sans-kr-63-400-normal-DbEg4X6i.woff2          13.24 kB
Operator app	Run npm run build	2026-09-25T04:16:00.4987084Z dist/assets/ibm-plex-sans-kr-23-500-normal-B9nBP66o.woff           13.26 kB
Operator app	Run npm run build	2026-09-25T04:16:00.4987568Z dist/assets/ibm-plex-sans-kr-40-600-normal-DyMFY3yG.woff2          13.28 kB
Operator app	Run npm run build	2026-09-25T04:16:00.4988066Z dist/assets/ibm-plex-sans-kr-28-500-normal-Kfg687Jz.woff2          13.29 kB
Operator app	Run npm run build	2026-09-25T04:16:00.4988531Z dist/assets/ibm-plex-sans-kr-62-400-normal-BIF8JT4K.woff2          13.30 kB
Operator app	Run npm run build	2026-09-25T04:16:00.4988998Z dist/assets/ibm-plex-sans-kr-28-600-normal-BBQsSgWd.woff2          13.30 kB
Operator app	Run npm run build	2026-09-25T04:16:00.4989479Z dist/assets/ibm-plex-sans-kr-42-600-normal-CgHlrSUg.woff2          13.30 kB
Operator app	Run npm run build	2026-09-25T04:16:00.4989958Z dist/assets/ibm-plex-sans-kr-13-500-normal-DNr72JYY.woff           13.32 kB
Operator app	Run npm run build	2026-09-25T04:16:00.4990429Z dist/assets/ibm-plex-sans-kr-23-600-normal-Cq5mpPr_.woff           13.32 kB
Operator app	Run npm run build	2026-09-25T04:16:00.4990919Z dist/assets/ibm-plex-sans-kr-59-500-normal-CyiP_8_L.woff           13.33 kB
Operator app	Run npm run build	2026-09-25T04:16:00.4991370Z dist/assets/ibm-plex-sans-kr-60-400-normal-CEDE9rS0.woff           13.34 kB
Operator app	Run npm run build	2026-09-25T04:16:00.4991866Z dist/assets/ibm-plex-sans-kr-59-400-normal-BHAiqXEM.woff2          13.36 kB
Operator app	Run npm run build	2026-09-25T04:16:00.4992355Z dist/assets/ibm-plex-sans-kr-62-400-normal-BMQQOADr.woff           13.38 kB
Operator app	Run npm run build	2026-09-25T04:16:00.4992816Z dist/assets/ibm-plex-sans-kr-59-400-normal-B-8F2Uet.woff           13.39 kB
Operator app	Run npm run build	2026-09-25T04:16:00.4993314Z dist/assets/ibm-plex-sans-kr-62-500-normal-DbYRmfJO.woff           13.39 kB
Operator app	Run npm run build	2026-09-25T04:16:00.4993779Z dist/assets/ibm-plex-sans-kr-9-400-normal-DJinq116.woff2           13.39 kB
Operator app	Run npm run build	2026-09-25T04:16:00.4994241Z dist/assets/ibm-plex-sans-kr-60-500-normal-Bs-OK-6m.woff           13.39 kB
Operator app	Run npm run build	2026-09-25T04:16:00.4994882Z dist/assets/ibm-plex-sans-kr-13-600-normal-DXBEl0OU.woff           13.40 kB
Operator app	Run npm run build	2026-09-25T04:16:00.4995338Z dist/assets/ibm-plex-sans-kr-17-500-normal-BI9iG84Y.woff           13.40 kB
Operator app	Run npm run build	2026-09-25T04:16:00.4995823Z dist/assets/ibm-plex-sans-kr-4-600-normal-BGAcZoa5.woff            13.41 kB
Operator app	Run npm run build	2026-09-25T04:16:00.4996317Z dist/assets/ibm-plex-sans-kr-43-500-normal-DYkscpdQ.woff2          13.45 kB
Operator app	Run npm run build	2026-09-25T04:16:00.4996802Z dist/assets/ibm-plex-sans-kr-62-600-normal-BwPZY4No.woff           13.45 kB
Operator app	Run npm run build	2026-09-25T04:16:00.4997278Z dist/assets/ibm-plex-sans-kr-17-400-normal-BOjgDpon.woff           13.46 kB
Operator app	Run npm run build	2026-09-25T04:16:00.4997767Z dist/assets/ibm-plex-sans-kr-60-400-normal-z5dDoQx9.woff2          13.50 kB
Operator app	Run npm run build	2026-09-25T04:16:00.4998238Z dist/assets/ibm-plex-sans-kr-60-600-normal-OLqttnKu.woff           13.57 kB
Operator app	Run npm run build	2026-09-25T04:16:00.4998760Z dist/assets/ibm-plex-sans-kr-34-500-normal-JswnezOz.woff2          13.58 kB
Operator app	Run npm run build	2026-09-25T04:16:00.4999334Z dist/assets/ibm-plex-sans-kr-59-500-normal-Ddlt4yS6.woff2          13.58 kB
Operator app	Run npm run build	2026-09-25T04:16:00.4999817Z dist/assets/ibm-plex-sans-kr-4-500-normal-CZSxnr6K.woff            13.59 kB
Operator app	Run npm run build	2026-09-25T04:16:00.5000291Z dist/assets/ibm-plex-sans-kr-59-600-normal-B-CGe3sL.woff2          13.60 kB
Operator app	Run npm run build	2026-09-25T04:16:00.5000822Z dist/assets/ibm-plex-sans-kr-34-600-normal-BwgNjnnm.woff2          13.62 kB
Operator app	Run npm run build	2026-09-25T04:16:00.5001298Z dist/assets/ibm-plex-sans-kr-4-400-normal-1GfpLFeR.woff            13.66 kB
Operator app	Run npm run build	2026-09-25T04:16:00.5001831Z dist/assets/ibm-plex-sans-kr-62-500-normal-lDNHneib.woff2          13.67 kB
Operator app	Run npm run build	2026-09-25T04:16:00.5002418Z dist/assets/ibm-plex-sans-kr-22-400-normal-3CnvMMD7.woff2          13.68 kB
Operator app	Run npm run build	2026-09-25T04:16:00.5002912Z dist/assets/ibm-plex-sans-kr-22-600-normal-bBSJai_o.woff           13.68 kB
Operator app	Run npm run build	2026-09-25T04:16:00.5003388Z dist/assets/ibm-plex-sans-kr-39-400-normal-BzR2eDWi.woff2          13.68 kB
Operator app	Run npm run build	2026-09-25T04:16:00.5003929Z dist/assets/ibm-plex-sans-kr-27-500-normal-CPgbZ_eJ.woff           13.72 kB
Operator app	Run npm run build	2026-09-25T04:16:00.5004421Z dist/assets/ibm-plex-sans-kr-17-600-normal-uD_8VqjX.woff           13.73 kB
Operator app	Run npm run build	2026-09-25T04:16:00.5005044Z dist/assets/ibm-plex-sans-kr-26-600-normal-bxA4bluv.woff           13.73 kB
Operator app	Run npm run build	2026-09-25T04:16:00.5005638Z dist/assets/ibm-plex-sans-kr-119-600-normal-CWNURXbv.woff2         13.74 kB
Operator app	Run npm run build	2026-09-25T04:16:00.5006122Z dist/assets/ibm-plex-sans-kr-14-600-normal-BEKBLOkr.woff2          13.76 kB
Operator app	Run npm run build	2026-09-25T04:16:00.5006671Z dist/assets/ibm-plex-sans-kr-106-600-normal-o84Tuavw.woff2         13.77 kB
Operator app	Run npm run build	2026-09-25T04:16:00.5007156Z dist/assets/ibm-plex-sans-kr-62-600-normal-CCy9m1Yi.woff2          13.77 kB
Operator app	Run npm run build	2026-09-25T04:16:00.5007623Z dist/assets/ibm-plex-sans-kr-13-500-normal-DVkNF81I.woff2          13.80 kB
Operator app	Run npm run build	2026-09-25T04:16:00.5008168Z dist/assets/ibm-plex-sans-kr-42-500-normal-DceQ0siJ.woff2          13.81 kB
Operator app	Run npm run build	2026-09-25T04:16:00.5008671Z dist/assets/ibm-plex-sans-kr-106-500-normal-waJW03NJ.woff2         13.81 kB
Operator app	Run npm run build	2026-09-25T04:16:00.5009164Z dist/assets/ibm-plex-sans-kr-17-500-normal-B5RrK24I.woff2          13.82 kB
Operator app	Run npm run build	2026-09-25T04:16:00.5009719Z dist/assets/ibm-plex-sans-kr-22-400-normal-TNl1bUeL.woff           13.82 kB
Operator app	Run npm run build	2026-09-25T04:16:00.5010215Z dist/assets/ibm-plex-sans-kr-119-500-normal-CJJ-meqF.woff2         13.82 kB
Operator app	Run npm run build	2026-09-25T04:16:00.5010717Z dist/assets/ibm-plex-sans-kr-22-600-normal-B4PQFGba.woff2          13.85 kB
Operator app	Run npm run build	2026-09-25T04:16:00.5011246Z dist/assets/ibm-plex-sans-kr-46-600-normal-CfEBl86K.woff2          13.86 kB
Operator app	Run npm run build	2026-09-25T04:16:00.5011755Z dist/assets/ibm-plex-sans-kr-16-400-normal-CKSk9toV.woff2          13.86 kB
Operator app	Run npm run build	2026-09-25T04:16:00.5012236Z dist/assets/ibm-plex-sans-kr-26-400-normal-BDNWBg-b.woff           13.86 kB
Operator app	Run npm run build	2026-09-25T04:16:00.5012763Z dist/assets/ibm-plex-sans-kr-63-500-normal-DnCEtrzT.woff2          13.88 kB
Operator app	Run npm run build	2026-09-25T04:16:00.5013267Z dist/assets/ibm-plex-sans-kr-22-500-normal-B4MFCOia.woff           13.90 kB
Operator app	Run npm run build	2026-09-25T04:16:00.5013738Z dist/assets/ibm-plex-sans-kr-27-600-normal-C07c5If1.woff           13.90 kB
Operator app	Run npm run build	2026-09-25T04:16:00.5014285Z dist/assets/ibm-plex-sans-kr-27-400-normal-Dy5-YEOY.woff           13.92 kB
Operator app	Run npm run build	2026-09-25T04:16:00.5015022Z dist/assets/ibm-plex-sans-kr-26-500-normal-BKPcd-dF.woff           13.93 kB
Operator app	Run npm run build	2026-09-25T04:16:00.5015549Z dist/assets/ibm-plex-sans-kr-latin-400-normal-7kwLL-e3.woff        13.94 kB
Operator app	Run npm run build	2026-09-25T04:16:00.5016089Z dist/assets/ibm-plex-sans-kr-63-600-normal-B_hznMYb.woff2          13.96 kB
Operator app	Run npm run build	2026-09-25T04:16:00.5016584Z dist/assets/ibm-plex-sans-kr-24-500-normal-Cv5QDDSV.woff           14.02 kB
Operator app	Run npm run build	2026-09-25T04:16:00.5017066Z dist/assets/ibm-plex-sans-kr-16-400-normal-DNGmaJIL.woff           14.06 kB
Operator app	Run npm run build	2026-09-25T04:16:00.5017583Z dist/assets/ibm-plex-sans-kr-112-400-normal-BJLUyYDo.woff2         14.07 kB
Operator app	Run npm run build	2026-09-25T04:16:00.5018100Z dist/assets/ibm-plex-sans-kr-60-500-normal-Dt1XTT7t.woff2          14.08 kB
Operator app	Run npm run build	2026-09-25T04:16:00.5018580Z dist/assets/ibm-plex-sans-kr-16-600-normal-DDZagcz1.woff           14.13 kB
Operator app	Run npm run build	2026-09-25T04:16:00.5019251Z dist/assets/ibm-plex-sans-kr-117-500-normal-B8S6P0qk.woff2         14.14 kB
Operator app	Run npm run build	2026-09-25T04:16:00.5019731Z dist/assets/ibm-plex-sans-kr-14-500-normal-C6PSB_z7.woff2          14.16 kB
Operator app	Run npm run build	2026-09-25T04:16:00.5020281Z dist/assets/ibm-plex-sans-kr-16-500-normal-CmCp5IpX.woff           14.17 kB
Operator app	Run npm run build	2026-09-25T04:16:00.5020766Z dist/assets/ibm-plex-sans-kr-117-600-normal-CVV1AoIy.woff2         14.18 kB
Operator app	Run npm run build	2026-09-25T04:16:00.5021221Z dist/assets/ibm-plex-sans-kr-24-400-normal-DDVUYQLq.woff           14.20 kB
Operator app	Run npm run build	2026-09-25T04:16:00.5021729Z dist/assets/ibm-plex-sans-kr-60-600-normal-Bl94dFYa.woff2          14.22 kB
Operator app	Run npm run build	2026-09-25T04:16:00.5022190Z dist/assets/ibm-plex-sans-kr-22-500-normal-9RYlHGVt.woff2          14.25 kB
Operator app	Run npm run build	2026-09-25T04:16:00.5022747Z dist/assets/ibm-plex-sans-kr-115-400-normal-6-qa9Uj4.woff2         14.26 kB
Operator app	Run npm run build	2026-09-25T04:16:00.5023235Z dist/assets/ibm-plex-sans-kr-39-600-normal-DxNgVy70.woff2          14.28 kB
Operator app	Run npm run build	2026-09-25T04:16:00.5023692Z dist/assets/ibm-plex-sans-kr-4-400-normal-BSOJFi3M.woff2           14.32 kB
Operator app	Run npm run build	2026-09-25T04:16:00.5024169Z dist/assets/ibm-plex-sans-kr-116-400-normal-CPQAppG5.woff2         14.34 kB
Operator app	Run npm run build	2026-09-25T04:16:00.5024647Z dist/assets/ibm-plex-sans-kr-13-600-normal-ON8tPSnT.woff2          14.35 kB
Operator app	Run npm run build	2026-09-25T04:16:00.5025589Z dist/assets/ibm-plex-sans-kr-33-500-normal-DrcDIvwW.woff           14.35 kB
Operator app	Run npm run build	2026-09-25T04:16:00.5026095Z dist/assets/ibm-plex-sans-kr-107-400-normal-DFBsPAhk.woff2         14.36 kB
Operator app	Run npm run build	2026-09-25T04:16:00.5026572Z dist/assets/ibm-plex-sans-kr-24-600-normal-DL0LF1av.woff           14.37 kB
Operator app	Run npm run build	2026-09-25T04:16:00.5027025Z dist/assets/ibm-plex-sans-kr-114-400-normal-Bpqw4_PX.woff2         14.38 kB
Operator app	Run npm run build	2026-09-25T04:16:00.5027533Z dist/assets/ibm-plex-sans-kr-39-500-normal-CeHGwbYp.woff2          14.40 kB
Operator app	Run npm run build	2026-09-25T04:16:00.5028000Z dist/assets/ibm-plex-sans-kr-33-400-normal-BEJcB5Pj.woff           14.40 kB
Operator app	Run npm run build	2026-09-25T04:16:00.5028456Z dist/assets/ibm-plex-sans-kr-21-400-normal-Cv3FeIij.woff2          14.42 kB
Operator app	Run npm run build	2026-09-25T04:16:00.5028961Z dist/assets/ibm-plex-sans-kr-108-400-normal-DbmD_Owd.woff2         14.42 kB
Operator app	Run npm run build	2026-09-25T04:16:00.5029421Z dist/assets/ibm-plex-sans-kr-33-600-normal-Dk43PWfK.woff           14.43 kB
Operator app	Run npm run build	2026-09-25T04:16:00.5029891Z dist/assets/ibm-plex-sans-kr-3-400-normal-01r-uCGK.woff            14.44 kB
Operator app	Run npm run build	2026-09-25T04:16:00.5030393Z dist/assets/ibm-plex-sans-kr-3-600-normal-OOnXi3dj.woff            14.46 kB
Operator app	Run npm run build	2026-09-25T04:16:00.5030849Z dist/assets/ibm-plex-sans-kr-3-500-normal-BF7AAfCm.woff            14.50 kB
Operator app	Run npm run build	2026-09-25T04:16:00.5031335Z dist/assets/ibm-plex-sans-kr-33-400-normal-DOnua0XC.woff2          14.50 kB
Operator app	Run npm run build	2026-09-25T04:16:00.5031839Z dist/assets/ibm-plex-sans-kr-24-400-normal-BCEQWDh5.woff2          14.51 kB
Operator app	Run npm run build	2026-09-25T04:16:00.5032313Z dist/assets/ibm-plex-sans-kr-21-600-normal-CJHvMuEH.woff2          14.52 kB
Operator app	Run npm run build	2026-09-25T04:16:00.5032773Z dist/assets/ibm-plex-sans-kr-109-400-normal-ChZ2CLi-.woff2         14.64 kB
Operator app	Run npm run build	2026-09-25T04:16:00.5033269Z dist/assets/ibm-plex-sans-kr-9-500-normal-C3WEWxiq.woff2           14.66 kB
Operator app	Run npm run build	2026-09-25T04:16:00.5033740Z dist/assets/ibm-plex-sans-kr-113-400-normal-CEDRAc_f.woff2         14.74 kB
Operator app	Run npm run build	2026-09-25T04:16:00.5034215Z dist/assets/ibm-plex-sans-kr-29-400-normal-gP3qcvie.woff2          14.76 kB
Operator app	Run npm run build	2026-09-25T04:16:00.5034825Z dist/assets/ibm-plex-sans-kr-29-600-normal-Dn9kzegM.woff2          14.76 kB
Operator app	Run npm run build	2026-09-25T04:16:00.5035298Z dist/assets/ibm-plex-sans-kr-21-500-normal-Bq99UyTU.woff2          14.80 kB
Operator app	Run npm run build	2026-09-25T04:16:00.5035800Z dist/assets/ibm-plex-sans-kr-19-600-normal-DcS6irVl.woff2          14.81 kB
Operator app	Run npm run build	2026-09-25T04:16:00.5036264Z dist/assets/ibm-plex-sans-kr-21-400-normal-Dml5TFym.woff           14.82 kB
Operator app	Run npm run build	2026-09-25T04:16:00.5036742Z dist/assets/ibm-plex-sans-kr-110-400-normal-DvUF8GMi.woff2         14.85 kB
Operator app	Run npm run build	2026-09-25T04:16:00.5037266Z dist/assets/ibm-plex-sans-kr-111-400-normal-DaCXFUcH.woff2         14.87 kB
Operator app	Run npm run build	2026-09-25T04:16:00.5037741Z dist/assets/ibm-plex-sans-kr-19-400-normal-CCVU2G9b.woff2          14.91 kB
Operator app	Run npm run build	2026-09-25T04:16:00.5038215Z dist/assets/ibm-plex-sans-kr-32-500-normal-BFr0uy16.woff           14.92 kB
Operator app	Run npm run build	2026-09-25T04:16:00.5038800Z dist/assets/ibm-plex-sans-kr-21-500-normal-DNGhvuIq.woff           14.93 kB
Operator app	Run npm run build	2026-09-25T04:16:00.5039254Z dist/assets/ibm-plex-sans-kr-32-400-normal-GRBsq_TQ.woff           14.95 kB
Operator app	Run npm run build	2026-09-25T04:16:00.5039721Z dist/assets/ibm-plex-sans-kr-29-600-normal-B0Nsm10J.woff           14.97 kB
Operator app	Run npm run build	2026-09-25T04:16:00.5040197Z dist/assets/ibm-plex-sans-kr-32-600-normal-qBGKeeZh.woff           14.99 kB
Operator app	Run npm run build	2026-09-25T04:16:00.5040681Z dist/assets/ibm-plex-sans-kr-32-400-normal-BkNndOiq.woff2          15.01 kB
Operator app	Run npm run build	2026-09-25T04:16:00.5041219Z dist/assets/ibm-plex-sans-kr-33-600-normal-_9rnVtrt.woff2          15.04 kB
Operator app	Run npm run build	2026-09-25T04:16:00.5041749Z dist/assets/ibm-plex-sans-kr-9-600-normal-DraA-1Zl.woff2           15.06 kB
Operator app	Run npm run build	2026-09-25T04:16:00.5042293Z dist/assets/ibm-plex-sans-kr-4-500-normal-DYhdxHR-.woff2           15.07 kB
Operator app	Run npm run build	2026-09-25T04:16:00.5042761Z dist/assets/ibm-plex-sans-kr-21-600-normal-ChXV0eBj.woff           15.10 kB
Operator app	Run npm run build	2026-09-25T04:16:00.5043330Z dist/assets/ibm-plex-sans-kr-29-500-normal-BsGS2LIm.woff2          15.10 kB
Operator app	Run npm run build	2026-09-25T04:16:00.5043833Z dist/assets/ibm-plex-sans-kr-latin-400-normal-Bc7vhvxM.woff2       15.11 kB
Operator app	Run npm run build	2026-09-25T04:16:00.5044329Z dist/assets/ibm-plex-sans-kr-30-500-normal-C_KfcsGa.woff2          15.12 kB
Operator app	Run npm run build	2026-09-25T04:16:00.5044967Z dist/assets/ibm-plex-sans-kr-29-400-normal-Dj7VksMf.woff           15.12 kB
Operator app	Run npm run build	2026-09-25T04:16:00.5045463Z dist/assets/ibm-plex-sans-kr-30-600-normal-CHYuKtvD.woff           15.16 kB
Operator app	Run npm run build	2026-09-25T04:16:00.5045975Z dist/assets/ibm-plex-sans-kr-4-600-normal-DP-OzMv8.woff2           15.16 kB
Operator app	Run npm run build	2026-09-25T04:16:00.5046476Z dist/assets/ibm-plex-sans-kr-30-400-normal-D9W6fT0U.woff2          15.18 kB
Operator app	Run npm run build	2026-09-25T04:16:00.5046998Z dist/assets/ibm-plex-sans-kr-26-400-normal-BnV7FV79.woff2          15.18 kB
Operator app	Run npm run build	2026-09-25T04:16:00.5047482Z dist/assets/ibm-plex-sans-kr-17-600-normal-BeTmwP_K.woff2          15.22 kB
Operator app	Run npm run build	2026-09-25T04:16:00.5048033Z dist/assets/ibm-plex-sans-kr-19-500-normal-lytT2cFM.woff2          15.24 kB
Operator app	Run npm run build	2026-09-25T04:16:00.5048512Z dist/assets/ibm-plex-sans-kr-16-500-normal-CDsqjPM5.woff2          15.24 kB
Operator app	Run npm run build	2026-09-25T04:16:00.5048978Z dist/assets/ibm-plex-sans-kr-30-500-normal-D4wCcu5D.woff           15.26 kB
Operator app	Run npm run build	2026-09-25T04:16:00.5049534Z dist/assets/ibm-plex-sans-kr-3-400-normal-MpgNCYqt.woff2           15.28 kB
Operator app	Run npm run build	2026-09-25T04:16:00.5050020Z dist/assets/ibm-plex-sans-kr-30-400-normal-4H84KBjL.woff           15.28 kB
Operator app	Run npm run build	2026-09-25T04:16:00.5050570Z dist/assets/ibm-plex-sans-kr-32-500-normal-xYF7ztoJ.woff2          15.30 kB
Operator app	Run npm run build	2026-09-25T04:16:00.5051049Z dist/assets/ibm-plex-sans-kr-115-500-normal-HzYFTBDK.woff2         15.31 kB
Operator app	Run npm run build	2026-09-25T04:16:00.5051534Z dist/assets/ibm-plex-sans-kr-24-500-normal-xY0ze7De.woff2          15.31 kB
Operator app	Run npm run build	2026-09-25T04:16:00.5052074Z dist/assets/ibm-plex-sans-kr-29-500-normal-DrYYhV-u.woff           15.34 kB
Operator app	Run npm run build	2026-09-25T04:16:00.5052546Z dist/assets/ibm-plex-sans-kr-32-600-normal-Dc31ixSD.woff2          15.34 kB
Operator app	Run npm run build	2026-09-25T04:16:00.5053075Z dist/assets/ibm-plex-sans-kr-33-500-normal-C9zC6FjO.woff2          15.34 kB
Operator app	Run npm run build	2026-09-25T04:16:00.5053598Z dist/assets/ibm-plex-sans-kr-27-400-normal-B5ZhKYLO.woff2          15.44 kB
Operator app	Run npm run build	2026-09-25T04:16:00.5054110Z dist/assets/ibm-plex-sans-kr-30-600-normal-DAX8ENIb.woff2          15.44 kB
Operator app	Run npm run build	2026-09-25T04:16:00.5054592Z dist/assets/ibm-plex-sans-kr-116-600-normal-pwYieqoq.woff2         15.45 kB
Operator app	Run npm run build	2026-09-25T04:16:00.5055613Z dist/assets/ibm-plex-sans-kr-24-600-normal-DyaIQrhK.woff2          15.50 kB
Operator app	Run npm run build	2026-09-25T04:16:00.5056124Z dist/assets/ibm-plex-sans-kr-112-500-normal-CZCyW_ny.woff2         15.56 kB
Operator app	Run npm run build	2026-09-25T04:16:00.5056616Z dist/assets/ibm-plex-sans-kr-latin-500-normal-DMi_vAK3.woff        15.58 kB
Operator app	Run npm run build	2026-09-25T04:16:00.5057139Z dist/assets/ibm-plex-sans-kr-20-400-normal-2BRpmgCV.woff2          15.66 kB
Operator app	Run npm run build	2026-09-25T04:16:00.5057626Z dist/assets/ibm-plex-sans-kr-116-500-normal-BARxh3Ni.woff2         15.67 kB
Operator app	Run npm run build	2026-09-25T04:16:00.5058135Z dist/assets/ibm-plex-sans-kr-108-600-normal-Cz9v4gjx.woff2         15.69 kB
Operator app	Run npm run build	2026-09-25T04:16:00.5058665Z dist/assets/ibm-plex-sans-kr-20-600-normal-CKeHRgKb.woff           15.69 kB
Operator app	Run npm run build	2026-09-25T04:16:00.5059222Z dist/assets/ibm-plex-sans-kr-19-600-normal-w0hsbhoe.woff           15.70 kB
Operator app	Run npm run build	2026-09-25T04:16:00.5059735Z dist/assets/ibm-plex-sans-kr-latin-600-normal-yks4z4wu.woff        15.72 kB
Operator app	Run npm run build	2026-09-25T04:16:00.5060289Z dist/assets/ibm-plex-sans-kr-108-500-normal-CdP8F2Jv.woff2         15.77 kB
Operator app	Run npm run build	2026-09-25T04:16:00.5060781Z dist/assets/ibm-plex-sans-kr-26-600-normal-BQpAkNz5.woff2          15.79 kB
Operator app	Run npm run build	2026-09-25T04:16:00.5061261Z dist/assets/ibm-plex-sans-kr-115-600-normal-CokKDsRY.woff2         15.81 kB
Operator app	Run npm run build	2026-09-25T04:16:00.5061808Z dist/assets/ibm-plex-sans-kr-19-400-normal-dcW_ilWW.woff           15.82 kB
Operator app	Run npm run build	2026-09-25T04:16:00.5062274Z dist/assets/ibm-plex-sans-kr-112-600-normal-nFX-cMXi.woff2         15.84 kB
Operator app	Run npm run build	2026-09-25T04:16:00.5062807Z dist/assets/ibm-plex-sans-kr-19-500-normal-33mABreN.woff           15.86 kB
Operator app	Run npm run build	2026-09-25T04:16:00.5063307Z dist/assets/ibm-plex-sans-kr-20-400-normal-B2cWSh78.woff           15.86 kB
Operator app	Run npm run build	2026-09-25T04:16:00.5063767Z dist/assets/ibm-plex-sans-kr-27-600-normal-C6bVD75P.woff2          15.92 kB
Operator app	Run npm run build	2026-09-25T04:16:00.5064226Z dist/assets/ibm-plex-sans-kr-20-500-normal-CrfFBvwl.woff           15.93 kB
Operator app	Run npm run build	2026-09-25T04:16:00.5064919Z dist/assets/ibm-plex-sans-kr-27-500-normal-Bqt-c90l.woff2          15.94 kB
Operator app	Run npm run build	2026-09-25T04:16:00.5065391Z dist/assets/ibm-plex-sans-kr-107-500-normal-CywikKdj.woff2         16.02 kB
Operator app	Run npm run build	2026-09-25T04:16:00.5065910Z dist/assets/ibm-plex-sans-kr-114-600-normal-CjRp-Iz4.woff2         16.05 kB
Operator app	Run npm run build	2026-09-25T04:16:00.5066371Z dist/assets/ibm-plex-sans-kr-107-600-normal-Bj6Oga3u.woff2         16.12 kB
Operator app	Run npm run build	2026-09-25T04:16:00.5066847Z dist/assets/ibm-plex-sans-kr-113-600-normal-Dhfyy0ky.woff2         16.14 kB
Operator app	Run npm run build	2026-09-25T04:16:00.5067369Z dist/assets/ibm-plex-sans-kr-20-600-normal-CXFU6tjk.woff2          16.15 kB
Operator app	Run npm run build	2026-09-25T04:16:00.5067831Z dist/assets/ibm-plex-sans-kr-110-600-normal-CisRgCMg.woff2         16.26 kB
Operator app	Run npm run build	2026-09-25T04:16:00.5068454Z dist/assets/ibm-plex-sans-kr-114-500-normal-D4nP60kj.woff2         16.28 kB
Operator app	Run npm run build	2026-09-25T04:16:00.5069034Z dist/assets/ibm-plex-sans-kr-latin-500-normal-2SdHzE3p.woff2       16.30 kB
Operator app	Run npm run build	2026-09-25T04:16:00.5069554Z dist/assets/ibm-plex-sans-kr-110-500-normal-HZkWM0xD.woff2         16.34 kB
Operator app	Run npm run build	2026-09-25T04:16:00.5070010Z dist/assets/ibm-plex-sans-kr-111-600-normal-DN6cN55_.woff2         16.34 kB
Operator app	Run npm run build	2026-09-25T04:16:00.5070503Z dist/assets/ibm-plex-sans-kr-109-600-normal-BkGpNJKI.woff2         16.39 kB
Operator app	Run npm run build	2026-09-25T04:16:00.5070964Z dist/assets/ibm-plex-sans-kr-113-500-normal-DJQiET6F.woff2         16.39 kB
Operator app	Run npm run build	2026-09-25T04:16:00.5071410Z dist/assets/ibm-plex-sans-kr-111-500-normal-B2z91AWP.woff2         16.51 kB
Operator app	Run npm run build	2026-09-25T04:16:00.5071944Z dist/assets/ibm-plex-sans-kr-20-500-normal-mnpVtiHU.woff2          16.53 kB
Operator app	Run npm run build	2026-09-25T04:16:00.5072409Z dist/assets/ibm-plex-sans-kr-26-500-normal-DXCDkot3.woff2          16.57 kB
Operator app	Run npm run build	2026-09-25T04:16:00.5072888Z dist/assets/ibm-plex-sans-kr-latin-600-normal-n-2PV5Ut.woff2       16.59 kB
Operator app	Run npm run build	2026-09-25T04:16:00.5073380Z dist/assets/ibm-plex-sans-kr-16-600-normal-DloGa7SL.woff2          16.62 kB
Operator app	Run npm run build	2026-09-25T04:16:00.5073842Z dist/assets/ibm-plex-sans-kr-109-500-normal-Dm0Ank3e.woff2         16.64 kB
Operator app	Run npm run build	2026-09-25T04:16:00.5074333Z dist/assets/ibm-plex-sans-kr-3-500-normal-C-bo63NS.woff2           17.16 kB
Operator app	Run npm run build	2026-09-25T04:16:00.5075029Z dist/assets/ibm-plex-sans-kr-3-600-normal-CuyoBBEp.woff2           17.65 kB
Operator app	Run npm run build	2026-09-25T04:16:00.5075828Z dist/assets/index-z7WyhjN_.css                                    188.28 kB │ gzip:  54.84 kB
Operator app	Run npm run build	2026-09-25T04:16:00.5076374Z dist/assets/index-WmV_6c6c.js                                     490.05 kB │ gzip: 140.21 kB
Operator app	Run npm run build	2026-09-25T04:16:00.5076623Z 
Operator app	Run npm run build	2026-09-25T04:16:00.5076846Z ^[[32m✓ built in 290ms^[[39m
Operator app	Run npm run build	2026-09-25T04:16:00.6329218Z {"manifest":"operator-bundle.json","sha256":"37ce55aa9f6bef0246c83237e18e6504c2ebf237aec8084800ed1ff79f269e40","files":567,"content_bytes":7287750}
Operator app	Post Run actions/setup-node@49933ea5288caeca8642d1e84afbd3f7d6820020	﻿2026-09-25T04:16:00.6480486Z Post job cleanup.
Operator app	Post Run actions/setup-node@49933ea5288caeca8642d1e84afbd3f7d6820020	2026-09-25T04:16:00.7364044Z (node:2395) [DEP0040] DeprecationWarning: The `punycode` module is deprecated. Please use a userland alternative instead.
Operator app	Post Run actions/setup-node@49933ea5288caeca8642d1e84afbd3f7d6820020	2026-09-25T04:16:00.7365189Z (Use `node --trace-deprecation ...` to show where the warning was created)
Operator app	Post Run actions/setup-node@49933ea5288caeca8642d1e84afbd3f7d6820020	2026-09-25T04:16:00.7367275Z Cache hit occurred on the primary key node-cache-Linux-x64-npm-f7049b356cd2537bb1cb7d4c983f6736b00e504a22a04a9bb724c41964922b7f, not saving cache.
Operator app	Post Run actions/checkout@11d5960a326750d5838078e36cf38b85af677262	﻿2026-09-25T04:16:00.7474982Z Post job cleanup.
Operator app	Post Run actions/checkout@11d5960a326750d5838078e36cf38b85af677262	2026-09-25T04:16:00.8094843Z [command]/usr/bin/git version
Operator app	Post Run actions/checkout@11d5960a326750d5838078e36cf38b85af677262	2026-09-25T04:16:00.8122893Z git version 2.55.0
Operator app	Post Run actions/checkout@11d5960a326750d5838078e36cf38b85af677262	2026-09-25T04:16:00.8147699Z Temporarily overriding HOME='/home/runner/work/_temp/fc0d3dbb-d774-44ff-8f6c-7d48d917b2d7' before making global git config changes
Operator app	Post Run actions/checkout@11d5960a326750d5838078e36cf38b85af677262	2026-09-25T04:16:00.8148854Z Adding repository directory to the temporary git global config as a safe directory
Operator app	Post Run actions/checkout@11d5960a326750d5838078e36cf38b85af677262	2026-09-25T04:16:00.8152460Z [command]/usr/bin/git config --global --add safe.directory /home/runner/work/rx-solutions/rx-solutions
Operator app	Post Run actions/checkout@11d5960a326750d5838078e36cf38b85af677262	2026-09-25T04:16:00.8181518Z [command]/usr/bin/git config --local --name-only --get-regexp core\.sshCommand
Operator app	Post Run actions/checkout@11d5960a326750d5838078e36cf38b85af677262	2026-09-25T04:16:00.8205268Z [command]/usr/bin/git submodule foreach --recursive sh -c "git config --local --name-only --get-regexp 'core\.sshCommand' && git config --local --unset-all 'core.sshCommand' || :"
Operator app	Post Run actions/checkout@11d5960a326750d5838078e36cf38b85af677262	2026-09-25T04:16:00.8365402Z [command]/usr/bin/git config --local --name-only --get-regexp http\.https\:\/\/github\.com\/\.extraheader
Operator app	Post Run actions/checkout@11d5960a326750d5838078e36cf38b85af677262	2026-09-25T04:16:00.8389015Z [command]/usr/bin/git submodule foreach --recursive sh -c "git config --local --name-only --get-regexp 'http\.https\:\/\/github\.com\/\.extraheader' && git config --local --unset-all 'http.https://github.com/.extraheader' || :"
Operator app	Post Run actions/checkout@11d5960a326750d5838078e36cf38b85af677262	2026-09-25T04:16:00.8540828Z [command]/usr/bin/git config --local --name-only --get-regexp ^includeIf\.gitdir:
Operator app	Post Run actions/checkout@11d5960a326750d5838078e36cf38b85af677262	2026-09-25T04:16:00.8567698Z [command]/usr/bin/git submodule foreach --recursive git config --local --show-origin --name-only --get-regexp remote.origin.url
Operator app	Complete job	﻿2026-09-25T04:16:00.8850517Z Cleaning up orphan processes
Operator app	Complete job	2026-09-25T04:16:00.9036784Z ##[warning]Node.js 20 is deprecated. The following actions target Node.js 20 but are being forced to run on Node.js 24: actions/checkout@11d5960a326750d5838078e36cf38b85af677262, actions/setup-node@49933ea5288caeca8642d1e84afbd3f7d6820020. For more information see: https://github.blog/changelog/2025-09-19-deprecation-of-node-20-on-github-actions-runners/
Rust	Set up job	﻿2026-09-25T04:15:47.0021250Z Current runner version: '2.337.0'
Rust	Set up job	2026-09-25T04:15:47.0042150Z ##[group]Runner Image Provisioner
Rust	Set up job	2026-09-25T04:15:47.0042974Z Hosted Compute Agent
Rust	Set up job	2026-09-25T04:15:47.0043592Z Version: 20260828.587
Rust	Set up job	2026-09-25T04:15:47.0044124Z Commit: abac92662cab4cc7352de4f9f9d2e2419aad9c29
Rust	Set up job	2026-09-25T04:15:47.0044775Z Build Date: 2026-08-28T16:44:25Z
Rust	Set up job	2026-09-25T04:15:47.0045365Z Worker ID: {f1fdc547-0eb9-48df-88e2-f3c0e8dfebfa}
Rust	Set up job	2026-09-25T04:15:47.0045980Z Azure Region: westus3
Rust	Set up job	2026-09-25T04:15:47.0046530Z ##[endgroup]
Rust	Set up job	2026-09-25T04:15:47.0047621Z ##[group]Operating System
Rust	Set up job	2026-09-25T04:15:47.0048221Z Ubuntu
Rust	Set up job	2026-09-25T04:15:47.0048677Z 24.04.5
Rust	Set up job	2026-09-25T04:15:47.0049108Z LTS
Rust	Set up job	2026-09-25T04:15:47.0049579Z ##[endgroup]
Rust	Set up job	2026-09-25T04:15:47.0050035Z ##[group]Runner Image
Rust	Set up job	2026-09-25T04:15:47.0050544Z Image: ubuntu-24.04
Rust	Set up job	2026-09-25T04:15:47.0051068Z Version: 20260920.314.1
Rust	Set up job	2026-09-25T04:15:47.0051932Z Included Software: https://github.com/actions/runner-images/blob/ubuntu24/20260920.314/images/ubuntu/Ubuntu2404-Readme.md
Rust	Set up job	2026-09-25T04:15:47.0053458Z Image Release: https://github.com/actions/runner-images/releases/tag/ubuntu24%2F20260920.314
Rust	Set up job	2026-09-25T04:15:47.0054252Z ##[endgroup]
Rust	Set up job	2026-09-25T04:15:47.0055232Z ##[group]GITHUB_TOKEN Permissions
Rust	Set up job	2026-09-25T04:15:47.0056929Z Contents: read
Rust	Set up job	2026-09-25T04:15:47.0057611Z Metadata: read
Rust	Set up job	2026-09-25T04:15:47.0058123Z ##[endgroup]
Rust	Set up job	2026-09-25T04:15:47.0059835Z Secret source: Actions
Rust	Set up job	2026-09-25T04:15:47.0060603Z Cache mode: write
Rust	Set up job	2026-09-25T04:15:47.0061197Z Prepare workflow directory
Rust	Set up job	2026-09-25T04:15:47.0387337Z Prepare all required actions
Rust	Set up job	2026-09-25T04:15:47.0426062Z Getting action download info
Rust	Set up job	2026-09-25T04:15:47.3300170Z Download action repository 'actions/checkout@11d5960a326750d5838078e36cf38b85af677262' (SHA:11d5960a326750d5838078e36cf38b85af677262)
Rust	Set up job	2026-09-25T04:15:47.6802658Z Download action repository 'actions/cache@0057852bfaa89a56745cba8c7296529d2fc39830' (SHA:0057852bfaa89a56745cba8c7296529d2fc39830)
Rust	Set up job	2026-09-25T04:15:48.0922519Z Complete job name: Rust
Rust	Run actions/checkout@11d5960a326750d5838078e36cf38b85af677262	﻿2026-09-25T04:15:48.1536949Z ##[group]Run actions/checkout@11d5960a326750d5838078e36cf38b85af677262
Rust	Run actions/checkout@11d5960a326750d5838078e36cf38b85af677262	2026-09-25T04:15:48.1537969Z with:
Rust	Run actions/checkout@11d5960a326750d5838078e36cf38b85af677262	2026-09-25T04:15:48.1538359Z   persist-credentials: false
Rust	Run actions/checkout@11d5960a326750d5838078e36cf38b85af677262	2026-09-25T04:15:48.1538816Z   repository: jack0682/rx-solutions
Rust	Run actions/checkout@11d5960a326750d5838078e36cf38b85af677262	2026-09-25T04:15:48.1541943Z   token: ***
Rust	Run actions/checkout@11d5960a326750d5838078e36cf38b85af677262	2026-09-25T04:15:48.1542335Z   ssh-strict: true
Rust	Run actions/checkout@11d5960a326750d5838078e36cf38b85af677262	2026-09-25T04:15:48.1542713Z   ssh-user: git
Rust	Run actions/checkout@11d5960a326750d5838078e36cf38b85af677262	2026-09-25T04:15:48.1543238Z   clean: true
Rust	Run actions/checkout@11d5960a326750d5838078e36cf38b85af677262	2026-09-25T04:15:48.1543620Z   sparse-checkout-cone-mode: true
Rust	Run actions/checkout@11d5960a326750d5838078e36cf38b85af677262	2026-09-25T04:15:48.1544073Z   fetch-depth: 1
Rust	Run actions/checkout@11d5960a326750d5838078e36cf38b85af677262	2026-09-25T04:15:48.1544450Z   fetch-tags: false
Rust	Run actions/checkout@11d5960a326750d5838078e36cf38b85af677262	2026-09-25T04:15:48.1544830Z   show-progress: true
Rust	Run actions/checkout@11d5960a326750d5838078e36cf38b85af677262	2026-09-25T04:15:48.1545229Z   lfs: false
Rust	Run actions/checkout@11d5960a326750d5838078e36cf38b85af677262	2026-09-25T04:15:48.1545583Z   submodules: false
Rust	Run actions/checkout@11d5960a326750d5838078e36cf38b85af677262	2026-09-25T04:15:48.1545992Z   set-safe-directory: true
Rust	Run actions/checkout@11d5960a326750d5838078e36cf38b85af677262	2026-09-25T04:15:48.1546424Z   allow-unsafe-pr-checkout: false
Rust	Run actions/checkout@11d5960a326750d5838078e36cf38b85af677262	2026-09-25T04:15:48.1547049Z env:
Rust	Run actions/checkout@11d5960a326750d5838078e36cf38b85af677262	2026-09-25T04:15:48.1547406Z   CARGO_TERM_COLOR: always
Rust	Run actions/checkout@11d5960a326750d5838078e36cf38b85af677262	2026-09-25T04:15:48.1547815Z   RUST_BACKTRACE: 1
Rust	Run actions/checkout@11d5960a326750d5838078e36cf38b85af677262	2026-09-25T04:15:48.1548187Z ##[endgroup]
Rust	Run actions/checkout@11d5960a326750d5838078e36cf38b85af677262	2026-09-25T04:15:48.2348210Z Syncing repository: jack0682/rx-solutions
Rust	Run actions/checkout@11d5960a326750d5838078e36cf38b85af677262	2026-09-25T04:15:48.2350022Z ##[group]Getting Git version info
Rust	Run actions/checkout@11d5960a326750d5838078e36cf38b85af677262	2026-09-25T04:15:48.2350785Z Working directory is '/home/runner/work/rx-solutions/rx-solutions'
Rust	Run actions/checkout@11d5960a326750d5838078e36cf38b85af677262	2026-09-25T04:15:48.2351845Z [command]/usr/bin/git version
Rust	Run actions/checkout@11d5960a326750d5838078e36cf38b85af677262	2026-09-25T04:15:48.2421899Z git version 2.55.0
Rust	Run actions/checkout@11d5960a326750d5838078e36cf38b85af677262	2026-09-25T04:15:48.2439786Z ##[endgroup]
Rust	Run actions/checkout@11d5960a326750d5838078e36cf38b85af677262	2026-09-25T04:15:48.2452482Z Temporarily overriding HOME='/home/runner/work/_temp/65f5bffd-cece-47bd-8902-065ed5742f68' before making global git config changes
Rust	Run actions/checkout@11d5960a326750d5838078e36cf38b85af677262	2026-09-25T04:15:48.2454676Z Adding repository directory to the temporary git global config as a safe directory
Rust	Run actions/checkout@11d5960a326750d5838078e36cf38b85af677262	2026-09-25T04:15:48.2457366Z [command]/usr/bin/git config --global --add safe.directory /home/runner/work/rx-solutions/rx-solutions
Rust	Run actions/checkout@11d5960a326750d5838078e36cf38b85af677262	2026-09-25T04:15:48.2501878Z Deleting the contents of '/home/runner/work/rx-solutions/rx-solutions'
Rust	Run actions/checkout@11d5960a326750d5838078e36cf38b85af677262	2026-09-25T04:15:48.2505326Z ##[group]Initializing the repository
Rust	Run actions/checkout@11d5960a326750d5838078e36cf38b85af677262	2026-09-25T04:15:48.2508973Z [command]/usr/bin/git init /home/runner/work/rx-solutions/rx-solutions
Rust	Run actions/checkout@11d5960a326750d5838078e36cf38b85af677262	2026-09-25T04:15:48.3646020Z hint: Using 'master' as the name for the initial branch. This default branch name
Rust	Run actions/checkout@11d5960a326750d5838078e36cf38b85af677262	2026-09-25T04:15:48.3647679Z hint: will change to "main" in Git 3.0. To configure the initial branch name
Rust	Run actions/checkout@11d5960a326750d5838078e36cf38b85af677262	2026-09-25T04:15:48.3648992Z hint: to use in all of your new repositories, which will suppress this warning,
Rust	Run actions/checkout@11d5960a326750d5838078e36cf38b85af677262	2026-09-25T04:15:48.3650005Z hint: call:
Rust	Run actions/checkout@11d5960a326750d5838078e36cf38b85af677262	2026-09-25T04:15:48.3650576Z hint:
Rust	Run actions/checkout@11d5960a326750d5838078e36cf38b85af677262	2026-09-25T04:15:48.3651312Z hint: 	git config --global init.defaultBranch <name>
Rust	Run actions/checkout@11d5960a326750d5838078e36cf38b85af677262	2026-09-25T04:15:48.3652195Z hint:
Rust	Run actions/checkout@11d5960a326750d5838078e36cf38b85af677262	2026-09-25T04:15:48.3653164Z hint: Names commonly chosen instead of 'master' are 'main', 'trunk' and
Rust	Run actions/checkout@11d5960a326750d5838078e36cf38b85af677262	2026-09-25T04:15:48.3654415Z hint: 'development'. The just-created branch can be renamed via this command:
Rust	Run actions/checkout@11d5960a326750d5838078e36cf38b85af677262	2026-09-25T04:15:48.3655475Z hint:
Rust	Run actions/checkout@11d5960a326750d5838078e36cf38b85af677262	2026-09-25T04:15:48.3656144Z hint: 	git branch -m <name>
Rust	Run actions/checkout@11d5960a326750d5838078e36cf38b85af677262	2026-09-25T04:15:48.3656831Z hint:
Rust	Run actions/checkout@11d5960a326750d5838078e36cf38b85af677262	2026-09-25T04:15:48.3657711Z hint: Disable this message with "git config set advice.defaultBranchName false"
Rust	Run actions/checkout@11d5960a326750d5838078e36cf38b85af677262	2026-09-25T04:15:48.3659179Z Initialized empty Git repository in /home/runner/work/rx-solutions/rx-solutions/.git/
Rust	Run actions/checkout@11d5960a326750d5838078e36cf38b85af677262	2026-09-25T04:15:48.3661770Z [command]/usr/bin/git remote add origin https://github.com/jack0682/rx-solutions
Rust	Run actions/checkout@11d5960a326750d5838078e36cf38b85af677262	2026-09-25T04:15:48.3742191Z ##[endgroup]
Rust	Run actions/checkout@11d5960a326750d5838078e36cf38b85af677262	2026-09-25T04:15:48.3743440Z ##[group]Disabling automatic garbage collection
Rust	Run actions/checkout@11d5960a326750d5838078e36cf38b85af677262	2026-09-25T04:15:48.3744299Z [command]/usr/bin/git config --local gc.auto 0
Rust	Run actions/checkout@11d5960a326750d5838078e36cf38b85af677262	2026-09-25T04:15:48.3746024Z ##[endgroup]
Rust	Run actions/checkout@11d5960a326750d5838078e36cf38b85af677262	2026-09-25T04:15:48.3746934Z ##[group]Setting up auth
Rust	Run actions/checkout@11d5960a326750d5838078e36cf38b85af677262	2026-09-25T04:15:48.3747820Z [command]/usr/bin/git config --local --name-only --get-regexp core\.sshCommand
Rust	Run actions/checkout@11d5960a326750d5838078e36cf38b85af677262	2026-09-25T04:15:48.3775570Z [command]/usr/bin/git submodule foreach --recursive sh -c "git config --local --name-only --get-regexp 'core\.sshCommand' && git config --local --unset-all 'core.sshCommand' || :"
Rust	Run actions/checkout@11d5960a326750d5838078e36cf38b85af677262	2026-09-25T04:15:48.4122824Z [command]/usr/bin/git config --local --name-only --get-regexp http\.https\:\/\/github\.com\/\.extraheader
Rust	Run actions/checkout@11d5960a326750d5838078e36cf38b85af677262	2026-09-25T04:15:48.4151917Z [command]/usr/bin/git submodule foreach --recursive sh -c "git config --local --name-only --get-regexp 'http\.https\:\/\/github\.com\/\.extraheader' && git config --local --unset-all 'http.https://github.com/.extraheader' || :"
Rust	Run actions/checkout@11d5960a326750d5838078e36cf38b85af677262	2026-09-25T04:15:48.4338132Z [command]/usr/bin/git config --local --name-only --get-regexp ^includeIf\.gitdir:
Rust	Run actions/checkout@11d5960a326750d5838078e36cf38b85af677262	2026-09-25T04:15:48.4367205Z [command]/usr/bin/git submodule foreach --recursive git config --local --show-origin --name-only --get-regexp remote.origin.url
Rust	Run actions/checkout@11d5960a326750d5838078e36cf38b85af677262	2026-09-25T04:15:48.4553977Z [command]/usr/bin/git config --local http.https://github.com/.extraheader AUTHORIZATION: basic ***
Rust	Run actions/checkout@11d5960a326750d5838078e36cf38b85af677262	2026-09-25T04:15:48.4587158Z ##[endgroup]
Rust	Run actions/checkout@11d5960a326750d5838078e36cf38b85af677262	2026-09-25T04:15:48.4594015Z ##[group]Fetching the repository
Rust	Run actions/checkout@11d5960a326750d5838078e36cf38b85af677262	2026-09-25T04:15:48.4595330Z [command]/usr/bin/git -c protocol.version=2 fetch --no-tags --prune --no-recurse-submodules --depth=1 origin +36c708543bc1f9db6ab8d914a3c0701710f5eadd:refs/remotes/pull/40/merge
Rust	Run actions/checkout@11d5960a326750d5838078e36cf38b85af677262	2026-09-25T04:15:49.4220689Z From https://github.com/jack0682/rx-solutions
Rust	Run actions/checkout@11d5960a326750d5838078e36cf38b85af677262	2026-09-25T04:15:49.4221983Z  * [new ref]         36c708543bc1f9db6ab8d914a3c0701710f5eadd -> pull/40/merge
Rust	Run actions/checkout@11d5960a326750d5838078e36cf38b85af677262	2026-09-25T04:15:49.4225187Z ##[endgroup]
Rust	Run actions/checkout@11d5960a326750d5838078e36cf38b85af677262	2026-09-25T04:15:49.4226256Z ##[group]Determining the checkout info
Rust	Run actions/checkout@11d5960a326750d5838078e36cf38b85af677262	2026-09-25T04:15:49.4227442Z ##[endgroup]
Rust	Run actions/checkout@11d5960a326750d5838078e36cf38b85af677262	2026-09-25T04:15:49.4231752Z [command]/usr/bin/git sparse-checkout disable
Rust	Run actions/checkout@11d5960a326750d5838078e36cf38b85af677262	2026-09-25T04:15:49.4273757Z [command]/usr/bin/git config --local --unset-all extensions.worktreeConfig
Rust	Run actions/checkout@11d5960a326750d5838078e36cf38b85af677262	2026-09-25T04:15:49.4308499Z ##[group]Checking out the ref
Rust	Run actions/checkout@11d5960a326750d5838078e36cf38b85af677262	2026-09-25T04:15:49.4310758Z [command]/usr/bin/git checkout --progress --force refs/remotes/pull/40/merge
Rust	Run actions/checkout@11d5960a326750d5838078e36cf38b85af677262	2026-09-25T04:15:49.4690773Z Note: switching to 'refs/remotes/pull/40/merge'.
Rust	Run actions/checkout@11d5960a326750d5838078e36cf38b85af677262	2026-09-25T04:15:49.4691819Z 
Rust	Run actions/checkout@11d5960a326750d5838078e36cf38b85af677262	2026-09-25T04:15:49.4692659Z You are in 'detached HEAD' state. You can look around, make experimental
Rust	Run actions/checkout@11d5960a326750d5838078e36cf38b85af677262	2026-09-25T04:15:49.4694972Z changes and commit them, and you can discard any commits you make in this
Rust	Run actions/checkout@11d5960a326750d5838078e36cf38b85af677262	2026-09-25T04:15:49.4697302Z state without impacting any branches by switching back to a branch.
Rust	Run actions/checkout@11d5960a326750d5838078e36cf38b85af677262	2026-09-25T04:15:49.4698614Z 
Rust	Run actions/checkout@11d5960a326750d5838078e36cf38b85af677262	2026-09-25T04:15:49.4699563Z If you want to create a new branch to retain commits you create, you may
Rust	Run actions/checkout@11d5960a326750d5838078e36cf38b85af677262	2026-09-25T04:15:49.4701698Z do so (now or later) by using -c with the switch command. Example:
Rust	Run actions/checkout@11d5960a326750d5838078e36cf38b85af677262	2026-09-25T04:15:49.4702686Z 
Rust	Run actions/checkout@11d5960a326750d5838078e36cf38b85af677262	2026-09-25T04:15:49.4703282Z   git switch -c <new-branch-name>
Rust	Run actions/checkout@11d5960a326750d5838078e36cf38b85af677262	2026-09-25T04:15:49.4703996Z 
Rust	Run actions/checkout@11d5960a326750d5838078e36cf38b85af677262	2026-09-25T04:15:49.4704445Z Or undo this operation with:
Rust	Run actions/checkout@11d5960a326750d5838078e36cf38b85af677262	2026-09-25T04:15:49.4705083Z 
Rust	Run actions/checkout@11d5960a326750d5838078e36cf38b85af677262	2026-09-25T04:15:49.4705488Z   git switch -
Rust	Run actions/checkout@11d5960a326750d5838078e36cf38b85af677262	2026-09-25T04:15:49.4706027Z 
Rust	Run actions/checkout@11d5960a326750d5838078e36cf38b85af677262	2026-09-25T04:15:49.4706856Z Turn off this advice by setting config variable advice.detachedHead to false
Rust	Run actions/checkout@11d5960a326750d5838078e36cf38b85af677262	2026-09-25T04:15:49.4708006Z 
Rust	Run actions/checkout@11d5960a326750d5838078e36cf38b85af677262	2026-09-25T04:15:49.4709481Z HEAD is now at 36c7085 Merge 5207f2c57503cb00c0f4f5d5b3ab959b2bcda1d1 into 6b92bab6af35dbbca3c3fdd16225a58e84ca26aa
Rust	Run actions/checkout@11d5960a326750d5838078e36cf38b85af677262	2026-09-25T04:15:49.4713542Z ##[endgroup]
Rust	Run actions/checkout@11d5960a326750d5838078e36cf38b85af677262	2026-09-25T04:15:49.4736531Z [command]/usr/bin/git log -1 --format=%H
Rust	Run actions/checkout@11d5960a326750d5838078e36cf38b85af677262	2026-09-25T04:15:49.4759286Z 36c708543bc1f9db6ab8d914a3c0701710f5eadd
Rust	Run actions/checkout@11d5960a326750d5838078e36cf38b85af677262	2026-09-25T04:15:49.4769298Z ##[group]Removing auth
Rust	Run actions/checkout@11d5960a326750d5838078e36cf38b85af677262	2026-09-25T04:15:49.4770787Z [command]/usr/bin/git config --local --name-only --get-regexp core\.sshCommand
Rust	Run actions/checkout@11d5960a326750d5838078e36cf38b85af677262	2026-09-25T04:15:49.4796839Z [command]/usr/bin/git submodule foreach --recursive sh -c "git config --local --name-only --get-regexp 'core\.sshCommand' && git config --local --unset-all 'core.sshCommand' || :"
Rust	Run actions/checkout@11d5960a326750d5838078e36cf38b85af677262	2026-09-25T04:15:49.4984128Z [command]/usr/bin/git config --local --name-only --get-regexp http\.https\:\/\/github\.com\/\.extraheader
Rust	Run actions/checkout@11d5960a326750d5838078e36cf38b85af677262	2026-09-25T04:15:49.5005744Z http.https://github.com/.extraheader
Rust	Run actions/checkout@11d5960a326750d5838078e36cf38b85af677262	2026-09-25T04:15:49.5011028Z [command]/usr/bin/git config --local --unset-all http.https://github.com/.extraheader
Rust	Run actions/checkout@11d5960a326750d5838078e36cf38b85af677262	2026-09-25T04:15:49.5040564Z [command]/usr/bin/git submodule foreach --recursive sh -c "git config --local --name-only --get-regexp 'http\.https\:\/\/github\.com\/\.extraheader' && git config --local --unset-all 'http.https://github.com/.extraheader' || :"
Rust	Run actions/checkout@11d5960a326750d5838078e36cf38b85af677262	2026-09-25T04:15:49.5222562Z [command]/usr/bin/git config --local --name-only --get-regexp ^includeIf\.gitdir:
Rust	Run actions/checkout@11d5960a326750d5838078e36cf38b85af677262	2026-09-25T04:15:49.5249817Z [command]/usr/bin/git submodule foreach --recursive git config --local --show-origin --name-only --get-regexp remote.origin.url
Rust	Run actions/checkout@11d5960a326750d5838078e36cf38b85af677262	2026-09-25T04:15:49.5432701Z ##[endgroup]
Rust	Install repository Rust toolchain	﻿2026-09-25T04:15:49.5645818Z ##[group]Run toolchain=$(python3 -c 'import tomllib; print(tomllib.load(open("rust-toolchain.toml", "rb"))["toolchain"]["channel"])')
Rust	Install repository Rust toolchain	2026-09-25T04:15:49.5648711Z ^[[36;1mtoolchain=$(python3 -c 'import tomllib; print(tomllib.load(open("rust-toolchain.toml", "rb"))["toolchain"]["channel"])')^[[0m
Rust	Install repository Rust toolchain	2026-09-25T04:15:49.5651263Z ^[[36;1mrustup toolchain install "$toolchain" --profile minimal --component rustfmt --component clippy^[[0m
Rust	Install repository Rust toolchain	2026-09-25T04:15:49.9700387Z shell: /usr/bin/bash --noprofile --norc -e -o pipefail {0}
Rust	Install repository Rust toolchain	2026-09-25T04:15:49.9700777Z env:
Rust	Install repository Rust toolchain	2026-09-25T04:15:49.9701067Z   CARGO_TERM_COLOR: always
Rust	Install repository Rust toolchain	2026-09-25T04:15:49.9701309Z   RUST_BACKTRACE: 1
Rust	Install repository Rust toolchain	2026-09-25T04:15:49.9701522Z ##[endgroup]
Rust	Install repository Rust toolchain	2026-09-25T04:15:50.1969510Z info: syncing channel updates for 1.98.1-x86_64-unknown-linux-gnu
Rust	Install repository Rust toolchain	2026-09-25T04:15:50.4988534Z info: latest update on 2026-09-03 for version 1.98.1 (48a229cea 2026-09-01)
Rust	Install repository Rust toolchain	2026-09-25T04:15:50.4989103Z info: downloading 5 components
Rust	Install repository Rust toolchain	2026-09-25T04:15:57.7192989Z 
Rust	Install repository Rust toolchain	2026-09-25T04:15:57.7253317Z   1.98.1-x86_64-unknown-linux-gnu installed - rustc 1.98.1 (48a229cea 2026-09-01)
Rust	Install repository Rust toolchain	2026-09-25T04:15:57.7253734Z 
Rust	Run actions/cache@0057852bfaa89a56745cba8c7296529d2fc39830	﻿2026-09-25T04:15:57.7828417Z ##[group]Run actions/cache@0057852bfaa89a56745cba8c7296529d2fc39830
Rust	Run actions/cache@0057852bfaa89a56745cba8c7296529d2fc39830	2026-09-25T04:15:57.7828722Z with:
Rust	Run actions/cache@0057852bfaa89a56745cba8c7296529d2fc39830	2026-09-25T04:15:57.7828985Z   path: ~/.cargo/registry/index
Rust	Run actions/cache@0057852bfaa89a56745cba8c7296529d2fc39830	~/.cargo/registry/cache
Rust	Run actions/cache@0057852bfaa89a56745cba8c7296529d2fc39830	~/.cargo/git/db
Rust	Run actions/cache@0057852bfaa89a56745cba8c7296529d2fc39830	target
Rust	Run actions/cache@0057852bfaa89a56745cba8c7296529d2fc39830	
Rust	Run actions/cache@0057852bfaa89a56745cba8c7296529d2fc39830	2026-09-25T04:15:57.7829434Z   key: Linux-X64-rust-c664943af370bcd20a9102601c45ca9216fa3176d71eb860699a13aa23a2495e
Rust	Run actions/cache@0057852bfaa89a56745cba8c7296529d2fc39830	2026-09-25T04:15:57.7829794Z   enableCrossOsArchive: false
Rust	Run actions/cache@0057852bfaa89a56745cba8c7296529d2fc39830	2026-09-25T04:15:57.7830007Z   fail-on-cache-miss: false
Rust	Run actions/cache@0057852bfaa89a56745cba8c7296529d2fc39830	2026-09-25T04:15:57.7830200Z   lookup-only: false
Rust	Run actions/cache@0057852bfaa89a56745cba8c7296529d2fc39830	2026-09-25T04:15:57.7830371Z   save-always: false
Rust	Run actions/cache@0057852bfaa89a56745cba8c7296529d2fc39830	2026-09-25T04:15:57.7830530Z env:
Rust	Run actions/cache@0057852bfaa89a56745cba8c7296529d2fc39830	2026-09-25T04:15:57.7830684Z   CARGO_TERM_COLOR: always
Rust	Run actions/cache@0057852bfaa89a56745cba8c7296529d2fc39830	2026-09-25T04:15:57.7830866Z   RUST_BACKTRACE: 1
Rust	Run actions/cache@0057852bfaa89a56745cba8c7296529d2fc39830	2026-09-25T04:15:57.7831030Z ##[endgroup]
Rust	Run actions/cache@0057852bfaa89a56745cba8c7296529d2fc39830	2026-09-25T04:15:57.8684352Z (node:2180) [DEP0040] DeprecationWarning: The `punycode` module is deprecated. Please use a userland alternative instead.
Rust	Run actions/cache@0057852bfaa89a56745cba8c7296529d2fc39830	2026-09-25T04:15:57.8685283Z (Use `node --trace-deprecation ...` to show where the warning was created)
Rust	Run actions/cache@0057852bfaa89a56745cba8c7296529d2fc39830	2026-09-25T04:15:58.0588121Z Cache not found for input keys: Linux-X64-rust-c664943af370bcd20a9102601c45ca9216fa3176d71eb860699a13aa23a2495e
Rust	Check Rust formatting	﻿2026-09-25T04:15:58.0660473Z ##[group]Run cargo fmt --all -- --check
Rust	Check Rust formatting	2026-09-25T04:15:58.0660755Z ^[[36;1mcargo fmt --all -- --check^[[0m
Rust	Check Rust formatting	2026-09-25T04:15:58.0716874Z shell: /usr/bin/bash --noprofile --norc -e -o pipefail {0}
Rust	Check Rust formatting	2026-09-25T04:15:58.0717153Z env:
Rust	Check Rust formatting	2026-09-25T04:15:58.0717344Z   CARGO_TERM_COLOR: always
Rust	Check Rust formatting	2026-09-25T04:15:58.0717534Z   RUST_BACKTRACE: 1
Rust	Check Rust formatting	2026-09-25T04:15:58.0717699Z ##[endgroup]
Rust	Check Rust lints	﻿2026-09-25T04:15:58.8919307Z ##[group]Run cargo clippy --workspace --all-targets --all-features --locked -- -D warnings
Rust	Check Rust lints	2026-09-25T04:15:58.8919835Z ^[[36;1mcargo clippy --workspace --all-targets --all-features --locked -- -D warnings^[[0m
Rust	Check Rust lints	2026-09-25T04:15:58.8975166Z shell: /usr/bin/bash --noprofile --norc -e -o pipefail {0}
Rust	Check Rust lints	2026-09-25T04:15:58.8975479Z env:
Rust	Check Rust lints	2026-09-25T04:15:58.8975648Z   CARGO_TERM_COLOR: always
Rust	Check Rust lints	2026-09-25T04:15:58.8975844Z   RUST_BACKTRACE: 1
Rust	Check Rust lints	2026-09-25T04:15:58.8976015Z ##[endgroup]
Rust	Check Rust lints	2026-09-25T04:15:58.9729788Z ^[[1m^[[92m    Updating^[[0m crates.io index
Rust	Check Rust lints	2026-09-25T04:15:59.3096603Z ^[[1m^[[92m Downloading^[[0m crates ...
Rust	Check Rust lints	2026-09-25T04:15:59.3734758Z ^[[1m^[[92m  Downloaded^[[0m anyhow v1.0.104
Rust	Check Rust lints	2026-09-25T04:15:59.3789064Z ^[[1m^[[92m  Downloaded^[[0m asn1-rs-derive v0.6.0
Rust	Check Rust lints	2026-09-25T04:15:59.3806386Z ^[[1m^[[92m  Downloaded^[[0m asn1-rs-impl v0.2.0
Rust	Check Rust lints	2026-09-25T04:15:59.3826928Z ^[[1m^[[92m  Downloaded^[[0m ambient-authority v0.0.2
Rust	Check Rust lints	2026-09-25T04:15:59.3947437Z ^[[1m^[[92m  Downloaded^[[0m asn1-rs v0.7.2
Rust	Check Rust lints	2026-09-25T04:15:59.4007061Z ^[[1m^[[92m  Downloaded^[[0m fixedbitset v0.5.7
Rust	Check Rust lints	2026-09-25T04:15:59.4038450Z ^[[1m^[[92m  Downloaded^[[0m cap-primitives v4.0.3
Rust	Check Rust lints	2026-09-25T04:15:59.4132673Z ^[[1m^[[92m  Downloaded^[[0m aho-corasick v1.1.5
Rust	Check Rust lints	2026-09-25T04:15:59.4177738Z ^[[1m^[[92m  Downloaded^[[0m getrandom v0.2.17
Rust	Check Rust lints	2026-09-25T04:15:59.4203318Z ^[[1m^[[92m  Downloaded^[[0m bitflags v2.13.2
Rust	Check Rust lints	2026-09-25T04:15:59.4242247Z ^[[1m^[[92m  Downloaded^[[0m async-trait v0.1.92
Rust	Check Rust lints	2026-09-25T04:15:59.4275054Z ^[[1m^[[92m  Downloaded^[[0m cpufeatures v0.2.17
Rust	Check Rust lints	2026-09-25T04:15:59.4286787Z ^[[1m^[[92m  Downloaded^[[0m generic-array v0.14.7
Rust	Check Rust lints	2026-09-25T04:15:59.4299670Z ^[[1m^[[92m  Downloaded^[[0m ed25519 v3.0.0
Rust	Check Rust lints	2026-09-25T04:15:59.4315540Z ^[[1m^[[92m  Downloaded^[[0m mime v0.3.17
Rust	Check Rust lints	2026-09-25T04:15:59.4327486Z ^[[1m^[[92m  Downloaded^[[0m digest v0.11.3
Rust	Check Rust lints	2026-09-25T04:15:59.4348306Z ^[[1m^[[92m  Downloaded^[[0m getrandom v0.4.3
Rust	Check Rust lints	2026-09-25T04:15:59.4380909Z ^[[1m^[[92m  Downloaded^[[0m mio v1.2.3
Rust	Check Rust lints	2026-09-25T04:15:59.4434906Z ^[[1m^[[92m  Downloaded^[[0m fallible-iterator v0.3.0
Rust	Check Rust lints	2026-09-25T04:15:59.4455421Z ^[[1m^[[92m  Downloaded^[[0m cap-std v4.0.3
Rust	Check Rust lints	2026-09-25T04:15:59.4488937Z ^[[1m^[[92m  Downloaded^[[0m base64 v0.23.1
Rust	Check Rust lints	2026-09-25T04:15:59.4540858Z ^[[1m^[[92m  Downloaded^[[0m axum-core v0.5.6
Rust	Check Rust lints	2026-09-25T04:15:59.4566673Z ^[[1m^[[92m  Downloaded^[[0m deranged v0.5.8
Rust	Check Rust lints	2026-09-25T04:15:59.4581307Z ^[[1m^[[92m  Downloaded^[[0m der-parser v10.0.0
Rust	Check Rust lints	2026-09-25T04:15:59.4629380Z ^[[1m^[[92m  Downloaded^[[0m unicode-ident v1.0.24
Rust	Check Rust lints	2026-09-25T04:15:59.4653796Z ^[[1m^[[92m  Downloaded^[[0m minimal-lexical v0.2.1
Rust	Check Rust lints	2026-09-25T04:15:59.4712805Z ^[[1m^[[92m  Downloaded^[[0m num-conv v0.2.2
Rust	Check Rust lints	2026-09-25T04:15:59.4722341Z ^[[1m^[[92m  Downloaded^[[0m bytes v1.12.1
Rust	Check Rust lints	2026-09-25T04:15:59.4765603Z ^[[1m^[[92m  Downloaded^[[0m hashbrown v0.17.1
Rust	Check Rust lints	2026-09-25T04:15:59.4822113Z ^[[1m^[[92m  Downloaded^[[0m num-bigint v0.4.8
Rust	Check Rust lints	2026-09-25T04:15:59.4863904Z ^[[1m^[[92m  Downloaded^[[0m log v0.4.34
Rust	Check Rust lints	2026-09-25T04:15:59.4887825Z ^[[1m^[[92m  Downloaded^[[0m atomic-waker v1.1.2
Rust	Check Rust lints	2026-09-25T04:15:59.4898480Z ^[[1m^[[92m  Downloaded^[[0m http-body-util v0.1.5
Rust	Check Rust lints	2026-09-25T04:15:59.4916500Z ^[[1m^[[92m  Downloaded^[[0m displaydoc v0.2.7
Rust	Check Rust lints	2026-09-25T04:15:59.4934746Z ^[[1m^[[92m  Downloaded^[[0m itoa v1.0.18
Rust	Check Rust lints	2026-09-25T04:15:59.4947337Z ^[[1m^[[92m  Downloaded^[[0m h2 v0.4.19
Rust	Check Rust lints	2026-09-25T04:15:59.5008782Z ^[[1m^[[92m  Downloaded^[[0m tokio-util v0.7.19
Rust	Check Rust lints	2026-09-25T04:15:59.5082514Z ^[[1m^[[92m  Downloaded^[[0m digest v0.10.7
Rust	Check Rust lints	2026-09-25T04:15:59.5100291Z ^[[1m^[[92m  Downloaded^[[0m cpufeatures v0.3.1
Rust	Check Rust lints	2026-09-25T04:15:59.5113968Z ^[[1m^[[92m  Downloaded^[[0m pin-project v1.1.13
Rust	Check Rust lints	2026-09-25T04:15:59.5235876Z ^[[1m^[[92m  Downloaded^[[0m crypto-common v0.1.7
Rust	Check Rust lints	2026-09-25T04:15:59.5242723Z ^[[1m^[[92m  Downloaded^[[0m memchr v2.8.3
Rust	Check Rust lints	2026-09-25T04:15:59.5293171Z ^[[1m^[[92m  Downloaded^[[0m http v1.5.0
Rust	Check Rust lints	2026-09-25T04:15:59.5333913Z ^[[1m^[[92m  Downloaded^[[0m base64 v0.22.1
Rust	Check Rust lints	2026-09-25T04:15:59.5370039Z ^[[1m^[[92m  Downloaded^[[0m block-buffer v0.10.4
Rust	Check Rust lints	2026-09-25T04:15:59.5378613Z ^[[1m^[[92m  Downloaded^[[0m io-lifetimes v2.0.4
Rust	Check Rust lints	2026-09-25T04:15:59.5391915Z ^[[1m^[[92m  Downloaded^[[0m autocfg v1.5.1
Rust	Check Rust lints	2026-09-25T04:15:59.5410473Z ^[[1m^[[92m  Downloaded^[[0m cfg-if v1.0.4
Rust	Check Rust lints	2026-09-25T04:15:59.5422101Z ^[[1m^[[92m  Downloaded^[[0m equivalent v1.0.2
Rust	Check Rust lints	2026-09-25T04:15:59.5430549Z ^[[1m^[[92m  Downloaded^[[0m foldhash v0.1.5
Rust	Check Rust lints	2026-09-25T04:15:59.5441734Z ^[[1m^[[92m  Downloaded^[[0m fs-set-times v0.20.3
Rust	Check Rust lints	2026-09-25T04:15:59.5454116Z ^[[1m^[[92m  Downloaded^[[0m futures-util v0.3.34
Rust	Check Rust lints	2026-09-25T04:15:59.5594274Z ^[[1m^[[92m  Downloaded^[[0m hashlink v0.12.2
Rust	Check Rust lints	2026-09-25T04:15:59.5616937Z ^[[1m^[[92m  Downloaded^[[0m hyper-timeout v0.5.2
Rust	Check Rust lints	2026-09-25T04:15:59.5637157Z ^[[1m^[[92m  Downloaded^[[0m lazy_static v1.5.0
Rust	Check Rust lints	2026-09-25T04:15:59.5657135Z ^[[1m^[[92m  Downloaded^[[0m matchit v0.8.4
Rust	Check Rust lints	2026-09-25T04:15:59.5680263Z ^[[1m^[[92m  Downloaded^[[0m multimap v0.10.1
Rust	Check Rust lints	2026-09-25T04:15:59.5691122Z ^[[1m^[[92m  Downloaded^[[0m percent-encoding v2.3.2
Rust	Check Rust lints	2026-09-25T04:15:59.5698960Z ^[[1m^[[92m  Downloaded^[[0m pin-project-internal v1.1.13
Rust	Check Rust lints	2026-09-25T04:15:59.5711586Z ^[[1m^[[92m  Downloaded^[[0m axum v0.8.9
Rust	Check Rust lints	2026-09-25T04:15:59.5797016Z ^[[1m^[[92m  Downloaded^[[0m crypto-common v0.2.2
Rust	Check Rust lints	2026-09-25T04:15:59.5807150Z ^[[1m^[[92m  Downloaded^[[0m data-encoding v2.11.1
Rust	Check Rust lints	2026-09-25T04:15:59.5815554Z ^[[1m^[[92m  Downloaded^[[0m indexmap v2.14.2
Rust	Check Rust lints	2026-09-25T04:15:59.5863397Z ^[[1m^[[92m  Downloaded^[[0m foldhash v0.2.0
Rust	Check Rust lints	2026-09-25T04:15:59.5875509Z ^[[1m^[[92m  Downloaded^[[0m curve25519-dalek v5.0.0
Rust	Check Rust lints	2026-09-25T04:15:59.5970325Z ^[[1m^[[92m  Downloaded^[[0m find-msvc-tools v0.1.12
Rust	Check Rust lints	2026-09-25T04:15:59.5984050Z ^[[1m^[[92m  Downloaded^[[0m futures-core v0.3.34
Rust	Check Rust lints	2026-09-25T04:15:59.5995062Z ^[[1m^[[92m  Downloaded^[[0m heck v0.5.0
Rust	Check Rust lints	2026-09-25T04:15:59.6005504Z ^[[1m^[[92m  Downloaded^[[0m hybrid-array v0.4.15
Rust	Check Rust lints	2026-09-25T04:15:59.6026484Z ^[[1m^[[92m  Downloaded^[[0m hyper-util v0.1.20
Rust	Check Rust lints	2026-09-25T04:15:59.6077989Z ^[[1m^[[92m  Downloaded^[[0m io-extras v0.19.0
Rust	Check Rust lints	2026-09-25T04:15:59.6096018Z ^[[1m^[[92m  Downloaded^[[0m oid-registry v0.8.1
Rust	Check Rust lints	2026-09-25T04:15:59.6106072Z ^[[1m^[[92m  Downloaded^[[0m block-buffer v0.12.1
Rust	Check Rust lints	2026-09-25T04:15:59.6115898Z ^[[1m^[[92m  Downloaded^[[0m errno v0.3.14
Rust	Check Rust lints	2026-09-25T04:15:59.6128421Z ^[[1m^[[92m  Downloaded^[[0m futures-channel v0.3.34
Rust	Check Rust lints	2026-09-25T04:15:59.6143690Z ^[[1m^[[92m  Downloaded^[[0m futures-task v0.3.34
Rust	Check Rust lints	2026-09-25T04:15:59.6153399Z ^[[1m^[[92m  Downloaded^[[0m httparse v1.10.1
Rust	Check Rust lints	2026-09-25T04:15:59.6173603Z ^[[1m^[[92m  Downloaded^[[0m ipnet v2.12.2
Rust	Check Rust lints	2026-09-25T04:15:59.6187688Z ^[[1m^[[92m  Downloaded^[[0m fnv v1.0.7
Rust	Check Rust lints	2026-09-25T04:15:59.6194989Z ^[[1m^[[92m  Downloaded^[[0m futures-sink v0.3.34
Rust	Check Rust lints	2026-09-25T04:15:59.6201524Z ^[[1m^[[92m  Downloaded^[[0m httpdate v1.0.3
Rust	Check Rust lints	2026-09-25T04:15:59.6211158Z ^[[1m^[[92m  Downloaded^[[0m num-integer v0.1.47
Rust	Check Rust lints	2026-09-25T04:15:59.6223954Z ^[[1m^[[92m  Downloaded^[[0m cap-fs-ext v4.0.3
Rust	Check Rust lints	2026-09-25T04:15:59.6236881Z ^[[1m^[[92m  Downloaded^[[0m ed25519-dalek v3.0.0
Rust	Check Rust lints	2026-09-25T04:15:59.6264097Z ^[[1m^[[92m  Downloaded^[[0m fastrand v2.5.0
Rust	Check Rust lints	2026-09-25T04:15:59.6275423Z ^[[1m^[[92m  Downloaded^[[0m nom v7.1.3
Rust	Check Rust lints	2026-09-25T04:15:59.6318057Z ^[[1m^[[92m  Downloaded^[[0m pem v4.0.0
Rust	Check Rust lints	2026-09-25T04:15:59.6329100Z ^[[1m^[[92m  Downloaded^[[0m prettyplease v0.2.37
Rust	Check Rust lints	2026-09-25T04:15:59.6357225Z ^[[1m^[[92m  Downloaded^[[0m prost-derive v0.14.4
Rust	Check Rust lints	2026-09-25T04:15:59.6367856Z ^[[1m^[[92m  Downloaded^[[0m http-body v1.1.0
Rust	Check Rust lints	2026-09-25T04:15:59.6376204Z ^[[1m^[[92m  Downloaded^[[0m io-lifetimes v3.0.1
Rust	Check Rust lints	2026-09-25T04:15:59.6389515Z ^[[1m^[[92m  Downloaded^[[0m petgraph v0.8.3
Rust	Check Rust lints	2026-09-25T04:15:59.6555331Z ^[[1m^[[92m  Downloaded^[[0m itertools v0.14.0
Rust	Check Rust lints	2026-09-25T04:15:59.6611758Z ^[[1m^[[92m  Downloaded^[[0m num-traits v0.2.19
Rust	Check Rust lints	2026-09-25T04:15:59.6632825Z ^[[1m^[[92m  Downloaded^[[0m powerfmt v0.2.0
Rust	Check Rust lints	2026-09-25T04:15:59.6641806Z ^[[1m^[[92m  Downloaded^[[0m either v1.18.0
Rust	Check Rust lints	2026-09-25T04:15:59.6653782Z ^[[1m^[[92m  Downloaded^[[0m fallible-streaming-iterator v0.1.9
Rust	Check Rust lints	2026-09-25T04:15:59.6662516Z ^[[1m^[[92m  Downloaded^[[0m bit-vec v0.9.1
Rust	Check Rust lints	2026-09-25T04:15:59.6676480Z ^[[1m^[[92m  Downloaded^[[0m once_cell v1.21.4
Rust	Check Rust lints	2026-09-25T04:15:59.6697048Z ^[[1m^[[92m  Downloaded^[[0m cc v1.4.5
Rust	Check Rust lints	2026-09-25T04:15:59.6722000Z ^[[1m^[[92m  Downloaded^[[0m synstructure v0.13.2
Rust	Check Rust lints	2026-09-25T04:15:59.6730424Z ^[[1m^[[92m  Downloaded^[[0m tokio-macros v2.7.2
Rust	Check Rust lints	2026-09-25T04:15:59.6739093Z ^[[1m^[[92m  Downloaded^[[0m tonic-build v0.14.6
Rust	Check Rust lints	2026-09-25T04:15:59.6748466Z ^[[1m^[[92m  Downloaded^[[0m semver v1.0.28
Rust	Check Rust lints	2026-09-25T04:15:59.6767327Z ^[[1m^[[92m  Downloaded^[[0m thiserror-impl v2.0.20
Rust	Check Rust lints	2026-09-25T04:15:59.6779056Z ^[[1m^[[92m  Downloaded^[[0m slab v0.4.12
Rust	Check Rust lints	2026-09-25T04:15:59.6789859Z ^[[1m^[[92m  Downloaded^[[0m proc-macro2 v1.0.107
Rust	Check Rust lints	2026-09-25T04:15:59.6813894Z ^[[1m^[[92m  Downloaded^[[0m curve25519-dalek-derive v0.1.1
Rust	Check Rust lints	2026-09-25T04:15:59.6822449Z ^[[1m^[[92m  Downloaded^[[0m serde_derive v1.0.229
Rust	Check Rust lints	2026-09-25T04:15:59.6847185Z ^[[1m^[[92m  Downloaded^[[0m pin-project-lite v0.2.17
Rust	Check Rust lints	2026-09-25T04:15:59.6895128Z ^[[1m^[[92m  Downloaded^[[0m untrusted v0.9.0
Rust	Check Rust lints	2026-09-25T04:15:59.6909126Z ^[[1m^[[92m  Downloaded^[[0m time-core v0.1.9
Rust	Check Rust lints	2026-09-25T04:15:59.6917944Z ^[[1m^[[92m  Downloaded^[[0m tonic-prost v0.14.6
Rust	Check Rust lints	2026-09-25T04:15:59.6925958Z ^[[1m^[[92m  Downloaded^[[0m try-lock v0.2.5
Rust	Check Rust lints	2026-09-25T04:15:59.6933422Z ^[[1m^[[92m  Downloaded^[[0m serde_jcs v0.2.0
Rust	Check Rust lints	2026-09-25T04:15:59.6953001Z ^[[1m^[[92m  Downloaded^[[0m uuid v1.26.1
Rust	Check Rust lints	2026-09-25T04:15:59.6978087Z ^[[1m^[[92m  Downloaded^[[0m pulldown-cmark-to-cmark v22.0.1
Rust	Check Rust lints	2026-09-25T04:15:59.6989099Z ^[[1m^[[92m  Downloaded^[[0m tokio-stream v0.1.19
Rust	Check Rust lints	2026-09-25T04:15:59.7031248Z ^[[1m^[[92m  Downloaded^[[0m tonic v0.14.6
Rust	Check Rust lints	2026-09-25T04:15:59.7080509Z ^[[1m^[[92m  Downloaded^[[0m maybe-owned v0.3.4
Rust	Check Rust lints	2026-09-25T04:15:59.7091233Z ^[[1m^[[92m  Downloaded^[[0m signature v3.0.0
Rust	Check Rust lints	2026-09-25T04:15:59.7102082Z ^[[1m^[[92m  Downloaded^[[0m rustix-linux-procfs v0.1.1
Rust	Check Rust lints	2026-09-25T04:15:59.7112047Z ^[[1m^[[92m  Downloaded^[[0m serde_core v1.0.229
Rust	Check Rust lints	2026-09-25T04:15:59.7134229Z ^[[1m^[[92m  Downloaded^[[0m version_check v0.9.5
Rust	Check Rust lints	2026-09-25T04:15:59.7144662Z ^[[1m^[[92m  Downloaded^[[0m typenum v1.20.1
Rust	Check Rust lints	2026-09-25T04:15:59.7172958Z ^[[1m^[[92m  Downloaded^[[0m rusqlite v0.40.2
Rust	Check Rust lints	2026-09-25T04:15:59.7227886Z ^[[1m^[[92m  Downloaded^[[0m hyper v1.11.1
Rust	Check Rust lints	2026-09-25T04:15:59.7284096Z ^[[1m^[[92m  Downloaded^[[0m want v0.3.1
Rust	Check Rust lints	2026-09-25T04:15:59.7292216Z ^[[1m^[[92m  Downloaded^[[0m hashbrown v0.15.5
Rust	Check Rust lints	2026-09-25T04:15:59.7331911Z ^[[1m^[[92m  Downloaded^[[0m sync_wrapper v1.0.2
Rust	Check Rust lints	2026-09-25T04:15:59.7339089Z ^[[1m^[[92m  Downloaded^[[0m rusticata-macros v4.1.0
Rust	Check Rust lints	2026-09-25T04:15:59.7351327Z ^[[1m^[[92m  Downloaded^[[0m sha2 v0.10.9
Rust	Check Rust lints	2026-09-25T04:15:59.7371827Z ^[[1m^[[92m  Downloaded^[[0m tower-layer v0.3.3
Rust	Check Rust lints	2026-09-25T04:15:59.7379806Z ^[[1m^[[92m  Downloaded^[[0m tower-service v0.3.3
Rust	Check Rust lints	2026-09-25T04:15:59.7386050Z ^[[1m^[[92m  Downloaded^[[0m tracing-attributes v0.1.31
Rust	Check Rust lints	2026-09-25T04:15:59.7407298Z ^[[1m^[[92m  Downloaded^[[0m pkg-config v0.3.34
Rust	Check Rust lints	2026-09-25T04:15:59.7419714Z ^[[1m^[[92m  Downloaded^[[0m ryu-js v0.2.2
Rust	Check Rust lints	2026-09-25T04:15:59.7444996Z ^[[1m^[[92m  Downloaded^[[0m sha2 v0.11.0
Rust	Check Rust lints	2026-09-25T04:15:59.7476597Z ^[[1m^[[92m  Downloaded^[[0m tonic-prost-build v0.14.6
Rust	Check Rust lints	2026-09-25T04:15:59.7484896Z ^[[1m^[[92m  Downloaded^[[0m protoc-bin-vendored v3.2.0
Rust	Check Rust lints	2026-09-25T04:15:59.7492569Z ^[[1m^[[92m  Downloaded^[[0m pulldown-cmark v0.13.4
Rust	Check Rust lints	2026-09-25T04:15:59.7535465Z ^[[1m^[[92m  Downloaded^[[0m socket2 v0.6.5
Rust	Check Rust lints	2026-09-25T04:15:59.7551338Z ^[[1m^[[92m  Downloaded^[[0m zmij v1.0.23
Rust	Check Rust lints	2026-09-25T04:15:59.7565788Z ^[[1m^[[92m  Downloaded^[[0m rustls-webpki v0.103.15
Rust	Check Rust lints	2026-09-25T04:15:59.7590579Z ^[[1m^[[92m  Downloaded^[[0m subtle v2.6.1
Rust	Check Rust lints	2026-09-25T04:15:59.7599962Z ^[[1m^[[92m  Downloaded^[[0m time-macros v0.2.32
Rust	Check Rust lints	2026-09-25T04:15:59.7619429Z ^[[1m^[[92m  Downloaded^[[0m vcpkg v0.2.15
Rust	Check Rust lints	2026-09-25T04:15:59.8076828Z ^[[1m^[[92m  Downloaded^[[0m prost v0.14.4
Rust	Check Rust lints	2026-09-25T04:15:59.8090131Z ^[[1m^[[92m  Downloaded^[[0m prost-build v0.14.4
Rust	Check Rust lints	2026-09-25T04:15:59.8119062Z ^[[1m^[[92m  Downloaded^[[0m serde v1.0.229
Rust	Check Rust lints	2026-09-25T04:15:59.8147297Z ^[[1m^[[92m  Downloaded^[[0m tracing-core v0.1.36
Rust	Check Rust lints	2026-09-25T04:15:59.8171122Z ^[[1m^[[92m  Downloaded^[[0m unicase v2.9.0
Rust	Check Rust lints	2026-09-25T04:15:59.8182365Z ^[[1m^[[92m  Downloaded^[[0m prost-reflect v0.16.5
Rust	Check Rust lints	2026-09-25T04:15:59.8312642Z ^[[1m^[[92m  Downloaded^[[0m serde_json v1.0.151
Rust	Check Rust lints	2026-09-25T04:15:59.8372208Z ^[[1m^[[92m  Downloaded^[[0m tokio-rustls v0.26.5
Rust	Check Rust lints	2026-09-25T04:15:59.8385499Z ^[[1m^[[92m  Downloaded^[[0m libc v0.2.189
Rust	Check Rust lints	2026-09-25T04:15:59.8737763Z ^[[1m^[[92m  Downloaded^[[0m rustc_version v0.4.1
Rust	Check Rust lints	2026-09-25T04:15:59.8748408Z ^[[1m^[[92m  Downloaded^[[0m smallvec v1.16.0
Rust	Check Rust lints	2026-09-25T04:15:59.8759377Z ^[[1m^[[92m  Downloaded^[[0m regex v1.13.1
Rust	Check Rust lints	2026-09-25T04:15:59.8803152Z ^[[1m^[[92m  Downloaded^[[0m shlex v2.0.1
Rust	Check Rust lints	2026-09-25T04:15:59.8813828Z ^[[1m^[[92m  Downloaded^[[0m thiserror v2.0.20
Rust	Check Rust lints	2026-09-25T04:15:59.8866524Z ^[[1m^[[92m  Downloaded^[[0m tempfile v3.27.0
Rust	Check Rust lints	2026-09-25T04:15:59.8887129Z ^[[1m^[[92m  Downloaded^[[0m yasna v0.6.0
Rust	Check Rust lints	2026-09-25T04:15:59.8905200Z ^[[1m^[[92m  Downloaded^[[0m zeroize v1.9.0
Rust	Check Rust lints	2026-09-25T04:15:59.8917754Z ^[[1m^[[92m  Downloaded^[[0m signal-hook-registry v1.4.8
Rust	Check Rust lints	2026-09-25T04:15:59.8927400Z ^[[1m^[[92m  Downloaded^[[0m prost-types v0.14.4
Rust	Check Rust lints	2026-09-25T04:15:59.8941150Z ^[[1m^[[92m  Downloaded^[[0m rcgen v0.14.10
Rust	Check Rust lints	2026-09-25T04:15:59.8960153Z ^[[1m^[[92m  Downloaded^[[0m tower v0.5.3
Rust	Check Rust lints	2026-09-25T04:15:59.9042550Z ^[[1m^[[92m  Downloaded^[[0m quote v1.0.47
Rust	Check Rust lints	2026-09-25T04:15:59.9064556Z ^[[1m^[[92m  Downloaded^[[0m rustls-pki-types v1.15.1
Rust	Check Rust lints	2026-09-25T04:15:59.9085469Z ^[[1m^[[92m  Downloaded^[[0m protoc-bin-vendored-linux-aarch_64 v3.2.0
Rust	Check Rust lints	2026-09-25T04:15:59.9385033Z ^[[1m^[[92m  Downloaded^[[0m syn v3.0.5
Rust	Check Rust lints	2026-09-25T04:15:59.9471880Z ^[[1m^[[92m  Downloaded^[[0m x509-parser v0.18.1
Rust	Check Rust lints	2026-09-25T04:15:59.9519934Z ^[[1m^[[92m  Downloaded^[[0m time v0.3.55
Rust	Check Rust lints	2026-09-25T04:15:59.9638898Z ^[[1m^[[92m  Downloaded^[[0m linux-raw-sys v0.12.1
Rust	Check Rust lints	2026-09-25T04:16:00.0185073Z ^[[1m^[[92m  Downloaded^[[0m rustls v0.23.44
Rust	Check Rust lints	2026-09-25T04:16:00.0281906Z ^[[1m^[[92m  Downloaded^[[0m syn v2.0.119
Rust	Check Rust lints	2026-09-25T04:16:00.0368492Z ^[[1m^[[92m  Downloaded^[[0m rustix v1.1.4
Rust	Check Rust lints	2026-09-25T04:16:00.0591434Z ^[[1m^[[92m  Downloaded^[[0m regex-syntax v0.8.11
Rust	Check Rust lints	2026-09-25T04:16:00.0646687Z ^[[1m^[[92m  Downloaded^[[0m regex-automata v0.4.18
Rust	Check Rust lints	2026-09-25T04:16:00.0761670Z ^[[1m^[[92m  Downloaded^[[0m tracing v0.1.44
Rust	Check Rust lints	2026-09-25T04:16:00.0897267Z ^[[1m^[[92m  Downloaded^[[0m tokio v1.53.1
Rust	Check Rust lints	2026-09-25T04:16:00.1268405Z ^[[1m^[[92m  Downloaded^[[0m libsqlite3-sys v0.38.2
Rust	Check Rust lints	2026-09-25T04:16:00.1771770Z ^[[1m^[[92m  Downloaded^[[0m ring v0.17.14
Rust	Check Rust lints	2026-09-25T04:16:00.2118944Z ^[[1m^[[92m  Downloaded^[[0m protoc-bin-vendored-macos-aarch_64 v3.2.0
Rust	Check Rust lints	2026-09-25T04:16:00.2349715Z ^[[1m^[[92m  Downloaded^[[0m protoc-bin-vendored-macos-x86_64 v3.2.0
Rust	Check Rust lints	2026-09-25T04:16:00.2588044Z ^[[1m^[[92m  Downloaded^[[0m protoc-bin-vendored-linux-x86_32 v3.2.0
Rust	Check Rust lints	2026-09-25T04:16:00.2919064Z ^[[1m^[[92m  Downloaded^[[0m protoc-bin-vendored-linux-x86_64 v3.2.0
Rust	Check Rust lints	2026-09-25T04:16:00.3219765Z ^[[1m^[[92m  Downloaded^[[0m protoc-bin-vendored-linux-ppcle_64 v3.2.0
Rust	Check Rust lints	2026-09-25T04:16:00.3554743Z ^[[1m^[[92m  Downloaded^[[0m protoc-bin-vendored-win32 v3.2.0
Rust	Check Rust lints	2026-09-25T04:16:00.3869349Z ^[[1m^[[92m  Downloaded^[[0m protoc-bin-vendored-linux-s390_64 v3.2.0
Rust	Check Rust lints	2026-09-25T04:16:00.5721858Z ^[[1m^[[92m   Compiling^[[0m proc-macro2 v1.0.107
Rust	Check Rust lints	2026-09-25T04:16:00.5722398Z ^[[1m^[[92m   Compiling^[[0m unicode-ident v1.0.24
Rust	Check Rust lints	2026-09-25T04:16:00.5722813Z ^[[1m^[[92m   Compiling^[[0m quote v1.0.47
Rust	Check Rust lints	2026-09-25T04:16:00.5724307Z ^[[1m^[[92m   Compiling^[[0m libc v0.2.189
Rust	Check Rust lints	2026-09-25T04:16:00.6254336Z ^[[1m^[[92m   Compiling^[[0m version_check v0.9.5
Rust	Check Rust lints	2026-09-25T04:16:00.7547748Z ^[[1m^[[92m   Compiling^[[0m generic-array v0.14.7
Rust	Check Rust lints	2026-09-25T04:16:00.8114585Z ^[[1m^[[92m    Checking^[[0m itoa v1.0.18
Rust	Check Rust lints	2026-09-25T04:16:00.8337263Z ^[[1m^[[92m    Checking^[[0m cfg-if v1.0.4
Rust	Check Rust lints	2026-09-25T04:16:00.8661070Z ^[[1m^[[92m   Compiling^[[0m serde_core v1.0.229
Rust	Check Rust lints	2026-09-25T04:16:00.8816033Z ^[[1m^[[92m    Checking^[[0m once_cell v1.21.4
Rust	Check Rust lints	2026-09-25T04:16:00.9667827Z ^[[1m^[[92m    Checking^[[0m typenum v1.20.1
Rust	Check Rust lints	2026-09-25T04:16:01.0184075Z ^[[1m^[[92m   Compiling^[[0m zmij v1.0.23
Rust	Check Rust lints	2026-09-25T04:16:01.4784179Z ^[[1m^[[92m   Compiling^[[0m syn v3.0.5
Rust	Check Rust lints	2026-09-25T04:16:01.5194073Z ^[[1m^[[92m   Compiling^[[0m syn v2.0.119
Rust	Check Rust lints	2026-09-25T04:16:01.6614012Z ^[[1m^[[92m   Compiling^[[0m getrandom v0.4.3
Rust	Check Rust lints	2026-09-25T04:16:01.7824089Z ^[[1m^[[92m    Checking^[[0m memchr v2.8.3
Rust	Check Rust lints	2026-09-25T04:16:02.0624787Z ^[[1m^[[92m   Compiling^[[0m serde v1.0.229
Rust	Check Rust lints	2026-09-25T04:16:02.2134196Z ^[[1m^[[92m   Compiling^[[0m serde_json v1.0.151
Rust	Check Rust lints	2026-09-25T04:16:02.2875457Z ^[[1m^[[92m   Compiling^[[0m thiserror v2.0.20
Rust	Check Rust lints	2026-09-25T04:16:02.7544335Z ^[[1m^[[92m    Checking^[[0m bitflags v2.13.2
Rust	Check Rust lints	2026-09-25T04:16:02.8364812Z ^[[1m^[[92m   Compiling^[[0m rustix v1.1.4
Rust	Check Rust lints	2026-09-25T04:16:03.0594130Z ^[[1m^[[92m    Checking^[[0m linux-raw-sys v0.12.1
Rust	Check Rust lints	2026-09-25T04:16:03.2872019Z ^[[1m^[[92m    Checking^[[0m zeroize v1.9.0
Rust	Check Rust lints	2026-09-25T04:16:03.4998276Z ^[[1m^[[92m    Checking^[[0m block-buffer v0.10.4
Rust	Check Rust lints	2026-09-25T04:16:03.5479791Z ^[[1m^[[92m    Checking^[[0m crypto-common v0.1.7
Rust	Check Rust lints	2026-09-25T04:16:03.6544258Z ^[[1m^[[92m    Checking^[[0m digest v0.10.7
Rust	Check Rust lints	2026-09-25T04:16:03.7434015Z ^[[1m^[[92m    Checking^[[0m cpufeatures v0.2.17
Rust	Check Rust lints	2026-09-25T04:16:03.7693871Z ^[[1m^[[92m    Checking^[[0m ryu-js v0.2.2
Rust	Check Rust lints	2026-09-25T04:16:03.8304207Z ^[[1m^[[92m    Checking^[[0m sha2 v0.10.9
Rust	Check Rust lints	2026-09-25T04:16:03.9834626Z ^[[1m^[[92m    Checking^[[0m uuid v1.26.1
Rust	Check Rust lints	2026-09-25T04:16:04.1844545Z ^[[1m^[[92m    Checking^[[0m subtle v2.6.1
Rust	Check Rust lints	2026-09-25T04:16:04.2494667Z ^[[1m^[[92m    Checking^[[0m hybrid-array v0.4.15
Rust	Check Rust lints	2026-09-25T04:16:04.4974247Z ^[[1m^[[92m   Compiling^[[0m serde_derive v1.0.229
Rust	Check Rust lints	2026-09-25T04:16:04.6504393Z ^[[1m^[[92m   Compiling^[[0m thiserror-impl v2.0.20
Rust	Check Rust lints	2026-09-25T04:16:05.1754061Z ^[[1m^[[92m   Compiling^[[0m io-lifetimes v2.0.4
Rust	Check Rust lints	2026-09-25T04:16:05.3034146Z ^[[1m^[[92m   Compiling^[[0m io-lifetimes v3.0.1
Rust	Check Rust lints	2026-09-25T04:16:05.3946270Z ^[[1m^[[92m   Compiling^[[0m semver v1.0.28
Rust	Check Rust lints	2026-09-25T04:16:05.4274363Z ^[[1m^[[92m   Compiling^[[0m io-extras v0.19.0
Rust	Check Rust lints	2026-09-25T04:16:05.5644210Z ^[[1m^[[92m   Compiling^[[0m rustc_version v0.4.1
Rust	Check Rust lints	2026-09-25T04:16:05.6034915Z ^[[1m^[[92m    Checking^[[0m crypto-common v0.2.2
Rust	Check Rust lints	2026-09-25T04:16:05.6201545Z ^[[1m^[[92m    Checking^[[0m block-buffer v0.12.1
Rust	Check Rust lints	2026-09-25T04:16:05.6944237Z ^[[1m^[[92m    Checking^[[0m bytes v1.12.1
Rust	Check Rust lints	2026-09-25T04:16:05.7104064Z ^[[1m^[[92m   Compiling^[[0m cap-primitives v4.0.3
Rust	Check Rust lints	2026-09-25T04:16:05.9264291Z ^[[1m^[[92m   Compiling^[[0m curve25519-dalek v5.0.0
Rust	Check Rust lints	2026-09-25T04:16:05.9834417Z ^[[1m^[[92m    Checking^[[0m fs-set-times v0.20.3
Rust	Check Rust lints	2026-09-25T04:16:06.0260636Z ^[[1m^[[92m    Checking^[[0m rustix-linux-procfs v0.1.1
Rust	Check Rust lints	2026-09-25T04:16:06.0574194Z ^[[1m^[[92m    Checking^[[0m digest v0.11.3
Rust	Check Rust lints	2026-09-25T04:16:06.0784188Z ^[[1m^[[92m   Compiling^[[0m cap-std v4.0.3
Rust	Check Rust lints	2026-09-25T04:16:06.0914638Z ^[[1m^[[92m    Checking^[[0m ambient-authority v0.0.2
Rust	Check Rust lints	2026-09-25T04:16:06.1161358Z ^[[1m^[[92m    Checking^[[0m ipnet v2.12.2
Rust	Check Rust lints	2026-09-25T04:16:06.1205707Z ^[[1m^[[92m    Checking^[[0m cpufeatures v0.3.1
Rust	Check Rust lints	2026-09-25T04:16:06.1434268Z ^[[1m^[[92m    Checking^[[0m maybe-owned v0.3.4
Rust	Check Rust lints	2026-09-25T04:16:06.2431621Z ^[[1m^[[92m   Compiling^[[0m curve25519-dalek-derive v0.1.1
Rust	Check Rust lints	2026-09-25T04:16:06.2483694Z ^[[1m^[[92m    Checking^[[0m signature v3.0.0
Rust	Check Rust lints	2026-09-25T04:16:06.2833912Z ^[[1m^[[92m   Compiling^[[0m cap-fs-ext v4.0.3
Rust	Check Rust lints	2026-09-25T04:16:06.4085243Z ^[[1m^[[92m    Checking^[[0m fastrand v2.5.0
Rust	Check Rust lints	2026-09-25T04:16:06.4990879Z ^[[1m^[[92m    Checking^[[0m tempfile v3.27.0
Rust	Check Rust lints	2026-09-25T04:16:06.6371925Z ^[[1m^[[92m    Checking^[[0m ed25519 v3.0.0
Rust	Check Rust lints	2026-09-25T04:16:06.6434873Z ^[[1m^[[92m    Checking^[[0m sha2 v0.11.0
Rust	Check Rust lints	2026-09-25T04:16:06.6814753Z ^[[1m^[[92m   Compiling^[[0m find-msvc-tools v0.1.12
Rust	Check Rust lints	2026-09-25T04:16:06.8120501Z ^[[1m^[[92m    Checking^[[0m pin-project-lite v0.2.17
Rust	Check Rust lints	2026-09-25T04:16:06.8427363Z ^[[1m^[[92m   Compiling^[[0m shlex v2.0.1
Rust	Check Rust lints	2026-09-25T04:16:06.9304186Z ^[[1m^[[92m   Compiling^[[0m cc v1.4.5
Rust	Check Rust lints	2026-09-25T04:16:07.1088701Z ^[[1m^[[92m    Checking^[[0m ed25519-dalek v3.0.0
Rust	Check Rust lints	2026-09-25T04:16:07.1871581Z ^[[1m^[[92m    Checking^[[0m errno v0.3.14
Rust	Check Rust lints	2026-09-25T04:16:07.2015026Z ^[[1m^[[92m    Checking^[[0m serde_jcs v0.2.0
Rust	Check Rust lints	2026-09-25T04:16:07.2334543Z ^[[1m^[[92m    Checking^[[0m foldhash v0.2.0
Rust	Check Rust lints	2026-09-25T04:16:07.2454197Z ^[[1m^[[92m    Checking^[[0m signal-hook-registry v1.4.8
Rust	Check Rust lints	2026-09-25T04:16:07.2614557Z ^[[1m^[[92m    Checking^[[0m rx-domain v0.1.0 (/home/runner/work/rx-solutions/rx-solutions/sdk/crates/rx-domain)
Rust	Check Rust lints	2026-09-25T04:16:07.2930409Z ^[[1m^[[92m    Checking^[[0m hashbrown v0.17.1
Rust	Check Rust lints	2026-09-25T04:16:07.3310261Z ^[[1m^[[92m   Compiling^[[0m tokio-macros v2.7.2
Rust	Check Rust lints	2026-09-25T04:16:07.6564441Z ^[[1m^[[92m    Checking^[[0m mio v1.2.3
Rust	Check Rust lints	2026-09-25T04:16:07.7254252Z ^[[1m^[[92m    Checking^[[0m socket2 v0.6.5
Rust	Check Rust lints	2026-09-25T04:16:07.8494795Z ^[[1m^[[92m    Checking^[[0m smallvec v1.16.0
Rust	Check Rust lints	2026-09-25T04:16:07.9324621Z ^[[1m^[[92m    Checking^[[0m tokio v1.53.1
Rust	Check Rust lints	2026-09-25T04:16:07.9464542Z ^[[1m^[[92m   Compiling^[[0m vcpkg v0.2.15
Rust	Check Rust lints	2026-09-25T04:16:08.0354856Z ^[[1m^[[92m   Compiling^[[0m pkg-config v0.3.34
Rust	Check Rust lints	2026-09-25T04:16:08.3814341Z ^[[1m^[[92m    Checking^[[0m hashlink v0.12.2
Rust	Check Rust lints	2026-09-25T04:16:08.4014392Z ^[[1m^[[92m   Compiling^[[0m libsqlite3-sys v0.38.2
Rust	Check Rust lints	2026-09-25T04:16:08.5485060Z ^[[1m^[[92m    Checking^[[0m rx-ports v0.1.0 (/home/runner/work/rx-solutions/rx-solutions/sdk/crates/rx-ports)
Rust	Check Rust lints	2026-09-25T04:16:08.5513756Z ^[[1m^[[92m    Checking^[[0m fallible-iterator v0.3.0
Rust	Check Rust lints	2026-09-25T04:16:08.7187067Z ^[[1m^[[92m    Checking^[[0m rx-package v0.1.0 (/home/runner/work/rx-solutions/rx-solutions/sdk/crates/rx-package)
Rust	Check Rust lints	2026-09-25T04:16:08.7404146Z ^[[1m^[[92m    Checking^[[0m fallible-streaming-iterator v0.1.9
Rust	Check Rust lints	2026-09-25T04:16:08.7898326Z ^[[1m^[[92m    Checking^[[0m rx-service-status v0.1.0 (/home/runner/work/rx-solutions/rx-solutions/runtime/rx-service-status)
Rust	Check Rust lints	2026-09-25T04:16:09.0744277Z ^[[1m^[[92m    Checking^[[0m futures-core v0.3.34
Rust	Check Rust lints	2026-09-25T04:16:09.1234282Z ^[[1m^[[92m   Compiling^[[0m anyhow v1.0.104
Rust	Check Rust lints	2026-09-25T04:16:09.2924132Z ^[[1m^[[92m   Compiling^[[0m either v1.18.0
Rust	Check Rust lints	2026-09-25T04:16:09.4284482Z ^[[1m^[[92m   Compiling^[[0m itertools v0.14.0
Rust	Check Rust lints	2026-09-25T04:16:09.9184596Z ^[[1m^[[92m    Checking^[[0m rx-process-contract v0.1.0 (/home/runner/work/rx-solutions/rx-solutions/sdk/crates/rx-process-contract)
Rust	Check Rust lints	2026-09-25T04:16:10.4474663Z ^[[1m^[[92m   Compiling^[[0m prost-derive v0.14.4
Rust	Check Rust lints	2026-09-25T04:16:10.7404234Z ^[[1m^[[92m    Checking^[[0m http v1.5.0
Rust	Check Rust lints	2026-09-25T04:16:11.1784396Z ^[[1m^[[92m   Compiling^[[0m ring v0.17.14
Rust	Check Rust lints	2026-09-25T04:16:11.4833218Z ^[[1m^[[92m   Compiling^[[0m tracing-attributes v0.1.31
Rust	Check Rust lints	2026-09-25T04:16:11.4973033Z ^[[1m^[[92m    Checking^[[0m tracing-core v0.1.36
Rust	Check Rust lints	2026-09-25T04:16:11.6372351Z ^[[1m^[[92m    Checking^[[0m slab v0.4.12
Rust	Check Rust lints	2026-09-25T04:16:11.7535201Z ^[[1m^[[92m    Checking^[[0m equivalent v1.0.2
Rust	Check Rust lints	2026-09-25T04:16:11.7954136Z ^[[1m^[[92m    Checking^[[0m futures-sink v0.3.34
Rust	Check Rust lints	2026-09-25T04:16:12.3824127Z ^[[1m^[[92m    Checking^[[0m tracing v0.1.44
Rust	Check Rust lints	2026-09-25T04:16:12.4584090Z ^[[1m^[[92m    Checking^[[0m tokio-util v0.7.19
Rust	Check Rust lints	2026-09-25T04:16:12.5184031Z ^[[1m^[[92m    Checking^[[0m indexmap v2.14.2
Rust	Check Rust lints	2026-09-25T04:16:12.9933899Z ^[[1m^[[92m    Checking^[[0m http-body v1.1.0
Rust	Check Rust lints	2026-09-25T04:16:13.1480493Z ^[[1m^[[92m    Checking^[[0m getrandom v0.2.17
Rust	Check Rust lints	2026-09-25T04:16:13.2034140Z ^[[1m^[[92m   Compiling^[[0m prettyplease v0.2.37
Rust	Check Rust lints	2026-09-25T04:16:13.2465137Z ^[[1m^[[92m   Compiling^[[0m pulldown-cmark v0.13.4
Rust	Check Rust lints	2026-09-25T04:16:13.3149546Z ^[[1m^[[92m    Checking^[[0m futures-task v0.3.34
Rust	Check Rust lints	2026-09-25T04:16:13.3664232Z ^[[1m^[[92m    Checking^[[0m untrusted v0.9.0
Rust	Check Rust lints	2026-09-25T04:16:13.4114276Z ^[[1m^[[92m   Compiling^[[0m httparse v1.10.1
Rust	Check Rust lints	2026-09-25T04:16:13.5423799Z ^[[1m^[[92m    Checking^[[0m tower-service v0.3.3
Rust	Check Rust lints	2026-09-25T04:16:13.6094311Z ^[[1m^[[92m    Checking^[[0m futures-util v0.3.34
Rust	Check Rust lints	2026-09-25T04:16:14.4514525Z ^[[1m^[[92m    Checking^[[0m rustls-pki-types v1.15.1
Rust	Check Rust lints	2026-09-25T04:16:14.6232465Z ^[[1m^[[92m    Checking^[[0m fnv v1.0.7
Rust	Check Rust lints	2026-09-25T04:16:14.6482674Z ^[[1m^[[92m   Compiling^[[0m unicase v2.9.0
Rust	Check Rust lints	2026-09-25T04:16:14.7321284Z ^[[1m^[[92m   Compiling^[[0m regex-syntax v0.8.11
Rust	Check Rust lints	2026-09-25T04:16:15.3449414Z ^[[1m^[[92m   Compiling^[[0m foldhash v0.1.5
Rust	Check Rust lints	2026-09-25T04:16:15.4125579Z ^[[1m^[[92m    Checking^[[0m atomic-waker v1.1.2
Rust	Check Rust lints	2026-09-25T04:16:15.6928771Z ^[[1m^[[92m    Checking^[[0m try-lock v0.2.5
Rust	Check Rust lints	2026-09-25T04:16:15.7200799Z ^[[1m^[[92m    Checking^[[0m want v0.3.1
Rust	Check Rust lints	2026-09-25T04:16:16.1112189Z ^[[1m^[[92m   Compiling^[[0m regex-automata v0.4.18
Rust	Check Rust lints	2026-09-25T04:16:16.9364892Z ^[[1m^[[92m    Checking^[[0m h2 v0.4.19
Rust	Check Rust lints	2026-09-25T04:16:17.2626619Z ^[[1m^[[92m   Compiling^[[0m hashbrown v0.15.5
Rust	Check Rust lints	2026-09-25T04:16:17.5250160Z ^[[1m^[[92m   Compiling^[[0m prost v0.14.4
Rust	Check Rust lints	2026-09-25T04:16:18.7014901Z ^[[1m^[[92m    Checking^[[0m futures-channel v0.3.34
Rust	Check Rust lints	2026-09-25T04:16:18.9931753Z ^[[1m^[[92m    Checking^[[0m httpdate v1.0.3
Rust	Check Rust lints	2026-09-25T04:16:19.0394173Z ^[[1m^[[92m    Checking^[[0m tower-layer v0.3.3
Rust	Check Rust lints	2026-09-25T04:16:19.0936052Z ^[[1m^[[92m   Compiling^[[0m rustls v0.23.44
Rust	Check Rust lints	2026-09-25T04:16:19.1414128Z ^[[1m^[[92m    Checking^[[0m sync_wrapper v1.0.2
Rust	Check Rust lints	2026-09-25T04:16:19.2362723Z ^[[1m^[[92m   Compiling^[[0m fixedbitset v0.5.7
Rust	Check Rust lints	2026-09-25T04:16:19.5977497Z ^[[1m^[[92m   Compiling^[[0m petgraph v0.8.3
Rust	Check Rust lints	2026-09-25T04:16:20.1001749Z ^[[1m^[[92m    Checking^[[0m hyper v1.11.1
Rust	Check Rust lints	2026-09-25T04:16:20.5415251Z ^[[1m^[[92m   Compiling^[[0m pulldown-cmark-to-cmark v22.0.1
Rust	Check Rust lints	2026-09-25T04:16:20.6374297Z ^[[1m^[[92m   Compiling^[[0m prost-types v0.14.4
Rust	Check Rust lints	2026-09-25T04:16:20.6711680Z ^[[1m^[[92m   Compiling^[[0m regex v1.13.1
Rust	Check Rust lints	2026-09-25T04:16:20.8584988Z ^[[1m^[[92m    Checking^[[0m http-body-util v0.1.5
Rust	Check Rust lints	2026-09-25T04:16:20.9581664Z ^[[1m^[[92m    Checking^[[0m rx-solution-catalog v0.1.0 (/home/runner/work/rx-solutions/rx-solutions/runtime/rx-solution-catalog)
Rust	Check Rust lints	2026-09-25T04:16:21.1458746Z ^[[1m^[[92m   Compiling^[[0m multimap v0.10.1
Rust	Check Rust lints	2026-09-25T04:16:21.2039553Z ^[[1m^[[92m   Compiling^[[0m log v0.4.34
Rust	Check Rust lints	2026-09-25T04:16:21.2441130Z ^[[1m^[[92m   Compiling^[[0m heck v0.5.0
Rust	Check Rust lints	2026-09-25T04:16:21.3188640Z ^[[1m^[[92m    Checking^[[0m mime v0.3.17
Rust	Check Rust lints	2026-09-25T04:16:21.3232268Z ^[[1m^[[92m   Compiling^[[0m prost-build v0.14.4
Rust	Check Rust lints	2026-09-25T04:16:21.3835116Z ^[[1m^[[92m    Checking^[[0m axum-core v0.5.6
Rust	Check Rust lints	2026-09-25T04:16:22.0221954Z ^[[1m^[[92m    Checking^[[0m hyper-util v0.1.20
Rust	Check Rust lints	2026-09-25T04:16:22.0263179Z ^[[1m^[[92m    Checking^[[0m tower v0.5.3
Rust	Check Rust lints	2026-09-25T04:16:22.3114227Z ^[[1m^[[92m    Checking^[[0m rusqlite v0.40.2
Rust	Check Rust lints	2026-09-25T04:16:22.4730774Z ^[[1m^[[92m   Compiling^[[0m tonic-build v0.14.6
Rust	Check Rust lints	2026-09-25T04:16:22.9544549Z ^[[1m^[[92m    Checking^[[0m rx-storage v0.1.0 (/home/runner/work/rx-solutions/rx-solutions/sdk/crates/rx-storage)
Rust	Check Rust lints	2026-09-25T04:16:22.9874420Z ^[[1m^[[92m   Compiling^[[0m pin-project-internal v1.1.13
Rust	Check Rust lints	2026-09-25T04:16:23.0374832Z ^[[1m^[[92m   Compiling^[[0m protoc-bin-vendored-macos-x86_64 v3.2.0
Rust	Check Rust lints	2026-09-25T04:16:23.0817214Z ^[[1m^[[92m   Compiling^[[0m protoc-bin-vendored-win32 v3.2.0
Rust	Check Rust lints	2026-09-25T04:16:23.1174157Z ^[[1m^[[92m    Checking^[[0m percent-encoding v2.3.2
Rust	Check Rust lints	2026-09-25T04:16:23.1524250Z ^[[1m^[[92m   Compiling^[[0m protoc-bin-vendored-linux-s390_64 v3.2.0
Rust	Check Rust lints	2026-09-25T04:16:23.1679998Z ^[[1m^[[92m   Compiling^[[0m protoc-bin-vendored-linux-x86_64 v3.2.0
Rust	Check Rust lints	2026-09-25T04:16:23.1899759Z ^[[1m^[[92m   Compiling^[[0m protoc-bin-vendored-linux-ppcle_64 v3.2.0
Rust	Check Rust lints	2026-09-25T04:16:23.2043207Z ^[[1m^[[92m    Checking^[[0m rustls-webpki v0.103.15
Rust	Check Rust lints	2026-09-25T04:16:23.2111661Z ^[[1m^[[92m   Compiling^[[0m protoc-bin-vendored-macos-aarch_64 v3.2.0
Rust	Check Rust lints	2026-09-25T04:16:23.2272074Z ^[[1m^[[92m   Compiling^[[0m protoc-bin-vendored-linux-aarch_64 v3.2.0
Rust	Check Rust lints	2026-09-25T04:16:23.2639567Z ^[[1m^[[92m    Checking^[[0m matchit v0.8.4
Rust	Check Rust lints	2026-09-25T04:16:23.2724293Z ^[[1m^[[92m   Compiling^[[0m protoc-bin-vendored-linux-x86_32 v3.2.0
Rust	Check Rust lints	2026-09-25T04:16:23.3114713Z ^[[1m^[[92m   Compiling^[[0m protoc-bin-vendored v3.2.0
Rust	Check Rust lints	2026-09-25T04:16:23.3656038Z ^[[1m^[[92m   Compiling^[[0m tonic-prost-build v0.14.6
Rust	Check Rust lints	2026-09-25T04:16:23.3831914Z ^[[1m^[[92m    Checking^[[0m axum v0.8.9
Rust	Check Rust lints	2026-09-25T04:16:23.6834271Z ^[[1m^[[92m    Checking^[[0m hyper-timeout v0.5.2
Rust	Check Rust lints	2026-09-25T04:16:23.7234531Z ^[[1m^[[92m    Checking^[[0m pin-project v1.1.13
Rust	Check Rust lints	2026-09-25T04:16:23.7494249Z ^[[1m^[[92m    Checking^[[0m tokio-stream v0.1.19
Rust	Check Rust lints	2026-09-25T04:16:23.7914352Z ^[[1m^[[92m   Compiling^[[0m async-trait v0.1.92
Rust	Check Rust lints	2026-09-25T04:16:24.0194148Z ^[[1m^[[92m    Checking^[[0m base64 v0.22.1
Rust	Check Rust lints	2026-09-25T04:16:24.1785055Z ^[[1m^[[92m   Compiling^[[0m rx-protocol v0.1.0 (/home/runner/work/rx-solutions/rx-solutions/sdk/crates/rx-protocol)
Rust	Check Rust lints	2026-09-25T04:16:25.0034201Z ^[[1m^[[92m    Checking^[[0m prost-reflect v0.16.5
Rust	Check Rust lints	2026-09-25T04:16:25.5476653Z ^[[1m^[[92m    Checking^[[0m rx-process v0.1.0 (/home/runner/work/rx-solutions/rx-solutions/runtime/rx-process)
Rust	Check Rust lints	2026-09-25T04:16:25.5518805Z ^[[1m^[[92m    Checking^[[0m tokio-rustls v0.26.5
Rust	Check Rust lints	2026-09-25T04:16:25.5815160Z ^[[1m^[[92m   Compiling^[[0m rx-host v0.1.0 (/home/runner/work/rx-solutions/rx-solutions/runtime/rx-host)
Rust	Check Rust lints	2026-09-25T04:16:25.6595019Z ^[[1m^[[92m    Checking^[[0m rx-melsec-mc v0.1.0 (/home/runner/work/rx-solutions/rx-solutions/drivers/rx-melsec-mc)
Rust	Check Rust lints	2026-09-25T04:16:25.6746306Z ^[[1m^[[92m    Checking^[[0m tonic v0.14.6
Rust	Check Rust lints	2026-09-25T04:16:25.8794406Z ^[[1m^[[92m    Checking^[[0m rx-supervisor v0.1.0 (/home/runner/work/rx-solutions/rx-solutions/runtime/rx-supervisor)
Rust	Check Rust lints	2026-09-25T04:16:25.9964097Z ^[[1m^[[92m    Checking^[[0m deranged v0.5.8
Rust	Check Rust lints	2026-09-25T04:16:26.2164491Z ^[[1m^[[92m    Checking^[[0m time-core v0.1.9
Rust	Check Rust lints	2026-09-25T04:16:26.3194520Z ^[[1m^[[92m    Checking^[[0m num-conv v0.2.2
Rust	Check Rust lints	2026-09-25T04:16:26.3884421Z ^[[1m^[[92m    Checking^[[0m powerfmt v0.2.0
Rust	Check Rust lints	2026-09-25T04:16:26.4574195Z ^[[1m^[[92m    Checking^[[0m base64 v0.23.1
Rust	Check Rust lints	2026-09-25T04:16:26.6034526Z ^[[1m^[[92m    Checking^[[0m pem v4.0.0
Rust	Check Rust lints	2026-09-25T04:16:26.6714653Z ^[[1m^[[92m    Checking^[[0m rx-process-package v0.1.0 (/home/runner/work/rx-solutions/rx-solutions/runtime/rx-process-package)
Rust	Check Rust lints	2026-09-25T04:16:26.7226542Z ^[[1m^[[92m    Checking^[[0m tonic-prost v0.14.6
Rust	Check Rust lints	2026-09-25T04:16:26.7414687Z ^[[1m^[[92m    Checking^[[0m time v0.3.55
Rust	Check Rust lints	2026-09-25T04:16:27.0404150Z ^[[1m^[[92m    Checking^[[0m yasna v0.6.0
Rust	Check Rust lints	2026-09-25T04:16:27.2994533Z ^[[1m^[[92m    Checking^[[0m rcgen v0.14.10
Rust	Check Rust lints	2026-09-25T04:16:30.7089459Z ^[[1m^[[92m    Checking^[[0m rx-executor v0.1.0 (/home/runner/work/rx-solutions/rx-solutions/runtime/rx-executor)
Rust	Check Rust lints	2026-09-25T04:16:34.8345069Z ^[[1m^[[92m    Checking^[[0m rx-device-package v0.1.0 (/home/runner/work/rx-solutions/rx-solutions/runtime/rx-device-package)
Rust	Check Rust lints	2026-09-25T04:16:36.2643768Z ^[[1m^[[92m    Finished^[[0m `dev` profile [unoptimized + debuginfo] target(s) in 37.32s
Rust	Test Rust workspace	﻿2026-09-25T04:16:36.3399981Z ##[group]Run cargo test --workspace --all-features --locked
Rust	Test Rust workspace	2026-09-25T04:16:36.3400345Z ^[[36;1mcargo test --workspace --all-features --locked^[[0m
Rust	Test Rust workspace	2026-09-25T04:16:36.3455269Z shell: /usr/bin/bash --noprofile --norc -e -o pipefail {0}
Rust	Test Rust workspace	2026-09-25T04:16:36.3455546Z env:
Rust	Test Rust workspace	2026-09-25T04:16:36.3455711Z   CARGO_TERM_COLOR: always
Rust	Test Rust workspace	2026-09-25T04:16:36.3455902Z   RUST_BACKTRACE: 1
Rust	Test Rust workspace	2026-09-25T04:16:36.3456073Z ##[endgroup]
Rust	Test Rust workspace	2026-09-25T04:16:36.5930584Z ^[[1m^[[92m   Compiling^[[0m cfg-if v1.0.4
Rust	Test Rust workspace	2026-09-25T04:16:36.5931198Z ^[[1m^[[92m   Compiling^[[0m libc v0.2.189
Rust	Test Rust workspace	2026-09-25T04:16:36.5932039Z ^[[1m^[[92m   Compiling^[[0m itoa v1.0.18
Rust	Test Rust workspace	2026-09-25T04:16:36.5963733Z ^[[1m^[[92m   Compiling^[[0m memchr v2.8.3
Rust	Test Rust workspace	2026-09-25T04:16:36.6169042Z ^[[1m^[[92m   Compiling^[[0m bitflags v2.13.2
Rust	Test Rust workspace	2026-09-25T04:16:36.6994098Z ^[[1m^[[92m   Compiling^[[0m serde_core v1.0.229
Rust	Test Rust workspace	2026-09-25T04:16:36.7465457Z ^[[1m^[[92m   Compiling^[[0m once_cell v1.21.4
Rust	Test Rust workspace	2026-09-25T04:16:36.8703088Z ^[[1m^[[92m   Compiling^[[0m typenum v1.20.1
Rust	Test Rust workspace	2026-09-25T04:16:37.1754220Z ^[[1m^[[92m   Compiling^[[0m zmij v1.0.23
Rust	Test Rust workspace	2026-09-25T04:16:37.3196035Z ^[[1m^[[92m   Compiling^[[0m cpufeatures v0.2.17
Rust	Test Rust workspace	2026-09-25T04:16:37.3414656Z ^[[1m^[[92m   Compiling^[[0m thiserror v2.0.20
Rust	Test Rust workspace	2026-09-25T04:16:37.3774233Z ^[[1m^[[92m   Compiling^[[0m linux-raw-sys v0.12.1
Rust	Test Rust workspace	2026-09-25T04:16:37.4174766Z ^[[1m^[[92m   Compiling^[[0m getrandom v0.4.3
Rust	Test Rust workspace	2026-09-25T04:16:37.5224214Z ^[[1m^[[92m   Compiling^[[0m zeroize v1.9.0
Rust	Test Rust workspace	2026-09-25T04:16:37.5734046Z ^[[1m^[[92m   Compiling^[[0m generic-array v0.14.7
Rust	Test Rust workspace	2026-09-25T04:16:37.6314776Z ^[[1m^[[92m   Compiling^[[0m rustix v1.1.4
Rust	Test Rust workspace	2026-09-25T04:16:37.6464081Z ^[[1m^[[92m   Compiling^[[0m fastrand v2.5.0
Rust	Test Rust workspace	2026-09-25T04:16:37.7724400Z ^[[1m^[[92m   Compiling^[[0m ryu-js v0.2.2
Rust	Test Rust workspace	2026-09-25T04:16:37.8732043Z ^[[1m^[[92m   Compiling^[[0m subtle v2.6.1
Rust	Test Rust workspace	2026-09-25T04:16:37.9544157Z ^[[1m^[[92m   Compiling^[[0m hybrid-array v0.4.15
Rust	Test Rust workspace	2026-09-25T04:16:37.9764263Z ^[[1m^[[92m   Compiling^[[0m block-buffer v0.10.4
Rust	Test Rust workspace	2026-09-25T04:16:38.0296942Z ^[[1m^[[92m   Compiling^[[0m crypto-common v0.1.7
Rust	Test Rust workspace	2026-09-25T04:16:38.1114455Z ^[[1m^[[92m   Compiling^[[0m digest v0.10.7
Rust	Test Rust workspace	2026-09-25T04:16:38.2264618Z ^[[1m^[[92m   Compiling^[[0m sha2 v0.10.9
Rust	Test Rust workspace	2026-09-25T04:16:38.3604347Z ^[[1m^[[92m   Compiling^[[0m io-lifetimes v3.0.1
Rust	Test Rust workspace	2026-09-25T04:16:38.4134178Z ^[[1m^[[92m   Compiling^[[0m io-lifetimes v2.0.4
Rust	Test Rust workspace	2026-09-25T04:16:38.4594270Z ^[[1m^[[92m   Compiling^[[0m serde v1.0.229
Rust	Test Rust workspace	2026-09-25T04:16:38.4979723Z ^[[1m^[[92m   Compiling^[[0m serde_json v1.0.151
Rust	Test Rust workspace	2026-09-25T04:16:38.5046384Z ^[[1m^[[92m   Compiling^[[0m uuid v1.26.1
Rust	Test Rust workspace	2026-09-25T04:16:38.8432760Z ^[[1m^[[92m   Compiling^[[0m crypto-common v0.2.2
Rust	Test Rust workspace	2026-09-25T04:16:38.8753359Z ^[[1m^[[92m   Compiling^[[0m block-buffer v0.12.1
Rust	Test Rust workspace	2026-09-25T04:16:38.9504639Z ^[[1m^[[92m   Compiling^[[0m io-extras v0.19.0
Rust	Test Rust workspace	2026-09-25T04:16:39.0164241Z ^[[1m^[[92m   Compiling^[[0m ambient-authority v0.0.2
Rust	Test Rust workspace	2026-09-25T04:16:39.0434164Z ^[[1m^[[92m   Compiling^[[0m cpufeatures v0.3.1
Rust	Test Rust workspace	2026-09-25T04:16:39.0704289Z ^[[1m^[[92m   Compiling^[[0m maybe-owned v0.3.4
Rust	Test Rust workspace	2026-09-25T04:16:39.1604322Z ^[[1m^[[92m   Compiling^[[0m ipnet v2.12.2
Rust	Test Rust workspace	2026-09-25T04:16:39.5411765Z ^[[1m^[[92m   Compiling^[[0m serde_jcs v0.2.0
Rust	Test Rust workspace	2026-09-25T04:16:39.6654916Z ^[[1m^[[92m   Compiling^[[0m rx-domain v0.1.0 (/home/runner/work/rx-solutions/rx-solutions/sdk/crates/rx-domain)
Rust	Test Rust workspace	2026-09-25T04:16:39.7324705Z ^[[1m^[[92m   Compiling^[[0m digest v0.11.3
Rust	Test Rust workspace	2026-09-25T04:16:39.7405018Z ^[[1m^[[92m   Compiling^[[0m signature v3.0.0
Rust	Test Rust workspace	2026-09-25T04:16:39.7804620Z ^[[1m^[[92m   Compiling^[[0m ed25519 v3.0.0
Rust	Test Rust workspace	2026-09-25T04:16:39.8154478Z ^[[1m^[[92m   Compiling^[[0m sha2 v0.11.0
Rust	Test Rust workspace	2026-09-25T04:16:39.8560863Z ^[[1m^[[92m   Compiling^[[0m curve25519-dalek v5.0.0
Rust	Test Rust workspace	2026-09-25T04:16:40.5294739Z ^[[1m^[[92m   Compiling^[[0m rustix-linux-procfs v0.1.1
Rust	Test Rust workspace	2026-09-25T04:16:40.6844294Z ^[[1m^[[92m   Compiling^[[0m fs-set-times v0.20.3
Rust	Test Rust workspace	2026-09-25T04:16:40.7444847Z ^[[1m^[[92m   Compiling^[[0m cap-primitives v4.0.3
Rust	Test Rust workspace	2026-09-25T04:16:40.7654881Z ^[[1m^[[92m   Compiling^[[0m tempfile v3.27.0
Rust	Test Rust workspace	2026-09-25T04:16:40.8354266Z ^[[1m^[[92m   Compiling^[[0m bytes v1.12.1
Rust	Test Rust workspace	2026-09-25T04:16:41.0933601Z ^[[1m^[[92m   Compiling^[[0m cap-std v4.0.3
Rust	Test Rust workspace	2026-09-25T04:16:41.2764568Z ^[[1m^[[92m   Compiling^[[0m rx-ports v0.1.0 (/home/runner/work/rx-solutions/rx-solutions/sdk/crates/rx-ports)
Rust	Test Rust workspace	2026-09-25T04:16:41.3324613Z ^[[1m^[[92m   Compiling^[[0m cap-fs-ext v4.0.3
Rust	Test Rust workspace	2026-09-25T04:16:41.3814838Z ^[[1m^[[92m   Compiling^[[0m ed25519-dalek v3.0.0
Rust	Test Rust workspace	2026-09-25T04:16:41.3853799Z ^[[1m^[[92m   Compiling^[[0m semver v1.0.28
Rust	Test Rust workspace	2026-09-25T04:16:41.4934192Z ^[[1m^[[92m   Compiling^[[0m pin-project-lite v0.2.17
Rust	Test Rust workspace	2026-09-25T04:16:41.5186339Z ^[[1m^[[92m   Compiling^[[0m errno v0.3.14
Rust	Test Rust workspace	2026-09-25T04:16:41.5314962Z ^[[1m^[[92m   Compiling^[[0m rx-package v0.1.0 (/home/runner/work/rx-solutions/rx-solutions/sdk/crates/rx-package)
Rust	Test Rust workspace	2026-09-25T04:16:41.5904998Z ^[[1m^[[92m   Compiling^[[0m foldhash v0.2.0
Rust	Test Rust workspace	2026-09-25T04:16:41.6109778Z ^[[1m^[[92m   Compiling^[[0m signal-hook-registry v1.4.8
Rust	Test Rust workspace	2026-09-25T04:16:41.6774599Z ^[[1m^[[92m   Compiling^[[0m hashbrown v0.17.1
Rust	Test Rust workspace	2026-09-25T04:16:41.7924199Z ^[[1m^[[92m   Compiling^[[0m mio v1.2.3
Rust	Test Rust workspace	2026-09-25T04:16:42.1189412Z ^[[1m^[[92m   Compiling^[[0m socket2 v0.6.5
Rust	Test Rust workspace	2026-09-25T04:16:42.1729815Z ^[[1m^[[92m   Compiling^[[0m smallvec v1.16.0
Rust	Test Rust workspace	2026-09-25T04:16:42.3025876Z ^[[1m^[[92m   Compiling^[[0m libsqlite3-sys v0.38.2
Rust	Test Rust workspace	2026-09-25T04:16:42.4244303Z ^[[1m^[[92m   Compiling^[[0m tokio v1.53.1
Rust	Test Rust workspace	2026-09-25T04:16:42.5404693Z ^[[1m^[[92m   Compiling^[[0m hashlink v0.12.2
Rust	Test Rust workspace	2026-09-25T04:16:42.6794103Z ^[[1m^[[92m   Compiling^[[0m fallible-iterator v0.3.0
Rust	Test Rust workspace	2026-09-25T04:16:42.7492217Z ^[[1m^[[92m   Compiling^[[0m fallible-streaming-iterator v0.1.9
Rust	Test Rust workspace	2026-09-25T04:16:42.8184639Z ^[[1m^[[92m   Compiling^[[0m rx-service-status v0.1.0 (/home/runner/work/rx-solutions/rx-solutions/runtime/rx-service-status)
Rust	Test Rust workspace	2026-09-25T04:16:42.8984655Z ^[[1m^[[92m   Compiling^[[0m rusqlite v0.40.2
Rust	Test Rust workspace	2026-09-25T04:16:43.9354948Z ^[[1m^[[92m   Compiling^[[0m rx-storage v0.1.0 (/home/runner/work/rx-solutions/rx-solutions/sdk/crates/rx-storage)
Rust	Test Rust workspace	2026-09-25T04:16:44.0767038Z ^[[1m^[[92m   Compiling^[[0m equivalent v1.0.2
Rust	Test Rust workspace	2026-09-25T04:16:44.1044427Z ^[[1m^[[92m   Compiling^[[0m futures-core v0.3.34
Rust	Test Rust workspace	2026-09-25T04:16:44.1667258Z ^[[1m^[[92m   Compiling^[[0m rx-process-contract v0.1.0 (/home/runner/work/rx-solutions/rx-solutions/sdk/crates/rx-process-contract)
Rust	Test Rust workspace	2026-09-25T04:16:45.0524259Z ^[[1m^[[92m   Compiling^[[0m http v1.5.0
Rust	Test Rust workspace	2026-09-25T04:16:45.8905022Z ^[[1m^[[92m   Compiling^[[0m tracing-core v0.1.36
Rust	Test Rust workspace	2026-09-25T04:16:46.3134354Z ^[[1m^[[92m   Compiling^[[0m slab v0.4.12
Rust	Test Rust workspace	2026-09-25T04:16:46.4080309Z ^[[1m^[[92m   Compiling^[[0m futures-sink v0.3.34
Rust	Test Rust workspace	2026-09-25T04:16:46.4474780Z ^[[1m^[[92m   Compiling^[[0m tokio-util v0.7.19
Rust	Test Rust workspace	2026-09-25T04:16:46.9865157Z ^[[1m^[[92m   Compiling^[[0m tracing v0.1.44
Rust	Test Rust workspace	2026-09-25T04:16:47.0081995Z ^[[1m^[[92m   Compiling^[[0m http-body v1.1.0
Rust	Test Rust workspace	2026-09-25T04:16:47.0764427Z ^[[1m^[[92m   Compiling^[[0m indexmap v2.14.2
Rust	Test Rust workspace	2026-09-25T04:16:47.1224363Z ^[[1m^[[92m   Compiling^[[0m log v0.4.34
Rust	Test Rust workspace	2026-09-25T04:16:47.2184464Z ^[[1m^[[92m   Compiling^[[0m getrandom v0.2.17
Rust	Test Rust workspace	2026-09-25T04:16:47.3093148Z ^[[1m^[[92m   Compiling^[[0m tower-service v0.3.3
Rust	Test Rust workspace	2026-09-25T04:16:47.3464282Z ^[[1m^[[92m   Compiling^[[0m futures-task v0.3.34
Rust	Test Rust workspace	2026-09-25T04:16:47.4374326Z ^[[1m^[[92m   Compiling^[[0m untrusted v0.9.0
Rust	Test Rust workspace	2026-09-25T04:16:47.5292238Z ^[[1m^[[92m   Compiling^[[0m ring v0.17.14
Rust	Test Rust workspace	2026-09-25T04:16:47.6064536Z ^[[1m^[[92m   Compiling^[[0m futures-util v0.3.34
Rust	Test Rust workspace	2026-09-25T04:16:48.0444272Z ^[[1m^[[92m   Compiling^[[0m rustls-pki-types v1.15.1
Rust	Test Rust workspace	2026-09-25T04:16:48.4054383Z ^[[1m^[[92m   Compiling^[[0m try-lock v0.2.5
Rust	Test Rust workspace	2026-09-25T04:16:48.4404228Z ^[[1m^[[92m   Compiling^[[0m fnv v1.0.7
Rust	Test Rust workspace	2026-09-25T04:16:48.4804127Z ^[[1m^[[92m   Compiling^[[0m atomic-waker v1.1.2
Rust	Test Rust workspace	2026-09-25T04:16:48.5222433Z ^[[1m^[[92m   Compiling^[[0m h2 v0.4.19
Rust	Test Rust workspace	2026-09-25T04:16:48.9585678Z ^[[1m^[[92m   Compiling^[[0m pulldown-cmark v0.13.4
Rust	Test Rust workspace	2026-09-25T04:16:49.5335086Z ^[[1m^[[92m   Compiling^[[0m want v0.3.1
Rust	Test Rust workspace	2026-09-25T04:16:49.8014269Z ^[[1m^[[92m   Compiling^[[0m httparse v1.10.1
Rust	Test Rust workspace	2026-09-25T04:16:49.9974646Z ^[[1m^[[92m   Compiling^[[0m futures-channel v0.3.34
Rust	Test Rust workspace	2026-09-25T04:16:50.0014302Z ^[[1m^[[92m   Compiling^[[0m rx-solution-catalog v0.1.0 (/home/runner/work/rx-solutions/rx-solutions/runtime/rx-solution-catalog)
Rust	Test Rust workspace	2026-09-25T04:16:50.1255702Z ^[[1m^[[92m   Compiling^[[0m tower-layer v0.3.3
Rust	Test Rust workspace	2026-09-25T04:16:50.2174089Z ^[[1m^[[92m   Compiling^[[0m httpdate v1.0.3
Rust	Test Rust workspace	2026-09-25T04:16:50.3504250Z ^[[1m^[[92m   Compiling^[[0m sync_wrapper v1.0.2
Rust	Test Rust workspace	2026-09-25T04:16:50.3853690Z ^[[1m^[[92m   Compiling^[[0m petgraph v0.8.3
Rust	Test Rust workspace	2026-09-25T04:16:51.0794471Z ^[[1m^[[92m   Compiling^[[0m hyper v1.11.1
Rust	Test Rust workspace	2026-09-25T04:16:51.5244658Z ^[[1m^[[92m   Compiling^[[0m pulldown-cmark-to-cmark v22.0.1
Rust	Test Rust workspace	2026-09-25T04:16:51.7128742Z ^[[1m^[[92m   Compiling^[[0m prost-types v0.14.4
Rust	Test Rust workspace	2026-09-25T04:16:51.7804425Z ^[[1m^[[92m   Compiling^[[0m rustls-webpki v0.103.15
Rust	Test Rust workspace	2026-09-25T04:16:52.1184251Z ^[[1m^[[92m   Compiling^[[0m http-body-util v0.1.5
Rust	Test Rust workspace	2026-09-25T04:16:52.2704128Z ^[[1m^[[92m   Compiling^[[0m mime v0.3.17
Rust	Test Rust workspace	2026-09-25T04:16:52.4364408Z ^[[1m^[[92m   Compiling^[[0m axum-core v0.5.6
Rust	Test Rust workspace	2026-09-25T04:16:52.6374793Z ^[[1m^[[92m   Compiling^[[0m prost-build v0.14.4
Rust	Test Rust workspace	2026-09-25T04:16:52.6874935Z ^[[1m^[[92m   Compiling^[[0m rustls v0.23.44
Rust	Test Rust workspace	2026-09-25T04:16:52.7844518Z ^[[1m^[[92m   Compiling^[[0m hyper-util v0.1.20
Rust	Test Rust workspace	2026-09-25T04:16:53.6364192Z ^[[1m^[[92m   Compiling^[[0m tower v0.5.3
Rust	Test Rust workspace	2026-09-25T04:16:53.6694414Z ^[[1m^[[92m   Compiling^[[0m prost v0.14.4
Rust	Test Rust workspace	2026-09-25T04:16:53.9314729Z ^[[1m^[[92m   Compiling^[[0m percent-encoding v2.3.2
Rust	Test Rust workspace	2026-09-25T04:16:53.9524770Z ^[[1m^[[92m   Compiling^[[0m matchit v0.8.4
Rust	Test Rust workspace	2026-09-25T04:16:54.0384554Z ^[[1m^[[92m   Compiling^[[0m pin-project v1.1.13
Rust	Test Rust workspace	2026-09-25T04:16:54.0714708Z ^[[1m^[[92m   Compiling^[[0m tonic-prost-build v0.14.6
Rust	Test Rust workspace	2026-09-25T04:16:54.1994487Z ^[[1m^[[92m   Compiling^[[0m hyper-timeout v0.5.2
Rust	Test Rust workspace	2026-09-25T04:16:54.2574333Z ^[[1m^[[92m   Compiling^[[0m axum v0.8.9
Rust	Test Rust workspace	2026-09-25T04:16:54.3094331Z ^[[1m^[[92m   Compiling^[[0m tokio-stream v0.1.19
Rust	Test Rust workspace	2026-09-25T04:16:54.3814632Z ^[[1m^[[92m   Compiling^[[0m base64 v0.22.1
Rust	Test Rust workspace	2026-09-25T04:16:54.5904214Z ^[[1m^[[92m   Compiling^[[0m rx-protocol v0.1.0 (/home/runner/work/rx-solutions/rx-solutions/sdk/crates/rx-protocol)
Rust	Test Rust workspace	2026-09-25T04:16:55.3374482Z ^[[1m^[[92m   Compiling^[[0m tokio-rustls v0.26.5
Rust	Test Rust workspace	2026-09-25T04:16:55.4984606Z ^[[1m^[[92m   Compiling^[[0m prost-reflect v0.16.5
Rust	Test Rust workspace	2026-09-25T04:16:56.3544525Z ^[[1m^[[92m   Compiling^[[0m rx-process v0.1.0 (/home/runner/work/rx-solutions/rx-solutions/runtime/rx-process)
Rust	Test Rust workspace	2026-09-25T04:16:57.0364041Z ^[[1m^[[92m   Compiling^[[0m tonic v0.14.6
Rust	Test Rust workspace	2026-09-25T04:16:57.0469559Z ^[[1m^[[92m   Compiling^[[0m rx-melsec-mc v0.1.0 (/home/runner/work/rx-solutions/rx-solutions/drivers/rx-melsec-mc)
Rust	Test Rust workspace	2026-09-25T04:16:57.6046216Z ^[[1m^[[92m   Compiling^[[0m rx-host v0.1.0 (/home/runner/work/rx-solutions/rx-solutions/runtime/rx-host)
Rust	Test Rust workspace	2026-09-25T04:16:58.3415305Z ^[[1m^[[92m   Compiling^[[0m rx-supervisor v0.1.0 (/home/runner/work/rx-solutions/rx-solutions/runtime/rx-supervisor)
Rust	Test Rust workspace	2026-09-25T04:16:58.4773246Z ^[[1m^[[92m   Compiling^[[0m deranged v0.5.8
Rust	Test Rust workspace	2026-09-25T04:16:59.3054471Z ^[[1m^[[92m   Compiling^[[0m tonic-prost v0.14.6
Rust	Test Rust workspace	2026-09-25T04:16:59.6394642Z ^[[1m^[[92m   Compiling^[[0m num-conv v0.2.2
Rust	Test Rust workspace	2026-09-25T04:16:59.7164436Z ^[[1m^[[92m   Compiling^[[0m time-core v0.1.9
Rust	Test Rust workspace	2026-09-25T04:16:59.8274622Z ^[[1m^[[92m   Compiling^[[0m powerfmt v0.2.0
Rust	Test Rust workspace	2026-09-25T04:16:59.9414706Z ^[[1m^[[92m   Compiling^[[0m time v0.3.55
Rust	Test Rust workspace	2026-09-25T04:17:00.4504289Z ^[[1m^[[92m   Compiling^[[0m base64 v0.23.1
Rust	Test Rust workspace	2026-09-25T04:17:00.6932369Z ^[[1m^[[92m   Compiling^[[0m pem v4.0.0
Rust	Test Rust workspace	2026-09-25T04:17:00.9384187Z ^[[1m^[[92m   Compiling^[[0m yasna v0.6.0
Rust	Test Rust workspace	2026-09-25T04:17:01.0964235Z ^[[1m^[[92m   Compiling^[[0m rx-process-package v0.1.0 (/home/runner/work/rx-solutions/rx-solutions/runtime/rx-process-package)
Rust	Test Rust workspace	2026-09-25T04:17:01.5584336Z ^[[1m^[[92m   Compiling^[[0m rcgen v0.14.10
Rust	Test Rust workspace	2026-09-25T04:17:05.2284564Z ^[[1m^[[92m   Compiling^[[0m rx-executor v0.1.0 (/home/runner/work/rx-solutions/rx-solutions/runtime/rx-executor)
Rust	Test Rust workspace	2026-09-25T04:17:11.3026740Z ^[[1m^[[92m   Compiling^[[0m rx-device-package v0.1.0 (/home/runner/work/rx-solutions/rx-solutions/runtime/rx-device-package)
Rust	Test Rust workspace	2026-09-25T04:18:34.8513948Z ^[[1m^[[92m    Finished^[[0m `test` profile [unoptimized + debuginfo] target(s) in 1m 58s
Rust	Test Rust workspace	2026-09-25T04:18:34.8785802Z ^[[1m^[[92m     Running^[[0m unittests src/lib.rs (target/debug/deps/rx_device_package-9462bb0f5b46cbe8)
Rust	Test Rust workspace	2026-09-25T04:18:34.8795736Z 
Rust	Test Rust workspace	2026-09-25T04:18:34.8795903Z running 0 tests
Rust	Test Rust workspace	2026-09-25T04:18:34.8796062Z 
Rust	Test Rust workspace	2026-09-25T04:18:34.8796678Z test result: ok. 0 passed; 0 failed; 0 ignored; 0 measured; 0 filtered out; finished in 0.00s
Rust	Test Rust workspace	2026-09-25T04:18:34.8797066Z 
Rust	Test Rust workspace	2026-09-25T04:18:34.8798274Z ^[[1m^[[92m     Running^[[0m unittests src/bin/rx-device-package.rs (target/debug/deps/rx_device_package-5b2b8687c449c4ac)
Rust	Test Rust workspace	2026-09-25T04:18:34.8806783Z 
Rust	Test Rust workspace	2026-09-25T04:18:34.8806887Z running 0 tests
Rust	Test Rust workspace	2026-09-25T04:18:34.8807071Z 
Rust	Test Rust workspace	2026-09-25T04:18:34.8807368Z test result: ok. 0 passed; 0 failed; 0 ignored; 0 measured; 0 filtered out; finished in 0.00s
Rust	Test Rust workspace	2026-09-25T04:18:34.8807773Z 
Rust	Test Rust workspace	2026-09-25T04:18:34.8808931Z ^[[1m^[[92m     Running^[[0m tests/authoring.rs (target/debug/deps/authoring-aa69e4514e26b06f)
Rust	Test Rust workspace	2026-09-25T04:18:34.8818889Z 
Rust	Test Rust workspace	2026-09-25T04:18:34.8819015Z running 9 tests
Rust	Test Rust workspace	2026-09-25T04:18:34.8844040Z test export_image_fixture ... ignored, exports explicitly simulated, unsigned inputs and public test policy for container verification
Rust	Test Rust workspace	2026-09-25T04:18:34.8872714Z test one_template_resolves_two_sites_without_editing_the_shared_semantics ... ok
Rust	Test Rust workspace	2026-09-25T04:18:34.8926071Z test semantically_unordered_inputs_produce_the_same_signing_message ... ok
Rust	Test Rust workspace	2026-09-25T04:18:34.8926823Z test sign_image_request ... ignored, signs only with an embedded test key for isolated container verification
Rust	Test Rust workspace	2026-09-25T04:18:34.9083104Z test candidate_changes_permissions_keys_and_missing_assets_do_not_bypass_verification ... ok
Rust	Test Rust workspace	2026-09-25T04:18:34.9083788Z test template_hash_missing_extra_and_alias_bindings_are_rejected ... ok
Rust	Test Rust workspace	2026-09-25T04:18:34.9085148Z test signed_but_inconsistent_assembly_cannot_pass_the_host_resolver ... ok
Rust	Test Rust workspace	2026-09-25T04:18:34.9316631Z test candidate_roundtrip_external_signature_and_host_decoding_preserve_signed_provenance ... ok
Rust	Test Rust workspace	2026-09-25T04:18:34.9595987Z test cli_assembles_requests_external_signature_seals_and_verifies_without_network ... ok
Rust	Test Rust workspace	2026-09-25T04:18:34.9596319Z 
Rust	Test Rust workspace	2026-09-25T04:18:34.9597764Z test result: ok. 7 passed; 0 failed; 2 ignored; 0 measured; 0 filtered out; finished in 0.08s
Rust	Test Rust workspace	2026-09-25T04:18:34.9598203Z 
Rust	Test Rust workspace	2026-09-25T04:18:34.9600327Z ^[[1m^[[92m     Running^[[0m tests/jtc_authoring.rs (target/debug/deps/jtc_authoring-6db2748e0790c111)
Rust	Test Rust workspace	2026-09-25T04:18:34.9616973Z 
Rust	Test Rust workspace	2026-09-25T04:18:34.9617084Z running 14 tests
Rust	Test Rust workspace	2026-09-25T04:18:34.9620009Z test export_device_review_authority ... ignored, exports a public device verifier trust fixture, never a production key
Rust	Test Rust workspace	2026-09-25T04:18:34.9643690Z test export_image_fixture ... ignored, exports only SIMULATION inputs and a public test policy for the image authoring test
Rust	Test Rust workspace	2026-09-25T04:18:35.0963973Z test actual_cli_generates_a_report_and_a_separate_signing_request ... ok
Rust	Test Rust workspace	2026-09-25T04:18:35.1417513Z test device_software_report_uses_real_decoder_and_cannot_claim_physical_validation ... ok
Rust	Test Rust workspace	2026-09-25T04:18:35.1689522Z test missing_alias_or_foreign_bindings_and_invalid_trajectory_are_rejected ... ok
Rust	Test Rust workspace	2026-09-25T04:18:35.1690577Z test sign_device_report ... ignored, external test-only device report signer for real API integration
Rust	Test Rust workspace	2026-09-25T04:18:35.1691573Z test sign_image_request ... ignored, test-only external signer for the isolated image fixture
Rust	Test Rust workspace	2026-09-25T04:18:35.3510777Z test signed_but_inconsistent_results_actions_model_and_release_are_rejected ... ok
Rust	Test Rust workspace	2026-09-25T04:18:35.3603755Z test simulation_catalog_cannot_be_promoted_to_a_physical_site ... ok
Rust	Test Rust workspace	2026-09-25T04:18:35.7151937Z test host_initializes_jtc_metadata_and_refuses_run_before_creating_a_controller_client ... ok
Rust	Test Rust workspace	2026-09-25T04:18:35.7570462Z test host_package_checks_assets_and_exact_intents_but_cannot_create_control_authority ... ok
Rust	Test Rust workspace	2026-09-25T04:18:35.7608777Z test actual_cli_assembles_requests_external_signature_seals_and_inspects_jtc ... ok
Rust	Test Rust workspace	2026-09-25T04:18:35.7849406Z test template_reuse_and_candidate_roundtrip_preserve_bound_actions_and_result_meanings ... ok
Rust	Test Rust workspace	2026-09-25T04:18:35.8281091Z test unordered_template_actions_have_one_digest_and_joint_order_is_preserved ... ok
Rust	Test Rust workspace	2026-09-25T04:18:35.8281418Z 
Rust	Test Rust workspace	2026-09-25T04:18:35.8281633Z test result: ok. 10 passed; 0 failed; 4 ignored; 0 measured; 0 filtered out; finished in 0.87s
Rust	Test Rust workspace	2026-09-25T04:18:35.8281904Z 
Rust	Test Rust workspace	2026-09-25T04:18:35.8289890Z ^[[1m^[[92m     Running^[[0m unittests src/lib.rs (target/debug/deps/rx_executor-58937702145e80c0)
Rust	Test Rust workspace	2026-09-25T04:18:35.8305716Z 
Rust	Test Rust workspace	2026-09-25T04:18:35.8305883Z running 40 tests
Rust	Test Rust workspace	2026-09-25T04:18:35.8320226Z test cell_service::tests::discovery_does_not_hide_old_owner_expired_attempt_or_restricted_work ... ok
Rust	Test Rust workspace	2026-09-25T04:18:35.8321103Z test cell_service::tests::historical_session_runtime_and_paused_attachment_cannot_resume ... ok
Rust	Test Rust workspace	2026-09-25T04:18:35.8322599Z test cell_service::tests::completion_requires_structured_cleanup_exact_stop_and_actual_completed_state ... ok
Rust	Test Rust workspace	2026-09-25T04:18:35.8323687Z test cell_service::tests::none_and_arming_are_observation_only_and_ambiguity_has_no_winner ... ok
Rust	Test Rust workspace	2026-09-25T04:18:35.8324520Z test cell_service::tests::observation_shutdown_preserves_preparing_attached_and_known_arming_as_attention ... ok
Rust	Test Rust workspace	2026-09-25T04:18:35.8918805Z test cell_service::tests::actual_production_cut_must_revalidate_discovery_before_any_reservation ... ok
Rust	Test Rust workspace	2026-09-25T04:18:35.8926972Z test client::assignment::tests::accepted_read_expires_or_loses_currency_when_the_trusted_clock_changes ... ok
Rust	Test Rust workspace	2026-09-25T04:18:35.8951758Z test client::assignment::tests::assignment_shares_runtime_sequence_and_time_regression_guards ... ok
Rust	Test Rust workspace	2026-09-25T04:18:35.9123738Z test client::assignment::tests::cardinalities_retain_old_sessions_expired_attempts_and_restricted_work ... ok
Rust	Test Rust workspace	2026-09-25T04:18:35.9125028Z test client::assignment::tests::expired_response_does_not_advance_the_shared_cut ... ok
Rust	Test Rust workspace	2026-09-25T04:18:35.9203191Z test client::assignment::tests::forged_cut_cardinality_and_duplicate_witnesses_fail_closed ... ok
Rust	Test Rust workspace	2026-09-25T04:18:35.9237487Z test client::assignment::tests::forged_identity_is_rejected_even_with_a_matching_payload_hash ... ok
Rust	Test Rust workspace	2026-09-25T04:18:35.9243222Z test cell_service::tests::missing_file_after_creation_entered_never_becomes_fresh_initialization ... ok
Rust	Test Rust workspace	2026-09-25T04:18:35.9280173Z test client::assignment::tests::ttl_and_clock_interval_are_checked_before_accepting_a_view ... ok
Rust	Test Rust workspace	2026-09-25T04:18:35.9281387Z test client::tests::artifact_hash_does_not_replace_size_schema_or_typed_payload_validation ... ok
Rust	Test Rust workspace	2026-09-25T04:18:35.9282816Z test clock::tests::linux_clock_uses_the_shared_boot_identity_and_non_decreasing_boottime ... ok
Rust	Test Rust workspace	2026-09-25T04:18:35.9284219Z test engine_process::tests::verified_product_binary_uses_live_linux_clock_and_preserves_one_process ... ignored, Linux validation image supplies RX_BT_ENGINE_BINARY
Rust	Test Rust workspace	2026-09-25T04:18:35.9285423Z test client::assignment::tests::payload_digest_size_schema_and_strict_json_are_independent_checks ... ok
Rust	Test Rust workspace	2026-09-25T04:18:35.9298664Z test cell_service::tests::preparing_recovery_keeps_original_ids_and_cannot_switch_to_new_candidate ... ok
Rust	Test Rust workspace	2026-09-25T04:18:35.9299534Z test frame::tests::restored_p_snapshot_preserves_work_and_does_not_restore_admission ... ok
Rust	Test Rust workspace	2026-09-25T04:18:35.9300249Z test frame::tests::a_new_epoch_is_not_implicitly_adopted_by_an_existing_context ... ok
Rust	Test Rust workspace	2026-09-25T04:18:35.9301016Z test journal::recovery::wal::tests::checksum_word_order_and_accumulation_have_independent_known_values ... ok
Rust	Test Rust workspace	2026-09-25T04:18:35.9301895Z test frame::tests::source_clock_expiry_blocks_a_view_even_if_the_local_steady_deadline_has_not_passed ... ok
Rust	Test Rust workspace	2026-09-25T04:18:35.9320015Z test journal::recovery::wal::tests::header_fields_and_header_checksum_cannot_silently_drop_the_wal ... ok
Rust	Test Rust workspace	2026-09-25T04:18:36.2283924Z test journal::recovery::wal::tests::invalid_page_numbers_commit_sizes_and_oversize_files_fail_before_unbounded_reads ... ok
Rust	Test Rust workspace	2026-09-25T04:18:36.2285641Z test pending::tests::full_queue_and_inflight_normal_work_do_not_block_pause_and_meaning_cannot_change ... ok
Rust	Test Rust workspace	2026-09-25T04:18:36.2290411Z test pending::tests::wait_start_does_not_drop_the_only_bt_request_and_due_requests_are_fair ... ok
Rust	Test Rust workspace	2026-09-25T04:18:36.2293430Z test service::tests::cancelled_serial_retirement_cannot_become_confirmation_for_an_empty_engine_slot ... ok
Rust	Test Rust workspace	2026-09-25T04:18:36.2296011Z test service::tests::cleanup_confirmation_distinguishes_no_spawn_and_local_close_from_uncertainty ... ok
Rust	Test Rust workspace	2026-09-25T04:18:36.2301373Z test service::tests::each_serial_planner_requires_its_own_confirmed_cleanup ... ok
Rust	Test Rust workspace	2026-09-25T04:18:36.2305613Z test service::tests::failed_close_is_sticky_after_a_later_successful_cleanup ... ok
Rust	Test Rust workspace	2026-09-25T04:18:36.2306943Z test service::tests::production_expiry::expired_waiting_cannot_republish_an_old_admission_flag ... ok
Rust	Test Rust workspace	2026-09-25T04:18:36.2307915Z test journal::recovery::wal::tests::page_data_checksums_salts_partial_and_uncommitted_tails_are_rejected ... ok
Rust	Test Rust workspace	2026-09-25T04:18:36.2308843Z test service::tests::spawn_attempts_are_uncertain_until_cleanup_and_failures_remain_latched ... ok
Rust	Test Rust workspace	2026-09-25T04:18:36.2309494Z test service_owner::tests::explicit_release_does_not_wait_for_an_inherited_open_file_description ... ok
Rust	Test Rust workspace	2026-09-25T04:18:36.2311115Z test journal::recovery::wal::tests::absent_empty_header_only_and_complete_commits_are_distinct_valid_shapes ... ok
Rust	Test Rust workspace	2026-09-25T04:18:36.2313729Z test worker::production::tests::valid_platform_views_with_multiple_active_parts_require_serial_attention ... ok
Rust	Test Rust workspace	2026-09-25T04:18:36.2329507Z test worker::production::tests::serial_selection_preserves_zero_or_one_active_part_without_rewriting_completed_parts ... ok
Rust	Test Rust workspace	2026-09-25T04:18:36.2379213Z test cell_service::tests::closing_a_preserves_its_stop_and_frees_only_the_next_attachment ... ok
Rust	Test Rust workspace	2026-09-25T04:18:36.2405341Z test service::tests::production_expiry::journal_observation_expiry_retries_completed_read_instead_of_stopping_context ... ok
Rust	Test Rust workspace	2026-09-25T04:18:36.2405958Z 
Rust	Test Rust workspace	2026-09-25T04:18:36.2406218Z test result: ok. 39 passed; 0 failed; 1 ignored; 0 measured; 0 filtered out; finished in 0.41s
Rust	Test Rust workspace	2026-09-25T04:18:36.2406495Z 
Rust	Test Rust workspace	2026-09-25T04:18:36.2412069Z ^[[1m^[[92m     Running^[[0m unittests tests/support/cell_service_fixture.rs (target/debug/deps/rx_executor_cell_service_fixture-903a8a30f96f523d)
Rust	Test Rust workspace	2026-09-25T04:18:36.2421962Z 
Rust	Test Rust workspace	2026-09-25T04:18:36.2422081Z running 0 tests
Rust	Test Rust workspace	2026-09-25T04:18:36.2422236Z 
Rust	Test Rust workspace	2026-09-25T04:18:36.2422559Z test result: ok. 0 passed; 0 failed; 0 ignored; 0 measured; 0 filtered out; finished in 0.00s
Rust	Test Rust workspace	2026-09-25T04:18:36.2423094Z 
Rust	Test Rust workspace	2026-09-25T04:18:36.2424619Z ^[[1m^[[92m     Running^[[0m unittests tests/support/decision_fixture.rs (target/debug/deps/rx_executor_decision_fixture-872006aae221e7c1)
Rust	Test Rust workspace	2026-09-25T04:18:36.2431915Z 
Rust	Test Rust workspace	2026-09-25T04:18:36.2432040Z running 0 tests
Rust	Test Rust workspace	2026-09-25T04:18:36.2432182Z 
Rust	Test Rust workspace	2026-09-25T04:18:36.2432486Z test result: ok. 0 passed; 0 failed; 0 ignored; 0 measured; 0 filtered out; finished in 0.00s
Rust	Test Rust workspace	2026-09-25T04:18:36.2433010Z 
Rust	Test Rust workspace	2026-09-25T04:18:36.2434420Z ^[[1m^[[92m     Running^[[0m unittests tests/support/read_fixture.rs (target/debug/deps/rx_executor_read_fixture-cc8ab15ed7492792)
Rust	Test Rust workspace	2026-09-25T04:18:36.2441700Z 
Rust	Test Rust workspace	2026-09-25T04:18:36.2441812Z running 0 tests
Rust	Test Rust workspace	2026-09-25T04:18:36.2441968Z 
Rust	Test Rust workspace	2026-09-25T04:18:36.2442276Z test result: ok. 0 passed; 0 failed; 0 ignored; 0 measured; 0 filtered out; finished in 0.00s
Rust	Test Rust workspace	2026-09-25T04:18:36.2442671Z 
Rust	Test Rust workspace	2026-09-25T04:18:36.2444045Z ^[[1m^[[92m     Running^[[0m unittests src/bin/service.rs (target/debug/deps/rx_executor_service-7ac2a614ba271be0)
Rust	Test Rust workspace	2026-09-25T04:18:36.2453228Z 
Rust	Test Rust workspace	2026-09-25T04:18:36.2453356Z running 4 tests
Rust	Test Rust workspace	2026-09-25T04:18:36.2456175Z test cell_cli::guarded_tests::completed_run_retirement_keeps_the_resident_executor_protocol_ready ... ok
Rust	Test Rust workspace	2026-09-25T04:18:36.2456980Z test cell_cli::guarded_tests::live_executor_status_never_claims_terminal_cleanup_or_p_admission ... ok
Rust	Test Rust workspace	2026-09-25T04:18:36.2457785Z test cell_cli::guarded_tests::executor_final_state_preserves_attention_and_rejects_incomplete_stop ... ok
Rust	Test Rust workspace	2026-09-25T04:18:36.2488673Z test cell_cli::guarded_tests::executor_report_failure_signals_existing_cooperative_shutdown ... ok
Rust	Test Rust workspace	2026-09-25T04:18:36.2489158Z 
Rust	Test Rust workspace	2026-09-25T04:18:36.2489485Z test result: ok. 4 passed; 0 failed; 0 ignored; 0 measured; 0 filtered out; finished in 0.00s
Rust	Test Rust workspace	2026-09-25T04:18:36.2489815Z 
Rust	Test Rust workspace	2026-09-25T04:18:36.2491033Z ^[[1m^[[92m     Running^[[0m unittests tests/support/service_fixture.rs (target/debug/deps/rx_executor_service_fixture-70fb8218b6685ecd)
Rust	Test Rust workspace	2026-09-25T04:18:36.2498869Z 
Rust	Test Rust workspace	2026-09-25T04:18:36.2499024Z running 0 tests
Rust	Test Rust workspace	2026-09-25T04:18:36.2499387Z 
Rust	Test Rust workspace	2026-09-25T04:18:36.2499669Z test result: ok. 0 passed; 0 failed; 0 ignored; 0 measured; 0 filtered out; finished in 0.00s
Rust	Test Rust workspace	2026-09-25T04:18:36.2500077Z 
Rust	Test Rust workspace	2026-09-25T04:18:36.2501534Z ^[[1m^[[92m     Running^[[0m unittests tests/support/worker_fixture.rs (target/debug/deps/rx_executor_worker_fixture-0bbbb682759e46ff)
Rust	Test Rust workspace	2026-09-25T04:18:36.2509292Z 
Rust	Test Rust workspace	2026-09-25T04:18:36.2509440Z running 0 tests
Rust	Test Rust workspace	2026-09-25T04:18:36.2509596Z 
Rust	Test Rust workspace	2026-09-25T04:18:36.2509902Z test result: ok. 0 passed; 0 failed; 0 ignored; 0 measured; 0 filtered out; finished in 0.00s
Rust	Test Rust workspace	2026-09-25T04:18:36.2511605Z ^[[1m^[[92m     Running^[[0m tests/assignment_journal.rs (target/debug/deps/assignment_journal-25e5221b68a93c6a)
Rust	Test Rust workspace	2026-09-25T04:18:36.2512040Z 
Rust	Test Rust workspace	2026-09-25T04:18:36.2521415Z 
Rust	Test Rust workspace	2026-09-25T04:18:36.2521546Z running 21 tests
Rust	Test Rust workspace	2026-09-25T04:18:36.2919450Z test a_run_store_from_another_service_identity_cannot_be_attached ... ok
Rust	Test Rust workspace	2026-09-25T04:18:36.3062024Z test attach_rollback_and_lost_reply_are_recovered_without_a_second_transition ... ok
Rust	Test Rust workspace	2026-09-25T04:18:36.3070779Z test a_crash_before_header_commit_leaves_an_error_instead_of_reinitializing_the_file ... ok
Rust	Test Rust workspace	2026-09-25T04:18:36.3107061Z test changed_scope_or_run_journal_identity_is_never_repaired ... ok
Rust	Test Rust workspace	2026-09-25T04:18:36.7012116Z test creation_marker_committed_before_filesystem_failure_forbids_later_retry ... ok
Rust	Test Rust workspace	2026-09-25T04:18:36.7044211Z test close_rollback_and_lost_reply_clear_current_atomically_and_preserve_stop_and_pending_requests ... ok
Rust	Test Rust workspace	2026-09-25T04:18:36.7089332Z test creation_marker_rollback_permits_the_first_initialization_without_changing_phase ... ok
Rust	Test Rust workspace	2026-09-25T04:18:36.7126915Z test initialized_header_survives_a_lost_initialization_reply ... ok
Rust	Test Rust workspace	2026-09-25T04:18:36.7150380Z test completion_rejects_paused_recovery_abandoned_wrong_identity_and_incomplete_parts ... ok
Rust	Test Rust workspace	2026-09-25T04:18:36.8490102Z test malformed_current_pointer_fails_required_open_instead_of_hiding_the_attached_run ... ok
Rust	Test Rust workspace	2026-09-25T04:18:36.8570398Z test old_header_without_creation_history_is_not_silently_upgraded ... ok
Rust	Test Rust workspace	2026-09-25T04:18:36.8580479Z test lost_creation_marker_reply_stops_before_file_reservation_and_survives_reopen ... ok
Rust	Test Rust workspace	2026-09-25T04:18:36.8925020Z test lost_run_initialization_reply_recovers_binding_without_reinitializing ... ok
Rust	Test Rust workspace	2026-09-25T04:18:36.9112555Z test preparing_rollback_and_lost_reply_preserve_exact_reservation_and_single_current ... ok
Rust	Test Rust workspace	2026-09-25T04:18:36.9279850Z test required_open_never_initializes_missing_empty_or_foreign_service_metadata ... ok
Rust	Test Rust workspace	2026-09-25T04:18:36.9463651Z test initialized_preparing_run_file_loss_never_reuses_either_initializer ... ok
Rust	Test Rust workspace	2026-09-25T04:18:36.9498300Z test required_run_file_does_not_follow_symlinks ... ok
Rust	Test Rust workspace	2026-09-25T04:18:36.9509883Z test preparing_missing_run_is_explicit_but_partial_or_attached_missing_run_is_an_error ... ok
Rust	Test Rust workspace	2026-09-25T04:18:36.9622604Z test preparing_cannot_close_and_closed_history_cannot_rebind_the_same_run ... ok
Rust	Test Rust workspace	2026-09-25T04:18:36.9673402Z test run_creation_marker_cannot_change_after_header_initialization ... ok
Rust	Test Rust workspace	2026-09-25T04:18:36.9714918Z test unbound_legacy_journal_is_not_adopted_or_modified ... ok
Rust	Test Rust workspace	2026-09-25T04:18:36.9715240Z 
Rust	Test Rust workspace	2026-09-25T04:18:36.9715537Z test result: ok. 21 passed; 0 failed; 0 ignored; 0 measured; 0 filtered out; finished in 0.72s
Rust	Test Rust workspace	2026-09-25T04:18:36.9715964Z 
Rust	Test Rust workspace	2026-09-25T04:18:36.9720550Z ^[[1m^[[92m     Running^[[0m tests/cell_cli.rs (target/debug/deps/cell_cli-ff94bf64d8a28daa)
Rust	Test Rust workspace	2026-09-25T04:18:36.9732670Z 
Rust	Test Rust workspace	2026-09-25T04:18:36.9732783Z running 15 tests
Rust	Test Rust workspace	2026-09-25T04:18:37.0795573Z test cell_configuration_rejects_run_visit_program_arguments_and_invalid_timing ... ok
Rust	Test Rust workspace	2026-09-25T04:18:37.5292146Z test changed_configuration_and_pinned_bytes_cannot_reach_session_open ... ok
Rust	Test Rust workspace	2026-09-25T04:18:37.5510808Z test copied_installation_cannot_silently_change_its_root ... ok
Rust	Test Rust workspace	2026-09-25T04:18:37.5727400Z test deployment_file_symlinks_and_private_key_permissions_are_rejected ... ok
Rust	Test Rust workspace	2026-09-25T04:18:37.7566284Z test duplicate_and_root_alias_are_refused_before_session_open_then_cleanup_allows_reopen ... ok
Rust	Test Rust workspace	2026-09-25T04:18:37.7883111Z test guarded_status_validation_fails_before_executor_peer_registration ... ok
Rust	Test Rust workspace	2026-09-25T04:18:37.8425015Z test init_pins_expected_identity_and_normalized_defaults_without_peer_registration ... ok
Rust	Test Rust workspace	2026-09-25T04:18:37.9159332Z test initialized_preparing_or_attached_run_file_loss_is_detected_before_new_peer_boot_registration ... ok
Rust	Test Rust workspace	2026-09-25T04:18:37.9473305Z test manifest_only_partial_installation_is_not_overwritten_or_connected ... ok
Rust	Test Rust workspace	2026-09-25T04:18:38.3571590Z test missing_manifest_empty_journal_and_changed_header_are_refused_before_connect ... ok
Rust	Test Rust workspace	2026-09-25T04:18:38.3987170Z test recovery_inspect_does_not_compete_with_service_or_store_owner ... ok
Rust	Test Rust workspace	2026-09-25T04:18:38.4563019Z test recovery_inspect_initialized_idle_store_is_deterministic_and_does_not_connect_or_modify_files ... ok
Rust	Test Rust workspace	2026-09-25T04:18:38.6065410Z test recovery_inspect_missing_or_corrupt_required_files_never_repairs_them ... ok
Rust	Test Rust workspace	2026-09-25T04:18:38.6170942Z test recovery_inspect_missing_root_does_not_initialize_a_service_or_connect ... ok
Rust	Test Rust workspace	2026-09-25T04:18:38.6679510Z test recovery_inspect_rejects_alias_root_and_changed_deployment_scope ... ok
Rust	Test Rust workspace	2026-09-25T04:18:38.6679832Z 
Rust	Test Rust workspace	2026-09-25T04:18:38.6680050Z test result: ok. 15 passed; 0 failed; 0 ignored; 0 measured; 0 filtered out; finished in 1.69s
Rust	Test Rust workspace	2026-09-25T04:18:38.6680348Z 
Rust	Test Rust workspace	2026-09-25T04:18:38.6683213Z ^[[1m^[[92m     Running^[[0m tests/journal.rs (target/debug/deps/journal-5ecf084b96f21202)
Rust	Test Rust workspace	2026-09-25T04:18:38.6694116Z 
Rust	Test Rust workspace	2026-09-25T04:18:38.6694329Z running 9 tests
Rust	Test Rust workspace	2026-09-25T04:18:38.6884466Z test p_observation_preserves_network_uncertainty_and_deduplicates_unchanged_identity ... ok
Rust	Test Rust workspace	2026-09-25T04:18:38.6904520Z test only_a_confirmed_transactional_rejection_allows_new_cas_and_key ... ok
Rust	Test Rust workspace	2026-09-25T04:18:38.6958558Z test material_identity_is_observed_without_rewriting_a_lost_begin_reply ... ok
Rust	Test Rust workspace	2026-09-25T04:18:38.7007386Z test checkpoint_expiry_preserves_old_attempt_and_pending_projection_is_not_an_rpc_reply ... ok
Rust	Test Rust workspace	2026-09-25T04:18:38.7065591Z test pause_intent_is_scoped_to_executor_session_and_epoch_without_changing_operation_keys ... ok
Rust	Test Rust workspace	2026-09-25T04:18:38.7117541Z test prepared_entered_and_reply_boundaries_survive_rollback_and_lost_commit_response ... ok
Rust	Test Rust workspace	2026-09-25T04:18:38.7165422Z test stop_attempt_key_is_preserved_and_p_observation_does_not_invent_a_reply ... ok
Rust	Test Rust workspace	2026-09-25T04:18:38.7187634Z test reconciliation_acknowledgment_is_not_a_resource_release_observation ... ok
Rust	Test Rust workspace	2026-09-25T04:18:38.7189455Z test stop_intent_survives_commit_response_loss_and_never_becomes_a_part_request ... ok
Rust	Test Rust workspace	2026-09-25T04:18:38.7189860Z 
Rust	Test Rust workspace	2026-09-25T04:18:38.7190151Z test result: ok. 9 passed; 0 failed; 0 ignored; 0 measured; 0 filtered out; finished in 0.05s
Rust	Test Rust workspace	2026-09-25T04:18:38.7190547Z 
Rust	Test Rust workspace	2026-09-25T04:18:38.7194448Z ^[[1m^[[92m     Running^[[0m tests/recovery_inspect.rs (target/debug/deps/recovery_inspect-d875cf98b357f468)
Rust	Test Rust workspace	2026-09-25T04:18:38.7206233Z 
Rust	Test Rust workspace	2026-09-25T04:18:38.7206355Z running 5 tests
Rust	Test Rust workspace	2026-09-25T04:18:38.7323758Z test owner_conflict_symlink_parent_and_size_limit_fail_without_source_writes ... ok
Rust	Test Rust workspace	2026-09-25T04:18:38.7884343Z test missing_header_wrong_identity_and_missing_writer_lock_are_never_initialized ... ok
Rust	Test Rust workspace	2026-09-25T04:18:38.8044621Z test preparing_never_initializes_or_attaches_and_creation_loss_is_rejected ... ok
Rust	Test Rust workspace	2026-09-25T04:18:38.8120977Z test current_pending_stop_is_inspected_twice_without_source_change_or_resolution ... ok
Rust	Test Rust workspace	2026-09-25T04:18:38.8222163Z test crash_style_wal_copy_is_included_without_touching_the_retained_source ... ok
Rust	Test Rust workspace	2026-09-25T04:18:38.8222569Z 
Rust	Test Rust workspace	2026-09-25T04:18:38.8222970Z test result: ok. 5 passed; 0 failed; 0 ignored; 0 measured; 0 filtered out; finished in 0.10s
Rust	Test Rust workspace	2026-09-25T04:18:38.8223366Z 
Rust	Test Rust workspace	2026-09-25T04:18:38.8227455Z ^[[1m^[[92m     Running^[[0m tests/recovery_wal_corruption.rs (target/debug/deps/recovery_wal_corruption-2215a92f941971ab)
Rust	Test Rust workspace	2026-09-25T04:18:38.8239974Z 
Rust	Test Rust workspace	2026-09-25T04:18:38.8240089Z running 2 tests
Rust	Test Rust workspace	2026-09-25T04:18:38.9337223Z test invalid_assignment_wal_header_cannot_hide_committed_attachment_and_pending_requests ... ok
Rust	Test Rust workspace	2026-09-25T04:18:39.0875897Z test stale_committed_shm_cannot_hide_later_complete_wal_commits_or_change_the_original_copy ... ok
Rust	Test Rust workspace	2026-09-25T04:18:39.0876697Z 
Rust	Test Rust workspace	2026-09-25T04:18:39.0876976Z test result: ok. 2 passed; 0 failed; 0 ignored; 0 measured; 0 filtered out; finished in 0.26s
Rust	Test Rust workspace	2026-09-25T04:18:39.0877450Z 
Rust	Test Rust workspace	2026-09-25T04:18:39.0879729Z ^[[1m^[[92m     Running^[[0m tests/service_owner.rs (target/debug/deps/service_owner-4b8fe295ce9f2afd)
Rust	Test Rust workspace	2026-09-25T04:18:39.0890732Z 
Rust	Test Rust workspace	2026-09-25T04:18:39.0890851Z running 8 tests
Rust	Test Rust workspace	2026-09-25T04:18:39.0899132Z test invalid_journal_path_cannot_overwrite_the_ownership_file ... ok
Rust	Test Rust workspace	2026-09-25T04:18:39.0903816Z test directory_alias_cannot_bypass_the_service_owner ... ok
Rust	Test Rust workspace	2026-09-25T04:18:39.0904514Z test different_service_roots_do_not_impose_a_global_cell_owner ... ok
Rust	Test Rust workspace	2026-09-25T04:18:39.0905294Z test one_root_cannot_register_two_services_with_different_run_journals ... ok
Rust	Test Rust workspace	2026-09-25T04:18:39.0906051Z test ownership_symlink_is_rejected_without_touching_its_target ... ok
Rust	Test Rust workspace	2026-09-25T04:18:39.0906801Z test startup_failure_releases_ownership_without_removing_the_lock_file ... ok
Rust	Test Rust workspace	2026-09-25T04:18:39.0924341Z test ownership_special_files_are_rejected ... ok
Rust	Test Rust workspace	2026-09-25T04:18:39.1213668Z test entrypoint::competing_product_process_never_reaches_connect_and_failure_unlocks_root ... ok
Rust	Test Rust workspace	2026-09-25T04:18:39.1214376Z 
Rust	Test Rust workspace	2026-09-25T04:18:39.1214678Z test result: ok. 8 passed; 0 failed; 0 ignored; 0 measured; 0 filtered out; finished in 0.03s
Rust	Test Rust workspace	2026-09-25T04:18:39.1267783Z 
Rust	Test Rust workspace	2026-09-25T04:18:39.1268423Z ^[[1m^[[92m     Running^[[0m unittests src/lib.rs (target/debug/deps/rx_host-df22735102c41c31)
Rust	Test Rust workspace	2026-09-25T04:18:39.1268971Z 
Rust	Test Rust workspace	2026-09-25T04:18:39.1269127Z running 5 tests
Rust	Test Rust workspace	2026-09-25T04:18:39.1269663Z test service::guarded_tests::guarded_host_stopped_requires_final_adapter_proof_and_closed_admission ... ok
Rust	Test Rust workspace	2026-09-25T04:18:39.1270522Z test publication::tests::local_idle_ticks_do_not_extend_the_one_second_remote_probe_deadline ... ok
Rust	Test Rust workspace	2026-09-25T04:18:39.1355879Z test service::guarded_tests::host_report_failure_requests_stop_and_cannot_become_stopped_later ... ok
Rust	Test Rust workspace	2026-09-25T04:18:39.1529247Z test publication::tests::idle_remote_probe_detects_expired_session_without_new_evidence_or_native_effects ... ok
Rust	Test Rust workspace	2026-09-25T04:18:39.5911639Z test service::guarded_tests::unchanged_host_status_heartbeats_and_stays_terminal_after_finish ... ok
Rust	Test Rust workspace	2026-09-25T04:18:39.5912318Z 
Rust	Test Rust workspace	2026-09-25T04:18:39.5912531Z test result: ok. 5 passed; 0 failed; 0 ignored; 0 measured; 0 filtered out; finished in 0.47s
Rust	Test Rust workspace	2026-09-25T04:18:39.5912808Z 
Rust	Test Rust workspace	2026-09-25T04:18:39.5919783Z ^[[1m^[[92m     Running^[[0m unittests tests/support/crash_harness.rs (target/debug/deps/rx_host_crash_fixture-20ff3add287adc54)
Rust	Test Rust workspace	2026-09-25T04:18:39.5930539Z 
Rust	Test Rust workspace	2026-09-25T04:18:39.5930653Z running 0 tests
Rust	Test Rust workspace	2026-09-25T04:18:39.5931769Z 
Rust	Test Rust workspace	2026-09-25T04:18:39.5932078Z test result: ok. 0 passed; 0 failed; 0 ignored; 0 measured; 0 filtered out; finished in 0.00s
Rust	Test Rust workspace	2026-09-25T04:18:39.5932498Z 
Rust	Test Rust workspace	2026-09-25T04:18:39.5933163Z ^[[1m^[[92m     Running^[[0m unittests tests/support/recovery_native_fixture.rs (target/debug/deps/rx_host_recovery_fixture-1f4edec491d7f926)
Rust	Test Rust workspace	2026-09-25T04:18:39.5940352Z 
Rust	Test Rust workspace	2026-09-25T04:18:39.5940460Z running 0 tests
Rust	Test Rust workspace	2026-09-25T04:18:39.5940670Z 
Rust	Test Rust workspace	2026-09-25T04:18:39.5941040Z test result: ok. 0 passed; 0 failed; 0 ignored; 0 measured; 0 filtered out; finished in 0.00s
Rust	Test Rust workspace	2026-09-25T04:18:39.5941478Z 
Rust	Test Rust workspace	2026-09-25T04:18:39.5942677Z ^[[1m^[[92m     Running^[[0m unittests tests/support/sim_server.rs (target/debug/deps/rx_host_sim_server-227661cd7e23c6c2)
Rust	Test Rust workspace	2026-09-25T04:18:39.5950338Z 
Rust	Test Rust workspace	2026-09-25T04:18:39.5950471Z running 0 tests
Rust	Test Rust workspace	2026-09-25T04:18:39.5951818Z 
Rust	Test Rust workspace	2026-09-25T04:18:39.5952108Z test result: ok. 0 passed; 0 failed; 0 ignored; 0 measured; 0 filtered out; finished in 0.00s
Rust	Test Rust workspace	2026-09-25T04:18:39.5952511Z 
Rust	Test Rust workspace	2026-09-25T04:18:39.5953481Z ^[[1m^[[92m     Running^[[0m unittests src/bin/rx-hostd.rs (target/debug/deps/rx_hostd-4e6f676b3a598127)
Rust	Test Rust workspace	2026-09-25T04:18:39.5960216Z 
Rust	Test Rust workspace	2026-09-25T04:18:39.5960319Z running 0 tests
Rust	Test Rust workspace	2026-09-25T04:18:39.5960471Z 
Rust	Test Rust workspace	2026-09-25T04:18:39.5960786Z test result: ok. 0 passed; 0 failed; 0 ignored; 0 measured; 0 filtered out; finished in 0.00s
Rust	Test Rust workspace	2026-09-25T04:18:39.5961446Z 
Rust	Test Rust workspace	2026-09-25T04:18:39.5962187Z ^[[1m^[[92m     Running^[[0m tests/gate.rs (target/debug/deps/gate-86fb3e26722eb2a5)
Rust	Test Rust workspace	2026-09-25T04:18:39.5972567Z 
Rust	Test Rust workspace	2026-09-25T04:18:39.5972719Z running 30 tests
Rust	Test Rust workspace	2026-09-25T04:18:40.4018463Z test cancellation_arriving_before_prepare_creates_permanent_tombstone ... ok
Rust	Test Rust workspace	2026-09-25T04:18:40.4019719Z test configuration_commit_failure_has_no_receipt_context_or_consumed_slot ... ok
Rust	Test Rust workspace	2026-09-25T04:18:40.6165725Z test altered_permit_and_unapproved_intent_are_rejected_before_effect ... ok
Rust	Test Rust workspace	2026-09-25T04:18:40.9210051Z test configuration_cohort_is_complete_and_a_rejected_member_prevents_all_context_changes ... ok
Rust	Test Rust workspace	2026-09-25T04:18:41.9347636Z test configuration_missing_quiescence_does_not_create_applied_context ... ok
Rust	Test Rust workspace	2026-09-25T04:18:41.9378413Z test configuration_does_not_treat_prepared_native_work_as_quiescent ... ok
Rust	Test Rust workspace	2026-09-25T04:18:42.0395886Z test configuration_rejects_an_old_quiescence_observation ... ok
Rust	Test Rust workspace	2026-09-25T04:18:42.0693743Z test configuration_context_is_durable_unqualified_and_same_request_never_reapplies ... ok
Rust	Test Rust workspace	2026-09-25T04:18:42.8166544Z test configuration_scope_binding_and_fence_are_not_caller_success_claims ... ok
Rust	Test Rust workspace	2026-09-25T04:18:43.0767327Z test expiry_during_commit_does_not_enter_native_and_is_not_retried ... ok
Rust	Test Rust workspace	2026-09-25T04:18:43.1978652Z test late_fence_replay_cannot_remove_a_new_arm_or_rewind_epoch ... ok
Rust	Test Rust workspace	2026-09-25T04:18:43.9144509Z test evidence_publication_cursor_is_durable_scoped_and_never_accepts_a_foreign_ack ... ok
Rust	Test Rust workspace	2026-09-25T04:18:43.9200118Z test native_submission_serializes_fence_while_protection_is_independent ... ok
Rust	Test Rust workspace	2026-09-25T04:18:43.9271376Z test prepare_does_not_call_device_and_authorize_duplicates_are_receipt_lookup ... ok
Rust	Test Rust workspace	2026-09-25T04:18:43.9337723Z test prepared_rebind_retires_old_permit_permanently ... ok
Rust	Test Rust workspace	2026-09-25T04:18:43.9576114Z test qualification_tests::qualification_commit_failure_rolls_back_cohort_receipt_and_slot ... ok
Rust	Test Rust workspace	2026-09-25T04:18:43.9640212Z test qualification_tests::qualification_arm_rejects_partial_clearance_and_any_changed_cohort_member ... ok
Rust	Test Rust workspace	2026-09-25T04:18:43.9703154Z test qualification_tests::qualification_full_cohort_is_atomic_and_a_wrong_member_cannot_be_accepted ... ok
Rust	Test Rust workspace	2026-09-25T04:18:43.9884255Z test qualification_tests::qualification_acceptance_preserves_blocks_requires_explicit_arm_and_rejects_old_qualification ... ok
Rust	Test Rust workspace	2026-09-25T04:18:43.9968724Z test qualification_tests::qualification_identity_cannot_be_reused_for_different_evidence_and_empty_scope_grants_no_operations ... ok
Rust	Test Rust workspace	2026-09-25T04:18:44.0064826Z test qualification_tests::qualification_restart_keeps_receipt_and_never_restores_applicability_or_arm ... ok
Rust	Test Rust workspace	2026-09-25T04:18:44.0247764Z test renewal_replay_does_not_extend_expiry_and_expired_grant_stays_expired ... ok
Rust	Test Rust workspace	2026-09-25T04:18:44.0347461Z test qualification_tests::qualification_same_key_same_review_and_changed_scope_cannot_replace_accepted_identity ... ok
Rust	Test Rust workspace	2026-09-25T04:18:44.0361983Z test same_grant_fence_requires_same_request_identity ... ok
Rust	Test Rust workspace	2026-09-25T04:18:44.0377241Z test qualification_tests::qualification_revalidation_does_not_hide_prepared_native_work ... ok
Rust	Test Rust workspace	2026-09-25T04:18:44.0381957Z test simulated_device_has_an_independent_exclusive_owner ... ok
Rust	Test Rust workspace	2026-09-25T04:18:44.0493668Z test stable_handover_is_not_permission_to_drop_an_adapter ... ok
Rust	Test Rust workspace	2026-09-25T04:18:44.0540184Z test service_stop_latch_interrupts_the_pre_native_boundary_without_waiting_for_gate_lock ... ok
Rust	Test Rust workspace	2026-09-25T04:18:44.0541102Z test service_stop_latches_before_database_access_and_preserves_uncertain_work ... ok
Rust	Test Rust workspace	2026-09-25T04:18:44.0811083Z test qualification_tests::qualification_requires_supported_fresh_local_quiescence ... ok
Rust	Test Rust workspace	2026-09-25T04:18:44.0811574Z 
Rust	Test Rust workspace	2026-09-25T04:18:44.0811846Z test result: ok. 30 passed; 0 failed; 0 ignored; 0 measured; 0 filtered out; finished in 4.48s
Rust	Test Rust workspace	2026-09-25T04:18:44.0812115Z 
Rust	Test Rust workspace	2026-09-25T04:18:44.0816455Z ^[[1m^[[92m     Running^[[0m tests/guarded_status.rs (target/debug/deps/guarded_status-fa67fb3aa52bf4fb)
Rust	Test Rust workspace	2026-09-25T04:18:44.0833740Z 
Rust	Test Rust workspace	2026-09-25T04:18:44.0833849Z running 3 tests
Rust	Test Rust workspace	2026-09-25T04:18:44.0836474Z test held_adapter_startup_status_failure_fixture ... ignored, isolated environment fixture invoked by the bounded parent test
Rust	Test Rust workspace	2026-09-25T04:18:44.1243998Z test invalid_guarded_writer_fails_before_passive_native_open_or_rpc_admission ... ok
Rust	Test Rust workspace	2026-09-25T04:18:45.6583944Z test reporter_failure_after_native_open_waits_for_explicit_adapter_drop_permission ... ok
Rust	Test Rust workspace	2026-09-25T04:18:45.6584495Z 
Rust	Test Rust workspace	2026-09-25T04:18:45.6584807Z test result: ok. 2 passed; 0 failed; 1 ignored; 0 measured; 0 filtered out; finished in 1.57s
Rust	Test Rust workspace	2026-09-25T04:18:45.6589173Z ^[[1m^[[92m     Running^[[0m tests/melsec.rs (target/debug/deps/melsec-1bc12d0043596827)
Rust	Test Rust workspace	2026-09-25T04:18:45.6589572Z 
Rust	Test Rust workspace	2026-09-25T04:18:45.6602297Z 
Rust	Test Rust workspace	2026-09-25T04:18:45.6602513Z running 15 tests
Rust	Test Rust workspace	2026-09-25T04:18:45.6809519Z test ack_is_pending_and_only_later_independent_sensor_observation_captures ... ok
Rust	Test Rust workspace	2026-09-25T04:18:45.8646549Z test abrupt_exit_at_native_commit_and_write_boundaries_never_replays ... ok
Rust	Test Rust workspace	2026-09-25T04:18:46.0957395Z test actual_host_gate_journal_reconcile_evidence_and_stop_use_melsec_adapter ... ok
Rust	Test Rust workspace	2026-09-25T04:18:46.1757090Z test already_satisfied_state_records_evidence_without_a_native_write ... ok
Rust	Test Rust workspace	2026-09-25T04:18:46.2239231Z test captured_original_session_survives_restart_but_uncaptured_ack_does_not ... ok
Rust	Test Rust workspace	2026-09-25T04:18:46.2404538Z test corrupted_completion_record_is_not_adopted_as_historical_fact ... ok
Rust	Test Rust workspace	2026-09-25T04:18:46.2549782Z test final_native_read_after_journal_commit_rechecks_ready_without_resend ... ok
Rust	Test Rust workspace	2026-09-25T04:18:46.2550586Z test melsec_crash_child ... ignored, executed only as an isolated child by the crash-boundary test
Rust	Test Rust workspace	2026-09-25T04:18:46.3859478Z test final_read_within_transport_budget_but_beyond_guard_lifetime_cannot_write ... ok
Rust	Test Rust workspace	2026-09-25T04:18:46.4041717Z test linux_real_boottime_adapter_observation_write_completion_and_drop ... ok
Rust	Test Rust workspace	2026-09-25T04:18:46.4511762Z test lost_reply_and_new_process_never_resubmit_or_clear_pending ... ok
Rust	Test Rust workspace	2026-09-25T04:18:46.4598475Z test new_or_replaced_journal_and_mismatched_profile_are_rejected_without_native_io ... ok
Rust	Test Rust workspace	2026-09-25T04:18:46.5812411Z test profile_and_intent_scope_fail_before_native_writes ... ok
Rust	Test Rust workspace	2026-09-25T04:18:46.6232045Z test publication_generation_regression_stale_and_inconsistent_images_latch ... ok
Rust	Test Rust workspace	2026-09-25T04:18:46.6339638Z test valid_support_does_not_imply_drop_permission_and_protection_does_not_release_chuck ... ok
Rust	Test Rust workspace	2026-09-25T04:18:46.6340125Z 
Rust	Test Rust workspace	2026-09-25T04:18:46.6340358Z test result: ok. 14 passed; 0 failed; 1 ignored; 0 measured; 0 filtered out; finished in 0.97s
Rust	Test Rust workspace	2026-09-25T04:18:46.6340632Z 
Rust	Test Rust workspace	2026-09-25T04:18:46.6345179Z ^[[1m^[[92m     Running^[[0m tests/melsec_service.rs (target/debug/deps/melsec_service-e5c06524b15f8d9b)
Rust	Test Rust workspace	2026-09-25T04:18:46.6363548Z 
Rust	Test Rust workspace	2026-09-25T04:18:46.6363689Z running 7 tests
Rust	Test Rust workspace	2026-09-25T04:18:46.6366089Z test export_melsec_image_fixture ... ignored, exports signed, test-only loopback configuration for the product image test
Rust	Test Rust workspace	2026-09-25T04:18:46.9107361Z test physical_metadata_requires_current_qualification_and_separate_arm_on_loopback ... ok
Rust	Test Rust workspace	2026-09-25T04:18:46.9920387Z test physical_startup_qualification_id_does_not_authorize_arm ... ok
Rust	Test Rust workspace	2026-09-25T04:18:47.1428505Z test signature_content_policy_asset_release_and_binding_tampering_fail_before_initialization ... ok
Rust	Test Rust workspace	2026-09-25T04:18:47.1805546Z test product_composition_initializes_starts_and_stops_the_signed_melsec_package ... ok
Rust	Test Rust workspace	2026-09-25T04:18:47.2524312Z test signed_device_package_binds_release_profile_assets_and_exact_cell_without_io ... ok
Rust	Test Rust workspace	2026-09-25T04:18:47.4043691Z test validly_signed_wrong_release_controller_or_installation_is_rejected ... ok
Rust	Test Rust workspace	2026-09-25T04:18:47.4044165Z 
Rust	Test Rust workspace	2026-09-25T04:18:47.4044462Z test result: ok. 6 passed; 0 failed; 1 ignored; 0 measured; 0 filtered out; finished in 0.77s
Rust	Test Rust workspace	2026-09-25T04:18:47.4044870Z 
Rust	Test Rust workspace	2026-09-25T04:18:47.4052219Z ^[[1m^[[92m     Running^[[0m tests/mtls.rs (target/debug/deps/mtls-40f5ff0468ce98ea)
Rust	Test Rust workspace	2026-09-25T04:18:47.4069556Z 
Rust	Test Rust workspace	2026-09-25T04:18:47.4069781Z running 5 tests
Rust	Test Rust workspace	2026-09-25T04:18:47.5591498Z test cell_manifest_and_session_are_mandatory_before_grant ... ok
Rust	Test Rust workspace	2026-09-25T04:18:47.5768432Z test changed_content_under_rpc_key_is_rejected_and_legacy_dispatch_cannot_bypass_cell ... ok
Rust	Test Rust workspace	2026-09-25T04:18:47.5799343Z test concurrent_hello_retries_produce_one_usable_session ... ok
Rust	Test Rust workspace	2026-09-25T04:18:47.5804813Z test valid_ca_without_registered_fingerprint_cannot_impersonate_platform ... ok
Rust	Test Rust workspace	2026-09-25T04:18:47.5924653Z test mtls_negotiation_prepare_authorize_and_evidence_roundtrip ... ok
Rust	Test Rust workspace	2026-09-25T04:18:47.5924917Z 
Rust	Test Rust workspace	2026-09-25T04:18:47.5925125Z test result: ok. 5 passed; 0 failed; 0 ignored; 0 measured; 0 filtered out; finished in 0.19s
Rust	Test Rust workspace	2026-09-25T04:18:47.5925396Z 
Rust	Test Rust workspace	2026-09-25T04:18:47.5935812Z ^[[1m^[[92m     Running^[[0m tests/process_crash.rs (target/debug/deps/process_crash-5848a73335cc7f5e)
Rust	Test Rust workspace	2026-09-25T04:18:47.5946376Z 
Rust	Test Rust workspace	2026-09-25T04:18:47.5946493Z running 3 tests
Rust	Test Rust workspace	2026-09-25T04:18:47.6178241Z test configuration_commit_survives_sigkill_before_reply_without_restoring_arm ... ok
Rust	Test Rust workspace	2026-09-25T04:18:47.6261581Z test qualification_commit_survives_sigkill_before_reply_without_restoring_authority ... ok
Rust	Test Rust workspace	2026-09-25T04:18:47.7883600Z test sigkill_at_both_journal_native_boundaries_never_replays_device_effect ... ok
Rust	Test Rust workspace	2026-09-25T04:18:47.7884129Z 
Rust	Test Rust workspace	2026-09-25T04:18:47.7884449Z test result: ok. 3 passed; 0 failed; 0 ignored; 0 measured; 0 filtered out; finished in 0.19s
Rust	Test Rust workspace	2026-09-25T04:18:47.7884720Z 
Rust	Test Rust workspace	2026-09-25T04:18:47.7885805Z ^[[1m^[[92m     Running^[[0m tests/ros_jtc.rs (target/debug/deps/ros_jtc-4a09c0d1838f5d18)
Rust	Test Rust workspace	2026-09-25T04:18:47.7897867Z 
Rust	Test Rust workspace	2026-09-25T04:18:47.7897993Z running 12 tests
Rust	Test Rust workspace	2026-09-25T04:18:47.7914739Z test actual_rust_host_to_cpp_bridge_to_ros_action_preserves_original_goal ... ignored, requires the isolated real ROS simulator and shipped bridge binary
Rust	Test Rust workspace	2026-09-25T04:18:47.8195934Z test action_completion_does_not_close_bridge_until_support_and_child_exit_are_proven ... ok
Rust	Test Rust workspace	2026-09-25T04:18:47.8196646Z test crash_jtc_child ... ignored, child-only abrupt-exit fixture
Rust	Test Rust workspace	2026-09-25T04:18:48.0524201Z test abrupt_exit_at_each_native_boundary_preserves_entry_and_never_replays ... ok
Rust	Test Rust workspace	2026-09-25T04:18:48.4767481Z test bound_jtc_outcome_table_interprets_native_captures_without_code_zero_fallback ... ok
Rust	Test Rust workspace	2026-09-25T04:18:48.5037336Z test contradictory_result_is_stored_without_success_capture ... ok
Rust	Test Rust workspace	2026-09-25T04:18:48.5425016Z test host_dispatch_context_survives_native_journal_and_rejects_expiry_or_generation_change ... ok
Rust	Test Rust workspace	2026-09-25T04:18:48.5734447Z test independent_generation_ownership_and_drop_proof_are_required ... ok
Rust	Test Rust workspace	2026-09-25T04:18:48.5802583Z test simulation_fixture_profile_cannot_claim_physical_equipment ... ok
Rust	Test Rust workspace	2026-09-25T04:18:48.7281767Z test journal_identity_loss_and_corrupt_capture_cannot_be_adopted ... ok
Rust	Test Rust workspace	2026-09-25T04:18:48.7478058Z test missing_authority_or_changed_artifact_never_dispatches ... ok
Rust	Test Rust workspace	2026-09-25T04:18:48.7993643Z test native_journal_prevents_resend_and_new_id_bypass_after_reply_loss_and_reopen ... ok
Rust	Test Rust workspace	2026-09-25T04:18:48.7994111Z 
Rust	Test Rust workspace	2026-09-25T04:18:48.7994398Z test result: ok. 10 passed; 0 failed; 2 ignored; 0 measured; 0 filtered out; finished in 1.01s
Rust	Test Rust workspace	2026-09-25T04:18:48.7994814Z 
Rust	Test Rust workspace	2026-09-25T04:18:48.7998775Z ^[[1m^[[92m     Running^[[0m tests/ros_process.rs (target/debug/deps/ros_process-ac3dda2f3e13de17)
Rust	Test Rust workspace	2026-09-25T04:18:48.8010511Z 
Rust	Test Rust workspace	2026-09-25T04:18:48.8010656Z running 3 tests
Rust	Test Rust workspace	2026-09-25T04:18:48.8029068Z test executable_pin_and_configuration_are_checked_before_spawn ... ok
Rust	Test Rust workspace	2026-09-25T04:18:48.8651097Z test owned_executable_copy_and_bounded_pipes_preserve_context_and_close_without_kill ... ok
Rust	Test Rust workspace	2026-09-25T04:18:49.1327257Z test timeout_oversize_and_wrong_instance_permanently_fault_the_pipe ... ok
Rust	Test Rust workspace	2026-09-25T04:18:49.1327764Z 
Rust	Test Rust workspace	2026-09-25T04:18:49.1328090Z test result: ok. 3 passed; 0 failed; 0 ignored; 0 measured; 0 filtered out; finished in 0.33s
Rust	Test Rust workspace	2026-09-25T04:18:49.1328513Z 
Rust	Test Rust workspace	2026-09-25T04:18:49.1337852Z ^[[1m^[[92m     Running^[[0m tests/service.rs (target/debug/deps/service-342c7885d86f93b6)
Rust	Test Rust workspace	2026-09-25T04:18:49.1358798Z 
Rust	Test Rust workspace	2026-09-25T04:18:49.1358995Z running 16 tests
Rust	Test Rust workspace	2026-09-25T04:18:49.1374185Z test export_host_image_fixture ... ignored, exports isolated container fixture
Rust	Test Rust workspace	2026-09-25T04:18:49.1500519Z test binding_inspection_compares_full_cohort_without_creating_installation_or_restoring_authority ... ok
Rust	Test Rust workspace	2026-09-25T04:18:49.1744471Z test initialization_cannot_replace_a_concurrently_created_empty_destination ... ok
Rust	Test Rust workspace	2026-09-25T04:18:49.1745417Z test empty_replacement_database_is_not_reinitialized_as_a_fresh_host ... ok
Rust	Test Rust workspace	2026-09-25T04:18:49.1746410Z test maintenance_crash_child ... ignored, abrupt-exit helper invoked only by the maintenance crash test
Rust	Test Rust workspace	2026-09-25T04:18:49.4737223Z test maintenance_requires_descriptor_feature_marker_and_does_not_silently_upgrade_legacy_installations ... ok
Rust	Test Rust workspace	2026-09-25T04:18:49.7175885Z test normal_stop_retains_adapter_until_drop_permission_is_explicit ... ok
Rust	Test Rust workspace	2026-09-25T04:18:49.7279967Z test failed_startup_invalidates_old_stop_even_when_old_status_file_still_says_stopped ... ok
Rust	Test Rust workspace	2026-09-25T04:18:49.7290263Z test operational_state_changes_after_stop_invalidate_preparation_without_reinitializing_the_journal ... ok
Rust	Test Rust workspace	2026-09-25T04:18:49.7301069Z test durable_maintenance_requires_real_stop_recovers_same_request_and_blocks_startup_until_cancelled ... ok
Rust	Test Rust workspace	2026-09-25T04:18:49.7443888Z test startup_rejects_a_symlink_at_the_actual_host_writer_lock_path ... ok
Rust	Test Rust workspace	2026-09-25T04:18:49.7510632Z test startup_rejects_policy_tampering_unknown_fields_and_unimplemented_physical_backend ... ok
Rust	Test Rust workspace	2026-09-25T04:18:49.8746940Z test preparation_cannot_swap_both_current_and_proposed_around_the_actual_stopped_startup ... ok
Rust	Test Rust workspace	2026-09-25T04:18:49.9645648Z test product_composition_has_immutable_installation_real_owner_and_clean_software_stop ... ok
Rust	Test Rust workspace	2026-09-25T04:18:50.0234283Z test unavailable_runtime_lock_refuses_service_without_claiming_a_known_owner ... ok
Rust	Test Rust workspace	2026-09-25T04:18:50.0318087Z test preparation_commit_crashes_preserve_atomicity_and_durable_same_request_recovery ... ok
Rust	Test Rust workspace	2026-09-25T04:18:50.0318581Z 
Rust	Test Rust workspace	2026-09-25T04:18:50.0318866Z test result: ok. 14 passed; 0 failed; 2 ignored; 0 measured; 0 filtered out; finished in 0.90s
Rust	Test Rust workspace	2026-09-25T04:18:50.0319127Z 
Rust	Test Rust workspace	2026-09-25T04:18:50.0326164Z ^[[1m^[[92m     Running^[[0m unittests src/lib.rs (target/debug/deps/rx_melsec_mc-77986d4f92d89cf4)
Rust	Test Rust workspace	2026-09-25T04:18:50.0335588Z 
Rust	Test Rust workspace	2026-09-25T04:18:50.0335706Z running 0 tests
Rust	Test Rust workspace	2026-09-25T04:18:50.0336113Z 
Rust	Test Rust workspace	2026-09-25T04:18:50.0336313Z test result: ok. 0 passed; 0 failed; 0 ignored; 0 measured; 0 filtered out; finished in 0.00s
Rust	Test Rust workspace	2026-09-25T04:18:50.0336626Z 
Rust	Test Rust workspace	2026-09-25T04:18:50.0347032Z 
Rust	Test Rust workspace	2026-09-25T04:18:50.0347243Z running 12 tests
Rust	Test Rust workspace	2026-09-25T04:18:50.0351185Z ^[[1m^[[92m     Running^[[0m tests/transport.rs (target/debug/deps/transport-5b7a848e485e449c)
Rust	Test Rust workspace	2026-09-25T04:18:50.0353733Z test denied_addresses_and_zero_or_oversize_reads_send_no_bytes ... ok
Rust	Test Rust workspace	2026-09-25T04:18:50.0354357Z test documented_bit_read_and_word_read_vectors_over_fragmented_tcp ... ok
Rust	Test Rust workspace	2026-09-25T04:18:50.0359626Z test invalid_configuration_fails_before_a_connection_attempt ... ok
Rust	Test Rust workspace	2026-09-25T04:18:50.0360212Z test explicit_route_bytes_and_24_bit_addresses_are_preserved ... ok
Rust	Test Rust workspace	2026-09-25T04:18:50.0360800Z test lost_write_response_preserves_uncertainty_and_never_resends ... ok
Rust	Test Rust workspace	2026-09-25T04:18:50.0361353Z test passive_connect_and_drop_never_send_plc_commands ... ok
Rust	Test Rust workspace	2026-09-25T04:18:50.0361889Z test mapped_single_bit_write_ack_does_not_claim_physical_completion ... ok
Rust	Test Rust workspace	2026-09-25T04:18:50.0363571Z test plc_error_code_is_preserved_without_assuming_write_nonexecution ... ok
Rust	Test Rust workspace	2026-09-25T04:18:50.0364189Z test profile_is_explicit_bounded_and_simulation_cannot_target_the_site ... ok
Rust	Test Rust workspace	2026-09-25T04:18:50.0366752Z test write_ack_payload_cannot_smuggle_a_completion_value ... ok
Rust	Test Rust workspace	2026-09-25T04:18:50.0375346Z test malformed_headers_lengths_end_codes_and_payloads_fault_the_connection ... ok
Rust	Test Rust workspace	2026-09-25T04:18:50.1873408Z test total_deadline_is_not_extended_by_a_slow_trickle ... ok
Rust	Test Rust workspace	2026-09-25T04:18:50.1873798Z 
Rust	Test Rust workspace	2026-09-25T04:18:50.1874045Z test result: ok. 12 passed; 0 failed; 0 ignored; 0 measured; 0 filtered out; finished in 0.15s
Rust	Test Rust workspace	2026-09-25T04:18:50.1874349Z 
Rust	Test Rust workspace	2026-09-25T04:18:50.1876739Z ^[[1m^[[92m     Running^[[0m unittests src/lib.rs (target/debug/deps/rx_process-fc69fd54e9218f3d)
Rust	Test Rust workspace	2026-09-25T04:18:50.1887306Z 
Rust	Test Rust workspace	2026-09-25T04:18:50.1887438Z running 0 tests
Rust	Test Rust workspace	2026-09-25T04:18:50.1888769Z 
Rust	Test Rust workspace	2026-09-25T04:18:50.1889072Z test result: ok. 0 passed; 0 failed; 0 ignored; 0 measured; 0 filtered out; finished in 0.00s
Rust	Test Rust workspace	2026-09-25T04:18:50.1889497Z 
Rust	Test Rust workspace	2026-09-25T04:18:50.1890049Z ^[[1m^[[92m     Running^[[0m unittests src/bin/rx-process-compile.rs (target/debug/deps/rx_process_compile-a607862fe73c2429)
Rust	Test Rust workspace	2026-09-25T04:18:50.1897271Z 
Rust	Test Rust workspace	2026-09-25T04:18:50.1897484Z running 0 tests
Rust	Test Rust workspace	2026-09-25T04:18:50.1898681Z 
Rust	Test Rust workspace	2026-09-25T04:18:50.1898960Z test result: ok. 0 passed; 0 failed; 0 ignored; 0 measured; 0 filtered out; finished in 0.00s
Rust	Test Rust workspace	2026-09-25T04:18:50.1899370Z 
Rust	Test Rust workspace	2026-09-25T04:18:50.1900159Z ^[[1m^[[92m     Running^[[0m tests/n1_handover.rs (target/debug/deps/n1_handover-6be6fad83f307e2c)
Rust	Test Rust workspace	2026-09-25T04:18:50.1908170Z 
Rust	Test Rust workspace	2026-09-25T04:18:50.1908293Z running 2 tests
Rust	Test Rust workspace	2026-09-25T04:18:50.2021054Z test n1_cross_host_support_collision_is_not_hidden_by_controller_names ... ok
Rust	Test Rust workspace	2026-09-25T04:18:50.2399864Z test n1_command_handover_and_lost_response_trace ... ok
Rust	Test Rust workspace	2026-09-25T04:18:50.2400235Z 
Rust	Test Rust workspace	2026-09-25T04:18:50.2400525Z test result: ok. 2 passed; 0 failed; 0 ignored; 0 measured; 0 filtered out; finished in 0.05s
Rust	Test Rust workspace	2026-09-25T04:18:50.2400868Z 
Rust	Test Rust workspace	2026-09-25T04:18:50.2403493Z ^[[1m^[[92m     Running^[[0m tests/package.rs (target/debug/deps/package-7608c13ab0f18341)
Rust	Test Rust workspace	2026-09-25T04:18:50.2413846Z 
Rust	Test Rust workspace	2026-09-25T04:18:50.2413979Z running 1 test
Rust	Test Rust workspace	2026-09-25T04:18:50.2654987Z test verified_content_still_requires_process_semantic_validation ... ok
Rust	Test Rust workspace	2026-09-25T04:18:50.2655385Z 
Rust	Test Rust workspace	2026-09-25T04:18:50.2655685Z test result: ok. 1 passed; 0 failed; 0 ignored; 0 measured; 0 filtered out; finished in 0.02s
Rust	Test Rust workspace	2026-09-25T04:18:50.2656099Z 
Rust	Test Rust workspace	2026-09-25T04:18:50.2657287Z ^[[1m^[[92m     Running^[[0m tests/process.rs (target/debug/deps/process-1449fc5be981f8af)
Rust	Test Rust workspace	2026-09-25T04:18:50.2666689Z 
Rust	Test Rust workspace	2026-09-25T04:18:50.2666808Z running 10 tests
Rust	Test Rust workspace	2026-09-25T04:18:50.2717227Z test branches_require_a_committed_choice_and_reject_opposite_branch_history ... ok
Rust	Test Rust workspace	2026-09-25T04:18:50.2742259Z test incomplete_history_and_recursive_subflows_do_not_create_new_work ... ok
Rust	Test Rust workspace	2026-09-25T04:18:50.2753829Z test parallel_checks_resolved_resource_conflicts_and_suppresses_new_work_on_unknown ... ok
Rust	Test Rust workspace	2026-09-25T04:18:50.2755055Z test malformed_or_unbounded_source_and_partial_progress_are_rejected ... ok
Rust	Test Rust workspace	2026-09-25T04:18:50.2770277Z test sequence_waits_for_authoritative_completion_and_resource_handover ... ok
Rust	Test Rust workspace	2026-09-25T04:18:50.2793721Z test repeat_and_subflow_expand_into_distinct_stable_occurrences ... ok
Rust	Test Rust workspace	2026-09-25T04:18:50.2823917Z test waits_and_interventions_require_recorded_decisions_without_local_timeout_success ... ok
Rust	Test Rust workspace	2026-09-25T04:18:50.2860339Z test unknown_and_disputed_results_never_become_failure_or_a_new_attempt ... ok
Rust	Test Rust workspace	2026-09-25T04:18:50.2863062Z test source_link_checks_repeat_count_and_call_instantiation ... ok
Rust	Test Rust workspace	2026-09-25T04:18:50.2879120Z test source_link_rejects_reordered_children_and_swapped_branch_arms_with_valid_node_ids ... ok
Rust	Test Rust workspace	2026-09-25T04:18:50.2879606Z 
Rust	Test Rust workspace	2026-09-25T04:18:50.2879900Z test result: ok. 10 passed; 0 failed; 0 ignored; 0 measured; 0 filtered out; finished in 0.02s
Rust	Test Rust workspace	2026-09-25T04:18:50.2880376Z 
Rust	Test Rust workspace	2026-09-25T04:18:50.2881670Z ^[[1m^[[92m     Running^[[0m unittests src/lib.rs (target/debug/deps/rx_process_package-a6631ca49ab4727f)
Rust	Test Rust workspace	2026-09-25T04:18:50.2890333Z 
Rust	Test Rust workspace	2026-09-25T04:18:50.2890448Z running 0 tests
Rust	Test Rust workspace	2026-09-25T04:18:50.2891818Z 
Rust	Test Rust workspace	2026-09-25T04:18:50.2892116Z test result: ok. 0 passed; 0 failed; 0 ignored; 0 measured; 0 filtered out; finished in 0.00s
Rust	Test Rust workspace	2026-09-25T04:18:50.2892534Z 
Rust	Test Rust workspace	2026-09-25T04:18:50.2893357Z ^[[1m^[[92m     Running^[[0m unittests src/bin/rx-process-package.rs (target/debug/deps/rx_process_package-c5428826a3928468)
Rust	Test Rust workspace	2026-09-25T04:18:50.2900309Z 
Rust	Test Rust workspace	2026-09-25T04:18:50.2900419Z running 0 tests
Rust	Test Rust workspace	2026-09-25T04:18:50.2901831Z 
Rust	Test Rust workspace	2026-09-25T04:18:50.2902148Z test result: ok. 0 passed; 0 failed; 0 ignored; 0 measured; 0 filtered out; finished in 0.00s
Rust	Test Rust workspace	2026-09-25T04:18:50.2902573Z 
Rust	Test Rust workspace	2026-09-25T04:18:50.2903563Z ^[[1m^[[92m     Running^[[0m tests/package.rs (target/debug/deps/package-69f11c7625bbe923)
Rust	Test Rust workspace	2026-09-25T04:18:50.2912211Z 
Rust	Test Rust workspace	2026-09-25T04:18:50.2912322Z running 15 tests
Rust	Test Rust workspace	2026-09-25T04:18:50.3143814Z test a_valid_signature_does_not_hide_inconsistent_packaged_compile_inputs ... ok
Rust	Test Rust workspace	2026-09-25T04:18:50.3159424Z test export_device_process_review_authority ... ignored
Rust	Test Rust workspace	2026-09-25T04:18:50.3160473Z test export_process_authoring_key ... ignored, exports a test-only public PROCESS signing key for mixed ABI policy integration
Rust	Test Rust workspace	2026-09-25T04:18:50.3161300Z test external_signer_fixture_can_sign_a_caller_selected_local_test_candidate ... ok
Rust	Test Rust workspace	2026-09-25T04:18:50.3161925Z test device_provenance_survives_signed_package_and_actual_recompilation ... ok
Rust	Test Rust workspace	2026-09-25T04:18:50.3174039Z test deterministic_candidate_detached_signature_and_recompilation_preserve_input_identity ... ok
Rust	Test Rust workspace	2026-09-25T04:18:50.3253152Z test missing_program_artifacts_and_parallel_resource_conflicts_block_assembly ... ok
Rust	Test Rust workspace	2026-09-25T04:18:50.3253833Z test sign_device_process_review ... ignored
Rust	Test Rust workspace	2026-09-25T04:18:50.3254652Z test sign_mixed_process_request ... ignored, test-only external package signer for the isolated mixed-policy harness
Rust	Test Rust workspace	2026-09-25T04:18:50.3294129Z test fixture_for_external_signing_demo_is_explicit_and_never_a_default_production_key ... ok
Rust	Test Rust workspace	2026-09-25T04:18:50.3363498Z test candidate_publication_does_not_overwrite_and_signed_directory_has_exact_inventory ... ok
Rust	Test Rust workspace	2026-09-25T04:18:50.3415256Z test policy_assets_are_read_and_dependency_files_are_verified_under_current_trust ... ok
Rust	Test Rust workspace	2026-09-25T04:18:50.3494856Z test signed_but_inconsistent_process_produces_failure_report_without_resolved_artifact ... ok
Rust	Test Rust workspace	2026-09-25T04:18:50.3506777Z test signer_scope_key_alias_and_content_changes_do_not_gain_trust ... ok
Rust	Test Rust workspace	2026-09-25T04:18:50.3631324Z test verification_report_uses_actual_signed_compilation_and_binds_request_policy ... ok
Rust	Test Rust workspace	2026-09-25T04:18:50.3631787Z 
Rust	Test Rust workspace	2026-09-25T04:18:50.3632078Z test result: ok. 11 passed; 0 failed; 4 ignored; 0 measured; 0 filtered out; finished in 0.07s
Rust	Test Rust workspace	2026-09-25T04:18:50.3632348Z 
Rust	Test Rust workspace	2026-09-25T04:18:50.3635526Z ^[[1m^[[92m     Running^[[0m unittests src/lib.rs (target/debug/deps/rx_service_status-8ebaccd1a8145767)
Rust	Test Rust workspace	2026-09-25T04:18:50.3646026Z 
Rust	Test Rust workspace	2026-09-25T04:18:50.3646153Z running 14 tests
Rust	Test Rust workspace	2026-09-25T04:18:50.3651350Z test support::tests::legacy_text_is_not_a_typed_ownership_failure ... ok
Rust	Test Rust workspace	2026-09-25T04:18:50.3668953Z test tests::host_role_installation_identity_instance_and_pid_are_exact ... ok
Rust	Test Rust workspace	2026-09-25T04:18:50.3673869Z test tests::executor_cell_journal_and_configuration_are_exact_scope ... ok
Rust	Test Rust workspace	2026-09-25T04:18:50.3679144Z test tests::atomic_publication_keeps_old_readers_on_a_complete_old_file ... ok
Rust	Test Rust workspace	2026-09-25T04:18:50.3687588Z test tests::malformed_or_removed_owned_status_cannot_be_silently_recreated ... ok
Rust	Test Rust workspace	2026-09-25T04:18:50.3698752Z test tests::product_reader_and_reporter_clock_use_linux_boottime ... ok
Rust	Test Rust workspace	2026-09-25T04:18:50.3704436Z test tests::lifecycle_publication_preserves_exact_source_time_and_owner ... ok
Rust	Test Rust workspace	2026-09-25T04:18:50.3712183Z test tests::reader_preserves_same_sequence_content_changes_for_supervisor_comparison ... ok
Rust	Test Rust workspace	2026-09-25T04:18:50.3713033Z test tests::one_writer_rejects_foreign_owner_and_content_replacement ... ok
Rust	Test Rust workspace	2026-09-25T04:18:50.3717345Z test tests::status_path_opts_in_without_breaking_legacy_instance_id_only_environment ... ok
Rust	Test Rust workspace	2026-09-25T04:18:50.3729064Z test tests::stale_future_and_other_clock_observations_are_rejected_without_refresh ... ok
Rust	Test Rust workspace	2026-09-25T04:18:50.3730149Z test tests::reporter_clock_regression_and_sequence_overflow_do_not_replace_last_state ... ok
Rust	Test Rust workspace	2026-09-25T04:18:50.3737250Z test tests::symlinks_special_files_and_missing_parent_are_errors_not_absence ... ok
Rust	Test Rust workspace	2026-09-25T04:18:50.3756804Z test tests::schema_zero_sequence_and_strict_payload_shape_are_enforced ... ok
Rust	Test Rust workspace	2026-09-25T04:18:50.3757208Z 
Rust	Test Rust workspace	2026-09-25T04:18:50.3757518Z test result: ok. 14 passed; 0 failed; 0 ignored; 0 measured; 0 filtered out; finished in 0.01s
Rust	Test Rust workspace	2026-09-25T04:18:50.3757981Z 
Rust	Test Rust workspace	2026-09-25T04:18:50.3759350Z ^[[1m^[[92m     Running^[[0m unittests src/lib.rs (target/debug/deps/rx_solution_catalog-bc5d864cce88e209)
Rust	Test Rust workspace	2026-09-25T04:18:50.3767873Z 
Rust	Test Rust workspace	2026-09-25T04:18:50.3768002Z running 0 tests
Rust	Test Rust workspace	2026-09-25T04:18:50.3768156Z 
Rust	Test Rust workspace	2026-09-25T04:18:50.3768469Z test result: ok. 0 passed; 0 failed; 0 ignored; 0 measured; 0 filtered out; finished in 0.00s
Rust	Test Rust workspace	2026-09-25T04:18:50.3768886Z 
Rust	Test Rust workspace	2026-09-25T04:18:50.3769972Z ^[[1m^[[92m     Running^[[0m tests/builtin.rs (target/debug/deps/builtin-962fef28c043b508)
Rust	Test Rust workspace	2026-09-25T04:18:50.3778241Z 
Rust	Test Rust workspace	2026-09-25T04:18:50.3778377Z running 3 tests
Rust	Test Rust workspace	2026-09-25T04:18:50.3788935Z test builtin_is_explicit_simulation_with_independent_joint_sets ... ok
Rust	Test Rust workspace	2026-09-25T04:18:50.3789339Z test external_sources_are_vendor_neutral_and_still_revision_bound ... ok
Rust	Test Rust workspace	2026-09-25T04:18:50.3802622Z test provenance_and_commissioning_cannot_be_erased_or_relabeled ... ok
Rust	Test Rust workspace	2026-09-25T04:18:50.3803114Z 
Rust	Test Rust workspace	2026-09-25T04:18:50.3803318Z test result: ok. 3 passed; 0 failed; 0 ignored; 0 measured; 0 filtered out; finished in 0.00s
Rust	Test Rust workspace	2026-09-25T04:18:50.3803617Z 
Rust	Test Rust workspace	2026-09-25T04:18:50.3805072Z ^[[1m^[[92m     Running^[[0m unittests src/lib.rs (target/debug/deps/rx_supervisor-c472761764f2e494)
Rust	Test Rust workspace	2026-09-25T04:18:50.3814965Z 
Rust	Test Rust workspace	2026-09-25T04:18:50.3815090Z running 22 tests
Rust	Test Rust workspace	2026-09-25T04:18:50.3819923Z test initialization::termination_tests::failed_signal_command_status_is_not_a_successful_delivery ... ok
Rust	Test Rust workspace	2026-09-25T04:18:50.3824491Z test execution_store::tests::unknown_run_does_not_create_nested_execution_store ... ok
Rust	Test Rust workspace	2026-09-25T04:18:50.3825643Z test operating_area::catalog_selection_tests::every_catalog_program_selects_its_record_without_legacy_fallback ... ok
Rust	Test Rust workspace	2026-09-25T04:18:50.3844781Z test initialization::termination_tests::failed_term_keeps_the_same_owned_child_retryable_until_delivery_is_confirmed ... ok
Rust	Test Rust workspace	2026-09-25T04:18:51.0153550Z test process::linux_limits::tests::gate_death_in_exec_window_cannot_mint_a_receipt_from_eof ... ok
Rust	Test Rust workspace	2026-09-25T04:18:51.0170744Z test process::linux_limits::tests::actual_kernel_permission_failure_after_lowering_rolls_back_before_target ... ok
Rust	Test Rust workspace	2026-09-25T04:18:51.0188146Z test process::linux_limits::tests::exec_syscall_failure_is_not_an_admission ... ok
Rust	Test Rust workspace	2026-09-25T04:18:51.0189313Z test process::linux_limits::tests::authority_change_after_application_prevents_exec_and_confirms_rollback ... ok
Rust	Test Rust workspace	2026-09-25T04:18:51.0210499Z test process::signal_tests::failed_signal_uses_only_confirmed_owned_non_actuating_exit ... ok
Rust	Test Rust workspace	2026-09-25T04:18:51.0211304Z test process::signal_tests::failed_signal_keeps_control_and_unknown_effect_errors ... ok
Rust	Test Rust workspace	2026-09-25T04:18:51.0233840Z test process::signal_tests::signal_acceptance_does_not_claim_child_exit ... ok
Rust	Test Rust workspace	2026-09-25T04:18:51.0247150Z test process::signal_tests::failed_signal_with_live_or_unconfirmed_child_remains_error ... ok
Rust	Test Rust workspace	2026-09-25T04:18:51.0248017Z test process_identity::linux::tests::foreign_namespace_neither_matches_nor_proves_absence ... ok
Rust	Test Rust workspace	2026-09-25T04:18:51.0248835Z test process_identity::linux::tests::namespace_lifetime_read_race_has_its_own_rejection ... ok
Rust	Test Rust workspace	2026-09-25T04:18:51.0249600Z test process_identity::linux::tests::stat_comm_parentheses_do_not_shift_starttime ... ok
Rust	Test Rust workspace	2026-09-25T04:18:51.0250382Z test process_identity::linux::tests::every_saved_scope_dimension_is_required_before_absence ... ok
Rust	Test Rust workspace	2026-09-25T04:18:51.0254813Z test process_identity::linux::tests::zombie_and_read_race_are_distinct_unverifiable_findings ... ok
Rust	Test Rust workspace	2026-09-25T04:18:51.0264765Z test registration::recovery::investigation_tests::legacy_string_summary_decodes_only_as_history ... ok
Rust	Test Rust workspace	2026-09-25T04:18:51.3274403Z test registration::recovery::investigation_tests::real_zombie_is_unverifiable_then_reaped_absence_can_confirm_without_changing_unknown ... ok
Rust	Test Rust workspace	2026-09-25T04:18:51.3317582Z test registration::recovery::investigation_tests::registry_reads_original_identity_and_does_not_backfill_legacy_records ... ok
Rust	Test Rust workspace	2026-09-25T04:18:51.5271250Z test process::linux_limits::tests::gate_excludes_current_directory_python_module_shadowing ... ok
Rust	Test Rust workspace	2026-09-25T04:18:51.5561062Z test process::linux_limits::tests::observation_failure_after_application_confirms_no_remaining_child_policy ... ok
Rust	Test Rust workspace	2026-09-25T04:18:51.5561442Z 
Rust	Test Rust workspace	2026-09-25T04:18:51.5561651Z test result: ok. 22 passed; 0 failed; 0 ignored; 0 measured; 0 filtered out; finished in 1.17s
Rust	Test Rust workspace	2026-09-25T04:18:51.5562166Z 
Rust	Test Rust workspace	2026-09-25T04:18:51.5575980Z ^[[1m^[[92m     Running^[[0m unittests src/bin/rx-solutionsd.rs (target/debug/deps/rx_solutionsd-ea57e26056403d5d)
Rust	Test Rust workspace	2026-09-25T04:18:51.5585264Z 
Rust	Test Rust workspace	2026-09-25T04:18:51.5585422Z running 0 tests
Rust	Test Rust workspace	2026-09-25T04:18:51.5585599Z 
Rust	Test Rust workspace	2026-09-25T04:18:51.5586030Z test result: ok. 0 passed; 0 failed; 0 ignored; 0 measured; 0 filtered out; finished in 0.00s
Rust	Test Rust workspace	2026-09-25T04:18:51.5586456Z 
Rust	Test Rust workspace	2026-09-25T04:18:51.5587623Z ^[[1m^[[92m     Running^[[0m tests/decision_anchors.rs (target/debug/deps/decision_anchors-388590c47227b53f)
Rust	Test Rust workspace	2026-09-25T04:18:51.5597484Z 
Rust	Test Rust workspace	2026-09-25T04:18:51.5597606Z running 2 tests
Rust	Test Rust workspace	2026-09-25T04:18:51.5611430Z test f6_authority_count_is_one_through_eight_without_g4_uniqueness_restrictions ... ok
Rust	Test Rust workspace	2026-09-25T04:18:51.5761586Z test author_anchors_are_pinned_and_site_data_cannot_override_them ... ok
Rust	Test Rust workspace	2026-09-25T04:18:51.5761996Z 
Rust	Test Rust workspace	2026-09-25T04:18:51.5762321Z test result: ok. 2 passed; 0 failed; 0 ignored; 0 measured; 0 filtered out; finished in 0.02s
Rust	Test Rust workspace	2026-09-25T04:18:51.5762766Z 
Rust	Test Rust workspace	2026-09-25T04:18:51.5764006Z ^[[1m^[[92m     Running^[[0m tests/dependency_binding.rs (target/debug/deps/dependency_binding-532e23b7896ffe50)
Rust	Test Rust workspace	2026-09-25T04:18:51.5774883Z 
Rust	Test Rust workspace	2026-09-25T04:18:51.5775006Z running 10 tests
Rust	Test Rust workspace	2026-09-25T04:18:51.8157207Z test absent_and_malformed_sources_and_explicit_denial_have_named_distinct_states ... ok
Rust	Test Rust workspace	2026-09-25T04:18:52.0653285Z test author_scope_cannot_be_replaced_and_unknown_is_not_independent ... ok
Rust	Test Rust workspace	2026-09-25T04:18:53.2295578Z test bounded_collection_keeps_a_finish_slot_and_cannot_overwrite_result ... ok
Rust	Test Rust workspace	2026-09-25T04:18:53.8993300Z test captured_response_cannot_be_replayed_for_another_diagnostic_request ... ok
Rust	Test Rust workspace	2026-09-25T04:18:54.5521121Z test continuous_loss_blocks_only_dependent_progress_and_current_result_consumption ... ok
Rust	Test Rust workspace	2026-09-25T04:18:55.1053882Z test current_report_change_and_consumer_retirement_do_not_rewrite_historical_result ... ok
Rust	Test Rust workspace	2026-09-25T04:18:55.7405186Z test generation_window_defers_input_until_finish_and_preserves_completed_snapshot ... ok
Rust	Test Rust workspace	2026-09-25T04:18:56.2970268Z test preparation_input_outlives_provider_and_result_is_durable_without_permission ... ok
Rust	Test Rust workspace	2026-09-25T04:18:56.3472252Z test result_run_and_history_commit_atomically_on_storage_failure ... ok
Rust	Test Rust workspace	2026-09-25T04:18:57.6909542Z test same_format_registration_and_same_registration_new_execution_do_not_inherit_binding ... ok
Rust	Test Rust workspace	2026-09-25T04:18:57.6909977Z 
Rust	Test Rust workspace	2026-09-25T04:18:57.6910188Z test result: ok. 10 passed; 0 failed; 0 ignored; 0 measured; 0 filtered out; finished in 6.11s
Rust	Test Rust workspace	2026-09-25T04:18:57.6910474Z 
Rust	Test Rust workspace	2026-09-25T04:18:57.6925929Z ^[[1m^[[92m     Running^[[0m tests/execution_admission.rs (target/debug/deps/execution_admission-89d897bd40fe704e)
Rust	Test Rust workspace	2026-09-25T04:18:57.6937280Z 
Rust	Test Rust workspace	2026-09-25T04:18:57.6937399Z running 12 tests
Rust	Test Rust workspace	2026-09-25T04:18:57.7646951Z test authority_recheck_precedes_any_simulated_resource_application ... ok
Rust	Test Rust workspace	2026-09-25T04:18:57.7667104Z test malformed_rejection_is_not_falsely_reported_as_confirmed_non_application ... ok
Rust	Test Rust workspace	2026-09-25T04:18:57.7671295Z test diagnostic_query_does_not_enter_admission_or_spawn ... ok
Rust	Test Rust workspace	2026-09-25T04:18:57.7965391Z test legacy_serialization_is_unchanged_and_explicit_empty_has_its_own_identity ... ok
Rust	Test Rust workspace	2026-09-25T04:18:57.8042618Z test reopening_does_not_restore_application_evidence_or_resource_ownership ... ok
Rust	Test Rust workspace	2026-09-25T04:18:57.8146617Z test site_overrides_and_lowered_catalog_are_rejected_in_three_distinct_paths ... ok
Rust	Test Rust workspace	2026-09-25T04:18:57.8271163Z test real_backend_rejects_required_policies_before_exec_and_reports_no_application ... ok
Rust	Test Rust workspace	2026-09-25T04:18:57.8434642Z test unknown_is_rejected_even_by_a_capable_backend_and_not_required_is_distinct ... ok
Rust	Test Rust workspace	2026-09-25T04:18:57.8719483Z test real_backend_keeps_legacy_and_explicit_no_policy_startup_working ... ok
Rust	Test Rust workspace	2026-09-25T04:18:57.8766870Z test stale_receipts_and_lost_application_responses_remain_unknown_without_retry ... ok
Rust	Test Rust workspace	2026-09-25T04:18:57.8985087Z test whole_bundle_all_available_all_unavailable_and_mixed_have_no_partial_application ... ok
Rust	Test Rust workspace	2026-09-25T04:18:57.9159735Z test upper_bounds_do_not_reserve_but_reserved_capacity_and_access_conflicts_are_atomic ... ok
Rust	Test Rust workspace	2026-09-25T04:18:57.9160222Z 
Rust	Test Rust workspace	2026-09-25T04:18:57.9160505Z test result: ok. 12 passed; 0 failed; 0 ignored; 0 measured; 0 filtered out; finished in 0.22s
Rust	Test Rust workspace	2026-09-25T04:18:57.9160774Z 
Rust	Test Rust workspace	2026-09-25T04:18:57.9164926Z ^[[1m^[[92m     Running^[[0m tests/guarded.rs (target/debug/deps/guarded-632b5fc2334609a5)
Rust	Test Rust workspace	2026-09-25T04:18:57.9177072Z 
Rust	Test Rust workspace	2026-09-25T04:18:57.9177189Z running 7 tests
Rust	Test Rust workspace	2026-09-25T04:18:57.9183264Z test guarded_paths_are_per_instance_and_scope_is_preserved ... ok
Rust	Test Rust workspace	2026-09-25T04:18:57.9198385Z test guarded_recipe_cannot_use_alive_only_parameters_restart_or_physical_authority_fallback ... ok
Rust	Test Rust workspace	2026-09-25T04:18:57.9960783Z test failed_first_term_retries_the_same_owned_service_without_waiting_for_timeout ... ok
Rust	Test Rust workspace	2026-09-25T04:18:57.9976252Z test lost_protocol_readiness_latches_cooperative_shutdown_instead_of_restart ... ok
Rust	Test Rust workspace	2026-09-25T04:18:58.0082578Z test nonzero_guarded_exit_is_unconfirmed_even_with_stopped_report ... ok
Rust	Test Rust workspace	2026-09-25T04:18:58.0178255Z test guarded_readiness_requires_protocol_and_exit_zero_requires_terminal_report ... ok
Rust	Test Rust workspace	2026-09-25T04:18:58.1194420Z test held_guarded_service_is_not_forced_after_timeout ... ok
Rust	Test Rust workspace	2026-09-25T04:18:58.1194703Z 
Rust	Test Rust workspace	2026-09-25T04:18:58.1194903Z test result: ok. 7 passed; 0 failed; 0 ignored; 0 measured; 0 filtered out; finished in 0.20s
Rust	Test Rust workspace	2026-09-25T04:18:58.1195173Z 
Rust	Test Rust workspace	2026-09-25T04:18:58.1199497Z ^[[1m^[[92m     Running^[[0m tests/guarded_os.rs (target/debug/deps/guarded_os-227a90c9576d0081)
Rust	Test Rust workspace	2026-09-25T04:18:58.1210702Z 
Rust	Test Rust workspace	2026-09-25T04:18:58.1210817Z running 1 test
Rust	Test Rust workspace	2026-09-25T04:18:58.7095331Z test guarded_term_targets_only_the_owned_leader_and_force_is_rejected ... ok
Rust	Test Rust workspace	2026-09-25T04:18:58.7095780Z 
Rust	Test Rust workspace	2026-09-25T04:18:58.7095994Z test result: ok. 1 passed; 0 failed; 0 ignored; 0 measured; 0 filtered out; finished in 0.59s
Rust	Test Rust workspace	2026-09-25T04:18:58.7096271Z 
Rust	Test Rust workspace	2026-09-25T04:18:58.7100331Z ^[[1m^[[92m     Running^[[0m tests/initialization.rs (target/debug/deps/initialization-e9ca2dd891e0d10d)
Rust	Test Rust workspace	2026-09-25T04:18:58.7112353Z 
Rust	Test Rust workspace	2026-09-25T04:18:58.7112465Z running 2 tests
Rust	Test Rust workspace	2026-09-25T04:18:58.7184573Z test required_composition_initialization_rejects_missing_partial_changed_list_and_wrong_digest ... ok
Rust	Test Rust workspace	2026-09-25T04:19:00.7650107Z test four_named_initializer_successes_are_recorded_once_and_entered_is_never_replayed ... ok
Rust	Test Rust workspace	2026-09-25T04:19:00.7650601Z 
Rust	Test Rust workspace	2026-09-25T04:19:00.7650884Z test result: ok. 2 passed; 0 failed; 0 ignored; 0 measured; 0 filtered out; finished in 2.05s
Rust	Test Rust workspace	2026-09-25T04:19:00.7651253Z 
Rust	Test Rust workspace	2026-09-25T04:19:00.7656922Z ^[[1m^[[92m     Running^[[0m tests/lifecycle.rs (target/debug/deps/lifecycle-c35dea864e812340)
Rust	Test Rust workspace	2026-09-25T04:19:00.7668789Z 
Rust	Test Rust workspace	2026-09-25T04:19:00.7668935Z running 10 tests
Rust	Test Rust workspace	2026-09-25T04:19:00.7888837Z test default_authority_does_not_start_control_owners_and_other_stores_are_not_claimed ... ok
Rust	Test Rust workspace	2026-09-25T04:19:00.7947158Z test failed_stop_persistence_still_prevents_new_processes_and_exit_observation_can_be_retried ... ok
Rust	Test Rust workspace	2026-09-25T04:19:00.7963145Z test release_program_change_and_unsafe_plan_choices_are_rejected ... ok
Rust	Test Rust workspace	2026-09-25T04:19:00.8007225Z test dependencies_start_after_readiness_and_stop_before_their_provider ... ok
Rust	Test Rust workspace	2026-09-25T04:19:00.8373070Z test launch_commit_boundaries_never_replay_an_uncertain_spawn ... ok
Rust	Test Rust workspace	2026-09-25T04:19:00.8503159Z test supervisor_restart_keeps_live_or_uncertain_processes_unknown_and_never_signals_saved_pids ... ok
Rust	Test Rust workspace	2026-09-25T04:19:00.8592826Z test uncertain_backend_result_is_not_a_known_start_failure ... ok
Rust	Test Rust workspace	2026-09-25T04:19:00.9364918Z test stop_authority_is_required_and_control_processes_are_never_force_killed ... ok
Rust	Test Rust workspace	2026-09-25T04:19:00.9473832Z test execution_retry::previous_application_observation_does_not_cover_a_new_prepared_instance ... ok
Rust	Test Rust workspace	2026-09-25T04:19:01.2059077Z test software_restart_budget_persists_until_an_explicit_clean_reactivation ... ok
Rust	Test Rust workspace	2026-09-25T04:19:01.2059530Z 
Rust	Test Rust workspace	2026-09-25T04:19:01.2059737Z test result: ok. 10 passed; 0 failed; 0 ignored; 0 measured; 0 filtered out; finished in 0.44s
Rust	Test Rust workspace	2026-09-25T04:19:01.2060243Z 
Rust	Test Rust workspace	2026-09-25T04:19:01.2063562Z ^[[1m^[[92m     Running^[[0m tests/operating_area.rs (target/debug/deps/operating_area-8dc77bafb51eb178)
Rust	Test Rust workspace	2026-09-25T04:19:01.2076666Z 
Rust	Test Rust workspace	2026-09-25T04:19:01.2076799Z running 4 tests
Rust	Test Rust workspace	2026-09-25T04:19:01.9972988Z test cached_provider_rechecks_signed_revocation_and_invalidates_retained_proof ... ok
Rust	Test Rust workspace	2026-09-25T04:19:02.0149047Z test pending_publication_is_not_use_and_commit_lock_spans_the_physical_transaction ... ok
Rust	Test Rust workspace	2026-09-25T04:19:02.5331227Z test old_response_cannot_restore_a_live_request_after_receiver_restart ... ok
Rust	Test Rust workspace	2026-09-25T04:19:02.8374037Z test polling_keeps_original_nonce_and_deadline_and_context_failure_is_not_pending ... ok
Rust	Test Rust workspace	2026-09-25T04:19:02.8374526Z 
Rust	Test Rust workspace	2026-09-25T04:19:02.8374803Z test result: ok. 4 passed; 0 failed; 0 ignored; 0 measured; 0 filtered out; finished in 1.63s
Rust	Test Rust workspace	2026-09-25T04:19:02.8375182Z 
Rust	Test Rust workspace	2026-09-25T04:19:02.8387556Z ^[[1m^[[92m     Running^[[0m tests/os_process.rs (target/debug/deps/os_process-c7c80a360aed05be)
Rust	Test Rust workspace	2026-09-25T04:19:02.8399115Z 
Rust	Test Rust workspace	2026-09-25T04:19:02.8399351Z running 2 tests
Rust	Test Rust workspace	2026-09-25T04:19:03.5238292Z test tampered_program_file_is_not_started ... ok
Rust	Test Rust workspace	2026-09-25T04:19:04.5048179Z test real_process_readiness_is_instance_correlated_and_shutdown_reaps_the_owned_process ... ok
Rust	Test Rust workspace	2026-09-25T04:19:04.5048719Z 
Rust	Test Rust workspace	2026-09-25T04:19:04.5048987Z test result: ok. 2 passed; 0 failed; 0 ignored; 0 measured; 0 filtered out; finished in 1.66s
Rust	Test Rust workspace	2026-09-25T04:19:04.5049380Z 
Rust	Test Rust workspace	2026-09-25T04:19:04.5056050Z ^[[1m^[[92m     Running^[[0m tests/recovery.rs (target/debug/deps/recovery-835b74aebc083169)
Rust	Test Rust workspace	2026-09-25T04:19:04.5070402Z 
Rust	Test Rust workspace	2026-09-25T04:19:04.5070579Z running 9 tests
Rust	Test Rust workspace	2026-09-25T04:19:05.9832402Z test confirmed_disposition_preserves_unknown_and_does_not_automatically_open_assignment ... ok
Rust	Test Rust workspace	2026-09-25T04:19:06.0319867Z test disposed_observation_cannot_be_overwritten_by_an_old_supervisor ... ok
Rust	Test Rust workspace	2026-09-25T04:19:06.1334006Z test disposition_and_resume_consumption_rollback_without_half_records ... ok
Rust	Test Rust workspace	2026-09-25T04:19:06.2167712Z test explicit_resume_consumes_once_and_uses_new_instance_without_restoring_receipts ... ok
Rust	Test Rust workspace	2026-09-25T04:19:06.2554874Z test missing_original_pid_binding_requires_another_provider_not_an_inferred_closure ... ok
Rust	Test Rust workspace	2026-09-25T04:19:06.3512503Z test old_run_prepared_instance_and_automatic_restart_budget_are_not_recovery_routes ... ok
Rust	Test Rust workspace	2026-09-25T04:19:06.3986348Z test unable_to_resolve_is_not_success_or_permission_to_resume ... ok
Rust	Test Rust workspace	2026-09-25T04:19:06.4366436Z test weak_observations_and_default_authority_cannot_dispose ... ok
Rust	Test Rust workspace	2026-09-25T04:19:06.4750655Z test witness_scope_time_target_actor_and_stale_revision_are_checked ... ok
Rust	Test Rust workspace	2026-09-25T04:19:06.4751066Z 
Rust	Test Rust workspace	2026-09-25T04:19:06.4751368Z test result: ok. 9 passed; 0 failed; 0 ignored; 0 measured; 0 filtered out; finished in 1.97s
Rust	Test Rust workspace	2026-09-25T04:19:06.4751687Z 
Rust	Test Rust workspace	2026-09-25T04:19:06.4756545Z ^[[1m^[[92m     Running^[[0m tests/registration.rs (target/debug/deps/registration-89022826894b597f)
Rust	Test Rust workspace	2026-09-25T04:19:06.4768221Z 
Rust	Test Rust workspace	2026-09-25T04:19:06.4768346Z running 11 tests
Rust	Test Rust workspace	2026-09-25T04:19:06.4896636Z test failed_transaction_commits_neither_revision_nor_control_event_or_projection ... ok
Rust	Test Rust workspace	2026-09-25T04:19:06.4926653Z test competing_updates_and_retired_reactivation_fail_without_erasing_history ... ok
Rust	Test Rust workspace	2026-09-25T04:19:06.5381460Z test historical_assignment_revision_survives_a_label_review_after_exit ... ok
Rust	Test Rust workspace	2026-09-25T04:19:06.5390946Z test failure_between_assignment_and_observation_is_unconfirmed_and_cannot_replay ... ok
Rust	Test Rust workspace	2026-09-25T04:19:06.5464258Z test catalog_weakening_and_legacy_reopen_are_explained_and_leave_old_records_readable ... ok
Rust	Test Rust workspace	2026-09-25T04:19:06.5474116Z test different_plan_same_name_pid_and_port_make_distinct_executions_of_one_registration ... ok
Rust	Test Rust workspace	2026-09-25T04:19:06.5583761Z test registration_exists_without_execution_or_plan_and_survives_repository_reopen ... ok
Rust	Test Rust workspace	2026-09-25T04:19:06.5689677Z test registration_never_replaces_lifecycle_authority ... ok
Rust	Test Rust workspace	2026-09-25T04:19:06.5692165Z test missing_executable_does_not_deregister_the_component ... ok
Rust	Test Rust workspace	2026-09-25T04:19:06.6159908Z test retirement_blocks_new_assignment_but_keeps_running_history_and_unresolved_obligations ... ok
Rust	Test Rust workspace	2026-09-25T04:19:06.6428300Z test normal_exit_unexpected_handle_loss_and_restart_preserve_registration ... ok
Rust	Test Rust workspace	2026-09-25T04:19:06.6428783Z 
Rust	Test Rust workspace	2026-09-25T04:19:06.6429088Z test result: ok. 11 passed; 0 failed; 0 ignored; 0 measured; 0 filtered out; finished in 0.17s
Rust	Test Rust workspace	2026-09-25T04:19:06.6429499Z 
Rust	Test Rust workspace	2026-09-25T04:19:06.6433699Z ^[[1m^[[92m     Running^[[0m tests/registration_passage.rs (target/debug/deps/registration_passage-4a5db641d31cab47)
Rust	Test Rust workspace	2026-09-25T04:19:06.6447312Z 
Rust	Test Rust workspace	2026-09-25T04:19:06.6447433Z running 2 tests
Rust	Test Rust workspace	2026-09-25T04:19:06.6447957Z test passage_worker ... ignored, worker invoked only by the real registration passage
Rust	Test Rust workspace	2026-09-25T04:19:06.6448784Z test real_registration_passage ... ignored, requires validated /opt/rx release; run tools/registration_passage.py
Rust	Test Rust workspace	2026-09-25T04:19:06.6449301Z 
Rust	Test Rust workspace	2026-09-25T04:19:06.6449595Z test result: ok. 0 passed; 0 failed; 2 ignored; 0 measured; 0 filtered out; finished in 0.00s
Rust	Test Rust workspace	2026-09-25T04:19:06.6450002Z 
Rust	Test Rust workspace	2026-09-25T04:19:06.6450458Z ^[[1m^[[92m     Running^[[0m tests/replacement.rs (target/debug/deps/replacement-1c42bfc76ef8619c)
Rust	Test Rust workspace	2026-09-25T04:19:06.6460726Z 
Rust	Test Rust workspace	2026-09-25T04:19:06.6460855Z running 9 tests
Rust	Test Rust workspace	2026-09-25T04:19:07.9378855Z test assignment_observed_before_switch_cannot_commit_against_superseded_route ... ok
Rust	Test Rust workspace	2026-09-25T04:19:10.6364128Z test authority_expiry_revocation_restart_and_candidate_generation_are_rechecked ... ok
Rust	Test Rust workspace	2026-09-25T04:19:12.9744126Z test changed_consumer_revision_preserves_history_but_cannot_reinterpret_old_route ... ok
Rust	Test Rust workspace	2026-09-25T04:19:14.3007412Z test default_catalog_does_not_apply_a_replacement_or_block_diagnostic_completion ... ok
Rust	Test Rust workspace	2026-09-25T04:19:16.9950720Z test manager_loss_during_replacement_recovers_old_or_new_without_ownership ... ok
Rust	Test Rust workspace	2026-09-25T04:19:18.2451839Z test old_source_loss_withholds_only_its_interval_while_new_and_independent_work_continue ... ok
Rust	Test Rust workspace	2026-09-25T04:19:19.3713800Z test partial_staging_rollback_and_lost_reply_leave_one_route_and_preserve_receipt ... ok
Rust	Test Rust workspace	2026-09-25T04:19:20.5217846Z test route_switch_midflight_keeps_old_version_and_new_assignments_use_new_then_return ... ok
Rust	Test Rust workspace	2026-09-25T04:19:21.6913367Z test two_concurrent_applications_from_one_base_cannot_both_win ... ok
Rust	Test Rust workspace	2026-09-25T04:19:21.6914074Z 
Rust	Test Rust workspace	2026-09-25T04:19:21.6914354Z test result: ok. 9 passed; 0 failed; 0 ignored; 0 measured; 0 filtered out; finished in 15.05s
Rust	Test Rust workspace	2026-09-25T04:19:21.6914744Z 
Rust	Test Rust workspace	2026-09-25T04:19:21.6934536Z ^[[1m^[[92m     Running^[[0m tests/resident_registration.rs (target/debug/deps/resident_registration-5f911049018dec65)
Rust	Test Rust workspace	2026-09-25T04:19:21.6945355Z 
Rust	Test Rust workspace	2026-09-25T04:19:21.6945498Z running 12 tests
Rust	Test Rust workspace	2026-09-25T04:19:21.7441048Z test resident_catalog_change_does_not_rewrite_accepted_history ... ok
Rust	Test Rust workspace	2026-09-25T04:19:21.7469020Z test resident_duplicate_selection_mapping_is_refused ... ok
Rust	Test Rust workspace	2026-09-25T04:19:21.7469705Z test resident_duplicate_registration_mapping_is_refused ... ok
Rust	Test Rust workspace	2026-09-25T04:19:21.7633906Z test resident_cross_selection_assignment_cannot_satisfy_reconciliation ... ok
Rust	Test Rust workspace	2026-09-25T04:19:21.7775821Z test resident_failure_between_registration_and_index_rolls_back_every_record ... ok
Rust	Test Rust workspace	2026-09-25T04:19:21.7790935Z test resident_failed_assignment_never_reaches_the_os_backend ... ok
Rust	Test Rust workspace	2026-09-25T04:19:21.7953517Z test resident_legacy_store_cannot_be_adopted_by_creating_registration ... ok
Rust	Test Rust workspace	2026-09-25T04:19:21.8079470Z test resident_missing_selection_is_not_automatically_registered ... ok
Rust	Test Rust workspace	2026-09-25T04:19:21.8208820Z test resident_retirement_does_not_register_a_replacement ... ok
Rust	Test Rust workspace	2026-09-25T04:19:21.8846343Z test resident_reopen_keeps_distinct_ids_and_unknown_without_pid_adoption ... ok
Rust	Test Rust workspace	2026-09-25T04:19:21.8964977Z test resident_swapped_index_cannot_adopt_another_components_execution ... ok
Rust	Test Rust workspace	2026-09-25T04:19:21.9269396Z test resident_guarded_legacy_retains_dependency_stop_order_and_never_forces ... ok
Rust	Test Rust workspace	2026-09-25T04:19:21.9269851Z 
Rust	Test Rust workspace	2026-09-25T04:19:21.9270127Z test result: ok. 12 passed; 0 failed; 0 ignored; 0 measured; 0 filtered out; finished in 0.23s
Rust	Test Rust workspace	2026-09-25T04:19:21.9270513Z 
Rust	Test Rust workspace	2026-09-25T04:19:21.9275047Z ^[[1m^[[92m     Running^[[0m tests/resource_enforcement.rs (target/debug/deps/resource_enforcement-8d1a4696dfe722c8)
Rust	Test Rust workspace	2026-09-25T04:19:21.9287669Z 
Rust	Test Rust workspace	2026-09-25T04:19:21.9287785Z running 4 tests
Rust	Test Rust workspace	2026-09-25T04:19:22.5664786Z test linux::executable_integrity_failure_is_a_named_no_application_rejection ... ok
Rust	Test Rust workspace	2026-09-25T04:19:23.0908963Z test linux::actual_rx_child_limit_is_observed_by_a_separate_process_and_binds_allocations ... ok
Rust	Test Rust workspace	2026-09-25T04:19:23.5797926Z test linux::saved_limit_history_never_restores_a_current_receipt_after_owner_loss ... ok
Rust	Test Rust workspace	2026-09-25T04:19:23.9192608Z test unsupported_reserved_capacity_rejects_the_entire_bundle ... ok
Rust	Test Rust workspace	2026-09-25T04:19:23.9193099Z 
Rust	Test Rust workspace	2026-09-25T04:19:23.9193375Z test result: ok. 4 passed; 0 failed; 0 ignored; 0 measured; 0 filtered out; finished in 1.99s
Rust	Test Rust workspace	2026-09-25T04:19:23.9193795Z 
Rust	Test Rust workspace	2026-09-25T04:19:23.9214851Z ^[[1m^[[92m     Running^[[0m tests/service_catalog.rs (target/debug/deps/service_catalog-0da2049e8db76eb8)
Rust	Test Rust workspace	2026-09-25T04:19:23.9226104Z 
Rust	Test Rust workspace	2026-09-25T04:19:23.9226257Z running 4 tests
Rust	Test Rust workspace	2026-09-25T04:19:23.9481046Z test service_names_cannot_be_paths_or_choose_programs ... ok
Rust	Test Rust workspace	2026-09-25T04:19:23.9481712Z test distinct_executor_principals_cannot_compete_for_the_same_installation_cell ... ok
Rust	Test Rust workspace	2026-09-25T04:19:23.9482470Z test each_executor_requires_matching_host_edges_and_definitions_without_cross_cell_shortcuts ... ok
Rust	Test Rust workspace	2026-09-25T04:19:23.9483296Z test two_hosts_and_two_cells_resolve_fixed_binaries_and_independent_dependency_order ... ok
Rust	Test Rust workspace	2026-09-25T04:19:23.9483571Z 
Rust	Test Rust workspace	2026-09-25T04:19:23.9483775Z test result: ok. 4 passed; 0 failed; 0 ignored; 0 measured; 0 filtered out; finished in 0.03s
Rust	Test Rust workspace	2026-09-25T04:19:23.9484201Z 
Rust	Test Rust workspace	2026-09-25T04:19:23.9484602Z ^[[1m^[[92m     Running^[[0m tests/support_limits.rs (target/debug/deps/support_limits-0c29a206f362b141)
Rust	Test Rust workspace	2026-09-25T04:19:23.9493811Z 
Rust	Test Rust workspace	2026-09-25T04:19:23.9493968Z running 1 test
Rust	Test Rust workspace	2026-09-25T04:19:25.1990549Z test failed_guarded_delivery_never_settles_without_owned_exit_and_current_final_report ... ok
Rust	Test Rust workspace	2026-09-25T04:19:25.1991050Z 
Rust	Test Rust workspace	2026-09-25T04:19:25.1991313Z test result: ok. 1 passed; 0 failed; 0 ignored; 0 measured; 0 filtered out; finished in 1.25s
Rust	Test Rust workspace	2026-09-25T04:19:25.1991774Z 
Rust	Test Rust workspace	2026-09-25T04:19:25.1996113Z ^[[1m^[[92m     Running^[[0m tests/use_assessment.rs (target/debug/deps/use_assessment-c7bda206e323f212)
Rust	Test Rust workspace	2026-09-25T04:19:25.2008336Z 
Rust	Test Rust workspace	2026-09-25T04:19:25.2008455Z running 9 tests
Rust	Test Rust workspace	2026-09-25T04:19:26.2344401Z test alive_only_and_undeclared_programs_stay_unsupported ... ok
Rust	Test Rust workspace	2026-09-25T04:19:26.7898787Z test another_instance_and_previous_assessment_response_cannot_be_promoted ... ok
Rust	Test Rust workspace	2026-09-25T04:19:27.0345934Z test declared_conditions_cannot_be_lowered_through_site_or_existing_catalog_pin ... ok
Rust	Test Rust workspace	2026-09-25T04:19:27.7508768Z test new_owner_does_not_restore_a_readiness_assessment_or_permission ... ok
Rust	Test Rust workspace	2026-09-25T04:19:28.2767427Z test not_evaluated_not_met_and_unsupported_have_named_conditions ... ok
Rust	Test Rust workspace	2026-09-25T04:19:29.3295574Z test omitted_declaration_preserves_legacy_serialization_and_closed_child_cannot_report_ready ... ok
Rust	Test Rust workspace	2026-09-25T04:19:29.8523942Z test registration_and_f1_admission_do_not_evaluate_or_grant_use ... ok
Rust	Test Rust workspace	2026-09-25T04:19:30.3753647Z test reported_area_denial_differs_from_unconnected_or_invalid_provider ... ok
Rust	Test Rust workspace	2026-09-25T04:19:30.9047408Z test reported_conditions_and_work_use_are_separate_and_read_only ... ok
Rust	Test Rust workspace	2026-09-25T04:19:30.9047855Z 
Rust	Test Rust workspace	2026-09-25T04:19:30.9048067Z test result: ok. 9 passed; 0 failed; 0 ignored; 0 measured; 0 filtered out; finished in 5.70s
Rust	Test Rust workspace	2026-09-25T04:19:30.9048349Z 
Rust	Test Rust workspace	2026-09-25T04:19:30.9061523Z ^[[1m^[[92m     Running^[[0m tests/verified_decision.rs (target/debug/deps/verified_decision-644c640356db90df)
Rust	Test Rust workspace	2026-09-25T04:19:30.9073434Z 
Rust	Test Rust workspace	2026-09-25T04:19:30.9073634Z running 9 tests
Rust	Test Rust workspace	2026-09-25T04:19:31.4622238Z test a_signed_decision_id_cannot_be_redefined_or_extended ... ok
Rust	Test Rust workspace	2026-09-25T04:19:31.7146130Z test changed_program_anchor_cannot_reopen_an_existing_registration ... ok
Rust	Test Rust workspace	2026-09-25T04:19:33.0634642Z test exact_registration_scope_generation_and_binding_are_required ... ok
Rust	Test Rust workspace	2026-09-25T04:19:33.9236185Z test expiry_is_anchored_to_challenge_and_ttl_cannot_exceed_author_policy ... ok
Rust	Test Rust workspace	2026-09-25T04:19:34.4637221Z test external_work_decision_does_not_promote_readiness_execution_or_binding ... ok
Rust	Test Rust workspace	2026-09-25T04:19:35.6074705Z test initial_and_replacement_acceptance_are_distinct_and_do_not_grant_work_or_apply_binding ... ok
Rust	Test Rust workspace	2026-09-25T04:19:36.6424677Z test receiver_loss_and_unconfigured_catalogs_cannot_restore_permission ... ok
Rust	Test Rust workspace	2026-09-25T04:19:37.1915568Z test signature_key_context_and_wire_shape_attacks_are_rejected ... ok
Rust	Test Rust workspace	2026-09-25T04:19:38.0318471Z test signed_revocation_blocks_clones_and_reimport_without_rewriting_history ... ok
Rust	Test Rust workspace	2026-09-25T04:19:38.0318814Z 
Rust	Test Rust workspace	2026-09-25T04:19:38.0319017Z test result: ok. 9 passed; 0 failed; 0 ignored; 0 measured; 0 filtered out; finished in 7.12s
Rust	Test Rust workspace	2026-09-25T04:19:38.0319287Z 
Rust	Test Rust workspace	2026-09-25T04:19:38.0335163Z ^[[1m^[[92m     Running^[[0m tests/work_use.rs (target/debug/deps/work_use-5a74f8fb572c6eb7)
Rust	Test Rust workspace	2026-09-25T04:19:38.0346955Z 
Rust	Test Rust workspace	2026-09-25T04:19:38.0347083Z running 9 tests
Rust	Test Rust workspace	2026-09-25T04:19:38.7049342Z test changed_report_and_registration_between_judgment_and_cut_refuse_commit ... ok
Rust	Test Rust workspace	2026-09-25T04:19:39.4494820Z test absent_authority_blocks_work_without_blocking_f5_diagnostics ... ok
Rust	Test Rust workspace	2026-09-25T04:19:40.0823452Z test derived_support_gap_is_actual_work_and_history_is_not_current_permission ... ok
Rust	Test Rust workspace	2026-09-25T04:19:41.9918035Z test expiry_after_logical_cut_during_commit_io_preserves_inert_result ... ok
Rust	Test Rust workspace	2026-09-25T04:19:43.5971101Z test expiry_and_revocation_before_cut_do_not_commit_or_spend ... ok
Rust	Test Rust workspace	2026-09-25T04:19:44.1300987Z test explicit_external_denial_and_missing_judgment_response_cannot_prepare_work ... ok
Rust	Test Rust workspace	2026-09-25T04:19:44.7271606Z test receiver_restart_keeps_history_but_invalidates_retained_permission ... ok
Rust	Test Rust workspace	2026-09-25T04:19:46.0154345Z test revocation_waits_for_whole_transaction_and_does_not_rewrite_completed_work ... ok
Rust	Test Rust workspace	2026-09-25T04:19:46.6080776Z test rollback_spends_nothing_and_response_loss_is_resolved_by_query_not_replay ... ok
Rust	Test Rust workspace	2026-09-25T04:19:46.6081134Z 
Rust	Test Rust workspace	2026-09-25T04:19:46.6081344Z test result: ok. 9 passed; 0 failed; 0 ignored; 0 measured; 0 filtered out; finished in 8.57s
Rust	Test Rust workspace	2026-09-25T04:19:46.6081647Z 
Rust	Test Rust workspace	2026-09-25T04:19:46.6097159Z ^[[1m^[[92m   Doc-tests^[[0m rx_device_package
Rust	Test Rust workspace	2026-09-25T04:19:46.6763576Z 
Rust	Test Rust workspace	2026-09-25T04:19:46.6764044Z running 0 tests
Rust	Test Rust workspace	2026-09-25T04:19:46.6764248Z 
Rust	Test Rust workspace	2026-09-25T04:19:46.6764555Z test result: ok. 0 passed; 0 failed; 0 ignored; 0 measured; 0 filtered out; finished in 0.00s
Rust	Test Rust workspace	2026-09-25T04:19:46.6764958Z 
Rust	Test Rust workspace	2026-09-25T04:19:46.6779218Z ^[[1m^[[92m   Doc-tests^[[0m rx_executor
Rust	Test Rust workspace	2026-09-25T04:19:46.8561703Z 
Rust	Test Rust workspace	2026-09-25T04:19:46.8562222Z running 0 tests
Rust	Test Rust workspace	2026-09-25T04:19:46.8562392Z 
Rust	Test Rust workspace	2026-09-25T04:19:46.8562619Z test result: ok. 0 passed; 0 failed; 0 ignored; 0 measured; 0 filtered out; finished in 0.00s
Rust	Test Rust workspace	2026-09-25T04:19:46.8563018Z 
Rust	Test Rust workspace	2026-09-25T04:19:46.8582186Z ^[[1m^[[92m   Doc-tests^[[0m rx_host
Rust	Test Rust workspace	2026-09-25T04:19:47.2007397Z 
Rust	Test Rust workspace	2026-09-25T04:19:47.2007839Z running 0 tests
Rust	Test Rust workspace	2026-09-25T04:19:47.2008068Z 
Rust	Test Rust workspace	2026-09-25T04:19:47.2008308Z test result: ok. 0 passed; 0 failed; 0 ignored; 0 measured; 0 filtered out; finished in 0.00s
Rust	Test Rust workspace	2026-09-25T04:19:47.2008618Z 
Rust	Test Rust workspace	2026-09-25T04:19:47.2028215Z ^[[1m^[[92m   Doc-tests^[[0m rx_melsec_mc
Rust	Test Rust workspace	2026-09-25T04:19:47.2328149Z 
Rust	Test Rust workspace	2026-09-25T04:19:47.2328545Z running 0 tests
Rust	Test Rust workspace	2026-09-25T04:19:47.2328773Z 
Rust	Test Rust workspace	2026-09-25T04:19:47.2329088Z test result: ok. 0 passed; 0 failed; 0 ignored; 0 measured; 0 filtered out; finished in 0.00s
Rust	Test Rust workspace	2026-09-25T04:19:47.2329509Z 
Rust	Test Rust workspace	2026-09-25T04:19:47.2342708Z ^[[1m^[[92m   Doc-tests^[[0m rx_process
Rust	Test Rust workspace	2026-09-25T04:19:47.2542384Z 
Rust	Test Rust workspace	2026-09-25T04:19:47.2542744Z running 0 tests
Rust	Test Rust workspace	2026-09-25T04:19:47.2543063Z 
Rust	Test Rust workspace	2026-09-25T04:19:47.2543372Z test result: ok. 0 passed; 0 failed; 0 ignored; 0 measured; 0 filtered out; finished in 0.00s
Rust	Test Rust workspace	2026-09-25T04:19:47.2543783Z 
Rust	Test Rust workspace	2026-09-25T04:19:47.2554722Z ^[[1m^[[92m   Doc-tests^[[0m rx_process_package
Rust	Test Rust workspace	2026-09-25T04:19:47.2862118Z 
Rust	Test Rust workspace	2026-09-25T04:19:47.2862473Z running 0 tests
Rust	Test Rust workspace	2026-09-25T04:19:47.2862665Z 
Rust	Test Rust workspace	2026-09-25T04:19:47.2863169Z test result: ok. 0 passed; 0 failed; 0 ignored; 0 measured; 0 filtered out; finished in 0.00s
Rust	Test Rust workspace	2026-09-25T04:19:47.2863887Z 
Rust	Test Rust workspace	2026-09-25T04:19:47.2876621Z ^[[1m^[[92m   Doc-tests^[[0m rx_service_status
Rust	Test Rust workspace	2026-09-25T04:19:47.3244824Z 
Rust	Test Rust workspace	2026-09-25T04:19:47.3245176Z running 0 tests
Rust	Test Rust workspace	2026-09-25T04:19:47.3245354Z 
Rust	Test Rust workspace	2026-09-25T04:19:47.3245572Z test result: ok. 0 passed; 0 failed; 0 ignored; 0 measured; 0 filtered out; finished in 0.00s
Rust	Test Rust workspace	2026-09-25T04:19:47.3245851Z 
Rust	Test Rust workspace	2026-09-25T04:19:47.3257876Z ^[[1m^[[92m   Doc-tests^[[0m rx_solution_catalog
Rust	Test Rust workspace	2026-09-25T04:19:47.3633950Z 
Rust	Test Rust workspace	2026-09-25T04:19:47.3634283Z running 0 tests
Rust	Test Rust workspace	2026-09-25T04:19:47.3634476Z 
Rust	Test Rust workspace	2026-09-25T04:19:47.3634796Z test result: ok. 0 passed; 0 failed; 0 ignored; 0 measured; 0 filtered out; finished in 0.00s
Rust	Test Rust workspace	2026-09-25T04:19:47.3635185Z 
Rust	Test Rust workspace	2026-09-25T04:19:47.3646672Z ^[[1m^[[92m   Doc-tests^[[0m rx_supervisor
Rust	Test Rust workspace	2026-09-25T04:19:47.6541239Z 
Rust	Test Rust workspace	2026-09-25T04:19:47.6541713Z running 18 tests
Rust	Test Rust workspace	2026-09-25T04:19:47.6954855Z test runtime/rx-supervisor/src/operating_area.rs - operating_area (line 10) - compile fail ... ok
Rust	Test Rust workspace	2026-09-25T04:19:47.6999863Z test runtime/rx-supervisor/src/operating_area.rs - operating_area (line 16) - compile fail ... ok
Rust	Test Rust workspace	2026-09-25T04:19:47.7080807Z test runtime/rx-supervisor/src/operating_area.rs - operating_area (line 13) - compile fail ... ok
Rust	Test Rust workspace	2026-09-25T04:19:47.7126608Z test runtime/rx-supervisor/src/operating_area.rs - operating_area (line 19) - compile fail ... ok
Rust	Test Rust workspace	2026-09-25T04:19:47.7328675Z test runtime/rx-supervisor/src/operating_area.rs - operating_area (line 4) - compile fail ... ok
Rust	Test Rust workspace	2026-09-25T04:19:47.7505549Z test runtime/rx-supervisor/src/registration/diagnostic/replacement.rs - registration::diagnostic::replacement::PreparedReplacement (line 76) - compile fail ... ok
Rust	Test Rust workspace	2026-09-25T04:19:47.7508674Z test runtime/rx-supervisor/src/operating_area.rs - operating_area (line 7) - compile fail ... ok
Rust	Test Rust workspace	2026-09-25T04:19:47.7537544Z test runtime/rx-supervisor/src/registration/diagnostic/replacement.rs - registration::diagnostic::replacement::PreparedReplacement (line 72) - compile fail ... ok
Rust	Test Rust workspace	2026-09-25T04:19:47.7725073Z test runtime/rx-supervisor/src/registration/diagnostic/replacement.rs - registration::diagnostic::replacement::PreparedReplacement (line 80) - compile fail ... ok
Rust	Test Rust workspace	2026-09-25T04:19:47.7874323Z test runtime/rx-supervisor/src/registration/diagnostic/replacement.rs - registration::diagnostic::replacement::PreparedReplacement (line 84) - compile fail ... ok
Rust	Test Rust workspace	2026-09-25T04:19:47.7876179Z test runtime/rx-supervisor/src/registration/recovery.rs - registration::recovery::ProcessInvestigation (line 12) - compile fail ... ok
Rust	Test Rust workspace	2026-09-25T04:19:47.7903960Z test runtime/rx-supervisor/src/registration/recovery.rs - registration::recovery::ProcessInvestigation (line 17) - compile fail ... ok
Rust	Test Rust workspace	2026-09-25T04:19:47.8149398Z test runtime/rx-supervisor/src/registration/recovery.rs - registration::recovery::ProcessInvestigation (line 8) - compile fail ... ok
Rust	Test Rust workspace	2026-09-25T04:19:47.8264827Z test runtime/rx-supervisor/src/work_use.rs - work_use::Prepared (line 65) - compile fail ... ok
Rust	Test Rust workspace	2026-09-25T04:19:47.8265788Z test runtime/rx-supervisor/src/work_use.rs - work_use::Prepared (line 61) - compile fail ... ok
Rust	Test Rust workspace	2026-09-25T04:19:47.8284105Z test runtime/rx-supervisor/src/registration/recovery.rs - registration::recovery::Registry<R>::investigate (line 494) - compile fail ... ok
Rust	Test Rust workspace	2026-09-25T04:19:47.8496316Z test runtime/rx-supervisor/src/work_use.rs - work_use::Prepared (line 69) - compile fail ... ok
Rust	Test Rust workspace	2026-09-25T04:19:47.8538562Z test runtime/rx-supervisor/src/work_use.rs - work_use::Prepared (line 73) - compile fail ... ok
Rust	Test Rust workspace	2026-09-25T04:19:47.8539017Z 
Rust	Test Rust workspace	2026-09-25T04:19:47.8539300Z test result: ok. 18 passed; 0 failed; 0 ignored; 0 measured; 0 filtered out; finished in 0.20s
Rust	Test Rust workspace	2026-09-25T04:19:47.8539706Z 
Rust	Post Run actions/cache@0057852bfaa89a56745cba8c7296529d2fc39830	﻿2026-09-25T04:19:48.2685025Z Post job cleanup.
Rust	Post Run actions/cache@0057852bfaa89a56745cba8c7296529d2fc39830	2026-09-25T04:19:48.7004195Z (node:20989) [DEP0040] DeprecationWarning: The `punycode` module is deprecated. Please use a userland alternative instead.
Rust	Post Run actions/cache@0057852bfaa89a56745cba8c7296529d2fc39830	2026-09-25T04:19:48.7004796Z (Use `node --trace-deprecation ...` to show where the warning was created)
Rust	Post Run actions/cache@0057852bfaa89a56745cba8c7296529d2fc39830	2026-09-25T04:19:48.7161217Z [command]/usr/bin/tar --posix -cf cache.tzst --exclude cache.tzst -P -C /home/runner/work/rx-solutions/rx-solutions --files-from manifest.txt --use-compress-program zstdmt
Rust	Post Run actions/cache@0057852bfaa89a56745cba8c7296529d2fc39830	2026-09-25T04:20:42.7080507Z (node:20989) [DEP0169] DeprecationWarning: `url.parse()` behavior is not standardized and prone to errors that have security implications. Use the WHATWG URL API instead. CVEs are not issued for `url.parse()` vulnerabilities.
Rust	Post Run actions/cache@0057852bfaa89a56745cba8c7296529d2fc39830	2026-09-25T04:20:43.6660070Z Sent 0 of 3049380071 (0.0%), 0.0 MBs/sec
Rust	Post Run actions/cache@0057852bfaa89a56745cba8c7296529d2fc39830	2026-09-25T04:20:44.6655128Z Sent 402653184 of 3049380071 (13.2%), 190.4 MBs/sec
Rust	Post Run actions/cache@0057852bfaa89a56745cba8c7296529d2fc39830	2026-09-25T04:20:45.6658268Z Sent 738197504 of 3049380071 (24.2%), 233.3 MBs/sec
Rust	Post Run actions/cache@0057852bfaa89a56745cba8c7296529d2fc39830	2026-09-25T04:20:46.6667899Z Sent 1140850688 of 3049380071 (37.4%), 270.8 MBs/sec
Rust	Post Run actions/cache@0057852bfaa89a56745cba8c7296529d2fc39830	2026-09-25T04:20:47.6666971Z Sent 1610612736 of 3049380071 (52.8%), 306.1 MBs/sec
Rust	Post Run actions/cache@0057852bfaa89a56745cba8c7296529d2fc39830	2026-09-25T04:20:48.6696997Z Sent 2147483648 of 3049380071 (70.4%), 340.1 MBs/sec
Rust	Post Run actions/cache@0057852bfaa89a56745cba8c7296529d2fc39830	2026-09-25T04:20:49.6747949Z Sent 2684354560 of 3049380071 (88.0%), 364.6 MBs/sec
Rust	Post Run actions/cache@0057852bfaa89a56745cba8c7296529d2fc39830	2026-09-25T04:20:50.6103333Z Sent 3049380071 of 3049380071 (100.0%), 365.2 MBs/sec
Rust	Post Run actions/cache@0057852bfaa89a56745cba8c7296529d2fc39830	2026-09-25T04:20:51.0519757Z Cache saved with key: Linux-X64-rust-c664943af370bcd20a9102601c45ca9216fa3176d71eb860699a13aa23a2495e
Rust	Post Run actions/checkout@11d5960a326750d5838078e36cf38b85af677262	﻿2026-09-25T04:20:51.0699958Z Post job cleanup.
Rust	Post Run actions/checkout@11d5960a326750d5838078e36cf38b85af677262	2026-09-25T04:20:51.1952215Z [command]/usr/bin/git version
Rust	Post Run actions/checkout@11d5960a326750d5838078e36cf38b85af677262	2026-09-25T04:20:51.1990759Z git version 2.55.0
Rust	Post Run actions/checkout@11d5960a326750d5838078e36cf38b85af677262	2026-09-25T04:20:51.2023153Z Temporarily overriding HOME='/home/runner/work/_temp/6466ea5f-05d2-4cdc-928b-84e7062b80a7' before making global git config changes
Rust	Post Run actions/checkout@11d5960a326750d5838078e36cf38b85af677262	2026-09-25T04:20:51.2024193Z Adding repository directory to the temporary git global config as a safe directory
Rust	Post Run actions/checkout@11d5960a326750d5838078e36cf38b85af677262	2026-09-25T04:20:51.2027874Z [command]/usr/bin/git config --global --add safe.directory /home/runner/work/rx-solutions/rx-solutions
Rust	Post Run actions/checkout@11d5960a326750d5838078e36cf38b85af677262	2026-09-25T04:20:51.2060839Z [command]/usr/bin/git config --local --name-only --get-regexp core\.sshCommand
Rust	Post Run actions/checkout@11d5960a326750d5838078e36cf38b85af677262	2026-09-25T04:20:51.2088850Z [command]/usr/bin/git submodule foreach --recursive sh -c "git config --local --name-only --get-regexp 'core\.sshCommand' && git config --local --unset-all 'core.sshCommand' || :"
Rust	Post Run actions/checkout@11d5960a326750d5838078e36cf38b85af677262	2026-09-25T04:20:51.2296357Z [command]/usr/bin/git config --local --name-only --get-regexp http\.https\:\/\/github\.com\/\.extraheader
Rust	Post Run actions/checkout@11d5960a326750d5838078e36cf38b85af677262	2026-09-25T04:20:51.2326469Z [command]/usr/bin/git submodule foreach --recursive sh -c "git config --local --name-only --get-regexp 'http\.https\:\/\/github\.com\/\.extraheader' && git config --local --unset-all 'http.https://github.com/.extraheader' || :"
Rust	Post Run actions/checkout@11d5960a326750d5838078e36cf38b85af677262	2026-09-25T04:20:51.2539913Z [command]/usr/bin/git config --local --name-only --get-regexp ^includeIf\.gitdir:
Rust	Post Run actions/checkout@11d5960a326750d5838078e36cf38b85af677262	2026-09-25T04:20:51.2568442Z [command]/usr/bin/git submodule foreach --recursive git config --local --show-origin --name-only --get-regexp remote.origin.url
Rust	Complete job	﻿2026-09-25T04:20:51.2943646Z Cleaning up orphan processes
Rust	Complete job	2026-09-25T04:20:51.7839249Z ##[warning]Node.js 20 is deprecated. The following actions target Node.js 20 but are being forced to run on Node.js 24: actions/cache@0057852bfaa89a56745cba8c7296529d2fc39830, actions/checkout@11d5960a326750d5838078e36cf38b85af677262. For more information see: https://github.blog/changelog/2025-09-19-deprecation-of-node-20-on-github-actions-runners/
Repository and GitFlow	Set up job	﻿2026-09-25T04:15:45.3620785Z Current runner version: '2.337.0'
Repository and GitFlow	Set up job	2026-09-25T04:15:45.3639247Z ##[group]Runner Image Provisioner
Repository and GitFlow	Set up job	2026-09-25T04:15:45.3640037Z Hosted Compute Agent
Repository and GitFlow	Set up job	2026-09-25T04:15:45.3640459Z Version: 20260828.587
Repository and GitFlow	Set up job	2026-09-25T04:15:45.3640834Z Commit: abac92662cab4cc7352de4f9f9d2e2419aad9c29
Repository and GitFlow	Set up job	2026-09-25T04:15:45.3641251Z Build Date: 2026-08-28T16:44:25Z
Repository and GitFlow	Set up job	2026-09-25T04:15:45.3641685Z Worker ID: {601a0731-1a87-4244-ac7b-bd852c975f05}
Repository and GitFlow	Set up job	2026-09-25T04:15:45.3642120Z Azure Region: centralus
Repository and GitFlow	Set up job	2026-09-25T04:15:45.3642446Z ##[endgroup]
Repository and GitFlow	Set up job	2026-09-25T04:15:45.3643461Z ##[group]Operating System
Repository and GitFlow	Set up job	2026-09-25T04:15:45.3643817Z Ubuntu
Repository and GitFlow	Set up job	2026-09-25T04:15:45.3644151Z 24.04.5
Repository and GitFlow	Set up job	2026-09-25T04:15:45.3644488Z LTS
Repository and GitFlow	Set up job	2026-09-25T04:15:45.3644790Z ##[endgroup]
Repository and GitFlow	Set up job	2026-09-25T04:15:45.3645166Z ##[group]Runner Image
Repository and GitFlow	Set up job	2026-09-25T04:15:45.3645507Z Image: ubuntu-24.04
Repository and GitFlow	Set up job	2026-09-25T04:15:45.3645859Z Version: 20260920.314.1
Repository and GitFlow	Set up job	2026-09-25T04:15:45.3646483Z Included Software: https://github.com/actions/runner-images/blob/ubuntu24/20260920.314/images/ubuntu/Ubuntu2404-Readme.md
Repository and GitFlow	Set up job	2026-09-25T04:15:45.3647498Z Image Release: https://github.com/actions/runner-images/releases/tag/ubuntu24%2F20260920.314
Repository and GitFlow	Set up job	2026-09-25T04:15:45.3648034Z ##[endgroup]
Repository and GitFlow	Set up job	2026-09-25T04:15:45.3648721Z ##[group]GITHUB_TOKEN Permissions
Repository and GitFlow	Set up job	2026-09-25T04:15:45.3650225Z Contents: read
Repository and GitFlow	Set up job	2026-09-25T04:15:45.3650607Z Metadata: read
Repository and GitFlow	Set up job	2026-09-25T04:15:45.3650938Z ##[endgroup]
Repository and GitFlow	Set up job	2026-09-25T04:15:45.3652628Z Secret source: Actions
Repository and GitFlow	Set up job	2026-09-25T04:15:45.3653264Z Cache mode: write
Repository and GitFlow	Set up job	2026-09-25T04:15:45.3653686Z Prepare workflow directory
Repository and GitFlow	Set up job	2026-09-25T04:15:45.3908046Z Prepare all required actions
Repository and GitFlow	Set up job	2026-09-25T04:15:45.3942368Z Getting action download info
Repository and GitFlow	Set up job	2026-09-25T04:15:45.6024318Z Download action repository 'actions/checkout@11d5960a326750d5838078e36cf38b85af677262' (SHA:11d5960a326750d5838078e36cf38b85af677262)
Repository and GitFlow	Set up job	2026-09-25T04:15:45.7530677Z Complete job name: Repository and GitFlow
Repository and GitFlow	Run actions/checkout@11d5960a326750d5838078e36cf38b85af677262	﻿2026-09-25T04:15:45.8005783Z ##[group]Run actions/checkout@11d5960a326750d5838078e36cf38b85af677262
Repository and GitFlow	Run actions/checkout@11d5960a326750d5838078e36cf38b85af677262	2026-09-25T04:15:45.8006337Z with:
Repository and GitFlow	Run actions/checkout@11d5960a326750d5838078e36cf38b85af677262	2026-09-25T04:15:45.8006590Z   persist-credentials: false
Repository and GitFlow	Run actions/checkout@11d5960a326750d5838078e36cf38b85af677262	2026-09-25T04:15:45.8006886Z   fetch-depth: 0
Repository and GitFlow	Run actions/checkout@11d5960a326750d5838078e36cf38b85af677262	2026-09-25T04:15:45.8007143Z   repository: jack0682/rx-solutions
Repository and GitFlow	Run actions/checkout@11d5960a326750d5838078e36cf38b85af677262	2026-09-25T04:15:45.8009468Z   token: ***
Repository and GitFlow	Run actions/checkout@11d5960a326750d5838078e36cf38b85af677262	2026-09-25T04:15:45.8009840Z   ssh-strict: true
Repository and GitFlow	Run actions/checkout@11d5960a326750d5838078e36cf38b85af677262	2026-09-25T04:15:45.8010086Z   ssh-user: git
Repository and GitFlow	Run actions/checkout@11d5960a326750d5838078e36cf38b85af677262	2026-09-25T04:15:45.8010322Z   clean: true
Repository and GitFlow	Run actions/checkout@11d5960a326750d5838078e36cf38b85af677262	2026-09-25T04:15:45.8010573Z   sparse-checkout-cone-mode: true
Repository and GitFlow	Run actions/checkout@11d5960a326750d5838078e36cf38b85af677262	2026-09-25T04:15:45.8010868Z   fetch-tags: false
Repository and GitFlow	Run actions/checkout@11d5960a326750d5838078e36cf38b85af677262	2026-09-25T04:15:45.8011114Z   show-progress: true
Repository and GitFlow	Run actions/checkout@11d5960a326750d5838078e36cf38b85af677262	2026-09-25T04:15:45.8011370Z   lfs: false
Repository and GitFlow	Run actions/checkout@11d5960a326750d5838078e36cf38b85af677262	2026-09-25T04:15:45.8011600Z   submodules: false
Repository and GitFlow	Run actions/checkout@11d5960a326750d5838078e36cf38b85af677262	2026-09-25T04:15:45.8011849Z   set-safe-directory: true
Repository and GitFlow	Run actions/checkout@11d5960a326750d5838078e36cf38b85af677262	2026-09-25T04:15:45.8012133Z   allow-unsafe-pr-checkout: false
Repository and GitFlow	Run actions/checkout@11d5960a326750d5838078e36cf38b85af677262	2026-09-25T04:15:45.8012495Z ##[endgroup]
Repository and GitFlow	Run actions/checkout@11d5960a326750d5838078e36cf38b85af677262	2026-09-25T04:15:45.8686176Z Syncing repository: jack0682/rx-solutions
Repository and GitFlow	Run actions/checkout@11d5960a326750d5838078e36cf38b85af677262	2026-09-25T04:15:45.8687740Z ##[group]Getting Git version info
Repository and GitFlow	Run actions/checkout@11d5960a326750d5838078e36cf38b85af677262	2026-09-25T04:15:45.8688440Z Working directory is '/home/runner/work/rx-solutions/rx-solutions'
Repository and GitFlow	Run actions/checkout@11d5960a326750d5838078e36cf38b85af677262	2026-09-25T04:15:45.8689361Z [command]/usr/bin/git version
Repository and GitFlow	Run actions/checkout@11d5960a326750d5838078e36cf38b85af677262	2026-09-25T04:15:45.8746567Z git version 2.55.0
Repository and GitFlow	Run actions/checkout@11d5960a326750d5838078e36cf38b85af677262	2026-09-25T04:15:45.8760435Z ##[endgroup]
Repository and GitFlow	Run actions/checkout@11d5960a326750d5838078e36cf38b85af677262	2026-09-25T04:15:45.8770525Z Temporarily overriding HOME='/home/runner/work/_temp/5ee5179f-d344-407b-8d3d-cc09731b33e1' before making global git config changes
Repository and GitFlow	Run actions/checkout@11d5960a326750d5838078e36cf38b85af677262	2026-09-25T04:15:45.8771717Z Adding repository directory to the temporary git global config as a safe directory
Repository and GitFlow	Run actions/checkout@11d5960a326750d5838078e36cf38b85af677262	2026-09-25T04:15:45.8776572Z [command]/usr/bin/git config --global --add safe.directory /home/runner/work/rx-solutions/rx-solutions
Repository and GitFlow	Run actions/checkout@11d5960a326750d5838078e36cf38b85af677262	2026-09-25T04:15:45.8824842Z Deleting the contents of '/home/runner/work/rx-solutions/rx-solutions'
Repository and GitFlow	Run actions/checkout@11d5960a326750d5838078e36cf38b85af677262	2026-09-25T04:15:45.8830330Z ##[group]Initializing the repository
Repository and GitFlow	Run actions/checkout@11d5960a326750d5838078e36cf38b85af677262	2026-09-25T04:15:45.8830952Z [command]/usr/bin/git init /home/runner/work/rx-solutions/rx-solutions
Repository and GitFlow	Run actions/checkout@11d5960a326750d5838078e36cf38b85af677262	2026-09-25T04:15:45.8931080Z hint: Using 'master' as the name for the initial branch. This default branch name
Repository and GitFlow	Run actions/checkout@11d5960a326750d5838078e36cf38b85af677262	2026-09-25T04:15:45.8932114Z hint: will change to "main" in Git 3.0. To configure the initial branch name
Repository and GitFlow	Run actions/checkout@11d5960a326750d5838078e36cf38b85af677262	2026-09-25T04:15:45.8932927Z hint: to use in all of your new repositories, which will suppress this warning,
Repository and GitFlow	Run actions/checkout@11d5960a326750d5838078e36cf38b85af677262	2026-09-25T04:15:45.8933939Z hint: call:
Repository and GitFlow	Run actions/checkout@11d5960a326750d5838078e36cf38b85af677262	2026-09-25T04:15:45.8934355Z hint:
Repository and GitFlow	Run actions/checkout@11d5960a326750d5838078e36cf38b85af677262	2026-09-25T04:15:45.8934894Z hint: 	git config --global init.defaultBranch <name>
Repository and GitFlow	Run actions/checkout@11d5960a326750d5838078e36cf38b85af677262	2026-09-25T04:15:45.8935418Z hint:
Repository and GitFlow	Run actions/checkout@11d5960a326750d5838078e36cf38b85af677262	2026-09-25T04:15:45.8935892Z hint: Names commonly chosen instead of 'master' are 'main', 'trunk' and
Repository and GitFlow	Run actions/checkout@11d5960a326750d5838078e36cf38b85af677262	2026-09-25T04:15:45.8936660Z hint: 'development'. The just-created branch can be renamed via this command:
Repository and GitFlow	Run actions/checkout@11d5960a326750d5838078e36cf38b85af677262	2026-09-25T04:15:45.8937268Z hint:
Repository and GitFlow	Run actions/checkout@11d5960a326750d5838078e36cf38b85af677262	2026-09-25T04:15:45.8937622Z hint: 	git branch -m <name>
Repository and GitFlow	Run actions/checkout@11d5960a326750d5838078e36cf38b85af677262	2026-09-25T04:15:45.8938023Z hint:
Repository and GitFlow	Run actions/checkout@11d5960a326750d5838078e36cf38b85af677262	2026-09-25T04:15:45.8938535Z hint: Disable this message with "git config set advice.defaultBranchName false"
Repository and GitFlow	Run actions/checkout@11d5960a326750d5838078e36cf38b85af677262	2026-09-25T04:15:45.8939660Z Initialized empty Git repository in /home/runner/work/rx-solutions/rx-solutions/.git/
Repository and GitFlow	Run actions/checkout@11d5960a326750d5838078e36cf38b85af677262	2026-09-25T04:15:45.8943812Z [command]/usr/bin/git remote add origin https://github.com/jack0682/rx-solutions
Repository and GitFlow	Run actions/checkout@11d5960a326750d5838078e36cf38b85af677262	2026-09-25T04:15:45.8991082Z ##[endgroup]
Repository and GitFlow	Run actions/checkout@11d5960a326750d5838078e36cf38b85af677262	2026-09-25T04:15:45.8991790Z ##[group]Disabling automatic garbage collection
Repository and GitFlow	Run actions/checkout@11d5960a326750d5838078e36cf38b85af677262	2026-09-25T04:15:45.8993891Z [command]/usr/bin/git config --local gc.auto 0
Repository and GitFlow	Run actions/checkout@11d5960a326750d5838078e36cf38b85af677262	2026-09-25T04:15:45.9025179Z ##[endgroup]
Repository and GitFlow	Run actions/checkout@11d5960a326750d5838078e36cf38b85af677262	2026-09-25T04:15:45.9025847Z ##[group]Setting up auth
Repository and GitFlow	Run actions/checkout@11d5960a326750d5838078e36cf38b85af677262	2026-09-25T04:15:45.9030348Z [command]/usr/bin/git config --local --name-only --get-regexp core\.sshCommand
Repository and GitFlow	Run actions/checkout@11d5960a326750d5838078e36cf38b85af677262	2026-09-25T04:15:45.9058578Z [command]/usr/bin/git submodule foreach --recursive sh -c "git config --local --name-only --get-regexp 'core\.sshCommand' && git config --local --unset-all 'core.sshCommand' || :"
Repository and GitFlow	Run actions/checkout@11d5960a326750d5838078e36cf38b85af677262	2026-09-25T04:15:45.9367414Z [command]/usr/bin/git config --local --name-only --get-regexp http\.https\:\/\/github\.com\/\.extraheader
Repository and GitFlow	Run actions/checkout@11d5960a326750d5838078e36cf38b85af677262	2026-09-25T04:15:45.9396098Z [command]/usr/bin/git submodule foreach --recursive sh -c "git config --local --name-only --get-regexp 'http\.https\:\/\/github\.com\/\.extraheader' && git config --local --unset-all 'http.https://github.com/.extraheader' || :"
Repository and GitFlow	Run actions/checkout@11d5960a326750d5838078e36cf38b85af677262	2026-09-25T04:15:45.9567603Z [command]/usr/bin/git config --local --name-only --get-regexp ^includeIf\.gitdir:
Repository and GitFlow	Run actions/checkout@11d5960a326750d5838078e36cf38b85af677262	2026-09-25T04:15:45.9596317Z [command]/usr/bin/git submodule foreach --recursive git config --local --show-origin --name-only --get-regexp remote.origin.url
Repository and GitFlow	Run actions/checkout@11d5960a326750d5838078e36cf38b85af677262	2026-09-25T04:15:45.9766819Z [command]/usr/bin/git config --local http.https://github.com/.extraheader AUTHORIZATION: basic ***
Repository and GitFlow	Run actions/checkout@11d5960a326750d5838078e36cf38b85af677262	2026-09-25T04:15:45.9798695Z ##[endgroup]
Repository and GitFlow	Run actions/checkout@11d5960a326750d5838078e36cf38b85af677262	2026-09-25T04:15:45.9799327Z ##[group]Fetching the repository
Repository and GitFlow	Run actions/checkout@11d5960a326750d5838078e36cf38b85af677262	2026-09-25T04:15:45.9805749Z [command]/usr/bin/git -c protocol.version=2 fetch --prune --no-recurse-submodules origin +refs/heads/*:refs/remotes/origin/* +refs/tags/*:refs/tags/* +36c708543bc1f9db6ab8d914a3c0701710f5eadd:refs/remotes/pull/40/merge
Repository and GitFlow	Run actions/checkout@11d5960a326750d5838078e36cf38b85af677262	2026-09-25T04:15:46.7117590Z From https://github.com/jack0682/rx-solutions
Repository and GitFlow	Run actions/checkout@11d5960a326750d5838078e36cf38b85af677262	2026-09-25T04:15:46.7118833Z  * [new branch]      develop                                  -> origin/develop
Repository and GitFlow	Run actions/checkout@11d5960a326750d5838078e36cf38b85af677262	2026-09-25T04:15:46.7120432Z  * [new branch]      feature/g5-strict-wire-first-client      -> origin/feature/g5-strict-wire-first-client
Repository and GitFlow	Run actions/checkout@11d5960a326750d5838078e36cf38b85af677262	2026-09-25T04:15:46.7121867Z  * [new branch]      main                                     -> origin/main
Repository and GitFlow	Run actions/checkout@11d5960a326750d5838078e36cf38b85af677262	2026-09-25T04:15:46.7123440Z  * [new tag]         archive/initial-draft-2026-09-14         -> archive/initial-draft-2026-09-14
Repository and GitFlow	Run actions/checkout@11d5960a326750d5838078e36cf38b85af677262	2026-09-25T04:15:46.7125010Z  * [new tag]         archive/investigation-wip-2026-09-14     -> archive/investigation-wip-2026-09-14
Repository and GitFlow	Run actions/checkout@11d5960a326750d5838078e36cf38b85af677262	2026-09-25T04:15:46.7126414Z  * [new tag]         codex/initial-draft                      -> codex/initial-draft
Repository and GitFlow	Run actions/checkout@11d5960a326750d5838078e36cf38b85af677262	2026-09-25T04:15:46.7127952Z  * [new tag]         codex/investigation-wip                  -> codex/investigation-wip
Repository and GitFlow	Run actions/checkout@11d5960a326750d5838078e36cf38b85af677262	2026-09-25T04:15:46.7129246Z  * [new tag]         draft-v0.1                               -> draft-v0.1
Repository and GitFlow	Run actions/checkout@11d5960a326750d5838078e36cf38b85af677262	2026-09-25T04:15:46.7130504Z  * [new ref]         36c708543bc1f9db6ab8d914a3c0701710f5eadd -> pull/40/merge
Repository and GitFlow	Run actions/checkout@11d5960a326750d5838078e36cf38b85af677262	2026-09-25T04:15:46.7132907Z ##[endgroup]
Repository and GitFlow	Run actions/checkout@11d5960a326750d5838078e36cf38b85af677262	2026-09-25T04:15:46.7133806Z ##[group]Determining the checkout info
Repository and GitFlow	Run actions/checkout@11d5960a326750d5838078e36cf38b85af677262	2026-09-25T04:15:46.7134811Z ##[endgroup]
Repository and GitFlow	Run actions/checkout@11d5960a326750d5838078e36cf38b85af677262	2026-09-25T04:15:46.7135339Z [command]/usr/bin/git sparse-checkout disable
Repository and GitFlow	Run actions/checkout@11d5960a326750d5838078e36cf38b85af677262	2026-09-25T04:15:46.7181486Z [command]/usr/bin/git config --local --unset-all extensions.worktreeConfig
Repository and GitFlow	Run actions/checkout@11d5960a326750d5838078e36cf38b85af677262	2026-09-25T04:15:46.7208457Z ##[group]Checking out the ref
Repository and GitFlow	Run actions/checkout@11d5960a326750d5838078e36cf38b85af677262	2026-09-25T04:15:46.7210317Z [command]/usr/bin/git checkout --progress --force refs/remotes/pull/40/merge
Repository and GitFlow	Run actions/checkout@11d5960a326750d5838078e36cf38b85af677262	2026-09-25T04:15:46.7607025Z Note: switching to 'refs/remotes/pull/40/merge'.
Repository and GitFlow	Run actions/checkout@11d5960a326750d5838078e36cf38b85af677262	2026-09-25T04:15:46.7607631Z 
Repository and GitFlow	Run actions/checkout@11d5960a326750d5838078e36cf38b85af677262	2026-09-25T04:15:46.7607926Z You are in 'detached HEAD' state. You can look around, make experimental
Repository and GitFlow	Run actions/checkout@11d5960a326750d5838078e36cf38b85af677262	2026-09-25T04:15:46.7608520Z changes and commit them, and you can discard any commits you make in this
Repository and GitFlow	Run actions/checkout@11d5960a326750d5838078e36cf38b85af677262	2026-09-25T04:15:46.7609069Z state without impacting any branches by switching back to a branch.
Repository and GitFlow	Run actions/checkout@11d5960a326750d5838078e36cf38b85af677262	2026-09-25T04:15:46.7609383Z 
Repository and GitFlow	Run actions/checkout@11d5960a326750d5838078e36cf38b85af677262	2026-09-25T04:15:46.7609784Z If you want to create a new branch to retain commits you create, you may
Repository and GitFlow	Run actions/checkout@11d5960a326750d5838078e36cf38b85af677262	2026-09-25T04:15:46.7610337Z do so (now or later) by using -c with the switch command. Example:
Repository and GitFlow	Run actions/checkout@11d5960a326750d5838078e36cf38b85af677262	2026-09-25T04:15:46.7610636Z 
Repository and GitFlow	Run actions/checkout@11d5960a326750d5838078e36cf38b85af677262	2026-09-25T04:15:46.7610865Z   git switch -c <new-branch-name>
Repository and GitFlow	Run actions/checkout@11d5960a326750d5838078e36cf38b85af677262	2026-09-25T04:15:46.7611097Z 
Repository and GitFlow	Run actions/checkout@11d5960a326750d5838078e36cf38b85af677262	2026-09-25T04:15:46.7611255Z Or undo this operation with:
Repository and GitFlow	Run actions/checkout@11d5960a326750d5838078e36cf38b85af677262	2026-09-25T04:15:46.7611527Z 
Repository and GitFlow	Run actions/checkout@11d5960a326750d5838078e36cf38b85af677262	2026-09-25T04:15:46.7611687Z   git switch -
Repository and GitFlow	Run actions/checkout@11d5960a326750d5838078e36cf38b85af677262	2026-09-25T04:15:46.7611857Z 
Repository and GitFlow	Run actions/checkout@11d5960a326750d5838078e36cf38b85af677262	2026-09-25T04:15:46.7612125Z Turn off this advice by setting config variable advice.detachedHead to false
Repository and GitFlow	Run actions/checkout@11d5960a326750d5838078e36cf38b85af677262	2026-09-25T04:15:46.7612496Z 
Repository and GitFlow	Run actions/checkout@11d5960a326750d5838078e36cf38b85af677262	2026-09-25T04:15:46.7612885Z HEAD is now at 36c7085 Merge 5207f2c57503cb00c0f4f5d5b3ab959b2bcda1d1 into 6b92bab6af35dbbca3c3fdd16225a58e84ca26aa
Repository and GitFlow	Run actions/checkout@11d5960a326750d5838078e36cf38b85af677262	2026-09-25T04:15:46.7618289Z ##[endgroup]
Repository and GitFlow	Run actions/checkout@11d5960a326750d5838078e36cf38b85af677262	2026-09-25T04:15:46.7664460Z [command]/usr/bin/git log -1 --format=%H
Repository and GitFlow	Run actions/checkout@11d5960a326750d5838078e36cf38b85af677262	2026-09-25T04:15:46.7690312Z 36c708543bc1f9db6ab8d914a3c0701710f5eadd
Repository and GitFlow	Run actions/checkout@11d5960a326750d5838078e36cf38b85af677262	2026-09-25T04:15:46.7703851Z ##[group]Removing auth
Repository and GitFlow	Run actions/checkout@11d5960a326750d5838078e36cf38b85af677262	2026-09-25T04:15:46.7705500Z [command]/usr/bin/git config --local --name-only --get-regexp core\.sshCommand
Repository and GitFlow	Run actions/checkout@11d5960a326750d5838078e36cf38b85af677262	2026-09-25T04:15:46.7734065Z [command]/usr/bin/git submodule foreach --recursive sh -c "git config --local --name-only --get-regexp 'core\.sshCommand' && git config --local --unset-all 'core.sshCommand' || :"
Repository and GitFlow	Run actions/checkout@11d5960a326750d5838078e36cf38b85af677262	2026-09-25T04:15:46.7922259Z [command]/usr/bin/git config --local --name-only --get-regexp http\.https\:\/\/github\.com\/\.extraheader
Repository and GitFlow	Run actions/checkout@11d5960a326750d5838078e36cf38b85af677262	2026-09-25T04:15:46.7949775Z http.https://github.com/.extraheader
Repository and GitFlow	Run actions/checkout@11d5960a326750d5838078e36cf38b85af677262	2026-09-25T04:15:46.7954075Z [command]/usr/bin/git config --local --unset-all http.https://github.com/.extraheader
Repository and GitFlow	Run actions/checkout@11d5960a326750d5838078e36cf38b85af677262	2026-09-25T04:15:46.7984296Z [command]/usr/bin/git submodule foreach --recursive sh -c "git config --local --name-only --get-regexp 'http\.https\:\/\/github\.com\/\.extraheader' && git config --local --unset-all 'http.https://github.com/.extraheader' || :"
Repository and GitFlow	Run actions/checkout@11d5960a326750d5838078e36cf38b85af677262	2026-09-25T04:15:46.8162170Z [command]/usr/bin/git config --local --name-only --get-regexp ^includeIf\.gitdir:
Repository and GitFlow	Run actions/checkout@11d5960a326750d5838078e36cf38b85af677262	2026-09-25T04:15:46.8190743Z [command]/usr/bin/git submodule foreach --recursive git config --local --show-origin --name-only --get-regexp remote.origin.url
Repository and GitFlow	Run actions/checkout@11d5960a326750d5838078e36cf38b85af677262	2026-09-25T04:15:46.8360563Z ##[endgroup]
Repository and GitFlow	Test repository checks	﻿2026-09-25T04:15:46.8539444Z ##[group]Run python3 .github/test_repository.py
Repository and GitFlow	Test repository checks	2026-09-25T04:15:46.8540069Z ^[[36;1mpython3 .github/test_repository.py^[[0m
Repository and GitFlow	Test repository checks	2026-09-25T04:15:46.8540413Z ^[[36;1mpython3 .github/test_commit_policy.py^[[0m
Repository and GitFlow	Test repository checks	2026-09-25T04:15:46.8781329Z shell: /usr/bin/bash --noprofile --norc -e -o pipefail {0}
Repository and GitFlow	Test repository checks	2026-09-25T04:15:46.8781807Z ##[endgroup]
Repository and GitFlow	Test repository checks	2026-09-25T04:15:47.0874759Z ........................
Repository and GitFlow	Test repository checks	2026-09-25T04:15:47.0875518Z ----------------------------------------------------------------------
Repository and GitFlow	Test repository checks	2026-09-25T04:15:47.0875920Z Ran 24 tests in 0.007s
Repository and GitFlow	Test repository checks	2026-09-25T04:15:47.0876067Z 
Repository and GitFlow	Test repository checks	2026-09-25T04:15:47.0876167Z OK
Repository and GitFlow	Test repository checks	2026-09-25T04:15:49.8974251Z .................
Repository and GitFlow	Test repository checks	2026-09-25T04:15:49.8974834Z ----------------------------------------------------------------------
Repository and GitFlow	Test repository checks	2026-09-25T04:15:49.8975194Z Ran 17 tests in 2.750s
Repository and GitFlow	Test repository checks	2026-09-25T04:15:49.8975345Z 
Repository and GitFlow	Test repository checks	2026-09-25T04:15:49.8975471Z OK
Repository and GitFlow	Test browser server lifecycle helper	﻿2026-09-25T04:15:49.9214836Z ##[group]Run python3 apps/operator/tests/test_with_servers.py
Repository and GitFlow	Test browser server lifecycle helper	2026-09-25T04:15:49.9215196Z ^[[36;1mpython3 apps/operator/tests/test_with_servers.py^[[0m
Repository and GitFlow	Test browser server lifecycle helper	2026-09-25T04:15:49.9270221Z shell: /usr/bin/bash --noprofile --norc -e -o pipefail {0}
Repository and GitFlow	Test browser server lifecycle helper	2026-09-25T04:15:49.9270472Z ##[endgroup]
Repository and GitFlow	Test browser server lifecycle helper	2026-09-25T04:15:50.3507726Z ....
Repository and GitFlow	Test browser server lifecycle helper	2026-09-25T04:15:50.3508823Z ----------------------------------------------------------------------
Repository and GitFlow	Test browser server lifecycle helper	2026-09-25T04:15:50.3509192Z Ran 4 tests in 0.385s
Repository and GitFlow	Test browser server lifecycle helper	2026-09-25T04:15:50.3509346Z 
Repository and GitFlow	Test browser server lifecycle helper	2026-09-25T04:15:50.3509424Z OK
Repository and GitFlow	Check DCO and verified OpenPGP signatures	﻿2026-09-25T04:15:50.3618313Z ##[group]Run python3 tools/check_commit_policy.py --head "$HEAD_SHA" --github-repository "$GITHUB_REPOSITORY"
Repository and GitFlow	Check DCO and verified OpenPGP signatures	2026-09-25T04:15:50.3618784Z ^[[36;1mpython3 tools/check_commit_policy.py --head "$HEAD_SHA" --github-repository "$GITHUB_REPOSITORY"^[[0m
Repository and GitFlow	Check DCO and verified OpenPGP signatures	2026-09-25T04:15:50.3670663Z shell: /usr/bin/bash --noprofile --norc -e -o pipefail {0}
Repository and GitFlow	Check DCO and verified OpenPGP signatures	2026-09-25T04:15:50.3670855Z env:
Repository and GitFlow	Check DCO and verified OpenPGP signatures	2026-09-25T04:15:50.3672619Z   GH_TOKEN: ***
Repository and GitFlow	Check DCO and verified OpenPGP signatures	2026-09-25T04:15:50.3672766Z   HEAD_SHA: 5207f2c57503cb00c0f4f5d5b3ab959b2bcda1d1
Repository and GitFlow	Check DCO and verified OpenPGP signatures	2026-09-25T04:15:50.3672939Z ##[endgroup]
Repository and GitFlow	Check DCO and verified OpenPGP signatures	2026-09-25T04:16:23.6946683Z HISTORICAL DCO VIOLATION (unresolved): jack0682/rx-solutions@041f4724cf3ab96debc9e8f08d25a64274d41ca0; missing author signoff; recorded policy exception, not certification
Repository and GitFlow	Check DCO and verified OpenPGP signatures	2026-09-25T04:16:23.6947542Z OK: 84 commits audited; 83 author sign-offs; 1 recorded historical DCO violations; all signatures verified OpenPGP
Repository and GitFlow	Validate PR branch route	﻿2026-09-25T04:16:23.7039417Z ##[group]Run python3 tools/check_repository.py --event "$GITHUB_EVENT_PATH"
Repository and GitFlow	Validate PR branch route	2026-09-25T04:16:23.7039945Z ^[[36;1mpython3 tools/check_repository.py --event "$GITHUB_EVENT_PATH"^[[0m
Repository and GitFlow	Validate PR branch route	2026-09-25T04:16:23.7090647Z shell: /usr/bin/bash --noprofile --norc -e -o pipefail {0}
Repository and GitFlow	Validate PR branch route	2026-09-25T04:16:23.7090843Z ##[endgroup]
Repository and GitFlow	Validate PR branch route	2026-09-25T04:16:23.7394968Z Repository checks passed.
Repository and GitFlow	Validate JSON, local links and contract integrity	﻿2026-09-25T04:16:23.7460987Z ##[group]Run python3 tools/check_repository.py
Repository and GitFlow	Validate JSON, local links and contract integrity	2026-09-25T04:16:23.7461255Z ^[[36;1mpython3 tools/check_repository.py^[[0m
Repository and GitFlow	Validate JSON, local links and contract integrity	2026-09-25T04:16:23.7513183Z shell: /usr/bin/bash --noprofile --norc -e -o pipefail {0}
Repository and GitFlow	Validate JSON, local links and contract integrity	2026-09-25T04:16:23.7513382Z ##[endgroup]
Repository and GitFlow	Validate JSON, local links and contract integrity	2026-09-25T04:16:23.8579056Z Checked 57 JSON files, local targets in 95 Markdown files, and two contract baselines; 0 links outside this checkout are not checked.
Repository and GitFlow	Validate JSON, local links and contract integrity	2026-09-25T04:16:23.8579933Z Repository checks passed.
Repository and GitFlow	Check invariant traceability	﻿2026-09-25T04:16:23.8658755Z ##[group]Run python3 tools/check_invariant_traceability.py
Repository and GitFlow	Check invariant traceability	2026-09-25T04:16:23.8659030Z ^[[36;1mpython3 tools/check_invariant_traceability.py^[[0m
Repository and GitFlow	Check invariant traceability	2026-09-25T04:16:23.8710765Z shell: /usr/bin/bash --noprofile --norc -e -o pipefail {0}
Repository and GitFlow	Check invariant traceability	2026-09-25T04:16:23.8710955Z ##[endgroup]
Repository and GitFlow	Check invariant traceability	2026-09-25T04:16:23.9240412Z Invariant traceability: I=12 OI=18; declared=7 uncovered=23; test links=10. Semantic coverage not checked.
Repository and GitFlow	Check device catalog sources and native inventory regressions	﻿2026-09-25T04:16:23.9307256Z ##[group]Run python3 tools/check_device_catalog_sources.py
Repository and GitFlow	Check device catalog sources and native inventory regressions	2026-09-25T04:16:23.9307530Z ^[[36;1mpython3 tools/check_device_catalog_sources.py^[[0m
Repository and GitFlow	Check device catalog sources and native inventory regressions	2026-09-25T04:16:23.9307714Z ^[[36;1mpython3 tools/test_native_inventory.py^[[0m
Repository and GitFlow	Check device catalog sources and native inventory regressions	2026-09-25T04:16:23.9358479Z shell: /usr/bin/bash --noprofile --norc -e -o pipefail {0}
Repository and GitFlow	Check device catalog sources and native inventory regressions	2026-09-25T04:16:23.9358677Z ##[endgroup]
Repository and GitFlow	Check device catalog sources and native inventory regressions	2026-09-25T04:16:23.9652619Z {"schema": "rx.catalog-source-check.v1", "status": "PASS", "external_repositories": 0, "profiles": 4, "unique_source_files": 1, "catalog_sha256": "669aaf825d542bf3173ab49072350b488e2f71826dfd9492e006d059a3c2ccbd", "scope": "Source identity and declarations only; synthetic fixtures are not physical equipment qualification."}
Repository and GitFlow	Check device catalog sources and native inventory regressions	2026-09-25T04:16:24.0649332Z Native source mutation and mode drift rejected
Repository and GitFlow	Post Run actions/checkout@11d5960a326750d5838078e36cf38b85af677262	﻿2026-09-25T04:16:24.0785346Z Post job cleanup.
Repository and GitFlow	Post Run actions/checkout@11d5960a326750d5838078e36cf38b85af677262	2026-09-25T04:16:24.1347420Z [command]/usr/bin/git version
Repository and GitFlow	Post Run actions/checkout@11d5960a326750d5838078e36cf38b85af677262	2026-09-25T04:16:24.1381831Z git version 2.55.0
Repository and GitFlow	Post Run actions/checkout@11d5960a326750d5838078e36cf38b85af677262	2026-09-25T04:16:24.1408326Z Temporarily overriding HOME='/home/runner/work/_temp/d8d6734c-d4d0-4236-b1db-1b6854956efd' before making global git config changes
Repository and GitFlow	Post Run actions/checkout@11d5960a326750d5838078e36cf38b85af677262	2026-09-25T04:16:24.1409040Z Adding repository directory to the temporary git global config as a safe directory
Repository and GitFlow	Post Run actions/checkout@11d5960a326750d5838078e36cf38b85af677262	2026-09-25T04:16:24.1412635Z [command]/usr/bin/git config --global --add safe.directory /home/runner/work/rx-solutions/rx-solutions
Repository and GitFlow	Post Run actions/checkout@11d5960a326750d5838078e36cf38b85af677262	2026-09-25T04:16:24.1447357Z [command]/usr/bin/git config --local --name-only --get-regexp core\.sshCommand
Repository and GitFlow	Post Run actions/checkout@11d5960a326750d5838078e36cf38b85af677262	2026-09-25T04:16:24.1476720Z [command]/usr/bin/git submodule foreach --recursive sh -c "git config --local --name-only --get-regexp 'core\.sshCommand' && git config --local --unset-all 'core.sshCommand' || :"
Repository and GitFlow	Post Run actions/checkout@11d5960a326750d5838078e36cf38b85af677262	2026-09-25T04:16:24.1681775Z [command]/usr/bin/git config --local --name-only --get-regexp http\.https\:\/\/github\.com\/\.extraheader
Repository and GitFlow	Post Run actions/checkout@11d5960a326750d5838078e36cf38b85af677262	2026-09-25T04:16:24.1718185Z [command]/usr/bin/git submodule foreach --recursive sh -c "git config --local --name-only --get-regexp 'http\.https\:\/\/github\.com\/\.extraheader' && git config --local --unset-all 'http.https://github.com/.extraheader' || :"
Repository and GitFlow	Post Run actions/checkout@11d5960a326750d5838078e36cf38b85af677262	2026-09-25T04:16:24.1918486Z [command]/usr/bin/git config --local --name-only --get-regexp ^includeIf\.gitdir:
Repository and GitFlow	Post Run actions/checkout@11d5960a326750d5838078e36cf38b85af677262	2026-09-25T04:16:24.1949804Z [command]/usr/bin/git submodule foreach --recursive git config --local --show-origin --name-only --get-regexp remote.origin.url
Repository and GitFlow	Complete job	﻿2026-09-25T04:16:24.2255466Z Cleaning up orphan processes
Repository and GitFlow	Complete job	2026-09-25T04:16:24.2462010Z ##[warning]Node.js 20 is deprecated. The following actions target Node.js 20 but are being forced to run on Node.js 24: actions/checkout@11d5960a326750d5838078e36cf38b85af677262. For more information see: https://github.blog/changelog/2025-09-19-deprecation-of-node-20-on-github-actions-runners/
CI	Set up job	﻿2026-09-25T04:20:56.4754309Z Current runner version: '2.337.0'
CI	Set up job	2026-09-25T04:20:56.4774046Z ##[group]Runner Image Provisioner
CI	Set up job	2026-09-25T04:20:56.4774656Z Hosted Compute Agent
CI	Set up job	2026-09-25T04:20:56.4775066Z Version: 20260828.587
CI	Set up job	2026-09-25T04:20:56.4775485Z Commit: abac92662cab4cc7352de4f9f9d2e2419aad9c29
CI	Set up job	2026-09-25T04:20:56.4775938Z Build Date: 2026-08-28T16:44:25Z
CI	Set up job	2026-09-25T04:20:56.4776431Z Worker ID: {e4fae2ca-605c-49ea-91dd-ec68cd5fe872}
CI	Set up job	2026-09-25T04:20:56.4776900Z Azure Region: centralus
CI	Set up job	2026-09-25T04:20:56.4777292Z ##[endgroup]
CI	Set up job	2026-09-25T04:20:56.4778296Z ##[group]Operating System
CI	Set up job	2026-09-25T04:20:56.4778676Z Ubuntu
CI	Set up job	2026-09-25T04:20:56.4779033Z 24.04.5
CI	Set up job	2026-09-25T04:20:56.4779380Z LTS
CI	Set up job	2026-09-25T04:20:56.4779690Z ##[endgroup]
CI	Set up job	2026-09-25T04:20:56.4780066Z ##[group]Runner Image
CI	Set up job	2026-09-25T04:20:56.4780437Z Image: ubuntu-24.04
CI	Set up job	2026-09-25T04:20:56.4780858Z Version: 20260920.314.1
CI	Set up job	2026-09-25T04:20:56.4781536Z Included Software: https://github.com/actions/runner-images/blob/ubuntu24/20260920.314/images/ubuntu/Ubuntu2404-Readme.md
CI	Set up job	2026-09-25T04:20:56.4782708Z Image Release: https://github.com/actions/runner-images/releases/tag/ubuntu24%2F20260920.314
CI	Set up job	2026-09-25T04:20:56.4783266Z ##[endgroup]
CI	Set up job	2026-09-25T04:20:56.4784015Z ##[group]GITHUB_TOKEN Permissions
CI	Set up job	2026-09-25T04:20:56.4785436Z Contents: read
CI	Set up job	2026-09-25T04:20:56.4785846Z Metadata: read
CI	Set up job	2026-09-25T04:20:56.4786184Z ##[endgroup]
CI	Set up job	2026-09-25T04:20:56.4787560Z Secret source: Actions
CI	Set up job	2026-09-25T04:20:56.4788216Z Cache mode: write
CI	Set up job	2026-09-25T04:20:56.4788814Z Prepare workflow directory
CI	Set up job	2026-09-25T04:20:56.5057287Z Prepare all required actions
CI	Set up job	2026-09-25T04:20:56.5098693Z Complete job name: CI
CI	Require every validation job to pass	﻿2026-09-25T04:20:56.5613196Z ##[group]Run python3 - <<'PYTHON'
CI	Require every validation job to pass	2026-09-25T04:20:56.5613718Z ^[[36;1mpython3 - <<'PYTHON'^[[0m
CI	Require every validation job to pass	2026-09-25T04:20:56.5614209Z ^[[36;1mimport json, os, sys^[[0m
CI	Require every validation job to pass	2026-09-25T04:20:56.5614628Z ^[[36;1mresults = json.loads(os.environ["NEEDS"])^[[0m
CI	Require every validation job to pass	2026-09-25T04:20:56.5615445Z ^[[36;1mfailed = {name: value["result"] for name, value in results.items() if value["result"] != "success"}^[[0m
CI	Require every validation job to pass	2026-09-25T04:20:56.5616116Z ^[[36;1mif failed:^[[0m
CI	Require every validation job to pass	2026-09-25T04:20:56.5616536Z ^[[36;1m    sys.exit(f"Required validation jobs did not pass: {failed}")^[[0m
CI	Require every validation job to pass	2026-09-25T04:20:56.5617120Z ^[[36;1mprint("All required validation jobs passed.")^[[0m
CI	Require every validation job to pass	2026-09-25T04:20:56.5617552Z ^[[36;1mPYTHON^[[0m
CI	Require every validation job to pass	2026-09-25T04:20:56.6374704Z shell: /usr/bin/bash --noprofile --norc -e -o pipefail {0}
CI	Require every validation job to pass	2026-09-25T04:20:56.6375330Z env:
CI	Require every validation job to pass	2026-09-25T04:20:56.6375948Z   NEEDS: {
CI	Require every validation job to pass	  "repository": {
CI	Require every validation job to pass	    "result": "success",
CI	Require every validation job to pass	    "outputs": {}
CI	Require every validation job to pass	  },
CI	Require every validation job to pass	  "rust": {
CI	Require every validation job to pass	    "result": "success",
CI	Require every validation job to pass	    "outputs": {}
CI	Require every validation job to pass	  },
CI	Require every validation job to pass	  "operator": {
CI	Require every validation job to pass	    "result": "success",
CI	Require every validation job to pass	    "outputs": {}
CI	Require every validation job to pass	  }
CI	Require every validation job to pass	}
CI	Require every validation job to pass	2026-09-25T04:20:56.6376698Z ##[endgroup]
CI	Require every validation job to pass	2026-09-25T04:20:56.6737480Z All required validation jobs passed.
CI	Complete job	﻿2026-09-25T04:20:56.6913798Z Cleaning up orphan processes
