Repository and GitFlow	Set up job	﻿2026-09-24T22:27:00.9259835Z Current runner version: '2.337.0'
Repository and GitFlow	Set up job	2026-09-24T22:27:00.9282791Z ##[group]Runner Image Provisioner
Repository and GitFlow	Set up job	2026-09-24T22:27:00.9283523Z Hosted Compute Agent
Repository and GitFlow	Set up job	2026-09-24T22:27:00.9284021Z Version: 20260828.587
Repository and GitFlow	Set up job	2026-09-24T22:27:00.9284609Z Commit: abac92662cab4cc7352de4f9f9d2e2419aad9c29
Repository and GitFlow	Set up job	2026-09-24T22:27:00.9285254Z Build Date: 2026-08-28T16:44:25Z
Repository and GitFlow	Set up job	2026-09-24T22:27:00.9285877Z Worker ID: {d3b4c047-feb3-46d0-a39e-3da7daabdcf5}
Repository and GitFlow	Set up job	2026-09-24T22:27:00.9286487Z Azure Region: westus3
Repository and GitFlow	Set up job	2026-09-24T22:27:00.9286966Z ##[endgroup]
Repository and GitFlow	Set up job	2026-09-24T22:27:00.9288132Z ##[group]Operating System
Repository and GitFlow	Set up job	2026-09-24T22:27:00.9288668Z Ubuntu
Repository and GitFlow	Set up job	2026-09-24T22:27:00.9289679Z 24.04.5
Repository and GitFlow	Set up job	2026-09-24T22:27:00.9290178Z LTS
Repository and GitFlow	Set up job	2026-09-24T22:27:00.9290614Z ##[endgroup]
Repository and GitFlow	Set up job	2026-09-24T22:27:00.9291112Z ##[group]Runner Image
Repository and GitFlow	Set up job	2026-09-24T22:27:00.9291686Z Image: ubuntu-24.04
Repository and GitFlow	Set up job	2026-09-24T22:27:00.9292145Z Version: 20260920.314.1
Repository and GitFlow	Set up job	2026-09-24T22:27:00.9293088Z Included Software: https://github.com/actions/runner-images/blob/ubuntu24/20260920.314/images/ubuntu/Ubuntu2404-Readme.md
Repository and GitFlow	Set up job	2026-09-24T22:27:00.9294533Z Image Release: https://github.com/actions/runner-images/releases/tag/ubuntu24%2F20260920.314
Repository and GitFlow	Set up job	2026-09-24T22:27:00.9295410Z ##[endgroup]
Repository and GitFlow	Set up job	2026-09-24T22:27:00.9296309Z ##[group]GITHUB_TOKEN Permissions
Repository and GitFlow	Set up job	2026-09-24T22:27:00.9297870Z Contents: read
Repository and GitFlow	Set up job	2026-09-24T22:27:00.9298353Z Metadata: read
Repository and GitFlow	Set up job	2026-09-24T22:27:00.9298917Z ##[endgroup]
Repository and GitFlow	Set up job	2026-09-24T22:27:00.9300800Z Secret source: Actions
Repository and GitFlow	Set up job	2026-09-24T22:27:00.9301679Z Cache mode: write
Repository and GitFlow	Set up job	2026-09-24T22:27:00.9302262Z Prepare workflow directory
Repository and GitFlow	Set up job	2026-09-24T22:27:00.9621338Z Prepare all required actions
Repository and GitFlow	Set up job	2026-09-24T22:27:00.9660545Z Getting action download info
Repository and GitFlow	Set up job	2026-09-24T22:27:01.2908853Z Download action repository 'actions/checkout@11d5960a326750d5838078e36cf38b85af677262' (SHA:11d5960a326750d5838078e36cf38b85af677262)
Repository and GitFlow	Set up job	2026-09-24T22:27:01.7751714Z Complete job name: Repository and GitFlow
Repository and GitFlow	Run actions/checkout@11d5960a326750d5838078e36cf38b85af677262	﻿2026-09-24T22:27:01.8411678Z ##[group]Run actions/checkout@11d5960a326750d5838078e36cf38b85af677262
Repository and GitFlow	Run actions/checkout@11d5960a326750d5838078e36cf38b85af677262	2026-09-24T22:27:01.8412583Z with:
Repository and GitFlow	Run actions/checkout@11d5960a326750d5838078e36cf38b85af677262	2026-09-24T22:27:01.8412977Z   persist-credentials: false
Repository and GitFlow	Run actions/checkout@11d5960a326750d5838078e36cf38b85af677262	2026-09-24T22:27:01.8413449Z   fetch-depth: 0
Repository and GitFlow	Run actions/checkout@11d5960a326750d5838078e36cf38b85af677262	2026-09-24T22:27:01.8413856Z   repository: jack0682/rx-platform
Repository and GitFlow	Run actions/checkout@11d5960a326750d5838078e36cf38b85af677262	2026-09-24T22:27:01.8417439Z   token: ***
Repository and GitFlow	Run actions/checkout@11d5960a326750d5838078e36cf38b85af677262	2026-09-24T22:27:01.8417818Z   ssh-strict: true
Repository and GitFlow	Run actions/checkout@11d5960a326750d5838078e36cf38b85af677262	2026-09-24T22:27:01.8418202Z   ssh-user: git
Repository and GitFlow	Run actions/checkout@11d5960a326750d5838078e36cf38b85af677262	2026-09-24T22:27:01.8418576Z   clean: true
Repository and GitFlow	Run actions/checkout@11d5960a326750d5838078e36cf38b85af677262	2026-09-24T22:27:01.8418965Z   sparse-checkout-cone-mode: true
Repository and GitFlow	Run actions/checkout@11d5960a326750d5838078e36cf38b85af677262	2026-09-24T22:27:01.8419585Z   fetch-tags: false
Repository and GitFlow	Run actions/checkout@11d5960a326750d5838078e36cf38b85af677262	2026-09-24T22:27:01.8419988Z   show-progress: true
Repository and GitFlow	Run actions/checkout@11d5960a326750d5838078e36cf38b85af677262	2026-09-24T22:27:01.8420385Z   lfs: false
Repository and GitFlow	Run actions/checkout@11d5960a326750d5838078e36cf38b85af677262	2026-09-24T22:27:01.8420745Z   submodules: false
Repository and GitFlow	Run actions/checkout@11d5960a326750d5838078e36cf38b85af677262	2026-09-24T22:27:01.8421164Z   set-safe-directory: true
Repository and GitFlow	Run actions/checkout@11d5960a326750d5838078e36cf38b85af677262	2026-09-24T22:27:01.8421608Z   allow-unsafe-pr-checkout: false
Repository and GitFlow	Run actions/checkout@11d5960a326750d5838078e36cf38b85af677262	2026-09-24T22:27:01.8422226Z ##[endgroup]
Repository and GitFlow	Run actions/checkout@11d5960a326750d5838078e36cf38b85af677262	2026-09-24T22:27:01.9262987Z Syncing repository: jack0682/rx-platform
Repository and GitFlow	Run actions/checkout@11d5960a326750d5838078e36cf38b85af677262	2026-09-24T22:27:01.9265147Z ##[group]Getting Git version info
Repository and GitFlow	Run actions/checkout@11d5960a326750d5838078e36cf38b85af677262	2026-09-24T22:27:01.9266268Z Working directory is '/home/runner/work/rx-platform/rx-platform'
Repository and GitFlow	Run actions/checkout@11d5960a326750d5838078e36cf38b85af677262	2026-09-24T22:27:01.9267791Z [command]/usr/bin/git version
Repository and GitFlow	Run actions/checkout@11d5960a326750d5838078e36cf38b85af677262	2026-09-24T22:27:01.9534906Z git version 2.55.0
Repository and GitFlow	Run actions/checkout@11d5960a326750d5838078e36cf38b85af677262	2026-09-24T22:27:01.9550951Z ##[endgroup]
Repository and GitFlow	Run actions/checkout@11d5960a326750d5838078e36cf38b85af677262	2026-09-24T22:27:01.9564509Z Temporarily overriding HOME='/home/runner/work/_temp/bfb11b15-5dd0-4649-91ee-0df29860523b' before making global git config changes
Repository and GitFlow	Run actions/checkout@11d5960a326750d5838078e36cf38b85af677262	2026-09-24T22:27:01.9568752Z Adding repository directory to the temporary git global config as a safe directory
Repository and GitFlow	Run actions/checkout@11d5960a326750d5838078e36cf38b85af677262	2026-09-24T22:27:01.9570570Z [command]/usr/bin/git config --global --add safe.directory /home/runner/work/rx-platform/rx-platform
Repository and GitFlow	Run actions/checkout@11d5960a326750d5838078e36cf38b85af677262	2026-09-24T22:27:01.9614814Z Deleting the contents of '/home/runner/work/rx-platform/rx-platform'
Repository and GitFlow	Run actions/checkout@11d5960a326750d5838078e36cf38b85af677262	2026-09-24T22:27:01.9618629Z ##[group]Initializing the repository
Repository and GitFlow	Run actions/checkout@11d5960a326750d5838078e36cf38b85af677262	2026-09-24T22:27:01.9622344Z [command]/usr/bin/git init /home/runner/work/rx-platform/rx-platform
Repository and GitFlow	Run actions/checkout@11d5960a326750d5838078e36cf38b85af677262	2026-09-24T22:27:01.9707268Z hint: Using 'master' as the name for the initial branch. This default branch name
Repository and GitFlow	Run actions/checkout@11d5960a326750d5838078e36cf38b85af677262	2026-09-24T22:27:01.9708548Z hint: will change to "main" in Git 3.0. To configure the initial branch name
Repository and GitFlow	Run actions/checkout@11d5960a326750d5838078e36cf38b85af677262	2026-09-24T22:27:01.9714000Z hint: to use in all of your new repositories, which will suppress this warning,
Repository and GitFlow	Run actions/checkout@11d5960a326750d5838078e36cf38b85af677262	2026-09-24T22:27:01.9722252Z hint: call:
Repository and GitFlow	Run actions/checkout@11d5960a326750d5838078e36cf38b85af677262	2026-09-24T22:27:01.9733850Z hint:
Repository and GitFlow	Run actions/checkout@11d5960a326750d5838078e36cf38b85af677262	2026-09-24T22:27:01.9734613Z hint: 	git config --global init.defaultBranch <name>
Repository and GitFlow	Run actions/checkout@11d5960a326750d5838078e36cf38b85af677262	2026-09-24T22:27:01.9735488Z hint:
Repository and GitFlow	Run actions/checkout@11d5960a326750d5838078e36cf38b85af677262	2026-09-24T22:27:01.9736295Z hint: Names commonly chosen instead of 'master' are 'main', 'trunk' and
Repository and GitFlow	Run actions/checkout@11d5960a326750d5838078e36cf38b85af677262	2026-09-24T22:27:01.9737598Z hint: 'development'. The just-created branch can be renamed via this command:
Repository and GitFlow	Run actions/checkout@11d5960a326750d5838078e36cf38b85af677262	2026-09-24T22:27:01.9738636Z hint:
Repository and GitFlow	Run actions/checkout@11d5960a326750d5838078e36cf38b85af677262	2026-09-24T22:27:01.9739339Z hint: 	git branch -m <name>
Repository and GitFlow	Run actions/checkout@11d5960a326750d5838078e36cf38b85af677262	2026-09-24T22:27:01.9739987Z hint:
Repository and GitFlow	Run actions/checkout@11d5960a326750d5838078e36cf38b85af677262	2026-09-24T22:27:01.9740839Z hint: Disable this message with "git config set advice.defaultBranchName false"
Repository and GitFlow	Run actions/checkout@11d5960a326750d5838078e36cf38b85af677262	2026-09-24T22:27:01.9742314Z Initialized empty Git repository in /home/runner/work/rx-platform/rx-platform/.git/
Repository and GitFlow	Run actions/checkout@11d5960a326750d5838078e36cf38b85af677262	2026-09-24T22:27:01.9744745Z [command]/usr/bin/git remote add origin https://github.com/jack0682/rx-platform
Repository and GitFlow	Run actions/checkout@11d5960a326750d5838078e36cf38b85af677262	2026-09-24T22:27:01.9769859Z ##[endgroup]
Repository and GitFlow	Run actions/checkout@11d5960a326750d5838078e36cf38b85af677262	2026-09-24T22:27:01.9770961Z ##[group]Disabling automatic garbage collection
Repository and GitFlow	Run actions/checkout@11d5960a326750d5838078e36cf38b85af677262	2026-09-24T22:27:01.9773777Z [command]/usr/bin/git config --local gc.auto 0
Repository and GitFlow	Run actions/checkout@11d5960a326750d5838078e36cf38b85af677262	2026-09-24T22:27:02.0774410Z ##[endgroup]
Repository and GitFlow	Run actions/checkout@11d5960a326750d5838078e36cf38b85af677262	2026-09-24T22:27:02.0775581Z ##[group]Setting up auth
Repository and GitFlow	Run actions/checkout@11d5960a326750d5838078e36cf38b85af677262	2026-09-24T22:27:02.0780813Z [command]/usr/bin/git config --local --name-only --get-regexp core\.sshCommand
Repository and GitFlow	Run actions/checkout@11d5960a326750d5838078e36cf38b85af677262	2026-09-24T22:27:02.0813598Z [command]/usr/bin/git submodule foreach --recursive sh -c "git config --local --name-only --get-regexp 'core\.sshCommand' && git config --local --unset-all 'core.sshCommand' || :"
Repository and GitFlow	Run actions/checkout@11d5960a326750d5838078e36cf38b85af677262	2026-09-24T22:27:02.1383231Z [command]/usr/bin/git config --local --name-only --get-regexp http\.https\:\/\/github\.com\/\.extraheader
Repository and GitFlow	Run actions/checkout@11d5960a326750d5838078e36cf38b85af677262	2026-09-24T22:27:02.1415043Z [command]/usr/bin/git submodule foreach --recursive sh -c "git config --local --name-only --get-regexp 'http\.https\:\/\/github\.com\/\.extraheader' && git config --local --unset-all 'http.https://github.com/.extraheader' || :"
Repository and GitFlow	Run actions/checkout@11d5960a326750d5838078e36cf38b85af677262	2026-09-24T22:27:02.1605071Z [command]/usr/bin/git config --local --name-only --get-regexp ^includeIf\.gitdir:
Repository and GitFlow	Run actions/checkout@11d5960a326750d5838078e36cf38b85af677262	2026-09-24T22:27:02.1635179Z [command]/usr/bin/git submodule foreach --recursive git config --local --show-origin --name-only --get-regexp remote.origin.url
Repository and GitFlow	Run actions/checkout@11d5960a326750d5838078e36cf38b85af677262	2026-09-24T22:27:02.1837361Z [command]/usr/bin/git config --local http.https://github.com/.extraheader AUTHORIZATION: basic ***
Repository and GitFlow	Run actions/checkout@11d5960a326750d5838078e36cf38b85af677262	2026-09-24T22:27:02.1873843Z ##[endgroup]
Repository and GitFlow	Run actions/checkout@11d5960a326750d5838078e36cf38b85af677262	2026-09-24T22:27:02.1881760Z ##[group]Fetching the repository
Repository and GitFlow	Run actions/checkout@11d5960a326750d5838078e36cf38b85af677262	2026-09-24T22:27:02.1882993Z [command]/usr/bin/git -c protocol.version=2 fetch --prune --no-recurse-submodules origin +refs/heads/*:refs/remotes/origin/* +refs/tags/*:refs/tags/*
Repository and GitFlow	Run actions/checkout@11d5960a326750d5838078e36cf38b85af677262	2026-09-24T22:27:04.4746158Z From https://github.com/jack0682/rx-platform
Repository and GitFlow	Run actions/checkout@11d5960a326750d5838078e36cf38b85af677262	2026-09-24T22:27:04.4747478Z  * [new branch]      develop                 -> origin/develop
Repository and GitFlow	Run actions/checkout@11d5960a326750d5838078e36cf38b85af677262	2026-09-24T22:27:04.4748371Z  * [new branch]      main                    -> origin/main
Repository and GitFlow	Run actions/checkout@11d5960a326750d5838078e36cf38b85af677262	2026-09-24T22:27:04.4749775Z  * [new tag]         archive/initial-draft-2026-09-14 -> archive/initial-draft-2026-09-14
Repository and GitFlow	Run actions/checkout@11d5960a326750d5838078e36cf38b85af677262	2026-09-24T22:27:04.4751544Z  * [new tag]         archive/investigation-wip-2026-09-14 -> archive/investigation-wip-2026-09-14
Repository and GitFlow	Run actions/checkout@11d5960a326750d5838078e36cf38b85af677262	2026-09-24T22:27:04.4752743Z  * [new tag]         codex/initial-draft     -> codex/initial-draft
Repository and GitFlow	Run actions/checkout@11d5960a326750d5838078e36cf38b85af677262	2026-09-24T22:27:04.4753868Z  * [new tag]         codex/investigation-wip -> codex/investigation-wip
Repository and GitFlow	Run actions/checkout@11d5960a326750d5838078e36cf38b85af677262	2026-09-24T22:27:04.4755130Z  * [new tag]         draft-v0.1              -> draft-v0.1
Repository and GitFlow	Run actions/checkout@11d5960a326750d5838078e36cf38b85af677262	2026-09-24T22:27:04.4757545Z [command]/usr/bin/git branch --list --remote origin/develop
Repository and GitFlow	Run actions/checkout@11d5960a326750d5838078e36cf38b85af677262	2026-09-24T22:27:04.4782613Z   origin/develop
Repository and GitFlow	Run actions/checkout@11d5960a326750d5838078e36cf38b85af677262	2026-09-24T22:27:04.4789657Z [command]/usr/bin/git rev-parse refs/remotes/origin/develop
Repository and GitFlow	Run actions/checkout@11d5960a326750d5838078e36cf38b85af677262	2026-09-24T22:27:04.4811581Z 15c707b268f4702a9439e9698360daac374e360c
Repository and GitFlow	Run actions/checkout@11d5960a326750d5838078e36cf38b85af677262	2026-09-24T22:27:04.4816087Z ##[endgroup]
Repository and GitFlow	Run actions/checkout@11d5960a326750d5838078e36cf38b85af677262	2026-09-24T22:27:04.4817241Z ##[group]Determining the checkout info
Repository and GitFlow	Run actions/checkout@11d5960a326750d5838078e36cf38b85af677262	2026-09-24T22:27:04.4818660Z ##[endgroup]
Repository and GitFlow	Run actions/checkout@11d5960a326750d5838078e36cf38b85af677262	2026-09-24T22:27:04.4820701Z [command]/usr/bin/git sparse-checkout disable
Repository and GitFlow	Run actions/checkout@11d5960a326750d5838078e36cf38b85af677262	2026-09-24T22:27:04.4865241Z [command]/usr/bin/git config --local --unset-all extensions.worktreeConfig
Repository and GitFlow	Run actions/checkout@11d5960a326750d5838078e36cf38b85af677262	2026-09-24T22:27:04.4893015Z ##[group]Checking out the ref
Repository and GitFlow	Run actions/checkout@11d5960a326750d5838078e36cf38b85af677262	2026-09-24T22:27:04.4894884Z [command]/usr/bin/git checkout --progress --force -B develop refs/remotes/origin/develop
Repository and GitFlow	Run actions/checkout@11d5960a326750d5838078e36cf38b85af677262	2026-09-24T22:27:04.5232506Z Switched to a new branch 'develop'
Repository and GitFlow	Run actions/checkout@11d5960a326750d5838078e36cf38b85af677262	2026-09-24T22:27:04.5235505Z branch 'develop' set up to track 'origin/develop'.
Repository and GitFlow	Run actions/checkout@11d5960a326750d5838078e36cf38b85af677262	2026-09-24T22:27:04.5242336Z ##[endgroup]
Repository and GitFlow	Run actions/checkout@11d5960a326750d5838078e36cf38b85af677262	2026-09-24T22:27:04.5279830Z [command]/usr/bin/git log -1 --format=%H
Repository and GitFlow	Run actions/checkout@11d5960a326750d5838078e36cf38b85af677262	2026-09-24T22:27:04.5304503Z 15c707b268f4702a9439e9698360daac374e360c
Repository and GitFlow	Run actions/checkout@11d5960a326750d5838078e36cf38b85af677262	2026-09-24T22:27:04.5311998Z ##[group]Removing auth
Repository and GitFlow	Run actions/checkout@11d5960a326750d5838078e36cf38b85af677262	2026-09-24T22:27:04.5315025Z [command]/usr/bin/git config --local --name-only --get-regexp core\.sshCommand
Repository and GitFlow	Run actions/checkout@11d5960a326750d5838078e36cf38b85af677262	2026-09-24T22:27:04.5343068Z [command]/usr/bin/git submodule foreach --recursive sh -c "git config --local --name-only --get-regexp 'core\.sshCommand' && git config --local --unset-all 'core.sshCommand' || :"
Repository and GitFlow	Run actions/checkout@11d5960a326750d5838078e36cf38b85af677262	2026-09-24T22:27:04.5533817Z [command]/usr/bin/git config --local --name-only --get-regexp http\.https\:\/\/github\.com\/\.extraheader
Repository and GitFlow	Run actions/checkout@11d5960a326750d5838078e36cf38b85af677262	2026-09-24T22:27:04.5560003Z http.https://github.com/.extraheader
Repository and GitFlow	Run actions/checkout@11d5960a326750d5838078e36cf38b85af677262	2026-09-24T22:27:04.5566684Z [command]/usr/bin/git config --local --unset-all http.https://github.com/.extraheader
Repository and GitFlow	Run actions/checkout@11d5960a326750d5838078e36cf38b85af677262	2026-09-24T22:27:04.5597710Z [command]/usr/bin/git submodule foreach --recursive sh -c "git config --local --name-only --get-regexp 'http\.https\:\/\/github\.com\/\.extraheader' && git config --local --unset-all 'http.https://github.com/.extraheader' || :"
Repository and GitFlow	Run actions/checkout@11d5960a326750d5838078e36cf38b85af677262	2026-09-24T22:27:04.5788326Z [command]/usr/bin/git config --local --name-only --get-regexp ^includeIf\.gitdir:
Repository and GitFlow	Run actions/checkout@11d5960a326750d5838078e36cf38b85af677262	2026-09-24T22:27:04.5819410Z [command]/usr/bin/git submodule foreach --recursive git config --local --show-origin --name-only --get-regexp remote.origin.url
Repository and GitFlow	Run actions/checkout@11d5960a326750d5838078e36cf38b85af677262	2026-09-24T22:27:04.6009973Z ##[endgroup]
Repository and GitFlow	Test repository checks	﻿2026-09-24T22:27:04.6216980Z ##[group]Run python3 .github/test_repository.py
Repository and GitFlow	Test repository checks	2026-09-24T22:27:04.6218241Z ^[[36;1mpython3 .github/test_repository.py^[[0m
Repository and GitFlow	Test repository checks	2026-09-24T22:27:04.6219638Z ^[[36;1mpython3 .github/test_commit_policy.py^[[0m
Repository and GitFlow	Test repository checks	2026-09-24T22:27:04.6427649Z shell: /usr/bin/bash --noprofile --norc -e -o pipefail {0}
Repository and GitFlow	Test repository checks	2026-09-24T22:27:04.6428875Z ##[endgroup]
Repository and GitFlow	Test repository checks	2026-09-24T22:27:05.1076935Z ........................
Repository and GitFlow	Test repository checks	2026-09-24T22:27:05.1077548Z ----------------------------------------------------------------------
Repository and GitFlow	Test repository checks	2026-09-24T22:27:05.1078059Z Ran 24 tests in 0.009s
Repository and GitFlow	Test repository checks	2026-09-24T22:27:05.1078220Z 
Repository and GitFlow	Test repository checks	2026-09-24T22:27:05.1078315Z OK
Repository and GitFlow	Test repository checks	2026-09-24T22:27:08.9308550Z .................
Repository and GitFlow	Test repository checks	2026-09-24T22:27:08.9309011Z ----------------------------------------------------------------------
Repository and GitFlow	Test repository checks	2026-09-24T22:27:08.9309475Z Ran 17 tests in 3.746s
Repository and GitFlow	Test repository checks	2026-09-24T22:27:08.9309612Z 
Repository and GitFlow	Test repository checks	2026-09-24T22:27:08.9309689Z OK
Repository and GitFlow	Check DCO and verified OpenPGP signatures	﻿2026-09-24T22:27:08.9478952Z ##[group]Run python3 tools/check_commit_policy.py --head "$HEAD_SHA" --github-repository "$GITHUB_REPOSITORY"
Repository and GitFlow	Check DCO and verified OpenPGP signatures	2026-09-24T22:27:08.9479879Z ^[[36;1mpython3 tools/check_commit_policy.py --head "$HEAD_SHA" --github-repository "$GITHUB_REPOSITORY"^[[0m
Repository and GitFlow	Check DCO and verified OpenPGP signatures	2026-09-24T22:27:08.9536651Z shell: /usr/bin/bash --noprofile --norc -e -o pipefail {0}
Repository and GitFlow	Check DCO and verified OpenPGP signatures	2026-09-24T22:27:08.9536938Z env:
Repository and GitFlow	Check DCO and verified OpenPGP signatures	2026-09-24T22:27:08.9539465Z   GH_TOKEN: ***
Repository and GitFlow	Check DCO and verified OpenPGP signatures	2026-09-24T22:27:08.9539688Z   HEAD_SHA: 15c707b268f4702a9439e9698360daac374e360c
Repository and GitFlow	Check DCO and verified OpenPGP signatures	2026-09-24T22:27:08.9539956Z ##[endgroup]
Repository and GitFlow	Check DCO and verified OpenPGP signatures	2026-09-24T22:27:31.7316690Z OK: 45 commits audited; 45 author sign-offs; 0 recorded historical DCO violations; all signatures verified OpenPGP
Repository and GitFlow	Validate JSON, local links and contract integrity	﻿2026-09-24T22:27:31.7482737Z ##[group]Run python3 tools/check_repository.py
Repository and GitFlow	Validate JSON, local links and contract integrity	2026-09-24T22:27:31.7483047Z ^[[36;1mpython3 tools/check_repository.py^[[0m
Repository and GitFlow	Validate JSON, local links and contract integrity	2026-09-24T22:27:31.7540534Z shell: /usr/bin/bash --noprofile --norc -e -o pipefail {0}
Repository and GitFlow	Validate JSON, local links and contract integrity	2026-09-24T22:27:31.7540824Z ##[endgroup]
Repository and GitFlow	Validate JSON, local links and contract integrity	2026-09-24T22:27:31.8646371Z Checked 33 JSON files, local targets in 102 Markdown files, and two contract baselines; 0 links outside this checkout are not checked.
Repository and GitFlow	Validate JSON, local links and contract integrity	2026-09-24T22:27:31.8647075Z Repository checks passed.
Repository and GitFlow	Check invariant traceability	﻿2026-09-24T22:27:31.8732265Z ##[group]Run python3 tools/check_invariant_traceability.py
Repository and GitFlow	Check invariant traceability	2026-09-24T22:27:31.8732631Z ^[[36;1mpython3 tools/check_invariant_traceability.py^[[0m
Repository and GitFlow	Check invariant traceability	2026-09-24T22:27:31.8788184Z shell: /usr/bin/bash --noprofile --norc -e -o pipefail {0}
Repository and GitFlow	Check invariant traceability	2026-09-24T22:27:31.8788474Z ##[endgroup]
Repository and GitFlow	Check invariant traceability	2026-09-24T22:27:32.0233427Z Invariant traceability: I=12 OI=18; declared=10 uncovered=20; test links=16. Semantic coverage not checked.
Repository and GitFlow	Check contract baselines and SDK export regressions	﻿2026-09-24T22:27:32.0306265Z ##[group]Run python3 tools/check_contract_baselines.py
Repository and GitFlow	Check contract baselines and SDK export regressions	2026-09-24T22:27:32.0306615Z ^[[36;1mpython3 tools/check_contract_baselines.py^[[0m
Repository and GitFlow	Check contract baselines and SDK export regressions	2026-09-24T22:27:32.0306881Z ^[[36;1mpython3 tools/test_export_host_sdk.py^[[0m
Repository and GitFlow	Check contract baselines and SDK export regressions	2026-09-24T22:27:32.0362551Z shell: /usr/bin/bash --noprofile --norc -e -o pipefail {0}
Repository and GitFlow	Check contract baselines and SDK export regressions	2026-09-24T22:27:32.0362838Z ##[endgroup]
Repository and GitFlow	Check contract baselines and SDK export regressions	2026-09-24T22:27:32.0651800Z contracts: 4 normative files unchanged
Repository and GitFlow	Check contract baselines and SDK export regressions	2026-09-24T22:27:32.0652274Z cell_operations: 4 normative files unchanged
Repository and GitFlow	Check contract baselines and SDK export regressions	2026-09-24T22:27:32.2745168Z PASS: fresh inventory, modified destination preserved/refused, authority crate excluded
Repository and GitFlow	Check optional binding manifests without rewriting them	﻿2026-09-24T22:27:32.2841780Z ##[group]Run for checker in tools/update_*_binding.py; do
Repository and GitFlow	Check optional binding manifests without rewriting them	2026-09-24T22:27:32.2842168Z ^[[36;1mfor checker in tools/update_*_binding.py; do^[[0m
Repository and GitFlow	Check optional binding manifests without rewriting them	2026-09-24T22:27:32.2842453Z ^[[36;1m  python3 "$checker" --check^[[0m
Repository and GitFlow	Check optional binding manifests without rewriting them	2026-09-24T22:27:32.2842667Z ^[[36;1mdone^[[0m
Repository and GitFlow	Check optional binding manifests without rewriting them	2026-09-24T22:27:32.2898637Z shell: /usr/bin/bash --noprofile --norc -e -o pipefail {0}
Repository and GitFlow	Check optional binding manifests without rewriting them	2026-09-24T22:27:32.2898936Z ##[endgroup]
Repository and GitFlow	Check optional binding manifests without rewriting them	2026-09-24T22:27:32.3247151Z Assignment binding sources unchanged
Repository and GitFlow	Check optional binding manifests without rewriting them	2026-09-24T22:27:32.3544538Z Executor plan binding sources unchanged
Repository and GitFlow	Check optional binding manifests without rewriting them	2026-09-24T22:27:32.3835113Z Executor read binding sources unchanged
Repository and GitFlow	Check optional binding manifests without rewriting them	2026-09-24T22:27:32.4128238Z Host configuration binding unchanged
Repository and GitFlow	Check optional binding manifests without rewriting them	2026-09-24T22:27:32.4424275Z Host qualification binding unchanged
Repository and GitFlow	Check optional binding manifests without rewriting them	2026-09-24T22:27:32.4720171Z Host read binding unchanged
Repository and GitFlow	Check optional binding manifests without rewriting them	2026-09-24T22:27:32.5067094Z Production binding sources unchanged
Repository and GitFlow	Post Run actions/checkout@11d5960a326750d5838078e36cf38b85af677262	﻿2026-09-24T22:27:32.5206650Z Post job cleanup.
Repository and GitFlow	Post Run actions/checkout@11d5960a326750d5838078e36cf38b85af677262	2026-09-24T22:27:32.5880426Z [command]/usr/bin/git version
Repository and GitFlow	Post Run actions/checkout@11d5960a326750d5838078e36cf38b85af677262	2026-09-24T22:27:32.5917494Z git version 2.55.0
Repository and GitFlow	Post Run actions/checkout@11d5960a326750d5838078e36cf38b85af677262	2026-09-24T22:27:32.5947720Z Temporarily overriding HOME='/home/runner/work/_temp/54ceceae-e869-4278-ae48-07dc8e2803e4' before making global git config changes
Repository and GitFlow	Post Run actions/checkout@11d5960a326750d5838078e36cf38b85af677262	2026-09-24T22:27:32.5948754Z Adding repository directory to the temporary git global config as a safe directory
Repository and GitFlow	Post Run actions/checkout@11d5960a326750d5838078e36cf38b85af677262	2026-09-24T22:27:32.5952545Z [command]/usr/bin/git config --global --add safe.directory /home/runner/work/rx-platform/rx-platform
Repository and GitFlow	Post Run actions/checkout@11d5960a326750d5838078e36cf38b85af677262	2026-09-24T22:27:32.5988209Z [command]/usr/bin/git config --local --name-only --get-regexp core\.sshCommand
Repository and GitFlow	Post Run actions/checkout@11d5960a326750d5838078e36cf38b85af677262	2026-09-24T22:27:32.6021079Z [command]/usr/bin/git submodule foreach --recursive sh -c "git config --local --name-only --get-regexp 'core\.sshCommand' && git config --local --unset-all 'core.sshCommand' || :"
Repository and GitFlow	Post Run actions/checkout@11d5960a326750d5838078e36cf38b85af677262	2026-09-24T22:27:32.6251589Z [command]/usr/bin/git config --local --name-only --get-regexp http\.https\:\/\/github\.com\/\.extraheader
Repository and GitFlow	Post Run actions/checkout@11d5960a326750d5838078e36cf38b85af677262	2026-09-24T22:27:32.6277858Z [command]/usr/bin/git submodule foreach --recursive sh -c "git config --local --name-only --get-regexp 'http\.https\:\/\/github\.com\/\.extraheader' && git config --local --unset-all 'http.https://github.com/.extraheader' || :"
Repository and GitFlow	Post Run actions/checkout@11d5960a326750d5838078e36cf38b85af677262	2026-09-24T22:27:32.6492461Z [command]/usr/bin/git config --local --name-only --get-regexp ^includeIf\.gitdir:
Repository and GitFlow	Post Run actions/checkout@11d5960a326750d5838078e36cf38b85af677262	2026-09-24T22:27:32.6525291Z [command]/usr/bin/git submodule foreach --recursive git config --local --show-origin --name-only --get-regexp remote.origin.url
Repository and GitFlow	Complete job	﻿2026-09-24T22:27:32.6857809Z Cleaning up orphan processes
Repository and GitFlow	Complete job	2026-09-24T22:27:32.7094614Z ##[warning]Node.js 20 is deprecated. The following actions target Node.js 20 but are being forced to run on Node.js 24: actions/checkout@11d5960a326750d5838078e36cf38b85af677262. For more information see: https://github.blog/changelog/2025-09-19-deprecation-of-node-20-on-github-actions-runners/
Rust	Set up job	﻿2026-09-24T22:26:59.9193824Z Current runner version: '2.337.0'
Rust	Set up job	2026-09-24T22:26:59.9215882Z ##[group]Runner Image Provisioner
Rust	Set up job	2026-09-24T22:26:59.9216634Z Hosted Compute Agent
Rust	Set up job	2026-09-24T22:26:59.9217137Z Version: 20260828.587
Rust	Set up job	2026-09-24T22:26:59.9217657Z Commit: abac92662cab4cc7352de4f9f9d2e2419aad9c29
Rust	Set up job	2026-09-24T22:26:59.9218335Z Build Date: 2026-08-28T16:44:25Z
Rust	Set up job	2026-09-24T22:26:59.9218897Z Worker ID: {2d1b9493-48ab-4fc6-8bf1-f6178c622e80}
Rust	Set up job	2026-09-24T22:26:59.9219458Z Azure Region: eastus
Rust	Set up job	2026-09-24T22:26:59.9219985Z ##[endgroup]
Rust	Set up job	2026-09-24T22:26:59.9221882Z ##[group]Operating System
Rust	Set up job	2026-09-24T22:26:59.9222487Z Ubuntu
Rust	Set up job	2026-09-24T22:26:59.9222923Z 24.04.5
Rust	Set up job	2026-09-24T22:26:59.9223319Z LTS
Rust	Set up job	2026-09-24T22:26:59.9224252Z ##[endgroup]
Rust	Set up job	2026-09-24T22:26:59.9224760Z ##[group]Runner Image
Rust	Set up job	2026-09-24T22:26:59.9225283Z Image: ubuntu-24.04
Rust	Set up job	2026-09-24T22:26:59.9225764Z Version: 20260920.314.1
Rust	Set up job	2026-09-24T22:26:59.9226610Z Included Software: https://github.com/actions/runner-images/blob/ubuntu24/20260920.314/images/ubuntu/Ubuntu2404-Readme.md
Rust	Set up job	2026-09-24T22:26:59.9228164Z Image Release: https://github.com/actions/runner-images/releases/tag/ubuntu24%2F20260920.314
Rust	Set up job	2026-09-24T22:26:59.9228968Z ##[endgroup]
Rust	Set up job	2026-09-24T22:26:59.9229903Z ##[group]GITHUB_TOKEN Permissions
Rust	Set up job	2026-09-24T22:26:59.9231782Z Contents: read
Rust	Set up job	2026-09-24T22:26:59.9232302Z Metadata: read
Rust	Set up job	2026-09-24T22:26:59.9232803Z ##[endgroup]
Rust	Set up job	2026-09-24T22:26:59.9235067Z Secret source: Actions
Rust	Set up job	2026-09-24T22:26:59.9235835Z Cache mode: write
Rust	Set up job	2026-09-24T22:26:59.9236606Z Prepare workflow directory
Rust	Set up job	2026-09-24T22:26:59.9566043Z Prepare all required actions
Rust	Set up job	2026-09-24T22:26:59.9609963Z Getting action download info
Rust	Set up job	2026-09-24T22:27:00.1291607Z Download action repository 'actions/checkout@11d5960a326750d5838078e36cf38b85af677262' (SHA:11d5960a326750d5838078e36cf38b85af677262)
Rust	Set up job	2026-09-24T22:27:00.4016161Z Download action repository 'actions/cache@0057852bfaa89a56745cba8c7296529d2fc39830' (SHA:0057852bfaa89a56745cba8c7296529d2fc39830)
Rust	Set up job	2026-09-24T22:27:01.1309244Z Complete job name: Rust
Rust	Run actions/checkout@11d5960a326750d5838078e36cf38b85af677262	﻿2026-09-24T22:27:01.2012174Z ##[group]Run actions/checkout@11d5960a326750d5838078e36cf38b85af677262
Rust	Run actions/checkout@11d5960a326750d5838078e36cf38b85af677262	2026-09-24T22:27:01.2013508Z with:
Rust	Run actions/checkout@11d5960a326750d5838078e36cf38b85af677262	2026-09-24T22:27:01.2014279Z   persist-credentials: false
Rust	Run actions/checkout@11d5960a326750d5838078e36cf38b85af677262	2026-09-24T22:27:01.2015067Z   repository: jack0682/rx-platform
Rust	Run actions/checkout@11d5960a326750d5838078e36cf38b85af677262	2026-09-24T22:27:01.2021160Z   token: ***
Rust	Run actions/checkout@11d5960a326750d5838078e36cf38b85af677262	2026-09-24T22:27:01.2021768Z   ssh-strict: true
Rust	Run actions/checkout@11d5960a326750d5838078e36cf38b85af677262	2026-09-24T22:27:01.2022402Z   ssh-user: git
Rust	Run actions/checkout@11d5960a326750d5838078e36cf38b85af677262	2026-09-24T22:27:01.2023002Z   clean: true
Rust	Run actions/checkout@11d5960a326750d5838078e36cf38b85af677262	2026-09-24T22:27:01.2023649Z   sparse-checkout-cone-mode: true
Rust	Run actions/checkout@11d5960a326750d5838078e36cf38b85af677262	2026-09-24T22:27:01.2024508Z   fetch-depth: 1
Rust	Run actions/checkout@11d5960a326750d5838078e36cf38b85af677262	2026-09-24T22:27:01.2025136Z   fetch-tags: false
Rust	Run actions/checkout@11d5960a326750d5838078e36cf38b85af677262	2026-09-24T22:27:01.2025779Z   show-progress: true
Rust	Run actions/checkout@11d5960a326750d5838078e36cf38b85af677262	2026-09-24T22:27:01.2026432Z   lfs: false
Rust	Run actions/checkout@11d5960a326750d5838078e36cf38b85af677262	2026-09-24T22:27:01.2027022Z   submodules: false
Rust	Run actions/checkout@11d5960a326750d5838078e36cf38b85af677262	2026-09-24T22:27:01.2027702Z   set-safe-directory: true
Rust	Run actions/checkout@11d5960a326750d5838078e36cf38b85af677262	2026-09-24T22:27:01.2028446Z   allow-unsafe-pr-checkout: false
Rust	Run actions/checkout@11d5960a326750d5838078e36cf38b85af677262	2026-09-24T22:27:01.2029527Z env:
Rust	Run actions/checkout@11d5960a326750d5838078e36cf38b85af677262	2026-09-24T22:27:01.2030117Z   CARGO_TERM_COLOR: always
Rust	Run actions/checkout@11d5960a326750d5838078e36cf38b85af677262	2026-09-24T22:27:01.2030821Z   RUST_BACKTRACE: 1
Rust	Run actions/checkout@11d5960a326750d5838078e36cf38b85af677262	2026-09-24T22:27:01.2031448Z ##[endgroup]
Rust	Run actions/checkout@11d5960a326750d5838078e36cf38b85af677262	2026-09-24T22:27:01.2862160Z Syncing repository: jack0682/rx-platform
Rust	Run actions/checkout@11d5960a326750d5838078e36cf38b85af677262	2026-09-24T22:27:01.2864659Z ##[group]Getting Git version info
Rust	Run actions/checkout@11d5960a326750d5838078e36cf38b85af677262	2026-09-24T22:27:01.2865769Z Working directory is '/home/runner/work/rx-platform/rx-platform'
Rust	Run actions/checkout@11d5960a326750d5838078e36cf38b85af677262	2026-09-24T22:27:01.2867390Z [command]/usr/bin/git version
Rust	Run actions/checkout@11d5960a326750d5838078e36cf38b85af677262	2026-09-24T22:27:01.2977140Z git version 2.55.0
Rust	Run actions/checkout@11d5960a326750d5838078e36cf38b85af677262	2026-09-24T22:27:01.2996857Z ##[endgroup]
Rust	Run actions/checkout@11d5960a326750d5838078e36cf38b85af677262	2026-09-24T22:27:01.3009024Z Temporarily overriding HOME='/home/runner/work/_temp/f3bb3fb9-2143-4c49-a748-b9e4521cf8c1' before making global git config changes
Rust	Run actions/checkout@11d5960a326750d5838078e36cf38b85af677262	2026-09-24T22:27:01.3012210Z Adding repository directory to the temporary git global config as a safe directory
Rust	Run actions/checkout@11d5960a326750d5838078e36cf38b85af677262	2026-09-24T22:27:01.3015119Z [command]/usr/bin/git config --global --add safe.directory /home/runner/work/rx-platform/rx-platform
Rust	Run actions/checkout@11d5960a326750d5838078e36cf38b85af677262	2026-09-24T22:27:01.3064262Z Deleting the contents of '/home/runner/work/rx-platform/rx-platform'
Rust	Run actions/checkout@11d5960a326750d5838078e36cf38b85af677262	2026-09-24T22:27:01.3067776Z ##[group]Initializing the repository
Rust	Run actions/checkout@11d5960a326750d5838078e36cf38b85af677262	2026-09-24T22:27:01.3072093Z [command]/usr/bin/git init /home/runner/work/rx-platform/rx-platform
Rust	Run actions/checkout@11d5960a326750d5838078e36cf38b85af677262	2026-09-24T22:27:01.3283082Z hint: Using 'master' as the name for the initial branch. This default branch name
Rust	Run actions/checkout@11d5960a326750d5838078e36cf38b85af677262	2026-09-24T22:27:01.3285981Z hint: will change to "main" in Git 3.0. To configure the initial branch name
Rust	Run actions/checkout@11d5960a326750d5838078e36cf38b85af677262	2026-09-24T22:27:01.3288126Z hint: to use in all of your new repositories, which will suppress this warning,
Rust	Run actions/checkout@11d5960a326750d5838078e36cf38b85af677262	2026-09-24T22:27:01.3290862Z hint: call:
Rust	Run actions/checkout@11d5960a326750d5838078e36cf38b85af677262	2026-09-24T22:27:01.3292171Z hint:
Rust	Run actions/checkout@11d5960a326750d5838078e36cf38b85af677262	2026-09-24T22:27:01.3293728Z hint: 	git config --global init.defaultBranch <name>
Rust	Run actions/checkout@11d5960a326750d5838078e36cf38b85af677262	2026-09-24T22:27:01.3295662Z hint:
Rust	Run actions/checkout@11d5960a326750d5838078e36cf38b85af677262	2026-09-24T22:27:01.3297523Z hint: Names commonly chosen instead of 'master' are 'main', 'trunk' and
Rust	Run actions/checkout@11d5960a326750d5838078e36cf38b85af677262	2026-09-24T22:27:01.3299729Z hint: 'development'. The just-created branch can be renamed via this command:
Rust	Run actions/checkout@11d5960a326750d5838078e36cf38b85af677262	2026-09-24T22:27:01.3301391Z hint:
Rust	Run actions/checkout@11d5960a326750d5838078e36cf38b85af677262	2026-09-24T22:27:01.3302235Z hint: 	git branch -m <name>
Rust	Run actions/checkout@11d5960a326750d5838078e36cf38b85af677262	2026-09-24T22:27:01.3303224Z hint:
Rust	Run actions/checkout@11d5960a326750d5838078e36cf38b85af677262	2026-09-24T22:27:01.3304944Z hint: Disable this message with "git config set advice.defaultBranchName false"
Rust	Run actions/checkout@11d5960a326750d5838078e36cf38b85af677262	2026-09-24T22:27:01.3307261Z Initialized empty Git repository in /home/runner/work/rx-platform/rx-platform/.git/
Rust	Run actions/checkout@11d5960a326750d5838078e36cf38b85af677262	2026-09-24T22:27:01.3310092Z [command]/usr/bin/git remote add origin https://github.com/jack0682/rx-platform
Rust	Run actions/checkout@11d5960a326750d5838078e36cf38b85af677262	2026-09-24T22:27:01.4245522Z ##[endgroup]
Rust	Run actions/checkout@11d5960a326750d5838078e36cf38b85af677262	2026-09-24T22:27:01.4247168Z ##[group]Disabling automatic garbage collection
Rust	Run actions/checkout@11d5960a326750d5838078e36cf38b85af677262	2026-09-24T22:27:01.4248783Z [command]/usr/bin/git config --local gc.auto 0
Rust	Run actions/checkout@11d5960a326750d5838078e36cf38b85af677262	2026-09-24T22:27:01.4462330Z ##[endgroup]
Rust	Run actions/checkout@11d5960a326750d5838078e36cf38b85af677262	2026-09-24T22:27:01.4463403Z ##[group]Setting up auth
Rust	Run actions/checkout@11d5960a326750d5838078e36cf38b85af677262	2026-09-24T22:27:01.4468357Z [command]/usr/bin/git config --local --name-only --get-regexp core\.sshCommand
Rust	Run actions/checkout@11d5960a326750d5838078e36cf38b85af677262	2026-09-24T22:27:01.4498792Z [command]/usr/bin/git submodule foreach --recursive sh -c "git config --local --name-only --get-regexp 'core\.sshCommand' && git config --local --unset-all 'core.sshCommand' || :"
Rust	Run actions/checkout@11d5960a326750d5838078e36cf38b85af677262	2026-09-24T22:27:01.5162934Z [command]/usr/bin/git config --local --name-only --get-regexp http\.https\:\/\/github\.com\/\.extraheader
Rust	Run actions/checkout@11d5960a326750d5838078e36cf38b85af677262	2026-09-24T22:27:01.5195522Z [command]/usr/bin/git submodule foreach --recursive sh -c "git config --local --name-only --get-regexp 'http\.https\:\/\/github\.com\/\.extraheader' && git config --local --unset-all 'http.https://github.com/.extraheader' || :"
Rust	Run actions/checkout@11d5960a326750d5838078e36cf38b85af677262	2026-09-24T22:27:01.5388354Z [command]/usr/bin/git config --local --name-only --get-regexp ^includeIf\.gitdir:
Rust	Run actions/checkout@11d5960a326750d5838078e36cf38b85af677262	2026-09-24T22:27:01.5420236Z [command]/usr/bin/git submodule foreach --recursive git config --local --show-origin --name-only --get-regexp remote.origin.url
Rust	Run actions/checkout@11d5960a326750d5838078e36cf38b85af677262	2026-09-24T22:27:01.5611548Z [command]/usr/bin/git config --local http.https://github.com/.extraheader AUTHORIZATION: basic ***
Rust	Run actions/checkout@11d5960a326750d5838078e36cf38b85af677262	2026-09-24T22:27:01.5647379Z ##[endgroup]
Rust	Run actions/checkout@11d5960a326750d5838078e36cf38b85af677262	2026-09-24T22:27:01.5654816Z ##[group]Fetching the repository
Rust	Run actions/checkout@11d5960a326750d5838078e36cf38b85af677262	2026-09-24T22:27:01.5657015Z [command]/usr/bin/git -c protocol.version=2 fetch --no-tags --prune --no-recurse-submodules --depth=1 origin +15c707b268f4702a9439e9698360daac374e360c:refs/remotes/origin/develop
Rust	Run actions/checkout@11d5960a326750d5838078e36cf38b85af677262	2026-09-24T22:27:01.8984925Z From https://github.com/jack0682/rx-platform
Rust	Run actions/checkout@11d5960a326750d5838078e36cf38b85af677262	2026-09-24T22:27:01.8985671Z  * [new ref]         15c707b268f4702a9439e9698360daac374e360c -> origin/develop
Rust	Run actions/checkout@11d5960a326750d5838078e36cf38b85af677262	2026-09-24T22:27:01.8989469Z ##[endgroup]
Rust	Run actions/checkout@11d5960a326750d5838078e36cf38b85af677262	2026-09-24T22:27:01.8990152Z ##[group]Determining the checkout info
Rust	Run actions/checkout@11d5960a326750d5838078e36cf38b85af677262	2026-09-24T22:27:01.8991822Z ##[endgroup]
Rust	Run actions/checkout@11d5960a326750d5838078e36cf38b85af677262	2026-09-24T22:27:01.8996872Z [command]/usr/bin/git sparse-checkout disable
Rust	Run actions/checkout@11d5960a326750d5838078e36cf38b85af677262	2026-09-24T22:27:01.9040606Z [command]/usr/bin/git config --local --unset-all extensions.worktreeConfig
Rust	Run actions/checkout@11d5960a326750d5838078e36cf38b85af677262	2026-09-24T22:27:01.9072604Z ##[group]Checking out the ref
Rust	Run actions/checkout@11d5960a326750d5838078e36cf38b85af677262	2026-09-24T22:27:01.9073171Z [command]/usr/bin/git checkout --progress --force -B develop refs/remotes/origin/develop
Rust	Run actions/checkout@11d5960a326750d5838078e36cf38b85af677262	2026-09-24T22:27:01.9419895Z Switched to a new branch 'develop'
Rust	Run actions/checkout@11d5960a326750d5838078e36cf38b85af677262	2026-09-24T22:27:01.9421818Z branch 'develop' set up to track 'origin/develop'.
Rust	Run actions/checkout@11d5960a326750d5838078e36cf38b85af677262	2026-09-24T22:27:01.9430078Z ##[endgroup]
Rust	Run actions/checkout@11d5960a326750d5838078e36cf38b85af677262	2026-09-24T22:27:01.9476412Z [command]/usr/bin/git log -1 --format=%H
Rust	Run actions/checkout@11d5960a326750d5838078e36cf38b85af677262	2026-09-24T22:27:01.9501801Z 15c707b268f4702a9439e9698360daac374e360c
Rust	Run actions/checkout@11d5960a326750d5838078e36cf38b85af677262	2026-09-24T22:27:01.9516127Z ##[group]Removing auth
Rust	Run actions/checkout@11d5960a326750d5838078e36cf38b85af677262	2026-09-24T22:27:01.9518571Z [command]/usr/bin/git config --local --name-only --get-regexp core\.sshCommand
Rust	Run actions/checkout@11d5960a326750d5838078e36cf38b85af677262	2026-09-24T22:27:01.9549465Z [command]/usr/bin/git submodule foreach --recursive sh -c "git config --local --name-only --get-regexp 'core\.sshCommand' && git config --local --unset-all 'core.sshCommand' || :"
Rust	Run actions/checkout@11d5960a326750d5838078e36cf38b85af677262	2026-09-24T22:27:01.9748815Z [command]/usr/bin/git config --local --name-only --get-regexp http\.https\:\/\/github\.com\/\.extraheader
Rust	Run actions/checkout@11d5960a326750d5838078e36cf38b85af677262	2026-09-24T22:27:01.9771888Z http.https://github.com/.extraheader
Rust	Run actions/checkout@11d5960a326750d5838078e36cf38b85af677262	2026-09-24T22:27:01.9778016Z [command]/usr/bin/git config --local --unset-all http.https://github.com/.extraheader
Rust	Run actions/checkout@11d5960a326750d5838078e36cf38b85af677262	2026-09-24T22:27:01.9808547Z [command]/usr/bin/git submodule foreach --recursive sh -c "git config --local --name-only --get-regexp 'http\.https\:\/\/github\.com\/\.extraheader' && git config --local --unset-all 'http.https://github.com/.extraheader' || :"
Rust	Run actions/checkout@11d5960a326750d5838078e36cf38b85af677262	2026-09-24T22:27:02.0008682Z [command]/usr/bin/git config --local --name-only --get-regexp ^includeIf\.gitdir:
Rust	Run actions/checkout@11d5960a326750d5838078e36cf38b85af677262	2026-09-24T22:27:02.0036693Z [command]/usr/bin/git submodule foreach --recursive git config --local --show-origin --name-only --get-regexp remote.origin.url
Rust	Run actions/checkout@11d5960a326750d5838078e36cf38b85af677262	2026-09-24T22:27:02.0236079Z ##[endgroup]
Rust	Install repository Rust toolchain	﻿2026-09-24T22:27:02.0425936Z ##[group]Run toolchain=$(python3 -c 'import tomllib; print(tomllib.load(open("rust-toolchain.toml", "rb"))["toolchain"]["channel"])')
Rust	Install repository Rust toolchain	2026-09-24T22:27:02.0427065Z ^[[36;1mtoolchain=$(python3 -c 'import tomllib; print(tomllib.load(open("rust-toolchain.toml", "rb"))["toolchain"]["channel"])')^[[0m
Rust	Install repository Rust toolchain	2026-09-24T22:27:02.0427951Z ^[[36;1mrustup toolchain install "$toolchain" --profile minimal --component rustfmt --component clippy^[[0m
Rust	Install repository Rust toolchain	2026-09-24T22:27:02.0665694Z shell: /usr/bin/bash --noprofile --norc -e -o pipefail {0}
Rust	Install repository Rust toolchain	2026-09-24T22:27:02.0666267Z env:
Rust	Install repository Rust toolchain	2026-09-24T22:27:02.0666625Z   CARGO_TERM_COLOR: always
Rust	Install repository Rust toolchain	2026-09-24T22:27:02.0666980Z   RUST_BACKTRACE: 1
Rust	Install repository Rust toolchain	2026-09-24T22:27:02.0667301Z ##[endgroup]
Rust	Install repository Rust toolchain	2026-09-24T22:27:02.1404397Z info: syncing channel updates for 1.98.1-x86_64-unknown-linux-gnu
Rust	Install repository Rust toolchain	2026-09-24T22:27:02.2421154Z info: latest update on 2026-09-03 for version 1.98.1 (48a229cea 2026-09-01)
Rust	Install repository Rust toolchain	2026-09-24T22:27:02.2422018Z info: downloading 5 components
Rust	Install repository Rust toolchain	2026-09-24T22:27:09.1011629Z 
Rust	Install repository Rust toolchain	2026-09-24T22:27:09.1073732Z   1.98.1-x86_64-unknown-linux-gnu installed - rustc 1.98.1 (48a229cea 2026-09-01)
Rust	Install repository Rust toolchain	2026-09-24T22:27:09.1074431Z 
Rust	Run actions/cache@0057852bfaa89a56745cba8c7296529d2fc39830	﻿2026-09-24T22:27:09.1715873Z ##[group]Run actions/cache@0057852bfaa89a56745cba8c7296529d2fc39830
Rust	Run actions/cache@0057852bfaa89a56745cba8c7296529d2fc39830	2026-09-24T22:27:09.1716220Z with:
Rust	Run actions/cache@0057852bfaa89a56745cba8c7296529d2fc39830	2026-09-24T22:27:09.1716491Z   path: ~/.cargo/registry/index
Rust	Run actions/cache@0057852bfaa89a56745cba8c7296529d2fc39830	~/.cargo/registry/cache
Rust	Run actions/cache@0057852bfaa89a56745cba8c7296529d2fc39830	~/.cargo/git/db
Rust	Run actions/cache@0057852bfaa89a56745cba8c7296529d2fc39830	target
Rust	Run actions/cache@0057852bfaa89a56745cba8c7296529d2fc39830	
Rust	Run actions/cache@0057852bfaa89a56745cba8c7296529d2fc39830	2026-09-24T22:27:09.1716976Z   key: Linux-X64-rust-f2a3178d4ba5ae534a189969bf71e095285629a428ae82534301cc5c2d1bc24b
Rust	Run actions/cache@0057852bfaa89a56745cba8c7296529d2fc39830	2026-09-24T22:27:09.1717328Z   enableCrossOsArchive: false
Rust	Run actions/cache@0057852bfaa89a56745cba8c7296529d2fc39830	2026-09-24T22:27:09.1717548Z   fail-on-cache-miss: false
Rust	Run actions/cache@0057852bfaa89a56745cba8c7296529d2fc39830	2026-09-24T22:27:09.1717742Z   lookup-only: false
Rust	Run actions/cache@0057852bfaa89a56745cba8c7296529d2fc39830	2026-09-24T22:27:09.1717916Z   save-always: false
Rust	Run actions/cache@0057852bfaa89a56745cba8c7296529d2fc39830	2026-09-24T22:27:09.1718088Z env:
Rust	Run actions/cache@0057852bfaa89a56745cba8c7296529d2fc39830	2026-09-24T22:27:09.1718246Z   CARGO_TERM_COLOR: always
Rust	Run actions/cache@0057852bfaa89a56745cba8c7296529d2fc39830	2026-09-24T22:27:09.1718455Z   RUST_BACKTRACE: 1
Rust	Run actions/cache@0057852bfaa89a56745cba8c7296529d2fc39830	2026-09-24T22:27:09.1718626Z ##[endgroup]
Rust	Run actions/cache@0057852bfaa89a56745cba8c7296529d2fc39830	2026-09-24T22:27:09.2560983Z (node:2174) [DEP0040] DeprecationWarning: The `punycode` module is deprecated. Please use a userland alternative instead.
Rust	Run actions/cache@0057852bfaa89a56745cba8c7296529d2fc39830	2026-09-24T22:27:09.2561662Z (Use `node --trace-deprecation ...` to show where the warning was created)
Rust	Run actions/cache@0057852bfaa89a56745cba8c7296529d2fc39830	2026-09-24T22:27:09.3247957Z Cache not found for input keys: Linux-X64-rust-f2a3178d4ba5ae534a189969bf71e095285629a428ae82534301cc5c2d1bc24b
Rust	Check Rust formatting	﻿2026-09-24T22:27:09.3321936Z ##[group]Run cargo fmt --all -- --check
Rust	Check Rust formatting	2026-09-24T22:27:09.3322230Z ^[[36;1mcargo fmt --all -- --check^[[0m
Rust	Check Rust formatting	2026-09-24T22:27:09.3377902Z shell: /usr/bin/bash --noprofile --norc -e -o pipefail {0}
Rust	Check Rust formatting	2026-09-24T22:27:09.3378190Z env:
Rust	Check Rust formatting	2026-09-24T22:27:09.3378370Z   CARGO_TERM_COLOR: always
Rust	Check Rust formatting	2026-09-24T22:27:09.3378572Z   RUST_BACKTRACE: 1
Rust	Check Rust formatting	2026-09-24T22:27:09.3378745Z ##[endgroup]
Rust	Check Rust lints	﻿2026-09-24T22:27:10.3978372Z ##[group]Run cargo clippy --workspace --all-targets --all-features --locked -- -D warnings
Rust	Check Rust lints	2026-09-24T22:27:10.3978923Z ^[[36;1mcargo clippy --workspace --all-targets --all-features --locked -- -D warnings^[[0m
Rust	Check Rust lints	2026-09-24T22:27:10.4034404Z shell: /usr/bin/bash --noprofile --norc -e -o pipefail {0}
Rust	Check Rust lints	2026-09-24T22:27:10.4034883Z env:
Rust	Check Rust lints	2026-09-24T22:27:10.4035125Z   CARGO_TERM_COLOR: always
Rust	Check Rust lints	2026-09-24T22:27:10.4035431Z   RUST_BACKTRACE: 1
Rust	Check Rust lints	2026-09-24T22:27:10.4035676Z ##[endgroup]
Rust	Check Rust lints	2026-09-24T22:27:10.4751819Z ^[[1m^[[92m    Updating^[[0m crates.io index
Rust	Check Rust lints	2026-09-24T22:27:11.2363106Z ^[[1m^[[92m Downloading^[[0m crates ...
Rust	Check Rust lints	2026-09-24T22:27:11.2735433Z ^[[1m^[[92m  Downloaded^[[0m crypto-common v0.2.2
Rust	Check Rust lints	2026-09-24T22:27:11.2757403Z ^[[1m^[[92m  Downloaded^[[0m tonic-build v0.14.6
Rust	Check Rust lints	2026-09-24T22:27:11.2772231Z ^[[1m^[[92m  Downloaded^[[0m tonic-prost-build v0.14.6
Rust	Check Rust lints	2026-09-24T22:27:11.2784500Z ^[[1m^[[92m  Downloaded^[[0m heck v0.5.0
Rust	Check Rust lints	2026-09-24T22:27:11.2798395Z ^[[1m^[[92m  Downloaded^[[0m base64ct v1.8.3
Rust	Check Rust lints	2026-09-24T22:27:11.2831325Z ^[[1m^[[92m  Downloaded^[[0m http-body v1.1.0
Rust	Check Rust lints	2026-09-24T22:27:11.2843608Z ^[[1m^[[92m  Downloaded^[[0m hyper-rustls v0.27.9
Rust	Check Rust lints	2026-09-24T22:27:11.2867305Z ^[[1m^[[92m  Downloaded^[[0m log v0.4.34
Rust	Check Rust lints	2026-09-24T22:27:11.2890715Z ^[[1m^[[92m  Downloaded^[[0m hashbrown v0.15.5
Rust	Check Rust lints	2026-09-24T22:27:11.2938545Z ^[[1m^[[92m  Downloaded^[[0m idna v1.1.0
Rust	Check Rust lints	2026-09-24T22:27:11.2977328Z ^[[1m^[[92m  Downloaded^[[0m itoa v1.0.18
Rust	Check Rust lints	2026-09-24T22:27:11.2992139Z ^[[1m^[[92m  Downloaded^[[0m aho-corasick v1.1.5
Rust	Check Rust lints	2026-09-24T22:27:11.3044906Z ^[[1m^[[92m  Downloaded^[[0m tonic-prost v0.14.6
Rust	Check Rust lints	2026-09-24T22:27:11.3052635Z ^[[1m^[[92m  Downloaded^[[0m icu_normalizer v2.3.0
Rust	Check Rust lints	2026-09-24T22:27:11.3143506Z ^[[1m^[[92m  Downloaded^[[0m lru-slab v0.1.2
Rust	Check Rust lints	2026-09-24T22:27:11.3150523Z ^[[1m^[[92m  Downloaded^[[0m blake2 v0.10.6
Rust	Check Rust lints	2026-09-24T22:27:11.3173352Z ^[[1m^[[92m  Downloaded^[[0m tower-layer v0.3.3
Rust	Check Rust lints	2026-09-24T22:27:11.3180752Z ^[[1m^[[92m  Downloaded^[[0m utf8_iter v1.0.4
Rust	Check Rust lints	2026-09-24T22:27:11.3193781Z ^[[1m^[[92m  Downloaded^[[0m yoke-derive v0.8.2
Rust	Check Rust lints	2026-09-24T22:27:11.3209491Z ^[[1m^[[92m  Downloaded^[[0m rand_core v0.10.1
Rust	Check Rust lints	2026-09-24T22:27:11.3224512Z ^[[1m^[[92m  Downloaded^[[0m pulldown-cmark-to-cmark v22.0.1
Rust	Check Rust lints	2026-09-24T22:27:11.3236040Z ^[[1m^[[92m  Downloaded^[[0m tracing-attributes v0.1.31
Rust	Check Rust lints	2026-09-24T22:27:11.3258416Z ^[[1m^[[92m  Downloaded^[[0m unicode-ident v1.0.24
Rust	Check Rust lints	2026-09-24T22:27:11.3281003Z ^[[1m^[[92m  Downloaded^[[0m prost-build v0.14.4
Rust	Check Rust lints	2026-09-24T22:27:11.3310320Z ^[[1m^[[92m  Downloaded^[[0m prettyplease v0.2.37
Rust	Check Rust lints	2026-09-24T22:27:11.3339397Z ^[[1m^[[92m  Downloaded^[[0m tower v0.5.3
Rust	Check Rust lints	2026-09-24T22:27:11.3423904Z ^[[1m^[[92m  Downloaded^[[0m tokio-util v0.7.19
Rust	Check Rust lints	2026-09-24T22:27:11.3489270Z ^[[1m^[[92m  Downloaded^[[0m tonic v0.14.6
Rust	Check Rust lints	2026-09-24T22:27:11.3551228Z ^[[1m^[[92m  Downloaded^[[0m nom v7.1.3
Rust	Check Rust lints	2026-09-24T22:27:11.3615134Z ^[[1m^[[92m  Downloaded^[[0m serde v1.0.229
Rust	Check Rust lints	2026-09-24T22:27:11.3647935Z ^[[1m^[[92m  Downloaded^[[0m quinn-proto v0.11.17
Rust	Check Rust lints	2026-09-24T22:27:11.3703901Z ^[[1m^[[92m  Downloaded^[[0m regex-syntax v0.8.11
Rust	Check Rust lints	2026-09-24T22:27:11.3763308Z ^[[1m^[[92m  Downloaded^[[0m password-hash v0.5.0
Rust	Check Rust lints	2026-09-24T22:27:11.3780080Z ^[[1m^[[92m  Downloaded^[[0m potential_utf v0.1.6
Rust	Check Rust lints	2026-09-24T22:27:11.3790631Z ^[[1m^[[92m  Downloaded^[[0m io-lifetimes v3.0.1
Rust	Check Rust lints	2026-09-24T22:27:11.3807440Z ^[[1m^[[92m  Downloaded^[[0m num-conv v0.2.2
Rust	Check Rust lints	2026-09-24T22:27:11.3818084Z ^[[1m^[[92m  Downloaded^[[0m slab v0.4.12
Rust	Check Rust lints	2026-09-24T22:27:11.3828185Z ^[[1m^[[92m  Downloaded^[[0m mime v0.3.17
Rust	Check Rust lints	2026-09-24T22:27:11.3838629Z ^[[1m^[[92m  Downloaded^[[0m semver v1.0.28
Rust	Check Rust lints	2026-09-24T22:27:11.3858502Z ^[[1m^[[92m  Downloaded^[[0m proc-macro2 v1.0.107
Rust	Check Rust lints	2026-09-24T22:27:11.3883634Z ^[[1m^[[92m  Downloaded^[[0m want v0.3.1
Rust	Check Rust lints	2026-09-24T22:27:11.3890181Z ^[[1m^[[92m  Downloaded^[[0m pkg-config v0.3.34
Rust	Check Rust lints	2026-09-24T22:27:11.3902200Z ^[[1m^[[92m  Downloaded^[[0m tokio-macros v2.7.2
Rust	Check Rust lints	2026-09-24T22:27:11.3911465Z ^[[1m^[[92m  Downloaded^[[0m multimap v0.10.1
Rust	Check Rust lints	2026-09-24T22:27:11.3919517Z ^[[1m^[[92m  Downloaded^[[0m once_cell v1.21.4
Rust	Check Rust lints	2026-09-24T22:27:11.3940372Z ^[[1m^[[92m  Downloaded^[[0m powerfmt v0.2.0
Rust	Check Rust lints	2026-09-24T22:27:11.3949339Z ^[[1m^[[92m  Downloaded^[[0m protoc-bin-vendored v3.2.0
Rust	Check Rust lints	2026-09-24T22:27:11.3956474Z ^[[1m^[[92m  Downloaded^[[0m shlex v2.0.1
Rust	Check Rust lints	2026-09-24T22:27:11.3967746Z ^[[1m^[[92m  Downloaded^[[0m num-traits v0.2.19
Rust	Check Rust lints	2026-09-24T22:27:11.3987883Z ^[[1m^[[92m  Downloaded^[[0m percent-encoding v2.3.2
Rust	Check Rust lints	2026-09-24T22:27:11.3994858Z ^[[1m^[[92m  Downloaded^[[0m pin-project-internal v1.1.13
Rust	Check Rust lints	2026-09-24T22:27:11.4015507Z ^[[1m^[[92m  Downloaded^[[0m tower-http v0.6.11
Rust	Check Rust lints	2026-09-24T22:27:11.4095382Z ^[[1m^[[92m  Downloaded^[[0m version_check v0.9.5
Rust	Check Rust lints	2026-09-24T22:27:11.4115079Z ^[[1m^[[92m  Downloaded^[[0m zmij v1.0.23
Rust	Check Rust lints	2026-09-24T22:27:11.4136203Z ^[[1m^[[92m  Downloaded^[[0m matchit v0.8.4
Rust	Check Rust lints	2026-09-24T22:27:11.4154336Z ^[[1m^[[92m  Downloaded^[[0m maybe-owned v0.3.4
Rust	Check Rust lints	2026-09-24T22:27:11.4184820Z ^[[1m^[[92m  Downloaded^[[0m rustls-pki-types v1.15.1
Rust	Check Rust lints	2026-09-24T22:27:11.4187257Z ^[[1m^[[92m  Downloaded^[[0m pin-project-lite v0.2.17
Rust	Check Rust lints	2026-09-24T22:27:11.4236366Z ^[[1m^[[92m  Downloaded^[[0m regex v1.13.1
Rust	Check Rust lints	2026-09-24T22:27:11.4280618Z ^[[1m^[[92m  Downloaded^[[0m zerotrie v0.2.5
Rust	Check Rust lints	2026-09-24T22:27:11.4313628Z ^[[1m^[[92m  Downloaded^[[0m memchr v2.8.3
Rust	Check Rust lints	2026-09-24T22:27:11.4360737Z ^[[1m^[[92m  Downloaded^[[0m minimal-lexical v0.2.1
Rust	Check Rust lints	2026-09-24T22:27:11.4400047Z ^[[1m^[[92m  Downloaded^[[0m writeable v0.6.4
Rust	Check Rust lints	2026-09-24T22:27:11.4424680Z ^[[1m^[[92m  Downloaded^[[0m rustc-hash v2.1.3
Rust	Check Rust lints	2026-09-24T22:27:11.4454942Z ^[[1m^[[92m  Downloaded^[[0m prost-derive v0.14.4
Rust	Check Rust lints	2026-09-24T22:27:11.4455768Z ^[[1m^[[92m  Downloaded^[[0m rand_core v0.6.4
Rust	Check Rust lints	2026-09-24T22:27:11.4456488Z ^[[1m^[[92m  Downloaded^[[0m tower-service v0.3.3
Rust	Check Rust lints	2026-09-24T22:27:11.4461591Z ^[[1m^[[92m  Downloaded^[[0m zerovec-derive v0.11.6
Rust	Check Rust lints	2026-09-24T22:27:11.4476127Z ^[[1m^[[92m  Downloaded^[[0m ambient-authority v0.0.2
Rust	Check Rust lints	2026-09-24T22:27:11.4486475Z ^[[1m^[[92m  Downloaded^[[0m futures-sink v0.3.34
Rust	Check Rust lints	2026-09-24T22:27:11.4492972Z ^[[1m^[[92m  Downloaded^[[0m async-trait v0.1.92
Rust	Check Rust lints	2026-09-24T22:27:11.4524952Z ^[[1m^[[92m  Downloaded^[[0m zerofrom v0.1.8
Rust	Check Rust lints	2026-09-24T22:27:11.4532571Z ^[[1m^[[92m  Downloaded^[[0m zerofrom-derive v0.1.7
Rust	Check Rust lints	2026-09-24T22:27:11.4541616Z ^[[1m^[[92m  Downloaded^[[0m num-integer v0.1.47
Rust	Check Rust lints	2026-09-24T22:27:11.4554803Z ^[[1m^[[92m  Downloaded^[[0m prost-types v0.14.4
Rust	Check Rust lints	2026-09-24T22:27:11.4575420Z ^[[1m^[[92m  Downloaded^[[0m anyhow v1.0.104
Rust	Check Rust lints	2026-09-24T22:27:11.4608653Z ^[[1m^[[92m  Downloaded^[[0m base64 v0.22.1
Rust	Check Rust lints	2026-09-24T22:27:11.4645419Z ^[[1m^[[92m  Downloaded^[[0m fixedbitset v0.5.7
Rust	Check Rust lints	2026-09-24T22:27:11.4660999Z ^[[1m^[[92m  Downloaded^[[0m asn1-rs v0.7.2
Rust	Check Rust lints	2026-09-24T22:27:11.4719219Z ^[[1m^[[92m  Downloaded^[[0m fs-set-times v0.20.3
Rust	Check Rust lints	2026-09-24T22:27:11.4730877Z ^[[1m^[[92m  Downloaded^[[0m equivalent v1.0.2
Rust	Check Rust lints	2026-09-24T22:27:11.4739389Z ^[[1m^[[92m  Downloaded^[[0m fnv v1.0.7
Rust	Check Rust lints	2026-09-24T22:27:11.4746741Z ^[[1m^[[92m  Downloaded^[[0m cap-std v4.0.3
Rust	Check Rust lints	2026-09-24T22:27:11.4770946Z ^[[1m^[[92m  Downloaded^[[0m icu_locale_core v2.3.0
Rust	Check Rust lints	2026-09-24T22:27:11.4833807Z ^[[1m^[[92m  Downloaded^[[0m chacha20 v0.10.2
Rust	Check Rust lints	2026-09-24T22:27:11.4857070Z ^[[1m^[[92m  Downloaded^[[0m form_urlencoded v1.2.2
Rust	Check Rust lints	2026-09-24T22:27:11.4865095Z ^[[1m^[[92m  Downloaded^[[0m rand_pcg v0.10.2
Rust	Check Rust lints	2026-09-24T22:27:11.4880037Z ^[[1m^[[92m  Downloaded^[[0m try-lock v0.2.5
Rust	Check Rust lints	2026-09-24T22:27:11.4887447Z ^[[1m^[[92m  Downloaded^[[0m cap-primitives v4.0.3
Rust	Check Rust lints	2026-09-24T22:27:11.4988214Z ^[[1m^[[92m  Downloaded^[[0m block-buffer v0.12.1
Rust	Check Rust lints	2026-09-24T22:27:11.5002035Z ^[[1m^[[92m  Downloaded^[[0m h2 v0.4.19
Rust	Check Rust lints	2026-09-24T22:27:11.5055722Z ^[[1m^[[92m  Downloaded^[[0m icu_collections v2.3.0
Rust	Check Rust lints	2026-09-24T22:27:11.5107787Z ^[[1m^[[92m  Downloaded^[[0m rusticata-macros v4.1.0
Rust	Check Rust lints	2026-09-24T22:27:11.5120468Z ^[[1m^[[92m  Downloaded^[[0m untrusted v0.9.0
Rust	Check Rust lints	2026-09-24T22:27:11.5134154Z ^[[1m^[[92m  Downloaded^[[0m atomic-waker v1.1.2
Rust	Check Rust lints	2026-09-24T22:27:11.5143511Z ^[[1m^[[92m  Downloaded^[[0m asn1-rs-impl v0.2.0
Rust	Check Rust lints	2026-09-24T22:27:11.5149380Z ^[[1m^[[92m  Downloaded^[[0m rustc_version v0.4.1
Rust	Check Rust lints	2026-09-24T22:27:11.5159753Z ^[[1m^[[92m  Downloaded^[[0m httpdate v1.0.3
Rust	Check Rust lints	2026-09-24T22:27:11.5171382Z ^[[1m^[[92m  Downloaded^[[0m block-buffer v0.10.4
Rust	Check Rust lints	2026-09-24T22:27:11.5179665Z ^[[1m^[[92m  Downloaded^[[0m cc v1.4.5
Rust	Check Rust lints	2026-09-24T22:27:11.5204844Z ^[[1m^[[92m  Downloaded^[[0m deranged v0.5.8
Rust	Check Rust lints	2026-09-24T22:27:11.5218166Z ^[[1m^[[92m  Downloaded^[[0m ipnet v2.12.2
Rust	Check Rust lints	2026-09-24T22:27:11.5232751Z ^[[1m^[[92m  Downloaded^[[0m yoke v0.8.3
Rust	Check Rust lints	2026-09-24T22:27:11.5247547Z ^[[1m^[[92m  Downloaded^[[0m axum-core v0.5.6
Rust	Check Rust lints	2026-09-24T22:27:11.5265675Z ^[[1m^[[92m  Downloaded^[[0m cfg-if v1.0.4
Rust	Check Rust lints	2026-09-24T22:27:11.5276286Z ^[[1m^[[92m  Downloaded^[[0m time-core v0.1.9
Rust	Check Rust lints	2026-09-24T22:27:11.5285004Z ^[[1m^[[92m  Downloaded^[[0m oid-registry v0.8.1
Rust	Check Rust lints	2026-09-24T22:27:11.5295474Z ^[[1m^[[92m  Downloaded^[[0m quinn-udp v0.5.15
Rust	Check Rust lints	2026-09-24T22:27:11.5309614Z ^[[1m^[[92m  Downloaded^[[0m serde_jcs v0.2.0
Rust	Check Rust lints	2026-09-24T22:27:11.5329453Z ^[[1m^[[92m  Downloaded^[[0m sync_wrapper v1.0.2
Rust	Check Rust lints	2026-09-24T22:27:11.5336050Z ^[[1m^[[92m  Downloaded^[[0m cpufeatures v0.2.17
Rust	Check Rust lints	2026-09-24T22:27:11.5347114Z ^[[1m^[[92m  Downloaded^[[0m foldhash v0.2.0
Rust	Check Rust lints	2026-09-24T22:27:11.5357151Z ^[[1m^[[92m  Downloaded^[[0m hashlink v0.12.2
Rust	Check Rust lints	2026-09-24T22:27:11.5373212Z ^[[1m^[[92m  Downloaded^[[0m io-extras v0.19.0
Rust	Check Rust lints	2026-09-24T22:27:11.5391585Z ^[[1m^[[92m  Downloaded^[[0m stable_deref_trait v1.2.1
Rust	Check Rust lints	2026-09-24T22:27:11.5398743Z ^[[1m^[[92m  Downloaded^[[0m quote v1.0.47
Rust	Check Rust lints	2026-09-24T22:27:11.5420770Z ^[[1m^[[92m  Downloaded^[[0m serde_urlencoded v0.7.1
Rust	Check Rust lints	2026-09-24T22:27:11.5434260Z ^[[1m^[[92m  Downloaded^[[0m tracing-core v0.1.36
Rust	Check Rust lints	2026-09-24T22:27:11.5458037Z ^[[1m^[[92m  Downloaded^[[0m unicase v2.9.0
Rust	Check Rust lints	2026-09-24T22:27:11.5469342Z ^[[1m^[[92m  Downloaded^[[0m zeroize v1.9.0
Rust	Check Rust lints	2026-09-24T22:27:11.5481658Z ^[[1m^[[92m  Downloaded^[[0m crypto-common v0.1.7
Rust	Check Rust lints	2026-09-24T22:27:11.5489260Z ^[[1m^[[92m  Downloaded^[[0m futures-core v0.3.34
Rust	Check Rust lints	2026-09-24T22:27:11.5500088Z ^[[1m^[[92m  Downloaded^[[0m litemap v0.8.3
Rust	Check Rust lints	2026-09-24T22:27:11.5519149Z ^[[1m^[[92m  Downloaded^[[0m pem v4.0.0
Rust	Check Rust lints	2026-09-24T22:27:11.5530818Z ^[[1m^[[92m  Downloaded^[[0m rustix-linux-procfs v0.1.1
Rust	Check Rust lints	2026-09-24T22:27:11.5540074Z ^[[1m^[[92m  Downloaded^[[0m serde_path_to_error v0.1.20
Rust	Check Rust lints	2026-09-24T22:27:11.5552995Z ^[[1m^[[92m  Downloaded^[[0m sha2 v0.10.9
Rust	Check Rust lints	2026-09-24T22:27:11.5575369Z ^[[1m^[[92m  Downloaded^[[0m sha2 v0.11.0
Rust	Check Rust lints	2026-09-24T22:27:11.5606150Z ^[[1m^[[92m  Downloaded^[[0m synstructure v0.13.2
Rust	Check Rust lints	2026-09-24T22:27:11.5614532Z ^[[1m^[[92m  Downloaded^[[0m tempfile v3.27.0
Rust	Check Rust lints	2026-09-24T22:27:11.5635565Z ^[[1m^[[92m  Downloaded^[[0m thiserror v2.0.20
Rust	Check Rust lints	2026-09-24T22:27:11.5689537Z ^[[1m^[[92m  Downloaded^[[0m tinystr v0.8.4
Rust	Check Rust lints	2026-09-24T22:27:11.5707706Z ^[[1m^[[92m  Downloaded^[[0m bitflags v2.13.2
Rust	Check Rust lints	2026-09-24T22:27:11.5745022Z ^[[1m^[[92m  Downloaded^[[0m data-encoding v2.11.1
Rust	Check Rust lints	2026-09-24T22:27:11.5753241Z ^[[1m^[[92m  Downloaded^[[0m digest v0.10.7
Rust	Check Rust lints	2026-09-24T22:27:11.5768175Z ^[[1m^[[92m  Downloaded^[[0m generic-array v0.14.7
Rust	Check Rust lints	2026-09-24T22:27:11.5779480Z ^[[1m^[[92m  Downloaded^[[0m http v1.5.0
Rust	Check Rust lints	2026-09-24T22:27:11.5809670Z ^[[1m^[[92m  Downloaded^[[0m pin-project v1.1.13
Rust	Check Rust lints	2026-09-24T22:27:11.5921310Z ^[[1m^[[92m  Downloaded^[[0m prost v0.14.4
Rust	Check Rust lints	2026-09-24T22:27:11.5935160Z ^[[1m^[[92m  Downloaded^[[0m rcgen v0.14.10
Rust	Check Rust lints	2026-09-24T22:27:11.5954311Z ^[[1m^[[92m  Downloaded^[[0m ryu-js v0.2.2
Rust	Check Rust lints	2026-09-24T22:27:11.5980672Z ^[[1m^[[92m  Downloaded^[[0m serde_derive v1.0.229
Rust	Check Rust lints	2026-09-24T22:27:11.6005371Z ^[[1m^[[92m  Downloaded^[[0m smallvec v1.16.0
Rust	Check Rust lints	2026-09-24T22:27:11.6016102Z ^[[1m^[[92m  Downloaded^[[0m socket2 v0.6.5
Rust	Check Rust lints	2026-09-24T22:27:11.6031227Z ^[[1m^[[92m  Downloaded^[[0m time-macros v0.2.32
Rust	Check Rust lints	2026-09-24T22:27:11.6051033Z ^[[1m^[[92m  Downloaded^[[0m tokio-rustls v0.26.5
Rust	Check Rust lints	2026-09-24T22:27:11.6064447Z ^[[1m^[[92m  Downloaded^[[0m yasna v0.6.0
Rust	Check Rust lints	2026-09-24T22:27:11.6082421Z ^[[1m^[[92m  Downloaded^[[0m ed25519-dalek v3.0.0
Rust	Check Rust lints	2026-09-24T22:27:11.6109958Z ^[[1m^[[92m  Downloaded^[[0m hybrid-array v0.4.15
Rust	Check Rust lints	2026-09-24T22:27:11.6127989Z ^[[1m^[[92m  Downloaded^[[0m hyper-util v0.1.20
Rust	Check Rust lints	2026-09-24T22:27:11.6179327Z ^[[1m^[[92m  Downloaded^[[0m icu_properties v2.3.0
Rust	Check Rust lints	2026-09-24T22:27:11.6205581Z ^[[1m^[[92m  Downloaded^[[0m icu_provider v2.3.1
Rust	Check Rust lints	2026-09-24T22:27:11.6227537Z ^[[1m^[[92m  Downloaded^[[0m serde_core v1.0.229
Rust	Check Rust lints	2026-09-24T22:27:11.6249998Z ^[[1m^[[92m  Downloaded^[[0m uuid v1.26.1
Rust	Check Rust lints	2026-09-24T22:27:11.6277784Z ^[[1m^[[92m  Downloaded^[[0m argon2 v0.5.3
Rust	Check Rust lints	2026-09-24T22:27:11.6291573Z ^[[1m^[[92m  Downloaded^[[0m axum v0.8.9
Rust	Check Rust lints	2026-09-24T22:27:11.6359509Z ^[[1m^[[92m  Downloaded^[[0m curve25519-dalek v5.0.0
Rust	Check Rust lints	2026-09-24T22:27:11.6436436Z ^[[1m^[[92m  Downloaded^[[0m hyper v1.11.1
Rust	Check Rust lints	2026-09-24T22:27:11.6494439Z ^[[1m^[[92m  Downloaded^[[0m icu_properties_data v2.3.0
Rust	Check Rust lints	2026-09-24T22:27:11.6583747Z ^[[1m^[[92m  Downloaded^[[0m indexmap v2.14.2
Rust	Check Rust lints	2026-09-24T22:27:11.6620053Z ^[[1m^[[92m  Downloaded^[[0m mio v1.2.3
Rust	Check Rust lints	2026-09-24T22:27:11.6671018Z ^[[1m^[[92m  Downloaded^[[0m quinn v0.11.11
Rust	Check Rust lints	2026-09-24T22:27:11.6699791Z ^[[1m^[[92m  Downloaded^[[0m x509-parser v0.18.1
Rust	Check Rust lints	2026-09-24T22:27:11.6746776Z ^[[1m^[[92m  Downloaded^[[0m num-bigint v0.4.8
Rust	Check Rust lints	2026-09-24T22:27:11.6786167Z ^[[1m^[[92m  Downloaded^[[0m rand v0.10.2
Rust	Check Rust lints	2026-09-24T22:27:11.6817375Z ^[[1m^[[92m  Downloaded^[[0m typenum v1.20.1
Rust	Check Rust lints	2026-09-24T22:27:11.6846217Z ^[[1m^[[92m  Downloaded^[[0m url v2.5.8
Rust	Check Rust lints	2026-09-24T22:27:11.6867352Z ^[[1m^[[92m  Downloaded^[[0m either v1.18.0
Rust	Check Rust lints	2026-09-24T22:27:11.6879759Z ^[[1m^[[92m  Downloaded^[[0m prost-reflect v0.16.5
Rust	Check Rust lints	2026-09-24T22:27:11.7012912Z ^[[1m^[[92m  Downloaded^[[0m lazy_static v1.5.0
Rust	Check Rust lints	2026-09-24T22:27:11.7027911Z ^[[1m^[[92m  Downloaded^[[0m subtle v2.6.1
Rust	Check Rust lints	2026-09-24T22:27:11.7037593Z ^[[1m^[[92m  Downloaded^[[0m zerovec v0.11.8
Rust	Check Rust lints	2026-09-24T22:27:11.7086997Z ^[[1m^[[92m  Downloaded^[[0m getrandom v0.2.17
Rust	Check Rust lints	2026-09-24T22:27:11.7111043Z ^[[1m^[[92m  Downloaded^[[0m httparse v1.10.1
Rust	Check Rust lints	2026-09-24T22:27:11.7138876Z ^[[1m^[[92m  Downloaded^[[0m cap-fs-ext v4.0.3
Rust	Check Rust lints	2026-09-24T22:27:11.7156765Z ^[[1m^[[92m  Downloaded^[[0m futures-util v0.3.34
Rust	Check Rust lints	2026-09-24T22:27:11.7291954Z ^[[1m^[[92m  Downloaded^[[0m bytes v1.12.1
Rust	Check Rust lints	2026-09-24T22:27:11.7321345Z ^[[1m^[[92m  Downloaded^[[0m http-body-util v0.1.5
Rust	Check Rust lints	2026-09-24T22:27:11.7337962Z ^[[1m^[[92m  Downloaded^[[0m cfg_aliases v0.2.2
Rust	Check Rust lints	2026-09-24T22:27:11.7345955Z ^[[1m^[[92m  Downloaded^[[0m pulldown-cmark v0.13.4
Rust	Check Rust lints	2026-09-24T22:27:11.7387224Z ^[[1m^[[92m  Downloaded^[[0m reqwest v0.12.28
Rust	Check Rust lints	2026-09-24T22:27:11.7432947Z ^[[1m^[[92m  Downloaded^[[0m digest v0.11.3
Rust	Check Rust lints	2026-09-24T22:27:11.7452284Z ^[[1m^[[92m  Downloaded^[[0m thiserror-impl v2.0.20
Rust	Check Rust lints	2026-09-24T22:27:11.7464441Z ^[[1m^[[92m  Downloaded^[[0m rusqlite v0.40.2
Rust	Check Rust lints	2026-09-24T22:27:11.7519860Z ^[[1m^[[92m  Downloaded^[[0m vcpkg v0.2.15
Rust	Check Rust lints	2026-09-24T22:27:11.7978964Z ^[[1m^[[92m  Downloaded^[[0m asn1-rs-derive v0.6.0
Rust	Check Rust lints	2026-09-24T22:27:11.7988584Z ^[[1m^[[92m  Downloaded^[[0m fallible-iterator v0.3.0
Rust	Check Rust lints	2026-09-24T22:27:11.7998773Z ^[[1m^[[92m  Downloaded^[[0m io-lifetimes v2.0.4
Rust	Check Rust lints	2026-09-24T22:27:11.8012997Z ^[[1m^[[92m  Downloaded^[[0m petgraph v0.8.3
Rust	Check Rust lints	2026-09-24T22:27:11.8183751Z ^[[1m^[[92m  Downloaded^[[0m syn v3.0.5
Rust	Check Rust lints	2026-09-24T22:27:11.8270986Z ^[[1m^[[92m  Downloaded^[[0m rustls v0.23.44
Rust	Check Rust lints	2026-09-24T22:27:11.8368403Z ^[[1m^[[92m  Downloaded^[[0m idna_adapter v1.2.2
Rust	Check Rust lints	2026-09-24T22:27:11.8376252Z ^[[1m^[[92m  Downloaded^[[0m rustix v1.1.4
Rust	Check Rust lints	2026-09-24T22:27:11.8600583Z ^[[1m^[[92m  Downloaded^[[0m tracing v0.1.44
Rust	Check Rust lints	2026-09-24T22:27:11.8730735Z ^[[1m^[[92m  Downloaded^[[0m tinyvec_macros v0.1.1
Rust	Check Rust lints	2026-09-24T22:27:11.8737562Z ^[[1m^[[92m  Downloaded^[[0m der-parser v10.0.0
Rust	Check Rust lints	2026-09-24T22:27:11.8765489Z ^[[1m^[[92m  Downloaded^[[0m errno v0.3.14
Rust	Check Rust lints	2026-09-24T22:27:11.8778294Z ^[[1m^[[92m  Downloaded^[[0m fallible-streaming-iterator v0.1.9
Rust	Check Rust lints	2026-09-24T22:27:11.8785666Z ^[[1m^[[92m  Downloaded^[[0m fastrand v2.5.0
Rust	Check Rust lints	2026-09-24T22:27:11.8796647Z ^[[1m^[[92m  Downloaded^[[0m find-msvc-tools v0.1.12
Rust	Check Rust lints	2026-09-24T22:27:11.8809524Z ^[[1m^[[92m  Downloaded^[[0m regex-automata v0.4.18
Rust	Check Rust lints	2026-09-24T22:27:11.8926767Z ^[[1m^[[92m  Downloaded^[[0m autocfg v1.5.1
Rust	Check Rust lints	2026-09-24T22:27:11.8941954Z ^[[1m^[[92m  Downloaded^[[0m bit-vec v0.9.1
Rust	Check Rust lints	2026-09-24T22:27:11.8957125Z ^[[1m^[[92m  Downloaded^[[0m ed25519 v3.0.0
Rust	Check Rust lints	2026-09-24T22:27:11.8971230Z ^[[1m^[[92m  Downloaded^[[0m curve25519-dalek-derive v0.1.1
Rust	Check Rust lints	2026-09-24T22:27:11.8979671Z ^[[1m^[[92m  Downloaded^[[0m foldhash v0.1.5
Rust	Check Rust lints	2026-09-24T22:27:11.8989907Z ^[[1m^[[92m  Downloaded^[[0m futures-task v0.3.34
Rust	Check Rust lints	2026-09-24T22:27:11.9000569Z ^[[1m^[[92m  Downloaded^[[0m signature v3.0.0
Rust	Check Rust lints	2026-09-24T22:27:11.9011814Z ^[[1m^[[92m  Downloaded^[[0m displaydoc v0.2.7
Rust	Check Rust lints	2026-09-24T22:27:11.9028801Z ^[[1m^[[92m  Downloaded^[[0m futures-channel v0.3.34
Rust	Check Rust lints	2026-09-24T22:27:11.9044224Z ^[[1m^[[92m  Downloaded^[[0m getrandom v0.4.3
Rust	Check Rust lints	2026-09-24T22:27:11.9075771Z ^[[1m^[[92m  Downloaded^[[0m hyper-timeout v0.5.2
Rust	Check Rust lints	2026-09-24T22:27:11.9090354Z ^[[1m^[[92m  Downloaded^[[0m ryu v1.0.23
Rust	Check Rust lints	2026-09-24T22:27:11.9127842Z ^[[1m^[[92m  Downloaded^[[0m rustls-webpki v0.103.15
Rust	Check Rust lints	2026-09-24T22:27:11.9161402Z ^[[1m^[[92m  Downloaded^[[0m icu_normalizer_data v2.3.0
Rust	Check Rust lints	2026-09-24T22:27:11.9185339Z ^[[1m^[[92m  Downloaded^[[0m base64 v0.23.1
Rust	Check Rust lints	2026-09-24T22:27:11.9231886Z ^[[1m^[[92m  Downloaded^[[0m itertools v0.14.0
Rust	Check Rust lints	2026-09-24T22:27:11.9296264Z ^[[1m^[[92m  Downloaded^[[0m hashbrown v0.17.1
Rust	Check Rust lints	2026-09-24T22:27:11.9338816Z ^[[1m^[[92m  Downloaded^[[0m time v0.3.55
Rust	Check Rust lints	2026-09-24T22:27:11.9456655Z ^[[1m^[[92m  Downloaded^[[0m syn v2.0.119
Rust	Check Rust lints	2026-09-24T22:27:11.9543398Z ^[[1m^[[92m  Downloaded^[[0m libc v0.2.189
Rust	Check Rust lints	2026-09-24T22:27:11.9902349Z ^[[1m^[[92m  Downloaded^[[0m ring v0.17.14
Rust	Check Rust lints	2026-09-24T22:27:12.0250738Z ^[[1m^[[92m  Downloaded^[[0m cpufeatures v0.3.1
Rust	Check Rust lints	2026-09-24T22:27:12.0262014Z ^[[1m^[[92m  Downloaded^[[0m protoc-bin-vendored-macos-x86_64 v3.2.0
Rust	Check Rust lints	2026-09-24T22:27:12.0500373Z ^[[1m^[[92m  Downloaded^[[0m protoc-bin-vendored-macos-aarch_64 v3.2.0
Rust	Check Rust lints	2026-09-24T22:27:12.0737288Z ^[[1m^[[92m  Downloaded^[[0m tinyvec v1.13.2
Rust	Check Rust lints	2026-09-24T22:27:12.1576175Z ^[[1m^[[92m  Downloaded^[[0m protoc-bin-vendored-linux-aarch_64 v3.2.0
Rust	Check Rust lints	2026-09-24T22:27:12.1884165Z ^[[1m^[[92m  Downloaded^[[0m protoc-bin-vendored-win32 v3.2.0
Rust	Check Rust lints	2026-09-24T22:27:12.2197052Z ^[[1m^[[92m  Downloaded^[[0m serde_json v1.0.151
Rust	Check Rust lints	2026-09-24T22:27:12.2257680Z ^[[1m^[[92m  Downloaded^[[0m protoc-bin-vendored-linux-x86_64 v3.2.0
Rust	Check Rust lints	2026-09-24T22:27:12.2559754Z ^[[1m^[[92m  Downloaded^[[0m protoc-bin-vendored-linux-x86_32 v3.2.0
Rust	Check Rust lints	2026-09-24T22:27:12.2887990Z ^[[1m^[[92m  Downloaded^[[0m protoc-bin-vendored-linux-ppcle_64 v3.2.0
Rust	Check Rust lints	2026-09-24T22:27:12.3224916Z ^[[1m^[[92m  Downloaded^[[0m signal-hook-registry v1.4.8
Rust	Check Rust lints	2026-09-24T22:27:12.3234332Z ^[[1m^[[92m  Downloaded^[[0m tokio-stream v0.1.19
Rust	Check Rust lints	2026-09-24T22:27:12.3277591Z ^[[1m^[[92m  Downloaded^[[0m protoc-bin-vendored-linux-s390_64 v3.2.0
Rust	Check Rust lints	2026-09-24T22:27:12.3663905Z ^[[1m^[[92m  Downloaded^[[0m tokio v1.53.1
Rust	Check Rust lints	2026-09-24T22:27:12.4038849Z ^[[1m^[[92m  Downloaded^[[0m linux-raw-sys v0.12.1
Rust	Check Rust lints	2026-09-24T22:27:12.4568500Z ^[[1m^[[92m  Downloaded^[[0m libsqlite3-sys v0.38.2
Rust	Check Rust lints	2026-09-24T22:27:13.0248718Z ^[[1m^[[92m   Compiling^[[0m proc-macro2 v1.0.107
Rust	Check Rust lints	2026-09-24T22:27:13.0249115Z ^[[1m^[[92m   Compiling^[[0m quote v1.0.47
Rust	Check Rust lints	2026-09-24T22:27:13.0249396Z ^[[1m^[[92m   Compiling^[[0m unicode-ident v1.0.24
Rust	Check Rust lints	2026-09-24T22:27:13.0274558Z ^[[1m^[[92m   Compiling^[[0m libc v0.2.189
Rust	Check Rust lints	2026-09-24T22:27:13.0762236Z ^[[1m^[[92m    Checking^[[0m cfg-if v1.0.4
Rust	Check Rust lints	2026-09-24T22:27:13.0993657Z ^[[1m^[[92m    Checking^[[0m itoa v1.0.18
Rust	Check Rust lints	2026-09-24T22:27:13.1523101Z ^[[1m^[[92m   Compiling^[[0m version_check v0.9.5
Rust	Check Rust lints	2026-09-24T22:27:13.2111756Z ^[[1m^[[92m    Checking^[[0m typenum v1.20.1
Rust	Check Rust lints	2026-09-24T22:27:13.3295336Z ^[[1m^[[92m   Compiling^[[0m generic-array v0.14.7
Rust	Check Rust lints	2026-09-24T22:27:13.4228853Z ^[[1m^[[92m   Compiling^[[0m serde_core v1.0.229
Rust	Check Rust lints	2026-09-24T22:27:13.7132493Z ^[[1m^[[92m   Compiling^[[0m syn v3.0.5
Rust	Check Rust lints	2026-09-24T22:27:13.7315418Z ^[[1m^[[92m   Compiling^[[0m syn v2.0.119
Rust	Check Rust lints	2026-09-24T22:27:13.9625174Z ^[[1m^[[92m    Checking^[[0m subtle v2.6.1
Rust	Check Rust lints	2026-09-24T22:27:13.9875401Z ^[[1m^[[92m   Compiling^[[0m zmij v1.0.23
Rust	Check Rust lints	2026-09-24T22:27:14.1195856Z ^[[1m^[[92m   Compiling^[[0m getrandom v0.4.3
Rust	Check Rust lints	2026-09-24T22:27:14.2225272Z ^[[1m^[[92m    Checking^[[0m once_cell v1.21.4
Rust	Check Rust lints	2026-09-24T22:27:14.3235250Z ^[[1m^[[92m    Checking^[[0m memchr v2.8.3
Rust	Check Rust lints	2026-09-24T22:27:14.6155304Z ^[[1m^[[92m   Compiling^[[0m serde v1.0.229
Rust	Check Rust lints	2026-09-24T22:27:14.7720459Z ^[[1m^[[92m   Compiling^[[0m serde_json v1.0.151
Rust	Check Rust lints	2026-09-24T22:27:15.4145252Z ^[[1m^[[92m    Checking^[[0m block-buffer v0.10.4
Rust	Check Rust lints	2026-09-24T22:27:15.4635371Z ^[[1m^[[92m    Checking^[[0m crypto-common v0.1.7
Rust	Check Rust lints	2026-09-24T22:27:15.5015508Z ^[[1m^[[92m   Compiling^[[0m shlex v2.0.1
Rust	Check Rust lints	2026-09-24T22:27:15.5985506Z ^[[1m^[[92m   Compiling^[[0m find-msvc-tools v0.1.12
Rust	Check Rust lints	2026-09-24T22:27:15.7225375Z ^[[1m^[[92m   Compiling^[[0m cc v1.4.5
Rust	Check Rust lints	2026-09-24T22:27:16.1485170Z ^[[1m^[[92m    Checking^[[0m digest v0.10.7
Rust	Check Rust lints	2026-09-24T22:27:16.3195210Z ^[[1m^[[92m    Checking^[[0m foldhash v0.2.0
Rust	Check Rust lints	2026-09-24T22:27:16.3805399Z ^[[1m^[[92m    Checking^[[0m cpufeatures v0.2.17
Rust	Check Rust lints	2026-09-24T22:27:16.4015824Z ^[[1m^[[92m   Compiling^[[0m thiserror v2.0.20
Rust	Check Rust lints	2026-09-24T22:27:16.5945517Z ^[[1m^[[92m    Checking^[[0m hashbrown v0.17.1
Rust	Check Rust lints	2026-09-24T22:27:16.8375410Z ^[[1m^[[92m    Checking^[[0m ryu-js v0.2.2
Rust	Check Rust lints	2026-09-24T22:27:16.9115663Z ^[[1m^[[92m    Checking^[[0m smallvec v1.16.0
Rust	Check Rust lints	2026-09-24T22:27:16.9795529Z ^[[1m^[[92m    Checking^[[0m sha2 v0.10.9
Rust	Check Rust lints	2026-09-24T22:27:17.0137034Z ^[[1m^[[92m    Checking^[[0m uuid v1.26.1
Rust	Check Rust lints	2026-09-24T22:27:17.1432363Z ^[[1m^[[92m    Checking^[[0m bytes v1.12.1
Rust	Check Rust lints	2026-09-24T22:27:17.2385587Z ^[[1m^[[92m    Checking^[[0m pin-project-lite v0.2.17
Rust	Check Rust lints	2026-09-24T22:27:17.2655465Z ^[[1m^[[92m    Checking^[[0m zeroize v1.9.0
Rust	Check Rust lints	2026-09-24T22:27:17.3335498Z ^[[1m^[[92m    Checking^[[0m bitflags v2.13.2
Rust	Check Rust lints	2026-09-24T22:27:17.4165452Z ^[[1m^[[92m    Checking^[[0m ipnet v2.12.2
Rust	Check Rust lints	2026-09-24T22:27:17.4645974Z ^[[1m^[[92m    Checking^[[0m errno v0.3.14
Rust	Check Rust lints	2026-09-24T22:27:17.5135406Z ^[[1m^[[92m   Compiling^[[0m rustix v1.1.4
Rust	Check Rust lints	2026-09-24T22:27:17.5382143Z ^[[1m^[[92m   Compiling^[[0m serde_derive v1.0.229
Rust	Check Rust lints	2026-09-24T22:27:17.5534632Z ^[[1m^[[92m   Compiling^[[0m thiserror-impl v2.0.20
Rust	Check Rust lints	2026-09-24T22:27:17.7475581Z ^[[1m^[[92m   Compiling^[[0m tokio-macros v2.7.2
Rust	Check Rust lints	2026-09-24T22:27:17.7915383Z ^[[1m^[[92m    Checking^[[0m signal-hook-registry v1.4.8
Rust	Check Rust lints	2026-09-24T22:27:17.8725333Z ^[[1m^[[92m    Checking^[[0m socket2 v0.6.5
Rust	Check Rust lints	2026-09-24T22:27:18.0553318Z ^[[1m^[[92m    Checking^[[0m mio v1.2.3
Rust	Check Rust lints	2026-09-24T22:27:18.1534637Z ^[[1m^[[92m    Checking^[[0m linux-raw-sys v0.12.1
Rust	Check Rust lints	2026-09-24T22:27:18.2545920Z ^[[1m^[[92m    Checking^[[0m futures-core v0.3.34
Rust	Check Rust lints	2026-09-24T22:27:18.3045700Z ^[[1m^[[92m    Checking^[[0m tokio v1.53.1
Rust	Check Rust lints	2026-09-24T22:27:18.5175507Z ^[[1m^[[92m    Checking^[[0m log v0.4.34
Rust	Check Rust lints	2026-09-24T22:27:18.5865318Z ^[[1m^[[92m   Compiling^[[0m tracing-attributes v0.1.31
Rust	Check Rust lints	2026-09-24T22:27:19.4605226Z ^[[1m^[[92m    Checking^[[0m http v1.5.0
Rust	Check Rust lints	2026-09-24T22:27:19.8962170Z ^[[1m^[[92m    Checking^[[0m tracing-core v0.1.36
Rust	Check Rust lints	2026-09-24T22:27:20.0981815Z ^[[1m^[[92m   Compiling^[[0m anyhow v1.0.104
Rust	Check Rust lints	2026-09-24T22:27:20.2395281Z ^[[1m^[[92m    Checking^[[0m base64 v0.22.1
Rust	Check Rust lints	2026-09-24T22:27:20.2585341Z ^[[1m^[[92m    Checking^[[0m serde_jcs v0.2.0
Rust	Check Rust lints	2026-09-24T22:27:20.3245557Z ^[[1m^[[92m    Checking^[[0m rx-domain v0.1.0 (/home/runner/work/rx-platform/rx-platform/crates/rx-domain)
Rust	Check Rust lints	2026-09-24T22:27:20.4195532Z ^[[1m^[[92m    Checking^[[0m tracing v0.1.44
Rust	Check Rust lints	2026-09-24T22:27:20.4265174Z ^[[1m^[[92m    Checking^[[0m getrandom v0.2.17
Rust	Check Rust lints	2026-09-24T22:27:20.5062004Z ^[[1m^[[92m    Checking^[[0m hybrid-array v0.4.15
Rust	Check Rust lints	2026-09-24T22:27:20.5295727Z ^[[1m^[[92m    Checking^[[0m futures-sink v0.3.34
Rust	Check Rust lints	2026-09-24T22:27:20.5645326Z ^[[1m^[[92m    Checking^[[0m slab v0.4.12
Rust	Check Rust lints	2026-09-24T22:27:20.6415725Z ^[[1m^[[92m    Checking^[[0m equivalent v1.0.2
Rust	Check Rust lints	2026-09-24T22:27:20.6665504Z ^[[1m^[[92m   Compiling^[[0m io-lifetimes v3.0.1
Rust	Check Rust lints	2026-09-24T22:27:20.7865294Z ^[[1m^[[92m   Compiling^[[0m io-lifetimes v2.0.4
Rust	Check Rust lints	2026-09-24T22:27:20.8985643Z ^[[1m^[[92m   Compiling^[[0m either v1.18.0
Rust	Check Rust lints	2026-09-24T22:27:20.9175257Z ^[[1m^[[92m    Checking^[[0m indexmap v2.14.2
Rust	Check Rust lints	2026-09-24T22:27:20.9655328Z ^[[1m^[[92m    Checking^[[0m tokio-util v0.7.19
Rust	Check Rust lints	2026-09-24T22:27:21.0335397Z ^[[1m^[[92m   Compiling^[[0m itertools v0.14.0
Rust	Check Rust lints	2026-09-24T22:27:21.3525634Z ^[[1m^[[92m    Checking^[[0m http-body v1.1.0
Rust	Check Rust lints	2026-09-24T22:27:21.4043951Z ^[[1m^[[92m   Compiling^[[0m ring v0.17.14
Rust	Check Rust lints	2026-09-24T22:27:21.4845161Z ^[[1m^[[92m    Checking^[[0m fastrand v2.5.0
Rust	Check Rust lints	2026-09-24T22:27:21.5745393Z ^[[1m^[[92m    Checking^[[0m percent-encoding v2.3.2
Rust	Check Rust lints	2026-09-24T22:27:21.6335602Z ^[[1m^[[92m   Compiling^[[0m semver v1.0.28
Rust	Check Rust lints	2026-09-24T22:27:21.6586077Z ^[[1m^[[92m    Checking^[[0m rx-ports v0.1.0 (/home/runner/work/rx-platform/rx-platform/crates/rx-ports)
Rust	Check Rust lints	2026-09-24T22:27:21.6855239Z ^[[1m^[[92m   Compiling^[[0m io-extras v0.19.0
Rust	Check Rust lints	2026-09-24T22:27:21.8065612Z ^[[1m^[[92m   Compiling^[[0m rustc_version v0.4.1
Rust	Check Rust lints	2026-09-24T22:27:21.8479940Z ^[[1m^[[92m    Checking^[[0m tempfile v3.27.0
Rust	Check Rust lints	2026-09-24T22:27:21.9805542Z ^[[1m^[[92m    Checking^[[0m crypto-common v0.2.2
Rust	Check Rust lints	2026-09-24T22:27:21.9851132Z ^[[1m^[[92m    Checking^[[0m block-buffer v0.12.1
Rust	Check Rust lints	2026-09-24T22:27:22.0321175Z ^[[1m^[[92m   Compiling^[[0m cap-primitives v4.0.3
Rust	Check Rust lints	2026-09-24T22:27:22.1160241Z ^[[1m^[[92m   Compiling^[[0m httparse v1.10.1
Rust	Check Rust lints	2026-09-24T22:27:22.1199270Z ^[[1m^[[92m   Compiling^[[0m prost-derive v0.14.4
Rust	Check Rust lints	2026-09-24T22:27:22.3265864Z ^[[1m^[[92m    Checking^[[0m futures-task v0.3.34
Rust	Check Rust lints	2026-09-24T22:27:22.3645798Z ^[[1m^[[92m    Checking^[[0m tower-service v0.3.3
Rust	Check Rust lints	2026-09-24T22:27:22.3855494Z ^[[1m^[[92m    Checking^[[0m futures-util v0.3.34
Rust	Check Rust lints	2026-09-24T22:27:22.3935165Z ^[[1m^[[92m    Checking^[[0m digest v0.11.3
Rust	Check Rust lints	2026-09-24T22:27:22.5495360Z ^[[1m^[[92m    Checking^[[0m fs-set-times v0.20.3
Rust	Check Rust lints	2026-09-24T22:27:22.6445745Z ^[[1m^[[92m   Compiling^[[0m curve25519-dalek v5.0.0
Rust	Check Rust lints	2026-09-24T22:27:22.7415369Z ^[[1m^[[92m    Checking^[[0m rustix-linux-procfs v0.1.1
Rust	Check Rust lints	2026-09-24T22:27:22.8055876Z ^[[1m^[[92m    Checking^[[0m cpufeatures v0.3.1
Rust	Check Rust lints	2026-09-24T22:27:22.8245697Z ^[[1m^[[92m    Checking^[[0m fnv v1.0.7
Rust	Check Rust lints	2026-09-24T22:27:22.8515313Z ^[[1m^[[92m    Checking^[[0m try-lock v0.2.5
Rust	Check Rust lints	2026-09-24T22:27:22.8825620Z ^[[1m^[[92m    Checking^[[0m atomic-waker v1.1.2
Rust	Check Rust lints	2026-09-24T22:27:22.9105195Z ^[[1m^[[92m    Checking^[[0m untrusted v0.9.0
Rust	Check Rust lints	2026-09-24T22:27:22.9460040Z ^[[1m^[[92m    Checking^[[0m maybe-owned v0.3.4
Rust	Check Rust lints	2026-09-24T22:27:23.0315316Z ^[[1m^[[92m   Compiling^[[0m cap-std v4.0.3
Rust	Check Rust lints	2026-09-24T22:27:23.1397509Z ^[[1m^[[92m    Checking^[[0m ambient-authority v0.0.2
Rust	Check Rust lints	2026-09-24T22:27:23.2085566Z ^[[1m^[[92m    Checking^[[0m h2 v0.4.19
Rust	Check Rust lints	2026-09-24T22:27:23.4046448Z ^[[1m^[[92m    Checking^[[0m want v0.3.1
Rust	Check Rust lints	2026-09-24T22:27:23.5298590Z ^[[1m^[[92m    Checking^[[0m futures-channel v0.3.34
Rust	Check Rust lints	2026-09-24T22:27:23.6061774Z ^[[1m^[[92m   Compiling^[[0m curve25519-dalek-derive v0.1.1
Rust	Check Rust lints	2026-09-24T22:27:23.6375879Z ^[[1m^[[92m    Checking^[[0m rustls-pki-types v1.15.1
Rust	Check Rust lints	2026-09-24T22:27:23.8345652Z ^[[1m^[[92m   Compiling^[[0m vcpkg v0.2.15
Rust	Check Rust lints	2026-09-24T22:27:24.1015216Z ^[[1m^[[92m    Checking^[[0m signature v3.0.0
Rust	Check Rust lints	2026-09-24T22:27:24.2380099Z ^[[1m^[[92m   Compiling^[[0m cap-fs-ext v4.0.3
Rust	Check Rust lints	2026-09-24T22:27:24.3000060Z ^[[1m^[[92m    Checking^[[0m httpdate v1.0.3
Rust	Check Rust lints	2026-09-24T22:27:24.3345809Z ^[[1m^[[92m   Compiling^[[0m pkg-config v0.3.34
Rust	Check Rust lints	2026-09-24T22:27:24.3906778Z ^[[1m^[[92m    Checking^[[0m ed25519 v3.0.0
Rust	Check Rust lints	2026-09-24T22:27:24.6450836Z ^[[1m^[[92m   Compiling^[[0m libsqlite3-sys v0.38.2
Rust	Check Rust lints	2026-09-24T22:27:24.8744675Z ^[[1m^[[92m    Checking^[[0m sha2 v0.11.0
Rust	Check Rust lints	2026-09-24T22:27:24.9168318Z ^[[1m^[[92m    Checking^[[0m form_urlencoded v1.2.2
Rust	Check Rust lints	2026-09-24T22:27:24.9681696Z ^[[1m^[[92m    Checking^[[0m sync_wrapper v1.0.2
Rust	Check Rust lints	2026-09-24T22:27:25.5945224Z ^[[1m^[[92m    Checking^[[0m tower-layer v0.3.3
Rust	Check Rust lints	2026-09-24T22:27:25.6765236Z ^[[1m^[[92m   Compiling^[[0m prettyplease v0.2.37
Rust	Check Rust lints	2026-09-24T22:27:25.6836477Z ^[[1m^[[92m    Checking^[[0m hyper v1.11.1
Rust	Check Rust lints	2026-09-24T22:27:25.7585293Z ^[[1m^[[92m   Compiling^[[0m rustls v0.23.44
Rust	Check Rust lints	2026-09-24T22:27:25.8315386Z ^[[1m^[[92m   Compiling^[[0m pulldown-cmark v0.13.4
Rust	Check Rust lints	2026-09-24T22:27:26.0115323Z ^[[1m^[[92m    Checking^[[0m ed25519-dalek v3.0.0
Rust	Check Rust lints	2026-09-24T22:27:26.0595251Z ^[[1m^[[92m    Checking^[[0m rustls-webpki v0.103.15
Rust	Check Rust lints	2026-09-24T22:27:26.5055808Z ^[[1m^[[92m    Checking^[[0m hyper-util v0.1.20
Rust	Check Rust lints	2026-09-24T22:27:26.8905178Z ^[[1m^[[92m   Compiling^[[0m foldhash v0.1.5
Rust	Check Rust lints	2026-09-24T22:27:26.9835281Z ^[[1m^[[92m   Compiling^[[0m regex-syntax v0.8.11
Rust	Check Rust lints	2026-09-24T22:27:27.0705308Z ^[[1m^[[92m   Compiling^[[0m unicase v2.9.0
Rust	Check Rust lints	2026-09-24T22:27:28.0316133Z ^[[1m^[[92m   Compiling^[[0m regex-automata v0.4.18
Rust	Check Rust lints	2026-09-24T22:27:29.3341143Z ^[[1m^[[92m   Compiling^[[0m hashbrown v0.15.5
Rust	Check Rust lints	2026-09-24T22:27:29.6515493Z ^[[1m^[[92m   Compiling^[[0m prost v0.14.4
Rust	Check Rust lints	2026-09-24T22:27:30.0365140Z ^[[1m^[[92m    Checking^[[0m tower v0.5.3
Rust	Check Rust lints	2026-09-24T22:27:30.5915204Z ^[[1m^[[92m    Checking^[[0m http-body-util v0.1.5
Rust	Check Rust lints	2026-09-24T22:27:30.7245314Z ^[[1m^[[92m    Checking^[[0m hashlink v0.12.2
Rust	Check Rust lints	2026-09-24T22:27:30.8965965Z ^[[1m^[[92m    Checking^[[0m fallible-iterator v0.3.0
Rust	Check Rust lints	2026-09-24T22:27:30.9005098Z ^[[1m^[[92m    Checking^[[0m ryu v1.0.23
Rust	Check Rust lints	2026-09-24T22:27:31.0836069Z ^[[1m^[[92m   Compiling^[[0m fixedbitset v0.5.7
Rust	Check Rust lints	2026-09-24T22:27:31.1875448Z ^[[1m^[[92m    Checking^[[0m fallible-streaming-iterator v0.1.9
Rust	Check Rust lints	2026-09-24T22:27:31.2485262Z ^[[1m^[[92m   Compiling^[[0m petgraph v0.8.3
Rust	Check Rust lints	2026-09-24T22:27:31.5035276Z ^[[1m^[[92m    Checking^[[0m serde_urlencoded v0.7.1
Rust	Check Rust lints	2026-09-24T22:27:31.6335341Z ^[[1m^[[92m   Compiling^[[0m prost-types v0.14.4
Rust	Check Rust lints	2026-09-24T22:27:32.0035548Z ^[[1m^[[92m    Checking^[[0m tokio-rustls v0.26.5
Rust	Check Rust lints	2026-09-24T22:27:32.1415444Z ^[[1m^[[92m   Compiling^[[0m pulldown-cmark-to-cmark v22.0.1
Rust	Check Rust lints	2026-09-24T22:27:32.3275371Z ^[[1m^[[92m   Compiling^[[0m regex v1.13.1
Rust	Check Rust lints	2026-09-24T22:27:32.3925598Z ^[[1m^[[92m    Checking^[[0m rx-package v0.1.0 (/home/runner/work/rx-platform/rx-platform/crates/rx-package)
Rust	Check Rust lints	2026-09-24T22:27:32.5965395Z ^[[1m^[[92m   Compiling^[[0m synstructure v0.13.2
Rust	Check Rust lints	2026-09-24T22:27:32.6004919Z ^[[1m^[[92m   Compiling^[[0m heck v0.5.0
Rust	Check Rust lints	2026-09-24T22:27:32.8060878Z ^[[1m^[[92m    Checking^[[0m num-conv v0.2.2
Rust	Check Rust lints	2026-09-24T22:27:32.9566156Z ^[[1m^[[92m    Checking^[[0m mime v0.3.17
Rust	Check Rust lints	2026-09-24T22:27:32.9685175Z ^[[1m^[[92m    Checking^[[0m deranged v0.5.8
Rust	Check Rust lints	2026-09-24T22:27:33.0505194Z ^[[1m^[[92m    Checking^[[0m powerfmt v0.2.0
Rust	Check Rust lints	2026-09-24T22:27:33.1149080Z ^[[1m^[[92m    Checking^[[0m time-core v0.1.9
Rust	Check Rust lints	2026-09-24T22:27:33.2205168Z ^[[1m^[[92m   Compiling^[[0m multimap v0.10.1
Rust	Check Rust lints	2026-09-24T22:27:33.3045447Z ^[[1m^[[92m   Compiling^[[0m prost-build v0.14.4
Rust	Check Rust lints	2026-09-24T22:27:33.4405454Z ^[[1m^[[92m    Checking^[[0m axum-core v0.5.6
Rust	Check Rust lints	2026-09-24T22:27:33.5602178Z ^[[1m^[[92m    Checking^[[0m rusqlite v0.40.2
Rust	Check Rust lints	2026-09-24T22:27:33.7625509Z ^[[1m^[[92m    Checking^[[0m time v0.3.55
Rust	Check Rust lints	2026-09-24T22:27:34.3525392Z ^[[1m^[[92m   Compiling^[[0m tonic-build v0.14.6
Rust	Check Rust lints	2026-09-24T22:27:34.6355274Z ^[[1m^[[92m   Compiling^[[0m pin-project-internal v1.1.13
Rust	Check Rust lints	2026-09-24T22:27:34.9085575Z ^[[1m^[[92m    Checking^[[0m serde_path_to_error v0.1.20
Rust	Check Rust lints	2026-09-24T22:27:35.1046106Z ^[[1m^[[92m   Compiling^[[0m protoc-bin-vendored-macos-x86_64 v3.2.0
Rust	Check Rust lints	2026-09-24T22:27:35.1445555Z ^[[1m^[[92m   Compiling^[[0m protoc-bin-vendored-linux-x86_32 v3.2.0
Rust	Check Rust lints	2026-09-24T22:27:35.1635567Z ^[[1m^[[92m    Checking^[[0m matchit v0.8.4
Rust	Check Rust lints	2026-09-24T22:27:35.1813510Z ^[[1m^[[92m   Compiling^[[0m protoc-bin-vendored-win32 v3.2.0
Rust	Check Rust lints	2026-09-24T22:27:35.2235602Z ^[[1m^[[92m   Compiling^[[0m protoc-bin-vendored-linux-s390_64 v3.2.0
Rust	Check Rust lints	2026-09-24T22:27:35.2635505Z ^[[1m^[[92m   Compiling^[[0m protoc-bin-vendored-linux-aarch_64 v3.2.0
Rust	Check Rust lints	2026-09-24T22:27:35.2875504Z ^[[1m^[[92m   Compiling^[[0m protoc-bin-vendored-linux-x86_64 v3.2.0
Rust	Check Rust lints	2026-09-24T22:27:35.3245416Z ^[[1m^[[92m   Compiling^[[0m protoc-bin-vendored-linux-ppcle_64 v3.2.0
Rust	Check Rust lints	2026-09-24T22:27:35.3653161Z ^[[1m^[[92m   Compiling^[[0m protoc-bin-vendored-macos-aarch_64 v3.2.0
Rust	Check Rust lints	2026-09-24T22:27:35.3706182Z ^[[1m^[[92m    Checking^[[0m pin-project v1.1.13
Rust	Check Rust lints	2026-09-24T22:27:35.3967089Z ^[[1m^[[92m   Compiling^[[0m protoc-bin-vendored v3.2.0
Rust	Check Rust lints	2026-09-24T22:27:35.4015324Z ^[[1m^[[92m    Checking^[[0m axum v0.8.9
Rust	Check Rust lints	2026-09-24T22:27:35.4443394Z ^[[1m^[[92m   Compiling^[[0m tonic-prost-build v0.14.6
Rust	Check Rust lints	2026-09-24T22:27:35.6552115Z ^[[1m^[[92m    Checking^[[0m rx-storage v0.1.0 (/home/runner/work/rx-platform/rx-platform/crates/rx-storage)
Rust	Check Rust lints	2026-09-24T22:27:35.7685432Z ^[[1m^[[92m   Compiling^[[0m zerofrom-derive v0.1.7
Rust	Check Rust lints	2026-09-24T22:27:35.8475406Z ^[[1m^[[92m    Checking^[[0m hyper-timeout v0.5.2
Rust	Check Rust lints	2026-09-24T22:27:35.9766759Z ^[[1m^[[92m    Checking^[[0m rx-process-contract v0.1.0 (/home/runner/work/rx-platform/rx-platform/crates/rx-process-contract)
Rust	Check Rust lints	2026-09-24T22:27:36.6385691Z ^[[1m^[[92m    Checking^[[0m tokio-stream v0.1.19
Rust	Check Rust lints	2026-09-24T22:27:36.7325749Z ^[[1m^[[92m   Compiling^[[0m async-trait v0.1.92
Rust	Check Rust lints	2026-09-24T22:27:36.8954387Z ^[[1m^[[92m   Compiling^[[0m rx-protocol v0.1.0 (/home/runner/work/rx-platform/rx-platform/crates/rx-protocol)
Rust	Check Rust lints	2026-09-24T22:27:37.3497616Z ^[[1m^[[92m    Checking^[[0m zerofrom v0.1.8
Rust	Check Rust lints	2026-09-24T22:27:37.6585584Z ^[[1m^[[92m   Compiling^[[0m yoke-derive v0.8.2
Rust	Check Rust lints	2026-09-24T22:27:37.8715413Z ^[[1m^[[92m    Checking^[[0m stable_deref_trait v1.2.1
Rust	Check Rust lints	2026-09-24T22:27:37.9347798Z ^[[1m^[[92m    Checking^[[0m tonic v0.14.6
Rust	Check Rust lints	2026-09-24T22:27:38.0076044Z ^[[1m^[[92m    Checking^[[0m prost-reflect v0.16.5
Rust	Check Rust lints	2026-09-24T22:27:38.3655643Z ^[[1m^[[92m    Checking^[[0m yoke v0.8.3
Rust	Check Rust lints	2026-09-24T22:27:38.4556272Z ^[[1m^[[92m    Checking^[[0m rx-application v0.1.0 (/home/runner/work/rx-platform/rx-platform/crates/rx-application)
Rust	Check Rust lints	2026-09-24T22:27:38.5395101Z ^[[1m^[[92m   Compiling^[[0m zerovec-derive v0.11.6
Rust	Check Rust lints	2026-09-24T22:27:38.9450750Z ^[[1m^[[92m   Compiling^[[0m displaydoc v0.2.7
Rust	Check Rust lints	2026-09-24T22:27:39.0935353Z ^[[1m^[[92m    Checking^[[0m tonic-prost v0.14.6
Rust	Check Rust lints	2026-09-24T22:27:39.2825254Z ^[[1m^[[92m    Checking^[[0m zerovec v0.11.8
Rust	Check Rust lints	2026-09-24T22:27:39.3475331Z ^[[1m^[[92m    Checking^[[0m writeable v0.6.4
Rust	Check Rust lints	2026-09-24T22:27:39.4435282Z ^[[1m^[[92m    Checking^[[0m litemap v0.8.3
Rust	Check Rust lints	2026-09-24T22:27:39.5365382Z ^[[1m^[[92m    Checking^[[0m zerotrie v0.2.5
Rust	Check Rust lints	2026-09-24T22:27:39.6345334Z ^[[1m^[[92m    Checking^[[0m tinystr v0.8.4
Rust	Check Rust lints	2026-09-24T22:27:39.6745588Z ^[[1m^[[92m    Checking^[[0m potential_utf v0.1.6
Rust	Check Rust lints	2026-09-24T22:27:39.7188562Z ^[[1m^[[92m    Checking^[[0m utf8_iter v1.0.4
Rust	Check Rust lints	2026-09-24T22:27:39.7245158Z ^[[1m^[[92m    Checking^[[0m icu_locale_core v2.3.0
Rust	Check Rust lints	2026-09-24T22:27:39.7675823Z ^[[1m^[[92m   Compiling^[[0m icu_normalizer_data v2.3.0
Rust	Check Rust lints	2026-09-24T22:27:39.8465394Z ^[[1m^[[92m   Compiling^[[0m icu_properties_data v2.3.0
Rust	Check Rust lints	2026-09-24T22:27:39.9385280Z ^[[1m^[[92m    Checking^[[0m icu_collections v2.3.0
Rust	Check Rust lints	2026-09-24T22:27:40.1394671Z ^[[1m^[[92m    Checking^[[0m rand_core v0.6.4
Rust	Check Rust lints	2026-09-24T22:27:40.2065306Z ^[[1m^[[92m    Checking^[[0m base64ct v1.8.3
Rust	Check Rust lints	2026-09-24T22:27:40.2115251Z ^[[1m^[[92m    Checking^[[0m icu_provider v2.3.1
Rust	Check Rust lints	2026-09-24T22:27:40.3365399Z ^[[1m^[[92m    Checking^[[0m password-hash v0.5.0
Rust	Check Rust lints	2026-09-24T22:27:40.4993481Z ^[[1m^[[92m    Checking^[[0m blake2 v0.10.6
Rust	Check Rust lints	2026-09-24T22:27:40.5485098Z ^[[1m^[[92m    Checking^[[0m icu_properties v2.3.0
Rust	Check Rust lints	2026-09-24T22:27:40.7425220Z ^[[1m^[[92m    Checking^[[0m argon2 v0.5.3
Rust	Check Rust lints	2026-09-24T22:27:41.0015493Z ^[[1m^[[92m    Checking^[[0m icu_normalizer v2.3.0
Rust	Check Rust lints	2026-09-24T22:27:41.1945741Z ^[[1m^[[92m    Checking^[[0m base64 v0.23.1
Rust	Check Rust lints	2026-09-24T22:27:41.3545667Z ^[[1m^[[92m    Checking^[[0m pem v4.0.0
Rust	Check Rust lints	2026-09-24T22:27:41.4206232Z ^[[1m^[[92m    Checking^[[0m idna_adapter v1.2.2
Rust	Check Rust lints	2026-09-24T22:27:41.4325422Z ^[[1m^[[92m    Checking^[[0m yasna v0.6.0
Rust	Check Rust lints	2026-09-24T22:27:41.4625266Z ^[[1m^[[92m    Checking^[[0m idna v1.1.0
Rust	Check Rust lints	2026-09-24T22:27:41.6075323Z ^[[1m^[[92m    Checking^[[0m url v2.5.8
Rust	Check Rust lints	2026-09-24T22:27:41.7245422Z ^[[1m^[[92m    Checking^[[0m hyper-rustls v0.27.9
Rust	Check Rust lints	2026-09-24T22:27:41.8135181Z ^[[1m^[[92m    Checking^[[0m rcgen v0.14.10
Rust	Check Rust lints	2026-09-24T22:27:41.8915768Z ^[[1m^[[92m    Checking^[[0m tower-http v0.6.11
Rust	Check Rust lints	2026-09-24T22:27:42.0825301Z ^[[1m^[[92m    Checking^[[0m reqwest v0.12.28
Rust	Check Rust lints	2026-09-24T22:27:42.0864155Z ^[[1m^[[92m    Checking^[[0m aho-corasick v1.1.5
Rust	Check Rust lints	2026-09-24T22:27:48.9345594Z ^[[1m^[[92m    Checking^[[0m rx-protocol-adapter v0.1.0 (/home/runner/work/rx-platform/rx-platform/crates/rx-protocol-adapter)
Rust	Check Rust lints	2026-09-24T22:27:48.9355782Z ^[[1m^[[92m    Checking^[[0m rx-runtime v0.1.0 (/home/runner/work/rx-platform/rx-platform/crates/rx-runtime)
Rust	Check Rust lints	2026-09-24T22:27:49.3885497Z ^[[1m^[[92m    Checking^[[0m rx-api v0.1.0 (/home/runner/work/rx-platform/rx-platform/crates/rx-api)
Rust	Check Rust lints	2026-09-24T22:27:49.5296200Z ^[[1m^[[92m    Checking^[[0m rx-host-client v0.1.0 (/home/runner/work/rx-platform/rx-platform/crates/rx-host-client)
Rust	Check Rust lints	2026-09-24T22:27:51.2355771Z ^[[1m^[[92m    Checking^[[0m rx-platformd v0.1.0 (/home/runner/work/rx-platform/rx-platform/crates/rx-platformd)
Rust	Check Rust lints	2026-09-24T22:27:55.1116897Z ^[[1m^[[92m    Finished^[[0m `dev` profile [unoptimized + debuginfo] target(s) in 44.66s
Rust	Test Rust workspace	﻿2026-09-24T22:27:55.2000859Z ##[group]Run cargo test --workspace --all-features --locked
Rust	Test Rust workspace	2026-09-24T22:27:55.2001230Z ^[[36;1mcargo test --workspace --all-features --locked^[[0m
Rust	Test Rust workspace	2026-09-24T22:27:55.2056809Z shell: /usr/bin/bash --noprofile --norc -e -o pipefail {0}
Rust	Test Rust workspace	2026-09-24T22:27:55.2057084Z env:
Rust	Test Rust workspace	2026-09-24T22:27:55.2057261Z   CARGO_TERM_COLOR: always
Rust	Test Rust workspace	2026-09-24T22:27:55.2057455Z   RUST_BACKTRACE: 1
Rust	Test Rust workspace	2026-09-24T22:27:55.2057623Z ##[endgroup]
Rust	Test Rust workspace	2026-09-24T22:27:55.4224120Z ^[[1m^[[92m   Compiling^[[0m cfg-if v1.0.4
Rust	Test Rust workspace	2026-09-24T22:27:55.4224663Z ^[[1m^[[92m   Compiling^[[0m libc v0.2.189
Rust	Test Rust workspace	2026-09-24T22:27:55.4225083Z ^[[1m^[[92m   Compiling^[[0m itoa v1.0.18
Rust	Test Rust workspace	2026-09-24T22:27:55.4281155Z ^[[1m^[[92m   Compiling^[[0m memchr v2.8.3
Rust	Test Rust workspace	2026-09-24T22:27:55.4505690Z ^[[1m^[[92m   Compiling^[[0m typenum v1.20.1
Rust	Test Rust workspace	2026-09-24T22:27:55.5211302Z ^[[1m^[[92m   Compiling^[[0m subtle v2.6.1
Rust	Test Rust workspace	2026-09-24T22:27:55.5925231Z ^[[1m^[[92m   Compiling^[[0m serde_core v1.0.229
Rust	Test Rust workspace	2026-09-24T22:27:56.0005076Z ^[[1m^[[92m   Compiling^[[0m zmij v1.0.23
Rust	Test Rust workspace	2026-09-24T22:27:56.1925757Z ^[[1m^[[92m   Compiling^[[0m once_cell v1.21.4
Rust	Test Rust workspace	2026-09-24T22:27:56.2121069Z ^[[1m^[[92m   Compiling^[[0m generic-array v0.14.7
Rust	Test Rust workspace	2026-09-24T22:27:56.2425407Z ^[[1m^[[92m   Compiling^[[0m cpufeatures v0.2.17
Rust	Test Rust workspace	2026-09-24T22:27:56.2656903Z ^[[1m^[[92m   Compiling^[[0m bitflags v2.13.2
Rust	Test Rust workspace	2026-09-24T22:27:56.3135346Z ^[[1m^[[92m   Compiling^[[0m getrandom v0.4.3
Rust	Test Rust workspace	2026-09-24T22:27:56.4012206Z ^[[1m^[[92m   Compiling^[[0m ryu-js v0.2.2
Rust	Test Rust workspace	2026-09-24T22:27:56.4087642Z ^[[1m^[[92m   Compiling^[[0m thiserror v2.0.20
Rust	Test Rust workspace	2026-09-24T22:27:56.4455246Z ^[[1m^[[92m   Compiling^[[0m foldhash v0.2.0
Rust	Test Rust workspace	2026-09-24T22:27:56.5115598Z ^[[1m^[[92m   Compiling^[[0m hashbrown v0.17.1
Rust	Test Rust workspace	2026-09-24T22:27:56.5357336Z ^[[1m^[[92m   Compiling^[[0m smallvec v1.16.0
Rust	Test Rust workspace	2026-09-24T22:27:56.6178991Z ^[[1m^[[92m   Compiling^[[0m block-buffer v0.10.4
Rust	Test Rust workspace	2026-09-24T22:27:56.6560838Z ^[[1m^[[92m   Compiling^[[0m crypto-common v0.1.7
Rust	Test Rust workspace	2026-09-24T22:27:56.6795148Z ^[[1m^[[92m   Compiling^[[0m bytes v1.12.1
Rust	Test Rust workspace	2026-09-24T22:27:56.7095428Z ^[[1m^[[92m   Compiling^[[0m digest v0.10.7
Rust	Test Rust workspace	2026-09-24T22:27:56.8275371Z ^[[1m^[[92m   Compiling^[[0m sha2 v0.10.9
Rust	Test Rust workspace	2026-09-24T22:27:56.9631380Z ^[[1m^[[92m   Compiling^[[0m zeroize v1.9.0
Rust	Test Rust workspace	2026-09-24T22:27:57.0584920Z ^[[1m^[[92m   Compiling^[[0m fastrand v2.5.0
Rust	Test Rust workspace	2026-09-24T22:27:57.1005077Z ^[[1m^[[92m   Compiling^[[0m ipnet v2.12.2
Rust	Test Rust workspace	2026-09-24T22:27:57.1825670Z ^[[1m^[[92m   Compiling^[[0m pin-project-lite v0.2.17
Rust	Test Rust workspace	2026-09-24T22:27:57.1895859Z ^[[1m^[[92m   Compiling^[[0m linux-raw-sys v0.12.1
Rust	Test Rust workspace	2026-09-24T22:27:57.2175302Z ^[[1m^[[92m   Compiling^[[0m errno v0.3.14
Rust	Test Rust workspace	2026-09-24T22:27:57.2814639Z ^[[1m^[[92m   Compiling^[[0m serde v1.0.229
Rust	Test Rust workspace	2026-09-24T22:27:57.3385275Z ^[[1m^[[92m   Compiling^[[0m serde_json v1.0.151
Rust	Test Rust workspace	2026-09-24T22:27:57.4565228Z ^[[1m^[[92m   Compiling^[[0m uuid v1.26.1
Rust	Test Rust workspace	2026-09-24T22:27:57.5025399Z ^[[1m^[[92m   Compiling^[[0m rustix v1.1.4
Rust	Test Rust workspace	2026-09-24T22:27:57.7205420Z ^[[1m^[[92m   Compiling^[[0m signal-hook-registry v1.4.8
Rust	Test Rust workspace	2026-09-24T22:27:57.8385433Z ^[[1m^[[92m   Compiling^[[0m socket2 v0.6.5
Rust	Test Rust workspace	2026-09-24T22:27:57.9055448Z ^[[1m^[[92m   Compiling^[[0m mio v1.2.3
Rust	Test Rust workspace	2026-09-24T22:27:58.2365352Z ^[[1m^[[92m   Compiling^[[0m serde_jcs v0.2.0
Rust	Test Rust workspace	2026-09-24T22:27:58.2795525Z ^[[1m^[[92m   Compiling^[[0m log v0.4.34
Rust	Test Rust workspace	2026-09-24T22:27:58.3735406Z ^[[1m^[[92m   Compiling^[[0m rx-domain v0.1.0 (/home/runner/work/rx-platform/rx-platform/crates/rx-domain)
Rust	Test Rust workspace	2026-09-24T22:27:58.3785335Z ^[[1m^[[92m   Compiling^[[0m tokio v1.53.1
Rust	Test Rust workspace	2026-09-24T22:27:58.6825167Z ^[[1m^[[92m   Compiling^[[0m futures-core v0.3.34
Rust	Test Rust workspace	2026-09-24T22:27:58.7472805Z ^[[1m^[[92m   Compiling^[[0m equivalent v1.0.2
Rust	Test Rust workspace	2026-09-24T22:27:58.7765878Z ^[[1m^[[92m   Compiling^[[0m base64 v0.22.1
Rust	Test Rust workspace	2026-09-24T22:27:58.9855764Z ^[[1m^[[92m   Compiling^[[0m hybrid-array v0.4.15
Rust	Test Rust workspace	2026-09-24T22:27:59.3957071Z ^[[1m^[[92m   Compiling^[[0m http v1.5.0
Rust	Test Rust workspace	2026-09-24T22:28:00.2255682Z ^[[1m^[[92m   Compiling^[[0m rx-ports v0.1.0 (/home/runner/work/rx-platform/rx-platform/crates/rx-ports)
Rust	Test Rust workspace	2026-09-24T22:28:00.3465674Z ^[[1m^[[92m   Compiling^[[0m tempfile v3.27.0
Rust	Test Rust workspace	2026-09-24T22:28:00.4295938Z ^[[1m^[[92m   Compiling^[[0m tracing-core v0.1.36
Rust	Test Rust workspace	2026-09-24T22:28:00.6475386Z ^[[1m^[[92m   Compiling^[[0m io-lifetimes v3.0.1
Rust	Test Rust workspace	2026-09-24T22:28:00.7072888Z ^[[1m^[[92m   Compiling^[[0m tracing v0.1.44
Rust	Test Rust workspace	2026-09-24T22:28:00.8755476Z ^[[1m^[[92m   Compiling^[[0m io-lifetimes v2.0.4
Rust	Test Rust workspace	2026-09-24T22:28:00.8915759Z ^[[1m^[[92m   Compiling^[[0m crypto-common v0.2.2
Rust	Test Rust workspace	2026-09-24T22:28:00.9204361Z ^[[1m^[[92m   Compiling^[[0m block-buffer v0.12.1
Rust	Test Rust workspace	2026-09-24T22:28:00.9966008Z ^[[1m^[[92m   Compiling^[[0m getrandom v0.2.17
Rust	Test Rust workspace	2026-09-24T22:28:01.0945825Z ^[[1m^[[92m   Compiling^[[0m slab v0.4.12
Rust	Test Rust workspace	2026-09-24T22:28:01.1893261Z ^[[1m^[[92m   Compiling^[[0m futures-sink v0.3.34
Rust	Test Rust workspace	2026-09-24T22:28:01.2306617Z ^[[1m^[[92m   Compiling^[[0m fs-set-times v0.20.3
Rust	Test Rust workspace	2026-09-24T22:28:01.3105917Z ^[[1m^[[92m   Compiling^[[0m io-extras v0.19.0
Rust	Test Rust workspace	2026-09-24T22:28:01.3875866Z ^[[1m^[[92m   Compiling^[[0m http-body v1.1.0
Rust	Test Rust workspace	2026-09-24T22:28:01.4485776Z ^[[1m^[[92m   Compiling^[[0m digest v0.11.3
Rust	Test Rust workspace	2026-09-24T22:28:01.4878223Z ^[[1m^[[92m   Compiling^[[0m tokio-util v0.7.19
Rust	Test Rust workspace	2026-09-24T22:28:01.5225441Z ^[[1m^[[92m   Compiling^[[0m rustix-linux-procfs v0.1.1
Rust	Test Rust workspace	2026-09-24T22:28:01.6835499Z ^[[1m^[[92m   Compiling^[[0m indexmap v2.14.2
Rust	Test Rust workspace	2026-09-24T22:28:01.7515505Z ^[[1m^[[92m   Compiling^[[0m maybe-owned v0.3.4
Rust	Test Rust workspace	2026-09-24T22:28:01.8445292Z ^[[1m^[[92m   Compiling^[[0m cpufeatures v0.3.1
Rust	Test Rust workspace	2026-09-24T22:28:01.8655446Z ^[[1m^[[92m   Compiling^[[0m percent-encoding v2.3.2
Rust	Test Rust workspace	2026-09-24T22:28:01.9725522Z ^[[1m^[[92m   Compiling^[[0m ambient-authority v0.0.2
Rust	Test Rust workspace	2026-09-24T22:28:01.9975550Z ^[[1m^[[92m   Compiling^[[0m cap-primitives v4.0.3
Rust	Test Rust workspace	2026-09-24T22:28:02.0042700Z ^[[1m^[[92m   Compiling^[[0m tower-service v0.3.3
Rust	Test Rust workspace	2026-09-24T22:28:02.0405793Z ^[[1m^[[92m   Compiling^[[0m signature v3.0.0
Rust	Test Rust workspace	2026-09-24T22:28:02.0856101Z ^[[1m^[[92m   Compiling^[[0m futures-task v0.3.34
Rust	Test Rust workspace	2026-09-24T22:28:02.1562362Z ^[[1m^[[92m   Compiling^[[0m futures-util v0.3.34
Rust	Test Rust workspace	2026-09-24T22:28:02.1657514Z ^[[1m^[[92m   Compiling^[[0m ed25519 v3.0.0
Rust	Test Rust workspace	2026-09-24T22:28:02.2465920Z ^[[1m^[[92m   Compiling^[[0m curve25519-dalek v5.0.0
Rust	Test Rust workspace	2026-09-24T22:28:02.6285553Z ^[[1m^[[92m   Compiling^[[0m cap-std v4.0.3
Rust	Test Rust workspace	2026-09-24T22:28:02.8115589Z ^[[1m^[[92m   Compiling^[[0m sha2 v0.11.0
Rust	Test Rust workspace	2026-09-24T22:28:03.1685341Z ^[[1m^[[92m   Compiling^[[0m untrusted v0.9.0
Rust	Test Rust workspace	2026-09-24T22:28:03.1885537Z ^[[1m^[[92m   Compiling^[[0m atomic-waker v1.1.2
Rust	Test Rust workspace	2026-09-24T22:28:03.2125318Z ^[[1m^[[92m   Compiling^[[0m fnv v1.0.7
Rust	Test Rust workspace	2026-09-24T22:28:03.2369782Z ^[[1m^[[92m   Compiling^[[0m try-lock v0.2.5
Rust	Test Rust workspace	2026-09-24T22:28:03.2434960Z ^[[1m^[[92m   Compiling^[[0m h2 v0.4.19
Rust	Test Rust workspace	2026-09-24T22:28:03.2735346Z ^[[1m^[[92m   Compiling^[[0m want v0.3.1
Rust	Test Rust workspace	2026-09-24T22:28:03.3475443Z ^[[1m^[[92m   Compiling^[[0m ed25519-dalek v3.0.0
Rust	Test Rust workspace	2026-09-24T22:28:03.4865671Z ^[[1m^[[92m   Compiling^[[0m ring v0.17.14
Rust	Test Rust workspace	2026-09-24T22:28:03.4894172Z ^[[1m^[[92m   Compiling^[[0m cap-fs-ext v4.0.3
Rust	Test Rust workspace	2026-09-24T22:28:03.5256158Z ^[[1m^[[92m   Compiling^[[0m httparse v1.10.1
Rust	Test Rust workspace	2026-09-24T22:28:03.5395455Z ^[[1m^[[92m   Compiling^[[0m futures-channel v0.3.34
Rust	Test Rust workspace	2026-09-24T22:28:03.6596482Z ^[[1m^[[92m   Compiling^[[0m semver v1.0.28
Rust	Test Rust workspace	2026-09-24T22:28:03.7181233Z ^[[1m^[[92m   Compiling^[[0m rustls-pki-types v1.15.1
Rust	Test Rust workspace	2026-09-24T22:28:03.8735800Z ^[[1m^[[92m   Compiling^[[0m httpdate v1.0.3
Rust	Test Rust workspace	2026-09-24T22:28:04.0055984Z ^[[1m^[[92m   Compiling^[[0m libsqlite3-sys v0.38.2
Rust	Test Rust workspace	2026-09-24T22:28:04.0695602Z ^[[1m^[[92m   Compiling^[[0m form_urlencoded v1.2.2
Rust	Test Rust workspace	2026-09-24T22:28:04.1365321Z ^[[1m^[[92m   Compiling^[[0m sync_wrapper v1.0.2
Rust	Test Rust workspace	2026-09-24T22:28:04.1655897Z ^[[1m^[[92m   Compiling^[[0m hashlink v0.12.2
Rust	Test Rust workspace	2026-09-24T22:28:04.1765377Z ^[[1m^[[92m   Compiling^[[0m tower-layer v0.3.3
Rust	Test Rust workspace	2026-09-24T22:28:04.2602799Z ^[[1m^[[92m   Compiling^[[0m fallible-iterator v0.3.0
Rust	Test Rust workspace	2026-09-24T22:28:04.3665645Z ^[[1m^[[92m   Compiling^[[0m fallible-streaming-iterator v0.1.9
Rust	Test Rust workspace	2026-09-24T22:28:04.4385725Z ^[[1m^[[92m   Compiling^[[0m rustls-webpki v0.103.15
Rust	Test Rust workspace	2026-09-24T22:28:04.4815360Z ^[[1m^[[92m   Compiling^[[0m rusqlite v0.40.2
Rust	Test Rust workspace	2026-09-24T22:28:05.3565729Z ^[[1m^[[92m   Compiling^[[0m rx-package v0.1.0 (/home/runner/work/rx-platform/rx-platform/crates/rx-package)
Rust	Test Rust workspace	2026-09-24T22:28:05.5675443Z ^[[1m^[[92m   Compiling^[[0m pulldown-cmark v0.13.4
Rust	Test Rust workspace	2026-09-24T22:28:06.5725397Z ^[[1m^[[92m   Compiling^[[0m hyper v1.11.1
Rust	Test Rust workspace	2026-09-24T22:28:07.4785685Z ^[[1m^[[92m   Compiling^[[0m rustls v0.23.44
Rust	Test Rust workspace	2026-09-24T22:28:07.5795924Z ^[[1m^[[92m   Compiling^[[0m hyper-util v0.1.20
Rust	Test Rust workspace	2026-09-24T22:28:08.1145534Z ^[[1m^[[92m   Compiling^[[0m tower v0.5.3
Rust	Test Rust workspace	2026-09-24T22:28:08.9165407Z ^[[1m^[[92m   Compiling^[[0m http-body-util v0.1.5
Rust	Test Rust workspace	2026-09-24T22:28:09.0795400Z ^[[1m^[[92m   Compiling^[[0m num-conv v0.2.2
Rust	Test Rust workspace	2026-09-24T22:28:09.0829508Z ^[[1m^[[92m   Compiling^[[0m powerfmt v0.2.0
Rust	Test Rust workspace	2026-09-24T22:28:09.1559988Z ^[[1m^[[92m   Compiling^[[0m time-core v0.1.9
Rust	Test Rust workspace	2026-09-24T22:28:09.1915811Z ^[[1m^[[92m   Compiling^[[0m deranged v0.5.8
Rust	Test Rust workspace	2026-09-24T22:28:09.2672492Z ^[[1m^[[92m   Compiling^[[0m ryu v1.0.23
Rust	Test Rust workspace	2026-09-24T22:28:09.3655418Z ^[[1m^[[92m   Compiling^[[0m serde_urlencoded v0.7.1
Rust	Test Rust workspace	2026-09-24T22:28:09.5046208Z ^[[1m^[[92m   Compiling^[[0m petgraph v0.8.3
Rust	Test Rust workspace	2026-09-24T22:28:10.0015375Z ^[[1m^[[92m   Compiling^[[0m time v0.3.55
Rust	Test Rust workspace	2026-09-24T22:28:10.3165533Z ^[[1m^[[92m   Compiling^[[0m tokio-rustls v0.26.5
Rust	Test Rust workspace	2026-09-24T22:28:10.6625375Z ^[[1m^[[92m   Compiling^[[0m prost-types v0.14.4
Rust	Test Rust workspace	2026-09-24T22:28:10.7759125Z ^[[1m^[[92m   Compiling^[[0m pulldown-cmark-to-cmark v22.0.1
Rust	Test Rust workspace	2026-09-24T22:28:11.0775915Z ^[[1m^[[92m   Compiling^[[0m rx-storage v0.1.0 (/home/runner/work/rx-platform/rx-platform/crates/rx-storage)
Rust	Test Rust workspace	2026-09-24T22:28:11.6290758Z ^[[1m^[[92m   Compiling^[[0m rx-process-contract v0.1.0 (/home/runner/work/rx-platform/rx-platform/crates/rx-process-contract)
Rust	Test Rust workspace	2026-09-24T22:28:11.7255454Z ^[[1m^[[92m   Compiling^[[0m mime v0.3.17
Rust	Test Rust workspace	2026-09-24T22:28:11.9183961Z ^[[1m^[[92m   Compiling^[[0m prost-build v0.14.4
Rust	Test Rust workspace	2026-09-24T22:28:12.2483486Z ^[[1m^[[92m   Compiling^[[0m axum-core v0.5.6
Rust	Test Rust workspace	2026-09-24T22:28:13.0335845Z ^[[1m^[[92m   Compiling^[[0m prost v0.14.4
Rust	Test Rust workspace	2026-09-24T22:28:13.0877530Z ^[[1m^[[92m   Compiling^[[0m serde_path_to_error v0.1.20
Rust	Test Rust workspace	2026-09-24T22:28:13.3015742Z ^[[1m^[[92m   Compiling^[[0m matchit v0.8.4
Rust	Test Rust workspace	2026-09-24T22:28:13.3405418Z ^[[1m^[[92m   Compiling^[[0m pin-project v1.1.13
Rust	Test Rust workspace	2026-09-24T22:28:13.4475829Z ^[[1m^[[92m   Compiling^[[0m axum v0.8.9
Rust	Test Rust workspace	2026-09-24T22:28:13.5525368Z ^[[1m^[[92m   Compiling^[[0m tonic-prost-build v0.14.6
Rust	Test Rust workspace	2026-09-24T22:28:13.8645395Z ^[[1m^[[92m   Compiling^[[0m hyper-timeout v0.5.2
Rust	Test Rust workspace	2026-09-24T22:28:13.9686078Z ^[[1m^[[92m   Compiling^[[0m tokio-stream v0.1.19
Rust	Test Rust workspace	2026-09-24T22:28:14.4416041Z ^[[1m^[[92m   Compiling^[[0m rx-protocol v0.1.0 (/home/runner/work/rx-platform/rx-platform/crates/rx-protocol)
Rust	Test Rust workspace	2026-09-24T22:28:15.3735447Z ^[[1m^[[92m   Compiling^[[0m prost-reflect v0.16.5
Rust	Test Rust workspace	2026-09-24T22:28:15.8873430Z ^[[1m^[[92m   Compiling^[[0m rx-application v0.1.0 (/home/runner/work/rx-platform/rx-platform/crates/rx-application)
Rust	Test Rust workspace	2026-09-24T22:28:16.4765604Z ^[[1m^[[92m   Compiling^[[0m tonic v0.14.6
Rust	Test Rust workspace	2026-09-24T22:28:16.7493357Z ^[[1m^[[92m   Compiling^[[0m zerofrom v0.1.8
Rust	Test Rust workspace	2026-09-24T22:28:16.8027012Z ^[[1m^[[92m   Compiling^[[0m stable_deref_trait v1.2.1
Rust	Test Rust workspace	2026-09-24T22:28:16.8275285Z ^[[1m^[[92m   Compiling^[[0m yoke v0.8.3
Rust	Test Rust workspace	2026-09-24T22:28:16.9255258Z ^[[1m^[[92m   Compiling^[[0m zerovec v0.11.8
Rust	Test Rust workspace	2026-09-24T22:28:17.3235745Z ^[[1m^[[92m   Compiling^[[0m tinystr v0.8.4
Rust	Test Rust workspace	2026-09-24T22:28:17.4291170Z ^[[1m^[[92m   Compiling^[[0m writeable v0.6.4
Rust	Test Rust workspace	2026-09-24T22:28:17.5615321Z ^[[1m^[[92m   Compiling^[[0m litemap v0.8.3
Rust	Test Rust workspace	2026-09-24T22:28:17.6705678Z ^[[1m^[[92m   Compiling^[[0m icu_locale_core v2.3.0
Rust	Test Rust workspace	2026-09-24T22:28:18.5919858Z ^[[1m^[[92m   Compiling^[[0m tonic-prost v0.14.6
Rust	Test Rust workspace	2026-09-24T22:28:19.2855397Z ^[[1m^[[92m   Compiling^[[0m zerotrie v0.2.5
Rust	Test Rust workspace	2026-09-24T22:28:19.4766174Z ^[[1m^[[92m   Compiling^[[0m potential_utf v0.1.6
Rust	Test Rust workspace	2026-09-24T22:28:19.5475820Z ^[[1m^[[92m   Compiling^[[0m utf8_iter v1.0.4
Rust	Test Rust workspace	2026-09-24T22:28:19.6115582Z ^[[1m^[[92m   Compiling^[[0m icu_collections v2.3.0
Rust	Test Rust workspace	2026-09-24T22:28:19.9769835Z ^[[1m^[[92m   Compiling^[[0m icu_provider v2.3.1
Rust	Test Rust workspace	2026-09-24T22:28:20.1785383Z ^[[1m^[[92m   Compiling^[[0m rand_core v0.6.4
Rust	Test Rust workspace	2026-09-24T22:28:20.2695770Z ^[[1m^[[92m   Compiling^[[0m base64ct v1.8.3
Rust	Test Rust workspace	2026-09-24T22:28:20.4385404Z ^[[1m^[[92m   Compiling^[[0m password-hash v0.5.0
Rust	Test Rust workspace	2026-09-24T22:28:20.5536240Z ^[[1m^[[92m   Compiling^[[0m icu_properties_data v2.3.0
Rust	Test Rust workspace	2026-09-24T22:28:20.6266037Z ^[[1m^[[92m   Compiling^[[0m icu_normalizer_data v2.3.0
Rust	Test Rust workspace	2026-09-24T22:28:20.6615845Z ^[[1m^[[92m   Compiling^[[0m blake2 v0.10.6
Rust	Test Rust workspace	2026-09-24T22:28:20.7615504Z ^[[1m^[[92m   Compiling^[[0m icu_normalizer v2.3.0
Rust	Test Rust workspace	2026-09-24T22:28:20.9835305Z ^[[1m^[[92m   Compiling^[[0m argon2 v0.5.3
Rust	Test Rust workspace	2026-09-24T22:28:21.2295612Z ^[[1m^[[92m   Compiling^[[0m icu_properties v2.3.0
Rust	Test Rust workspace	2026-09-24T22:28:21.3775252Z ^[[1m^[[92m   Compiling^[[0m base64 v0.23.1
Rust	Test Rust workspace	2026-09-24T22:28:21.6175342Z ^[[1m^[[92m   Compiling^[[0m pem v4.0.0
Rust	Test Rust workspace	2026-09-24T22:28:21.8425200Z ^[[1m^[[92m   Compiling^[[0m yasna v0.6.0
Rust	Test Rust workspace	2026-09-24T22:28:22.2875745Z ^[[1m^[[92m   Compiling^[[0m idna_adapter v1.2.2
Rust	Test Rust workspace	2026-09-24T22:28:22.3345282Z ^[[1m^[[92m   Compiling^[[0m idna v1.1.0
Rust	Test Rust workspace	2026-09-24T22:28:22.4065388Z ^[[1m^[[92m   Compiling^[[0m hyper-rustls v0.27.9
Rust	Test Rust workspace	2026-09-24T22:28:22.5583731Z ^[[1m^[[92m   Compiling^[[0m url v2.5.8
Rust	Test Rust workspace	2026-09-24T22:28:22.9914142Z ^[[1m^[[92m   Compiling^[[0m tower-http v0.6.11
Rust	Test Rust workspace	2026-09-24T22:28:23.2235344Z ^[[1m^[[92m   Compiling^[[0m reqwest v0.12.28
Rust	Test Rust workspace	2026-09-24T22:28:23.2643182Z ^[[1m^[[92m   Compiling^[[0m rcgen v0.14.10
Rust	Test Rust workspace	2026-09-24T22:28:24.0285864Z ^[[1m^[[92m   Compiling^[[0m aho-corasick v1.1.5
Rust	Test Rust workspace	2026-09-24T22:28:24.8265409Z ^[[1m^[[92m   Compiling^[[0m regex-syntax v0.8.11
Rust	Test Rust workspace	2026-09-24T22:28:26.4343072Z ^[[1m^[[92m   Compiling^[[0m regex-automata v0.4.18
Rust	Test Rust workspace	2026-09-24T22:28:29.4101545Z ^[[1m^[[92m   Compiling^[[0m rx-runtime v0.1.0 (/home/runner/work/rx-platform/rx-platform/crates/rx-runtime)
Rust	Test Rust workspace	2026-09-24T22:28:29.8095763Z ^[[1m^[[92m   Compiling^[[0m rx-protocol-adapter v0.1.0 (/home/runner/work/rx-platform/rx-platform/crates/rx-protocol-adapter)
Rust	Test Rust workspace	2026-09-24T22:28:30.4676020Z ^[[1m^[[92m   Compiling^[[0m rx-api v0.1.0 (/home/runner/work/rx-platform/rx-platform/crates/rx-api)
Rust	Test Rust workspace	2026-09-24T22:28:30.8365589Z ^[[1m^[[92m   Compiling^[[0m rx-host-client v0.1.0 (/home/runner/work/rx-platform/rx-platform/crates/rx-host-client)
Rust	Test Rust workspace	2026-09-24T22:28:38.2106026Z ^[[1m^[[92m   Compiling^[[0m rx-platformd v0.1.0 (/home/runner/work/rx-platform/rx-platform/crates/rx-platformd)
Rust	Test Rust workspace	2026-09-24T22:28:40.3959558Z ^[[1m^[[92m   Compiling^[[0m regex v1.13.1
Rust	Test Rust workspace	2026-09-24T22:29:52.4082363Z ^[[1m^[[92m    Finished^[[0m `test` profile [unoptimized + debuginfo] target(s) in 1m 57s
Rust	Test Rust workspace	2026-09-24T22:29:52.5339634Z ^[[1m^[[92m     Running^[[0m unittests src/lib.rs (target/debug/deps/rx_api-d5b17791be1f3db8)
Rust	Test Rust workspace	2026-09-24T22:29:52.5351654Z 
Rust	Test Rust workspace	2026-09-24T22:29:52.5351774Z running 7 tests
Rust	Test Rust workspace	2026-09-24T22:29:52.5376783Z test operator_ui::tests::acquisition_rejects_component_links_replaced_after_inventory ... ok
Rust	Test Rust workspace	2026-09-24T22:29:52.5377289Z test operator_ui::tests::bounds_manifest_before_loading_asset_bytes ... ok
Rust	Test Rust workspace	2026-09-24T22:29:52.6375383Z test operator_ui::tests::acquisition_rejects_replaced_fifos_without_waiting_for_a_writer ... ok
Rust	Test Rust workspace	2026-09-24T22:29:52.6397463Z test operator_ui::tests::rejects_symlink_roots_ancestors_assets_and_manifest ... ok
Rust	Test Rust workspace	2026-09-24T22:29:52.6409063Z test operator_ui::tests::rejects_unlisted_missing_tampered_and_oversized_files ... ok
Rust	Test Rust workspace	2026-09-24T22:29:52.6438173Z test operator_ui::tests::owns_exact_verified_bytes_and_requires_a_pinned_manifest ... ok
Rust	Test Rust workspace	2026-09-24T22:29:52.6462235Z test operator_ui::tests::strict_manifest_and_asset_namespace_reject_aliases_and_unsupported_inputs ... ok
Rust	Test Rust workspace	2026-09-24T22:29:52.6462711Z 
Rust	Test Rust workspace	2026-09-24T22:29:52.6463009Z test result: ok. 7 passed; 0 failed; 0 ignored; 0 measured; 0 filtered out; finished in 0.11s
Rust	Test Rust workspace	2026-09-24T22:29:52.6463416Z 
Rust	Test Rust workspace	2026-09-24T22:29:52.6466768Z ^[[1m^[[92m     Running^[[0m unittests src/bin/local.rs (target/debug/deps/rx_platform_local-a69ae68ebeb04f53)
Rust	Test Rust workspace	2026-09-24T22:29:52.6476051Z 
Rust	Test Rust workspace	2026-09-24T22:29:52.6476180Z running 0 tests
Rust	Test Rust workspace	2026-09-24T22:29:52.6480214Z ^[[1m^[[92m     Running^[[0m tests/evidence_ingress.rs (target/debug/deps/evidence_ingress-6946c217e6741eb5)
Rust	Test Rust workspace	2026-09-24T22:29:52.6480729Z 
Rust	Test Rust workspace	2026-09-24T22:29:52.6481031Z test result: ok. 0 passed; 0 failed; 0 ignored; 0 measured; 0 filtered out; finished in 0.00s
Rust	Test Rust workspace	2026-09-24T22:29:52.6481461Z 
Rust	Test Rust workspace	2026-09-24T22:29:52.6497347Z 
Rust	Test Rust workspace	2026-09-24T22:29:52.6497533Z running 1 test
Rust	Test Rust workspace	2026-09-24T22:29:52.6498362Z test publisher_catches_up_over_128_records_after_lost_ack_and_preserves_cursor_on_restart ... ignored, tools/test_evidence_e2e.sh builds and supplies the separate Host publisher
Rust	Test Rust workspace	2026-09-24T22:29:52.6499143Z 
Rust	Test Rust workspace	2026-09-24T22:29:52.6499445Z test result: ok. 0 passed; 0 failed; 1 ignored; 0 measured; 0 filtered out; finished in 0.00s
Rust	Test Rust workspace	2026-09-24T22:29:52.6500144Z 
Rust	Test Rust workspace	2026-09-24T22:29:52.6501292Z ^[[1m^[[92m     Running^[[0m tests/executor_ingress.rs (target/debug/deps/executor_ingress-fbcd0f9dabe79020)
Rust	Test Rust workspace	2026-09-24T22:29:52.6518844Z 
Rust	Test Rust workspace	2026-09-24T22:29:52.6518980Z running 7 tests
Rust	Test Rust workspace	2026-09-24T22:29:52.6522771Z test durable_s_worker_handles_real_bt_requests_and_preserves_crash_boundaries ... ignored, tools/test_executor_worker_e2e.sh supplies S worker and pinned C++ request fixture
Rust	Test Rust workspace	2026-09-24T22:29:52.6524418Z test resident_executor_discovers_two_operator_started_runs_in_one_process_and_session ... ignored, tools/test_executor_cell_e2e.sh supplies the resident S service and pinned C++ fixture
Rust	Test Rust workspace	2026-09-24T22:29:52.6525747Z test solutions_reader_restores_a_new_session_without_restoring_run_authority ... ignored, tools/test_executor_read_e2e.sh supplies the separate solutions reader
Rust	Test Rust workspace	2026-09-24T22:29:55.2952461Z test executor_run_reads_require_both_negotiations_and_the_same_registered_certificate ... ok
Rust	Test Rust workspace	2026-09-24T22:29:56.0529736Z test branch_checkpoint_preparation_and_lost_commit_reply_use_the_frozen_wire_contract ... ok
Rust	Test Rust workspace	2026-09-24T22:29:56.0600965Z test wait_checkpoint_start_and_resolution_use_the_frozen_wire_contract ... ok
Rust	Test Rust workspace	2026-09-24T22:29:56.0720300Z test remote_executor_allocates_and_submits_after_a_simulated_operator_start ... ok
Rust	Test Rust workspace	2026-09-24T22:29:56.0720721Z 
Rust	Test Rust workspace	2026-09-24T22:29:56.0721006Z test result: ok. 4 passed; 0 failed; 3 ignored; 0 measured; 0 filtered out; finished in 3.42s
Rust	Test Rust workspace	2026-09-24T22:29:56.0721428Z 
Rust	Test Rust workspace	2026-09-24T22:29:56.0733611Z ^[[1m^[[92m     Running^[[0m tests/host_recovery.rs (target/debug/deps/host_recovery-d44bd82e36baa936)
Rust	Test Rust workspace	2026-09-24T22:29:56.0754856Z 
Rust	Test Rust workspace	2026-09-24T22:29:56.0754998Z running 8 tests
Rust	Test Rust workspace	2026-09-24T22:29:57.8778278Z test context_digests_are_computed_by_the_server_and_diagnostic_queries_cannot_claim_authority ... ok
Rust	Test Rust workspace	2026-09-24T22:29:57.8809463Z test exact_keys_cas_and_existing_operation_ids_reach_only_the_configured_service ... ok
Rust	Test Rust workspace	2026-09-24T22:29:58.5498094Z test cached_proposal_keeps_historical_actor_after_relogin_on_another_registered_terminal ... ok
Rust	Test Rust workspace	2026-09-24T22:29:59.2224463Z test absence_is_reported_only_after_current_terminal_and_release_role_authentication ... ok
Rust	Test Rust workspace	2026-09-24T22:29:59.2846223Z test proposal_response_matches_the_original_request_and_actor_even_when_diagnostic_blockers_change ... ok
Rust	Test Rust workspace	2026-09-24T22:29:59.7206711Z test recovery_requests_reject_extra_authority_material_and_reuse_csrf_policy ... ok
Rust	Test Rust workspace	2026-09-24T22:29:59.8657264Z test recovery_discovery_requires_current_role_bounds_and_forwards_the_exact_cursor ... ok
Rust	Test Rust workspace	2026-09-24T22:30:00.2785490Z test writer_results_keep_their_existing_codes_and_transport_errors_are_sanitized ... ok
Rust	Test Rust workspace	2026-09-24T22:30:00.2786063Z 
Rust	Test Rust workspace	2026-09-24T22:30:00.2786276Z test result: ok. 8 passed; 0 failed; 0 ignored; 0 measured; 0 filtered out; finished in 4.20s
Rust	Test Rust workspace	2026-09-24T22:30:00.2786550Z 
Rust	Test Rust workspace	2026-09-24T22:30:00.2830627Z ^[[1m^[[92m     Running^[[0m tests/http.rs (target/debug/deps/http-c2f87f952d8b48d6)
Rust	Test Rust workspace	2026-09-24T22:30:00.2852339Z 
Rust	Test Rust workspace	2026-09-24T22:30:00.2852447Z running 22 tests
Rust	Test Rust workspace	2026-09-24T22:30:02.4355142Z test canonical_cell_inspection_uses_current_human_scope_and_frozen_json ... ok
Rust	Test Rust workspace	2026-09-24T22:30:02.9307153Z test binding_http_produces_a_matched_compile_input_without_cell_activation ... ok
Rust	Test Rust workspace	2026-09-24T22:30:03.2267235Z test case_acknowledgment_records_reading_without_changing_containment_or_scope ... ok
Rust	Test Rust workspace	2026-09-24T22:30:03.2301867Z test actual_tcp_listener_uses_verified_socket_origin_and_real_writer ... ok
Rust	Test Rust workspace	2026-09-24T22:30:03.3365107Z test cell_wire_projection_rejects_missing_legacy_metadata_and_impossible_creation_revision ... ok
Rust	Test Rust workspace	2026-09-24T22:30:03.3394825Z test export_operator_package_fixture ... ignored, browser package harness requests isolated fixture files; no production keys
Rust	Test Rust workspace	2026-09-24T22:30:04.6664954Z test expired_session_and_stopped_writer_never_return_cached_success ... ok
Rust	Test Rust workspace	2026-09-24T22:30:05.0582987Z test invalid_service_inventory_is_not_partially_configured_and_empty_inventory_is_explicit ... ok
Rust	Test Rust workspace	2026-09-24T22:30:05.2065035Z test checkpoint_wire_and_exact_artifact_are_scoped_to_current_user_access ... ok
Rust	Test Rust workspace	2026-09-24T22:30:05.9826243Z test close_http_requires_current_lead_cohort_evidence_and_real_clearance ... ok
Rust	Test Rust workspace	2026-09-24T22:30:06.3926050Z test mutations_are_durable_idempotent_and_terminal_bypass_is_rejected ... ok
Rust	Test Rust workspace	2026-09-24T22:30:06.3955212Z test process_review_real_compiler_report_crosses_http_and_approval_rechecks_store ... ignored, tools/test_process_review_e2e.sh supplies the separately built S verifier
Rust	Test Rust workspace	2026-09-24T22:30:08.1616279Z test package_intake_http_verifies_real_files_scopes_receipts_and_does_not_activate ... ok
Rust	Test Rust workspace	2026-09-24T22:30:08.8663538Z test operator_start_http::operator_start_context_requires_scope_and_does_not_promote_a_session_without_terminal ... ok
Rust	Test Rust workspace	2026-09-24T22:30:08.8738047Z test process_draft_http_preserves_versions_and_blocks_non_engineer_or_cross_cell_writes ... ok
Rust	Test Rust workspace	2026-09-24T22:30:09.9555930Z test runtime_restriction_selection_is_scoped_read_only_and_keeps_missing_origins_null ... ok
Rust	Test Rust workspace	2026-09-24T22:30:09.9584747Z test sign_operator_review_fixture ... ignored, test-only signing for browser-generated process review requests
Rust	Test Rust workspace	2026-09-24T22:30:10.2865035Z test scoped_snapshot_login_logout_and_current_revocation ... ok
Rust	Test Rust workspace	2026-09-24T22:30:10.4859714Z test service_diagnostics_expire_without_rejuvenating_worker_activity_and_reject_old_owners ... ok
Rust	Test Rust workspace	2026-09-24T22:30:11.4391801Z test stale_external_procedure_report_returns_its_durable_fact_ids ... ok
Rust	Test Rust workspace	2026-09-24T22:30:11.6126388Z test service_diagnostics_are_scope_filtered_and_new_runtime_cannot_reuse_a_previous_owner ... ok
Rust	Test Rust workspace	2026-09-24T22:30:12.6850949Z test strict_ingress_and_credentials_never_create_authority_from_headers ... ok
Rust	Test Rust workspace	2026-09-24T22:30:12.6851715Z 
Rust	Test Rust workspace	2026-09-24T22:30:12.6852043Z test result: ok. 19 passed; 0 failed; 3 ignored; 0 measured; 0 filtered out; finished in 12.40s
Rust	Test Rust workspace	2026-09-24T22:30:12.6852443Z 
Rust	Test Rust workspace	2026-09-24T22:30:12.6910552Z ^[[1m^[[92m     Running^[[0m tests/terminal_https.rs (target/debug/deps/terminal_https-11e0178f22508978)
Rust	Test Rust workspace	2026-09-24T22:30:12.6931389Z 
Rust	Test Rust workspace	2026-09-24T22:30:12.6931515Z running 5 tests
Rust	Test Rust workspace	2026-09-24T22:30:14.4508605Z test authenticated_terminal_cannot_bypass_qualification_or_current_user_role ... ok
Rust	Test Rust workspace	2026-09-24T22:30:14.5045840Z test terminal_bound_operator_can_prepare_start_but_revocation_blocks_cached_requests ... ok
Rust	Test Rust workspace	2026-09-24T22:30:14.5265701Z test operator_start_https::terminal_https_start_context_and_attempt_reads_preserve_real_start_and_identity_checks ... ok
Rust	Test Rust workspace	2026-09-24T22:30:14.9147173Z test operator_bundle_uses_direct_mtls_and_never_masks_api_or_missing_assets ... ok
Rust	Test Rust workspace	2026-09-24T22:30:16.8436819Z test tls_certificate_and_registry_are_both_required_and_cookie_is_bound_to_terminal ... ok
Rust	Test Rust workspace	2026-09-24T22:30:16.8437262Z 
Rust	Test Rust workspace	2026-09-24T22:30:16.8437565Z test result: ok. 5 passed; 0 failed; 0 ignored; 0 measured; 0 filtered out; finished in 4.15s
Rust	Test Rust workspace	2026-09-24T22:30:16.8437977Z 
Rust	Test Rust workspace	2026-09-24T22:30:16.8480669Z ^[[1m^[[92m     Running^[[0m unittests src/lib.rs (target/debug/deps/rx_application-a31abba73750f555)
Rust	Test Rust workspace	2026-09-24T22:30:16.8493152Z 
Rust	Test Rust workspace	2026-09-24T22:30:16.8493279Z running 3 tests
Rust	Test Rust workspace	2026-09-24T22:30:16.8497796Z test engine::admission::tests::current_source_identity_and_uncertainty_contract_apply_to_stored_facts ... ok
Rust	Test Rust workspace	2026-09-24T22:30:16.9511244Z test engine::run_configuration::tests::legacy_configuration_is_inferred_only_before_replacement_and_bound_history_never_drifts ... ok
Rust	Test Rust workspace	2026-09-24T22:30:16.9533551Z test checkpoint_artifact::tests::rejects_a_valid_older_artifact_substituted_into_a_newer_run_view ... ok
Rust	Test Rust workspace	2026-09-24T22:30:16.9534219Z 
Rust	Test Rust workspace	2026-09-24T22:30:16.9534497Z test result: ok. 3 passed; 0 failed; 0 ignored; 0 measured; 0 filtered out; finished in 0.10s
Rust	Test Rust workspace	2026-09-24T22:30:16.9534894Z 
Rust	Test Rust workspace	2026-09-24T22:30:16.9538081Z ^[[1m^[[92m     Running^[[0m tests/transactions.rs (target/debug/deps/transactions-8e058860d2a122a4)
Rust	Test Rust workspace	2026-09-24T22:30:16.9555560Z 
Rust	Test Rust workspace	2026-09-24T22:30:16.9555778Z running 240 tests
Rust	Test Rust workspace	2026-09-24T22:30:17.0700965Z test activation_visits_are_unique_for_the_whole_run_across_parts ... ok
Rust	Test Rust workspace	2026-09-24T22:30:17.0786831Z test an_entered_send_with_no_remote_receipt_remains_unknown_and_is_not_reissued ... ok
Rust	Test Rust workspace	2026-09-24T22:30:17.2237924Z test admission_receipt_is_anchored_to_the_original_control_record_and_survives_later_changes ... ok
Rust	Test Rust workspace	2026-09-24T22:30:17.2452210Z test a_new_contradictory_native_result_preserves_historical_outcome ... ok
Rust	Test Rust workspace	2026-09-24T22:30:17.2826734Z test assignment_tests::assignment_contract_rejects_false_cardinality_duplicate_witness_and_changed_cut ... ok
Rust	Test Rust workspace	2026-09-24T22:30:17.3233615Z test assignment_tests::ambiguous_discovery_does_not_revoke_an_already_bound_independent_run ... ok
Rust	Test Rust workspace	2026-09-24T22:30:17.3257522Z test assignment_tests::assignment_read_discovers_arming_and_ambiguity_without_creating_or_selecting_work ... ok
Rust	Test Rust workspace	2026-09-24T22:30:17.3284369Z test assignment_tests::assignment_read_requires_current_role_cell_and_configured_executor ... ok
Rust	Test Rust workspace	2026-09-24T22:30:17.4579236Z test assignment_tests::assignment_read_keeps_recovery_work_visible_after_its_previous_owner_is_revoked ... ok
Rust	Test Rust workspace	2026-09-24T22:30:17.4850373Z test binding_receipt_recovery_still_requires_current_engineer_role ... ok
Rust	Test Rust workspace	2026-09-24T22:30:17.5022372Z test binding_catalog_change_survives_runtime_restart_and_cannot_be_exported_as_current ... ok
Rust	Test Rust workspace	2026-09-24T22:30:17.5036253Z test binding_history_is_not_rebound_by_source_changes_and_title_only_changes_keep_the_same_content ... ok
Rust	Test Rust workspace	2026-09-24T22:30:17.5362003Z test cell_operating_context_rejects_competing_active_purposes ... ok
Rust	Test Rust workspace	2026-09-24T22:30:17.9785882Z test changed_intent_under_same_key_is_a_conflict ... ok
Rust	Test Rust workspace	2026-09-24T22:30:18.0234996Z test checkpoint_artifact_and_run_projection_commit_with_slot_or_roll_back_together ... ok
Rust	Test Rust workspace	2026-09-24T22:30:18.0235627Z test checkpoint_artifact_requires_current_run_scope_and_exact_owned_reference ... ok
Rust	Test Rust workspace	2026-09-24T22:30:18.2616660Z test changing_evidence_journal_does_not_silently_reset_sequence_history ... ok
Rust	Test Rust workspace	2026-09-24T22:30:18.7465611Z test checkpoint_preparation_loss_and_expiry_never_advance_the_run ... ok
Rust	Test Rust workspace	2026-09-24T22:30:18.7602758Z test checkpoint_commit_rejects_changed_mapping_artifact_and_stale_condition ... ok
Rust	Test Rust workspace	2026-09-24T22:30:18.9808149Z test checkpoint_proposal_is_not_an_applied_decision_and_commit_response_survives_loss ... ok
Rust	Test Rust workspace	2026-09-24T22:30:18.9944201Z test checkpoint_successor_preserves_an_existing_child_slot_from_another_visit ... ok
Rust	Test Rust workspace	2026-09-24T22:30:19.1605173Z test checkpoint_wait_uses_p_time_and_success_cannot_be_committed_after_deadline ... ok
Rust	Test Rust workspace	2026-09-24T22:30:19.2385208Z test closed_case_duplicate_reports_never_replay_but_new_physical_reports_reopen_containment ... ok
Rust	Test Rust workspace	2026-09-24T22:30:19.8794488Z test configuration_dispatch_tests::configuration_apply_rejects_expired_host_read_even_with_a_fresh_release_session ... ok
Rust	Test Rust workspace	2026-09-24T22:30:19.8798596Z test configuration_dispatch_tests::configuration_apply_cannot_use_partial_host_results_or_revoked_terminal ... ok
Rust	Test Rust workspace	2026-09-24T22:30:20.3886518Z test configuration_dispatch_tests::configuration_apply_keeps_completed_process_artifacts_and_new_runs_bind_new_configuration ... ok
Rust	Test Rust workspace	2026-09-24T22:30:20.4609674Z test configuration_dispatch_tests::configuration_apply_requires_volatile_fresh_observations_at_both_prepare_and_commit ... ok
Rust	Test Rust workspace	2026-09-24T22:30:20.5088971Z test configuration_dispatch_tests::configuration_apply_is_atomic_and_lost_reply_recovers_selection_epoch_and_history ... ok
Rust	Test Rust workspace	2026-09-24T22:30:20.8255341Z test configuration_dispatch_tests::configuration_dispatch_conflicting_receipt_never_overwrites_first_fact ... ok
Rust	Test Rust workspace	2026-09-24T22:30:20.9445611Z test configuration_dispatch_tests::configuration_dispatch_new_preparation_cannot_bypass_older_unknown_send ... ok
Rust	Test Rust workspace	2026-09-24T22:30:21.1165282Z test configuration_dispatch_tests::configuration_dispatch_partial_host_confirmation_is_mixed_without_platform_swap ... ok
Rust	Test Rust workspace	2026-09-24T22:30:21.4815134Z test configuration_dispatch_tests::configuration_dispatch_receipt_survives_transport_failure_and_disappearance_latches_dispute ... ok
Rust	Test Rust workspace	2026-09-24T22:30:21.6674895Z test configuration_dispatch_tests::configuration_dispatch_revoked_sender_blocks_resend_but_late_fact_is_retained ... ok
Rust	Test Rust workspace	2026-09-24T22:30:22.6872779Z test configuration_dispatch_tests::configuration_dispatch_requires_fences_terminal_and_retains_one_task_after_commit_loss ... ok
Rust	Test Rust workspace	2026-09-24T22:30:22.8961285Z test configuration_dispatch_tests::configuration_dispatch_changed_snapshot_cannot_authorize_missing_receipt_retry ... ok
Rust	Test Rust workspace	2026-09-24T22:30:27.2916410Z test configuration_dispatch_tests::host_recovery_tests::recovery_commit_reply_retry_cannot_hide_a_new_source_generation_after_historical_success ... ok
Rust	Test Rust workspace	2026-09-24T22:30:27.3143292Z test configuration_dispatch_tests::host_recovery_tests::recovery_adopts_current_original_outbox_and_commits_marker_and_exact_ack_atomically ... ok
Rust	Test Rust workspace	2026-09-24T22:30:27.4445387Z test configuration_dispatch_tests::configuration_dispatch_send_entry_is_durable_and_missing_retry_uses_exact_request ... ok
Rust	Test Rust workspace	2026-09-24T22:30:27.4992192Z test configuration_dispatch_tests::host_recovery_tests::recovery_external_payload_cannot_inject_transport_observations_or_operating_actions ... ok
Rust	Test Rust workspace	2026-09-24T22:30:27.5564294Z test configuration_dispatch_tests::host_recovery_tests::recovery_ambiguous_current_fences_and_page_overflow_never_select_a_partial_candidate_set ... ok
Rust	Test Rust workspace	2026-09-24T22:30:27.8428838Z test configuration_dispatch_tests::host_recovery_tests::recovery_history_is_discoverable_in_bounded_host_pages_without_partial_cell_access ... ok
Rust	Test Rust workspace	2026-09-24T22:30:27.9685760Z test configuration_dispatch_tests::host_recovery_tests::recovery_initial_unapplied_and_normal_renewal_preserve_dynamic_authority_while_restoring_real_false_fact ... ok
Rust	Test Rust workspace	2026-09-24T22:30:28.0034711Z test configuration_dispatch_tests::host_recovery_tests::recovery_late_ack_survives_all_cell_cas_loss_and_never_changes_registration ... ok
Rust	Test Rust workspace	2026-09-24T22:30:28.0897733Z test configuration_dispatch_tests::host_recovery_tests::recovery_known_unknown_allows_original_lookup_and_receipt_only_without_new_authorize_or_release ... ok
Rust	Test Rust workspace	2026-09-24T22:30:28.4791304Z test configuration_dispatch_tests::host_recovery_tests::recovery_missing_baseline_or_changed_identity_never_autogenerates_continuity ... ok
Rust	Test Rust workspace	2026-09-24T22:30:28.6277174Z test configuration_dispatch_tests::host_recovery_tests::recovery_permanent_void_without_invocation_preserves_known_prepare_identity_and_records_only_not_executed ... ok
Rust	Test Rust workspace	2026-09-24T22:30:28.6715448Z test configuration_dispatch_tests::host_recovery_tests::recovery_proposal_reply_is_recovered_without_fresh_host_data_and_still_checks_key_and_actor ... ok
Rust	Test Rust workspace	2026-09-24T22:30:28.7051498Z test configuration_dispatch_tests::host_recovery_tests::recovery_lost_commits_keep_original_proposal_fence_and_ack_without_replaying_authority ... ok
Rust	Test Rust workspace	2026-09-24T22:30:28.8039880Z test configuration_dispatch_tests::host_recovery_tests::recovery_shared_host_requires_terminal_rights_for_every_affected_cell ... ok
Rust	Test Rust workspace	2026-09-24T22:30:28.8629705Z test configuration_dispatch_tests::host_recovery_tests::recovery_sender_reapproval_keeps_original_fence_and_old_runtime_cannot_resume ... ok
Rust	Test Rust workspace	2026-09-24T22:30:28.9056447Z test configuration_dispatch_tests::host_recovery_tests::recovery_normal_apply_after_initial_none_uses_current_application_proof_instead_of_initial_configuration ... ok
Rust	Test Rust workspace	2026-09-24T22:30:28.9633830Z test configuration_dispatch_tests::host_recovery_tests::recovery_stored_actor_roundtrip_retains_identifiers_without_restoring_session_authority ... ok
Rust	Test Rust workspace	2026-09-24T22:30:29.7289687Z test configuration_dispatch_tests::process_revalidation_tests::current_revalidation_proposal_commit_loss_is_atomic_and_recoverable ... ok
Rust	Test Rust workspace	2026-09-24T22:30:30.0229122Z test configuration_dispatch_tests::process_revalidation_tests::current_revalidation_keeps_review_fence_host_ack_and_unqualified_apply_gates_and_reuses_applied_root ... ok
Rust	Test Rust workspace	2026-09-24T22:30:30.0564397Z test configuration_dispatch_tests::process_revalidation_tests::replace_default_preserves_legacy_request_change_shape_and_plan_digest ... ok
Rust	Test Rust workspace	2026-09-24T22:30:30.1961545Z test configuration_dispatch_tests::process_revalidation_tests::current_revalidation_requires_explicit_mode_exact_target_and_existing_compiled_process ... ok
Rust	Test Rust workspace	2026-09-24T22:30:30.4886406Z test configuration_dispatch_tests::host_recovery_tests::recovery_source_clock_configuration_and_unknown_pending_changes_cannot_be_promoted ... ok
Rust	Test Rust workspace	2026-09-24T22:30:31.3940600Z test configuration_dispatch_tests::requalification_tests::qualification_activation_tests::qualification_activation_rechecks_context_after_off_writer_verification ... ok
Rust	Test Rust workspace	2026-09-24T22:30:31.5880382Z test configuration_dispatch_tests::requalification_tests::qualification_activation_tests::qualification_disappearing_receipt_suspends_active_cohort_without_overwriting_fact ... ok
Rust	Test Rust workspace	2026-09-24T22:30:32.7416997Z test configuration_dispatch_tests::requalification_tests::qualification_activation_tests::qualification_legacy_policy_can_be_reviewed_but_cannot_issue_execution_purposes ... ok
Rust	Test Rust workspace	2026-09-24T22:30:32.7552225Z test configuration_dispatch_tests::requalification_tests::qualification_activation_tests::qualification_issuance_is_atomic_and_request_loss_preserves_ids_and_clear_plan ... ok
Rust	Test Rust workspace	2026-09-24T22:30:32.9128528Z test configuration_dispatch_tests::requalification_tests::qualification_activation_tests::qualification_never_clears_a_manual_hold_without_owned_provenance ... ok
Rust	Test Rust workspace	2026-09-24T22:30:32.9243764Z test configuration_dispatch_tests::requalification_tests::qualification_activation_tests::qualification_activation_is_atomic_clears_only_owned_blocks_and_requires_separate_start ... ok
Rust	Test Rust workspace	2026-09-24T22:30:33.7856465Z test configuration_dispatch_tests::requalification_tests::qualification_activation_tests::qualification_new_session_reauthorizes_same_pending_request_without_new_ids ... ok
Rust	Test Rust workspace	2026-09-24T22:30:33.9335693Z test configuration_dispatch_tests::requalification_tests::qualification_activation_tests::qualification_policy_replacement_revokes_active_grade_but_preserves_history ... ok
Rust	Test Rust workspace	2026-09-24T22:30:33.9459519Z test configuration_dispatch_tests::requalification_tests::qualification_activation_tests::qualification_permits_only_the_reviewed_operating_purposes ... ok
Rust	Test Rust workspace	2026-09-24T22:30:34.1465458Z test configuration_dispatch_tests::requalification_tests::qualification_activation_tests::qualification_partial_host_receipts_never_activate_the_cell ... ok
Rust	Test Rust workspace	2026-09-24T22:30:34.7385040Z test configuration_dispatch_tests::requalification_tests::qualification_activation_tests::runtime_requalification_tests::a_later_review_without_selection_cannot_reuse_an_earlier_runtime_adoption ... ok
Rust	Test Rust workspace	2026-09-24T22:30:34.8182577Z test configuration_dispatch_tests::requalification_tests::qualification_activation_tests::qualification_restart_retires_active_authority_and_preserves_completed_batch ... ok
Rust	Test Rust workspace	2026-09-24T22:30:34.8585413Z test configuration_dispatch_tests::requalification_tests::qualification_activation_tests::qualification_send_journal_does_not_infer_rejection_from_missing_reply ... ok
Rust	Test Rust workspace	2026-09-24T22:30:35.8145819Z test configuration_dispatch_tests::requalification_tests::qualification_activation_tests::runtime_requalification_tests::activated_root_after_restart_keeps_exact_origin_owner_and_can_begin_explicit_revalidation ... ok
Rust	Test Rust workspace	2026-09-24T22:30:35.9067621Z test configuration_dispatch_tests::requalification_tests::qualification_activation_tests::runtime_requalification_tests::initial_runtime_restriction_is_signed_into_requalification_and_cleared_only_at_activation ... ok
Rust	Test Rust workspace	2026-09-24T22:30:35.9070705Z test configuration_dispatch_tests::requalification_tests::qualification_activation_tests::runtime_requalification_tests::a_new_shared_cell_invalidates_pending_and_active_requalification_without_changing_the_original_cell ... ok
Rust	Test Rust workspace	2026-09-24T22:30:36.2455866Z test configuration_dispatch_tests::requalification_tests::qualification_activation_tests::runtime_requalification_tests::restriction_binding_is_atomic_and_missing_or_wrong_origins_never_generate_authority ... ok
Rust	Test Rust workspace	2026-09-24T22:30:36.5370110Z test configuration_dispatch_tests::requalification_tests::qualification_activation_tests::runtime_requalification_tests::review_without_explicit_runtime_restriction_cannot_issue_a_clear_for_it ... ok
Rust	Test Rust workspace	2026-09-24T22:30:36.6724297Z test configuration_dispatch_tests::requalification_tests::requalification_approval_requires_fences_and_independent_reviewer_and_fresh_context ... ok
Rust	Test Rust workspace	2026-09-24T22:30:36.7145379Z test configuration_dispatch_tests::requalification_tests::requalification_approval_is_idempotent_and_new_report_invalidates_its_scope ... ok
Rust	Test Rust workspace	2026-09-24T22:30:37.3631179Z test configuration_dispatch_tests::requalification_tests::requalification_not_run_is_preserved_and_cannot_be_approved ... ok
Rust	Test Rust workspace	2026-09-24T22:30:37.3858596Z test configuration_dispatch_tests::requalification_tests::requalification_rejects_missing_forged_or_wrong_environment_evidence ... ok
Rust	Test Rust workspace	2026-09-24T22:30:37.4395831Z test configuration_dispatch_tests::requalification_tests::requalification_begin_is_atomic_and_same_key_preserves_fences ... ok
Rust	Test Rust workspace	2026-09-24T22:30:37.4480699Z test confirmed_new_cell_fence_advances_registration_and_allows_only_original_grant_renewal ... ok
Rust	Test Rust workspace	2026-09-24T22:30:37.5199355Z test conflicting_observation_is_committed_as_invalidation_even_though_api_rejects_it ... ok
Rust	Test Rust workspace	2026-09-24T22:30:37.5562515Z test current_engineer_role_is_required_even_when_recovering_an_existing_draft_receipt ... ok
Rust	Test Rust workspace	2026-09-24T22:30:37.6007764Z test control_journal_is_atomic_and_audit_sessions_do_not_advance_its_cursor ... ok
Rust	Test Rust workspace	2026-09-24T22:30:37.9115499Z test device_binding_tests::approved_action_produces_exact_nonexecuting_candidate_and_independent_impact_review ... ok
Rust	Test Rust workspace	2026-09-24T22:30:38.2435630Z test configuration_dispatch_tests::requalification_tests::requalification_large_evidence_is_chunked_atomically_and_restored_exactly ... ok
Rust	Test Rust workspace	2026-09-24T22:30:38.2746155Z test device_binding_tests::missing_mandatory_conditions_and_malformed_conditions_never_get_default_success ... ok
Rust	Test Rust workspace	2026-09-24T22:30:38.7435560Z test configuration_dispatch_tests::requalification_tests::requalification_report_commit_loss_recovers_original_bytes_and_never_qualifies ... ok
Rust	Test Rust workspace	2026-09-24T22:30:38.7467303Z test device_binding_tests::device_plan_authoring_exports_exact_provenance_without_changing_active_steps ... ok
Rust	Test Rust workspace	2026-09-24T22:30:38.7887247Z test device_binding_tests::new_shared_cell_or_new_report_invalidates_impact_review ... ok
Rust	Test Rust workspace	2026-09-24T22:30:38.9937361Z test device_binding_tests::proposal_and_impact_review_recover_original_records_after_commit_faults ... ok
Rust	Test Rust workspace	2026-09-24T22:30:39.1533918Z test device_binding_tests::prospective_resources_expand_impact_and_uncovered_cell_scope_rejects_commit ... ok
Rust	Test Rust workspace	2026-09-24T22:30:39.1558372Z test device_catalog_tests::device_catalog_intake_is_atomic_preserves_source_and_never_changes_active_configuration ... ok
Rust	Test Rust workspace	2026-09-24T22:30:39.3935535Z test device_catalog_tests::old_packages_without_catalog_remain_readable_without_claiming_device_validation ... ok
Rust	Test Rust workspace	2026-09-24T22:30:39.4213084Z test device_binding_tests::stale_or_incomplete_device_plans_do_not_export_or_silently_fall_back ... ok
Rust	Test Rust workspace	2026-09-24T22:30:39.4735806Z test device_generation_change_is_preserved_and_does_not_disappear_on_rejection ... ok
Rust	Test Rust workspace	2026-09-24T22:30:39.5477051Z test device_provenance_cannot_pass_the_legacy_process_review_even_when_actions_match ... ok
Rust	Test Rust workspace	2026-09-24T22:30:39.5479975Z test device_catalog_tests::installation_environment_and_expired_tickets_do_not_commit_a_catalog ... ok
Rust	Test Rust workspace	2026-09-24T22:30:39.6255267Z test device_review_tests::failed_checks_are_recorded_but_not_approved_and_rejection_survives_policy_revocation ... ok
Rust	Test Rust workspace	2026-09-24T22:30:39.8153731Z test device_review_tests::independent_device_approval_requires_exact_latest_report_and_leaves_cell_unchanged ... ok
Rust	Test Rust workspace	2026-09-24T22:30:39.8336908Z test device_catalog_tests::signed_catalog_mismatches_cannot_enter_the_writer_as_valid_declarations ... ok
Rust	Test Rust workspace	2026-09-24T22:30:39.9942387Z test device_review_tests::list_returns_bounded_summaries_instead_of_copying_large_reports ... ok
Rust	Test Rust workspace	2026-09-24T22:30:40.0640219Z test device_review_tests::signature_validator_request_and_catalog_mismatch_cannot_be_recorded_as_verified ... ok
Rust	Test Rust workspace	2026-09-24T22:30:40.0689787Z test device_review_tests::fresh_proof_loses_applicability_when_authority_or_report_changes_before_commit ... ok
Rust	Test Rust workspace	2026-09-24T22:30:40.1092942Z test diagnostic_case_keeps_epoch_and_mandate_but_blocks_new_admission ... ok
Rust	Test Rust workspace	2026-09-24T22:30:40.1807138Z test draft_binding_selection_requires_current_source_catalog_and_real_registered_step ... ok
Rust	Test Rust workspace	2026-09-24T22:30:40.2214289Z test draft_binding_commit_loss_and_input_conflict_preserve_one_resolved_snapshot ... ok
Rust	Test Rust workspace	2026-09-24T22:30:40.2284582Z test draft_history_keeps_incomplete_sources_and_concurrent_updates_do_not_overwrite_them ... ok
Rust	Test Rust workspace	2026-09-24T22:30:40.2449562Z test direct_state_puts_during_hold_are_captured_at_one_final_transaction_cut ... ok
Rust	Test Rust workspace	2026-09-24T22:30:40.3875281Z test device_review_tests::report_and_decision_commit_faults_recover_one_original_version_and_decision ... ok
Rust	Test Rust workspace	2026-09-24T22:30:40.3965057Z test draft_saves_are_atomic_recoverable_and_never_change_the_installed_cell ... ok
Rust	Test Rust workspace	2026-09-24T22:30:40.4294605Z test early_native_evidence_is_reapplied_when_the_receipt_establishes_correlation ... ok
Rust	Test Rust workspace	2026-09-24T22:30:40.5805059Z test evidence_gap_is_not_skipped_and_conflicting_sequence_is_quarantined ... ok
Rust	Test Rust workspace	2026-09-24T22:30:40.9709823Z test false_handover_facts_are_retained_and_identity_conflicts_block_release ... ok
Rust	Test Rust workspace	2026-09-24T22:30:40.9995148Z test executor_part_and_activation_mutations_preserve_full_request_identity_and_atomic_results ... ok
Rust	Test Rust workspace	2026-09-24T22:30:41.0417229Z test executor_reconnect_is_idempotent_but_changed_incarnation_revokes_authority ... ok
Rust	Test Rust workspace	2026-09-24T22:30:41.2636700Z test executor_submit_checks_the_whole_envelope_and_recovers_an_immutable_receipt_after_t1_loss ... ok
Rust	Test Rust workspace	2026-09-24T22:30:41.2788298Z test handover_release_is_atomic_and_duplicate_proof_does_not_release_another_owner ... ok
Rust	Test Rust workspace	2026-09-24T22:30:41.2970593Z test hold_proves_unsent_work_not_executed_without_releasing_resource ... ok
Rust	Test Rust workspace	2026-09-24T22:30:41.5220936Z test host_binding_baseline_tests::baseline_bound_cut_uses_fence_while_pre_fence_config_and_read_keep_their_lower_epoch ... ok
Rust	Test Rust workspace	2026-09-24T22:30:41.7452673Z test host_binding_baseline_tests::commit_body_and_reusable_transport_pin_changes_cannot_replace_the_original_baseline ... ok
Rust	Test Rust workspace	2026-09-24T22:30:41.7453789Z test host_binding_baseline_tests::baseline_and_bound_transition_are_atomic_across_rollback_and_commit_response_loss ... ok
Rust	Test Rust workspace	2026-09-24T22:30:41.7476343Z test hold_propagates_to_shared_resources_and_preserves_independent_cells ... ok
Rust	Test Rust workspace	2026-09-24T22:30:41.7486651Z test host_binding_baseline_tests::exact_initial_applied_context_is_preserved_without_claiming_activation ... ok
Rust	Test Rust workspace	2026-09-24T22:30:41.8115444Z test host_binding_baseline_tests::legacy_none_and_already_bound_missing_baseline_never_backfill_on_later_provenance ... ok
Rust	Test Rust workspace	2026-09-24T22:30:41.9732030Z test host_binding_baseline_tests::historical_baseline_survives_renewal_and_later_registration_epoch_changes ... ok
Rust	Test Rust workspace	2026-09-24T22:30:42.0519213Z test host_binding_baseline_tests::missing_primary_baseline_is_integrity_when_pinned_bound_history_survives ... ok
Rust	Test Rust workspace	2026-09-24T22:30:42.0880515Z test host_binding_baseline_tests::missing_or_tampered_original_objects_and_reference_metadata_fail_historical_read ... ok
Rust	Test Rust workspace	2026-09-24T22:30:42.0917399Z test host_binding_baseline_tests::uri_pin_accepts_only_public_https_origin_without_credentials_or_request_data ... ok
Rust	Test Rust workspace	2026-09-24T22:30:42.1534936Z test host_binding_baseline_tests::known_pinned_plan_cannot_downgrade_to_none_even_after_its_expiry ... ok
Rust	Test Rust workspace	2026-09-24T22:30:42.1726803Z test host_binding_baseline_tests::only_new_normal_commit_creates_exact_immutable_baseline_and_initial_applied_none_is_valid ... ok
Rust	Test Rust workspace	2026-09-24T22:30:42.2507326Z test host_bootstrap_plan_and_registration_are_durable_and_do_not_fabricate_readiness ... ok
Rust	Test Rust workspace	2026-09-24T22:30:42.2808267Z test host_bootstrap_never_reuses_a_changed_delivery_journal_in_the_same_boot ... ok
Rust	Test Rust workspace	2026-09-24T22:30:42.4464785Z test late_prepared_receipt_after_pause_does_not_create_an_authorization ... ok
Rust	Test Rust workspace	2026-09-24T22:30:42.4512113Z test host_bootstrap_rejects_wrong_incarnation_missing_sources_and_changed_context ... ok
Rust	Test Rust workspace	2026-09-24T22:30:42.4932520Z test host_binding_baseline_tests::mismatched_actual_configuration_read_scope_and_time_never_prepare_a_baseline_plan ... ok
Rust	Test Rust workspace	2026-09-24T22:30:42.5433524Z test maintained_condition_recovery_does_not_revive_an_old_mandate ... ok
Rust	Test Rust workspace	2026-09-24T22:30:42.5858954Z test maintained_watchdog_revokes_expired_facts_without_fabricating_a_negative_sample ... ok
Rust	Test Rust workspace	2026-09-24T22:30:42.6707670Z test live_execution_snapshot_preserves_the_cut_and_does_not_reuse_aged_maintained_conditions ... ok
Rust	Test Rust workspace	2026-09-24T22:30:42.6751278Z test host_read_ingestion_checks_context_and_preserves_the_native_source_fields ... ok
Rust	Test Rust workspace	2026-09-24T22:30:42.6859110Z test native_metadata_changes_conflict_and_ack_cursor_is_part_of_t2_commit ... ok
Rust	Test Rust workspace	2026-09-24T22:30:42.7363423Z test native_outcomes_tests::native_outcome_table_rejects_ambiguous_unbound_and_nonterminal_policy ... ok
Rust	Test Rust workspace	2026-09-24T22:30:42.8953895Z test native_receipt_capture_does_not_stand_in_for_completion_policy ... ok
Rust	Test Rust workspace	2026-09-24T22:30:42.9855165Z test native_outcomes_tests::native_outcome_atomic_ack_loss_and_late_contradiction_preserve_first_conclusion ... ok
Rust	Test Rust workspace	2026-09-24T22:30:43.3185338Z test native_outcomes_tests::native_outcome_postconditions_require_current_evidence_and_no_hold ... ok
Rust	Test Rust workspace	2026-09-24T22:30:43.8072905Z test non_operating_close_preparation_lost_reply_and_rollback_do_not_duplicate_clearances ... ok
Rust	Test Rust workspace	2026-09-24T22:30:43.8538885Z test non_operating_close_does_not_accept_missing_people_proof_or_invented_evidence ... ok
Rust	Test Rust workspace	2026-09-24T22:30:43.9320282Z test non_operating_close_is_atomic_idempotent_and_retains_other_case_restrictions ... ok
Rust	Test Rust workspace	2026-09-24T22:30:44.0945390Z test native_outcomes_tests::native_outcome_pairs_separate_terminal_meanings_and_leave_unknown_unsettled ... ok
Rust	Test Rust workspace	2026-09-24T22:30:44.1299396Z test observation_batch_evaluates_the_complete_cut_and_recovers_commit_reply_loss ... ok
Rust	Test Rust workspace	2026-09-24T22:30:44.1626088Z test non_operating_close_preserves_unknown_effect_and_does_not_release_resources ... ok
Rust	Test Rust workspace	2026-09-24T22:30:44.1727248Z test observation_batch_rejects_bad_last_source_before_writing_any_fact ... ok
Rust	Test Rust workspace	2026-09-24T22:30:44.1914362Z test observation_batch_keeps_conflict_evidence_and_other_source_truth_without_repeated_revocation ... ok
Rust	Test Rust workspace	2026-09-24T22:30:44.3982878Z test operator_diagnostic_browser_fixtures_are_real_unqualified_read_models ... ok
Rust	Test Rust workspace	2026-09-24T22:30:44.4638205Z test observation_generation_loss_is_latched_once_and_does_not_adopt_the_new_source ... ok
Rust	Test Rust workspace	2026-09-24T22:30:44.5295448Z test operator_diagnostics_share_the_condition_evaluator_and_do_not_change_authority ... ok
Rust	Test Rust workspace	2026-09-24T22:30:44.5493960Z test operator_diagnostics_distinguish_missing_generation_and_expression_mismatch ... ok
Rust	Test Rust workspace	2026-09-24T22:30:44.5650163Z test one_physical_resource_is_reserved_across_cells_not_per_cell_alias ... ok
Rust	Test Rust workspace	2026-09-24T22:30:44.6047806Z test operator_start_tests::a_valid_operator_without_terminal_gets_a_blocked_candidate_and_scope_stays_private ... ok
Rust	Test Rust workspace	2026-09-24T22:30:44.6209787Z test operator_service_reconnect_cannot_start_work_or_replace_executor_authority ... ok
Rust	Test Rust workspace	2026-09-24T22:30:44.7360316Z test operator_start_tests::lost_start_response_uses_the_original_attempt_and_deadline_read_does_not_mutate_status ... ok
Rust	Test Rust workspace	2026-09-24T22:30:44.7386598Z test operator_start_tests::context_is_read_only_and_the_exact_candidate_starts_only_after_explicit_mutation ... ok
Rust	Test Rust workspace	2026-09-24T22:30:44.8980808Z test operator_start_tests::candidate_rejections_match_start_and_old_context_cannot_override_a_new_revision ... ok
Rust	Test Rust workspace	2026-09-24T22:30:44.9443572Z test package_intake_commit_rejects_role_or_terminal_revoked_while_worker_runs ... ok
Rust	Test Rust workspace	2026-09-24T22:30:45.0105133Z test p_commits_branch_choice_and_rejects_the_untaken_activation ... ok
Rust	Test Rust workspace	2026-09-24T22:30:45.0655381Z test package_intake_conflicting_ids_and_stale_configuration_never_create_two_receipts ... ok
Rust	Test Rust workspace	2026-09-24T22:30:45.1044473Z test package_intake_receipt_is_historical_after_policy_disable_and_current_role_revocation_applies_first ... ok
Rust	Test Rust workspace	2026-09-24T22:30:45.1325768Z test package_intake_commits_receipt_event_and_request_atomically_without_cell_change ... ok
Rust	Test Rust workspace	2026-09-24T22:30:45.1662842Z test package_intake_receipts_survive_restart_but_live_policy_and_preflight_do_not ... ok
Rust	Test Rust workspace	2026-09-24T22:30:45.2371770Z test package_intake_rejects_unregistered_store_or_different_verification_policy ... ok
Rust	Test Rust workspace	2026-09-24T22:30:45.4050988Z test part_completion_waits_for_release_and_closes_exhausted_run ... ok
Rust	Test Rust workspace	2026-09-24T22:30:45.4612404Z test package_intake_rechecks_authority_policy_and_time_after_file_work ... ok
Rust	Test Rust workspace	2026-09-24T22:30:45.4623128Z test part_completion_requires_only_the_committed_branch_and_its_real_release_proof ... ok
Rust	Test Rust workspace	2026-09-24T22:30:45.5328600Z test pause_rejects_a_late_arm_acknowledgment_from_start_preparation ... ok
Rust	Test Rust workspace	2026-09-24T22:30:45.5677179Z test pause_after_emit_is_not_cancellation_and_late_correlated_result_is_still_recorded ... ok
Rust	Test Rust workspace	2026-09-24T22:30:45.5887488Z test pausing_a_prepared_run_without_arm_does_not_fence_other_cell_work ... ok
Rust	Test Rust workspace	2026-09-24T22:30:45.6274364Z test pending_start_has_a_deadline_and_key_covers_budget_intent ... ok
Rust	Test Rust workspace	2026-09-24T22:30:45.7055609Z test permit_deadline_cannot_outlive_the_observation_that_supported_it ... ok
Rust	Test Rust workspace	2026-09-24T22:30:45.8374719Z test pause_commits_reply_fence_and_unsent_sealing_atomically_without_refunding_budget ... ok
Rust	Test Rust workspace	2026-09-24T22:30:45.8448082Z test prepared_is_not_an_authorization_ack_and_duplicate_receipts_complete_the_right_message ... ok
Rust	Test Rust workspace	2026-09-24T22:30:45.8554873Z test physical_case_open_is_atomic_and_acknowledgment_cannot_restore_authority ... ok
Rust	Test Rust workspace	2026-09-24T22:30:46.1989182Z test process_change_fence_confirmation_is_not_configuration_application ... ok
Rust	Test Rust workspace	2026-09-24T22:30:46.2600912Z test procedure_requires_real_fence_and_condition_evidence_then_accounts_for_every_worker ... ok
Rust	Test Rust workspace	2026-09-24T22:30:46.2877981Z test non_operating_close_rechecks_time_case_epoch_evidence_and_current_actor ... ok
Rust	Test Rust workspace	2026-09-24T22:30:46.8379310Z test process_change_proposal_and_stage_preserve_configuration_and_all_step_guards ... ok
Rust	Test Rust workspace	2026-09-24T22:30:46.9488134Z test process_change_preparation_requires_current_terminal_and_serializes_overlapping_changes ... ok
Rust	Test Rust workspace	2026-09-24T22:30:47.0239189Z test process_change_preparation_is_atomic_preserves_unknown_work_and_requires_config_ack ... ok
Rust	Test Rust workspace	2026-09-24T22:30:47.0297265Z test process_change_proposal_failure_is_atomic_and_lost_reply_recovers_original_plan ... ok
Rust	Test Rust workspace	2026-09-24T22:30:47.2317057Z test process_checkpoint_survives_runtime_restart_without_restoring_execution_authority ... ok
Rust	Test Rust workspace	2026-09-24T22:30:47.2526443Z test process_change_refresh_preserves_existing_blocks_and_replaces_only_preparation_context ... ok
Rust	Test Rust workspace	2026-09-24T22:30:47.2803060Z test process_change_revoked_software_review_rejects_pending_stage_without_installing_target ... ok
Rust	Test Rust workspace	2026-09-24T22:30:47.3025935Z test process_change_shared_host_closure_requires_rights_for_every_affected_cell ... ok
Rust	Test Rust workspace	2026-09-24T22:30:47.4457139Z test process_review_lists_are_scoped_and_history_is_read_only_with_latest_revision_visible ... ok
Rust	Test Rust workspace	2026-09-24T22:30:47.5145172Z test process_review_restart_preserves_software_decision_but_rejects_old_pending_ticket ... ok
Rust	Test Rust workspace	2026-09-24T22:30:47.5587942Z test process_review_new_report_invalidates_old_decision_and_cas_prevents_overwriting_reviews ... ok
Rust	Test Rust workspace	2026-09-24T22:30:47.5819774Z test process_review_signature_and_compiled_bytes_cannot_be_replaced_or_rebound ... ok
Rust	Test Rust workspace	2026-09-24T22:30:47.5821497Z test process_review_authority_and_role_changes_reject_pending_approvals ... ok
Rust	Test Rust workspace	2026-09-24T22:30:47.6472695Z test process_review_signed_compiler_success_does_not_override_cell_binding_mismatch ... ok
Rust	Test Rust workspace	2026-09-24T22:30:47.6479863Z test producer_reconnect_requires_current_identity_and_cell_negotiation ... ok
Rust	Test Rust workspace	2026-09-24T22:30:47.7144853Z test producer_runtime_restart_tests::consecutive_p_restarts_preserve_historical_operating_session_and_each_runtime_block ... ok
Rust	Test Rust workspace	2026-09-24T22:30:47.9227408Z test producer_runtime_restart_tests::current_origin_must_cover_every_registered_cell_of_the_host ... ok
Rust	Test Rust workspace	2026-09-24T22:30:47.9559024Z test producer_runtime_restart_tests::absent_or_wrong_boot_configuration_and_scope_coverage_cannot_suppress_invalidation ... ok
Rust	Test Rust workspace	2026-09-24T22:30:48.0148708Z test producer_runtime_restart_tests::malformed_provenance_rolls_back_session_replacement_instead_of_claiming_runtime_only ... ok
Rust	Test Rust workspace	2026-09-24T22:30:48.0188406Z test producer_runtime_restart_tests::changed_host_journal_authentication_or_session_validity_still_adds_device_restart ... ok
Rust	Test Rust workspace	2026-09-24T22:30:48.0682167Z test process_review_signed_report_and_separate_reviewer_approval_are_atomic_and_non_actuating ... ok
Rust	Test Rust workspace	2026-09-24T22:30:48.1609352Z test producer_runtime_restart_tests::runtime_only_session_replacement_recovers_commit_loss_without_repeated_invalidation ... ok
Rust	Test Rust workspace	2026-09-24T22:30:48.1666738Z test producer_runtime_restart_tests::prior_source_generation_loss_remains_restricted_after_p_runtime_evidence_reconnect ... ok
Rust	Test Rust workspace	2026-09-24T22:30:48.2448608Z test production_read_before_first_part_has_complete_budget_and_detects_missing_parts ... ok
Rust	Test Rust workspace	2026-09-24T22:30:48.2819367Z test qualification_defaults::close_policy_admission_requires_an_explicit_qualification_capability ... ok
Rust	Test Rust workspace	2026-09-24T22:30:48.3527749Z test production_completion_requires_release_and_preserves_original_reply_and_budget ... ok
Rust	Test Rust workspace	2026-09-24T22:30:48.3586267Z test qualification_defaults::procedure_admission_requires_an_explicit_qualification_capability ... ok
Rust	Test Rust workspace	2026-09-24T22:30:48.3965700Z test producer_runtime_restart_tests::p_only_restart_replaces_only_evidence_session_and_preserves_all_authority_records ... ok
Rust	Test Rust workspace	2026-09-24T22:30:48.4217295Z test renewal_uses_durable_sequence_and_original_send_time_without_replaying_permission ... ok
Rust	Test Rust workspace	2026-09-24T22:30:48.4459072Z test recorded_cell_context_tracks_start_intervention_and_real_block_creation_revisions ... ok
Rust	Test Rust workspace	2026-09-24T22:30:48.4499935Z test reconciliation_requests_are_durable_coalesced_and_cannot_claim_release ... ok
Rust	Test Rust workspace	2026-09-24T22:30:48.4580997Z test resolved_plan_binding_and_digest_cannot_be_substituted_in_cell_configuration ... ok
Rust	Test Rust workspace	2026-09-24T22:30:48.5102188Z test repeated_disputed_samples_do_not_create_unbounded_latches_but_a_new_episode_does ... ok
Rust	Test Rust workspace	2026-09-24T22:30:48.5475156Z test restarting_runtime_preserves_consumption_and_revokes_mandate ... ok
Rust	Test Rust workspace	2026-09-24T22:30:48.5815089Z test role_revocation_is_checked_before_cached_result_lookup ... ok
Rust	Test Rust workspace	2026-09-24T22:30:48.5846928Z test runtime_invalidation_tests::consecutive_restarts_keep_each_immutable_origin_and_old_block_readable ... ok
Rust	Test Rust workspace	2026-09-24T22:30:48.5877525Z test runtime_invalidation_tests::first_runtime_restart_records_the_exact_before_and_after_boundaries ... ok
Rust	Test Rust workspace	2026-09-24T22:30:48.6454731Z test runtime_invalidation_tests::older_runtime_restart_reasons_and_operator_holds_do_not_acquire_origins ... ok
Rust	Test Rust workspace	2026-09-24T22:30:48.6601736Z test runtime_invalidation_tests::origin_lookup_rejects_wrong_identity_and_does_not_accept_a_changed_block ... ok
Rust	Test Rust workspace	2026-09-24T22:30:48.7026983Z test runtime_invalidation_tests::origin_recording_preserves_source_facts_and_existing_run_budget_on_restart ... ok
Rust	Test Rust workspace	2026-09-24T22:30:48.7329048Z test runtime_invalidation_tests::restart_origin_and_restriction_commit_together_even_when_the_reply_is_lost ... ok
Rust	Test Rust workspace	2026-09-24T22:30:49.1660676Z test runtime_invalidation_tests::runtime_restriction_view_checks_current_roles_cell_access_and_preserves_authority_state ... ok
Rust	Test Rust workspace	2026-09-24T22:30:49.2332555Z test same_slot_new_key_and_lost_reply_do_not_create_another_operation ... ok
Rust	Test Rust workspace	2026-09-24T22:30:49.2996342Z test service_roles_cannot_impersonate_human_procedure_reporters_or_case_leads ... ok
Rust	Test Rust workspace	2026-09-24T22:30:49.3585102Z test stale_observation_and_wrong_executor_do_not_reach_t1 ... ok
Rust	Test Rust workspace	2026-09-24T22:30:49.4070207Z test runtime_stop_barrier_is_atomic_blocks_new_authority_and_keeps_unknown_work ... ok
Rust	Test Rust workspace	2026-09-24T22:30:49.4212477Z test stale_procedure_report_keeps_external_fact_and_latch_but_never_grants_entry ... ok
Rust	Test Rust workspace	2026-09-24T22:30:49.4382134Z test start_requires_all_hosts_and_cannot_be_completed_by_partial_ack ... ok
Rust	Test Rust workspace	2026-09-24T22:30:49.5741982Z test t1_failure_rolls_back_slot_resource_permit_and_outbox_together ... ok
Rust	Test Rust workspace	2026-09-24T22:30:49.6246347Z test uncommissioned_cell_cannot_start_from_package_presence ... ok
Rust	Test Rust workspace	2026-09-24T22:30:49.6620370Z test t2_commits_native_evidence_outcome_and_contiguous_cursor_atomically ... ok
Rust	Test Rust workspace	2026-09-24T22:30:49.6747018Z test resource_release_requires_all_current_handover_facts ... ok
Rust	Test Rust workspace	2026-09-24T22:30:49.6849660Z test unregistered_terminal_cannot_start_even_with_operator_role ... ok
Rust	Test Rust workspace	2026-09-24T22:30:49.7326683Z test user_session_requires_its_issued_terminal_binding_and_registry_revision ... ok
Rust	Test Rust workspace	2026-09-24T22:30:49.8255994Z test t2_rollback_and_lost_ack_preserve_exactly_one_recorded_result ... ok
Rust	Test Rust workspace	2026-09-24T22:30:49.9444856Z test wait_deadline_and_success_are_decided_by_p_and_cannot_be_reset_by_retries ... ok
Rust	Test Rust workspace	2026-09-24T22:30:49.9445348Z 
Rust	Test Rust workspace	2026-09-24T22:30:49.9445669Z test result: ok. 240 passed; 0 failed; 0 ignored; 0 measured; 0 filtered out; finished in 32.99s
Rust	Test Rust workspace	2026-09-24T22:30:49.9446077Z 
Rust	Test Rust workspace	2026-09-24T22:30:49.9455649Z ^[[1m^[[92m     Running^[[0m unittests src/lib.rs (target/debug/deps/rx_domain-cf4c45d8f28ba785)
Rust	Test Rust workspace	2026-09-24T22:30:49.9466519Z 
Rust	Test Rust workspace	2026-09-24T22:30:49.9466629Z running 0 tests
Rust	Test Rust workspace	2026-09-24T22:30:49.9466850Z 
Rust	Test Rust workspace	2026-09-24T22:30:49.9469054Z ^[[1m^[[92m     Running^[[0m tests/cell_invariants.rs (target/debug/deps/cell_invariants-d0c73cf87a5e96a3)
Rust	Test Rust workspace	2026-09-24T22:30:49.9469717Z test result: ok. 0 passed; 0 failed; 0 ignored; 0 measured; 0 filtered out; finished in 0.00s
Rust	Test Rust workspace	2026-09-24T22:30:49.9470055Z 
Rust	Test Rust workspace	2026-09-24T22:30:49.9477526Z 
Rust	Test Rust workspace	2026-09-24T22:30:49.9477853Z running 4 tests
Rust	Test Rust workspace	2026-09-24T22:30:49.9480407Z test duplicate_or_empty_scope_vectors_do_not_vacuously_authorize ... ok
Rust	Test Rust workspace	2026-09-24T22:30:49.9482190Z test stale_vector_does_not_regress_or_partially_update_any_scope ... ok
Rust	Test Rust workspace	2026-09-24T22:30:49.9482738Z test setup_and_material_budgets_are_not_interchangeable ... ok
Rust	Test Rust workspace	2026-09-24T22:30:49.9483289Z test last_counted_part_can_continue_but_a_new_part_cannot_be_created ... ok
Rust	Test Rust workspace	2026-09-24T22:30:49.9483653Z 
Rust	Test Rust workspace	2026-09-24T22:30:49.9483954Z test result: ok. 4 passed; 0 failed; 0 ignored; 0 measured; 0 filtered out; finished in 0.00s
Rust	Test Rust workspace	2026-09-24T22:30:49.9484488Z 
Rust	Test Rust workspace	2026-09-24T22:30:49.9486789Z ^[[1m^[[92m     Running^[[0m tests/contracts.rs (target/debug/deps/contracts-fc939fca5713cae6)
Rust	Test Rust workspace	2026-09-24T22:30:49.9492045Z 
Rust	Test Rust workspace	2026-09-24T22:30:49.9492166Z running 16 tests
Rust	Test Rust workspace	2026-09-24T22:30:49.9500295Z test counters_preserve_full_width_and_reject_json_numbers ... ok
Rust	Test Rust workspace	2026-09-24T22:30:49.9506896Z test condition_schema_is_closed ... ok
Rust	Test Rust workspace	2026-09-24T22:30:49.9507404Z test any_uses_a_valid_witness_deadline_and_all_uses_the_earliest_deadline ... ok
Rust	Test Rust workspace	2026-09-24T22:30:49.9507978Z test frozen_cv02_negative_zero_and_cv03_false ... ok
Rust	Test Rust workspace	2026-09-24T22:30:49.9508473Z test duplicate_conclusion_is_idempotent_and_empty_proof_rejected ... ok
Rust	Test Rust workspace	2026-09-24T22:30:49.9509070Z test input_rejects_unknown_duplicate_and_incompatible_fields ... ok
Rust	Test Rust workspace	2026-09-24T22:30:49.9509598Z test oneof_presence_and_false_are_not_missing_or_null ... ok
Rust	Test Rust workspace	2026-09-24T22:30:49.9510041Z test frozen_cv01_canonical_bytes_and_digest ... ok
Rust	Test Rust workspace	2026-09-24T22:30:49.9510502Z test quality_alone_never_proves_freshness_generation_or_unit ... ok
Rust	Test Rust workspace	2026-09-24T22:30:49.9511042Z test resource_order_is_not_semantic_but_duplicates_are_invalid ... ok
Rust	Test Rust workspace	2026-09-24T22:30:49.9511563Z test source_age_not_callback_time_controls_freshness ... ok
Rust	Test Rust workspace	2026-09-24T22:30:49.9512107Z test strict_json_rejects_trailing_bytes_and_duplicate_escaped_keys ... ok
Rust	Test Rust workspace	2026-09-24T22:30:49.9512637Z test profile_calibration_and_rule_change_identity ... ok
Rust	Test Rust workspace	2026-09-24T22:30:49.9513052Z test three_valued_groups_and_invalid_hidden_branch ... ok
Rust	Test Rust workspace	2026-09-24T22:30:49.9513355Z test response_loss_and_running_poll_never_create_a_result ... ok
Rust	Test Rust workspace	2026-09-24T22:30:49.9513723Z test terminal_success_does_not_release_and_conflicting_result_is_preserved ... ok
Rust	Test Rust workspace	2026-09-24T22:30:49.9513967Z 
Rust	Test Rust workspace	2026-09-24T22:30:49.9514324Z test result: ok. 16 passed; 0 failed; 0 ignored; 0 measured; 0 filtered out; finished in 0.00s
Rust	Test Rust workspace	2026-09-24T22:30:49.9514577Z 
Rust	Test Rust workspace	2026-09-24T22:30:49.9514897Z ^[[1m^[[92m     Running^[[0m tests/restoration.rs (target/debug/deps/restoration-5be3e192e86975f1)
Rust	Test Rust workspace	2026-09-24T22:30:49.9518827Z 
Rust	Test Rust workspace	2026-09-24T22:30:49.9518939Z running 5 tests
Rust	Test Rust workspace	2026-09-24T22:30:49.9522667Z test restoring_run_budget_never_refunds_consumption ... ok
Rust	Test Rust workspace	2026-09-24T22:30:49.9523250Z test duplicate_or_overbudget_history_is_corruption_not_a_refund ... ok
Rust	Test Rust workspace	2026-09-24T22:30:49.9523830Z test restoring_reconciling_operation_preserves_unknown_and_quarantine ... ok
Rust	Test Rust workspace	2026-09-24T22:30:49.9524542Z test historical_dispute_survives_restart_without_rewriting_success ... ok
Rust	Test Rust workspace	2026-09-24T22:30:49.9525129Z test stored_state_cannot_claim_success_without_terminal_evidence ... ok
Rust	Test Rust workspace	2026-09-24T22:30:49.9525636Z 
Rust	Test Rust workspace	2026-09-24T22:30:49.9525824Z test result: ok. 5 passed; 0 failed; 0 ignored; 0 measured; 0 filtered out; finished in 0.00s
Rust	Test Rust workspace	2026-09-24T22:30:49.9526087Z 
Rust	Test Rust workspace	2026-09-24T22:30:49.9526825Z ^[[1m^[[92m     Running^[[0m unittests src/lib.rs (target/debug/deps/rx_host_client-5d340ccb410a79d2)
Rust	Test Rust workspace	2026-09-24T22:30:49.9540143Z 
Rust	Test Rust workspace	2026-09-24T22:30:49.9540263Z running 13 tests
Rust	Test Rust workspace	2026-09-24T22:30:49.9546732Z test configuration_worker::tests::configuration_worker_propagates_writer_failure_and_never_contacts_host ... ok
Rust	Test Rust workspace	2026-09-24T22:30:49.9547663Z test connection::diagnostic::tests::stage_and_typed_reason_survive_without_logging_remote_text ... ok
Rust	Test Rust workspace	2026-09-24T22:30:49.9549443Z test bootstrap::provenance_tests::credential_bearing_and_non_origin_endpoints_are_rejected_before_tls ... ok
Rust	Test Rust workspace	2026-09-24T22:30:49.9565190Z test connection::diagnostic::tests::varying_timing_does_not_repeat_the_same_failure ... ok
Rust	Test Rust workspace	2026-09-24T22:30:49.9565954Z test connection::tests::closed_owner_while_waiting_for_producer_stops_without_connecting ... ok
Rust	Test Rust workspace	2026-09-24T22:30:49.9566829Z test configuration_worker::tests::configuration_worker_stops_while_a_writer_reply_is_pending ... ok
Rust	Test Rust workspace	2026-09-24T22:30:49.9567722Z test delivery::diagnostic::tests::excludes_rpc_metadata_details_structured_bodies_and_request_identifiers ... ok
Rust	Test Rust workspace	2026-09-24T22:30:49.9568550Z test delivery::diagnostic::tests::suppresses_only_consecutive_identical_diagnostics_and_keeps_writer_reason ... ok
Rust	Test Rust workspace	2026-09-24T22:30:49.9586231Z test delivery::reconciliation::tests::unavailable_read_retries_but_broken_proof_and_revoked_authority_do_not ... ok
Rust	Test Rust workspace	2026-09-24T22:30:49.9594781Z test observation::tests::maintained_monitor_does_not_hide_writer_failure_or_run_after_owner_disappears ... ok
Rust	Test Rust workspace	2026-09-24T22:30:49.9595526Z test service_health::tests::a_relay_cannot_label_another_services_samples_with_its_owner ... ok
Rust	Test Rust workspace	2026-09-24T22:30:49.9770756Z test delivery::diagnostic::tests::bounds_the_complete_json_line_including_unicode_escaping_and_newline ... ok
Rust	Test Rust workspace	2026-09-24T22:30:49.9830301Z test observation::tests::maintained_monitor_polls_independently_and_obeys_owner_stop ... ok
Rust	Test Rust workspace	2026-09-24T22:30:49.9830781Z 
Rust	Test Rust workspace	2026-09-24T22:30:49.9831059Z test result: ok. 13 passed; 0 failed; 0 ignored; 0 measured; 0 filtered out; finished in 0.03s
Rust	Test Rust workspace	2026-09-24T22:30:49.9831320Z 
Rust	Test Rust workspace	2026-09-24T22:30:49.9835683Z ^[[1m^[[92m     Running^[[0m tests/configuration_e2e.rs (target/debug/deps/configuration_e2e-6ffde22abfa2b64a)
Rust	Test Rust workspace	2026-09-24T22:30:49.9858849Z 
Rust	Test Rust workspace	2026-09-24T22:30:49.9859025Z running 2 tests
Rust	Test Rust workspace	2026-09-24T22:30:49.9859786Z test configuration_coordinator_persists_request_and_recovers_real_host_reply_loss ... ignored, tools/test_host_configuration_e2e.sh supplies S simulation server
Rust	Test Rust workspace	2026-09-24T22:30:49.9860790Z test configuration_reply_loss_recovers_same_receipt_and_restarted_host_stays_unqualified ... ignored, tools/test_host_configuration_e2e.sh supplies S simulation server
Rust	Test Rust workspace	2026-09-24T22:30:49.9861251Z 
Rust	Test Rust workspace	2026-09-24T22:30:49.9861442Z test result: ok. 0 passed; 0 failed; 2 ignored; 0 measured; 0 filtered out; finished in 0.00s
Rust	Test Rust workspace	2026-09-24T22:30:49.9861858Z 
Rust	Test Rust workspace	2026-09-24T22:30:49.9862614Z ^[[1m^[[92m     Running^[[0m tests/network_e2e.rs (target/debug/deps/network_e2e-8cee081d422037a8)
Rust	Test Rust workspace	2026-09-24T22:30:49.9880530Z 
Rust	Test Rust workspace	2026-09-24T22:30:49.9880661Z running 3 tests
Rust	Test Rust workspace	2026-09-24T22:30:49.9881481Z test application_outbox_reaches_mtls_host_and_t2_commits_the_result ... ignored, tools/test_host_e2e.sh builds the separate Host fixture and supplies its path
Rust	Test Rust workspace	2026-09-24T22:30:49.9882499Z test automatic_dispatcher_recovers_a_lost_authorize_reply_without_native_reexecution ... ignored, tools/test_host_e2e.sh builds the separate Host fixture and supplies its path
Rust	Test Rust workspace	2026-09-24T22:30:49.9883535Z test remote_executor_submission_and_host_reply_loss_preserve_one_native_effect_per_slot ... ignored, tools/test_host_e2e.sh supplies the separate Host server
Rust	Test Rust workspace	2026-09-24T22:30:49.9884338Z 
Rust	Test Rust workspace	2026-09-24T22:30:49.9884628Z test result: ok. 0 passed; 0 failed; 3 ignored; 0 measured; 0 filtered out; finished in 0.00s
Rust	Test Rust workspace	2026-09-24T22:30:49.9884916Z 
Rust	Test Rust workspace	2026-09-24T22:30:49.9885559Z ^[[1m^[[92m     Running^[[0m unittests src/lib.rs (target/debug/deps/rx_package-09a7e62a4ef4d03f)
Rust	Test Rust workspace	2026-09-24T22:30:49.9892374Z 
Rust	Test Rust workspace	2026-09-24T22:30:49.9892477Z running 0 tests
Rust	Test Rust workspace	2026-09-24T22:30:49.9892629Z 
Rust	Test Rust workspace	2026-09-24T22:30:49.9892909Z test result: ok. 0 passed; 0 failed; 0 ignored; 0 measured; 0 filtered out; finished in 0.00s
Rust	Test Rust workspace	2026-09-24T22:30:49.9893297Z 
Rust	Test Rust workspace	2026-09-24T22:30:49.9894660Z ^[[1m^[[92m     Running^[[0m tests/operating_area.rs (target/debug/deps/operating_area-bfedab5cdeaf6f01)
Rust	Test Rust workspace	2026-09-24T22:30:49.9902698Z 
Rust	Test Rust workspace	2026-09-24T22:30:49.9902804Z running 1 test
Rust	Test Rust workspace	2026-09-24T22:30:49.9906971Z test judge_approves_only_its_bounded_nonactuating_report_rule ... ok
Rust	Test Rust workspace	2026-09-24T22:30:49.9907368Z 
Rust	Test Rust workspace	2026-09-24T22:30:49.9907686Z test result: ok. 1 passed; 0 failed; 0 ignored; 0 measured; 0 filtered out; finished in 0.00s
Rust	Test Rust workspace	2026-09-24T22:30:49.9908096Z 
Rust	Test Rust workspace	2026-09-24T22:30:49.9908793Z ^[[1m^[[92m     Running^[[0m tests/release.rs (target/debug/deps/release-753c160ac7f0594e)
Rust	Test Rust workspace	2026-09-24T22:30:49.9918867Z 
Rust	Test Rust workspace	2026-09-24T22:30:49.9919063Z running 3 tests
Rust	Test Rust workspace	2026-09-24T22:30:50.0651544Z test compiled_root_distinguishes_unsigned_signature_key_and_content_refusals ... ok
Rust	Test Rust workspace	2026-09-24T22:30:50.1526664Z test revocation_survives_denied_candidate_restart_and_replayed_or_shrunk_lists ... ok
Rust	Test Rust workspace	2026-09-24T22:30:50.2020715Z test durable_floor_rejects_restart_downgrade_and_same_version_equivocation ... ok
Rust	Test Rust workspace	2026-09-24T22:30:50.2021190Z 
Rust	Test Rust workspace	2026-09-24T22:30:50.2021388Z test result: ok. 3 passed; 0 failed; 0 ignored; 0 measured; 0 filtered out; finished in 0.21s
Rust	Test Rust workspace	2026-09-24T22:30:50.2021662Z 
Rust	Test Rust workspace	2026-09-24T22:30:50.2024629Z ^[[1m^[[92m     Running^[[0m tests/verification.rs (target/debug/deps/verification-ed38e3354ae76546)
Rust	Test Rust workspace	2026-09-24T22:30:50.2036976Z 
Rust	Test Rust workspace	2026-09-24T22:30:50.2037108Z running 21 tests
Rust	Test Rust workspace	2026-09-24T22:30:50.2074573Z test canonical_set_order_is_stable_and_duplicate_json_fields_are_rejected ... ok
Rust	Test Rust workspace	2026-09-24T22:30:50.2175171Z test closed_paths_and_inventory_reject_traversal_aliases_and_hidden_files ... ok
Rust	Test Rust workspace	2026-09-24T22:30:50.2278025Z test a_dependency_verified_before_key_revocation_is_not_retrusted_implicitly ... ok
Rust	Test Rust workspace	2026-09-24T22:30:50.2384776Z test deeply_nested_valid_package_roundtrips_and_excess_file_inventory_is_bounded ... ok
Rust	Test Rust workspace	2026-09-24T22:30:50.2444596Z test dependency_cannot_pull_an_older_copy_of_the_root_back_into_the_bundle ... ok
Rust	Test Rust workspace	2026-09-24T22:30:50.2571293Z test device_reference_v2_has_explicit_version_and_no_executable_payload ... ok
Rust	Test Rust workspace	2026-09-24T22:30:50.2602258Z test directory_verification_owns_bytes_and_rejects_links ... ok
Rust	Test Rust workspace	2026-09-24T22:30:50.2774734Z test dependency_closure_is_pinned_and_rechecked_against_current_trust ... ok
Rust	Test Rust workspace	2026-09-24T22:30:50.2841988Z test object_corruption_is_not_repaired_by_repeat_import ... ok
Rust	Test Rust workspace	2026-09-24T22:30:50.2874541Z test policy_document_requires_explicit_v2_schema_for_additional_abis ... ok
Rust	Test Rust workspace	2026-09-24T22:30:50.2894879Z test object_survives_source_change_restart_and_repeat_import_without_trust_persistence ... ok
Rust	Test Rust workspace	2026-09-24T22:30:50.2934656Z test relative_review_artifact_reads_are_bounded_and_reject_link_components ... ok
Rust	Test Rust workspace	2026-09-24T22:30:50.2964361Z test package_kind_target_contract_and_publisher_scope_are_checked ... ok
Rust	Test Rust workspace	2026-09-24T22:30:50.3103237Z test policy_reader_pins_exact_bytes_and_reacquires_dependencies ... ok
Rust	Test Rust workspace	2026-09-24T22:30:50.3114873Z test explicit_multi_abi_policy_preserves_manifest_kind_target_and_trust_checks ... ok
Rust	Test Rust workspace	2026-09-24T22:30:50.3244648Z test signed_content_is_immutable_and_signature_is_bound_to_key_identity ... ok
Rust	Test Rust workspace	2026-09-24T22:30:50.3309124Z test signing_key_alias_has_distinct_object_and_misnamed_valid_objects_are_rejected ... ok
Rust	Test Rust workspace	2026-09-24T22:30:50.3320767Z test verification_policy_fingerprint_preserves_all_u64_limits ... ok
Rust	Test Rust workspace	2026-09-24T22:30:50.3396058Z test store_ownership_marker_and_unpublished_objects_cannot_be_bypassed ... ok
Rust	Test Rust workspace	2026-09-24T22:30:50.3413796Z test store_and_import_reject_symlinks_and_store_handles_survive_root_path_replacement ... ok
Rust	Test Rust workspace	2026-09-24T22:30:50.4225101Z test stored_package_dependencies_are_rechecked_after_revocation ... ok
Rust	Test Rust workspace	2026-09-24T22:30:50.4225684Z 
Rust	Test Rust workspace	2026-09-24T22:30:50.4226235Z test result: ok. 21 passed; 0 failed; 0 ignored; 0 measured; 0 filtered out; finished in 0.22s
Rust	Test Rust workspace	2026-09-24T22:30:50.4226524Z 
Rust	Test Rust workspace	2026-09-24T22:30:50.4228971Z ^[[1m^[[92m     Running^[[0m unittests src/lib.rs (target/debug/deps/rx_platformd-b30bfceb3e731eab)
Rust	Test Rust workspace	2026-09-24T22:30:50.4239740Z 
Rust	Test Rust workspace	2026-09-24T22:30:50.4239919Z running 0 tests
Rust	Test Rust workspace	2026-09-24T22:30:50.4240090Z 
Rust	Test Rust workspace	2026-09-24T22:30:50.4240299Z test result: ok. 0 passed; 0 failed; 0 ignored; 0 measured; 0 filtered out; finished in 0.00s
Rust	Test Rust workspace	2026-09-24T22:30:50.4240573Z 
Rust	Test Rust workspace	2026-09-24T22:30:50.4242296Z ^[[1m^[[92m     Running^[[0m unittests src/bin/rx-package-store.rs (target/debug/deps/rx_package_store-19e87b926dd658ae)
Rust	Test Rust workspace	2026-09-24T22:30:50.4249999Z 
Rust	Test Rust workspace	2026-09-24T22:30:50.4250145Z running 0 tests
Rust	Test Rust workspace	2026-09-24T22:30:50.4250309Z 
Rust	Test Rust workspace	2026-09-24T22:30:50.4250563Z test result: ok. 0 passed; 0 failed; 0 ignored; 0 measured; 0 filtered out; finished in 0.00s
Rust	Test Rust workspace	2026-09-24T22:30:50.4250830Z 
Rust	Test Rust workspace	2026-09-24T22:30:50.4252413Z ^[[1m^[[92m     Running^[[0m unittests src/main.rs (target/debug/deps/rx_platformd-359236fa9fd9abbe)
Rust	Test Rust workspace	2026-09-24T22:30:50.4260042Z 
Rust	Test Rust workspace	2026-09-24T22:30:50.4260172Z running 0 tests
Rust	Test Rust workspace	2026-09-24T22:30:50.4260357Z 
Rust	Test Rust workspace	2026-09-24T22:30:50.4260804Z test result: ok. 0 passed; 0 failed; 0 ignored; 0 measured; 0 filtered out; finished in 0.00s
Rust	Test Rust workspace	2026-09-24T22:30:50.4261268Z 
Rust	Test Rust workspace	2026-09-24T22:30:50.4262628Z ^[[1m^[[92m     Running^[[0m tests/composition.rs (target/debug/deps/composition-c5e0e20bc272a536)
Rust	Test Rust workspace	2026-09-24T22:30:50.4285492Z 
Rust	Test Rust workspace	2026-09-24T22:30:50.4285633Z running 10 tests
Rust	Test Rust workspace	2026-09-24T22:30:51.7936935Z test configured_operator_ui_is_verified_before_installation_and_rejects_mutable_roots ... ok
Rust	Test Rust workspace	2026-09-24T22:30:53.2819902Z test configured_operator_ui_serves_over_terminal_https_without_creating_runs_or_qualification ... ok
Rust	Test Rust workspace	2026-09-24T22:30:53.2823047Z test export_container_fixture ... ignored, tools/test_platform_image.py requests isolated temporary container inputs
Rust	Test Rust workspace	2026-09-24T22:30:53.9585299Z test invalid_pins_or_catalog_never_publish_a_partial_installation ... ok
Rust	Test Rust workspace	2026-09-24T22:30:54.8175313Z test configured_package_intake_uses_real_terminal_https_and_retains_history_across_restart ... ok
Rust	Test Rust workspace	2026-09-24T22:30:55.6225097Z test composed_startup_restart_and_stop_preserve_store_and_never_start_a_run ... ok
Rust	Test Rust workspace	2026-09-24T22:30:55.8314381Z test operator_ui_compares_resolved_aliases_with_missing_directory_suffixes ... ok
Rust	Test Rust workspace	2026-09-24T22:30:55.8602269Z test configured_process_review_records_separate_account_approval_over_terminal_https ... ok
Rust	Test Rust workspace	2026-09-24T22:30:56.3455143Z test operator_ui_rejects_parent_traversal_in_mutable_directory_locations ... ok
Rust	Test Rust workspace	2026-09-24T22:30:56.5739394Z test linux_executable_uses_shared_clock_and_sigterm_commits_process_stop ... ok
Rust	Test Rust workspace	2026-09-24T22:30:56.5740090Z 
Rust	Test Rust workspace	2026-09-24T22:30:56.5740516Z test result: ok. 9 passed; 0 failed; 1 ignored; 0 measured; 0 filtered out; finished in 6.15s
Rust	Test Rust workspace	2026-09-24T22:30:56.5740912Z 
Rust	Test Rust workspace	2026-09-24T22:30:56.5783744Z ^[[1m^[[92m     Running^[[0m tests/delivery_fixture.rs (target/debug/deps/delivery_fixture-d36f1332f2816026)
Rust	Test Rust workspace	2026-09-24T22:30:56.5796732Z 
Rust	Test Rust workspace	2026-09-24T22:30:56.5797040Z running 3 tests
Rust	Test Rust workspace	2026-09-24T22:30:56.5797761Z test export_delivery_final ... ignored, explicit phase77 final export; requires actual S product compiler/package outputs
Rust	Test Rust workspace	2026-09-24T22:30:56.5798732Z test export_delivery_seed ... ignored, explicit phase77 seed export; requires a fresh output directory
Rust	Test Rust workspace	2026-09-24T22:30:56.5799503Z test sign_delivery ... ignored, explicit external test-only signer; never a product signing service
Rust	Test Rust workspace	2026-09-24T22:30:56.5800349Z ^[[1m^[[92m     Running^[[0m unittests src/lib.rs (target/debug/deps/rx_ports-c834cce2dddbde46)
Rust	Test Rust workspace	2026-09-24T22:30:56.5800626Z 
Rust	Test Rust workspace	2026-09-24T22:30:56.5801001Z test result: ok. 0 passed; 0 failed; 3 ignored; 0 measured; 0 filtered out; finished in 0.00s
Rust	Test Rust workspace	2026-09-24T22:30:56.5801653Z 
Rust	Test Rust workspace	2026-09-24T22:30:56.5809741Z 
Rust	Test Rust workspace	2026-09-24T22:30:56.5809975Z running 0 tests
Rust	Test Rust workspace	2026-09-24T22:30:56.5810174Z 
Rust	Test Rust workspace	2026-09-24T22:30:56.5810499Z test result: ok. 0 passed; 0 failed; 0 ignored; 0 measured; 0 filtered out; finished in 0.00s
Rust	Test Rust workspace	2026-09-24T22:30:56.5810944Z 
Rust	Test Rust workspace	2026-09-24T22:30:56.5812091Z ^[[1m^[[92m     Running^[[0m unittests src/lib.rs (target/debug/deps/rx_process_contract-cd8724eef0ab0226)
Rust	Test Rust workspace	2026-09-24T22:30:56.5821086Z 
Rust	Test Rust workspace	2026-09-24T22:30:56.5821262Z running 5 tests
Rust	Test Rust workspace	2026-09-24T22:30:56.5844765Z test device_catalog::tests::duplicate_conditions_are_rejected_instead_of_normalized_away ... ok
Rust	Test Rust workspace	2026-09-24T22:30:56.5845632Z test compile_input::tests::altered_bundle_source_is_not_accepted_under_the_original_digest ... ok
Rust	Test Rust workspace	2026-09-24T22:30:56.5846473Z test source_validation::tests::a_full_error_budget_does_not_attempt_to_follow_missing_nodes ... ok
Rust	Test Rust workspace	2026-09-24T22:30:56.5874621Z test source_validation::tests::source_validation_does_not_claim_binding_or_package_approval ... ok
Rust	Test Rust workspace	2026-09-24T22:30:56.5890873Z test source_validation::tests::recursive_calls_unreachable_nodes_and_expansion_overflow_are_invalid ... ok
Rust	Test Rust workspace	2026-09-24T22:30:56.5891288Z 
Rust	Test Rust workspace	2026-09-24T22:30:56.5891976Z test result: ok. 5 passed; 0 failed; 0 ignored; 0 measured; 0 filtered out; finished in 0.01s
Rust	Test Rust workspace	2026-09-24T22:30:56.5892348Z 
Rust	Test Rust workspace	2026-09-24T22:30:56.5893576Z ^[[1m^[[92m     Running^[[0m tests/native_outcome.rs (target/debug/deps/native_outcome-dc878e1a99df7601)
Rust	Test Rust workspace	2026-09-24T22:30:56.5903930Z 
Rust	Test Rust workspace	2026-09-24T22:30:56.5904240Z running 2 tests
Rust	Test Rust workspace	2026-09-24T22:30:56.5908086Z test table_is_strict_data_and_missing_pair_cannot_resolve ... ok
Rust	Test Rust workspace	2026-09-24T22:30:56.5912020Z test table_rejects_duplicates_conflicts_and_oversized_code_sets ... ok
Rust	Test Rust workspace	2026-09-24T22:30:56.5912263Z 
Rust	Test Rust workspace	2026-09-24T22:30:56.5912459Z test result: ok. 2 passed; 0 failed; 0 ignored; 0 measured; 0 filtered out; finished in 0.00s
Rust	Test Rust workspace	2026-09-24T22:30:56.5912794Z 
Rust	Test Rust workspace	2026-09-24T22:30:56.5922446Z ^[[1m^[[92m     Running^[[0m unittests src/lib.rs (target/debug/deps/rx_protocol-8e600f775fe2c348)
Rust	Test Rust workspace	2026-09-24T22:30:56.5922877Z 
Rust	Test Rust workspace	2026-09-24T22:30:56.5923064Z running 1 test
Rust	Test Rust workspace	2026-09-24T22:30:56.6050999Z test checkpoint_rejection::tests::text_transport_errors_and_malformed_or_duplicated_details_do_not_prove_rejection ... ok
Rust	Test Rust workspace	2026-09-24T22:30:56.6051679Z 
Rust	Test Rust workspace	2026-09-24T22:30:56.6052133Z test result: ok. 1 passed; 0 failed; 0 ignored; 0 measured; 0 filtered out; finished in 0.01s
Rust	Test Rust workspace	2026-09-24T22:30:56.6052644Z 
Rust	Test Rust workspace	2026-09-24T22:30:56.6056313Z ^[[1m^[[92m     Running^[[0m tests/grpc_boundary.rs (target/debug/deps/grpc_boundary-cbfdad1df6ab9d49)
Rust	Test Rust workspace	2026-09-24T22:30:56.6071690Z 
Rust	Test Rust workspace	2026-09-24T22:30:56.6071867Z running 1 test
Rust	Test Rust workspace	2026-09-24T22:30:56.6265027Z test malformed_wire_never_reaches_generated_service_handler ... ok
Rust	Test Rust workspace	2026-09-24T22:30:56.6265294Z 
Rust	Test Rust workspace	2026-09-24T22:30:56.6265487Z test result: ok. 1 passed; 0 failed; 0 ignored; 0 measured; 0 filtered out; finished in 0.02s
Rust	Test Rust workspace	2026-09-24T22:30:56.6265746Z 
Rust	Test Rust workspace	2026-09-24T22:30:56.6273556Z ^[[1m^[[92m     Running^[[0m tests/wire.rs (target/debug/deps/wire-6f1fcf181e910857)
Rust	Test Rust workspace	2026-09-24T22:30:56.6288155Z 
Rust	Test Rust workspace	2026-09-24T22:30:56.6288334Z running 11 tests
Rust	Test Rust workspace	2026-09-24T22:30:56.6296526Z test document_manifest_hashes_remain_the_negotiation_identity ... ok
Rust	Test Rust workspace	2026-09-24T22:30:56.6417986Z test core_enum_numbers_and_cell_union_tags_are_stable ... ok
Rust	Test Rust workspace	2026-09-24T22:30:56.6418941Z test explicit_false_zero_and_optional_zero_survive_binary_roundtrip ... ok
Rust	Test Rust workspace	2026-09-24T22:30:56.6419763Z test nested_duplicate_singular_is_not_merged ... ok
Rust	Test Rust workspace	2026-09-24T22:30:56.6420403Z test nonfinite_numbers_rejected_in_scalar_and_packed_vector ... ok
Rust	Test Rust workspace	2026-09-24T22:30:56.6429811Z test fixed_digest_hex_and_oneof_contracts_are_checked ... ok
Rust	Test Rust workspace	2026-09-24T22:30:56.6432893Z test prost_last_wins_and_unknown_field_behavior_is_blocked_before_decode ... ok
Rust	Test Rust workspace	2026-09-24T22:30:56.6433729Z test unknown_enum_bad_wire_and_varint_overflow_are_rejected ... ok
Rust	Test Rust workspace	2026-09-24T22:30:56.6435757Z test intent_crosses_json_protobuf_domain_without_changing_frozen_digest ... ok
Rust	Test Rust workspace	2026-09-24T22:30:56.6437290Z test json_is_rx_projection_not_protojson ... ok
Rust	Test Rust workspace	2026-09-24T22:30:56.6464257Z test numbered_fields_match_frozen_documents_independently_of_generator ... ok
Rust	Test Rust workspace	2026-09-24T22:30:56.6464770Z 
Rust	Test Rust workspace	2026-09-24T22:30:56.6465214Z test result: ok. 11 passed; 0 failed; 0 ignored; 0 measured; 0 filtered out; finished in 0.02s
Rust	Test Rust workspace	2026-09-24T22:30:56.6465706Z 
Rust	Test Rust workspace	2026-09-24T22:30:56.6469445Z ^[[1m^[[92m     Running^[[0m unittests src/lib.rs (target/debug/deps/rx_protocol_adapter-f29592df5d00300b)
Rust	Test Rust workspace	2026-09-24T22:30:56.6480196Z 
Rust	Test Rust workspace	2026-09-24T22:30:56.6480416Z running 2 tests
Rust	Test Rust workspace	2026-09-24T22:30:56.6623296Z test operation::tests::unknown_and_late_contradiction_preserve_distinct_result_integrity_and_release_axes ... ok
Rust	Test Rust workspace	2026-09-24T22:30:56.6642255Z test workflow::tests::frozen_run_view_preserves_counters_slots_and_each_run_state ... ok
Rust	Test Rust workspace	2026-09-24T22:30:56.6642872Z 
Rust	Test Rust workspace	2026-09-24T22:30:56.6643523Z test result: ok. 2 passed; 0 failed; 0 ignored; 0 measured; 0 filtered out; finished in 0.02s
Rust	Test Rust workspace	2026-09-24T22:30:56.6644084Z 
Rust	Test Rust workspace	2026-09-24T22:30:56.6650166Z ^[[1m^[[92m     Running^[[0m tests/evidence.rs (target/debug/deps/evidence-958198b27fc807d2)
Rust	Test Rust workspace	2026-09-24T22:30:56.6659878Z 
Rust	Test Rust workspace	2026-09-24T22:30:56.6660079Z running 2 tests
Rust	Test Rust workspace	2026-09-24T22:30:56.6662212Z test native_result_round_trip_keeps_vendor_id_payload_and_full_width_values ... ok
Rust	Test Rust workspace	2026-09-24T22:30:56.6662953Z test projection_only_evidence_cannot_be_claimed_as_a_complete_source ... ok
Rust	Test Rust workspace	2026-09-24T22:30:56.6663416Z 
Rust	Test Rust workspace	2026-09-24T22:30:56.6664064Z test result: ok. 2 passed; 0 failed; 0 ignored; 0 measured; 0 filtered out; finished in 0.00s
Rust	Test Rust workspace	2026-09-24T22:30:56.6664990Z ^[[1m^[[92m     Running^[[0m unittests src/lib.rs (target/debug/deps/rx_runtime-636d92de1d7b2ad2)
Rust	Test Rust workspace	2026-09-24T22:30:56.6665607Z 
Rust	Test Rust workspace	2026-09-24T22:30:56.6672829Z 
Rust	Test Rust workspace	2026-09-24T22:30:56.6673019Z running 0 tests
Rust	Test Rust workspace	2026-09-24T22:30:56.6673198Z 
Rust	Test Rust workspace	2026-09-24T22:30:56.6673505Z test result: ok. 0 passed; 0 failed; 0 ignored; 0 measured; 0 filtered out; finished in 0.00s
Rust	Test Rust workspace	2026-09-24T22:30:56.6673928Z 
Rust	Test Rust workspace	2026-09-24T22:30:56.6676117Z ^[[1m^[[92m     Running^[[0m tests/writer.rs (target/debug/deps/writer-8ec0e6359f61aa2e)
Rust	Test Rust workspace	2026-09-24T22:30:56.6685393Z 
Rust	Test Rust workspace	2026-09-24T22:30:56.6685620Z running 3 tests
Rust	Test Rust workspace	2026-09-24T22:30:56.6801772Z test dropped_response_still_commits_and_shutdown_drains ... ok
Rust	Test Rust workspace	2026-09-24T22:30:56.6988510Z test normal_load_cannot_consume_control_reserve_and_control_is_scheduled_first ... ok
Rust	Test Rust workspace	2026-09-24T22:30:56.7443482Z test panic_closes_admission_without_retrying_the_command ... ok
Rust	Test Rust workspace	2026-09-24T22:30:56.7443836Z 
Rust	Test Rust workspace	2026-09-24T22:30:56.7444220Z test result: ok. 3 passed; 0 failed; 0 ignored; 0 measured; 0 filtered out; finished in 0.08s
Rust	Test Rust workspace	2026-09-24T22:30:56.7516976Z ^[[1m^[[92m     Running^[[0m unittests src/lib.rs (target/debug/deps/rx_storage-fec7a6b8d46d6510)
Rust	Test Rust workspace	2026-09-24T22:30:56.7517472Z 
Rust	Test Rust workspace	2026-09-24T22:30:56.7528637Z 
Rust	Test Rust workspace	2026-09-24T22:30:56.7528850Z running 1 test
Rust	Test Rust workspace	2026-09-24T22:30:56.7670950Z test ownership_close_tests::sqlite_close_failure_retains_ownership_until_process_exit ... ok
Rust	Test Rust workspace	2026-09-24T22:30:56.7671559Z 
Rust	Test Rust workspace	2026-09-24T22:30:56.7671913Z test result: ok. 1 passed; 0 failed; 0 ignored; 0 measured; 0 filtered out; finished in 0.01s
Rust	Test Rust workspace	2026-09-24T22:30:56.7672223Z 
Rust	Test Rust workspace	2026-09-24T22:30:56.7675000Z ^[[1m^[[92m     Running^[[0m tests/atomicity.rs (target/debug/deps/atomicity-1dce903a317d5277)
Rust	Test Rust workspace	2026-09-24T22:30:56.7686885Z 
Rust	Test Rust workspace	2026-09-24T22:30:56.7687050Z running 12 tests
Rust	Test Rust workspace	2026-09-24T22:30:56.7945303Z test one_transaction_commits_state_key_event_and_outbox ... ok
Rust	Test Rust workspace	2026-09-24T22:30:56.7954401Z test control_projection_and_sequence_roll_back_together_and_ignore_audit_appends ... ok
Rust	Test Rust workspace	2026-09-24T22:30:56.8054241Z test metadata_compatibility_upgrade_preserves_record_bytes_and_rejects_future_stores ... ok
Rust	Test Rust workspace	2026-09-24T22:30:56.8096140Z test online_backup_preserves_committed_state_without_copying_live_db_file ... ok
Rust	Test Rust workspace	2026-09-24T22:30:56.8166661Z test request_identity_survives_reopening_and_namespace_isolated ... ok
Rust	Test Rust workspace	2026-09-24T22:30:56.8201127Z test pending_outbox_pages_are_exclusive_and_do_not_starve_later_ids ... ok
Rust	Test Rust workspace	2026-09-24T22:30:56.8211329Z test failure_at_each_commit_component_rolls_everything_back ... ok
Rust	Test Rust workspace	2026-09-24T22:30:56.8275352Z test schema_upgrade_preserves_emitted_work_and_delivered_records_never_resurrect ... ok
Rust	Test Rust workspace	2026-09-24T22:30:56.8280612Z test second_runtime_cannot_open_owned_database ... ok
Rust	Test Rust workspace	2026-09-24T22:30:56.8309741Z test snapshot_is_a_cut_and_after_is_exclusive ... ok
Rust	Test Rust workspace	2026-09-24T22:30:56.8331716Z test stale_revision_does_not_partially_record_an_event ... ok
Rust	Test Rust workspace	2026-09-24T22:30:56.8353233Z test voided_outbox_cannot_be_resurrected_or_sent ... ok
Rust	Test Rust workspace	2026-09-24T22:30:56.8353891Z 
Rust	Test Rust workspace	2026-09-24T22:30:56.8354486Z test result: ok. 12 passed; 0 failed; 0 ignored; 0 measured; 0 filtered out; finished in 0.07s
Rust	Test Rust workspace	2026-09-24T22:30:56.8354900Z 
Rust	Test Rust workspace	2026-09-24T22:30:56.8358161Z ^[[1m^[[92m     Running^[[0m tests/mailbox.rs (target/debug/deps/mailbox-6012ca5b73da8fb8)
Rust	Test Rust workspace	2026-09-24T22:30:56.8368901Z 
Rust	Test Rust workspace	2026-09-24T22:30:56.8369250Z running 3 tests
Rust	Test Rust workspace	2026-09-24T22:30:56.8375362Z test partial_publication_and_oversized_input_are_refused_not_erased ... ok
Rust	Test Rust workspace	2026-09-24T22:30:56.8380854Z test symlink_and_nonregular_payloads_are_refused_without_following ... ok
Rust	Test Rust workspace	2026-09-24T22:30:56.8381739Z test publication_is_immutable_and_live_cooperating_writer_excluded ... ok
Rust	Test Rust workspace	2026-09-24T22:30:56.8384624Z ^[[1m^[[92m     Running^[[0m tests/ownership.rs (target/debug/deps/ownership-347b8487e114d1f4)
Rust	Test Rust workspace	2026-09-24T22:30:56.8385089Z 
Rust	Test Rust workspace	2026-09-24T22:30:56.8385884Z test result: ok. 3 passed; 0 failed; 0 ignored; 0 measured; 0 filtered out; finished in 0.00s
Rust	Test Rust workspace	2026-09-24T22:30:56.8386425Z 
Rust	Test Rust workspace	2026-09-24T22:30:56.8394429Z 
Rust	Test Rust workspace	2026-09-24T22:30:56.8394673Z running 3 tests
Rust	Test Rust workspace	2026-09-24T22:30:56.8440279Z test failed_initialization_releases_its_own_lock_but_failed_acquisition_never_releases_another ... ok
Rust	Test Rust workspace	2026-09-24T22:30:56.8521110Z test live_writer_failed_contenders_and_rollback_preserve_exclusion_then_close_reopens_history ... ok
Rust	Test Rust workspace	2026-09-24T22:30:56.8662367Z test unwinding_transaction_does_not_release_live_owner ... ok
Rust	Test Rust workspace	2026-09-24T22:30:56.8662784Z 
Rust	Test Rust workspace	2026-09-24T22:30:56.8663154Z test result: ok. 3 passed; 0 failed; 0 ignored; 0 measured; 0 filtered out; finished in 0.03s
Rust	Test Rust workspace	2026-09-24T22:30:56.8663876Z 
Rust	Test Rust workspace	2026-09-24T22:30:56.8675184Z ^[[1m^[[92m   Doc-tests^[[0m rx_api
Rust	Test Rust workspace	2026-09-24T22:30:57.0116591Z 
Rust	Test Rust workspace	2026-09-24T22:30:57.0117108Z running 0 tests
Rust	Test Rust workspace	2026-09-24T22:30:57.0117561Z 
Rust	Test Rust workspace	2026-09-24T22:30:57.0118311Z test result: ok. 0 passed; 0 failed; 0 ignored; 0 measured; 0 filtered out; finished in 0.00s
Rust	Test Rust workspace	2026-09-24T22:30:57.0118887Z 
Rust	Test Rust workspace	2026-09-24T22:30:57.0137520Z ^[[1m^[[92m   Doc-tests^[[0m rx_application
Rust	Test Rust workspace	2026-09-24T22:30:57.9464855Z 
Rust	Test Rust workspace	2026-09-24T22:30:57.9465387Z running 0 tests
Rust	Test Rust workspace	2026-09-24T22:30:57.9465711Z 
Rust	Test Rust workspace	2026-09-24T22:30:57.9466248Z test result: ok. 0 passed; 0 failed; 0 ignored; 0 measured; 0 filtered out; finished in 0.00s
Rust	Test Rust workspace	2026-09-24T22:30:57.9466696Z 
Rust	Test Rust workspace	2026-09-24T22:30:57.9482047Z ^[[1m^[[92m   Doc-tests^[[0m rx_domain
Rust	Test Rust workspace	2026-09-24T22:30:58.0865512Z 
Rust	Test Rust workspace	2026-09-24T22:30:58.0866031Z running 0 tests
Rust	Test Rust workspace	2026-09-24T22:30:58.0866249Z 
Rust	Test Rust workspace	2026-09-24T22:30:58.0866585Z test result: ok. 0 passed; 0 failed; 0 ignored; 0 measured; 0 filtered out; finished in 0.00s
Rust	Test Rust workspace	2026-09-24T22:30:58.0867031Z 
Rust	Test Rust workspace	2026-09-24T22:30:58.0878982Z ^[[1m^[[92m   Doc-tests^[[0m rx_host_client
Rust	Test Rust workspace	2026-09-24T22:30:58.1618976Z 
Rust	Test Rust workspace	2026-09-24T22:30:58.1619533Z running 0 tests
Rust	Test Rust workspace	2026-09-24T22:30:58.1619768Z 
Rust	Test Rust workspace	2026-09-24T22:30:58.1620200Z test result: ok. 0 passed; 0 failed; 0 ignored; 0 measured; 0 filtered out; finished in 0.00s
Rust	Test Rust workspace	2026-09-24T22:30:58.1620643Z 
Rust	Test Rust workspace	2026-09-24T22:30:58.1637770Z ^[[1m^[[92m   Doc-tests^[[0m rx_package
Rust	Test Rust workspace	2026-09-24T22:30:58.2709080Z 
Rust	Test Rust workspace	2026-09-24T22:30:58.2709577Z running 0 tests
Rust	Test Rust workspace	2026-09-24T22:30:58.2709817Z 
Rust	Test Rust workspace	2026-09-24T22:30:58.2710143Z test result: ok. 0 passed; 0 failed; 0 ignored; 0 measured; 0 filtered out; finished in 0.00s
Rust	Test Rust workspace	2026-09-24T22:30:58.2710576Z 
Rust	Test Rust workspace	2026-09-24T22:30:58.2725446Z ^[[1m^[[92m   Doc-tests^[[0m rx_platformd
Rust	Test Rust workspace	2026-09-24T22:30:58.3309322Z 
Rust	Test Rust workspace	2026-09-24T22:30:58.3309889Z running 0 tests
Rust	Test Rust workspace	2026-09-24T22:30:58.3310169Z 
Rust	Test Rust workspace	2026-09-24T22:30:58.3310651Z test result: ok. 0 passed; 0 failed; 0 ignored; 0 measured; 0 filtered out; finished in 0.00s
Rust	Test Rust workspace	2026-09-24T22:30:58.3311152Z 
Rust	Test Rust workspace	2026-09-24T22:30:58.3326626Z ^[[1m^[[92m   Doc-tests^[[0m rx_ports
Rust	Test Rust workspace	2026-09-24T22:30:58.3600845Z 
Rust	Test Rust workspace	2026-09-24T22:30:58.3601520Z running 0 tests
Rust	Test Rust workspace	2026-09-24T22:30:58.3602099Z 
Rust	Test Rust workspace	2026-09-24T22:30:58.3602618Z test result: ok. 0 passed; 0 failed; 0 ignored; 0 measured; 0 filtered out; finished in 0.00s
Rust	Test Rust workspace	2026-09-24T22:30:58.3603088Z 
Rust	Test Rust workspace	2026-09-24T22:30:58.3613668Z ^[[1m^[[92m   Doc-tests^[[0m rx_process_contract
Rust	Test Rust workspace	2026-09-24T22:30:58.5466102Z 
Rust	Test Rust workspace	2026-09-24T22:30:58.5466607Z running 0 tests
Rust	Test Rust workspace	2026-09-24T22:30:58.5466852Z 
Rust	Test Rust workspace	2026-09-24T22:30:58.5467556Z test result: ok. 0 passed; 0 failed; 0 ignored; 0 measured; 0 filtered out; finished in 0.00s
Rust	Test Rust workspace	2026-09-24T22:30:58.5468014Z 
Rust	Test Rust workspace	2026-09-24T22:30:58.5479645Z ^[[1m^[[92m   Doc-tests^[[0m rx_protocol
Rust	Test Rust workspace	2026-09-24T22:30:58.9179651Z 
Rust	Test Rust workspace	2026-09-24T22:30:58.9180355Z running 0 tests
Rust	Test Rust workspace	2026-09-24T22:30:58.9180982Z 
Rust	Test Rust workspace	2026-09-24T22:30:58.9181491Z test result: ok. 0 passed; 0 failed; 0 ignored; 0 measured; 0 filtered out; finished in 0.00s
Rust	Test Rust workspace	2026-09-24T22:30:58.9182036Z 
Rust	Test Rust workspace	2026-09-24T22:30:58.9198843Z ^[[1m^[[92m   Doc-tests^[[0m rx_protocol_adapter
Rust	Test Rust workspace	2026-09-24T22:30:58.9474191Z 
Rust	Test Rust workspace	2026-09-24T22:30:58.9474503Z running 0 tests
Rust	Test Rust workspace	2026-09-24T22:30:58.9474774Z 
Rust	Test Rust workspace	2026-09-24T22:30:58.9475216Z test result: ok. 0 passed; 0 failed; 0 ignored; 0 measured; 0 filtered out; finished in 0.00s
Rust	Test Rust workspace	2026-09-24T22:30:58.9475658Z 
Rust	Test Rust workspace	2026-09-24T22:30:58.9487843Z ^[[1m^[[92m   Doc-tests^[[0m rx_runtime
Rust	Test Rust workspace	2026-09-24T22:30:58.9850909Z 
Rust	Test Rust workspace	2026-09-24T22:30:58.9851449Z running 0 tests
Rust	Test Rust workspace	2026-09-24T22:30:58.9851697Z 
Rust	Test Rust workspace	2026-09-24T22:30:58.9852165Z test result: ok. 0 passed; 0 failed; 0 ignored; 0 measured; 0 filtered out; finished in 0.00s
Rust	Test Rust workspace	2026-09-24T22:30:58.9852653Z 
Rust	Test Rust workspace	2026-09-24T22:30:58.9863690Z ^[[1m^[[92m   Doc-tests^[[0m rx_storage
Rust	Test Rust workspace	2026-09-24T22:30:59.0097174Z 
Rust	Test Rust workspace	2026-09-24T22:30:59.0097578Z running 2 tests
Rust	Test Rust workspace	2026-09-24T22:30:59.0339690Z test crates/rx-storage/src/ownership.rs - ownership::ExclusiveFileLock (line 15) - compile fail ... ok
Rust	Test Rust workspace	2026-09-24T22:30:59.0467631Z test crates/rx-storage/src/ownership.rs - ownership::ExclusiveFileLock (line 11) - compile fail ... ok
Rust	Test Rust workspace	2026-09-24T22:30:59.0468181Z 
Rust	Test Rust workspace	2026-09-24T22:30:59.0468465Z test result: ok. 2 passed; 0 failed; 0 ignored; 0 measured; 0 filtered out; finished in 0.04s
Rust	Test Rust workspace	2026-09-24T22:30:59.0469227Z 
Rust	Post Run actions/cache@0057852bfaa89a56745cba8c7296529d2fc39830	﻿2026-09-24T22:30:59.1084630Z Post job cleanup.
Rust	Post Run actions/cache@0057852bfaa89a56745cba8c7296529d2fc39830	2026-09-24T22:30:59.1987049Z (node:15388) [DEP0040] DeprecationWarning: The `punycode` module is deprecated. Please use a userland alternative instead.
Rust	Post Run actions/cache@0057852bfaa89a56745cba8c7296529d2fc39830	2026-09-24T22:30:59.1988057Z (Use `node --trace-deprecation ...` to show where the warning was created)
Rust	Post Run actions/cache@0057852bfaa89a56745cba8c7296529d2fc39830	2026-09-24T22:30:59.2144194Z [command]/usr/bin/tar --posix -cf cache.tzst --exclude cache.tzst -P -C /home/runner/work/rx-platform/rx-platform --files-from manifest.txt --use-compress-program zstdmt
Rust	Post Run actions/cache@0057852bfaa89a56745cba8c7296529d2fc39830	2026-09-24T22:31:17.6359862Z (node:15388) [DEP0169] DeprecationWarning: `url.parse()` behavior is not standardized and prone to errors that have security implications. Use the WHATWG URL API instead. CVEs are not issued for `url.parse()` vulnerabilities.
Rust	Post Run actions/cache@0057852bfaa89a56745cba8c7296529d2fc39830	2026-09-24T22:31:18.6232107Z Sent 268435456 of 2583030887 (10.4%), 256.0 MBs/sec
Rust	Post Run actions/cache@0057852bfaa89a56745cba8c7296529d2fc39830	2026-09-24T22:31:19.6237940Z Sent 805306368 of 2583030887 (31.2%), 383.8 MBs/sec
Rust	Post Run actions/cache@0057852bfaa89a56745cba8c7296529d2fc39830	2026-09-24T22:31:20.6285530Z Sent 1476395008 of 2583030887 (57.2%), 469.2 MBs/sec
Rust	Post Run actions/cache@0057852bfaa89a56745cba8c7296529d2fc39830	2026-09-24T22:31:21.6255448Z Sent 1946157056 of 2583030887 (75.3%), 463.9 MBs/sec
Rust	Post Run actions/cache@0057852bfaa89a56745cba8c7296529d2fc39830	2026-09-24T22:31:22.6231536Z Sent 2515922023 of 2583030887 (97.4%), 479.9 MBs/sec
Rust	Post Run actions/cache@0057852bfaa89a56745cba8c7296529d2fc39830	2026-09-24T22:31:22.7118419Z Sent 2583030887 of 2583030887 (100.0%), 484.1 MBs/sec
Rust	Post Run actions/cache@0057852bfaa89a56745cba8c7296529d2fc39830	2026-09-24T22:31:23.1511108Z Cache saved with key: Linux-X64-rust-f2a3178d4ba5ae534a189969bf71e095285629a428ae82534301cc5c2d1bc24b
Rust	Post Run actions/checkout@11d5960a326750d5838078e36cf38b85af677262	﻿2026-09-24T22:31:23.1697815Z Post job cleanup.
Rust	Post Run actions/checkout@11d5960a326750d5838078e36cf38b85af677262	2026-09-24T22:31:23.2481637Z [command]/usr/bin/git version
Rust	Post Run actions/checkout@11d5960a326750d5838078e36cf38b85af677262	2026-09-24T22:31:23.2516968Z git version 2.55.0
Rust	Post Run actions/checkout@11d5960a326750d5838078e36cf38b85af677262	2026-09-24T22:31:23.2545563Z Temporarily overriding HOME='/home/runner/work/_temp/37aa1ea6-6ab7-4bae-aaf4-4ef7069c8ce7' before making global git config changes
Rust	Post Run actions/checkout@11d5960a326750d5838078e36cf38b85af677262	2026-09-24T22:31:23.2546569Z Adding repository directory to the temporary git global config as a safe directory
Rust	Post Run actions/checkout@11d5960a326750d5838078e36cf38b85af677262	2026-09-24T22:31:23.2550154Z [command]/usr/bin/git config --global --add safe.directory /home/runner/work/rx-platform/rx-platform
Rust	Post Run actions/checkout@11d5960a326750d5838078e36cf38b85af677262	2026-09-24T22:31:23.2581450Z [command]/usr/bin/git config --local --name-only --get-regexp core\.sshCommand
Rust	Post Run actions/checkout@11d5960a326750d5838078e36cf38b85af677262	2026-09-24T22:31:23.2608845Z [command]/usr/bin/git submodule foreach --recursive sh -c "git config --local --name-only --get-regexp 'core\.sshCommand' && git config --local --unset-all 'core.sshCommand' || :"
Rust	Post Run actions/checkout@11d5960a326750d5838078e36cf38b85af677262	2026-09-24T22:31:23.3148183Z [command]/usr/bin/git config --local --name-only --get-regexp http\.https\:\/\/github\.com\/\.extraheader
Rust	Post Run actions/checkout@11d5960a326750d5838078e36cf38b85af677262	2026-09-24T22:31:23.3183865Z [command]/usr/bin/git submodule foreach --recursive sh -c "git config --local --name-only --get-regexp 'http\.https\:\/\/github\.com\/\.extraheader' && git config --local --unset-all 'http.https://github.com/.extraheader' || :"
Rust	Post Run actions/checkout@11d5960a326750d5838078e36cf38b85af677262	2026-09-24T22:31:23.3397482Z [command]/usr/bin/git config --local --name-only --get-regexp ^includeIf\.gitdir:
Rust	Post Run actions/checkout@11d5960a326750d5838078e36cf38b85af677262	2026-09-24T22:31:23.3427199Z [command]/usr/bin/git submodule foreach --recursive git config --local --show-origin --name-only --get-regexp remote.origin.url
Rust	Complete job	﻿2026-09-24T22:31:23.3852483Z Cleaning up orphan processes
Rust	Complete job	2026-09-24T22:31:23.4218288Z ##[warning]Node.js 20 is deprecated. The following actions target Node.js 20 but are being forced to run on Node.js 24: actions/cache@0057852bfaa89a56745cba8c7296529d2fc39830, actions/checkout@11d5960a326750d5838078e36cf38b85af677262. For more information see: https://github.blog/changelog/2025-09-19-deprecation-of-node-20-on-github-actions-runners/
Branch CI	Set up job	﻿2026-09-24T22:31:27.9081057Z Current runner version: '2.337.0'
Branch CI	Set up job	2026-09-24T22:31:27.9118450Z ##[group]Runner Image Provisioner
Branch CI	Set up job	2026-09-24T22:31:27.9119919Z Hosted Compute Agent
Branch CI	Set up job	2026-09-24T22:31:27.9121386Z Version: 20260828.587
Branch CI	Set up job	2026-09-24T22:31:27.9122557Z Commit: abac92662cab4cc7352de4f9f9d2e2419aad9c29
Branch CI	Set up job	2026-09-24T22:31:27.9123883Z Build Date: 2026-08-28T16:44:25Z
Branch CI	Set up job	2026-09-24T22:31:27.9125302Z Worker ID: {b08c83bb-e26f-4b0b-8d4b-e37e06fe81b1}
Branch CI	Set up job	2026-09-24T22:31:27.9126668Z Azure Region: eastus2
Branch CI	Set up job	2026-09-24T22:31:27.9127738Z ##[endgroup]
Branch CI	Set up job	2026-09-24T22:31:27.9130078Z ##[group]Operating System
Branch CI	Set up job	2026-09-24T22:31:27.9131939Z Ubuntu
Branch CI	Set up job	2026-09-24T22:31:27.9132964Z 24.04.5
Branch CI	Set up job	2026-09-24T22:31:27.9133774Z LTS
Branch CI	Set up job	2026-09-24T22:31:27.9134736Z ##[endgroup]
Branch CI	Set up job	2026-09-24T22:31:27.9135646Z ##[group]Runner Image
Branch CI	Set up job	2026-09-24T22:31:27.9136801Z Image: ubuntu-24.04
Branch CI	Set up job	2026-09-24T22:31:27.9137849Z Version: 20260920.314.1
Branch CI	Set up job	2026-09-24T22:31:27.9139961Z Included Software: https://github.com/actions/runner-images/blob/ubuntu24/20260920.314/images/ubuntu/Ubuntu2404-Readme.md
Branch CI	Set up job	2026-09-24T22:31:27.9143348Z Image Release: https://github.com/actions/runner-images/releases/tag/ubuntu24%2F20260920.314
Branch CI	Set up job	2026-09-24T22:31:27.9145261Z ##[endgroup]
Branch CI	Set up job	2026-09-24T22:31:27.9147362Z ##[group]GITHUB_TOKEN Permissions
Branch CI	Set up job	2026-09-24T22:31:27.9150620Z Contents: read
Branch CI	Set up job	2026-09-24T22:31:27.9151612Z Metadata: read
Branch CI	Set up job	2026-09-24T22:31:27.9152682Z ##[endgroup]
Branch CI	Set up job	2026-09-24T22:31:27.9155712Z Secret source: Actions
Branch CI	Set up job	2026-09-24T22:31:27.9157549Z Cache mode: write
Branch CI	Set up job	2026-09-24T22:31:27.9159059Z Prepare workflow directory
Branch CI	Set up job	2026-09-24T22:31:27.9735295Z Prepare all required actions
Branch CI	Set up job	2026-09-24T22:31:27.9798442Z Complete job name: Branch CI
Branch CI	Require every validation job to pass	﻿2026-09-24T22:31:28.0596094Z ##[group]Run python3 - <<'PYTHON'
Branch CI	Require every validation job to pass	2026-09-24T22:31:28.0597062Z ^[[36;1mpython3 - <<'PYTHON'^[[0m
Branch CI	Require every validation job to pass	2026-09-24T22:31:28.0597713Z ^[[36;1mimport json, os, sys^[[0m
Branch CI	Require every validation job to pass	2026-09-24T22:31:28.0598486Z ^[[36;1mresults = json.loads(os.environ["NEEDS"])^[[0m
Branch CI	Require every validation job to pass	2026-09-24T22:31:28.0599733Z ^[[36;1mfailed = {name: value["result"] for name, value in results.items() if value["result"] != "success"}^[[0m
Branch CI	Require every validation job to pass	2026-09-24T22:31:28.0600955Z ^[[36;1mif failed:^[[0m
Branch CI	Require every validation job to pass	2026-09-24T22:31:28.0601775Z ^[[36;1m    sys.exit(f"Required validation jobs did not pass: {failed}")^[[0m
Branch CI	Require every validation job to pass	2026-09-24T22:31:28.0602695Z ^[[36;1mprint("All required validation jobs passed.")^[[0m
Branch CI	Require every validation job to pass	2026-09-24T22:31:28.0603412Z ^[[36;1mPYTHON^[[0m
Branch CI	Require every validation job to pass	2026-09-24T22:31:28.1501038Z shell: /usr/bin/bash --noprofile --norc -e -o pipefail {0}
Branch CI	Require every validation job to pass	2026-09-24T22:31:28.1502466Z env:
Branch CI	Require every validation job to pass	2026-09-24T22:31:28.1503483Z   NEEDS: {
Branch CI	Require every validation job to pass	  "repository": {
Branch CI	Require every validation job to pass	    "result": "success",
Branch CI	Require every validation job to pass	    "outputs": {}
Branch CI	Require every validation job to pass	  },
Branch CI	Require every validation job to pass	  "rust": {
Branch CI	Require every validation job to pass	    "result": "success",
Branch CI	Require every validation job to pass	    "outputs": {}
Branch CI	Require every validation job to pass	  }
Branch CI	Require every validation job to pass	}
Branch CI	Require every validation job to pass	2026-09-24T22:31:28.1504725Z ##[endgroup]
Branch CI	Require every validation job to pass	2026-09-24T22:31:28.1904433Z All required validation jobs passed.
Branch CI	Complete job	﻿2026-09-24T22:31:28.2075624Z Cleaning up orphan processes
