Repository and GitFlow	Set up job	﻿2026-09-24T22:40:55.9178090Z Current runner version: '2.337.0'
Repository and GitFlow	Set up job	2026-09-24T22:40:55.9204827Z ##[group]Runner Image Provisioner
Repository and GitFlow	Set up job	2026-09-24T22:40:55.9205768Z Hosted Compute Agent
Repository and GitFlow	Set up job	2026-09-24T22:40:55.9206467Z Version: 20260828.587
Repository and GitFlow	Set up job	2026-09-24T22:40:55.9207115Z Commit: abac92662cab4cc7352de4f9f9d2e2419aad9c29
Repository and GitFlow	Set up job	2026-09-24T22:40:55.9207882Z Build Date: 2026-08-28T16:44:25Z
Repository and GitFlow	Set up job	2026-09-24T22:40:55.9208611Z Worker ID: {b376c2aa-a4bc-4c65-8ff3-6fd0e2cb4dbc}
Repository and GitFlow	Set up job	2026-09-24T22:40:55.9209370Z Azure Region: eastus
Repository and GitFlow	Set up job	2026-09-24T22:40:55.9210373Z ##[endgroup]
Repository and GitFlow	Set up job	2026-09-24T22:40:55.9212874Z ##[group]Operating System
Repository and GitFlow	Set up job	2026-09-24T22:40:55.9213587Z Ubuntu
Repository and GitFlow	Set up job	2026-09-24T22:40:55.9214320Z 24.04.5
Repository and GitFlow	Set up job	2026-09-24T22:40:55.9214830Z LTS
Repository and GitFlow	Set up job	2026-09-24T22:40:55.9215384Z ##[endgroup]
Repository and GitFlow	Set up job	2026-09-24T22:40:55.9215962Z ##[group]Runner Image
Repository and GitFlow	Set up job	2026-09-24T22:40:55.9216601Z Image: ubuntu-24.04
Repository and GitFlow	Set up job	2026-09-24T22:40:55.9217207Z Version: 20260920.314.1
Repository and GitFlow	Set up job	2026-09-24T22:40:55.9218270Z Included Software: https://github.com/actions/runner-images/blob/ubuntu24/20260920.314/images/ubuntu/Ubuntu2404-Readme.md
Repository and GitFlow	Set up job	2026-09-24T22:40:55.9220136Z Image Release: https://github.com/actions/runner-images/releases/tag/ubuntu24%2F20260920.314
Repository and GitFlow	Set up job	2026-09-24T22:40:55.9221333Z ##[endgroup]
Repository and GitFlow	Set up job	2026-09-24T22:40:55.9222561Z ##[group]GITHUB_TOKEN Permissions
Repository and GitFlow	Set up job	2026-09-24T22:40:55.9224718Z Contents: read
Repository and GitFlow	Set up job	2026-09-24T22:40:55.9225363Z Metadata: read
Repository and GitFlow	Set up job	2026-09-24T22:40:55.9225910Z ##[endgroup]
Repository and GitFlow	Set up job	2026-09-24T22:40:55.9228172Z Secret source: Actions
Repository and GitFlow	Set up job	2026-09-24T22:40:55.9229226Z Cache mode: write
Repository and GitFlow	Set up job	2026-09-24T22:40:55.9230269Z Prepare workflow directory
Repository and GitFlow	Set up job	2026-09-24T22:40:55.9640445Z Prepare all required actions
Repository and GitFlow	Set up job	2026-09-24T22:40:55.9691551Z Getting action download info
Repository and GitFlow	Set up job	2026-09-24T22:40:56.1907431Z Download action repository 'actions/checkout@11d5960a326750d5838078e36cf38b85af677262' (SHA:11d5960a326750d5838078e36cf38b85af677262)
Repository and GitFlow	Set up job	2026-09-24T22:40:56.4158928Z Complete job name: Repository and GitFlow
Repository and GitFlow	Run actions/checkout@11d5960a326750d5838078e36cf38b85af677262	﻿2026-09-24T22:40:56.4986810Z ##[group]Run actions/checkout@11d5960a326750d5838078e36cf38b85af677262
Repository and GitFlow	Run actions/checkout@11d5960a326750d5838078e36cf38b85af677262	2026-09-24T22:40:56.4987912Z with:
Repository and GitFlow	Run actions/checkout@11d5960a326750d5838078e36cf38b85af677262	2026-09-24T22:40:56.4988379Z   persist-credentials: false
Repository and GitFlow	Run actions/checkout@11d5960a326750d5838078e36cf38b85af677262	2026-09-24T22:40:56.4988914Z   fetch-depth: 0
Repository and GitFlow	Run actions/checkout@11d5960a326750d5838078e36cf38b85af677262	2026-09-24T22:40:56.4989378Z   repository: jack0682/rx-solutions
Repository and GitFlow	Run actions/checkout@11d5960a326750d5838078e36cf38b85af677262	2026-09-24T22:40:56.4993356Z   token: ***
Repository and GitFlow	Run actions/checkout@11d5960a326750d5838078e36cf38b85af677262	2026-09-24T22:40:56.4993798Z   ssh-strict: true
Repository and GitFlow	Run actions/checkout@11d5960a326750d5838078e36cf38b85af677262	2026-09-24T22:40:56.4994233Z   ssh-user: git
Repository and GitFlow	Run actions/checkout@11d5960a326750d5838078e36cf38b85af677262	2026-09-24T22:40:56.4994653Z   clean: true
Repository and GitFlow	Run actions/checkout@11d5960a326750d5838078e36cf38b85af677262	2026-09-24T22:40:56.4995094Z   sparse-checkout-cone-mode: true
Repository and GitFlow	Run actions/checkout@11d5960a326750d5838078e36cf38b85af677262	2026-09-24T22:40:56.4995616Z   fetch-tags: false
Repository and GitFlow	Run actions/checkout@11d5960a326750d5838078e36cf38b85af677262	2026-09-24T22:40:56.4996064Z   show-progress: true
Repository and GitFlow	Run actions/checkout@11d5960a326750d5838078e36cf38b85af677262	2026-09-24T22:40:56.4996507Z   lfs: false
Repository and GitFlow	Run actions/checkout@11d5960a326750d5838078e36cf38b85af677262	2026-09-24T22:40:56.4996928Z   submodules: false
Repository and GitFlow	Run actions/checkout@11d5960a326750d5838078e36cf38b85af677262	2026-09-24T22:40:56.4997381Z   set-safe-directory: true
Repository and GitFlow	Run actions/checkout@11d5960a326750d5838078e36cf38b85af677262	2026-09-24T22:40:56.4997890Z   allow-unsafe-pr-checkout: false
Repository and GitFlow	Run actions/checkout@11d5960a326750d5838078e36cf38b85af677262	2026-09-24T22:40:56.4998811Z ##[endgroup]
Repository and GitFlow	Run actions/checkout@11d5960a326750d5838078e36cf38b85af677262	2026-09-24T22:40:56.5998417Z Syncing repository: jack0682/rx-solutions
Repository and GitFlow	Run actions/checkout@11d5960a326750d5838078e36cf38b85af677262	2026-09-24T22:40:56.6000850Z ##[group]Getting Git version info
Repository and GitFlow	Run actions/checkout@11d5960a326750d5838078e36cf38b85af677262	2026-09-24T22:40:56.6002158Z Working directory is '/home/runner/work/rx-solutions/rx-solutions'
Repository and GitFlow	Run actions/checkout@11d5960a326750d5838078e36cf38b85af677262	2026-09-24T22:40:56.6003476Z [command]/usr/bin/git version
Repository and GitFlow	Run actions/checkout@11d5960a326750d5838078e36cf38b85af677262	2026-09-24T22:40:56.6118124Z git version 2.55.0
Repository and GitFlow	Run actions/checkout@11d5960a326750d5838078e36cf38b85af677262	2026-09-24T22:40:56.6145510Z ##[endgroup]
Repository and GitFlow	Run actions/checkout@11d5960a326750d5838078e36cf38b85af677262	2026-09-24T22:40:56.6163488Z Temporarily overriding HOME='/home/runner/work/_temp/61b93a96-9ba9-435c-a3fc-0a83df3fb0ba' before making global git config changes
Repository and GitFlow	Run actions/checkout@11d5960a326750d5838078e36cf38b85af677262	2026-09-24T22:40:56.6166076Z Adding repository directory to the temporary git global config as a safe directory
Repository and GitFlow	Run actions/checkout@11d5960a326750d5838078e36cf38b85af677262	2026-09-24T22:40:56.6169468Z [command]/usr/bin/git config --global --add safe.directory /home/runner/work/rx-solutions/rx-solutions
Repository and GitFlow	Run actions/checkout@11d5960a326750d5838078e36cf38b85af677262	2026-09-24T22:40:56.6227856Z Deleting the contents of '/home/runner/work/rx-solutions/rx-solutions'
Repository and GitFlow	Run actions/checkout@11d5960a326750d5838078e36cf38b85af677262	2026-09-24T22:40:56.6236989Z ##[group]Initializing the repository
Repository and GitFlow	Run actions/checkout@11d5960a326750d5838078e36cf38b85af677262	2026-09-24T22:40:56.6247430Z [command]/usr/bin/git init /home/runner/work/rx-solutions/rx-solutions
Repository and GitFlow	Run actions/checkout@11d5960a326750d5838078e36cf38b85af677262	2026-09-24T22:40:56.6357111Z hint: Using 'master' as the name for the initial branch. This default branch name
Repository and GitFlow	Run actions/checkout@11d5960a326750d5838078e36cf38b85af677262	2026-09-24T22:40:56.6358897Z hint: will change to "main" in Git 3.0. To configure the initial branch name
Repository and GitFlow	Run actions/checkout@11d5960a326750d5838078e36cf38b85af677262	2026-09-24T22:40:56.6377459Z hint: to use in all of your new repositories, which will suppress this warning,
Repository and GitFlow	Run actions/checkout@11d5960a326750d5838078e36cf38b85af677262	2026-09-24T22:40:56.6379435Z hint: call:
Repository and GitFlow	Run actions/checkout@11d5960a326750d5838078e36cf38b85af677262	2026-09-24T22:40:56.6380328Z hint:
Repository and GitFlow	Run actions/checkout@11d5960a326750d5838078e36cf38b85af677262	2026-09-24T22:40:56.6381488Z hint: 	git config --global init.defaultBranch <name>
Repository and GitFlow	Run actions/checkout@11d5960a326750d5838078e36cf38b85af677262	2026-09-24T22:40:56.6382217Z hint:
Repository and GitFlow	Run actions/checkout@11d5960a326750d5838078e36cf38b85af677262	2026-09-24T22:40:56.6382825Z hint: Names commonly chosen instead of 'master' are 'main', 'trunk' and
Repository and GitFlow	Run actions/checkout@11d5960a326750d5838078e36cf38b85af677262	2026-09-24T22:40:56.6383751Z hint: 'development'. The just-created branch can be renamed via this command:
Repository and GitFlow	Run actions/checkout@11d5960a326750d5838078e36cf38b85af677262	2026-09-24T22:40:56.6384484Z hint:
Repository and GitFlow	Run actions/checkout@11d5960a326750d5838078e36cf38b85af677262	2026-09-24T22:40:56.6384900Z hint: 	git branch -m <name>
Repository and GitFlow	Run actions/checkout@11d5960a326750d5838078e36cf38b85af677262	2026-09-24T22:40:56.6385373Z hint:
Repository and GitFlow	Run actions/checkout@11d5960a326750d5838078e36cf38b85af677262	2026-09-24T22:40:56.6385990Z hint: Disable this message with "git config set advice.defaultBranchName false"
Repository and GitFlow	Run actions/checkout@11d5960a326750d5838078e36cf38b85af677262	2026-09-24T22:40:56.6386999Z Initialized empty Git repository in /home/runner/work/rx-solutions/rx-solutions/.git/
Repository and GitFlow	Run actions/checkout@11d5960a326750d5838078e36cf38b85af677262	2026-09-24T22:40:56.6388742Z [command]/usr/bin/git remote add origin https://github.com/jack0682/rx-solutions
Repository and GitFlow	Run actions/checkout@11d5960a326750d5838078e36cf38b85af677262	2026-09-24T22:40:56.6430921Z ##[endgroup]
Repository and GitFlow	Run actions/checkout@11d5960a326750d5838078e36cf38b85af677262	2026-09-24T22:40:56.6432544Z ##[group]Disabling automatic garbage collection
Repository and GitFlow	Run actions/checkout@11d5960a326750d5838078e36cf38b85af677262	2026-09-24T22:40:56.6435436Z [command]/usr/bin/git config --local gc.auto 0
Repository and GitFlow	Run actions/checkout@11d5960a326750d5838078e36cf38b85af677262	2026-09-24T22:40:56.6475404Z ##[endgroup]
Repository and GitFlow	Run actions/checkout@11d5960a326750d5838078e36cf38b85af677262	2026-09-24T22:40:56.6476730Z ##[group]Setting up auth
Repository and GitFlow	Run actions/checkout@11d5960a326750d5838078e36cf38b85af677262	2026-09-24T22:40:56.6483096Z [command]/usr/bin/git config --local --name-only --get-regexp core\.sshCommand
Repository and GitFlow	Run actions/checkout@11d5960a326750d5838078e36cf38b85af677262	2026-09-24T22:40:56.6521351Z [command]/usr/bin/git submodule foreach --recursive sh -c "git config --local --name-only --get-regexp 'core\.sshCommand' && git config --local --unset-all 'core.sshCommand' || :"
Repository and GitFlow	Run actions/checkout@11d5960a326750d5838078e36cf38b85af677262	2026-09-24T22:40:56.6965601Z [command]/usr/bin/git config --local --name-only --get-regexp http\.https\:\/\/github\.com\/\.extraheader
Repository and GitFlow	Run actions/checkout@11d5960a326750d5838078e36cf38b85af677262	2026-09-24T22:40:56.7002027Z [command]/usr/bin/git submodule foreach --recursive sh -c "git config --local --name-only --get-regexp 'http\.https\:\/\/github\.com\/\.extraheader' && git config --local --unset-all 'http.https://github.com/.extraheader' || :"
Repository and GitFlow	Run actions/checkout@11d5960a326750d5838078e36cf38b85af677262	2026-09-24T22:40:56.7233376Z [command]/usr/bin/git config --local --name-only --get-regexp ^includeIf\.gitdir:
Repository and GitFlow	Run actions/checkout@11d5960a326750d5838078e36cf38b85af677262	2026-09-24T22:40:56.7271795Z [command]/usr/bin/git submodule foreach --recursive git config --local --show-origin --name-only --get-regexp remote.origin.url
Repository and GitFlow	Run actions/checkout@11d5960a326750d5838078e36cf38b85af677262	2026-09-24T22:40:56.7501811Z [command]/usr/bin/git config --local http.https://github.com/.extraheader AUTHORIZATION: basic ***
Repository and GitFlow	Run actions/checkout@11d5960a326750d5838078e36cf38b85af677262	2026-09-24T22:40:56.7543725Z ##[endgroup]
Repository and GitFlow	Run actions/checkout@11d5960a326750d5838078e36cf38b85af677262	2026-09-24T22:40:56.7544689Z ##[group]Fetching the repository
Repository and GitFlow	Run actions/checkout@11d5960a326750d5838078e36cf38b85af677262	2026-09-24T22:40:56.7553801Z [command]/usr/bin/git -c protocol.version=2 fetch --prune --no-recurse-submodules origin +refs/heads/*:refs/remotes/origin/* +refs/tags/*:refs/tags/*
Repository and GitFlow	Run actions/checkout@11d5960a326750d5838078e36cf38b85af677262	2026-09-24T22:40:57.1698309Z From https://github.com/jack0682/rx-solutions
Repository and GitFlow	Run actions/checkout@11d5960a326750d5838078e36cf38b85af677262	2026-09-24T22:40:57.1700008Z  * [new branch]      develop                 -> origin/develop
Repository and GitFlow	Run actions/checkout@11d5960a326750d5838078e36cf38b85af677262	2026-09-24T22:40:57.1701722Z  * [new branch]      main                    -> origin/main
Repository and GitFlow	Run actions/checkout@11d5960a326750d5838078e36cf38b85af677262	2026-09-24T22:40:57.1703432Z  * [new tag]         archive/initial-draft-2026-09-14 -> archive/initial-draft-2026-09-14
Repository and GitFlow	Run actions/checkout@11d5960a326750d5838078e36cf38b85af677262	2026-09-24T22:40:57.1705559Z  * [new tag]         archive/investigation-wip-2026-09-14 -> archive/investigation-wip-2026-09-14
Repository and GitFlow	Run actions/checkout@11d5960a326750d5838078e36cf38b85af677262	2026-09-24T22:40:57.1706814Z  * [new tag]         codex/initial-draft     -> codex/initial-draft
Repository and GitFlow	Run actions/checkout@11d5960a326750d5838078e36cf38b85af677262	2026-09-24T22:40:57.1707765Z  * [new tag]         codex/investigation-wip -> codex/investigation-wip
Repository and GitFlow	Run actions/checkout@11d5960a326750d5838078e36cf38b85af677262	2026-09-24T22:40:57.1708727Z  * [new tag]         draft-v0.1              -> draft-v0.1
Repository and GitFlow	Run actions/checkout@11d5960a326750d5838078e36cf38b85af677262	2026-09-24T22:40:57.1711719Z [command]/usr/bin/git branch --list --remote origin/develop
Repository and GitFlow	Run actions/checkout@11d5960a326750d5838078e36cf38b85af677262	2026-09-24T22:40:57.1742281Z   origin/develop
Repository and GitFlow	Run actions/checkout@11d5960a326750d5838078e36cf38b85af677262	2026-09-24T22:40:57.1751773Z [command]/usr/bin/git rev-parse refs/remotes/origin/develop
Repository and GitFlow	Run actions/checkout@11d5960a326750d5838078e36cf38b85af677262	2026-09-24T22:40:57.1779567Z ed3d90f9bd1e54e78023b77ae399b4d237c8e4b4
Repository and GitFlow	Run actions/checkout@11d5960a326750d5838078e36cf38b85af677262	2026-09-24T22:40:57.1823379Z ##[endgroup]
Repository and GitFlow	Run actions/checkout@11d5960a326750d5838078e36cf38b85af677262	2026-09-24T22:40:57.1824808Z ##[group]Determining the checkout info
Repository and GitFlow	Run actions/checkout@11d5960a326750d5838078e36cf38b85af677262	2026-09-24T22:40:57.1826721Z ##[endgroup]
Repository and GitFlow	Run actions/checkout@11d5960a326750d5838078e36cf38b85af677262	2026-09-24T22:40:57.1827815Z [command]/usr/bin/git sparse-checkout disable
Repository and GitFlow	Run actions/checkout@11d5960a326750d5838078e36cf38b85af677262	2026-09-24T22:40:57.1872157Z [command]/usr/bin/git config --local --unset-all extensions.worktreeConfig
Repository and GitFlow	Run actions/checkout@11d5960a326750d5838078e36cf38b85af677262	2026-09-24T22:40:57.1927274Z ##[group]Checking out the ref
Repository and GitFlow	Run actions/checkout@11d5960a326750d5838078e36cf38b85af677262	2026-09-24T22:40:57.1929311Z [command]/usr/bin/git checkout --progress --force -B develop refs/remotes/origin/develop
Repository and GitFlow	Run actions/checkout@11d5960a326750d5838078e36cf38b85af677262	2026-09-24T22:40:57.2435132Z Switched to a new branch 'develop'
Repository and GitFlow	Run actions/checkout@11d5960a326750d5838078e36cf38b85af677262	2026-09-24T22:40:57.2440738Z branch 'develop' set up to track 'origin/develop'.
Repository and GitFlow	Run actions/checkout@11d5960a326750d5838078e36cf38b85af677262	2026-09-24T22:40:57.2448582Z ##[endgroup]
Repository and GitFlow	Run actions/checkout@11d5960a326750d5838078e36cf38b85af677262	2026-09-24T22:40:57.2497097Z [command]/usr/bin/git log -1 --format=%H
Repository and GitFlow	Run actions/checkout@11d5960a326750d5838078e36cf38b85af677262	2026-09-24T22:40:57.2525730Z ed3d90f9bd1e54e78023b77ae399b4d237c8e4b4
Repository and GitFlow	Run actions/checkout@11d5960a326750d5838078e36cf38b85af677262	2026-09-24T22:40:57.2535586Z ##[group]Removing auth
Repository and GitFlow	Run actions/checkout@11d5960a326750d5838078e36cf38b85af677262	2026-09-24T22:40:57.2539673Z [command]/usr/bin/git config --local --name-only --get-regexp core\.sshCommand
Repository and GitFlow	Run actions/checkout@11d5960a326750d5838078e36cf38b85af677262	2026-09-24T22:40:57.2572149Z [command]/usr/bin/git submodule foreach --recursive sh -c "git config --local --name-only --get-regexp 'core\.sshCommand' && git config --local --unset-all 'core.sshCommand' || :"
Repository and GitFlow	Run actions/checkout@11d5960a326750d5838078e36cf38b85af677262	2026-09-24T22:40:57.2797265Z [command]/usr/bin/git config --local --name-only --get-regexp http\.https\:\/\/github\.com\/\.extraheader
Repository and GitFlow	Run actions/checkout@11d5960a326750d5838078e36cf38b85af677262	2026-09-24T22:40:57.2825948Z http.https://github.com/.extraheader
Repository and GitFlow	Run actions/checkout@11d5960a326750d5838078e36cf38b85af677262	2026-09-24T22:40:57.2835076Z [command]/usr/bin/git config --local --unset-all http.https://github.com/.extraheader
Repository and GitFlow	Run actions/checkout@11d5960a326750d5838078e36cf38b85af677262	2026-09-24T22:40:57.2869972Z [command]/usr/bin/git submodule foreach --recursive sh -c "git config --local --name-only --get-regexp 'http\.https\:\/\/github\.com\/\.extraheader' && git config --local --unset-all 'http.https://github.com/.extraheader' || :"
Repository and GitFlow	Run actions/checkout@11d5960a326750d5838078e36cf38b85af677262	2026-09-24T22:40:57.3096415Z [command]/usr/bin/git config --local --name-only --get-regexp ^includeIf\.gitdir:
Repository and GitFlow	Run actions/checkout@11d5960a326750d5838078e36cf38b85af677262	2026-09-24T22:40:57.3131543Z [command]/usr/bin/git submodule foreach --recursive git config --local --show-origin --name-only --get-regexp remote.origin.url
Repository and GitFlow	Run actions/checkout@11d5960a326750d5838078e36cf38b85af677262	2026-09-24T22:40:57.3349407Z ##[endgroup]
Repository and GitFlow	Test repository checks	﻿2026-09-24T22:40:57.3564021Z ##[group]Run python3 .github/test_repository.py
Repository and GitFlow	Test repository checks	2026-09-24T22:40:57.3565005Z ^[[36;1mpython3 .github/test_repository.py^[[0m
Repository and GitFlow	Test repository checks	2026-09-24T22:40:57.3565803Z ^[[36;1mpython3 .github/test_commit_policy.py^[[0m
Repository and GitFlow	Test repository checks	2026-09-24T22:40:57.3864340Z shell: /usr/bin/bash --noprofile --norc -e -o pipefail {0}
Repository and GitFlow	Test repository checks	2026-09-24T22:40:57.3865324Z ##[endgroup]
Repository and GitFlow	Test repository checks	2026-09-24T22:40:57.5887995Z ........................
Repository and GitFlow	Test repository checks	2026-09-24T22:40:57.5889372Z ----------------------------------------------------------------------
Repository and GitFlow	Test repository checks	2026-09-24T22:40:57.5890664Z Ran 24 tests in 0.012s
Repository and GitFlow	Test repository checks	2026-09-24T22:40:57.5891409Z 
Repository and GitFlow	Test repository checks	2026-09-24T22:40:57.5891708Z OK
Repository and GitFlow	Test repository checks	2026-09-24T22:41:01.5271483Z .................
Repository and GitFlow	Test repository checks	2026-09-24T22:41:01.5272332Z ----------------------------------------------------------------------
Repository and GitFlow	Test repository checks	2026-09-24T22:41:01.5273007Z Ran 17 tests in 3.846s
Repository and GitFlow	Test repository checks	2026-09-24T22:41:01.5273288Z 
Repository and GitFlow	Test repository checks	2026-09-24T22:41:01.5273439Z OK
Repository and GitFlow	Test browser server lifecycle helper	﻿2026-09-24T22:41:01.5448546Z ##[group]Run python3 apps/operator/tests/test_with_servers.py
Repository and GitFlow	Test browser server lifecycle helper	2026-09-24T22:41:01.5449145Z ^[[36;1mpython3 apps/operator/tests/test_with_servers.py^[[0m
Repository and GitFlow	Test browser server lifecycle helper	2026-09-24T22:41:01.5515868Z shell: /usr/bin/bash --noprofile --norc -e -o pipefail {0}
Repository and GitFlow	Test browser server lifecycle helper	2026-09-24T22:41:01.5516291Z ##[endgroup]
Repository and GitFlow	Test browser server lifecycle helper	2026-09-24T22:41:02.0527278Z ....
Repository and GitFlow	Test browser server lifecycle helper	2026-09-24T22:41:02.0528082Z ----------------------------------------------------------------------
Repository and GitFlow	Test browser server lifecycle helper	2026-09-24T22:41:02.0528790Z Ran 4 tests in 0.447s
Repository and GitFlow	Test browser server lifecycle helper	2026-09-24T22:41:02.0529130Z 
Repository and GitFlow	Test browser server lifecycle helper	2026-09-24T22:41:02.0529319Z OK
Repository and GitFlow	Check DCO and verified OpenPGP signatures	﻿2026-09-24T22:41:02.0775055Z ##[group]Run python3 tools/check_commit_policy.py --head "$HEAD_SHA" --github-repository "$GITHUB_REPOSITORY"
Repository and GitFlow	Check DCO and verified OpenPGP signatures	2026-09-24T22:41:02.0776487Z ^[[36;1mpython3 tools/check_commit_policy.py --head "$HEAD_SHA" --github-repository "$GITHUB_REPOSITORY"^[[0m
Repository and GitFlow	Check DCO and verified OpenPGP signatures	2026-09-24T22:41:02.0844442Z shell: /usr/bin/bash --noprofile --norc -e -o pipefail {0}
Repository and GitFlow	Check DCO and verified OpenPGP signatures	2026-09-24T22:41:02.0844824Z env:
Repository and GitFlow	Check DCO and verified OpenPGP signatures	2026-09-24T22:41:02.0847625Z   GH_TOKEN: ***
Repository and GitFlow	Check DCO and verified OpenPGP signatures	2026-09-24T22:41:02.0847922Z   HEAD_SHA: ed3d90f9bd1e54e78023b77ae399b4d237c8e4b4
Repository and GitFlow	Check DCO and verified OpenPGP signatures	2026-09-24T22:41:02.0848241Z ##[endgroup]
Repository and GitFlow	Check DCO and verified OpenPGP signatures	2026-09-24T22:41:27.9723002Z HISTORICAL DCO VIOLATION (unresolved): jack0682/rx-solutions@041f4724cf3ab96debc9e8f08d25a64274d41ca0; missing author signoff; recorded policy exception, not certification
Repository and GitFlow	Check DCO and verified OpenPGP signatures	2026-09-24T22:41:27.9724996Z OK: 81 commits audited; 80 author sign-offs; 1 recorded historical DCO violations; all signatures verified OpenPGP
Repository and GitFlow	Validate JSON, local links and contract integrity	﻿2026-09-24T22:41:27.9857698Z ##[group]Run python3 tools/check_repository.py
Repository and GitFlow	Validate JSON, local links and contract integrity	2026-09-24T22:41:27.9858360Z ^[[36;1mpython3 tools/check_repository.py^[[0m
Repository and GitFlow	Validate JSON, local links and contract integrity	2026-09-24T22:41:27.9921596Z shell: /usr/bin/bash --noprofile --norc -e -o pipefail {0}
Repository and GitFlow	Validate JSON, local links and contract integrity	2026-09-24T22:41:27.9921957Z ##[endgroup]
Repository and GitFlow	Validate JSON, local links and contract integrity	2026-09-24T22:41:28.1961108Z Checked 55 JSON files, local targets in 92 Markdown files, and two contract baselines; 0 links outside this checkout are not checked.
Repository and GitFlow	Validate JSON, local links and contract integrity	2026-09-24T22:41:28.1962338Z Repository checks passed.
Repository and GitFlow	Check invariant traceability	﻿2026-09-24T22:41:28.2059432Z ##[group]Run python3 tools/check_invariant_traceability.py
Repository and GitFlow	Check invariant traceability	2026-09-24T22:41:28.2059906Z ^[[36;1mpython3 tools/check_invariant_traceability.py^[[0m
Repository and GitFlow	Check invariant traceability	2026-09-24T22:41:28.2124004Z shell: /usr/bin/bash --noprofile --norc -e -o pipefail {0}
Repository and GitFlow	Check invariant traceability	2026-09-24T22:41:28.2124411Z ##[endgroup]
Repository and GitFlow	Check invariant traceability	2026-09-24T22:41:28.3078863Z Invariant traceability: I=12 OI=18; declared=7 uncovered=23; test links=10. Semantic coverage not checked.
Repository and GitFlow	Check device catalog sources and native inventory regressions	﻿2026-09-24T22:41:28.3155161Z ##[group]Run python3 tools/check_device_catalog_sources.py
Repository and GitFlow	Check device catalog sources and native inventory regressions	2026-09-24T22:41:28.3155637Z ^[[36;1mpython3 tools/check_device_catalog_sources.py^[[0m
Repository and GitFlow	Check device catalog sources and native inventory regressions	2026-09-24T22:41:28.3156035Z ^[[36;1mpython3 tools/test_native_inventory.py^[[0m
Repository and GitFlow	Check device catalog sources and native inventory regressions	2026-09-24T22:41:28.3216983Z shell: /usr/bin/bash --noprofile --norc -e -o pipefail {0}
Repository and GitFlow	Check device catalog sources and native inventory regressions	2026-09-24T22:41:28.3217336Z ##[endgroup]
Repository and GitFlow	Check device catalog sources and native inventory regressions	2026-09-24T22:41:28.3642016Z {"schema": "rx.catalog-source-check.v1", "status": "PASS", "external_repositories": 0, "profiles": 4, "unique_source_files": 1, "catalog_sha256": "669aaf825d542bf3173ab49072350b488e2f71826dfd9492e006d059a3c2ccbd", "scope": "Source identity and declarations only; synthetic fixtures are not physical equipment qualification."}
Repository and GitFlow	Check device catalog sources and native inventory regressions	2026-09-24T22:41:28.5073526Z Native source mutation and mode drift rejected
Repository and GitFlow	Post Run actions/checkout@11d5960a326750d5838078e36cf38b85af677262	﻿2026-09-24T22:41:28.5250317Z Post job cleanup.
Repository and GitFlow	Post Run actions/checkout@11d5960a326750d5838078e36cf38b85af677262	2026-09-24T22:41:28.6096461Z [command]/usr/bin/git version
Repository and GitFlow	Post Run actions/checkout@11d5960a326750d5838078e36cf38b85af677262	2026-09-24T22:41:28.6142158Z git version 2.55.0
Repository and GitFlow	Post Run actions/checkout@11d5960a326750d5838078e36cf38b85af677262	2026-09-24T22:41:28.6185686Z Temporarily overriding HOME='/home/runner/work/_temp/5f140e82-85e3-4005-9767-4063923b8c24' before making global git config changes
Repository and GitFlow	Post Run actions/checkout@11d5960a326750d5838078e36cf38b85af677262	2026-09-24T22:41:28.6187025Z Adding repository directory to the temporary git global config as a safe directory
Repository and GitFlow	Post Run actions/checkout@11d5960a326750d5838078e36cf38b85af677262	2026-09-24T22:41:28.6191915Z [command]/usr/bin/git config --global --add safe.directory /home/runner/work/rx-solutions/rx-solutions
Repository and GitFlow	Post Run actions/checkout@11d5960a326750d5838078e36cf38b85af677262	2026-09-24T22:41:28.6230408Z [command]/usr/bin/git config --local --name-only --get-regexp core\.sshCommand
Repository and GitFlow	Post Run actions/checkout@11d5960a326750d5838078e36cf38b85af677262	2026-09-24T22:41:28.6267696Z [command]/usr/bin/git submodule foreach --recursive sh -c "git config --local --name-only --get-regexp 'core\.sshCommand' && git config --local --unset-all 'core.sshCommand' || :"
Repository and GitFlow	Post Run actions/checkout@11d5960a326750d5838078e36cf38b85af677262	2026-09-24T22:41:28.6523101Z [command]/usr/bin/git config --local --name-only --get-regexp http\.https\:\/\/github\.com\/\.extraheader
Repository and GitFlow	Post Run actions/checkout@11d5960a326750d5838078e36cf38b85af677262	2026-09-24T22:41:28.6581789Z [command]/usr/bin/git submodule foreach --recursive sh -c "git config --local --name-only --get-regexp 'http\.https\:\/\/github\.com\/\.extraheader' && git config --local --unset-all 'http.https://github.com/.extraheader' || :"
Repository and GitFlow	Post Run actions/checkout@11d5960a326750d5838078e36cf38b85af677262	2026-09-24T22:41:28.6856463Z [command]/usr/bin/git config --local --name-only --get-regexp ^includeIf\.gitdir:
Repository and GitFlow	Post Run actions/checkout@11d5960a326750d5838078e36cf38b85af677262	2026-09-24T22:41:28.6902266Z [command]/usr/bin/git submodule foreach --recursive git config --local --show-origin --name-only --get-regexp remote.origin.url
Repository and GitFlow	Complete job	﻿2026-09-24T22:41:28.7297698Z Cleaning up orphan processes
Repository and GitFlow	Complete job	2026-09-24T22:41:28.7694506Z ##[warning]Node.js 20 is deprecated. The following actions target Node.js 20 but are being forced to run on Node.js 24: actions/checkout@11d5960a326750d5838078e36cf38b85af677262. For more information see: https://github.blog/changelog/2025-09-19-deprecation-of-node-20-on-github-actions-runners/
Rust	Set up job	﻿2026-09-24T22:40:55.9397141Z Current runner version: '2.337.0'
Rust	Set up job	2026-09-24T22:40:55.9424030Z ##[group]Runner Image Provisioner
Rust	Set up job	2026-09-24T22:40:55.9424967Z Hosted Compute Agent
Rust	Set up job	2026-09-24T22:40:55.9425600Z Version: 20260828.587
Rust	Set up job	2026-09-24T22:40:55.9426377Z Commit: abac92662cab4cc7352de4f9f9d2e2419aad9c29
Rust	Set up job	2026-09-24T22:40:55.9427239Z Build Date: 2026-08-28T16:44:25Z
Rust	Set up job	2026-09-24T22:40:55.9427990Z Worker ID: {6de5d023-5a50-4294-810a-5f48388929df}
Rust	Set up job	2026-09-24T22:40:55.9428735Z Azure Region: eastus2
Rust	Set up job	2026-09-24T22:40:55.9429338Z ##[endgroup]
Rust	Set up job	2026-09-24T22:40:55.9431562Z ##[group]Operating System
Rust	Set up job	2026-09-24T22:40:55.9432305Z Ubuntu
Rust	Set up job	2026-09-24T22:40:55.9432992Z 24.04.5
Rust	Set up job	2026-09-24T22:40:55.9433551Z LTS
Rust	Set up job	2026-09-24T22:40:55.9434468Z ##[endgroup]
Rust	Set up job	2026-09-24T22:40:55.9435157Z ##[group]Runner Image
Rust	Set up job	2026-09-24T22:40:55.9435906Z Image: ubuntu-24.04
Rust	Set up job	2026-09-24T22:40:55.9436563Z Version: 20260920.314.1
Rust	Set up job	2026-09-24T22:40:55.9437672Z Included Software: https://github.com/actions/runner-images/blob/ubuntu24/20260920.314/images/ubuntu/Ubuntu2404-Readme.md
Rust	Set up job	2026-09-24T22:40:55.9439487Z Image Release: https://github.com/actions/runner-images/releases/tag/ubuntu24%2F20260920.314
Rust	Set up job	2026-09-24T22:40:55.9440576Z ##[endgroup]
Rust	Set up job	2026-09-24T22:40:55.9442015Z ##[group]GITHUB_TOKEN Permissions
Rust	Set up job	2026-09-24T22:40:55.9444449Z Contents: read
Rust	Set up job	2026-09-24T22:40:55.9445187Z Metadata: read
Rust	Set up job	2026-09-24T22:40:55.9445829Z ##[endgroup]
Rust	Set up job	2026-09-24T22:40:55.9448480Z Secret source: Actions
Rust	Set up job	2026-09-24T22:40:55.9449553Z Cache mode: write
Rust	Set up job	2026-09-24T22:40:55.9450720Z Prepare workflow directory
Rust	Set up job	2026-09-24T22:40:55.9857050Z Prepare all required actions
Rust	Set up job	2026-09-24T22:40:55.9905585Z Getting action download info
Rust	Set up job	2026-09-24T22:40:56.1909066Z Download action repository 'actions/checkout@11d5960a326750d5838078e36cf38b85af677262' (SHA:11d5960a326750d5838078e36cf38b85af677262)
Rust	Set up job	2026-09-24T22:40:56.2760824Z Download action repository 'actions/cache@0057852bfaa89a56745cba8c7296529d2fc39830' (SHA:0057852bfaa89a56745cba8c7296529d2fc39830)
Rust	Set up job	2026-09-24T22:40:56.5192119Z Complete job name: Rust
Rust	Run actions/checkout@11d5960a326750d5838078e36cf38b85af677262	﻿2026-09-24T22:40:56.5935952Z ##[group]Run actions/checkout@11d5960a326750d5838078e36cf38b85af677262
Rust	Run actions/checkout@11d5960a326750d5838078e36cf38b85af677262	2026-09-24T22:40:56.5936981Z with:
Rust	Run actions/checkout@11d5960a326750d5838078e36cf38b85af677262	2026-09-24T22:40:56.5937434Z   persist-credentials: false
Rust	Run actions/checkout@11d5960a326750d5838078e36cf38b85af677262	2026-09-24T22:40:56.5937977Z   repository: jack0682/rx-solutions
Rust	Run actions/checkout@11d5960a326750d5838078e36cf38b85af677262	2026-09-24T22:40:56.5941894Z   token: ***
Rust	Run actions/checkout@11d5960a326750d5838078e36cf38b85af677262	2026-09-24T22:40:56.5942352Z   ssh-strict: true
Rust	Run actions/checkout@11d5960a326750d5838078e36cf38b85af677262	2026-09-24T22:40:56.5942807Z   ssh-user: git
Rust	Run actions/checkout@11d5960a326750d5838078e36cf38b85af677262	2026-09-24T22:40:56.5943497Z   clean: true
Rust	Run actions/checkout@11d5960a326750d5838078e36cf38b85af677262	2026-09-24T22:40:56.5943954Z   sparse-checkout-cone-mode: true
Rust	Run actions/checkout@11d5960a326750d5838078e36cf38b85af677262	2026-09-24T22:40:56.5944488Z   fetch-depth: 1
Rust	Run actions/checkout@11d5960a326750d5838078e36cf38b85af677262	2026-09-24T22:40:56.5944932Z   fetch-tags: false
Rust	Run actions/checkout@11d5960a326750d5838078e36cf38b85af677262	2026-09-24T22:40:56.5945383Z   show-progress: true
Rust	Run actions/checkout@11d5960a326750d5838078e36cf38b85af677262	2026-09-24T22:40:56.5945832Z   lfs: false
Rust	Run actions/checkout@11d5960a326750d5838078e36cf38b85af677262	2026-09-24T22:40:56.5946244Z   submodules: false
Rust	Run actions/checkout@11d5960a326750d5838078e36cf38b85af677262	2026-09-24T22:40:56.5946690Z   set-safe-directory: true
Rust	Run actions/checkout@11d5960a326750d5838078e36cf38b85af677262	2026-09-24T22:40:56.5947196Z   allow-unsafe-pr-checkout: false
Rust	Run actions/checkout@11d5960a326750d5838078e36cf38b85af677262	2026-09-24T22:40:56.5947927Z env:
Rust	Run actions/checkout@11d5960a326750d5838078e36cf38b85af677262	2026-09-24T22:40:56.5948353Z   CARGO_TERM_COLOR: always
Rust	Run actions/checkout@11d5960a326750d5838078e36cf38b85af677262	2026-09-24T22:40:56.5948828Z   RUST_BACKTRACE: 1
Rust	Run actions/checkout@11d5960a326750d5838078e36cf38b85af677262	2026-09-24T22:40:56.5949267Z ##[endgroup]
Rust	Run actions/checkout@11d5960a326750d5838078e36cf38b85af677262	2026-09-24T22:40:56.6988416Z Syncing repository: jack0682/rx-solutions
Rust	Run actions/checkout@11d5960a326750d5838078e36cf38b85af677262	2026-09-24T22:40:56.6990967Z ##[group]Getting Git version info
Rust	Run actions/checkout@11d5960a326750d5838078e36cf38b85af677262	2026-09-24T22:40:56.6992444Z Working directory is '/home/runner/work/rx-solutions/rx-solutions'
Rust	Run actions/checkout@11d5960a326750d5838078e36cf38b85af677262	2026-09-24T22:40:56.6994112Z [command]/usr/bin/git version
Rust	Run actions/checkout@11d5960a326750d5838078e36cf38b85af677262	2026-09-24T22:40:56.7047703Z git version 2.55.0
Rust	Run actions/checkout@11d5960a326750d5838078e36cf38b85af677262	2026-09-24T22:40:56.7067840Z ##[endgroup]
Rust	Run actions/checkout@11d5960a326750d5838078e36cf38b85af677262	2026-09-24T22:40:56.7082046Z Temporarily overriding HOME='/home/runner/work/_temp/8c2dbb7a-eb81-438c-9992-d43a278aade9' before making global git config changes
Rust	Run actions/checkout@11d5960a326750d5838078e36cf38b85af677262	2026-09-24T22:40:56.7084273Z Adding repository directory to the temporary git global config as a safe directory
Rust	Run actions/checkout@11d5960a326750d5838078e36cf38b85af677262	2026-09-24T22:40:56.7086774Z [command]/usr/bin/git config --global --add safe.directory /home/runner/work/rx-solutions/rx-solutions
Rust	Run actions/checkout@11d5960a326750d5838078e36cf38b85af677262	2026-09-24T22:40:56.7131141Z Deleting the contents of '/home/runner/work/rx-solutions/rx-solutions'
Rust	Run actions/checkout@11d5960a326750d5838078e36cf38b85af677262	2026-09-24T22:40:56.7135069Z ##[group]Initializing the repository
Rust	Run actions/checkout@11d5960a326750d5838078e36cf38b85af677262	2026-09-24T22:40:56.7138988Z [command]/usr/bin/git init /home/runner/work/rx-solutions/rx-solutions
Rust	Run actions/checkout@11d5960a326750d5838078e36cf38b85af677262	2026-09-24T22:40:56.7214765Z hint: Using 'master' as the name for the initial branch. This default branch name
Rust	Run actions/checkout@11d5960a326750d5838078e36cf38b85af677262	2026-09-24T22:40:56.7216498Z hint: will change to "main" in Git 3.0. To configure the initial branch name
Rust	Run actions/checkout@11d5960a326750d5838078e36cf38b85af677262	2026-09-24T22:40:56.7218086Z hint: to use in all of your new repositories, which will suppress this warning,
Rust	Run actions/checkout@11d5960a326750d5838078e36cf38b85af677262	2026-09-24T22:40:56.7219351Z hint: call:
Rust	Run actions/checkout@11d5960a326750d5838078e36cf38b85af677262	2026-09-24T22:40:56.7220095Z hint:
Rust	Run actions/checkout@11d5960a326750d5838078e36cf38b85af677262	2026-09-24T22:40:56.7221731Z hint: 	git config --global init.defaultBranch <name>
Rust	Run actions/checkout@11d5960a326750d5838078e36cf38b85af677262	2026-09-24T22:40:56.7223934Z hint:
Rust	Run actions/checkout@11d5960a326750d5838078e36cf38b85af677262	2026-09-24T22:40:56.7224934Z hint: Names commonly chosen instead of 'master' are 'main', 'trunk' and
Rust	Run actions/checkout@11d5960a326750d5838078e36cf38b85af677262	2026-09-24T22:40:56.7226430Z hint: 'development'. The just-created branch can be renamed via this command:
Rust	Run actions/checkout@11d5960a326750d5838078e36cf38b85af677262	2026-09-24T22:40:56.7227650Z hint:
Rust	Run actions/checkout@11d5960a326750d5838078e36cf38b85af677262	2026-09-24T22:40:56.7228345Z hint: 	git branch -m <name>
Rust	Run actions/checkout@11d5960a326750d5838078e36cf38b85af677262	2026-09-24T22:40:56.7229100Z hint:
Rust	Run actions/checkout@11d5960a326750d5838078e36cf38b85af677262	2026-09-24T22:40:56.7230082Z hint: Disable this message with "git config set advice.defaultBranchName false"
Rust	Run actions/checkout@11d5960a326750d5838078e36cf38b85af677262	2026-09-24T22:40:56.7231893Z Initialized empty Git repository in /home/runner/work/rx-solutions/rx-solutions/.git/
Rust	Run actions/checkout@11d5960a326750d5838078e36cf38b85af677262	2026-09-24T22:40:56.7234713Z [command]/usr/bin/git remote add origin https://github.com/jack0682/rx-solutions
Rust	Run actions/checkout@11d5960a326750d5838078e36cf38b85af677262	2026-09-24T22:40:56.7312718Z ##[endgroup]
Rust	Run actions/checkout@11d5960a326750d5838078e36cf38b85af677262	2026-09-24T22:40:56.7313946Z ##[group]Disabling automatic garbage collection
Rust	Run actions/checkout@11d5960a326750d5838078e36cf38b85af677262	2026-09-24T22:40:56.7316145Z [command]/usr/bin/git config --local gc.auto 0
Rust	Run actions/checkout@11d5960a326750d5838078e36cf38b85af677262	2026-09-24T22:40:56.7350232Z ##[endgroup]
Rust	Run actions/checkout@11d5960a326750d5838078e36cf38b85af677262	2026-09-24T22:40:56.7351580Z ##[group]Setting up auth
Rust	Run actions/checkout@11d5960a326750d5838078e36cf38b85af677262	2026-09-24T22:40:56.7355869Z [command]/usr/bin/git config --local --name-only --get-regexp core\.sshCommand
Rust	Run actions/checkout@11d5960a326750d5838078e36cf38b85af677262	2026-09-24T22:40:56.7392014Z [command]/usr/bin/git submodule foreach --recursive sh -c "git config --local --name-only --get-regexp 'core\.sshCommand' && git config --local --unset-all 'core.sshCommand' || :"
Rust	Run actions/checkout@11d5960a326750d5838078e36cf38b85af677262	2026-09-24T22:40:56.7739471Z [command]/usr/bin/git config --local --name-only --get-regexp http\.https\:\/\/github\.com\/\.extraheader
Rust	Run actions/checkout@11d5960a326750d5838078e36cf38b85af677262	2026-09-24T22:40:56.7782394Z [command]/usr/bin/git submodule foreach --recursive sh -c "git config --local --name-only --get-regexp 'http\.https\:\/\/github\.com\/\.extraheader' && git config --local --unset-all 'http.https://github.com/.extraheader' || :"
Rust	Run actions/checkout@11d5960a326750d5838078e36cf38b85af677262	2026-09-24T22:40:56.8036593Z [command]/usr/bin/git config --local --name-only --get-regexp ^includeIf\.gitdir:
Rust	Run actions/checkout@11d5960a326750d5838078e36cf38b85af677262	2026-09-24T22:40:56.8077005Z [command]/usr/bin/git submodule foreach --recursive git config --local --show-origin --name-only --get-regexp remote.origin.url
Rust	Run actions/checkout@11d5960a326750d5838078e36cf38b85af677262	2026-09-24T22:40:56.8320956Z [command]/usr/bin/git config --local http.https://github.com/.extraheader AUTHORIZATION: basic ***
Rust	Run actions/checkout@11d5960a326750d5838078e36cf38b85af677262	2026-09-24T22:40:56.8365094Z ##[endgroup]
Rust	Run actions/checkout@11d5960a326750d5838078e36cf38b85af677262	2026-09-24T22:40:56.8366358Z ##[group]Fetching the repository
Rust	Run actions/checkout@11d5960a326750d5838078e36cf38b85af677262	2026-09-24T22:40:56.8375840Z [command]/usr/bin/git -c protocol.version=2 fetch --no-tags --prune --no-recurse-submodules --depth=1 origin +ed3d90f9bd1e54e78023b77ae399b4d237c8e4b4:refs/remotes/origin/develop
Rust	Run actions/checkout@11d5960a326750d5838078e36cf38b85af677262	2026-09-24T22:40:57.2447644Z From https://github.com/jack0682/rx-solutions
Rust	Run actions/checkout@11d5960a326750d5838078e36cf38b85af677262	2026-09-24T22:40:57.2448708Z  * [new ref]         ed3d90f9bd1e54e78023b77ae399b4d237c8e4b4 -> origin/develop
Rust	Run actions/checkout@11d5960a326750d5838078e36cf38b85af677262	2026-09-24T22:40:57.2452210Z ##[endgroup]
Rust	Run actions/checkout@11d5960a326750d5838078e36cf38b85af677262	2026-09-24T22:40:57.2453105Z ##[group]Determining the checkout info
Rust	Run actions/checkout@11d5960a326750d5838078e36cf38b85af677262	2026-09-24T22:40:57.2454849Z ##[endgroup]
Rust	Run actions/checkout@11d5960a326750d5838078e36cf38b85af677262	2026-09-24T22:40:57.2461371Z [command]/usr/bin/git sparse-checkout disable
Rust	Run actions/checkout@11d5960a326750d5838078e36cf38b85af677262	2026-09-24T22:40:57.2513195Z [command]/usr/bin/git config --local --unset-all extensions.worktreeConfig
Rust	Run actions/checkout@11d5960a326750d5838078e36cf38b85af677262	2026-09-24T22:40:57.2547535Z ##[group]Checking out the ref
Rust	Run actions/checkout@11d5960a326750d5838078e36cf38b85af677262	2026-09-24T22:40:57.2558074Z [command]/usr/bin/git checkout --progress --force -B develop refs/remotes/origin/develop
Rust	Run actions/checkout@11d5960a326750d5838078e36cf38b85af677262	2026-09-24T22:40:57.3098646Z Switched to a new branch 'develop'
Rust	Run actions/checkout@11d5960a326750d5838078e36cf38b85af677262	2026-09-24T22:40:57.3100227Z branch 'develop' set up to track 'origin/develop'.
Rust	Run actions/checkout@11d5960a326750d5838078e36cf38b85af677262	2026-09-24T22:40:57.3103202Z ##[endgroup]
Rust	Run actions/checkout@11d5960a326750d5838078e36cf38b85af677262	2026-09-24T22:40:57.3119081Z [command]/usr/bin/git log -1 --format=%H
Rust	Run actions/checkout@11d5960a326750d5838078e36cf38b85af677262	2026-09-24T22:40:57.3149803Z ed3d90f9bd1e54e78023b77ae399b4d237c8e4b4
Rust	Run actions/checkout@11d5960a326750d5838078e36cf38b85af677262	2026-09-24T22:40:57.3162870Z ##[group]Removing auth
Rust	Run actions/checkout@11d5960a326750d5838078e36cf38b85af677262	2026-09-24T22:40:57.3164226Z [command]/usr/bin/git config --local --name-only --get-regexp core\.sshCommand
Rust	Run actions/checkout@11d5960a326750d5838078e36cf38b85af677262	2026-09-24T22:40:57.3203819Z [command]/usr/bin/git submodule foreach --recursive sh -c "git config --local --name-only --get-regexp 'core\.sshCommand' && git config --local --unset-all 'core.sshCommand' || :"
Rust	Run actions/checkout@11d5960a326750d5838078e36cf38b85af677262	2026-09-24T22:40:57.3463175Z [command]/usr/bin/git config --local --name-only --get-regexp http\.https\:\/\/github\.com\/\.extraheader
Rust	Run actions/checkout@11d5960a326750d5838078e36cf38b85af677262	2026-09-24T22:40:57.3494608Z http.https://github.com/.extraheader
Rust	Run actions/checkout@11d5960a326750d5838078e36cf38b85af677262	2026-09-24T22:40:57.3503492Z [command]/usr/bin/git config --local --unset-all http.https://github.com/.extraheader
Rust	Run actions/checkout@11d5960a326750d5838078e36cf38b85af677262	2026-09-24T22:40:57.3540688Z [command]/usr/bin/git submodule foreach --recursive sh -c "git config --local --name-only --get-regexp 'http\.https\:\/\/github\.com\/\.extraheader' && git config --local --unset-all 'http.https://github.com/.extraheader' || :"
Rust	Run actions/checkout@11d5960a326750d5838078e36cf38b85af677262	2026-09-24T22:40:57.3779097Z [command]/usr/bin/git config --local --name-only --get-regexp ^includeIf\.gitdir:
Rust	Run actions/checkout@11d5960a326750d5838078e36cf38b85af677262	2026-09-24T22:40:57.3813845Z [command]/usr/bin/git submodule foreach --recursive git config --local --show-origin --name-only --get-regexp remote.origin.url
Rust	Run actions/checkout@11d5960a326750d5838078e36cf38b85af677262	2026-09-24T22:40:57.4049526Z ##[endgroup]
Rust	Install repository Rust toolchain	﻿2026-09-24T22:40:57.4309697Z ##[group]Run toolchain=$(python3 -c 'import tomllib; print(tomllib.load(open("rust-toolchain.toml", "rb"))["toolchain"]["channel"])')
Rust	Install repository Rust toolchain	2026-09-24T22:40:57.4314057Z ^[[36;1mtoolchain=$(python3 -c 'import tomllib; print(tomllib.load(open("rust-toolchain.toml", "rb"))["toolchain"]["channel"])')^[[0m
Rust	Install repository Rust toolchain	2026-09-24T22:40:57.4317583Z ^[[36;1mrustup toolchain install "$toolchain" --profile minimal --component rustfmt --component clippy^[[0m
Rust	Install repository Rust toolchain	2026-09-24T22:40:57.4552624Z shell: /usr/bin/bash --noprofile --norc -e -o pipefail {0}
Rust	Install repository Rust toolchain	2026-09-24T22:40:57.4554234Z env:
Rust	Install repository Rust toolchain	2026-09-24T22:40:57.4555200Z   CARGO_TERM_COLOR: always
Rust	Install repository Rust toolchain	2026-09-24T22:40:57.4556340Z   RUST_BACKTRACE: 1
Rust	Install repository Rust toolchain	2026-09-24T22:40:57.4557353Z ##[endgroup]
Rust	Install repository Rust toolchain	2026-09-24T22:40:57.5414133Z info: syncing channel updates for 1.98.1-x86_64-unknown-linux-gnu
Rust	Install repository Rust toolchain	2026-09-24T22:40:57.6925738Z info: latest update on 2026-09-03 for version 1.98.1 (48a229cea 2026-09-01)
Rust	Install repository Rust toolchain	2026-09-24T22:41:06.0569816Z info: downloading 5 components
Rust	Install repository Rust toolchain	2026-09-24T22:41:06.0570470Z 
Rust	Install repository Rust toolchain	2026-09-24T22:41:06.0643890Z   1.98.1-x86_64-unknown-linux-gnu installed - rustc 1.98.1 (48a229cea 2026-09-01)
Rust	Install repository Rust toolchain	2026-09-24T22:41:06.0644617Z 
Rust	Run actions/cache@0057852bfaa89a56745cba8c7296529d2fc39830	﻿2026-09-24T22:41:06.1489857Z ##[group]Run actions/cache@0057852bfaa89a56745cba8c7296529d2fc39830
Rust	Run actions/cache@0057852bfaa89a56745cba8c7296529d2fc39830	2026-09-24T22:41:06.1490667Z with:
Rust	Run actions/cache@0057852bfaa89a56745cba8c7296529d2fc39830	2026-09-24T22:41:06.1491500Z   path: ~/.cargo/registry/index
Rust	Run actions/cache@0057852bfaa89a56745cba8c7296529d2fc39830	~/.cargo/registry/cache
Rust	Run actions/cache@0057852bfaa89a56745cba8c7296529d2fc39830	~/.cargo/git/db
Rust	Run actions/cache@0057852bfaa89a56745cba8c7296529d2fc39830	target
Rust	Run actions/cache@0057852bfaa89a56745cba8c7296529d2fc39830	
Rust	Run actions/cache@0057852bfaa89a56745cba8c7296529d2fc39830	2026-09-24T22:41:06.1492570Z   key: Linux-X64-rust-c37fb6ecfc6723c3b040d1b729706ebd40a52d64552cdfda4ee9c3fc53abbff0
Rust	Run actions/cache@0057852bfaa89a56745cba8c7296529d2fc39830	2026-09-24T22:41:06.1493383Z   enableCrossOsArchive: false
Rust	Run actions/cache@0057852bfaa89a56745cba8c7296529d2fc39830	2026-09-24T22:41:06.1493869Z   fail-on-cache-miss: false
Rust	Run actions/cache@0057852bfaa89a56745cba8c7296529d2fc39830	2026-09-24T22:41:06.1494329Z   lookup-only: false
Rust	Run actions/cache@0057852bfaa89a56745cba8c7296529d2fc39830	2026-09-24T22:41:06.1494748Z   save-always: false
Rust	Run actions/cache@0057852bfaa89a56745cba8c7296529d2fc39830	2026-09-24T22:41:06.1495146Z env:
Rust	Run actions/cache@0057852bfaa89a56745cba8c7296529d2fc39830	2026-09-24T22:41:06.1495515Z   CARGO_TERM_COLOR: always
Rust	Run actions/cache@0057852bfaa89a56745cba8c7296529d2fc39830	2026-09-24T22:41:06.1495957Z   RUST_BACKTRACE: 1
Rust	Run actions/cache@0057852bfaa89a56745cba8c7296529d2fc39830	2026-09-24T22:41:06.1496378Z ##[endgroup]
Rust	Run actions/cache@0057852bfaa89a56745cba8c7296529d2fc39830	2026-09-24T22:41:06.2577899Z (node:2376) [DEP0040] DeprecationWarning: The `punycode` module is deprecated. Please use a userland alternative instead.
Rust	Run actions/cache@0057852bfaa89a56745cba8c7296529d2fc39830	2026-09-24T22:41:06.2579251Z (Use `node --trace-deprecation ...` to show where the warning was created)
Rust	Run actions/cache@0057852bfaa89a56745cba8c7296529d2fc39830	2026-09-24T22:41:06.3306420Z Cache not found for input keys: Linux-X64-rust-c37fb6ecfc6723c3b040d1b729706ebd40a52d64552cdfda4ee9c3fc53abbff0
Rust	Check Rust formatting	﻿2026-09-24T22:41:06.3413630Z ##[group]Run cargo fmt --all -- --check
Rust	Check Rust formatting	2026-09-24T22:41:06.3414006Z ^[[36;1mcargo fmt --all -- --check^[[0m
Rust	Check Rust formatting	2026-09-24T22:41:06.3486861Z shell: /usr/bin/bash --noprofile --norc -e -o pipefail {0}
Rust	Check Rust formatting	2026-09-24T22:41:06.3487227Z env:
Rust	Check Rust formatting	2026-09-24T22:41:06.3487438Z   CARGO_TERM_COLOR: always
Rust	Check Rust formatting	2026-09-24T22:41:06.3487688Z   RUST_BACKTRACE: 1
Rust	Check Rust formatting	2026-09-24T22:41:06.3487906Z ##[endgroup]
Rust	Check Rust lints	﻿2026-09-24T22:41:07.4413633Z ##[group]Run cargo clippy --workspace --all-targets --all-features --locked -- -D warnings
Rust	Check Rust lints	2026-09-24T22:41:07.4414320Z ^[[36;1mcargo clippy --workspace --all-targets --all-features --locked -- -D warnings^[[0m
Rust	Check Rust lints	2026-09-24T22:41:07.4482188Z shell: /usr/bin/bash --noprofile --norc -e -o pipefail {0}
Rust	Check Rust lints	2026-09-24T22:41:07.4482793Z env:
Rust	Check Rust lints	2026-09-24T22:41:07.4483010Z   CARGO_TERM_COLOR: always
Rust	Check Rust lints	2026-09-24T22:41:07.4483256Z   RUST_BACKTRACE: 1
Rust	Check Rust lints	2026-09-24T22:41:07.4483472Z ##[endgroup]
Rust	Check Rust lints	2026-09-24T22:41:07.5455221Z ^[[1m^[[92m    Updating^[[0m crates.io index
Rust	Check Rust lints	2026-09-24T22:41:08.2451030Z ^[[1m^[[92m Downloading^[[0m crates ...
Rust	Check Rust lints	2026-09-24T22:41:08.4271613Z ^[[1m^[[92m  Downloaded^[[0m axum v0.8.9
Rust	Check Rust lints	2026-09-24T22:41:08.4370009Z ^[[1m^[[92m  Downloaded^[[0m atomic-waker v1.1.2
Rust	Check Rust lints	2026-09-24T22:41:08.4382755Z ^[[1m^[[92m  Downloaded^[[0m bit-vec v0.9.1
Rust	Check Rust lints	2026-09-24T22:41:08.4399899Z ^[[1m^[[92m  Downloaded^[[0m memchr v2.8.3
Rust	Check Rust lints	2026-09-24T22:41:08.4464286Z ^[[1m^[[92m  Downloaded^[[0m bytes v1.12.1
Rust	Check Rust lints	2026-09-24T22:41:08.4502618Z ^[[1m^[[92m  Downloaded^[[0m cap-fs-ext v4.0.3
Rust	Check Rust lints	2026-09-24T22:41:08.4617308Z ^[[1m^[[92m  Downloaded^[[0m asn1-rs-impl v0.2.0
Rust	Check Rust lints	2026-09-24T22:41:08.4625025Z ^[[1m^[[92m  Downloaded^[[0m block-buffer v0.10.4
Rust	Check Rust lints	2026-09-24T22:41:08.4719983Z ^[[1m^[[92m  Downloaded^[[0m protoc-bin-vendored v3.2.0
Rust	Check Rust lints	2026-09-24T22:41:08.4730098Z ^[[1m^[[92m  Downloaded^[[0m serde_jcs v0.2.0
Rust	Check Rust lints	2026-09-24T22:41:08.4764548Z ^[[1m^[[92m  Downloaded^[[0m powerfmt v0.2.0
Rust	Check Rust lints	2026-09-24T22:41:08.4810939Z ^[[1m^[[92m  Downloaded^[[0m tower-layer v0.3.3
Rust	Check Rust lints	2026-09-24T22:41:08.4823091Z ^[[1m^[[92m  Downloaded^[[0m ryu-js v0.2.2
Rust	Check Rust lints	2026-09-24T22:41:08.4857810Z ^[[1m^[[92m  Downloaded^[[0m yasna v0.6.0
Rust	Check Rust lints	2026-09-24T22:41:08.4881113Z ^[[1m^[[92m  Downloaded^[[0m socket2 v0.6.5
Rust	Check Rust lints	2026-09-24T22:41:08.4905941Z ^[[1m^[[92m  Downloaded^[[0m version_check v0.9.5
Rust	Check Rust lints	2026-09-24T22:41:08.4920401Z ^[[1m^[[92m  Downloaded^[[0m itoa v1.0.18
Rust	Check Rust lints	2026-09-24T22:41:08.4937063Z ^[[1m^[[92m  Downloaded^[[0m multimap v0.10.1
Rust	Check Rust lints	2026-09-24T22:41:08.4950635Z ^[[1m^[[92m  Downloaded^[[0m fnv v1.0.7
Rust	Check Rust lints	2026-09-24T22:41:08.4963070Z ^[[1m^[[92m  Downloaded^[[0m tracing-attributes v0.1.31
Rust	Check Rust lints	2026-09-24T22:41:08.4997550Z ^[[1m^[[92m  Downloaded^[[0m unicase v2.9.0
Rust	Check Rust lints	2026-09-24T22:41:08.5015188Z ^[[1m^[[92m  Downloaded^[[0m time-core v0.1.9
Rust	Check Rust lints	2026-09-24T22:41:08.5032017Z ^[[1m^[[92m  Downloaded^[[0m tonic v0.14.6
Rust	Check Rust lints	2026-09-24T22:41:08.5147981Z ^[[1m^[[92m  Downloaded^[[0m synstructure v0.13.2
Rust	Check Rust lints	2026-09-24T22:41:08.5161130Z ^[[1m^[[92m  Downloaded^[[0m tokio-rustls v0.26.5
Rust	Check Rust lints	2026-09-24T22:41:08.5179623Z ^[[1m^[[92m  Downloaded^[[0m prost v0.14.4
Rust	Check Rust lints	2026-09-24T22:41:08.5201035Z ^[[1m^[[92m  Downloaded^[[0m rustls-pki-types v1.15.1
Rust	Check Rust lints	2026-09-24T22:41:08.5238445Z ^[[1m^[[92m  Downloaded^[[0m sha2 v0.11.0
Rust	Check Rust lints	2026-09-24T22:41:08.5300275Z ^[[1m^[[92m  Downloaded^[[0m futures-task v0.3.34
Rust	Check Rust lints	2026-09-24T22:41:08.5324722Z ^[[1m^[[92m  Downloaded^[[0m http-body v1.1.0
Rust	Check Rust lints	2026-09-24T22:41:08.5341598Z ^[[1m^[[92m  Downloaded^[[0m pin-project-internal v1.1.13
Rust	Check Rust lints	2026-09-24T22:41:08.5375463Z ^[[1m^[[92m  Downloaded^[[0m signature v3.0.0
Rust	Check Rust lints	2026-09-24T22:41:08.5398527Z ^[[1m^[[92m  Downloaded^[[0m thiserror-impl v2.0.20
Rust	Check Rust lints	2026-09-24T22:41:08.5423399Z ^[[1m^[[92m  Downloaded^[[0m tokio-macros v2.7.2
Rust	Check Rust lints	2026-09-24T22:41:08.5451698Z ^[[1m^[[92m  Downloaded^[[0m zmij v1.0.23
Rust	Check Rust lints	2026-09-24T22:41:08.5477019Z ^[[1m^[[92m  Downloaded^[[0m quote v1.0.47
Rust	Check Rust lints	2026-09-24T22:41:08.5518128Z ^[[1m^[[92m  Downloaded^[[0m untrusted v0.9.0
Rust	Check Rust lints	2026-09-24T22:41:08.5544300Z ^[[1m^[[92m  Downloaded^[[0m want v0.3.1
Rust	Check Rust lints	2026-09-24T22:41:08.5561376Z ^[[1m^[[92m  Downloaded^[[0m zeroize v1.9.0
Rust	Check Rust lints	2026-09-24T22:41:08.5584951Z ^[[1m^[[92m  Downloaded^[[0m cpufeatures v0.3.1
Rust	Check Rust lints	2026-09-24T22:41:08.5611152Z ^[[1m^[[92m  Downloaded^[[0m crypto-common v0.1.7
Rust	Check Rust lints	2026-09-24T22:41:08.5624498Z ^[[1m^[[92m  Downloaded^[[0m futures-sink v0.3.34
Rust	Check Rust lints	2026-09-24T22:41:08.5636855Z ^[[1m^[[92m  Downloaded^[[0m signal-hook-registry v1.4.8
Rust	Check Rust lints	2026-09-24T22:41:08.5666980Z ^[[1m^[[92m  Downloaded^[[0m httpdate v1.0.3
Rust	Check Rust lints	2026-09-24T22:41:08.5709466Z ^[[1m^[[92m  Downloaded^[[0m mime v0.3.17
Rust	Check Rust lints	2026-09-24T22:41:08.5726118Z ^[[1m^[[92m  Downloaded^[[0m rustc_version v0.4.1
Rust	Check Rust lints	2026-09-24T22:41:08.5746626Z ^[[1m^[[92m  Downloaded^[[0m serde v1.0.229
Rust	Check Rust lints	2026-09-24T22:41:08.5803743Z ^[[1m^[[92m  Downloaded^[[0m serde_json v1.0.151
Rust	Check Rust lints	2026-09-24T22:41:08.5928495Z ^[[1m^[[92m  Downloaded^[[0m subtle v2.6.1
Rust	Check Rust lints	2026-09-24T22:41:08.5951735Z ^[[1m^[[92m  Downloaded^[[0m tempfile v3.27.0
Rust	Check Rust lints	2026-09-24T22:41:08.5995439Z ^[[1m^[[92m  Downloaded^[[0m tower-service v0.3.3
Rust	Check Rust lints	2026-09-24T22:41:08.6008942Z ^[[1m^[[92m  Downloaded^[[0m slab v0.4.12
Rust	Check Rust lints	2026-09-24T22:41:08.6030132Z ^[[1m^[[92m  Downloaded^[[0m errno v0.3.14
Rust	Check Rust lints	2026-09-24T22:41:08.6051033Z ^[[1m^[[92m  Downloaded^[[0m prost-build v0.14.4
Rust	Check Rust lints	2026-09-24T22:41:08.6094221Z ^[[1m^[[92m  Downloaded^[[0m block-buffer v0.12.1
Rust	Check Rust lints	2026-09-24T22:41:08.6107865Z ^[[1m^[[92m  Downloaded^[[0m cpufeatures v0.2.17
Rust	Check Rust lints	2026-09-24T22:41:08.6122866Z ^[[1m^[[92m  Downloaded^[[0m asn1-rs-derive v0.6.0
Rust	Check Rust lints	2026-09-24T22:41:08.6134835Z ^[[1m^[[92m  Downloaded^[[0m ambient-authority v0.0.2
Rust	Check Rust lints	2026-09-24T22:41:08.6148220Z ^[[1m^[[92m  Downloaded^[[0m tonic-build v0.14.6
Rust	Check Rust lints	2026-09-24T22:41:08.6159935Z ^[[1m^[[92m  Downloaded^[[0m prost-derive v0.14.4
Rust	Check Rust lints	2026-09-24T22:41:08.6173867Z ^[[1m^[[92m  Downloaded^[[0m thiserror v2.0.20
Rust	Check Rust lints	2026-09-24T22:41:08.6242361Z ^[[1m^[[92m  Downloaded^[[0m fs-set-times v0.20.3
Rust	Check Rust lints	2026-09-24T22:41:08.6256953Z ^[[1m^[[92m  Downloaded^[[0m heck v0.5.0
Rust	Check Rust lints	2026-09-24T22:41:08.6270304Z ^[[1m^[[92m  Downloaded^[[0m maybe-owned v0.3.4
Rust	Check Rust lints	2026-09-24T22:41:08.6283936Z ^[[1m^[[92m  Downloaded^[[0m crypto-common v0.2.2
Rust	Check Rust lints	2026-09-24T22:41:08.6295562Z ^[[1m^[[92m  Downloaded^[[0m futures-core v0.3.34
Rust	Check Rust lints	2026-09-24T22:41:08.6310044Z ^[[1m^[[92m  Downloaded^[[0m tonic-prost-build v0.14.6
Rust	Check Rust lints	2026-09-24T22:41:08.6320099Z ^[[1m^[[92m  Downloaded^[[0m cfg-if v1.0.4
Rust	Check Rust lints	2026-09-24T22:41:08.6333846Z ^[[1m^[[92m  Downloaded^[[0m equivalent v1.0.2
Rust	Check Rust lints	2026-09-24T22:41:08.6344596Z ^[[1m^[[92m  Downloaded^[[0m fallible-streaming-iterator v0.1.9
Rust	Check Rust lints	2026-09-24T22:41:08.6354254Z ^[[1m^[[92m  Downloaded^[[0m lazy_static v1.5.0
Rust	Check Rust lints	2026-09-24T22:41:08.6373600Z ^[[1m^[[92m  Downloaded^[[0m num-conv v0.2.2
Rust	Check Rust lints	2026-09-24T22:41:08.6382494Z ^[[1m^[[92m  Downloaded^[[0m rustix-linux-procfs v0.1.1
Rust	Check Rust lints	2026-09-24T22:41:08.6394528Z ^[[1m^[[92m  Downloaded^[[0m rusticata-macros v4.1.0
Rust	Check Rust lints	2026-09-24T22:41:08.6410039Z ^[[1m^[[92m  Downloaded^[[0m sync_wrapper v1.0.2
Rust	Check Rust lints	2026-09-24T22:41:08.6418632Z ^[[1m^[[92m  Downloaded^[[0m tonic-prost v0.14.6
Rust	Check Rust lints	2026-09-24T22:41:08.6428059Z ^[[1m^[[92m  Downloaded^[[0m try-lock v0.2.5
Rust	Check Rust lints	2026-09-24T22:41:08.6437391Z ^[[1m^[[92m  Downloaded^[[0m smallvec v1.16.0
Rust	Check Rust lints	2026-09-24T22:41:08.6451461Z ^[[1m^[[92m  Downloaded^[[0m curve25519-dalek-derive v0.1.1
Rust	Check Rust lints	2026-09-24T22:41:08.6462038Z ^[[1m^[[92m  Downloaded^[[0m either v1.18.0
Rust	Check Rust lints	2026-09-24T22:41:08.6477489Z ^[[1m^[[92m  Downloaded^[[0m fallible-iterator v0.3.0
Rust	Check Rust lints	2026-09-24T22:41:08.6490469Z ^[[1m^[[92m  Downloaded^[[0m find-msvc-tools v0.1.12
Rust	Check Rust lints	2026-09-24T22:41:08.6507142Z ^[[1m^[[92m  Downloaded^[[0m foldhash v0.2.0
Rust	Check Rust lints	2026-09-24T22:41:08.6519894Z ^[[1m^[[92m  Downloaded^[[0m hyper-timeout v0.5.2
Rust	Check Rust lints	2026-09-24T22:41:08.6535207Z ^[[1m^[[92m  Downloaded^[[0m io-lifetimes v3.0.1
Rust	Check Rust lints	2026-09-24T22:41:08.6552678Z ^[[1m^[[92m  Downloaded^[[0m ipnet v2.12.2
Rust	Check Rust lints	2026-09-24T22:41:08.6570295Z ^[[1m^[[92m  Downloaded^[[0m num-integer v0.1.47
Rust	Check Rust lints	2026-09-24T22:41:08.6587585Z ^[[1m^[[92m  Downloaded^[[0m pem v4.0.0
Rust	Check Rust lints	2026-09-24T22:41:08.6602036Z ^[[1m^[[92m  Downloaded^[[0m sha2 v0.10.9
Rust	Check Rust lints	2026-09-24T22:41:08.6628866Z ^[[1m^[[92m  Downloaded^[[0m shlex v2.0.1
Rust	Check Rust lints	2026-09-24T22:41:08.6642621Z ^[[1m^[[92m  Downloaded^[[0m tokio-stream v0.1.19
Rust	Check Rust lints	2026-09-24T22:41:08.6698216Z ^[[1m^[[92m  Downloaded^[[0m tracing-core v0.1.36
Rust	Check Rust lints	2026-09-24T22:41:08.6726500Z ^[[1m^[[92m  Downloaded^[[0m async-trait v0.1.92
Rust	Check Rust lints	2026-09-24T22:41:08.6769501Z ^[[1m^[[92m  Downloaded^[[0m deranged v0.5.8
Rust	Check Rust lints	2026-09-24T22:41:08.6784918Z ^[[1m^[[92m  Downloaded^[[0m digest v0.10.7
Rust	Check Rust lints	2026-09-24T22:41:08.6804347Z ^[[1m^[[92m  Downloaded^[[0m digest v0.11.3
Rust	Check Rust lints	2026-09-24T22:41:08.6829361Z ^[[1m^[[92m  Downloaded^[[0m displaydoc v0.2.7
Rust	Check Rust lints	2026-09-24T22:41:08.6851738Z ^[[1m^[[92m  Downloaded^[[0m generic-array v0.14.7
Rust	Check Rust lints	2026-09-24T22:41:08.6867013Z ^[[1m^[[92m  Downloaded^[[0m pin-project-lite v0.2.17
Rust	Check Rust lints	2026-09-24T22:41:08.6929993Z ^[[1m^[[92m  Downloaded^[[0m pkg-config v0.3.34
Rust	Check Rust lints	2026-09-24T22:41:08.6946171Z ^[[1m^[[92m  Downloaded^[[0m prettyplease v0.2.37
Rust	Check Rust lints	2026-09-24T22:41:08.6983496Z ^[[1m^[[92m  Downloaded^[[0m serde_core v1.0.229
Rust	Check Rust lints	2026-09-24T22:41:08.7011918Z ^[[1m^[[92m  Downloaded^[[0m semver v1.0.28
Rust	Check Rust lints	2026-09-24T22:41:08.7036262Z ^[[1m^[[92m  Downloaded^[[0m time-macros v0.2.32
Rust	Check Rust lints	2026-09-24T22:41:08.7062049Z ^[[1m^[[92m  Downloaded^[[0m unicode-ident v1.0.24
Rust	Check Rust lints	2026-09-24T22:41:08.7091064Z ^[[1m^[[92m  Downloaded^[[0m autocfg v1.5.1
Rust	Check Rust lints	2026-09-24T22:41:08.7110520Z ^[[1m^[[92m  Downloaded^[[0m axum-core v0.5.6
Rust	Check Rust lints	2026-09-24T22:41:08.7134482Z ^[[1m^[[92m  Downloaded^[[0m data-encoding v2.11.1
Rust	Check Rust lints	2026-09-24T22:41:08.7145235Z ^[[1m^[[92m  Downloaded^[[0m ed25519 v3.0.0
Rust	Check Rust lints	2026-09-24T22:41:08.7163329Z ^[[1m^[[92m  Downloaded^[[0m fixedbitset v0.5.7
Rust	Check Rust lints	2026-09-24T22:41:08.7183049Z ^[[1m^[[92m  Downloaded^[[0m foldhash v0.1.5
Rust	Check Rust lints	2026-09-24T22:41:08.7195847Z ^[[1m^[[92m  Downloaded^[[0m http-body-util v0.1.5
Rust	Check Rust lints	2026-09-24T22:41:08.7216584Z ^[[1m^[[92m  Downloaded^[[0m httparse v1.10.1
Rust	Check Rust lints	2026-09-24T22:41:08.7243197Z ^[[1m^[[92m  Downloaded^[[0m io-extras v0.19.0
Rust	Check Rust lints	2026-09-24T22:41:08.7266335Z ^[[1m^[[92m  Downloaded^[[0m io-lifetimes v2.0.4
Rust	Check Rust lints	2026-09-24T22:41:08.7283959Z ^[[1m^[[92m  Downloaded^[[0m oid-registry v0.8.1
Rust	Check Rust lints	2026-09-24T22:41:08.7297292Z ^[[1m^[[92m  Downloaded^[[0m percent-encoding v2.3.2
Rust	Check Rust lints	2026-09-24T22:41:08.7306647Z ^[[1m^[[92m  Downloaded^[[0m pulldown-cmark-to-cmark v22.0.1
Rust	Check Rust lints	2026-09-24T22:41:08.7320410Z ^[[1m^[[92m  Downloaded^[[0m serde_derive v1.0.229
Rust	Check Rust lints	2026-09-24T22:41:08.7352779Z ^[[1m^[[92m  Downloaded^[[0m uuid v1.26.1
Rust	Check Rust lints	2026-09-24T22:41:08.7384340Z ^[[1m^[[92m  Downloaded^[[0m anyhow v1.0.104
Rust	Check Rust lints	2026-09-24T22:41:08.7426739Z ^[[1m^[[92m  Downloaded^[[0m cap-std v4.0.3
Rust	Check Rust lints	2026-09-24T22:41:08.7458161Z ^[[1m^[[92m  Downloaded^[[0m fastrand v2.5.0
Rust	Check Rust lints	2026-09-24T22:41:08.7472917Z ^[[1m^[[92m  Downloaded^[[0m futures-channel v0.3.34
Rust	Check Rust lints	2026-09-24T22:41:08.7492724Z ^[[1m^[[92m  Downloaded^[[0m getrandom v0.2.17
Rust	Check Rust lints	2026-09-24T22:41:08.7523744Z ^[[1m^[[92m  Downloaded^[[0m hashlink v0.12.2
Rust	Check Rust lints	2026-09-24T22:41:08.7545397Z ^[[1m^[[92m  Downloaded^[[0m hybrid-array v0.4.15
Rust	Check Rust lints	2026-09-24T22:41:08.7568412Z ^[[1m^[[92m  Downloaded^[[0m pin-project v1.1.13
Rust	Check Rust lints	2026-09-24T22:41:08.7712475Z ^[[1m^[[92m  Downloaded^[[0m proc-macro2 v1.0.107
Rust	Check Rust lints	2026-09-24T22:41:08.7743577Z ^[[1m^[[92m  Downloaded^[[0m prost-types v0.14.4
Rust	Check Rust lints	2026-09-24T22:41:08.7762270Z ^[[1m^[[92m  Downloaded^[[0m rcgen v0.14.10
Rust	Check Rust lints	2026-09-24T22:41:08.7787369Z ^[[1m^[[92m  Downloaded^[[0m log v0.4.34
Rust	Check Rust lints	2026-09-24T22:41:08.7813718Z ^[[1m^[[92m  Downloaded^[[0m matchit v0.8.4
Rust	Check Rust lints	2026-09-24T22:41:08.7837144Z ^[[1m^[[92m  Downloaded^[[0m num-traits v0.2.19
Rust	Check Rust lints	2026-09-24T22:41:08.7864500Z ^[[1m^[[92m  Downloaded^[[0m once_cell v1.21.4
Rust	Check Rust lints	2026-09-24T22:41:08.7891186Z ^[[1m^[[92m  Downloaded^[[0m regex v1.13.1
Rust	Check Rust lints	2026-09-24T22:41:08.7947581Z ^[[1m^[[92m  Downloaded^[[0m rusqlite v0.40.2
Rust	Check Rust lints	2026-09-24T22:41:08.8019404Z ^[[1m^[[92m  Downloaded^[[0m rustls-webpki v0.103.15
Rust	Check Rust lints	2026-09-24T22:41:08.8051723Z ^[[1m^[[92m  Downloaded^[[0m tower v0.5.3
Rust	Check Rust lints	2026-09-24T22:41:08.8159414Z ^[[1m^[[92m  Downloaded^[[0m typenum v1.20.1
Rust	Check Rust lints	2026-09-24T22:41:08.8196526Z ^[[1m^[[92m  Downloaded^[[0m x509-parser v0.18.1
Rust	Check Rust lints	2026-09-24T22:41:08.8256543Z ^[[1m^[[92m  Downloaded^[[0m bitflags v2.13.2
Rust	Check Rust lints	2026-09-24T22:41:08.8304618Z ^[[1m^[[92m  Downloaded^[[0m der-parser v10.0.0
Rust	Check Rust lints	2026-09-24T22:41:08.8341685Z ^[[1m^[[92m  Downloaded^[[0m getrandom v0.4.3
Rust	Check Rust lints	2026-09-24T22:41:08.8382313Z ^[[1m^[[92m  Downloaded^[[0m minimal-lexical v0.2.1
Rust	Check Rust lints	2026-09-24T22:41:08.8431752Z ^[[1m^[[92m  Downloaded^[[0m tokio-util v0.7.19
Rust	Check Rust lints	2026-09-24T22:41:08.8515194Z ^[[1m^[[92m  Downloaded^[[0m base64 v0.22.1
Rust	Check Rust lints	2026-09-24T22:41:08.8555091Z ^[[1m^[[92m  Downloaded^[[0m prost-reflect v0.16.5
Rust	Check Rust lints	2026-09-24T22:41:08.8724540Z ^[[1m^[[92m  Downloaded^[[0m asn1-rs v0.7.2
Rust	Check Rust lints	2026-09-24T22:41:08.8798305Z ^[[1m^[[92m  Downloaded^[[0m base64 v0.23.1
Rust	Check Rust lints	2026-09-24T22:41:08.8839867Z ^[[1m^[[92m  Downloaded^[[0m cap-primitives v4.0.3
Rust	Check Rust lints	2026-09-24T22:41:08.8958626Z ^[[1m^[[92m  Downloaded^[[0m cc v1.4.5
Rust	Check Rust lints	2026-09-24T22:41:08.8991439Z ^[[1m^[[92m  Downloaded^[[0m http v1.5.0
Rust	Check Rust lints	2026-09-24T22:41:08.9030800Z ^[[1m^[[92m  Downloaded^[[0m indexmap v2.14.2
Rust	Check Rust lints	2026-09-24T22:41:08.9076383Z ^[[1m^[[92m  Downloaded^[[0m mio v1.2.3
Rust	Check Rust lints	2026-09-24T22:41:08.9142128Z ^[[1m^[[92m  Downloaded^[[0m nom v7.1.3
Rust	Check Rust lints	2026-09-24T22:41:08.9197240Z ^[[1m^[[92m  Downloaded^[[0m num-bigint v0.4.8
Rust	Check Rust lints	2026-09-24T22:41:08.9248847Z ^[[1m^[[92m  Downloaded^[[0m pulldown-cmark v0.13.4
Rust	Check Rust lints	2026-09-24T22:41:08.9304301Z ^[[1m^[[92m  Downloaded^[[0m ed25519-dalek v3.0.0
Rust	Check Rust lints	2026-09-24T22:41:08.9339760Z ^[[1m^[[92m  Downloaded^[[0m hyper-util v0.1.20
Rust	Check Rust lints	2026-09-24T22:41:08.9405515Z ^[[1m^[[92m  Downloaded^[[0m rustls v0.23.44
Rust	Check Rust lints	2026-09-24T22:41:08.9529825Z ^[[1m^[[92m  Downloaded^[[0m itertools v0.14.0
Rust	Check Rust lints	2026-09-24T22:41:08.9603612Z ^[[1m^[[92m  Downloaded^[[0m time v0.3.55
Rust	Check Rust lints	2026-09-24T22:41:08.9757759Z ^[[1m^[[92m  Downloaded^[[0m hashbrown v0.15.5
Rust	Check Rust lints	2026-09-24T22:41:08.9809170Z ^[[1m^[[92m  Downloaded^[[0m hashbrown v0.17.1
Rust	Check Rust lints	2026-09-24T22:41:08.9865269Z ^[[1m^[[92m  Downloaded^[[0m aho-corasick v1.1.5
Rust	Check Rust lints	2026-09-24T22:41:08.9921512Z ^[[1m^[[92m  Downloaded^[[0m futures-util v0.3.34
Rust	Check Rust lints	2026-09-24T22:41:09.0062831Z ^[[1m^[[92m  Downloaded^[[0m hyper v1.11.1
Rust	Check Rust lints	2026-09-24T22:41:09.0136597Z ^[[1m^[[92m  Downloaded^[[0m vcpkg v0.2.15
Rust	Check Rust lints	2026-09-24T22:41:09.0724600Z ^[[1m^[[92m  Downloaded^[[0m h2 v0.4.19
Rust	Check Rust lints	2026-09-24T22:41:09.0792121Z ^[[1m^[[92m  Downloaded^[[0m syn v2.0.119
Rust	Check Rust lints	2026-09-24T22:41:09.0915096Z ^[[1m^[[92m  Downloaded^[[0m syn v3.0.5
Rust	Check Rust lints	2026-09-24T22:41:09.1027805Z ^[[1m^[[92m  Downloaded^[[0m regex-syntax v0.8.11
Rust	Check Rust lints	2026-09-24T22:41:09.1099444Z ^[[1m^[[92m  Downloaded^[[0m curve25519-dalek v5.0.0
Rust	Check Rust lints	2026-09-24T22:41:09.1198612Z ^[[1m^[[92m  Downloaded^[[0m petgraph v0.8.3
Rust	Check Rust lints	2026-09-24T22:41:09.1417895Z ^[[1m^[[92m  Downloaded^[[0m rustix v1.1.4
Rust	Check Rust lints	2026-09-24T22:41:09.1705404Z ^[[1m^[[92m  Downloaded^[[0m tracing v0.1.44
Rust	Check Rust lints	2026-09-24T22:41:09.1872077Z ^[[1m^[[92m  Downloaded^[[0m libc v0.2.189
Rust	Check Rust lints	2026-09-24T22:41:09.2330153Z ^[[1m^[[92m  Downloaded^[[0m regex-automata v0.4.18
Rust	Check Rust lints	2026-09-24T22:41:09.2478331Z ^[[1m^[[92m  Downloaded^[[0m tokio v1.53.1
Rust	Check Rust lints	2026-09-24T22:41:09.2976355Z ^[[1m^[[92m  Downloaded^[[0m ring v0.17.14
Rust	Check Rust lints	2026-09-24T22:41:09.3426183Z ^[[1m^[[92m  Downloaded^[[0m protoc-bin-vendored-macos-aarch_64 v3.2.0
Rust	Check Rust lints	2026-09-24T22:41:09.3727489Z ^[[1m^[[92m  Downloaded^[[0m protoc-bin-vendored-macos-x86_64 v3.2.0
Rust	Check Rust lints	2026-09-24T22:41:09.4034675Z ^[[1m^[[92m  Downloaded^[[0m linux-raw-sys v0.12.1
Rust	Check Rust lints	2026-09-24T22:41:09.4697836Z ^[[1m^[[92m  Downloaded^[[0m protoc-bin-vendored-linux-x86_64 v3.2.0
Rust	Check Rust lints	2026-09-24T22:41:09.5085234Z ^[[1m^[[92m  Downloaded^[[0m protoc-bin-vendored-win32 v3.2.0
Rust	Check Rust lints	2026-09-24T22:41:09.5490950Z ^[[1m^[[92m  Downloaded^[[0m protoc-bin-vendored-linux-x86_32 v3.2.0
Rust	Check Rust lints	2026-09-24T22:41:09.5914058Z ^[[1m^[[92m  Downloaded^[[0m protoc-bin-vendored-linux-aarch_64 v3.2.0
Rust	Check Rust lints	2026-09-24T22:41:09.6307290Z ^[[1m^[[92m  Downloaded^[[0m protoc-bin-vendored-linux-ppcle_64 v3.2.0
Rust	Check Rust lints	2026-09-24T22:41:09.6742599Z ^[[1m^[[92m  Downloaded^[[0m protoc-bin-vendored-linux-s390_64 v3.2.0
Rust	Check Rust lints	2026-09-24T22:41:09.7233150Z ^[[1m^[[92m  Downloaded^[[0m libsqlite3-sys v0.38.2
Rust	Check Rust lints	2026-09-24T22:41:09.9148950Z ^[[1m^[[92m   Compiling^[[0m proc-macro2 v1.0.107
Rust	Check Rust lints	2026-09-24T22:41:09.9149608Z ^[[1m^[[92m   Compiling^[[0m quote v1.0.47
Rust	Check Rust lints	2026-09-24T22:41:09.9150145Z ^[[1m^[[92m   Compiling^[[0m unicode-ident v1.0.24
Rust	Check Rust lints	2026-09-24T22:41:09.9151145Z ^[[1m^[[92m   Compiling^[[0m libc v0.2.189
Rust	Check Rust lints	2026-09-24T22:41:09.9763166Z ^[[1m^[[92m   Compiling^[[0m version_check v0.9.5
Rust	Check Rust lints	2026-09-24T22:41:10.0894297Z ^[[1m^[[92m    Checking^[[0m itoa v1.0.18
Rust	Check Rust lints	2026-09-24T22:41:10.1746896Z ^[[1m^[[92m    Checking^[[0m cfg-if v1.0.4
Rust	Check Rust lints	2026-09-24T22:41:10.1822547Z ^[[1m^[[92m   Compiling^[[0m generic-array v0.14.7
Rust	Check Rust lints	2026-09-24T22:41:10.1997242Z ^[[1m^[[92m   Compiling^[[0m serde_core v1.0.229
Rust	Check Rust lints	2026-09-24T22:41:10.2942794Z ^[[1m^[[92m    Checking^[[0m typenum v1.20.1
Rust	Check Rust lints	2026-09-24T22:41:10.3703136Z ^[[1m^[[92m    Checking^[[0m once_cell v1.21.4
Rust	Check Rust lints	2026-09-24T22:41:10.4822870Z ^[[1m^[[92m   Compiling^[[0m zmij v1.0.23
Rust	Check Rust lints	2026-09-24T22:41:10.8372603Z ^[[1m^[[92m   Compiling^[[0m syn v3.0.5
Rust	Check Rust lints	2026-09-24T22:41:11.0139707Z ^[[1m^[[92m   Compiling^[[0m syn v2.0.119
Rust	Check Rust lints	2026-09-24T22:41:11.1202599Z ^[[1m^[[92m   Compiling^[[0m getrandom v0.4.3
Rust	Check Rust lints	2026-09-24T22:41:11.2502638Z ^[[1m^[[92m    Checking^[[0m memchr v2.8.3
Rust	Check Rust lints	2026-09-24T22:41:11.6302680Z ^[[1m^[[92m   Compiling^[[0m serde v1.0.229
Rust	Check Rust lints	2026-09-24T22:41:11.8182726Z ^[[1m^[[92m   Compiling^[[0m serde_json v1.0.151
Rust	Check Rust lints	2026-09-24T22:41:11.9262988Z ^[[1m^[[92m   Compiling^[[0m thiserror v2.0.20
Rust	Check Rust lints	2026-09-24T22:41:12.6226857Z ^[[1m^[[92m    Checking^[[0m bitflags v2.13.2
Rust	Check Rust lints	2026-09-24T22:41:12.7192804Z ^[[1m^[[92m   Compiling^[[0m rustix v1.1.4
Rust	Check Rust lints	2026-09-24T22:41:13.0032825Z ^[[1m^[[92m    Checking^[[0m zeroize v1.9.0
Rust	Check Rust lints	2026-09-24T22:41:13.0863049Z ^[[1m^[[92m    Checking^[[0m linux-raw-sys v0.12.1
Rust	Check Rust lints	2026-09-24T22:41:13.4878079Z ^[[1m^[[92m    Checking^[[0m crypto-common v0.1.7
Rust	Check Rust lints	2026-09-24T22:41:13.5452769Z ^[[1m^[[92m    Checking^[[0m block-buffer v0.10.4
Rust	Check Rust lints	2026-09-24T22:41:13.6872991Z ^[[1m^[[92m    Checking^[[0m digest v0.10.7
Rust	Check Rust lints	2026-09-24T22:41:13.7992670Z ^[[1m^[[92m    Checking^[[0m cpufeatures v0.2.17
Rust	Check Rust lints	2026-09-24T22:41:13.8262579Z ^[[1m^[[92m    Checking^[[0m ryu-js v0.2.2
Rust	Check Rust lints	2026-09-24T22:41:13.9023692Z ^[[1m^[[92m    Checking^[[0m sha2 v0.10.9
Rust	Check Rust lints	2026-09-24T22:41:14.1012960Z ^[[1m^[[92m    Checking^[[0m uuid v1.26.1
Rust	Check Rust lints	2026-09-24T22:41:14.3706249Z ^[[1m^[[92m    Checking^[[0m subtle v2.6.1
Rust	Check Rust lints	2026-09-24T22:41:14.4630548Z ^[[1m^[[92m    Checking^[[0m hybrid-array v0.4.15
Rust	Check Rust lints	2026-09-24T22:41:14.6333284Z ^[[1m^[[92m   Compiling^[[0m serde_derive v1.0.229
Rust	Check Rust lints	2026-09-24T22:41:15.0312770Z ^[[1m^[[92m   Compiling^[[0m thiserror-impl v2.0.20
Rust	Check Rust lints	2026-09-24T22:41:15.7503578Z ^[[1m^[[92m   Compiling^[[0m io-lifetimes v3.0.1
Rust	Check Rust lints	2026-09-24T22:41:15.9082792Z ^[[1m^[[92m   Compiling^[[0m io-lifetimes v2.0.4
Rust	Check Rust lints	2026-09-24T22:41:16.0232852Z ^[[1m^[[92m   Compiling^[[0m io-extras v0.19.0
Rust	Check Rust lints	2026-09-24T22:41:16.0592760Z ^[[1m^[[92m   Compiling^[[0m semver v1.0.28
Rust	Check Rust lints	2026-09-24T22:41:16.2254820Z ^[[1m^[[92m   Compiling^[[0m rustc_version v0.4.1
Rust	Check Rust lints	2026-09-24T22:41:16.2773085Z ^[[1m^[[92m    Checking^[[0m block-buffer v0.12.1
Rust	Check Rust lints	2026-09-24T22:41:16.2820581Z ^[[1m^[[92m    Checking^[[0m crypto-common v0.2.2
Rust	Check Rust lints	2026-09-24T22:41:16.3613444Z ^[[1m^[[92m    Checking^[[0m bytes v1.12.1
Rust	Check Rust lints	2026-09-24T22:41:16.4322997Z ^[[1m^[[92m   Compiling^[[0m cap-primitives v4.0.3
Rust	Check Rust lints	2026-09-24T22:41:16.6872587Z ^[[1m^[[92m   Compiling^[[0m curve25519-dalek v5.0.0
Rust	Check Rust lints	2026-09-24T22:41:16.8192832Z ^[[1m^[[92m    Checking^[[0m fs-set-times v0.20.3
Rust	Check Rust lints	2026-09-24T22:41:16.8519270Z ^[[1m^[[92m    Checking^[[0m rustix-linux-procfs v0.1.1
Rust	Check Rust lints	2026-09-24T22:41:16.8592419Z ^[[1m^[[92m    Checking^[[0m digest v0.11.3
Rust	Check Rust lints	2026-09-24T22:41:16.8663732Z ^[[1m^[[92m   Compiling^[[0m cap-std v4.0.3
Rust	Check Rust lints	2026-09-24T22:41:16.9383677Z ^[[1m^[[92m    Checking^[[0m cpufeatures v0.3.1
Rust	Check Rust lints	2026-09-24T22:41:16.9442848Z ^[[1m^[[92m    Checking^[[0m ambient-authority v0.0.2
Rust	Check Rust lints	2026-09-24T22:41:16.9675031Z ^[[1m^[[92m    Checking^[[0m maybe-owned v0.3.4
Rust	Check Rust lints	2026-09-24T22:41:16.9852734Z ^[[1m^[[92m    Checking^[[0m ipnet v2.12.2
Rust	Check Rust lints	2026-09-24T22:41:17.0902800Z ^[[1m^[[92m   Compiling^[[0m curve25519-dalek-derive v0.1.1
Rust	Check Rust lints	2026-09-24T22:41:17.0982432Z ^[[1m^[[92m   Compiling^[[0m cap-fs-ext v4.0.3
Rust	Check Rust lints	2026-09-24T22:41:17.2423632Z ^[[1m^[[92m    Checking^[[0m signature v3.0.0
Rust	Check Rust lints	2026-09-24T22:41:17.2834482Z ^[[1m^[[92m    Checking^[[0m fastrand v2.5.0
Rust	Check Rust lints	2026-09-24T22:41:17.3932998Z ^[[1m^[[92m    Checking^[[0m tempfile v3.27.0
Rust	Check Rust lints	2026-09-24T22:41:17.5443227Z ^[[1m^[[92m    Checking^[[0m ed25519 v3.0.0
Rust	Check Rust lints	2026-09-24T22:41:17.6336477Z ^[[1m^[[92m    Checking^[[0m sha2 v0.11.0
Rust	Check Rust lints	2026-09-24T22:41:17.6473485Z ^[[1m^[[92m   Compiling^[[0m shlex v2.0.1
Rust	Check Rust lints	2026-09-24T22:41:17.7692718Z ^[[1m^[[92m   Compiling^[[0m find-msvc-tools v0.1.12
Rust	Check Rust lints	2026-09-24T22:41:17.9263643Z ^[[1m^[[92m    Checking^[[0m pin-project-lite v0.2.17
Rust	Check Rust lints	2026-09-24T22:41:17.9452257Z ^[[1m^[[92m    Checking^[[0m serde_jcs v0.2.0
Rust	Check Rust lints	2026-09-24T22:41:17.9592302Z ^[[1m^[[92m   Compiling^[[0m cc v1.4.5
Rust	Check Rust lints	2026-09-24T22:41:18.0303921Z ^[[1m^[[92m    Checking^[[0m rx-domain v0.1.0 (/home/runner/work/rx-solutions/rx-solutions/sdk/crates/rx-domain)
Rust	Check Rust lints	2026-09-24T22:41:18.2052889Z ^[[1m^[[92m    Checking^[[0m ed25519-dalek v3.0.0
Rust	Check Rust lints	2026-09-24T22:41:18.3053123Z ^[[1m^[[92m    Checking^[[0m errno v0.3.14
Rust	Check Rust lints	2026-09-24T22:41:18.3622525Z ^[[1m^[[92m    Checking^[[0m foldhash v0.2.0
Rust	Check Rust lints	2026-09-24T22:41:18.3807679Z ^[[1m^[[92m    Checking^[[0m signal-hook-registry v1.4.8
Rust	Check Rust lints	2026-09-24T22:41:18.4272785Z ^[[1m^[[92m    Checking^[[0m hashbrown v0.17.1
Rust	Check Rust lints	2026-09-24T22:41:18.4839459Z ^[[1m^[[92m   Compiling^[[0m tokio-macros v2.7.2
Rust	Check Rust lints	2026-09-24T22:41:18.8722992Z ^[[1m^[[92m    Checking^[[0m mio v1.2.3
Rust	Check Rust lints	2026-09-24T22:41:19.0023690Z ^[[1m^[[92m    Checking^[[0m socket2 v0.6.5
Rust	Check Rust lints	2026-09-24T22:41:19.1038568Z ^[[1m^[[92m    Checking^[[0m smallvec v1.16.0
Rust	Check Rust lints	2026-09-24T22:41:19.2294417Z ^[[1m^[[92m    Checking^[[0m tokio v1.53.1
Rust	Check Rust lints	2026-09-24T22:41:19.2362650Z ^[[1m^[[92m   Compiling^[[0m vcpkg v0.2.15
Rust	Check Rust lints	2026-09-24T22:41:19.3664597Z ^[[1m^[[92m   Compiling^[[0m pkg-config v0.3.34
Rust	Check Rust lints	2026-09-24T22:41:19.6383270Z ^[[1m^[[92m    Checking^[[0m rx-ports v0.1.0 (/home/runner/work/rx-solutions/rx-solutions/sdk/crates/rx-ports)
Rust	Check Rust lints	2026-09-24T22:41:19.8142062Z ^[[1m^[[92m    Checking^[[0m hashlink v0.12.2
Rust	Check Rust lints	2026-09-24T22:41:19.8183677Z ^[[1m^[[92m    Checking^[[0m rx-package v0.1.0 (/home/runner/work/rx-solutions/rx-solutions/sdk/crates/rx-package)
Rust	Check Rust lints	2026-09-24T22:41:19.8433216Z ^[[1m^[[92m   Compiling^[[0m libsqlite3-sys v0.38.2
Rust	Check Rust lints	2026-09-24T22:41:20.0252253Z ^[[1m^[[92m    Checking^[[0m fallible-iterator v0.3.0
Rust	Check Rust lints	2026-09-24T22:41:20.2582908Z ^[[1m^[[92m    Checking^[[0m fallible-streaming-iterator v0.1.9
Rust	Check Rust lints	2026-09-24T22:41:20.3263498Z ^[[1m^[[92m    Checking^[[0m rx-service-status v0.1.0 (/home/runner/work/rx-solutions/rx-solutions/runtime/rx-service-status)
Rust	Check Rust lints	2026-09-24T22:41:20.5804120Z ^[[1m^[[92m    Checking^[[0m futures-core v0.3.34
Rust	Check Rust lints	2026-09-24T22:41:20.6203848Z ^[[1m^[[92m   Compiling^[[0m anyhow v1.0.104
Rust	Check Rust lints	2026-09-24T22:41:20.7697701Z ^[[1m^[[92m   Compiling^[[0m either v1.18.0
Rust	Check Rust lints	2026-09-24T22:41:20.8850910Z ^[[1m^[[92m   Compiling^[[0m itertools v0.14.0
Rust	Check Rust lints	2026-09-24T22:41:21.1375360Z ^[[1m^[[92m    Checking^[[0m rx-process-contract v0.1.0 (/home/runner/work/rx-solutions/rx-solutions/sdk/crates/rx-process-contract)
Rust	Check Rust lints	2026-09-24T22:41:22.2323942Z ^[[1m^[[92m   Compiling^[[0m prost-derive v0.14.4
Rust	Check Rust lints	2026-09-24T22:41:22.6293034Z ^[[1m^[[92m    Checking^[[0m http v1.5.0
Rust	Check Rust lints	2026-09-24T22:41:23.0465853Z ^[[1m^[[92m   Compiling^[[0m ring v0.17.14
Rust	Check Rust lints	2026-09-24T22:41:23.1517401Z ^[[1m^[[92m   Compiling^[[0m tracing-attributes v0.1.31
Rust	Check Rust lints	2026-09-24T22:41:23.3632930Z ^[[1m^[[92m    Checking^[[0m tracing-core v0.1.36
Rust	Check Rust lints	2026-09-24T22:41:23.5693128Z ^[[1m^[[92m    Checking^[[0m slab v0.4.12
Rust	Check Rust lints	2026-09-24T22:41:24.1712732Z ^[[1m^[[92m    Checking^[[0m equivalent v1.0.2
Rust	Check Rust lints	2026-09-24T22:41:24.2013188Z ^[[1m^[[92m    Checking^[[0m futures-sink v0.3.34
Rust	Check Rust lints	2026-09-24T22:41:24.2462471Z ^[[1m^[[92m    Checking^[[0m tokio-util v0.7.19
Rust	Check Rust lints	2026-09-24T22:41:24.2712730Z ^[[1m^[[92m    Checking^[[0m indexmap v2.14.2
Rust	Check Rust lints	2026-09-24T22:41:24.6562894Z ^[[1m^[[92m    Checking^[[0m tracing v0.1.44
Rust	Check Rust lints	2026-09-24T22:41:24.8129463Z ^[[1m^[[92m    Checking^[[0m http-body v1.1.0
Rust	Check Rust lints	2026-09-24T22:41:25.0442631Z ^[[1m^[[92m    Checking^[[0m getrandom v0.2.17
Rust	Check Rust lints	2026-09-24T22:41:25.1277932Z ^[[1m^[[92m   Compiling^[[0m pulldown-cmark v0.13.4
Rust	Check Rust lints	2026-09-24T22:41:25.4082852Z ^[[1m^[[92m   Compiling^[[0m httparse v1.10.1
Rust	Check Rust lints	2026-09-24T22:41:25.4292684Z ^[[1m^[[92m   Compiling^[[0m prettyplease v0.2.37
Rust	Check Rust lints	2026-09-24T22:41:25.5922954Z ^[[1m^[[92m    Checking^[[0m untrusted v0.9.0
Rust	Check Rust lints	2026-09-24T22:41:25.6393354Z ^[[1m^[[92m    Checking^[[0m futures-task v0.3.34
Rust	Check Rust lints	2026-09-24T22:41:25.6632585Z ^[[1m^[[92m    Checking^[[0m tower-service v0.3.3
Rust	Check Rust lints	2026-09-24T22:41:25.7283302Z ^[[1m^[[92m    Checking^[[0m futures-util v0.3.34
Rust	Check Rust lints	2026-09-24T22:41:26.9003021Z ^[[1m^[[92m    Checking^[[0m rustls-pki-types v1.15.1
Rust	Check Rust lints	2026-09-24T22:41:27.1223628Z ^[[1m^[[92m   Compiling^[[0m regex-syntax v0.8.11
Rust	Check Rust lints	2026-09-24T22:41:27.2502530Z ^[[1m^[[92m   Compiling^[[0m foldhash v0.1.5
Rust	Check Rust lints	2026-09-24T22:41:27.3422828Z ^[[1m^[[92m    Checking^[[0m fnv v1.0.7
Rust	Check Rust lints	2026-09-24T22:41:27.8600479Z ^[[1m^[[92m    Checking^[[0m atomic-waker v1.1.2
Rust	Check Rust lints	2026-09-24T22:41:28.2068670Z ^[[1m^[[92m    Checking^[[0m try-lock v0.2.5
Rust	Check Rust lints	2026-09-24T22:41:28.3259845Z ^[[1m^[[92m   Compiling^[[0m unicase v2.9.0
Rust	Check Rust lints	2026-09-24T22:41:28.8802850Z ^[[1m^[[92m   Compiling^[[0m prost v0.14.4
Rust	Check Rust lints	2026-09-24T22:41:29.1921618Z ^[[1m^[[92m    Checking^[[0m want v0.3.1
Rust	Check Rust lints	2026-09-24T22:41:29.7510404Z ^[[1m^[[92m   Compiling^[[0m regex-automata v0.4.18
Rust	Check Rust lints	2026-09-24T22:41:30.8520130Z ^[[1m^[[92m    Checking^[[0m h2 v0.4.19
Rust	Check Rust lints	2026-09-24T22:41:31.2769093Z ^[[1m^[[92m   Compiling^[[0m hashbrown v0.15.5
Rust	Check Rust lints	2026-09-24T22:41:32.8712680Z ^[[1m^[[92m    Checking^[[0m futures-channel v0.3.34
Rust	Check Rust lints	2026-09-24T22:41:33.1887963Z ^[[1m^[[92m   Compiling^[[0m fixedbitset v0.5.7
Rust	Check Rust lints	2026-09-24T22:41:33.2604763Z ^[[1m^[[92m    Checking^[[0m tower-layer v0.3.3
Rust	Check Rust lints	2026-09-24T22:41:33.3318697Z ^[[1m^[[92m   Compiling^[[0m rustls v0.23.44
Rust	Check Rust lints	2026-09-24T22:41:33.4342131Z ^[[1m^[[92m    Checking^[[0m sync_wrapper v1.0.2
Rust	Check Rust lints	2026-09-24T22:41:33.4581545Z ^[[1m^[[92m    Checking^[[0m httpdate v1.0.3
Rust	Check Rust lints	2026-09-24T22:41:33.5133415Z ^[[1m^[[92m    Checking^[[0m hyper v1.11.1
Rust	Check Rust lints	2026-09-24T22:41:34.1563771Z ^[[1m^[[92m   Compiling^[[0m petgraph v0.8.3
Rust	Check Rust lints	2026-09-24T22:41:34.5176771Z ^[[1m^[[92m   Compiling^[[0m regex v1.13.1
Rust	Check Rust lints	2026-09-24T22:41:34.7560055Z ^[[1m^[[92m   Compiling^[[0m pulldown-cmark-to-cmark v22.0.1
Rust	Check Rust lints	2026-09-24T22:41:34.9163053Z ^[[1m^[[92m   Compiling^[[0m prost-types v0.14.4
Rust	Check Rust lints	2026-09-24T22:41:35.1302377Z ^[[1m^[[92m    Checking^[[0m http-body-util v0.1.5
Rust	Check Rust lints	2026-09-24T22:41:35.2564166Z ^[[1m^[[92m    Checking^[[0m rx-solution-catalog v0.1.0 (/home/runner/work/rx-solutions/rx-solutions/runtime/rx-solution-catalog)
Rust	Check Rust lints	2026-09-24T22:41:35.5372816Z ^[[1m^[[92m    Checking^[[0m log v0.4.34
Rust	Check Rust lints	2026-09-24T22:41:35.5953112Z ^[[1m^[[92m    Checking^[[0m rusqlite v0.40.2
Rust	Check Rust lints	2026-09-24T22:41:35.6182609Z ^[[1m^[[92m   Compiling^[[0m heck v0.5.0
Rust	Check Rust lints	2026-09-24T22:41:35.8373406Z ^[[1m^[[92m    Checking^[[0m mime v0.3.17
Rust	Check Rust lints	2026-09-24T22:41:35.8585939Z ^[[1m^[[92m   Compiling^[[0m multimap v0.10.1
Rust	Check Rust lints	2026-09-24T22:41:35.9543735Z ^[[1m^[[92m    Checking^[[0m axum-core v0.5.6
Rust	Check Rust lints	2026-09-24T22:41:35.9642698Z ^[[1m^[[92m   Compiling^[[0m prost-build v0.14.4
Rust	Check Rust lints	2026-09-24T22:41:36.2703554Z ^[[1m^[[92m    Checking^[[0m rx-storage v0.1.0 (/home/runner/work/rx-solutions/rx-solutions/sdk/crates/rx-storage)
Rust	Check Rust lints	2026-09-24T22:41:36.4973292Z ^[[1m^[[92m    Checking^[[0m hyper-util v0.1.20
Rust	Check Rust lints	2026-09-24T22:41:36.6962924Z ^[[1m^[[92m    Checking^[[0m rustls-webpki v0.103.15
Rust	Check Rust lints	2026-09-24T22:41:37.1102770Z ^[[1m^[[92m    Checking^[[0m tower v0.5.3
Rust	Check Rust lints	2026-09-24T22:41:37.2382895Z ^[[1m^[[92m   Compiling^[[0m tonic-build v0.14.6
Rust	Check Rust lints	2026-09-24T22:41:37.7253064Z ^[[1m^[[92m   Compiling^[[0m pin-project-internal v1.1.13
Rust	Check Rust lints	2026-09-24T22:41:37.7473266Z ^[[1m^[[92m   Compiling^[[0m protoc-bin-vendored-linux-x86_64 v3.2.0
Rust	Check Rust lints	2026-09-24T22:41:37.7993726Z ^[[1m^[[92m    Checking^[[0m percent-encoding v2.3.2
Rust	Check Rust lints	2026-09-24T22:41:37.8712754Z ^[[1m^[[92m   Compiling^[[0m protoc-bin-vendored-linux-s390_64 v3.2.0
Rust	Check Rust lints	2026-09-24T22:41:37.9232954Z ^[[1m^[[92m   Compiling^[[0m protoc-bin-vendored-linux-ppcle_64 v3.2.0
Rust	Check Rust lints	2026-09-24T22:41:37.9473191Z ^[[1m^[[92m   Compiling^[[0m protoc-bin-vendored-win32 v3.2.0
Rust	Check Rust lints	2026-09-24T22:41:37.9683737Z ^[[1m^[[92m   Compiling^[[0m protoc-bin-vendored-macos-x86_64 v3.2.0
Rust	Check Rust lints	2026-09-24T22:41:37.9949599Z ^[[1m^[[92m   Compiling^[[0m protoc-bin-vendored-linux-aarch_64 v3.2.0
Rust	Check Rust lints	2026-09-24T22:41:38.0216227Z ^[[1m^[[92m    Checking^[[0m matchit v0.8.4
Rust	Check Rust lints	2026-09-24T22:41:38.0447618Z ^[[1m^[[92m   Compiling^[[0m protoc-bin-vendored-macos-aarch_64 v3.2.0
Rust	Check Rust lints	2026-09-24T22:41:38.0962921Z ^[[1m^[[92m   Compiling^[[0m protoc-bin-vendored-linux-x86_32 v3.2.0
Rust	Check Rust lints	2026-09-24T22:41:38.1453131Z ^[[1m^[[92m   Compiling^[[0m protoc-bin-vendored v3.2.0
Rust	Check Rust lints	2026-09-24T22:41:38.1832759Z ^[[1m^[[92m    Checking^[[0m axum v0.8.9
Rust	Check Rust lints	2026-09-24T22:41:38.2022869Z ^[[1m^[[92m   Compiling^[[0m tonic-prost-build v0.14.6
Rust	Check Rust lints	2026-09-24T22:41:38.6187559Z ^[[1m^[[92m    Checking^[[0m hyper-timeout v0.5.2
Rust	Check Rust lints	2026-09-24T22:41:38.6353612Z ^[[1m^[[92m    Checking^[[0m pin-project v1.1.13
Rust	Check Rust lints	2026-09-24T22:41:38.6631000Z ^[[1m^[[92m    Checking^[[0m tokio-stream v0.1.19
Rust	Check Rust lints	2026-09-24T22:41:38.7393195Z ^[[1m^[[92m   Compiling^[[0m async-trait v0.1.92
Rust	Check Rust lints	2026-09-24T22:41:38.9963101Z ^[[1m^[[92m    Checking^[[0m base64 v0.22.1
Rust	Check Rust lints	2026-09-24T22:41:39.1763303Z ^[[1m^[[92m   Compiling^[[0m rx-protocol v0.1.0 (/home/runner/work/rx-solutions/rx-solutions/sdk/crates/rx-protocol)
Rust	Check Rust lints	2026-09-24T22:41:39.4592946Z ^[[1m^[[92m    Checking^[[0m tokio-rustls v0.26.5
Rust	Check Rust lints	2026-09-24T22:41:39.6313070Z ^[[1m^[[92m    Checking^[[0m rx-process v0.1.0 (/home/runner/work/rx-solutions/rx-solutions/runtime/rx-process)
Rust	Check Rust lints	2026-09-24T22:41:39.7723144Z ^[[1m^[[92m   Compiling^[[0m rx-host v0.1.0 (/home/runner/work/rx-solutions/rx-solutions/runtime/rx-host)
Rust	Check Rust lints	2026-09-24T22:41:40.2530491Z ^[[1m^[[92m    Checking^[[0m prost-reflect v0.16.5
Rust	Check Rust lints	2026-09-24T22:41:40.4953578Z ^[[1m^[[92m    Checking^[[0m rx-melsec-mc v0.1.0 (/home/runner/work/rx-solutions/rx-solutions/drivers/rx-melsec-mc)
Rust	Check Rust lints	2026-09-24T22:41:40.8533158Z ^[[1m^[[92m    Checking^[[0m rx-supervisor v0.1.0 (/home/runner/work/rx-solutions/rx-solutions/runtime/rx-supervisor)
Rust	Check Rust lints	2026-09-24T22:41:40.9127626Z ^[[1m^[[92m    Checking^[[0m tonic v0.14.6
Rust	Check Rust lints	2026-09-24T22:41:40.9976002Z ^[[1m^[[92m    Checking^[[0m time-core v0.1.9
Rust	Check Rust lints	2026-09-24T22:41:41.1252504Z ^[[1m^[[92m    Checking^[[0m num-conv v0.2.2
Rust	Check Rust lints	2026-09-24T22:41:41.2122564Z ^[[1m^[[92m    Checking^[[0m deranged v0.5.8
Rust	Check Rust lints	2026-09-24T22:41:41.3902775Z ^[[1m^[[92m    Checking^[[0m powerfmt v0.2.0
Rust	Check Rust lints	2026-09-24T22:41:41.4782742Z ^[[1m^[[92m    Checking^[[0m base64 v0.23.1
Rust	Check Rust lints	2026-09-24T22:41:41.6802630Z ^[[1m^[[92m    Checking^[[0m pem v4.0.0
Rust	Check Rust lints	2026-09-24T22:41:41.7693276Z ^[[1m^[[92m    Checking^[[0m rx-process-package v0.1.0 (/home/runner/work/rx-solutions/rx-solutions/runtime/rx-process-package)
Rust	Check Rust lints	2026-09-24T22:41:42.1723417Z ^[[1m^[[92m    Checking^[[0m tonic-prost v0.14.6
Rust	Check Rust lints	2026-09-24T22:41:42.2023014Z ^[[1m^[[92m    Checking^[[0m time v0.3.55
Rust	Check Rust lints	2026-09-24T22:41:42.7310447Z ^[[1m^[[92m    Checking^[[0m yasna v0.6.0
Rust	Check Rust lints	2026-09-24T22:41:43.0792557Z ^[[1m^[[92m    Checking^[[0m rcgen v0.14.10
Rust	Check Rust lints	2026-09-24T22:41:46.8348435Z ^[[1m^[[92m    Checking^[[0m rx-executor v0.1.0 (/home/runner/work/rx-solutions/rx-solutions/runtime/rx-executor)
Rust	Check Rust lints	2026-09-24T22:41:51.7703610Z ^[[1m^[[92m    Checking^[[0m rx-device-package v0.1.0 (/home/runner/work/rx-solutions/rx-solutions/runtime/rx-device-package)
Rust	Check Rust lints	2026-09-24T22:41:53.6915319Z ^[[1m^[[92m    Finished^[[0m `dev` profile [unoptimized + debuginfo] target(s) in 46.18s
Rust	Test Rust workspace	﻿2026-09-24T22:41:53.7821923Z ##[group]Run cargo test --workspace --all-features --locked
Rust	Test Rust workspace	2026-09-24T22:41:53.7822397Z ^[[36;1mcargo test --workspace --all-features --locked^[[0m
Rust	Test Rust workspace	2026-09-24T22:41:53.7891678Z shell: /usr/bin/bash --noprofile --norc -e -o pipefail {0}
Rust	Test Rust workspace	2026-09-24T22:41:53.7892043Z env:
Rust	Test Rust workspace	2026-09-24T22:41:53.7892252Z   CARGO_TERM_COLOR: always
Rust	Test Rust workspace	2026-09-24T22:41:53.7892499Z   RUST_BACKTRACE: 1
Rust	Test Rust workspace	2026-09-24T22:41:53.7892710Z ##[endgroup]
Rust	Test Rust workspace	2026-09-24T22:41:54.0452730Z ^[[1m^[[92m   Compiling^[[0m cfg-if v1.0.4
Rust	Test Rust workspace	2026-09-24T22:41:54.0453612Z ^[[1m^[[92m   Compiling^[[0m libc v0.2.189
Rust	Test Rust workspace	2026-09-24T22:41:54.0454873Z ^[[1m^[[92m   Compiling^[[0m itoa v1.0.18
Rust	Test Rust workspace	2026-09-24T22:41:54.0520331Z ^[[1m^[[92m   Compiling^[[0m memchr v2.8.3
Rust	Test Rust workspace	2026-09-24T22:41:54.0772735Z ^[[1m^[[92m   Compiling^[[0m bitflags v2.13.2
Rust	Test Rust workspace	2026-09-24T22:41:54.1679869Z ^[[1m^[[92m   Compiling^[[0m serde_core v1.0.229
Rust	Test Rust workspace	2026-09-24T22:41:54.2492416Z ^[[1m^[[92m   Compiling^[[0m typenum v1.20.1
Rust	Test Rust workspace	2026-09-24T22:41:54.8213639Z ^[[1m^[[92m   Compiling^[[0m once_cell v1.21.4
Rust	Test Rust workspace	2026-09-24T22:41:54.9683179Z ^[[1m^[[92m   Compiling^[[0m zmij v1.0.23
Rust	Test Rust workspace	2026-09-24T22:41:54.9963216Z ^[[1m^[[92m   Compiling^[[0m cpufeatures v0.2.17
Rust	Test Rust workspace	2026-09-24T22:41:55.0292056Z ^[[1m^[[92m   Compiling^[[0m thiserror v2.0.20
Rust	Test Rust workspace	2026-09-24T22:41:55.0723044Z ^[[1m^[[92m   Compiling^[[0m linux-raw-sys v0.12.1
Rust	Test Rust workspace	2026-09-24T22:41:55.1596584Z ^[[1m^[[92m   Compiling^[[0m generic-array v0.14.7
Rust	Test Rust workspace	2026-09-24T22:41:55.2462788Z ^[[1m^[[92m   Compiling^[[0m getrandom v0.4.3
Rust	Test Rust workspace	2026-09-24T22:41:55.3642945Z ^[[1m^[[92m   Compiling^[[0m rustix v1.1.4
Rust	Test Rust workspace	2026-09-24T22:41:55.3702273Z ^[[1m^[[92m   Compiling^[[0m zeroize v1.9.0
Rust	Test Rust workspace	2026-09-24T22:41:55.4817192Z ^[[1m^[[92m   Compiling^[[0m ryu-js v0.2.2
Rust	Test Rust workspace	2026-09-24T22:41:55.6042735Z ^[[1m^[[92m   Compiling^[[0m fastrand v2.5.0
Rust	Test Rust workspace	2026-09-24T22:41:55.6846648Z ^[[1m^[[92m   Compiling^[[0m block-buffer v0.10.4
Rust	Test Rust workspace	2026-09-24T22:41:55.7592718Z ^[[1m^[[92m   Compiling^[[0m crypto-common v0.1.7
Rust	Test Rust workspace	2026-09-24T22:41:55.8084644Z ^[[1m^[[92m   Compiling^[[0m digest v0.10.7
Rust	Test Rust workspace	2026-09-24T22:41:55.8165394Z ^[[1m^[[92m   Compiling^[[0m subtle v2.6.1
Rust	Test Rust workspace	2026-09-24T22:41:55.8972343Z ^[[1m^[[92m   Compiling^[[0m hybrid-array v0.4.15
Rust	Test Rust workspace	2026-09-24T22:41:55.9463398Z ^[[1m^[[92m   Compiling^[[0m sha2 v0.10.9
Rust	Test Rust workspace	2026-09-24T22:41:56.2703135Z ^[[1m^[[92m   Compiling^[[0m serde v1.0.229
Rust	Test Rust workspace	2026-09-24T22:41:56.2918938Z ^[[1m^[[92m   Compiling^[[0m serde_json v1.0.151
Rust	Test Rust workspace	2026-09-24T22:41:56.4042739Z ^[[1m^[[92m   Compiling^[[0m uuid v1.26.1
Rust	Test Rust workspace	2026-09-24T22:41:56.7803987Z ^[[1m^[[92m   Compiling^[[0m io-lifetimes v3.0.1
Rust	Test Rust workspace	2026-09-24T22:41:56.8423482Z ^[[1m^[[92m   Compiling^[[0m io-lifetimes v2.0.4
Rust	Test Rust workspace	2026-09-24T22:41:56.8552870Z ^[[1m^[[92m   Compiling^[[0m block-buffer v0.12.1
Rust	Test Rust workspace	2026-09-24T22:41:56.9042866Z ^[[1m^[[92m   Compiling^[[0m crypto-common v0.2.2
Rust	Test Rust workspace	2026-09-24T22:41:56.9485153Z ^[[1m^[[92m   Compiling^[[0m io-extras v0.19.0
Rust	Test Rust workspace	2026-09-24T22:41:57.0311895Z ^[[1m^[[92m   Compiling^[[0m ambient-authority v0.0.2
Rust	Test Rust workspace	2026-09-24T22:41:57.0652782Z ^[[1m^[[92m   Compiling^[[0m ipnet v2.12.2
Rust	Test Rust workspace	2026-09-24T22:41:57.5673438Z ^[[1m^[[92m   Compiling^[[0m serde_jcs v0.2.0
Rust	Test Rust workspace	2026-09-24T22:41:57.7484989Z ^[[1m^[[92m   Compiling^[[0m rx-domain v0.1.0 (/home/runner/work/rx-solutions/rx-solutions/sdk/crates/rx-domain)
Rust	Test Rust workspace	2026-09-24T22:41:57.8793066Z ^[[1m^[[92m   Compiling^[[0m digest v0.11.3
Rust	Test Rust workspace	2026-09-24T22:41:57.9711112Z ^[[1m^[[92m   Compiling^[[0m maybe-owned v0.3.4
Rust	Test Rust workspace	2026-09-24T22:41:57.9763709Z ^[[1m^[[92m   Compiling^[[0m cpufeatures v0.3.1
Rust	Test Rust workspace	2026-09-24T22:41:58.0011726Z ^[[1m^[[92m   Compiling^[[0m signature v3.0.0
Rust	Test Rust workspace	2026-09-24T22:41:58.0523349Z ^[[1m^[[92m   Compiling^[[0m ed25519 v3.0.0
Rust	Test Rust workspace	2026-09-24T22:41:58.0882722Z ^[[1m^[[92m   Compiling^[[0m curve25519-dalek v5.0.0
Rust	Test Rust workspace	2026-09-24T22:41:58.1543154Z ^[[1m^[[92m   Compiling^[[0m sha2 v0.11.0
Rust	Test Rust workspace	2026-09-24T22:41:59.0553477Z ^[[1m^[[92m   Compiling^[[0m rustix-linux-procfs v0.1.1
Rust	Test Rust workspace	2026-09-24T22:41:59.0899873Z ^[[1m^[[92m   Compiling^[[0m fs-set-times v0.20.3
Rust	Test Rust workspace	2026-09-24T22:41:59.1783432Z ^[[1m^[[92m   Compiling^[[0m cap-primitives v4.0.3
Rust	Test Rust workspace	2026-09-24T22:41:59.2378898Z ^[[1m^[[92m   Compiling^[[0m tempfile v3.27.0
Rust	Test Rust workspace	2026-09-24T22:41:59.2660440Z ^[[1m^[[92m   Compiling^[[0m bytes v1.12.1
Rust	Test Rust workspace	2026-09-24T22:41:59.6232837Z ^[[1m^[[92m   Compiling^[[0m cap-std v4.0.3
Rust	Test Rust workspace	2026-09-24T22:41:59.8321875Z ^[[1m^[[92m   Compiling^[[0m rx-ports v0.1.0 (/home/runner/work/rx-solutions/rx-solutions/sdk/crates/rx-ports)
Rust	Test Rust workspace	2026-09-24T22:41:59.8603225Z ^[[1m^[[92m   Compiling^[[0m cap-fs-ext v4.0.3
Rust	Test Rust workspace	2026-09-24T22:41:59.9165870Z ^[[1m^[[92m   Compiling^[[0m ed25519-dalek v3.0.0
Rust	Test Rust workspace	2026-09-24T22:41:59.9552470Z ^[[1m^[[92m   Compiling^[[0m semver v1.0.28
Rust	Test Rust workspace	2026-09-24T22:42:00.0782490Z ^[[1m^[[92m   Compiling^[[0m pin-project-lite v0.2.17
Rust	Test Rust workspace	2026-09-24T22:42:00.0932527Z ^[[1m^[[92m   Compiling^[[0m errno v0.3.14
Rust	Test Rust workspace	2026-09-24T22:42:00.1253329Z ^[[1m^[[92m   Compiling^[[0m foldhash v0.2.0
Rust	Test Rust workspace	2026-09-24T22:42:00.1773203Z ^[[1m^[[92m   Compiling^[[0m rx-package v0.1.0 (/home/runner/work/rx-solutions/rx-solutions/sdk/crates/rx-package)
Rust	Test Rust workspace	2026-09-24T22:42:00.2240429Z ^[[1m^[[92m   Compiling^[[0m hashbrown v0.17.1
Rust	Test Rust workspace	2026-09-24T22:42:00.2390913Z ^[[1m^[[92m   Compiling^[[0m signal-hook-registry v1.4.8
Rust	Test Rust workspace	2026-09-24T22:42:00.4538381Z ^[[1m^[[92m   Compiling^[[0m mio v1.2.3
Rust	Test Rust workspace	2026-09-24T22:42:00.7878361Z ^[[1m^[[92m   Compiling^[[0m socket2 v0.6.5
Rust	Test Rust workspace	2026-09-24T22:42:00.9043117Z ^[[1m^[[92m   Compiling^[[0m smallvec v1.16.0
Rust	Test Rust workspace	2026-09-24T22:42:01.0489437Z ^[[1m^[[92m   Compiling^[[0m libsqlite3-sys v0.38.2
Rust	Test Rust workspace	2026-09-24T22:42:01.2098981Z ^[[1m^[[92m   Compiling^[[0m tokio v1.53.1
Rust	Test Rust workspace	2026-09-24T22:42:01.3033069Z ^[[1m^[[92m   Compiling^[[0m hashlink v0.12.2
Rust	Test Rust workspace	2026-09-24T22:42:01.4362767Z ^[[1m^[[92m   Compiling^[[0m fallible-iterator v0.3.0
Rust	Test Rust workspace	2026-09-24T22:42:01.5472796Z ^[[1m^[[92m   Compiling^[[0m fallible-streaming-iterator v0.1.9
Rust	Test Rust workspace	2026-09-24T22:42:01.6303494Z ^[[1m^[[92m   Compiling^[[0m rx-service-status v0.1.0 (/home/runner/work/rx-solutions/rx-solutions/runtime/rx-service-status)
Rust	Test Rust workspace	2026-09-24T22:42:01.7132661Z ^[[1m^[[92m   Compiling^[[0m rusqlite v0.40.2
Rust	Test Rust workspace	2026-09-24T22:42:03.0345976Z ^[[1m^[[92m   Compiling^[[0m rx-storage v0.1.0 (/home/runner/work/rx-solutions/rx-solutions/sdk/crates/rx-storage)
Rust	Test Rust workspace	2026-09-24T22:42:03.1273057Z ^[[1m^[[92m   Compiling^[[0m equivalent v1.0.2
Rust	Test Rust workspace	2026-09-24T22:42:03.1572760Z ^[[1m^[[92m   Compiling^[[0m futures-core v0.3.34
Rust	Test Rust workspace	2026-09-24T22:42:03.2363887Z ^[[1m^[[92m   Compiling^[[0m rx-process-contract v0.1.0 (/home/runner/work/rx-solutions/rx-solutions/sdk/crates/rx-process-contract)
Rust	Test Rust workspace	2026-09-24T22:42:04.4282837Z ^[[1m^[[92m   Compiling^[[0m http v1.5.0
Rust	Test Rust workspace	2026-09-24T22:42:05.4493053Z ^[[1m^[[92m   Compiling^[[0m tracing-core v0.1.36
Rust	Test Rust workspace	2026-09-24T22:42:06.0213872Z ^[[1m^[[92m   Compiling^[[0m slab v0.4.12
Rust	Test Rust workspace	2026-09-24T22:42:06.1343322Z ^[[1m^[[92m   Compiling^[[0m futures-sink v0.3.34
Rust	Test Rust workspace	2026-09-24T22:42:06.4633247Z ^[[1m^[[92m   Compiling^[[0m tokio-util v0.7.19
Rust	Test Rust workspace	2026-09-24T22:42:06.7113342Z ^[[1m^[[92m   Compiling^[[0m tracing v0.1.44
Rust	Test Rust workspace	2026-09-24T22:42:06.8832634Z ^[[1m^[[92m   Compiling^[[0m http-body v1.1.0
Rust	Test Rust workspace	2026-09-24T22:42:06.9712357Z ^[[1m^[[92m   Compiling^[[0m indexmap v2.14.2
Rust	Test Rust workspace	2026-09-24T22:42:07.1212613Z ^[[1m^[[92m   Compiling^[[0m log v0.4.34
Rust	Test Rust workspace	2026-09-24T22:42:07.2278387Z ^[[1m^[[92m   Compiling^[[0m getrandom v0.2.17
Rust	Test Rust workspace	2026-09-24T22:42:07.3503412Z ^[[1m^[[92m   Compiling^[[0m untrusted v0.9.0
Rust	Test Rust workspace	2026-09-24T22:42:07.4063365Z ^[[1m^[[92m   Compiling^[[0m tower-service v0.3.3
Rust	Test Rust workspace	2026-09-24T22:42:07.4445847Z ^[[1m^[[92m   Compiling^[[0m futures-task v0.3.34
Rust	Test Rust workspace	2026-09-24T22:42:07.5473302Z ^[[1m^[[92m   Compiling^[[0m futures-util v0.3.34
Rust	Test Rust workspace	2026-09-24T22:42:07.6203177Z ^[[1m^[[92m   Compiling^[[0m ring v0.17.14
Rust	Test Rust workspace	2026-09-24T22:42:08.1933295Z ^[[1m^[[92m   Compiling^[[0m rustls-pki-types v1.15.1
Rust	Test Rust workspace	2026-09-24T22:42:08.6723067Z ^[[1m^[[92m   Compiling^[[0m atomic-waker v1.1.2
Rust	Test Rust workspace	2026-09-24T22:42:08.7342294Z ^[[1m^[[92m   Compiling^[[0m fnv v1.0.7
Rust	Test Rust workspace	2026-09-24T22:42:08.7761036Z ^[[1m^[[92m   Compiling^[[0m try-lock v0.2.5
Rust	Test Rust workspace	2026-09-24T22:42:08.8248049Z ^[[1m^[[92m   Compiling^[[0m want v0.3.1
Rust	Test Rust workspace	2026-09-24T22:42:08.9273195Z ^[[1m^[[92m   Compiling^[[0m h2 v0.4.19
Rust	Test Rust workspace	2026-09-24T22:42:09.3616258Z ^[[1m^[[92m   Compiling^[[0m pulldown-cmark v0.13.4
Rust	Test Rust workspace	2026-09-24T22:42:10.7202805Z ^[[1m^[[92m   Compiling^[[0m httparse v1.10.1
Rust	Test Rust workspace	2026-09-24T22:42:10.7763159Z ^[[1m^[[92m   Compiling^[[0m futures-channel v0.3.34
Rust	Test Rust workspace	2026-09-24T22:42:10.9393724Z ^[[1m^[[92m   Compiling^[[0m rx-solution-catalog v0.1.0 (/home/runner/work/rx-solutions/rx-solutions/runtime/rx-solution-catalog)
Rust	Test Rust workspace	2026-09-24T22:42:10.9863065Z ^[[1m^[[92m   Compiling^[[0m sync_wrapper v1.0.2
Rust	Test Rust workspace	2026-09-24T22:42:11.0262910Z ^[[1m^[[92m   Compiling^[[0m httpdate v1.0.3
Rust	Test Rust workspace	2026-09-24T22:42:11.1303007Z ^[[1m^[[92m   Compiling^[[0m tower-layer v0.3.3
Rust	Test Rust workspace	2026-09-24T22:42:11.2483054Z ^[[1m^[[92m   Compiling^[[0m petgraph v0.8.3
Rust	Test Rust workspace	2026-09-24T22:42:11.5953498Z ^[[1m^[[92m   Compiling^[[0m hyper v1.11.1
Rust	Test Rust workspace	2026-09-24T22:42:12.6963434Z ^[[1m^[[92m   Compiling^[[0m pulldown-cmark-to-cmark v22.0.1
Rust	Test Rust workspace	2026-09-24T22:42:12.9343317Z ^[[1m^[[92m   Compiling^[[0m prost-types v0.14.4
Rust	Test Rust workspace	2026-09-24T22:42:13.0132824Z ^[[1m^[[92m   Compiling^[[0m rustls-webpki v0.103.15
Rust	Test Rust workspace	2026-09-24T22:42:13.5883170Z ^[[1m^[[92m   Compiling^[[0m http-body-util v0.1.5
Rust	Test Rust workspace	2026-09-24T22:42:13.6056896Z ^[[1m^[[92m   Compiling^[[0m mime v0.3.17
Rust	Test Rust workspace	2026-09-24T22:42:13.7862982Z ^[[1m^[[92m   Compiling^[[0m axum-core v0.5.6
Rust	Test Rust workspace	2026-09-24T22:42:13.8227374Z ^[[1m^[[92m   Compiling^[[0m rustls v0.23.44
Rust	Test Rust workspace	2026-09-24T22:42:14.1553216Z ^[[1m^[[92m   Compiling^[[0m prost-build v0.14.4
Rust	Test Rust workspace	2026-09-24T22:42:14.2912659Z ^[[1m^[[92m   Compiling^[[0m hyper-util v0.1.20
Rust	Test Rust workspace	2026-09-24T22:42:15.2283150Z ^[[1m^[[92m   Compiling^[[0m tower v0.5.3
Rust	Test Rust workspace	2026-09-24T22:42:15.4472642Z ^[[1m^[[92m   Compiling^[[0m prost v0.14.4
Rust	Test Rust workspace	2026-09-24T22:42:15.7733109Z ^[[1m^[[92m   Compiling^[[0m matchit v0.8.4
Rust	Test Rust workspace	2026-09-24T22:42:15.7822594Z ^[[1m^[[92m   Compiling^[[0m percent-encoding v2.3.2
Rust	Test Rust workspace	2026-09-24T22:42:15.8992993Z ^[[1m^[[92m   Compiling^[[0m pin-project v1.1.13
Rust	Test Rust workspace	2026-09-24T22:42:15.9335060Z ^[[1m^[[92m   Compiling^[[0m tonic-prost-build v0.14.6
Rust	Test Rust workspace	2026-09-24T22:42:16.0262709Z ^[[1m^[[92m   Compiling^[[0m axum v0.8.9
Rust	Test Rust workspace	2026-09-24T22:42:16.0763484Z ^[[1m^[[92m   Compiling^[[0m hyper-timeout v0.5.2
Rust	Test Rust workspace	2026-09-24T22:42:16.2142584Z ^[[1m^[[92m   Compiling^[[0m tokio-stream v0.1.19
Rust	Test Rust workspace	2026-09-24T22:42:16.3632734Z ^[[1m^[[92m   Compiling^[[0m base64 v0.22.1
Rust	Test Rust workspace	2026-09-24T22:42:16.5973633Z ^[[1m^[[92m   Compiling^[[0m rx-protocol v0.1.0 (/home/runner/work/rx-solutions/rx-solutions/sdk/crates/rx-protocol)
Rust	Test Rust workspace	2026-09-24T22:42:17.5442944Z ^[[1m^[[92m   Compiling^[[0m tokio-rustls v0.26.5
Rust	Test Rust workspace	2026-09-24T22:42:17.7273303Z ^[[1m^[[92m   Compiling^[[0m prost-reflect v0.16.5
Rust	Test Rust workspace	2026-09-24T22:42:18.8913287Z ^[[1m^[[92m   Compiling^[[0m rx-process v0.1.0 (/home/runner/work/rx-solutions/rx-solutions/runtime/rx-process)
Rust	Test Rust workspace	2026-09-24T22:42:19.5763466Z ^[[1m^[[92m   Compiling^[[0m tonic v0.14.6
Rust	Test Rust workspace	2026-09-24T22:42:19.7723521Z ^[[1m^[[92m   Compiling^[[0m rx-melsec-mc v0.1.0 (/home/runner/work/rx-solutions/rx-solutions/drivers/rx-melsec-mc)
Rust	Test Rust workspace	2026-09-24T22:42:20.4083228Z ^[[1m^[[92m   Compiling^[[0m rx-host v0.1.0 (/home/runner/work/rx-solutions/rx-solutions/runtime/rx-host)
Rust	Test Rust workspace	2026-09-24T22:42:20.6423521Z ^[[1m^[[92m   Compiling^[[0m rx-supervisor v0.1.0 (/home/runner/work/rx-solutions/rx-solutions/runtime/rx-supervisor)
Rust	Test Rust workspace	2026-09-24T22:42:21.2022497Z ^[[1m^[[92m   Compiling^[[0m powerfmt v0.2.0
Rust	Test Rust workspace	2026-09-24T22:42:21.3382731Z ^[[1m^[[92m   Compiling^[[0m time-core v0.1.9
Rust	Test Rust workspace	2026-09-24T22:42:21.4773168Z ^[[1m^[[92m   Compiling^[[0m tonic-prost v0.14.6
Rust	Test Rust workspace	2026-09-24T22:42:22.5934964Z ^[[1m^[[92m   Compiling^[[0m deranged v0.5.8
Rust	Test Rust workspace	2026-09-24T22:42:23.6743059Z ^[[1m^[[92m   Compiling^[[0m num-conv v0.2.2
Rust	Test Rust workspace	2026-09-24T22:42:23.7750030Z ^[[1m^[[92m   Compiling^[[0m time v0.3.55
Rust	Test Rust workspace	2026-09-24T22:42:24.3937855Z ^[[1m^[[92m   Compiling^[[0m base64 v0.23.1
Rust	Test Rust workspace	2026-09-24T22:42:24.4542861Z ^[[1m^[[92m   Compiling^[[0m yasna v0.6.0
Rust	Test Rust workspace	2026-09-24T22:42:24.7093381Z ^[[1m^[[92m   Compiling^[[0m pem v4.0.0
Rust	Test Rust workspace	2026-09-24T22:42:25.0049666Z ^[[1m^[[92m   Compiling^[[0m rcgen v0.14.10
Rust	Test Rust workspace	2026-09-24T22:42:25.2363447Z ^[[1m^[[92m   Compiling^[[0m rx-process-package v0.1.0 (/home/runner/work/rx-solutions/rx-solutions/runtime/rx-process-package)
Rust	Test Rust workspace	2026-09-24T22:42:27.4033919Z ^[[1m^[[92m   Compiling^[[0m rx-executor v0.1.0 (/home/runner/work/rx-solutions/rx-solutions/runtime/rx-executor)
Rust	Test Rust workspace	2026-09-24T22:42:35.7133711Z ^[[1m^[[92m   Compiling^[[0m rx-device-package v0.1.0 (/home/runner/work/rx-solutions/rx-solutions/runtime/rx-device-package)
Rust	Test Rust workspace	2026-09-24T22:44:20.0131678Z ^[[1m^[[92m    Finished^[[0m `test` profile [unoptimized + debuginfo] target(s) in 2m 26s
Rust	Test Rust workspace	2026-09-24T22:44:20.0490410Z ^[[1m^[[92m     Running^[[0m unittests src/lib.rs (target/debug/deps/rx_device_package-9462bb0f5b46cbe8)
Rust	Test Rust workspace	2026-09-24T22:44:20.0502476Z 
Rust	Test Rust workspace	2026-09-24T22:44:20.0502716Z running 0 tests
Rust	Test Rust workspace	2026-09-24T22:44:20.0502952Z 
Rust	Test Rust workspace	2026-09-24T22:44:20.0503743Z test result: ok. 0 passed; 0 failed; 0 ignored; 0 measured; 0 filtered out; finished in 0.00s
Rust	Test Rust workspace	2026-09-24T22:44:20.0504344Z 
Rust	Test Rust workspace	2026-09-24T22:44:20.0506137Z ^[[1m^[[92m     Running^[[0m unittests src/bin/rx-device-package.rs (target/debug/deps/rx_device_package-5b2b8687c449c4ac)
Rust	Test Rust workspace	2026-09-24T22:44:20.0516609Z 
Rust	Test Rust workspace	2026-09-24T22:44:20.0516792Z running 0 tests
Rust	Test Rust workspace	2026-09-24T22:44:20.0517012Z 
Rust	Test Rust workspace	2026-09-24T22:44:20.0517500Z test result: ok. 0 passed; 0 failed; 0 ignored; 0 measured; 0 filtered out; finished in 0.00s
Rust	Test Rust workspace	2026-09-24T22:44:20.0517884Z 
Rust	Test Rust workspace	2026-09-24T22:44:20.0519676Z ^[[1m^[[92m     Running^[[0m tests/authoring.rs (target/debug/deps/authoring-aa69e4514e26b06f)
Rust	Test Rust workspace	2026-09-24T22:44:20.0531819Z 
Rust	Test Rust workspace	2026-09-24T22:44:20.0531967Z running 9 tests
Rust	Test Rust workspace	2026-09-24T22:44:20.0539650Z test export_image_fixture ... ignored, exports explicitly simulated, unsigned inputs and public test policy for container verification
Rust	Test Rust workspace	2026-09-24T22:44:20.0631078Z test one_template_resolves_two_sites_without_editing_the_shared_semantics ... ok
Rust	Test Rust workspace	2026-09-24T22:44:20.0682451Z test semantically_unordered_inputs_produce_the_same_signing_message ... ok
Rust	Test Rust workspace	2026-09-24T22:44:20.0702002Z test sign_image_request ... ignored, signs only with an embedded test key for isolated container verification
Rust	Test Rust workspace	2026-09-24T22:44:20.0847186Z test candidate_changes_permissions_keys_and_missing_assets_do_not_bypass_verification ... ok
Rust	Test Rust workspace	2026-09-24T22:44:20.0878019Z test template_hash_missing_extra_and_alias_bindings_are_rejected ... ok
Rust	Test Rust workspace	2026-09-24T22:44:20.0893561Z test signed_but_inconsistent_assembly_cannot_pass_the_host_resolver ... ok
Rust	Test Rust workspace	2026-09-24T22:44:20.1064911Z test candidate_roundtrip_external_signature_and_host_decoding_preserve_signed_provenance ... ok
Rust	Test Rust workspace	2026-09-24T22:44:20.1427172Z test cli_assembles_requests_external_signature_seals_and_verifies_without_network ... ok
Rust	Test Rust workspace	2026-09-24T22:44:20.1427828Z 
Rust	Test Rust workspace	2026-09-24T22:44:20.1428215Z test result: ok. 7 passed; 0 failed; 2 ignored; 0 measured; 0 filtered out; finished in 0.09s
Rust	Test Rust workspace	2026-09-24T22:44:20.1428772Z 
Rust	Test Rust workspace	2026-09-24T22:44:20.1432067Z ^[[1m^[[92m     Running^[[0m tests/jtc_authoring.rs (target/debug/deps/jtc_authoring-6db2748e0790c111)
Rust	Test Rust workspace	2026-09-24T22:44:20.1451730Z 
Rust	Test Rust workspace	2026-09-24T22:44:20.1451987Z running 14 tests
Rust	Test Rust workspace	2026-09-24T22:44:20.1458586Z test export_device_review_authority ... ignored, exports a public device verifier trust fixture, never a production key
Rust	Test Rust workspace	2026-09-24T22:44:20.1460114Z test export_image_fixture ... ignored, exports only SIMULATION inputs and a public test policy for the image authoring test
Rust	Test Rust workspace	2026-09-24T22:44:20.3022542Z test actual_cli_generates_a_report_and_a_separate_signing_request ... ok
Rust	Test Rust workspace	2026-09-24T22:44:20.3842474Z test device_software_report_uses_real_decoder_and_cannot_claim_physical_validation ... ok
Rust	Test Rust workspace	2026-09-24T22:44:20.4192254Z test missing_alias_or_foreign_bindings_and_invalid_trajectory_are_rejected ... ok
Rust	Test Rust workspace	2026-09-24T22:44:20.4215487Z test sign_device_report ... ignored, external test-only device report signer for real API integration
Rust	Test Rust workspace	2026-09-24T22:44:20.4216877Z test sign_image_request ... ignored, test-only external signer for the isolated image fixture
Rust	Test Rust workspace	2026-09-24T22:44:20.5047679Z test host_package_checks_assets_and_exact_intents_but_cannot_create_control_authority ... ok
Rust	Test Rust workspace	2026-09-24T22:44:20.5161972Z test simulation_catalog_cannot_be_promoted_to_a_physical_site ... ok
Rust	Test Rust workspace	2026-09-24T22:44:20.6242559Z test actual_cli_assembles_requests_external_signature_seals_and_inspects_jtc ... ok
Rust	Test Rust workspace	2026-09-24T22:44:20.7022434Z test signed_but_inconsistent_results_actions_model_and_release_are_rejected ... ok
Rust	Test Rust workspace	2026-09-24T22:44:20.7859723Z test unordered_template_actions_have_one_digest_and_joint_order_is_preserved ... ok
Rust	Test Rust workspace	2026-09-24T22:44:20.8042509Z test template_reuse_and_candidate_roundtrip_preserve_bound_actions_and_result_meanings ... ok
Rust	Test Rust workspace	2026-09-24T22:44:20.8368332Z test host_initializes_jtc_metadata_and_refuses_run_before_creating_a_controller_client ... ok
Rust	Test Rust workspace	2026-09-24T22:44:20.8368966Z 
Rust	Test Rust workspace	2026-09-24T22:44:20.8369376Z test result: ok. 10 passed; 0 failed; 4 ignored; 0 measured; 0 filtered out; finished in 0.69s
Rust	Test Rust workspace	2026-09-24T22:44:20.8369927Z 
Rust	Test Rust workspace	2026-09-24T22:44:20.8378338Z ^[[1m^[[92m     Running^[[0m unittests src/lib.rs (target/debug/deps/rx_executor-58937702145e80c0)
Rust	Test Rust workspace	2026-09-24T22:44:20.8397104Z 
Rust	Test Rust workspace	2026-09-24T22:44:20.8397235Z running 40 tests
Rust	Test Rust workspace	2026-09-24T22:44:20.8418131Z test cell_service::tests::discovery_does_not_hide_old_owner_expired_attempt_or_restricted_work ... ok
Rust	Test Rust workspace	2026-09-24T22:44:20.8419406Z test cell_service::tests::historical_session_runtime_and_paused_attachment_cannot_resume ... ok
Rust	Test Rust workspace	2026-09-24T22:44:20.8420956Z test cell_service::tests::completion_requires_structured_cleanup_exact_stop_and_actual_completed_state ... ok
Rust	Test Rust workspace	2026-09-24T22:44:20.8422640Z test cell_service::tests::none_and_arming_are_observation_only_and_ambiguity_has_no_winner ... ok
Rust	Test Rust workspace	2026-09-24T22:44:20.8424803Z test cell_service::tests::observation_shutdown_preserves_preparing_attached_and_known_arming_as_attention ... ok
Rust	Test Rust workspace	2026-09-24T22:44:20.8612514Z test cell_service::tests::actual_production_cut_must_revalidate_discovery_before_any_reservation ... ok
Rust	Test Rust workspace	2026-09-24T22:44:20.8627132Z test client::assignment::tests::accepted_read_expires_or_loses_currency_when_the_trusted_clock_changes ... ok
Rust	Test Rust workspace	2026-09-24T22:44:20.8663696Z test client::assignment::tests::assignment_shares_runtime_sequence_and_time_regression_guards ... ok
Rust	Test Rust workspace	2026-09-24T22:44:20.8832405Z test cell_service::tests::missing_file_after_creation_entered_never_becomes_fresh_initialization ... ok
Rust	Test Rust workspace	2026-09-24T22:44:20.8872281Z test client::assignment::tests::cardinalities_retain_old_sessions_expired_attempts_and_restricted_work ... ok
Rust	Test Rust workspace	2026-09-24T22:44:20.8902100Z test client::assignment::tests::expired_response_does_not_advance_the_shared_cut ... ok
Rust	Test Rust workspace	2026-09-24T22:44:20.8932052Z test client::assignment::tests::forged_identity_is_rejected_even_with_a_matching_payload_hash ... ok
Rust	Test Rust workspace	2026-09-24T22:44:20.8965352Z test client::assignment::tests::forged_cut_cardinality_and_duplicate_witnesses_fail_closed ... ok
Rust	Test Rust workspace	2026-09-24T22:44:20.9008964Z test cell_service::tests::preparing_recovery_keeps_original_ids_and_cannot_switch_to_new_candidate ... ok
Rust	Test Rust workspace	2026-09-24T22:44:20.9024835Z test client::assignment::tests::payload_digest_size_schema_and_strict_json_are_independent_checks ... ok
Rust	Test Rust workspace	2026-09-24T22:44:20.9026150Z test client::tests::artifact_hash_does_not_replace_size_schema_or_typed_payload_validation ... ok
Rust	Test Rust workspace	2026-09-24T22:44:20.9027911Z test engine_process::tests::verified_product_binary_uses_live_linux_clock_and_preserves_one_process ... ignored, Linux validation image supplies RX_BT_ENGINE_BINARY
Rust	Test Rust workspace	2026-09-24T22:44:20.9054214Z test clock::tests::linux_clock_uses_the_shared_boot_identity_and_non_decreasing_boottime ... ok
Rust	Test Rust workspace	2026-09-24T22:44:20.9056981Z test client::assignment::tests::ttl_and_clock_interval_are_checked_before_accepting_a_view ... ok
Rust	Test Rust workspace	2026-09-24T22:44:20.9061453Z test frame::tests::restored_p_snapshot_preserves_work_and_does_not_restore_admission ... ok
Rust	Test Rust workspace	2026-09-24T22:44:20.9062697Z test frame::tests::a_new_epoch_is_not_implicitly_adopted_by_an_existing_context ... ok
Rust	Test Rust workspace	2026-09-24T22:44:20.9063963Z test journal::recovery::wal::tests::checksum_word_order_and_accumulation_have_independent_known_values ... ok
Rust	Test Rust workspace	2026-09-24T22:44:20.9065329Z test frame::tests::source_clock_expiry_blocks_a_view_even_if_the_local_steady_deadline_has_not_passed ... ok
Rust	Test Rust workspace	2026-09-24T22:44:20.9067137Z test journal::recovery::wal::tests::invalid_page_numbers_commit_sizes_and_oversize_files_fail_before_unbounded_reads ... ok
Rust	Test Rust workspace	2026-09-24T22:44:20.9068617Z test journal::recovery::wal::tests::header_fields_and_header_checksum_cannot_silently_drop_the_wal ... ok
Rust	Test Rust workspace	2026-09-24T22:44:20.9069998Z test pending::tests::full_queue_and_inflight_normal_work_do_not_block_pause_and_meaning_cannot_change ... ok
Rust	Test Rust workspace	2026-09-24T22:44:20.9071536Z test pending::tests::wait_start_does_not_drop_the_only_bt_request_and_due_requests_are_fair ... ok
Rust	Test Rust workspace	2026-09-24T22:44:20.9072961Z test service::tests::cancelled_serial_retirement_cannot_become_confirmation_for_an_empty_engine_slot ... ok
Rust	Test Rust workspace	2026-09-24T22:44:20.9074365Z test journal::recovery::wal::tests::page_data_checksums_salts_partial_and_uncommitted_tails_are_rejected ... ok
Rust	Test Rust workspace	2026-09-24T22:44:20.9076225Z test service::tests::cleanup_confirmation_distinguishes_no_spawn_and_local_close_from_uncertainty ... ok
Rust	Test Rust workspace	2026-09-24T22:44:20.9077628Z test service::tests::each_serial_planner_requires_its_own_confirmed_cleanup ... ok
Rust	Test Rust workspace	2026-09-24T22:44:20.9080440Z test service::tests::failed_close_is_sticky_after_a_later_successful_cleanup ... ok
Rust	Test Rust workspace	2026-09-24T22:44:20.9081963Z test service::tests::production_expiry::expired_waiting_cannot_republish_an_old_admission_flag ... ok
Rust	Test Rust workspace	2026-09-24T22:44:20.9090370Z test service::tests::spawn_attempts_are_uncertain_until_cleanup_and_failures_remain_latched ... ok
Rust	Test Rust workspace	2026-09-24T22:44:20.9102297Z test service_owner::tests::explicit_release_does_not_wait_for_an_inherited_open_file_description ... ok
Rust	Test Rust workspace	2026-09-24T22:44:20.9120422Z test worker::production::tests::serial_selection_preserves_zero_or_one_active_part_without_rewriting_completed_parts ... ok
Rust	Test Rust workspace	2026-09-24T22:44:20.9122284Z test worker::production::tests::valid_platform_views_with_multiple_active_parts_require_serial_attention ... ok
Rust	Test Rust workspace	2026-09-24T22:44:20.9142144Z test cell_service::tests::closing_a_preserves_its_stop_and_frees_only_the_next_attachment ... ok
Rust	Test Rust workspace	2026-09-24T22:44:20.9155069Z test journal::recovery::wal::tests::absent_empty_header_only_and_complete_commits_are_distinct_valid_shapes ... ok
Rust	Test Rust workspace	2026-09-24T22:44:20.9197501Z test service::tests::production_expiry::journal_observation_expiry_retries_completed_read_instead_of_stopping_context ... ok
Rust	Test Rust workspace	2026-09-24T22:44:20.9198000Z 
Rust	Test Rust workspace	2026-09-24T22:44:20.9198266Z test result: ok. 39 passed; 0 failed; 1 ignored; 0 measured; 0 filtered out; finished in 0.08s
Rust	Test Rust workspace	2026-09-24T22:44:20.9198600Z 
Rust	Test Rust workspace	2026-09-24T22:44:20.9205361Z ^[[1m^[[92m     Running^[[0m unittests tests/support/cell_service_fixture.rs (target/debug/deps/rx_executor_cell_service_fixture-903a8a30f96f523d)
Rust	Test Rust workspace	2026-09-24T22:44:20.9217018Z 
Rust	Test Rust workspace	2026-09-24T22:44:20.9217161Z running 0 tests
Rust	Test Rust workspace	2026-09-24T22:44:20.9217364Z 
Rust	Test Rust workspace	2026-09-24T22:44:20.9217741Z test result: ok. 0 passed; 0 failed; 0 ignored; 0 measured; 0 filtered out; finished in 0.00s
Rust	Test Rust workspace	2026-09-24T22:44:20.9218293Z 
Rust	Test Rust workspace	2026-09-24T22:44:20.9220154Z ^[[1m^[[92m     Running^[[0m unittests tests/support/decision_fixture.rs (target/debug/deps/rx_executor_decision_fixture-872006aae221e7c1)
Rust	Test Rust workspace	2026-09-24T22:44:20.9230002Z 
Rust	Test Rust workspace	2026-09-24T22:44:20.9230154Z running 0 tests
Rust	Test Rust workspace	2026-09-24T22:44:20.9230334Z 
Rust	Test Rust workspace	2026-09-24T22:44:20.9230772Z test result: ok. 0 passed; 0 failed; 0 ignored; 0 measured; 0 filtered out; finished in 0.00s
Rust	Test Rust workspace	2026-09-24T22:44:20.9231505Z 
Rust	Test Rust workspace	2026-09-24T22:44:20.9233341Z ^[[1m^[[92m     Running^[[0m unittests tests/support/read_fixture.rs (target/debug/deps/rx_executor_read_fixture-cc8ab15ed7492792)
Rust	Test Rust workspace	2026-09-24T22:44:20.9242697Z 
Rust	Test Rust workspace	2026-09-24T22:44:20.9242844Z running 0 tests
Rust	Test Rust workspace	2026-09-24T22:44:20.9243032Z 
Rust	Test Rust workspace	2026-09-24T22:44:20.9243456Z test result: ok. 0 passed; 0 failed; 0 ignored; 0 measured; 0 filtered out; finished in 0.00s
Rust	Test Rust workspace	2026-09-24T22:44:20.9243982Z 
Rust	Test Rust workspace	2026-09-24T22:44:20.9245443Z ^[[1m^[[92m     Running^[[0m unittests src/bin/service.rs (target/debug/deps/rx_executor_service-7ac2a614ba271be0)
Rust	Test Rust workspace	2026-09-24T22:44:20.9257013Z 
Rust	Test Rust workspace	2026-09-24T22:44:20.9257172Z running 4 tests
Rust	Test Rust workspace	2026-09-24T22:44:20.9261889Z test cell_cli::guarded_tests::completed_run_retirement_keeps_the_resident_executor_protocol_ready ... ok
Rust	Test Rust workspace	2026-09-24T22:44:20.9262950Z test cell_cli::guarded_tests::executor_final_state_preserves_attention_and_rejects_incomplete_stop ... ok
Rust	Test Rust workspace	2026-09-24T22:44:20.9263618Z test cell_cli::guarded_tests::live_executor_status_never_claims_terminal_cleanup_or_p_admission ... ok
Rust	Test Rust workspace	2026-09-24T22:44:20.9294964Z test cell_cli::guarded_tests::executor_report_failure_signals_existing_cooperative_shutdown ... ok
Rust	Test Rust workspace	2026-09-24T22:44:20.9295349Z 
Rust	Test Rust workspace	2026-09-24T22:44:20.9295596Z test result: ok. 4 passed; 0 failed; 0 ignored; 0 measured; 0 filtered out; finished in 0.00s
Rust	Test Rust workspace	2026-09-24T22:44:20.9295927Z 
Rust	Test Rust workspace	2026-09-24T22:44:20.9298500Z ^[[1m^[[92m     Running^[[0m unittests tests/support/service_fixture.rs (target/debug/deps/rx_executor_service_fixture-70fb8218b6685ecd)
Rust	Test Rust workspace	2026-09-24T22:44:20.9308311Z 
Rust	Test Rust workspace	2026-09-24T22:44:20.9308466Z running 0 tests
Rust	Test Rust workspace	2026-09-24T22:44:20.9308942Z 
Rust	Test Rust workspace	2026-09-24T22:44:20.9309323Z test result: ok. 0 passed; 0 failed; 0 ignored; 0 measured; 0 filtered out; finished in 0.00s
Rust	Test Rust workspace	2026-09-24T22:44:20.9309815Z 
Rust	Test Rust workspace	2026-09-24T22:44:20.9311387Z ^[[1m^[[92m     Running^[[0m unittests tests/support/worker_fixture.rs (target/debug/deps/rx_executor_worker_fixture-0bbbb682759e46ff)
Rust	Test Rust workspace	2026-09-24T22:44:20.9320595Z 
Rust	Test Rust workspace	2026-09-24T22:44:20.9320717Z running 0 tests
Rust	Test Rust workspace	2026-09-24T22:44:20.9320933Z 
Rust	Test Rust workspace	2026-09-24T22:44:20.9321446Z test result: ok. 0 passed; 0 failed; 0 ignored; 0 measured; 0 filtered out; finished in 0.00s
Rust	Test Rust workspace	2026-09-24T22:44:20.9321988Z 
Rust	Test Rust workspace	2026-09-24T22:44:20.9324010Z ^[[1m^[[92m     Running^[[0m tests/assignment_journal.rs (target/debug/deps/assignment_journal-25e5221b68a93c6a)
Rust	Test Rust workspace	2026-09-24T22:44:20.9336259Z 
Rust	Test Rust workspace	2026-09-24T22:44:20.9336401Z running 21 tests
Rust	Test Rust workspace	2026-09-24T22:44:20.9828694Z test a_run_store_from_another_service_identity_cannot_be_attached ... ok
Rust	Test Rust workspace	2026-09-24T22:44:21.0020640Z test a_crash_before_header_commit_leaves_an_error_instead_of_reinitializing_the_file ... ok
Rust	Test Rust workspace	2026-09-24T22:44:21.0021819Z test changed_scope_or_run_journal_identity_is_never_repaired ... ok
Rust	Test Rust workspace	2026-09-24T22:44:21.0043313Z test attach_rollback_and_lost_reply_are_recovered_without_a_second_transition ... ok
Rust	Test Rust workspace	2026-09-24T22:44:21.0414542Z test creation_marker_committed_before_filesystem_failure_forbids_later_retry ... ok
Rust	Test Rust workspace	2026-09-24T22:44:21.0504467Z test creation_marker_rollback_permits_the_first_initialization_without_changing_phase ... ok
Rust	Test Rust workspace	2026-09-24T22:44:21.0528563Z test initialized_header_survives_a_lost_initialization_reply ... ok
Rust	Test Rust workspace	2026-09-24T22:44:21.0568228Z test completion_rejects_paused_recovery_abandoned_wrong_identity_and_incomplete_parts ... ok
Rust	Test Rust workspace	2026-09-24T22:44:21.0593088Z test close_rollback_and_lost_reply_clear_current_atomically_and_preserve_stop_and_pending_requests ... ok
Rust	Test Rust workspace	2026-09-24T22:44:21.0730558Z test malformed_current_pointer_fails_required_open_instead_of_hiding_the_attached_run ... ok
Rust	Test Rust workspace	2026-09-24T22:44:21.0832909Z test old_header_without_creation_history_is_not_silently_upgraded ... ok
Rust	Test Rust workspace	2026-09-24T22:44:21.0873832Z test lost_creation_marker_reply_stops_before_file_reservation_and_survives_reopen ... ok
Rust	Test Rust workspace	2026-09-24T22:44:21.1030591Z test lost_run_initialization_reply_recovers_binding_without_reinitializing ... ok
Rust	Test Rust workspace	2026-09-24T22:44:21.1262976Z test preparing_rollback_and_lost_reply_preserve_exact_reservation_and_single_current ... ok
Rust	Test Rust workspace	2026-09-24T22:44:21.1465739Z test required_open_never_initializes_missing_empty_or_foreign_service_metadata ... ok
Rust	Test Rust workspace	2026-09-24T22:44:21.1615828Z test required_run_file_does_not_follow_symlinks ... ok
Rust	Test Rust workspace	2026-09-24T22:44:21.1730503Z test preparing_missing_run_is_explicit_but_partial_or_attached_missing_run_is_an_error ... ok
Rust	Test Rust workspace	2026-09-24T22:44:21.1859301Z test run_creation_marker_cannot_change_after_header_initialization ... ok
Rust	Test Rust workspace	2026-09-24T22:44:21.1911110Z test preparing_cannot_close_and_closed_history_cannot_rebind_the_same_run ... ok
Rust	Test Rust workspace	2026-09-24T22:44:21.1967211Z test initialized_preparing_run_file_loss_never_reuses_either_initializer ... ok
Rust	Test Rust workspace	2026-09-24T22:44:21.1987270Z test unbound_legacy_journal_is_not_adopted_or_modified ... ok
Rust	Test Rust workspace	2026-09-24T22:44:21.1987712Z 
Rust	Test Rust workspace	2026-09-24T22:44:21.1988094Z test result: ok. 21 passed; 0 failed; 0 ignored; 0 measured; 0 filtered out; finished in 0.27s
Rust	Test Rust workspace	2026-09-24T22:44:21.1988905Z 
Rust	Test Rust workspace	2026-09-24T22:44:21.1994241Z ^[[1m^[[92m     Running^[[0m tests/cell_cli.rs (target/debug/deps/cell_cli-ff94bf64d8a28daa)
Rust	Test Rust workspace	2026-09-24T22:44:21.2009426Z 
Rust	Test Rust workspace	2026-09-24T22:44:21.2009639Z running 15 tests
Rust	Test Rust workspace	2026-09-24T22:44:21.3079936Z test cell_configuration_rejects_run_visit_program_arguments_and_invalid_timing ... ok
Rust	Test Rust workspace	2026-09-24T22:44:21.4047755Z test changed_configuration_and_pinned_bytes_cannot_reach_session_open ... ok
Rust	Test Rust workspace	2026-09-24T22:44:21.4267744Z test copied_installation_cannot_silently_change_its_root ... ok
Rust	Test Rust workspace	2026-09-24T22:44:21.4489812Z test deployment_file_symlinks_and_private_key_permissions_are_rejected ... ok
Rust	Test Rust workspace	2026-09-24T22:44:21.4913338Z test duplicate_and_root_alias_are_refused_before_session_open_then_cleanup_allows_reopen ... ok
Rust	Test Rust workspace	2026-09-24T22:44:21.5231946Z test guarded_status_validation_fails_before_executor_peer_registration ... ok
Rust	Test Rust workspace	2026-09-24T22:44:21.5778521Z test init_pins_expected_identity_and_normalized_defaults_without_peer_registration ... ok
Rust	Test Rust workspace	2026-09-24T22:44:21.6768031Z test initialized_preparing_or_attached_run_file_loss_is_detected_before_new_peer_boot_registration ... ok
Rust	Test Rust workspace	2026-09-24T22:44:21.7084848Z test manifest_only_partial_installation_is_not_overwritten_or_connected ... ok
Rust	Test Rust workspace	2026-09-24T22:44:21.8059007Z test missing_manifest_empty_journal_and_changed_header_are_refused_before_connect ... ok
Rust	Test Rust workspace	2026-09-24T22:44:21.8507639Z test recovery_inspect_does_not_compete_with_service_or_store_owner ... ok
Rust	Test Rust workspace	2026-09-24T22:44:21.9106364Z test recovery_inspect_initialized_idle_store_is_deterministic_and_does_not_connect_or_modify_files ... ok
Rust	Test Rust workspace	2026-09-24T22:44:22.0449878Z test recovery_inspect_missing_or_corrupt_required_files_never_repairs_them ... ok
Rust	Test Rust workspace	2026-09-24T22:44:22.0557528Z test recovery_inspect_missing_root_does_not_initialize_a_service_or_connect ... ok
Rust	Test Rust workspace	2026-09-24T22:44:22.1090848Z test recovery_inspect_rejects_alias_root_and_changed_deployment_scope ... ok
Rust	Test Rust workspace	2026-09-24T22:44:22.1091585Z 
Rust	Test Rust workspace	2026-09-24T22:44:22.1091981Z test result: ok. 15 passed; 0 failed; 0 ignored; 0 measured; 0 filtered out; finished in 0.91s
Rust	Test Rust workspace	2026-09-24T22:44:22.1092551Z 
Rust	Test Rust workspace	2026-09-24T22:44:22.1096493Z ^[[1m^[[92m     Running^[[0m tests/journal.rs (target/debug/deps/journal-5ecf084b96f21202)
Rust	Test Rust workspace	2026-09-24T22:44:22.1109504Z 
Rust	Test Rust workspace	2026-09-24T22:44:22.1109660Z running 9 tests
Rust	Test Rust workspace	2026-09-24T22:44:22.1353826Z test only_a_confirmed_transactional_rejection_allows_new_cas_and_key ... ok
Rust	Test Rust workspace	2026-09-24T22:44:22.1356332Z test p_observation_preserves_network_uncertainty_and_deduplicates_unchanged_identity ... ok
Rust	Test Rust workspace	2026-09-24T22:44:22.1421468Z test material_identity_is_observed_without_rewriting_a_lost_begin_reply ... ok
Rust	Test Rust workspace	2026-09-24T22:44:22.1487351Z test checkpoint_expiry_preserves_old_attempt_and_pending_projection_is_not_an_rpc_reply ... ok
Rust	Test Rust workspace	2026-09-24T22:44:22.1573539Z test pause_intent_is_scoped_to_executor_session_and_epoch_without_changing_operation_keys ... ok
Rust	Test Rust workspace	2026-09-24T22:44:22.1630244Z test reconciliation_acknowledgment_is_not_a_resource_release_observation ... ok
Rust	Test Rust workspace	2026-09-24T22:44:22.1656367Z test prepared_entered_and_reply_boundaries_survive_rollback_and_lost_commit_response ... ok
Rust	Test Rust workspace	2026-09-24T22:44:22.1684335Z test stop_attempt_key_is_preserved_and_p_observation_does_not_invent_a_reply ... ok
Rust	Test Rust workspace	2026-09-24T22:44:22.1693486Z test stop_intent_survives_commit_response_loss_and_never_becomes_a_part_request ... ok
Rust	Test Rust workspace	2026-09-24T22:44:22.1694066Z 
Rust	Test Rust workspace	2026-09-24T22:44:22.1694450Z test result: ok. 9 passed; 0 failed; 0 ignored; 0 measured; 0 filtered out; finished in 0.06s
Rust	Test Rust workspace	2026-09-24T22:44:22.1694959Z 
Rust	Test Rust workspace	2026-09-24T22:44:22.1698822Z ^[[1m^[[92m     Running^[[0m tests/recovery_inspect.rs (target/debug/deps/recovery_inspect-d875cf98b357f468)
Rust	Test Rust workspace	2026-09-24T22:44:22.1713782Z 
Rust	Test Rust workspace	2026-09-24T22:44:22.1713911Z running 5 tests
Rust	Test Rust workspace	2026-09-24T22:44:22.1856254Z test owner_conflict_symlink_parent_and_size_limit_fail_without_source_writes ... ok
Rust	Test Rust workspace	2026-09-24T22:44:22.2603553Z test missing_header_wrong_identity_and_missing_writer_lock_are_never_initialized ... ok
Rust	Test Rust workspace	2026-09-24T22:44:22.2700933Z test preparing_never_initializes_or_attaches_and_creation_loss_is_rejected ... ok
Rust	Test Rust workspace	2026-09-24T22:44:22.2886703Z test current_pending_stop_is_inspected_twice_without_source_change_or_resolution ... ok
Rust	Test Rust workspace	2026-09-24T22:44:22.3027884Z test crash_style_wal_copy_is_included_without_touching_the_retained_source ... ok
Rust	Test Rust workspace	2026-09-24T22:44:22.3028260Z 
Rust	Test Rust workspace	2026-09-24T22:44:22.3028520Z test result: ok. 5 passed; 0 failed; 0 ignored; 0 measured; 0 filtered out; finished in 0.13s
Rust	Test Rust workspace	2026-09-24T22:44:22.3028860Z 
Rust	Test Rust workspace	2026-09-24T22:44:22.3033825Z ^[[1m^[[92m     Running^[[0m tests/recovery_wal_corruption.rs (target/debug/deps/recovery_wal_corruption-2215a92f941971ab)
Rust	Test Rust workspace	2026-09-24T22:44:22.3048738Z 
Rust	Test Rust workspace	2026-09-24T22:44:22.3048909Z running 2 tests
Rust	Test Rust workspace	2026-09-24T22:44:22.4092225Z test invalid_assignment_wal_header_cannot_hide_committed_attachment_and_pending_requests ... ok
Rust	Test Rust workspace	2026-09-24T22:44:22.4637254Z test stale_committed_shm_cannot_hide_later_complete_wal_commits_or_change_the_original_copy ... ok
Rust	Test Rust workspace	2026-09-24T22:44:22.4638314Z 
Rust	Test Rust workspace	2026-09-24T22:44:22.4638674Z test result: ok. 2 passed; 0 failed; 0 ignored; 0 measured; 0 filtered out; finished in 0.16s
Rust	Test Rust workspace	2026-09-24T22:44:22.4639177Z 
Rust	Test Rust workspace	2026-09-24T22:44:22.4643636Z ^[[1m^[[92m     Running^[[0m tests/service_owner.rs (target/debug/deps/service_owner-4b8fe295ce9f2afd)
Rust	Test Rust workspace	2026-09-24T22:44:22.4655800Z 
Rust	Test Rust workspace	2026-09-24T22:44:22.4655957Z running 8 tests
Rust	Test Rust workspace	2026-09-24T22:44:22.4668004Z test invalid_journal_path_cannot_overwrite_the_ownership_file ... ok
Rust	Test Rust workspace	2026-09-24T22:44:22.4668883Z test directory_alias_cannot_bypass_the_service_owner ... ok
Rust	Test Rust workspace	2026-09-24T22:44:22.4669610Z test different_service_roots_do_not_impose_a_global_cell_owner ... ok
Rust	Test Rust workspace	2026-09-24T22:44:22.4672163Z test one_root_cannot_register_two_services_with_different_run_journals ... ok
Rust	Test Rust workspace	2026-09-24T22:44:22.4672973Z test ownership_symlink_is_rejected_without_touching_its_target ... ok
Rust	Test Rust workspace	2026-09-24T22:44:22.4683898Z test startup_failure_releases_ownership_without_removing_the_lock_file ... ok
Rust	Test Rust workspace	2026-09-24T22:44:22.4698019Z test ownership_special_files_are_rejected ... ok
Rust	Test Rust workspace	2026-09-24T22:44:22.4977153Z test entrypoint::competing_product_process_never_reaches_connect_and_failure_unlocks_root ... ok
Rust	Test Rust workspace	2026-09-24T22:44:22.4977600Z 
Rust	Test Rust workspace	2026-09-24T22:44:22.4977850Z test result: ok. 8 passed; 0 failed; 0 ignored; 0 measured; 0 filtered out; finished in 0.03s
Rust	Test Rust workspace	2026-09-24T22:44:22.4978245Z 
Rust	Test Rust workspace	2026-09-24T22:44:22.4980487Z ^[[1m^[[92m     Running^[[0m unittests src/lib.rs (target/debug/deps/rx_host-df22735102c41c31)
Rust	Test Rust workspace	2026-09-24T22:44:22.4996819Z 
Rust	Test Rust workspace	2026-09-24T22:44:22.4996992Z running 5 tests
Rust	Test Rust workspace	2026-09-24T22:44:22.5011830Z test publication::tests::local_idle_ticks_do_not_extend_the_one_second_remote_probe_deadline ... ok
Rust	Test Rust workspace	2026-09-24T22:44:22.5012937Z test service::guarded_tests::guarded_host_stopped_requires_final_adapter_proof_and_closed_admission ... ok
Rust	Test Rust workspace	2026-09-24T22:44:22.5143637Z test service::guarded_tests::host_report_failure_requests_stop_and_cannot_become_stopped_later ... ok
Rust	Test Rust workspace	2026-09-24T22:44:22.5364243Z test publication::tests::idle_remote_probe_detects_expired_session_without_new_evidence_or_native_effects ... ok
Rust	Test Rust workspace	2026-09-24T22:44:22.9679539Z test service::guarded_tests::unchanged_host_status_heartbeats_and_stays_terminal_after_finish ... ok
Rust	Test Rust workspace	2026-09-24T22:44:22.9680290Z 
Rust	Test Rust workspace	2026-09-24T22:44:22.9680697Z test result: ok. 5 passed; 0 failed; 0 ignored; 0 measured; 0 filtered out; finished in 0.47s
Rust	Test Rust workspace	2026-09-24T22:44:22.9681462Z 
Rust	Test Rust workspace	2026-09-24T22:44:22.9689132Z ^[[1m^[[92m     Running^[[0m unittests tests/support/crash_harness.rs (target/debug/deps/rx_host_crash_fixture-20ff3add287adc54)
Rust	Test Rust workspace	2026-09-24T22:44:22.9701166Z 
Rust	Test Rust workspace	2026-09-24T22:44:22.9701432Z running 0 tests
Rust	Test Rust workspace	2026-09-24T22:44:22.9701696Z 
Rust	Test Rust workspace	2026-09-24T22:44:22.9702105Z test result: ok. 0 passed; 0 failed; 0 ignored; 0 measured; 0 filtered out; finished in 0.00s
Rust	Test Rust workspace	2026-09-24T22:44:22.9704405Z ^[[1m^[[92m     Running^[[0m unittests tests/support/recovery_native_fixture.rs (target/debug/deps/rx_host_recovery_fixture-1f4edec491d7f926)
Rust	Test Rust workspace	2026-09-24T22:44:22.9705032Z 
Rust	Test Rust workspace	2026-09-24T22:44:22.9713770Z 
Rust	Test Rust workspace	2026-09-24T22:44:22.9713910Z running 0 tests
Rust	Test Rust workspace	2026-09-24T22:44:22.9714157Z 
Rust	Test Rust workspace	2026-09-24T22:44:22.9714550Z test result: ok. 0 passed; 0 failed; 0 ignored; 0 measured; 0 filtered out; finished in 0.00s
Rust	Test Rust workspace	2026-09-24T22:44:22.9715411Z 
Rust	Test Rust workspace	2026-09-24T22:44:22.9716626Z ^[[1m^[[92m     Running^[[0m unittests tests/support/sim_server.rs (target/debug/deps/rx_host_sim_server-227661cd7e23c6c2)
Rust	Test Rust workspace	2026-09-24T22:44:22.9726202Z 
Rust	Test Rust workspace	2026-09-24T22:44:22.9726645Z running 0 tests
Rust	Test Rust workspace	2026-09-24T22:44:22.9726844Z 
Rust	Test Rust workspace	2026-09-24T22:44:22.9727205Z test result: ok. 0 passed; 0 failed; 0 ignored; 0 measured; 0 filtered out; finished in 0.00s
Rust	Test Rust workspace	2026-09-24T22:44:22.9727706Z 
Rust	Test Rust workspace	2026-09-24T22:44:22.9728630Z ^[[1m^[[92m     Running^[[0m unittests src/bin/rx-hostd.rs (target/debug/deps/rx_hostd-4e6f676b3a598127)
Rust	Test Rust workspace	2026-09-24T22:44:22.9738592Z 
Rust	Test Rust workspace	2026-09-24T22:44:22.9738738Z running 0 tests
Rust	Test Rust workspace	2026-09-24T22:44:22.9743120Z ^[[1m^[[92m     Running^[[0m tests/gate.rs (target/debug/deps/gate-86fb3e26722eb2a5)
Rust	Test Rust workspace	2026-09-24T22:44:22.9743619Z 
Rust	Test Rust workspace	2026-09-24T22:44:22.9744356Z test result: ok. 0 passed; 0 failed; 0 ignored; 0 measured; 0 filtered out; finished in 0.00s
Rust	Test Rust workspace	2026-09-24T22:44:22.9744888Z 
Rust	Test Rust workspace	2026-09-24T22:44:22.9755550Z 
Rust	Test Rust workspace	2026-09-24T22:44:22.9755731Z running 30 tests
Rust	Test Rust workspace	2026-09-24T22:44:22.9990412Z test cancellation_arriving_before_prepare_creates_permanent_tombstone ... ok
Rust	Test Rust workspace	2026-09-24T22:44:23.0046469Z test altered_permit_and_unapproved_intent_are_rejected_before_effect ... ok
Rust	Test Rust workspace	2026-09-24T22:44:23.0054108Z test configuration_commit_failure_has_no_receipt_context_or_consumed_slot ... ok
Rust	Test Rust workspace	2026-09-24T22:44:23.0189673Z test configuration_cohort_is_complete_and_a_rejected_member_prevents_all_context_changes ... ok
Rust	Test Rust workspace	2026-09-24T22:44:23.0292539Z test configuration_missing_quiescence_does_not_create_applied_context ... ok
Rust	Test Rust workspace	2026-09-24T22:44:23.0322270Z test configuration_does_not_treat_prepared_native_work_as_quiescent ... ok
Rust	Test Rust workspace	2026-09-24T22:44:23.0405349Z test configuration_rejects_an_old_quiescence_observation ... ok
Rust	Test Rust workspace	2026-09-24T22:44:23.0406485Z test configuration_context_is_durable_unqualified_and_same_request_never_reapplies ... ok
Rust	Test Rust workspace	2026-09-24T22:44:23.0508537Z test configuration_scope_binding_and_fence_are_not_caller_success_claims ... ok
Rust	Test Rust workspace	2026-09-24T22:44:23.0659849Z test late_fence_replay_cannot_remove_a_new_arm_or_rewind_epoch ... ok
Rust	Test Rust workspace	2026-09-24T22:44:23.0671004Z test expiry_during_commit_does_not_enter_native_and_is_not_retried ... ok
Rust	Test Rust workspace	2026-09-24T22:44:23.0833787Z test native_submission_serializes_fence_while_protection_is_independent ... ok
Rust	Test Rust workspace	2026-09-24T22:44:23.0904717Z test evidence_publication_cursor_is_durable_scoped_and_never_accepts_a_foreign_ack ... ok
Rust	Test Rust workspace	2026-09-24T22:44:23.1000296Z test prepare_does_not_call_device_and_authorize_duplicates_are_receipt_lookup ... ok
Rust	Test Rust workspace	2026-09-24T22:44:23.1052835Z test prepared_rebind_retires_old_permit_permanently ... ok
Rust	Test Rust workspace	2026-09-24T22:44:23.1382677Z test qualification_tests::qualification_commit_failure_rolls_back_cohort_receipt_and_slot ... ok
Rust	Test Rust workspace	2026-09-24T22:44:23.1461022Z test qualification_tests::qualification_arm_rejects_partial_clearance_and_any_changed_cohort_member ... ok
Rust	Test Rust workspace	2026-09-24T22:44:23.1518338Z test qualification_tests::qualification_full_cohort_is_atomic_and_a_wrong_member_cannot_be_accepted ... ok
Rust	Test Rust workspace	2026-09-24T22:44:23.1742602Z test qualification_tests::qualification_acceptance_preserves_blocks_requires_explicit_arm_and_rejects_old_qualification ... ok
Rust	Test Rust workspace	2026-09-24T22:44:23.1914951Z test qualification_tests::qualification_identity_cannot_be_reused_for_different_evidence_and_empty_scope_grants_no_operations ... ok
Rust	Test Rust workspace	2026-09-24T22:44:23.1942931Z test qualification_tests::qualification_restart_keeps_receipt_and_never_restores_applicability_or_arm ... ok
Rust	Test Rust workspace	2026-09-24T22:44:23.2133504Z test renewal_replay_does_not_extend_expiry_and_expired_grant_stays_expired ... ok
Rust	Test Rust workspace	2026-09-24T22:44:23.2262836Z test same_grant_fence_requires_same_request_identity ... ok
Rust	Test Rust workspace	2026-09-24T22:44:23.2386195Z test qualification_tests::qualification_revalidation_does_not_hide_prepared_native_work ... ok
Rust	Test Rust workspace	2026-09-24T22:44:23.2392267Z test qualification_tests::qualification_same_key_same_review_and_changed_scope_cannot_replace_accepted_identity ... ok
Rust	Test Rust workspace	2026-09-24T22:44:23.2395774Z test simulated_device_has_an_independent_exclusive_owner ... ok
Rust	Test Rust workspace	2026-09-24T22:44:23.2505178Z test stable_handover_is_not_permission_to_drop_an_adapter ... ok
Rust	Test Rust workspace	2026-09-24T22:44:23.2513212Z test service_stop_latch_interrupts_the_pre_native_boundary_without_waiting_for_gate_lock ... ok
Rust	Test Rust workspace	2026-09-24T22:44:23.2598791Z test service_stop_latches_before_database_access_and_preserves_uncertain_work ... ok
Rust	Test Rust workspace	2026-09-24T22:44:23.2922117Z test qualification_tests::qualification_requires_supported_fresh_local_quiescence ... ok
Rust	Test Rust workspace	2026-09-24T22:44:23.2922622Z 
Rust	Test Rust workspace	2026-09-24T22:44:23.2923570Z test result: ok. 30 passed; 0 failed; 0 ignored; 0 measured; 0 filtered out; finished in 0.32s
Rust	Test Rust workspace	2026-09-24T22:44:23.2924104Z 
Rust	Test Rust workspace	2026-09-24T22:44:23.2928823Z ^[[1m^[[92m     Running^[[0m tests/guarded_status.rs (target/debug/deps/guarded_status-fa67fb3aa52bf4fb)
Rust	Test Rust workspace	2026-09-24T22:44:23.2949739Z 
Rust	Test Rust workspace	2026-09-24T22:44:23.2949938Z running 3 tests
Rust	Test Rust workspace	2026-09-24T22:44:23.2956528Z test held_adapter_startup_status_failure_fixture ... ignored, isolated environment fixture invoked by the bounded parent test
Rust	Test Rust workspace	2026-09-24T22:44:23.3289384Z test invalid_guarded_writer_fails_before_passive_native_open_or_rpc_admission ... ok
Rust	Test Rust workspace	2026-09-24T22:44:24.8722681Z test reporter_failure_after_native_open_waits_for_explicit_adapter_drop_permission ... ok
Rust	Test Rust workspace	2026-09-24T22:44:24.8723140Z 
Rust	Test Rust workspace	2026-09-24T22:44:24.8723406Z test result: ok. 2 passed; 0 failed; 1 ignored; 0 measured; 0 filtered out; finished in 1.58s
Rust	Test Rust workspace	2026-09-24T22:44:24.8723743Z 
Rust	Test Rust workspace	2026-09-24T22:44:24.8733160Z ^[[1m^[[92m     Running^[[0m tests/melsec.rs (target/debug/deps/melsec-1bc12d0043596827)
Rust	Test Rust workspace	2026-09-24T22:44:24.8747267Z 
Rust	Test Rust workspace	2026-09-24T22:44:24.8747644Z running 15 tests
Rust	Test Rust workspace	2026-09-24T22:44:27.4029816Z test abrupt_exit_at_native_commit_and_write_boundaries_never_replays ... ok
Rust	Test Rust workspace	2026-09-24T22:44:27.4246450Z test ack_is_pending_and_only_later_independent_sensor_observation_captures ... ok
Rust	Test Rust workspace	2026-09-24T22:44:27.4694033Z test actual_host_gate_journal_reconcile_evidence_and_stop_use_melsec_adapter ... ok
Rust	Test Rust workspace	2026-09-24T22:44:27.4856231Z test already_satisfied_state_records_evidence_without_a_native_write ... ok
Rust	Test Rust workspace	2026-09-24T22:44:27.5282482Z test captured_original_session_survives_restart_but_uncaptured_ack_does_not ... ok
Rust	Test Rust workspace	2026-09-24T22:44:27.5452147Z test corrupted_completion_record_is_not_adopted_as_historical_fact ... ok
Rust	Test Rust workspace	2026-09-24T22:44:27.5604859Z test final_native_read_after_journal_commit_rechecks_ready_without_resend ... ok
Rust	Test Rust workspace	2026-09-24T22:44:27.5605532Z test melsec_crash_child ... ignored, executed only as an isolated child by the crash-boundary test
Rust	Test Rust workspace	2026-09-24T22:44:27.5735231Z test final_read_within_transport_budget_but_beyond_guard_lifetime_cannot_write ... ok
Rust	Test Rust workspace	2026-09-24T22:44:27.5920445Z test linux_real_boottime_adapter_observation_write_completion_and_drop ... ok
Rust	Test Rust workspace	2026-09-24T22:44:27.6136811Z test lost_reply_and_new_process_never_resubmit_or_clear_pending ... ok
Rust	Test Rust workspace	2026-09-24T22:44:27.6233581Z test new_or_replaced_journal_and_mismatched_profile_are_rejected_without_native_io ... ok
Rust	Test Rust workspace	2026-09-24T22:44:27.6331873Z test profile_and_intent_scope_fail_before_native_writes ... ok
Rust	Test Rust workspace	2026-09-24T22:44:27.6723844Z test publication_generation_regression_stale_and_inconsistent_images_latch ... ok
Rust	Test Rust workspace	2026-09-24T22:44:27.6833185Z test valid_support_does_not_imply_drop_permission_and_protection_does_not_release_chuck ... ok
Rust	Test Rust workspace	2026-09-24T22:44:27.6833833Z 
Rust	Test Rust workspace	2026-09-24T22:44:27.6834226Z test result: ok. 14 passed; 0 failed; 1 ignored; 0 measured; 0 filtered out; finished in 2.81s
Rust	Test Rust workspace	2026-09-24T22:44:27.6834721Z 
Rust	Test Rust workspace	2026-09-24T22:44:27.6839921Z ^[[1m^[[92m     Running^[[0m tests/melsec_service.rs (target/debug/deps/melsec_service-e5c06524b15f8d9b)
Rust	Test Rust workspace	2026-09-24T22:44:27.6861791Z 
Rust	Test Rust workspace	2026-09-24T22:44:27.6861931Z running 7 tests
Rust	Test Rust workspace	2026-09-24T22:44:27.6872392Z test export_melsec_image_fixture ... ignored, exports signed, test-only loopback configuration for the product image test
Rust	Test Rust workspace	2026-09-24T22:44:27.8500202Z test physical_metadata_requires_current_qualification_and_separate_arm_on_loopback ... ok
Rust	Test Rust workspace	2026-09-24T22:44:27.9483890Z test physical_startup_qualification_id_does_not_authorize_arm ... ok
Rust	Test Rust workspace	2026-09-24T22:44:28.1404386Z test product_composition_initializes_starts_and_stops_the_signed_melsec_package ... ok
Rust	Test Rust workspace	2026-09-24T22:44:28.1446201Z test signature_content_policy_asset_release_and_binding_tampering_fail_before_initialization ... ok
Rust	Test Rust workspace	2026-09-24T22:44:28.2779529Z test signed_device_package_binds_release_profile_assets_and_exact_cell_without_io ... ok
Rust	Test Rust workspace	2026-09-24T22:44:28.4112240Z test validly_signed_wrong_release_controller_or_installation_is_rejected ... ok
Rust	Test Rust workspace	2026-09-24T22:44:28.4112910Z 
Rust	Test Rust workspace	2026-09-24T22:44:28.4113263Z test result: ok. 6 passed; 0 failed; 1 ignored; 0 measured; 0 filtered out; finished in 0.72s
Rust	Test Rust workspace	2026-09-24T22:44:28.4113605Z 
Rust	Test Rust workspace	2026-09-24T22:44:28.4120242Z ^[[1m^[[92m     Running^[[0m tests/mtls.rs (target/debug/deps/mtls-40f5ff0468ce98ea)
Rust	Test Rust workspace	2026-09-24T22:44:28.4140514Z 
Rust	Test Rust workspace	2026-09-24T22:44:28.4140763Z running 5 tests
Rust	Test Rust workspace	2026-09-24T22:44:28.4598256Z test cell_manifest_and_session_are_mandatory_before_grant ... ok
Rust	Test Rust workspace	2026-09-24T22:44:28.4858142Z test concurrent_hello_retries_produce_one_usable_session ... ok
Rust	Test Rust workspace	2026-09-24T22:44:28.4884127Z test changed_content_under_rpc_key_is_rejected_and_legacy_dispatch_cannot_bypass_cell ... ok
Rust	Test Rust workspace	2026-09-24T22:44:28.4911377Z test valid_ca_without_registered_fingerprint_cannot_impersonate_platform ... ok
Rust	Test Rust workspace	2026-09-24T22:44:28.5023503Z test mtls_negotiation_prepare_authorize_and_evidence_roundtrip ... ok
Rust	Test Rust workspace	2026-09-24T22:44:28.5023914Z 
Rust	Test Rust workspace	2026-09-24T22:44:28.5024210Z test result: ok. 5 passed; 0 failed; 0 ignored; 0 measured; 0 filtered out; finished in 0.09s
Rust	Test Rust workspace	2026-09-24T22:44:28.5024636Z 
Rust	Test Rust workspace	2026-09-24T22:44:28.5037795Z ^[[1m^[[92m     Running^[[0m tests/process_crash.rs (target/debug/deps/process_crash-5848a73335cc7f5e)
Rust	Test Rust workspace	2026-09-24T22:44:28.5050544Z 
Rust	Test Rust workspace	2026-09-24T22:44:28.5050843Z running 3 tests
Rust	Test Rust workspace	2026-09-24T22:44:28.5352284Z test configuration_commit_survives_sigkill_before_reply_without_restoring_arm ... ok
Rust	Test Rust workspace	2026-09-24T22:44:28.5429642Z test qualification_commit_survives_sigkill_before_reply_without_restoring_authority ... ok
Rust	Test Rust workspace	2026-09-24T22:44:28.5629472Z test sigkill_at_both_journal_native_boundaries_never_replays_device_effect ... ok
Rust	Test Rust workspace	2026-09-24T22:44:28.5629867Z 
Rust	Test Rust workspace	2026-09-24T22:44:28.5630133Z test result: ok. 3 passed; 0 failed; 0 ignored; 0 measured; 0 filtered out; finished in 0.06s
Rust	Test Rust workspace	2026-09-24T22:44:28.5630512Z 
Rust	Test Rust workspace	2026-09-24T22:44:28.5632790Z ^[[1m^[[92m     Running^[[0m tests/ros_jtc.rs (target/debug/deps/ros_jtc-4a09c0d1838f5d18)
Rust	Test Rust workspace	2026-09-24T22:44:28.5646345Z 
Rust	Test Rust workspace	2026-09-24T22:44:28.5646486Z running 12 tests
Rust	Test Rust workspace	2026-09-24T22:44:28.5649829Z test actual_rust_host_to_cpp_bridge_to_ros_action_preserves_original_goal ... ignored, requires the isolated real ROS simulator and shipped bridge binary
Rust	Test Rust workspace	2026-09-24T22:44:28.7090362Z test abrupt_exit_at_each_native_boundary_preserves_entry_and_never_replays ... ok
Rust	Test Rust workspace	2026-09-24T22:44:28.7090996Z test crash_jtc_child ... ignored, child-only abrupt-exit fixture
Rust	Test Rust workspace	2026-09-24T22:44:28.7443977Z test action_completion_does_not_close_bridge_until_support_and_child_exit_are_proven ... ok
Rust	Test Rust workspace	2026-09-24T22:44:28.9692538Z test bound_jtc_outcome_table_interprets_native_captures_without_code_zero_fallback ... ok
Rust	Test Rust workspace	2026-09-24T22:44:28.9994412Z test contradictory_result_is_stored_without_success_capture ... ok
Rust	Test Rust workspace	2026-09-24T22:44:29.0487516Z test host_dispatch_context_survives_native_journal_and_rejects_expiry_or_generation_change ... ok
Rust	Test Rust workspace	2026-09-24T22:44:29.0879342Z test independent_generation_ownership_and_drop_proof_are_required ... ok
Rust	Test Rust workspace	2026-09-24T22:44:29.0964599Z test simulation_fixture_profile_cannot_claim_physical_equipment ... ok
Rust	Test Rust workspace	2026-09-24T22:44:29.1300950Z test journal_identity_loss_and_corrupt_capture_cannot_be_adopted ... ok
Rust	Test Rust workspace	2026-09-24T22:44:29.1538889Z test missing_authority_or_changed_artifact_never_dispatches ... ok
Rust	Test Rust workspace	2026-09-24T22:44:29.2144893Z test native_journal_prevents_resend_and_new_id_bypass_after_reply_loss_and_reopen ... ok
Rust	Test Rust workspace	2026-09-24T22:44:29.2145438Z 
Rust	Test Rust workspace	2026-09-24T22:44:29.2145728Z test result: ok. 10 passed; 0 failed; 2 ignored; 0 measured; 0 filtered out; finished in 0.65s
Rust	Test Rust workspace	2026-09-24T22:44:29.2146115Z 
Rust	Test Rust workspace	2026-09-24T22:44:29.2149942Z ^[[1m^[[92m     Running^[[0m tests/ros_process.rs (target/debug/deps/ros_process-ac3dda2f3e13de17)
Rust	Test Rust workspace	2026-09-24T22:44:29.2163261Z 
Rust	Test Rust workspace	2026-09-24T22:44:29.2163485Z running 3 tests
Rust	Test Rust workspace	2026-09-24T22:44:29.2182013Z test executable_pin_and_configuration_are_checked_before_spawn ... ok
Rust	Test Rust workspace	2026-09-24T22:44:29.2626218Z test owned_executable_copy_and_bounded_pipes_preserve_context_and_close_without_kill ... ok
Rust	Test Rust workspace	2026-09-24T22:44:29.5407125Z test timeout_oversize_and_wrong_instance_permanently_fault_the_pipe ... ok
Rust	Test Rust workspace	2026-09-24T22:44:29.5407986Z 
Rust	Test Rust workspace	2026-09-24T22:44:29.5408625Z test result: ok. 3 passed; 0 failed; 0 ignored; 0 measured; 0 filtered out; finished in 0.32s
Rust	Test Rust workspace	2026-09-24T22:44:29.5409384Z 
Rust	Test Rust workspace	2026-09-24T22:44:29.5428524Z ^[[1m^[[92m     Running^[[0m tests/service.rs (target/debug/deps/service-342c7885d86f93b6)
Rust	Test Rust workspace	2026-09-24T22:44:29.5453015Z 
Rust	Test Rust workspace	2026-09-24T22:44:29.5453445Z running 16 tests
Rust	Test Rust workspace	2026-09-24T22:44:29.5502375Z test export_host_image_fixture ... ignored, exports isolated container fixture
Rust	Test Rust workspace	2026-09-24T22:44:29.5638919Z test binding_inspection_compares_full_cohort_without_creating_installation_or_restoring_authority ... ok
Rust	Test Rust workspace	2026-09-24T22:44:29.5822398Z test empty_replacement_database_is_not_reinitialized_as_a_fresh_host ... ok
Rust	Test Rust workspace	2026-09-24T22:44:29.5823747Z test maintenance_crash_child ... ignored, abrupt-exit helper invoked only by the maintenance crash test
Rust	Test Rust workspace	2026-09-24T22:44:29.5825985Z test initialization_cannot_replace_a_concurrently_created_empty_destination ... ok
Rust	Test Rust workspace	2026-09-24T22:44:29.7182834Z test maintenance_requires_descriptor_feature_marker_and_does_not_silently_upgrade_legacy_installations ... ok
Rust	Test Rust workspace	2026-09-24T22:44:29.8125884Z test failed_startup_invalidates_old_stop_even_when_old_status_file_still_says_stopped ... ok
Rust	Test Rust workspace	2026-09-24T22:44:29.8501531Z test operational_state_changes_after_stop_invalidate_preparation_without_reinitializing_the_journal ... ok
Rust	Test Rust workspace	2026-09-24T22:44:29.8594955Z test durable_maintenance_requires_real_stop_recovers_same_request_and_blocks_startup_until_cancelled ... ok
Rust	Test Rust workspace	2026-09-24T22:44:29.9153422Z test normal_stop_retains_adapter_until_drop_permission_is_explicit ... ok
Rust	Test Rust workspace	2026-09-24T22:44:29.9251949Z test startup_rejects_a_symlink_at_the_actual_host_writer_lock_path ... ok
Rust	Test Rust workspace	2026-09-24T22:44:29.9332429Z test startup_rejects_policy_tampering_unknown_fields_and_unimplemented_physical_backend ... ok
Rust	Test Rust workspace	2026-09-24T22:44:29.9660997Z test preparation_cannot_swap_both_current_and_proposed_around_the_actual_stopped_startup ... ok
Rust	Test Rust workspace	2026-09-24T22:44:29.9890750Z test product_composition_has_immutable_installation_real_owner_and_clean_software_stop ... ok
Rust	Test Rust workspace	2026-09-24T22:44:30.1066509Z test unavailable_runtime_lock_refuses_service_without_claiming_a_known_owner ... ok
Rust	Test Rust workspace	2026-09-24T22:44:30.1430255Z test preparation_commit_crashes_preserve_atomicity_and_durable_same_request_recovery ... ok
Rust	Test Rust workspace	2026-09-24T22:44:30.1430694Z 
Rust	Test Rust workspace	2026-09-24T22:44:30.1430962Z test result: ok. 14 passed; 0 failed; 2 ignored; 0 measured; 0 filtered out; finished in 0.60s
Rust	Test Rust workspace	2026-09-24T22:44:30.1431540Z 
Rust	Test Rust workspace	2026-09-24T22:44:30.1439373Z ^[[1m^[[92m     Running^[[0m unittests src/lib.rs (target/debug/deps/rx_melsec_mc-77986d4f92d89cf4)
Rust	Test Rust workspace	2026-09-24T22:44:30.1450149Z 
Rust	Test Rust workspace	2026-09-24T22:44:30.1450298Z running 0 tests
Rust	Test Rust workspace	2026-09-24T22:44:30.1450528Z 
Rust	Test Rust workspace	2026-09-24T22:44:30.1450872Z test result: ok. 0 passed; 0 failed; 0 ignored; 0 measured; 0 filtered out; finished in 0.00s
Rust	Test Rust workspace	2026-09-24T22:44:30.1451358Z 
Rust	Test Rust workspace	2026-09-24T22:44:30.1453396Z ^[[1m^[[92m     Running^[[0m tests/transport.rs (target/debug/deps/transport-5b7a848e485e449c)
Rust	Test Rust workspace	2026-09-24T22:44:30.1463420Z 
Rust	Test Rust workspace	2026-09-24T22:44:30.1463550Z running 12 tests
Rust	Test Rust workspace	2026-09-24T22:44:30.1470220Z test denied_addresses_and_zero_or_oversize_reads_send_no_bytes ... ok
Rust	Test Rust workspace	2026-09-24T22:44:30.1471414Z test invalid_configuration_fails_before_a_connection_attempt ... ok
Rust	Test Rust workspace	2026-09-24T22:44:30.1472919Z test documented_bit_read_and_word_read_vectors_over_fragmented_tcp ... ok
Rust	Test Rust workspace	2026-09-24T22:44:30.1475831Z test explicit_route_bytes_and_24_bit_addresses_are_preserved ... ok
Rust	Test Rust workspace	2026-09-24T22:44:30.1479621Z test passive_connect_and_drop_never_send_plc_commands ... ok
Rust	Test Rust workspace	2026-09-24T22:44:30.1481066Z test mapped_single_bit_write_ack_does_not_claim_physical_completion ... ok
Rust	Test Rust workspace	2026-09-24T22:44:30.1484212Z test lost_write_response_preserves_uncertainty_and_never_resends ... ok
Rust	Test Rust workspace	2026-09-24T22:44:30.1485517Z test profile_is_explicit_bounded_and_simulation_cannot_target_the_site ... ok
Rust	Test Rust workspace	2026-09-24T22:44:30.1487284Z test plc_error_code_is_preserved_without_assuming_write_nonexecution ... ok
Rust	Test Rust workspace	2026-09-24T22:44:30.1490131Z test write_ack_payload_cannot_smuggle_a_completion_value ... ok
Rust	Test Rust workspace	2026-09-24T22:44:30.1499233Z test malformed_headers_lengths_end_codes_and_payloads_fault_the_connection ... ok
Rust	Test Rust workspace	2026-09-24T22:44:30.2995257Z test total_deadline_is_not_extended_by_a_slow_trickle ... ok
Rust	Test Rust workspace	2026-09-24T22:44:30.2995760Z 
Rust	Test Rust workspace	2026-09-24T22:44:30.2996167Z test result: ok. 12 passed; 0 failed; 0 ignored; 0 measured; 0 filtered out; finished in 0.15s
Rust	Test Rust workspace	2026-09-24T22:44:30.2996515Z 
Rust	Test Rust workspace	2026-09-24T22:44:30.2998826Z ^[[1m^[[92m     Running^[[0m unittests src/lib.rs (target/debug/deps/rx_process-fc69fd54e9218f3d)
Rust	Test Rust workspace	2026-09-24T22:44:30.3011367Z 
Rust	Test Rust workspace	2026-09-24T22:44:30.3011531Z running 0 tests
Rust	Test Rust workspace	2026-09-24T22:44:30.3011769Z 
Rust	Test Rust workspace	2026-09-24T22:44:30.3012159Z test result: ok. 0 passed; 0 failed; 0 ignored; 0 measured; 0 filtered out; finished in 0.00s
Rust	Test Rust workspace	2026-09-24T22:44:30.3012528Z 
Rust	Test Rust workspace	2026-09-24T22:44:30.3014711Z ^[[1m^[[92m     Running^[[0m unittests src/bin/rx-process-compile.rs (target/debug/deps/rx_process_compile-a607862fe73c2429)
Rust	Test Rust workspace	2026-09-24T22:44:30.3024185Z 
Rust	Test Rust workspace	2026-09-24T22:44:30.3024317Z running 0 tests
Rust	Test Rust workspace	2026-09-24T22:44:30.3026271Z 
Rust	Test Rust workspace	2026-09-24T22:44:30.3026673Z test result: ok. 0 passed; 0 failed; 0 ignored; 0 measured; 0 filtered out; finished in 0.00s
Rust	Test Rust workspace	2026-09-24T22:44:30.3027053Z 
Rust	Test Rust workspace	2026-09-24T22:44:30.3027467Z ^[[1m^[[92m     Running^[[0m tests/n1_handover.rs (target/debug/deps/n1_handover-6be6fad83f307e2c)
Rust	Test Rust workspace	2026-09-24T22:44:30.3037751Z 
Rust	Test Rust workspace	2026-09-24T22:44:30.3037887Z running 2 tests
Rust	Test Rust workspace	2026-09-24T22:44:30.3086047Z test n1_cross_host_support_collision_is_not_hidden_by_controller_names ... ok
Rust	Test Rust workspace	2026-09-24T22:44:30.3580212Z test n1_command_handover_and_lost_response_trace ... ok
Rust	Test Rust workspace	2026-09-24T22:44:30.3580545Z 
Rust	Test Rust workspace	2026-09-24T22:44:30.3580796Z test result: ok. 2 passed; 0 failed; 0 ignored; 0 measured; 0 filtered out; finished in 0.05s
Rust	Test Rust workspace	2026-09-24T22:44:30.3581150Z 
Rust	Test Rust workspace	2026-09-24T22:44:30.3584301Z ^[[1m^[[92m     Running^[[0m tests/package.rs (target/debug/deps/package-7608c13ab0f18341)
Rust	Test Rust workspace	2026-09-24T22:44:30.3598157Z 
Rust	Test Rust workspace	2026-09-24T22:44:30.3598309Z running 1 test
Rust	Test Rust workspace	2026-09-24T22:44:30.3907727Z test verified_content_still_requires_process_semantic_validation ... ok
Rust	Test Rust workspace	2026-09-24T22:44:30.3908217Z 
Rust	Test Rust workspace	2026-09-24T22:44:30.3908632Z test result: ok. 1 passed; 0 failed; 0 ignored; 0 measured; 0 filtered out; finished in 0.03s
Rust	Test Rust workspace	2026-09-24T22:44:30.3909167Z 
Rust	Test Rust workspace	2026-09-24T22:44:30.3913754Z ^[[1m^[[92m     Running^[[0m tests/process.rs (target/debug/deps/process-1449fc5be981f8af)
Rust	Test Rust workspace	2026-09-24T22:44:30.3925604Z 
Rust	Test Rust workspace	2026-09-24T22:44:30.3925767Z running 10 tests
Rust	Test Rust workspace	2026-09-24T22:44:30.3989682Z test branches_require_a_committed_choice_and_reject_opposite_branch_history ... ok
Rust	Test Rust workspace	2026-09-24T22:44:30.4020796Z test incomplete_history_and_recursive_subflows_do_not_create_new_work ... ok
Rust	Test Rust workspace	2026-09-24T22:44:30.4032278Z test parallel_checks_resolved_resource_conflicts_and_suppresses_new_work_on_unknown ... ok
Rust	Test Rust workspace	2026-09-24T22:44:30.4033456Z test malformed_or_unbounded_source_and_partial_progress_are_rejected ... ok
Rust	Test Rust workspace	2026-09-24T22:44:30.4063379Z test repeat_and_subflow_expand_into_distinct_stable_occurrences ... ok
Rust	Test Rust workspace	2026-09-24T22:44:30.4092648Z test sequence_waits_for_authoritative_completion_and_resource_handover ... ok
Rust	Test Rust workspace	2026-09-24T22:44:30.4156386Z test waits_and_interventions_require_recorded_decisions_without_local_timeout_success ... ok
Rust	Test Rust workspace	2026-09-24T22:44:30.4161613Z test source_link_checks_repeat_count_and_call_instantiation ... ok
Rust	Test Rust workspace	2026-09-24T22:44:30.4170482Z test source_link_rejects_reordered_children_and_swapped_branch_arms_with_valid_node_ids ... ok
Rust	Test Rust workspace	2026-09-24T22:44:30.4189772Z test unknown_and_disputed_results_never_become_failure_or_a_new_attempt ... ok
Rust	Test Rust workspace	2026-09-24T22:44:30.4190316Z 
Rust	Test Rust workspace	2026-09-24T22:44:30.4190696Z test result: ok. 10 passed; 0 failed; 0 ignored; 0 measured; 0 filtered out; finished in 0.03s
Rust	Test Rust workspace	2026-09-24T22:44:30.4191434Z 
Rust	Test Rust workspace	2026-09-24T22:44:30.4193092Z ^[[1m^[[92m     Running^[[0m unittests src/lib.rs (target/debug/deps/rx_process_package-a6631ca49ab4727f)
Rust	Test Rust workspace	2026-09-24T22:44:30.4203794Z 
Rust	Test Rust workspace	2026-09-24T22:44:30.4203942Z running 0 tests
Rust	Test Rust workspace	2026-09-24T22:44:30.4205607Z 
Rust	Test Rust workspace	2026-09-24T22:44:30.4206003Z test result: ok. 0 passed; 0 failed; 0 ignored; 0 measured; 0 filtered out; finished in 0.00s
Rust	Test Rust workspace	2026-09-24T22:44:30.4206545Z 
Rust	Test Rust workspace	2026-09-24T22:44:30.4207157Z ^[[1m^[[92m     Running^[[0m unittests src/bin/rx-process-package.rs (target/debug/deps/rx_process_package-c5428826a3928468)
Rust	Test Rust workspace	2026-09-24T22:44:30.4216117Z 
Rust	Test Rust workspace	2026-09-24T22:44:30.4216261Z running 0 tests
Rust	Test Rust workspace	2026-09-24T22:44:30.4216484Z 
Rust	Test Rust workspace	2026-09-24T22:44:30.4216874Z test result: ok. 0 passed; 0 failed; 0 ignored; 0 measured; 0 filtered out; finished in 0.00s
Rust	Test Rust workspace	2026-09-24T22:44:30.4217402Z 
Rust	Test Rust workspace	2026-09-24T22:44:30.4218798Z ^[[1m^[[92m     Running^[[0m tests/package.rs (target/debug/deps/package-69f11c7625bbe923)
Rust	Test Rust workspace	2026-09-24T22:44:30.4230672Z 
Rust	Test Rust workspace	2026-09-24T22:44:30.4230819Z running 15 tests
Rust	Test Rust workspace	2026-09-24T22:44:30.4532401Z test a_valid_signature_does_not_hide_inconsistent_packaged_compile_inputs ... ok
Rust	Test Rust workspace	2026-09-24T22:44:30.4551421Z test export_device_process_review_authority ... ignored
Rust	Test Rust workspace	2026-09-24T22:44:30.4572475Z test export_process_authoring_key ... ignored, exports a test-only public PROCESS signing key for mixed ABI policy integration
Rust	Test Rust workspace	2026-09-24T22:44:30.4573774Z test external_signer_fixture_can_sign_a_caller_selected_local_test_candidate ... ok
Rust	Test Rust workspace	2026-09-24T22:44:30.4574891Z test device_provenance_survives_signed_package_and_actual_recompilation ... ok
Rust	Test Rust workspace	2026-09-24T22:44:30.4575988Z test deterministic_candidate_detached_signature_and_recompilation_preserve_input_identity ... ok
Rust	Test Rust workspace	2026-09-24T22:44:30.4722054Z test missing_program_artifacts_and_parallel_resource_conflicts_block_assembly ... ok
Rust	Test Rust workspace	2026-09-24T22:44:30.4751711Z test sign_device_process_review ... ignored
Rust	Test Rust workspace	2026-09-24T22:44:30.4792132Z test sign_mixed_process_request ... ignored, test-only external package signer for the isolated mixed-policy harness
Rust	Test Rust workspace	2026-09-24T22:44:30.4812124Z test fixture_for_external_signing_demo_is_explicit_and_never_a_default_production_key ... ok
Rust	Test Rust workspace	2026-09-24T22:44:30.4841879Z test candidate_publication_does_not_overwrite_and_signed_directory_has_exact_inventory ... ok
Rust	Test Rust workspace	2026-09-24T22:44:30.4875866Z test policy_assets_are_read_and_dependency_files_are_verified_under_current_trust ... ok
Rust	Test Rust workspace	2026-09-24T22:44:30.4965749Z test signer_scope_key_alias_and_content_changes_do_not_gain_trust ... ok
Rust	Test Rust workspace	2026-09-24T22:44:30.5003765Z test signed_but_inconsistent_process_produces_failure_report_without_resolved_artifact ... ok
Rust	Test Rust workspace	2026-09-24T22:44:30.5087173Z test verification_report_uses_actual_signed_compilation_and_binds_request_policy ... ok
Rust	Test Rust workspace	2026-09-24T22:44:30.5087570Z 
Rust	Test Rust workspace	2026-09-24T22:44:30.5087825Z test result: ok. 11 passed; 0 failed; 4 ignored; 0 measured; 0 filtered out; finished in 0.09s
Rust	Test Rust workspace	2026-09-24T22:44:30.5088170Z 
Rust	Test Rust workspace	2026-09-24T22:44:30.5092571Z ^[[1m^[[92m     Running^[[0m unittests src/lib.rs (target/debug/deps/rx_service_status-8ebaccd1a8145767)
Rust	Test Rust workspace	2026-09-24T22:44:30.5104954Z 
Rust	Test Rust workspace	2026-09-24T22:44:30.5105106Z running 14 tests
Rust	Test Rust workspace	2026-09-24T22:44:30.5112636Z test support::tests::legacy_text_is_not_a_typed_ownership_failure ... ok
Rust	Test Rust workspace	2026-09-24T22:44:30.5128446Z test tests::executor_cell_journal_and_configuration_are_exact_scope ... ok
Rust	Test Rust workspace	2026-09-24T22:44:30.5132074Z test tests::host_role_installation_identity_instance_and_pid_are_exact ... ok
Rust	Test Rust workspace	2026-09-24T22:44:30.5135614Z test tests::atomic_publication_keeps_old_readers_on_a_complete_old_file ... ok
Rust	Test Rust workspace	2026-09-24T22:44:30.5146061Z test tests::product_reader_and_reporter_clock_use_linux_boottime ... ok
Rust	Test Rust workspace	2026-09-24T22:44:30.5151516Z test tests::malformed_or_removed_owned_status_cannot_be_silently_recreated ... ok
Rust	Test Rust workspace	2026-09-24T22:44:30.5167350Z test tests::one_writer_rejects_foreign_owner_and_content_replacement ... ok
Rust	Test Rust workspace	2026-09-24T22:44:30.5173582Z test tests::reader_preserves_same_sequence_content_changes_for_supervisor_comparison ... ok
Rust	Test Rust workspace	2026-09-24T22:44:30.5177611Z test tests::lifecycle_publication_preserves_exact_source_time_and_owner ... ok
Rust	Test Rust workspace	2026-09-24T22:44:30.5178797Z test tests::status_path_opts_in_without_breaking_legacy_instance_id_only_environment ... ok
Rust	Test Rust workspace	2026-09-24T22:44:30.5184642Z test tests::reporter_clock_regression_and_sequence_overflow_do_not_replace_last_state ... ok
Rust	Test Rust workspace	2026-09-24T22:44:30.5203762Z test tests::stale_future_and_other_clock_observations_are_rejected_without_refresh ... ok
Rust	Test Rust workspace	2026-09-24T22:44:30.5207720Z test tests::symlinks_special_files_and_missing_parent_are_errors_not_absence ... ok
Rust	Test Rust workspace	2026-09-24T22:44:30.5213382Z test tests::schema_zero_sequence_and_strict_payload_shape_are_enforced ... ok
Rust	Test Rust workspace	2026-09-24T22:44:30.5214041Z 
Rust	Test Rust workspace	2026-09-24T22:44:30.5214434Z test result: ok. 14 passed; 0 failed; 0 ignored; 0 measured; 0 filtered out; finished in 0.01s
Rust	Test Rust workspace	2026-09-24T22:44:30.5215009Z 
Rust	Test Rust workspace	2026-09-24T22:44:30.5218016Z ^[[1m^[[92m     Running^[[0m unittests src/lib.rs (target/debug/deps/rx_solution_catalog-bc5d864cce88e209)
Rust	Test Rust workspace	2026-09-24T22:44:30.5226830Z 
Rust	Test Rust workspace	2026-09-24T22:44:30.5226962Z running 0 tests
Rust	Test Rust workspace	2026-09-24T22:44:30.5227230Z 
Rust	Test Rust workspace	2026-09-24T22:44:30.5227715Z test result: ok. 0 passed; 0 failed; 0 ignored; 0 measured; 0 filtered out; finished in 0.00s
Rust	Test Rust workspace	2026-09-24T22:44:30.5228301Z 
Rust	Test Rust workspace	2026-09-24T22:44:30.5229832Z ^[[1m^[[92m     Running^[[0m tests/builtin.rs (target/debug/deps/builtin-962fef28c043b508)
Rust	Test Rust workspace	2026-09-24T22:44:30.5240256Z 
Rust	Test Rust workspace	2026-09-24T22:44:30.5240442Z running 3 tests
Rust	Test Rust workspace	2026-09-24T22:44:30.5252772Z test external_sources_are_vendor_neutral_and_still_revision_bound ... ok
Rust	Test Rust workspace	2026-09-24T22:44:30.5253997Z test builtin_is_explicit_simulation_with_independent_joint_sets ... ok
Rust	Test Rust workspace	2026-09-24T22:44:30.5273641Z test provenance_and_commissioning_cannot_be_erased_or_relabeled ... ok
Rust	Test Rust workspace	2026-09-24T22:44:30.5274129Z 
Rust	Test Rust workspace	2026-09-24T22:44:30.5274519Z test result: ok. 3 passed; 0 failed; 0 ignored; 0 measured; 0 filtered out; finished in 0.00s
Rust	Test Rust workspace	2026-09-24T22:44:30.5275092Z 
Rust	Test Rust workspace	2026-09-24T22:44:30.5276462Z ^[[1m^[[92m     Running^[[0m unittests src/lib.rs (target/debug/deps/rx_supervisor-c472761764f2e494)
Rust	Test Rust workspace	2026-09-24T22:44:30.5288804Z 
Rust	Test Rust workspace	2026-09-24T22:44:30.5288964Z running 21 tests
Rust	Test Rust workspace	2026-09-24T22:44:30.5297360Z test initialization::termination_tests::failed_signal_command_status_is_not_a_successful_delivery ... ok
Rust	Test Rust workspace	2026-09-24T22:44:30.5298645Z test execution_store::tests::unknown_run_does_not_create_nested_execution_store ... ok
Rust	Test Rust workspace	2026-09-24T22:44:30.5321380Z test initialization::termination_tests::failed_term_keeps_the_same_owned_child_retryable_until_delivery_is_confirmed ... ok
Rust	Test Rust workspace	2026-09-24T22:44:31.3591800Z test process::linux_limits::tests::exec_syscall_failure_is_not_an_admission ... ok
Rust	Test Rust workspace	2026-09-24T22:44:31.3634887Z test process::linux_limits::tests::actual_kernel_permission_failure_after_lowering_rolls_back_before_target ... ok
Rust	Test Rust workspace	2026-09-24T22:44:31.3640365Z test process::linux_limits::tests::gate_death_in_exec_window_cannot_mint_a_receipt_from_eof ... ok
Rust	Test Rust workspace	2026-09-24T22:44:31.3641876Z test process::linux_limits::tests::authority_change_after_application_prevents_exec_and_confirms_rollback ... ok
Rust	Test Rust workspace	2026-09-24T22:44:31.3672299Z test process::signal_tests::failed_signal_uses_only_confirmed_owned_non_actuating_exit ... ok
Rust	Test Rust workspace	2026-09-24T22:44:31.3701897Z test process::signal_tests::failed_signal_keeps_control_and_unknown_effect_errors ... ok
Rust	Test Rust workspace	2026-09-24T22:44:31.3725883Z test process::signal_tests::failed_signal_with_live_or_unconfirmed_child_remains_error ... ok
Rust	Test Rust workspace	2026-09-24T22:44:31.3742199Z test process::signal_tests::signal_acceptance_does_not_claim_child_exit ... ok
Rust	Test Rust workspace	2026-09-24T22:44:31.3743459Z test process_identity::linux::tests::foreign_namespace_neither_matches_nor_proves_absence ... ok
Rust	Test Rust workspace	2026-09-24T22:44:31.3744738Z test process_identity::linux::tests::namespace_lifetime_read_race_has_its_own_rejection ... ok
Rust	Test Rust workspace	2026-09-24T22:44:31.3745767Z test process_identity::linux::tests::stat_comm_parentheses_do_not_shift_starttime ... ok
Rust	Test Rust workspace	2026-09-24T22:44:31.3746869Z test process_identity::linux::tests::zombie_and_read_race_are_distinct_unverifiable_findings ... ok
Rust	Test Rust workspace	2026-09-24T22:44:31.3748157Z test registration::recovery::investigation_tests::legacy_string_summary_decodes_only_as_history ... ok
Rust	Test Rust workspace	2026-09-24T22:44:31.3749267Z test process_identity::linux::tests::every_saved_scope_dimension_is_required_before_absence ... ok
Rust	Test Rust workspace	2026-09-24T22:44:31.4032476Z test registration::recovery::investigation_tests::registry_reads_original_identity_and_does_not_backfill_legacy_records ... ok
Rust	Test Rust workspace	2026-09-24T22:44:31.4048145Z test registration::recovery::investigation_tests::real_zombie_is_unverifiable_then_reaped_absence_can_confirm_without_changing_unknown ... ok
Rust	Test Rust workspace	2026-09-24T22:44:31.9683020Z test process::linux_limits::tests::observation_failure_after_application_confirms_no_remaining_child_policy ... ok
Rust	Test Rust workspace	2026-09-24T22:44:31.9849393Z test process::linux_limits::tests::gate_excludes_current_directory_python_module_shadowing ... ok
Rust	Test Rust workspace	2026-09-24T22:44:31.9849990Z 
Rust	Test Rust workspace	2026-09-24T22:44:31.9850346Z test result: ok. 21 passed; 0 failed; 0 ignored; 0 measured; 0 filtered out; finished in 1.46s
Rust	Test Rust workspace	2026-09-24T22:44:31.9850833Z 
Rust	Test Rust workspace	2026-09-24T22:44:31.9871949Z ^[[1m^[[92m     Running^[[0m unittests src/bin/rx-solutionsd.rs (target/debug/deps/rx_solutionsd-ea57e26056403d5d)
Rust	Test Rust workspace	2026-09-24T22:44:31.9882418Z 
Rust	Test Rust workspace	2026-09-24T22:44:31.9882570Z running 0 tests
Rust	Test Rust workspace	2026-09-24T22:44:31.9884524Z 
Rust	Test Rust workspace	2026-09-24T22:44:31.9885012Z test result: ok. 0 passed; 0 failed; 0 ignored; 0 measured; 0 filtered out; finished in 0.00s
Rust	Test Rust workspace	2026-09-24T22:44:31.9885379Z 
Rust	Test Rust workspace	2026-09-24T22:44:31.9885837Z ^[[1m^[[92m     Running^[[0m tests/decision_anchors.rs (target/debug/deps/decision_anchors-388590c47227b53f)
Rust	Test Rust workspace	2026-09-24T22:44:31.9897796Z 
Rust	Test Rust workspace	2026-09-24T22:44:31.9897956Z running 1 test
Rust	Test Rust workspace	2026-09-24T22:44:31.9982293Z test author_anchors_are_pinned_and_site_data_cannot_override_them ... ok
Rust	Test Rust workspace	2026-09-24T22:44:31.9982667Z 
Rust	Test Rust workspace	2026-09-24T22:44:31.9982945Z test result: ok. 1 passed; 0 failed; 0 ignored; 0 measured; 0 filtered out; finished in 0.01s
Rust	Test Rust workspace	2026-09-24T22:44:31.9983304Z 
Rust	Test Rust workspace	2026-09-24T22:44:31.9985682Z ^[[1m^[[92m     Running^[[0m tests/dependency_binding.rs (target/debug/deps/dependency_binding-532e23b7896ffe50)
Rust	Test Rust workspace	2026-09-24T22:44:31.9998911Z 
Rust	Test Rust workspace	2026-09-24T22:44:31.9999069Z running 10 tests
Rust	Test Rust workspace	2026-09-24T22:44:32.3393176Z test author_scope_cannot_be_replaced_and_unknown_is_not_independent ... ok
Rust	Test Rust workspace	2026-09-24T22:44:32.6707551Z test absent_and_malformed_sources_and_explicit_denial_have_named_distinct_states ... ok
Rust	Test Rust workspace	2026-09-24T22:44:33.7361544Z test bounded_collection_keeps_a_finish_slot_and_cannot_overwrite_result ... ok
Rust	Test Rust workspace	2026-09-24T22:44:34.4422311Z test captured_response_cannot_be_replayed_for_another_diagnostic_request ... ok
Rust	Test Rust workspace	2026-09-24T22:44:35.2259501Z test continuous_loss_blocks_only_dependent_progress_and_current_result_consumption ... ok
Rust	Test Rust workspace	2026-09-24T22:44:35.9818657Z test current_report_change_and_consumer_retirement_do_not_rewrite_historical_result ... ok
Rust	Test Rust workspace	2026-09-24T22:44:36.7001785Z test generation_window_defers_input_until_finish_and_preserves_completed_snapshot ... ok
Rust	Test Rust workspace	2026-09-24T22:44:37.4766787Z test preparation_input_outlives_provider_and_result_is_durable_without_permission ... ok
Rust	Test Rust workspace	2026-09-24T22:44:37.4976947Z test result_run_and_history_commit_atomically_on_storage_failure ... ok
Rust	Test Rust workspace	2026-09-24T22:44:39.3296699Z test same_format_registration_and_same_registration_new_execution_do_not_inherit_binding ... ok
Rust	Test Rust workspace	2026-09-24T22:44:39.3297376Z 
Rust	Test Rust workspace	2026-09-24T22:44:39.3297889Z test result: ok. 10 passed; 0 failed; 0 ignored; 0 measured; 0 filtered out; finished in 7.33s
Rust	Test Rust workspace	2026-09-24T22:44:39.3298446Z 
Rust	Test Rust workspace	2026-09-24T22:44:39.3325187Z ^[[1m^[[92m     Running^[[0m tests/execution_admission.rs (target/debug/deps/execution_admission-89d897bd40fe704e)
Rust	Test Rust workspace	2026-09-24T22:44:39.3342417Z 
Rust	Test Rust workspace	2026-09-24T22:44:39.3342625Z running 12 tests
Rust	Test Rust workspace	2026-09-24T22:44:39.3572443Z test malformed_rejection_is_not_falsely_reported_as_confirmed_non_application ... ok
Rust	Test Rust workspace	2026-09-24T22:44:39.3573534Z test authority_recheck_precedes_any_simulated_resource_application ... ok
Rust	Test Rust workspace	2026-09-24T22:44:39.3604758Z test diagnostic_query_does_not_enter_admission_or_spawn ... ok
Rust	Test Rust workspace	2026-09-24T22:44:39.3713056Z test legacy_serialization_is_unchanged_and_explicit_empty_has_its_own_identity ... ok
Rust	Test Rust workspace	2026-09-24T22:44:39.3892944Z test reopening_does_not_restore_application_evidence_or_resource_ownership ... ok
Rust	Test Rust workspace	2026-09-24T22:44:39.3912844Z test site_overrides_and_lowered_catalog_are_rejected_in_three_distinct_paths ... ok
Rust	Test Rust workspace	2026-09-24T22:44:39.3921004Z test real_backend_rejects_required_policies_before_exec_and_reports_no_application ... ok
Rust	Test Rust workspace	2026-09-24T22:44:39.4351948Z test real_backend_keeps_legacy_and_explicit_no_policy_startup_working ... ok
Rust	Test Rust workspace	2026-09-24T22:44:39.4381589Z test unknown_is_rejected_even_by_a_capable_backend_and_not_required_is_distinct ... ok
Rust	Test Rust workspace	2026-09-24T22:44:39.4521175Z test stale_receipts_and_lost_application_responses_remain_unknown_without_retry ... ok
Rust	Test Rust workspace	2026-09-24T22:44:39.4773869Z test whole_bundle_all_available_all_unavailable_and_mixed_have_no_partial_application ... ok
Rust	Test Rust workspace	2026-09-24T22:44:39.4902597Z test upper_bounds_do_not_reserve_but_reserved_capacity_and_access_conflicts_are_atomic ... ok
Rust	Test Rust workspace	2026-09-24T22:44:39.4903237Z 
Rust	Test Rust workspace	2026-09-24T22:44:39.4903595Z test result: ok. 12 passed; 0 failed; 0 ignored; 0 measured; 0 filtered out; finished in 0.16s
Rust	Test Rust workspace	2026-09-24T22:44:39.4904419Z 
Rust	Test Rust workspace	2026-09-24T22:44:39.4908558Z ^[[1m^[[92m     Running^[[0m tests/guarded.rs (target/debug/deps/guarded-632b5fc2334609a5)
Rust	Test Rust workspace	2026-09-24T22:44:39.4922789Z 
Rust	Test Rust workspace	2026-09-24T22:44:39.4922960Z running 7 tests
Rust	Test Rust workspace	2026-09-24T22:44:39.4932567Z test guarded_paths_are_per_instance_and_scope_is_preserved ... ok
Rust	Test Rust workspace	2026-09-24T22:44:39.4950198Z test guarded_recipe_cannot_use_alive_only_parameters_restart_or_physical_authority_fallback ... ok
Rust	Test Rust workspace	2026-09-24T22:44:39.5170101Z test failed_first_term_retries_the_same_owned_service_without_waiting_for_timeout ... ok
Rust	Test Rust workspace	2026-09-24T22:44:39.5180940Z test lost_protocol_readiness_latches_cooperative_shutdown_instead_of_restart ... ok
Rust	Test Rust workspace	2026-09-24T22:44:39.5295471Z test nonzero_guarded_exit_is_unconfirmed_even_with_stopped_report ... ok
Rust	Test Rust workspace	2026-09-24T22:44:39.5458329Z test guarded_readiness_requires_protocol_and_exit_zero_requires_terminal_report ... ok
Rust	Test Rust workspace	2026-09-24T22:44:39.6352482Z test held_guarded_service_is_not_forced_after_timeout ... ok
Rust	Test Rust workspace	2026-09-24T22:44:39.6352853Z 
Rust	Test Rust workspace	2026-09-24T22:44:39.6353110Z test result: ok. 7 passed; 0 failed; 0 ignored; 0 measured; 0 filtered out; finished in 0.14s
Rust	Test Rust workspace	2026-09-24T22:44:39.6353458Z 
Rust	Test Rust workspace	2026-09-24T22:44:39.6357620Z ^[[1m^[[92m     Running^[[0m tests/guarded_os.rs (target/debug/deps/guarded_os-227a90c9576d0081)
Rust	Test Rust workspace	2026-09-24T22:44:39.6370576Z 
Rust	Test Rust workspace	2026-09-24T22:44:39.6370717Z running 1 test
Rust	Test Rust workspace	2026-09-24T22:44:40.3811191Z test guarded_term_targets_only_the_owned_leader_and_force_is_rejected ... ok
Rust	Test Rust workspace	2026-09-24T22:44:40.3811886Z 
Rust	Test Rust workspace	2026-09-24T22:44:40.3812153Z test result: ok. 1 passed; 0 failed; 0 ignored; 0 measured; 0 filtered out; finished in 0.74s
Rust	Test Rust workspace	2026-09-24T22:44:40.3812493Z 
Rust	Test Rust workspace	2026-09-24T22:44:40.3817975Z ^[[1m^[[92m     Running^[[0m tests/initialization.rs (target/debug/deps/initialization-e9ca2dd891e0d10d)
Rust	Test Rust workspace	2026-09-24T22:44:40.3832514Z 
Rust	Test Rust workspace	2026-09-24T22:44:40.3832661Z running 2 tests
Rust	Test Rust workspace	2026-09-24T22:44:40.3923172Z test required_composition_initialization_rejects_missing_partial_changed_list_and_wrong_digest ... ok
Rust	Test Rust workspace	2026-09-24T22:44:43.0052283Z test four_named_initializer_successes_are_recorded_once_and_entered_is_never_replayed ... ok
Rust	Test Rust workspace	2026-09-24T22:44:43.0052779Z 
Rust	Test Rust workspace	2026-09-24T22:44:43.0053031Z test result: ok. 2 passed; 0 failed; 0 ignored; 0 measured; 0 filtered out; finished in 2.62s
Rust	Test Rust workspace	2026-09-24T22:44:43.0053379Z 
Rust	Test Rust workspace	2026-09-24T22:44:43.0060910Z ^[[1m^[[92m     Running^[[0m tests/lifecycle.rs (target/debug/deps/lifecycle-c35dea864e812340)
Rust	Test Rust workspace	2026-09-24T22:44:43.0075511Z 
Rust	Test Rust workspace	2026-09-24T22:44:43.0075699Z running 10 tests
Rust	Test Rust workspace	2026-09-24T22:44:43.0320190Z test default_authority_does_not_start_control_owners_and_other_stores_are_not_claimed ... ok
Rust	Test Rust workspace	2026-09-24T22:44:43.0438256Z test failed_stop_persistence_still_prevents_new_processes_and_exit_observation_can_be_retried ... ok
Rust	Test Rust workspace	2026-09-24T22:44:43.0456098Z test release_program_change_and_unsafe_plan_choices_are_rejected ... ok
Rust	Test Rust workspace	2026-09-24T22:44:43.0489069Z test dependencies_start_after_readiness_and_stop_before_their_provider ... ok
Rust	Test Rust workspace	2026-09-24T22:44:43.0848556Z test launch_commit_boundaries_never_replay_an_uncertain_spawn ... ok
Rust	Test Rust workspace	2026-09-24T22:44:43.0995471Z test supervisor_restart_keeps_live_or_uncertain_processes_unknown_and_never_signals_saved_pids ... ok
Rust	Test Rust workspace	2026-09-24T22:44:43.1094246Z test uncertain_backend_result_is_not_a_known_start_failure ... ok
Rust	Test Rust workspace	2026-09-24T22:44:43.1549293Z test execution_retry::previous_application_observation_does_not_cover_a_new_prepared_instance ... ok
Rust	Test Rust workspace	2026-09-24T22:44:43.1868876Z test stop_authority_is_required_and_control_processes_are_never_force_killed ... ok
Rust	Test Rust workspace	2026-09-24T22:44:43.3109247Z test software_restart_budget_persists_until_an_explicit_clean_reactivation ... ok
Rust	Test Rust workspace	2026-09-24T22:44:43.3109849Z 
Rust	Test Rust workspace	2026-09-24T22:44:43.3110214Z test result: ok. 10 passed; 0 failed; 0 ignored; 0 measured; 0 filtered out; finished in 0.30s
Rust	Test Rust workspace	2026-09-24T22:44:43.3110696Z 
Rust	Test Rust workspace	2026-09-24T22:44:43.3114949Z ^[[1m^[[92m     Running^[[0m tests/operating_area.rs (target/debug/deps/operating_area-8dc77bafb51eb178)
Rust	Test Rust workspace	2026-09-24T22:44:43.3130728Z 
Rust	Test Rust workspace	2026-09-24T22:44:43.3130889Z running 4 tests
Rust	Test Rust workspace	2026-09-24T22:44:44.2410666Z test cached_provider_rechecks_signed_revocation_and_invalidates_retained_proof ... ok
Rust	Test Rust workspace	2026-09-24T22:44:44.2593391Z test pending_publication_is_not_use_and_commit_lock_spans_the_physical_transaction ... ok
Rust	Test Rust workspace	2026-09-24T22:44:44.8937129Z test old_response_cannot_restore_a_live_request_after_receiver_restart ... ok
Rust	Test Rust workspace	2026-09-24T22:44:45.0470539Z test polling_keeps_original_nonce_and_deadline_and_context_failure_is_not_pending ... ok
Rust	Test Rust workspace	2026-09-24T22:44:45.0471414Z 
Rust	Test Rust workspace	2026-09-24T22:44:45.0471724Z test result: ok. 4 passed; 0 failed; 0 ignored; 0 measured; 0 filtered out; finished in 1.73s
Rust	Test Rust workspace	2026-09-24T22:44:45.0472081Z 
Rust	Test Rust workspace	2026-09-24T22:44:45.0485331Z ^[[1m^[[92m     Running^[[0m tests/os_process.rs (target/debug/deps/os_process-c7c80a360aed05be)
Rust	Test Rust workspace	2026-09-24T22:44:45.0497678Z 
Rust	Test Rust workspace	2026-09-24T22:44:45.0497830Z running 2 tests
Rust	Test Rust workspace	2026-09-24T22:44:45.6845707Z test tampered_program_file_is_not_started ... ok
Rust	Test Rust workspace	2026-09-24T22:44:46.9268866Z test real_process_readiness_is_instance_correlated_and_shutdown_reaps_the_owned_process ... ok
Rust	Test Rust workspace	2026-09-24T22:44:46.9269526Z 
Rust	Test Rust workspace	2026-09-24T22:44:46.9269926Z test result: ok. 2 passed; 0 failed; 0 ignored; 0 measured; 0 filtered out; finished in 1.88s
Rust	Test Rust workspace	2026-09-24T22:44:46.9270410Z 
Rust	Test Rust workspace	2026-09-24T22:44:46.9278732Z ^[[1m^[[92m     Running^[[0m tests/recovery.rs (target/debug/deps/recovery-835b74aebc083169)
Rust	Test Rust workspace	2026-09-24T22:44:46.9293396Z 
Rust	Test Rust workspace	2026-09-24T22:44:46.9293552Z running 9 tests
Rust	Test Rust workspace	2026-09-24T22:44:46.9980627Z test confirmed_disposition_preserves_unknown_and_does_not_automatically_open_assignment ... ok
Rust	Test Rust workspace	2026-09-24T22:44:47.0562565Z test disposed_observation_cannot_be_overwritten_by_an_old_supervisor ... ok
Rust	Test Rust workspace	2026-09-24T22:44:47.1528466Z test disposition_and_resume_consumption_rollback_without_half_records ... ok
Rust	Test Rust workspace	2026-09-24T22:44:47.2502583Z test explicit_resume_consumes_once_and_uses_new_instance_without_restoring_receipts ... ok
Rust	Test Rust workspace	2026-09-24T22:44:47.2958865Z test missing_original_pid_binding_requires_another_provider_not_an_inferred_closure ... ok
Rust	Test Rust workspace	2026-09-24T22:44:47.3627347Z test old_run_prepared_instance_and_automatic_restart_budget_are_not_recovery_routes ... ok
Rust	Test Rust workspace	2026-09-24T22:44:47.4116726Z test unable_to_resolve_is_not_success_or_permission_to_resume ... ok
Rust	Test Rust workspace	2026-09-24T22:44:47.4565083Z test weak_observations_and_default_authority_cannot_dispose ... ok
Rust	Test Rust workspace	2026-09-24T22:44:47.5022653Z test witness_scope_time_target_actor_and_stale_revision_are_checked ... ok
Rust	Test Rust workspace	2026-09-24T22:44:47.5023046Z 
Rust	Test Rust workspace	2026-09-24T22:44:47.5023310Z test result: ok. 9 passed; 0 failed; 0 ignored; 0 measured; 0 filtered out; finished in 0.57s
Rust	Test Rust workspace	2026-09-24T22:44:47.5023670Z 
Rust	Test Rust workspace	2026-09-24T22:44:47.5028536Z ^[[1m^[[92m     Running^[[0m tests/registration.rs (target/debug/deps/registration-89022826894b597f)
Rust	Test Rust workspace	2026-09-24T22:44:47.5043121Z 
Rust	Test Rust workspace	2026-09-24T22:44:47.5043290Z running 11 tests
Rust	Test Rust workspace	2026-09-24T22:44:47.5203008Z test failed_transaction_commits_neither_revision_nor_control_event_or_projection ... ok
Rust	Test Rust workspace	2026-09-24T22:44:47.5231463Z test competing_updates_and_retired_reactivation_fail_without_erasing_history ... ok
Rust	Test Rust workspace	2026-09-24T22:44:47.5730715Z test historical_assignment_revision_survives_a_label_review_after_exit ... ok
Rust	Test Rust workspace	2026-09-24T22:44:47.5786042Z test failure_between_assignment_and_observation_is_unconfirmed_and_cannot_replay ... ok
Rust	Test Rust workspace	2026-09-24T22:44:47.5812143Z test catalog_weakening_and_legacy_reopen_are_explained_and_leave_old_records_readable ... ok
Rust	Test Rust workspace	2026-09-24T22:44:47.5902327Z test different_plan_same_name_pid_and_port_make_distinct_executions_of_one_registration ... ok
Rust	Test Rust workspace	2026-09-24T22:44:47.5942941Z test registration_exists_without_execution_or_plan_and_survives_repository_reopen ... ok
Rust	Test Rust workspace	2026-09-24T22:44:47.6071031Z test missing_executable_does_not_deregister_the_component ... ok
Rust	Test Rust workspace	2026-09-24T22:44:47.6174550Z test registration_never_replaces_lifecycle_authority ... ok
Rust	Test Rust workspace	2026-09-24T22:44:47.6632492Z test retirement_blocks_new_assignment_but_keeps_running_history_and_unresolved_obligations ... ok
Rust	Test Rust workspace	2026-09-24T22:44:47.6961609Z test normal_exit_unexpected_handle_loss_and_restart_preserve_registration ... ok
Rust	Test Rust workspace	2026-09-24T22:44:47.6961992Z 
Rust	Test Rust workspace	2026-09-24T22:44:47.6962279Z test result: ok. 11 passed; 0 failed; 0 ignored; 0 measured; 0 filtered out; finished in 0.19s
Rust	Test Rust workspace	2026-09-24T22:44:47.6962897Z 
Rust	Test Rust workspace	2026-09-24T22:44:47.6968164Z ^[[1m^[[92m     Running^[[0m tests/registration_passage.rs (target/debug/deps/registration_passage-4a5db641d31cab47)
Rust	Test Rust workspace	2026-09-24T22:44:47.6983502Z 
Rust	Test Rust workspace	2026-09-24T22:44:47.6983650Z running 2 tests
Rust	Test Rust workspace	2026-09-24T22:44:47.6984366Z test passage_worker ... ignored, worker invoked only by the real registration passage
Rust	Test Rust workspace	2026-09-24T22:44:47.6985386Z test real_registration_passage ... ignored, requires validated /opt/rx release; run tools/registration_passage.py
Rust	Test Rust workspace	2026-09-24T22:44:47.6985794Z 
Rust	Test Rust workspace	2026-09-24T22:44:47.6986045Z test result: ok. 0 passed; 0 failed; 2 ignored; 0 measured; 0 filtered out; finished in 0.00s
Rust	Test Rust workspace	2026-09-24T22:44:47.6986377Z 
Rust	Test Rust workspace	2026-09-24T22:44:47.6987188Z ^[[1m^[[92m     Running^[[0m tests/replacement.rs (target/debug/deps/replacement-1c42bfc76ef8619c)
Rust	Test Rust workspace	2026-09-24T22:44:47.6999991Z 
Rust	Test Rust workspace	2026-09-24T22:44:47.7000129Z running 9 tests
Rust	Test Rust workspace	2026-09-24T22:44:49.1900466Z test assignment_observed_before_switch_cannot_commit_against_superseded_route ... ok
Rust	Test Rust workspace	2026-09-24T22:44:52.1155918Z test authority_expiry_revocation_restart_and_candidate_generation_are_rechecked ... ok
Rust	Test Rust workspace	2026-09-24T22:44:53.8451686Z test changed_consumer_revision_preserves_history_but_cannot_reinterpret_old_route ... ok
Rust	Test Rust workspace	2026-09-24T22:44:55.2733843Z test default_catalog_does_not_apply_a_replacement_or_block_diagnostic_completion ... ok
Rust	Test Rust workspace	2026-09-24T22:44:58.2557789Z test manager_loss_during_replacement_recovers_old_or_new_without_ownership ... ok
Rust	Test Rust workspace	2026-09-24T22:44:59.7837463Z test old_source_loss_withholds_only_its_interval_while_new_and_independent_work_continue ... ok
Rust	Test Rust workspace	2026-09-24T22:45:01.2406232Z test partial_staging_rollback_and_lost_reply_leave_one_route_and_preserve_receipt ... ok
Rust	Test Rust workspace	2026-09-24T22:45:02.7510086Z test route_switch_midflight_keeps_old_version_and_new_assignments_use_new_then_return ... ok
Rust	Test Rust workspace	2026-09-24T22:45:04.2247552Z test two_concurrent_applications_from_one_base_cannot_both_win ... ok
Rust	Test Rust workspace	2026-09-24T22:45:04.2248067Z 
Rust	Test Rust workspace	2026-09-24T22:45:04.2248447Z test result: ok. 9 passed; 0 failed; 0 ignored; 0 measured; 0 filtered out; finished in 16.52s
Rust	Test Rust workspace	2026-09-24T22:45:04.2248982Z 
Rust	Test Rust workspace	2026-09-24T22:45:04.2270109Z ^[[1m^[[92m     Running^[[0m tests/resident_registration.rs (target/debug/deps/resident_registration-5f911049018dec65)
Rust	Test Rust workspace	2026-09-24T22:45:04.2283860Z 
Rust	Test Rust workspace	2026-09-24T22:45:04.2284029Z running 12 tests
Rust	Test Rust workspace	2026-09-24T22:45:04.2613507Z test resident_catalog_change_does_not_rewrite_accepted_history ... ok
Rust	Test Rust workspace	2026-09-24T22:45:04.2625196Z test resident_duplicate_selection_mapping_is_refused ... ok
Rust	Test Rust workspace	2026-09-24T22:45:04.2654052Z test resident_duplicate_registration_mapping_is_refused ... ok
Rust	Test Rust workspace	2026-09-24T22:45:04.2850419Z test resident_cross_selection_assignment_cannot_satisfy_reconciliation ... ok
Rust	Test Rust workspace	2026-09-24T22:45:04.2940805Z test resident_failure_between_registration_and_index_rolls_back_every_record ... ok
Rust	Test Rust workspace	2026-09-24T22:45:04.2974386Z test resident_failed_assignment_never_reaches_the_os_backend ... ok
Rust	Test Rust workspace	2026-09-24T22:45:04.3162890Z test resident_legacy_store_cannot_be_adopted_by_creating_registration ... ok
Rust	Test Rust workspace	2026-09-24T22:45:04.3274543Z test resident_missing_selection_is_not_automatically_registered ... ok
Rust	Test Rust workspace	2026-09-24T22:45:04.3478069Z test resident_retirement_does_not_register_a_replacement ... ok
Rust	Test Rust workspace	2026-09-24T22:45:04.3602768Z test resident_reopen_keeps_distinct_ids_and_unknown_without_pid_adoption ... ok
Rust	Test Rust workspace	2026-09-24T22:45:04.3711068Z test resident_swapped_index_cannot_adopt_another_components_execution ... ok
Rust	Test Rust workspace	2026-09-24T22:45:04.4598460Z test resident_guarded_legacy_retains_dependency_stop_order_and_never_forces ... ok
Rust	Test Rust workspace	2026-09-24T22:45:04.4599054Z 
Rust	Test Rust workspace	2026-09-24T22:45:04.4599406Z test result: ok. 12 passed; 0 failed; 0 ignored; 0 measured; 0 filtered out; finished in 0.23s
Rust	Test Rust workspace	2026-09-24T22:45:04.4599900Z 
Rust	Test Rust workspace	2026-09-24T22:45:04.4605955Z ^[[1m^[[92m     Running^[[0m tests/resource_enforcement.rs (target/debug/deps/resource_enforcement-8d1a4696dfe722c8)
Rust	Test Rust workspace	2026-09-24T22:45:04.4620560Z 
Rust	Test Rust workspace	2026-09-24T22:45:04.4620707Z running 4 tests
Rust	Test Rust workspace	2026-09-24T22:45:05.0528348Z test linux::executable_integrity_failure_is_a_named_no_application_rejection ... ok
Rust	Test Rust workspace	2026-09-24T22:45:05.7024147Z test linux::actual_rx_child_limit_is_observed_by_a_separate_process_and_binds_allocations ... ok
Rust	Test Rust workspace	2026-09-24T22:45:06.3201772Z test linux::saved_limit_history_never_restores_a_current_receipt_after_owner_loss ... ok
Rust	Test Rust workspace	2026-09-24T22:45:06.6183079Z test unsupported_reserved_capacity_rejects_the_entire_bundle ... ok
Rust	Test Rust workspace	2026-09-24T22:45:06.6183615Z 
Rust	Test Rust workspace	2026-09-24T22:45:06.6183883Z test result: ok. 4 passed; 0 failed; 0 ignored; 0 measured; 0 filtered out; finished in 2.16s
Rust	Test Rust workspace	2026-09-24T22:45:06.6184242Z 
Rust	Test Rust workspace	2026-09-24T22:45:06.6207628Z ^[[1m^[[92m     Running^[[0m tests/service_catalog.rs (target/debug/deps/service_catalog-0da2049e8db76eb8)
Rust	Test Rust workspace	2026-09-24T22:45:06.6220736Z 
Rust	Test Rust workspace	2026-09-24T22:45:06.6220876Z running 4 tests
Rust	Test Rust workspace	2026-09-24T22:45:06.6627293Z test service_names_cannot_be_paths_or_choose_programs ... ok
Rust	Test Rust workspace	2026-09-24T22:45:06.6627872Z test two_hosts_and_two_cells_resolve_fixed_binaries_and_independent_dependency_order ... ok
Rust	Test Rust workspace	2026-09-24T22:45:06.6628467Z test distinct_executor_principals_cannot_compete_for_the_same_installation_cell ... ok
Rust	Test Rust workspace	2026-09-24T22:45:06.6629145Z test each_executor_requires_matching_host_edges_and_definitions_without_cross_cell_shortcuts ... ok
Rust	Test Rust workspace	2026-09-24T22:45:06.6629725Z 
Rust	Test Rust workspace	2026-09-24T22:45:06.6630092Z test result: ok. 4 passed; 0 failed; 0 ignored; 0 measured; 0 filtered out; finished in 0.04s
Rust	Test Rust workspace	2026-09-24T22:45:06.6630613Z 
Rust	Test Rust workspace	2026-09-24T22:45:06.6631475Z ^[[1m^[[92m     Running^[[0m tests/support_limits.rs (target/debug/deps/support_limits-0c29a206f362b141)
Rust	Test Rust workspace	2026-09-24T22:45:06.6644895Z 
Rust	Test Rust workspace	2026-09-24T22:45:06.6645023Z running 1 test
Rust	Test Rust workspace	2026-09-24T22:45:07.9525918Z test failed_guarded_delivery_never_settles_without_owned_exit_and_current_final_report ... ok
Rust	Test Rust workspace	2026-09-24T22:45:07.9526373Z 
Rust	Test Rust workspace	2026-09-24T22:45:07.9526631Z test result: ok. 1 passed; 0 failed; 0 ignored; 0 measured; 0 filtered out; finished in 1.29s
Rust	Test Rust workspace	2026-09-24T22:45:07.9526958Z 
Rust	Test Rust workspace	2026-09-24T22:45:07.9532370Z ^[[1m^[[92m     Running^[[0m tests/use_assessment.rs (target/debug/deps/use_assessment-c7bda206e323f212)
Rust	Test Rust workspace	2026-09-24T22:45:07.9546544Z 
Rust	Test Rust workspace	2026-09-24T22:45:07.9546690Z running 9 tests
Rust	Test Rust workspace	2026-09-24T22:45:09.2280453Z test alive_only_and_undeclared_programs_stay_unsupported ... ok
Rust	Test Rust workspace	2026-09-24T22:45:09.9043682Z test another_instance_and_previous_assessment_response_cannot_be_promoted ... ok
Rust	Test Rust workspace	2026-09-24T22:45:10.2235393Z test declared_conditions_cannot_be_lowered_through_site_or_existing_catalog_pin ... ok
Rust	Test Rust workspace	2026-09-24T22:45:10.9223117Z test new_owner_does_not_restore_a_readiness_assessment_or_permission ... ok
Rust	Test Rust workspace	2026-09-24T22:45:11.6174811Z test not_evaluated_not_met_and_unsupported_have_named_conditions ... ok
Rust	Test Rust workspace	2026-09-24T22:45:12.9847528Z test omitted_declaration_preserves_legacy_serialization_and_closed_child_cannot_report_ready ... ok
Rust	Test Rust workspace	2026-09-24T22:45:13.6677715Z test registration_and_f1_admission_do_not_evaluate_or_grant_use ... ok
Rust	Test Rust workspace	2026-09-24T22:45:14.3514143Z test reported_area_denial_differs_from_unconnected_or_invalid_provider ... ok
Rust	Test Rust workspace	2026-09-24T22:45:15.0359148Z test reported_conditions_and_work_use_are_separate_and_read_only ... ok
Rust	Test Rust workspace	2026-09-24T22:45:15.0359734Z 
Rust	Test Rust workspace	2026-09-24T22:45:15.0360091Z test result: ok. 9 passed; 0 failed; 0 ignored; 0 measured; 0 filtered out; finished in 7.08s
Rust	Test Rust workspace	2026-09-24T22:45:15.0360581Z 
Rust	Test Rust workspace	2026-09-24T22:45:15.0380206Z ^[[1m^[[92m     Running^[[0m tests/verified_decision.rs (target/debug/deps/verified_decision-644c640356db90df)
Rust	Test Rust workspace	2026-09-24T22:45:15.0394928Z 
Rust	Test Rust workspace	2026-09-24T22:45:15.0395078Z running 9 tests
Rust	Test Rust workspace	2026-09-24T22:45:15.8169936Z test a_signed_decision_id_cannot_be_redefined_or_extended ... ok
Rust	Test Rust workspace	2026-09-24T22:45:16.1593954Z test changed_program_anchor_cannot_reopen_an_existing_registration ... ok
Rust	Test Rust workspace	2026-09-24T22:45:18.0153019Z test exact_registration_scope_generation_and_binding_are_required ... ok
Rust	Test Rust workspace	2026-09-24T22:45:19.0849454Z test expiry_is_anchored_to_challenge_and_ttl_cannot_exceed_author_policy ... ok
Rust	Test Rust workspace	2026-09-24T22:45:19.8243828Z test external_work_decision_does_not_promote_readiness_execution_or_binding ... ok
Rust	Test Rust workspace	2026-09-24T22:45:21.2958380Z test initial_and_replacement_acceptance_are_distinct_and_do_not_grant_work_or_apply_binding ... ok
Rust	Test Rust workspace	2026-09-24T22:45:22.7099600Z test receiver_loss_and_unconfigured_catalogs_cannot_restore_permission ... ok
Rust	Test Rust workspace	2026-09-24T22:45:23.4606076Z test signature_key_context_and_wire_shape_attacks_are_rejected ... ok
Rust	Test Rust workspace	2026-09-24T22:45:24.2490889Z test signed_revocation_blocks_clones_and_reimport_without_rewriting_history ... ok
Rust	Test Rust workspace	2026-09-24T22:45:24.2491740Z 
Rust	Test Rust workspace	2026-09-24T22:45:24.2492106Z test result: ok. 9 passed; 0 failed; 0 ignored; 0 measured; 0 filtered out; finished in 9.21s
Rust	Test Rust workspace	2026-09-24T22:45:24.2492583Z 
Rust	Test Rust workspace	2026-09-24T22:45:24.2514582Z ^[[1m^[[92m     Running^[[0m tests/work_use.rs (target/debug/deps/work_use-5a74f8fb572c6eb7)
Rust	Test Rust workspace	2026-09-24T22:45:24.2529654Z 
Rust	Test Rust workspace	2026-09-24T22:45:24.2529853Z running 9 tests
Rust	Test Rust workspace	2026-09-24T22:45:24.9810685Z test absent_authority_blocks_work_without_blocking_f5_diagnostics ... ok
Rust	Test Rust workspace	2026-09-24T22:45:25.7300109Z test changed_report_and_registration_between_judgment_and_cut_refuse_commit ... ok
Rust	Test Rust workspace	2026-09-24T22:45:26.5502405Z test derived_support_gap_is_actual_work_and_history_is_not_current_permission ... ok
Rust	Test Rust workspace	2026-09-24T22:45:28.4756321Z test expiry_after_logical_cut_during_commit_io_preserves_inert_result ... ok
Rust	Test Rust workspace	2026-09-24T22:45:30.2122164Z test expiry_and_revocation_before_cut_do_not_commit_or_spend ... ok
Rust	Test Rust workspace	2026-09-24T22:45:30.9254826Z test explicit_external_denial_and_missing_judgment_response_cannot_prepare_work ... ok
Rust	Test Rust workspace	2026-09-24T22:45:31.6705152Z test receiver_restart_keeps_history_but_invalidates_retained_permission ... ok
Rust	Test Rust workspace	2026-09-24T22:45:33.2944093Z test revocation_waits_for_whole_transaction_and_does_not_rewrite_completed_work ... ok
Rust	Test Rust workspace	2026-09-24T22:45:34.0425662Z test rollback_spends_nothing_and_response_loss_is_resolved_by_query_not_replay ... ok
Rust	Test Rust workspace	2026-09-24T22:45:34.0426303Z 
Rust	Test Rust workspace	2026-09-24T22:45:34.0426661Z test result: ok. 9 passed; 0 failed; 0 ignored; 0 measured; 0 filtered out; finished in 9.79s
Rust	Test Rust workspace	2026-09-24T22:45:34.0427150Z 
Rust	Test Rust workspace	2026-09-24T22:45:34.0446694Z ^[[1m^[[92m   Doc-tests^[[0m rx_device_package
Rust	Test Rust workspace	2026-09-24T22:45:34.0972136Z 
Rust	Test Rust workspace	2026-09-24T22:45:34.0973398Z running 0 tests
Rust	Test Rust workspace	2026-09-24T22:45:34.0973705Z 
Rust	Test Rust workspace	2026-09-24T22:45:34.0974015Z test result: ok. 0 passed; 0 failed; 0 ignored; 0 measured; 0 filtered out; finished in 0.00s
Rust	Test Rust workspace	2026-09-24T22:45:34.0974387Z 
Rust	Test Rust workspace	2026-09-24T22:45:34.0992246Z ^[[1m^[[92m   Doc-tests^[[0m rx_executor
Rust	Test Rust workspace	2026-09-24T22:45:34.3250683Z 
Rust	Test Rust workspace	2026-09-24T22:45:34.3251543Z running 0 tests
Rust	Test Rust workspace	2026-09-24T22:45:34.3251815Z 
Rust	Test Rust workspace	2026-09-24T22:45:34.3252113Z test result: ok. 0 passed; 0 failed; 0 ignored; 0 measured; 0 filtered out; finished in 0.00s
Rust	Test Rust workspace	2026-09-24T22:45:34.3252477Z 
Rust	Test Rust workspace	2026-09-24T22:45:34.3270660Z ^[[1m^[[92m   Doc-tests^[[0m rx_host
Rust	Test Rust workspace	2026-09-24T22:45:34.7542806Z 
Rust	Test Rust workspace	2026-09-24T22:45:34.7543318Z running 0 tests
Rust	Test Rust workspace	2026-09-24T22:45:34.7543581Z 
Rust	Test Rust workspace	2026-09-24T22:45:34.7543996Z test result: ok. 0 passed; 0 failed; 0 ignored; 0 measured; 0 filtered out; finished in 0.00s
Rust	Test Rust workspace	2026-09-24T22:45:34.7544553Z 
Rust	Test Rust workspace	2026-09-24T22:45:34.7564079Z ^[[1m^[[92m   Doc-tests^[[0m rx_melsec_mc
Rust	Test Rust workspace	2026-09-24T22:45:34.7931461Z 
Rust	Test Rust workspace	2026-09-24T22:45:34.7931907Z running 0 tests
Rust	Test Rust workspace	2026-09-24T22:45:34.7932161Z 
Rust	Test Rust workspace	2026-09-24T22:45:34.7932568Z test result: ok. 0 passed; 0 failed; 0 ignored; 0 measured; 0 filtered out; finished in 0.00s
Rust	Test Rust workspace	2026-09-24T22:45:34.7933131Z 
Rust	Test Rust workspace	2026-09-24T22:45:34.7950565Z ^[[1m^[[92m   Doc-tests^[[0m rx_process
Rust	Test Rust workspace	2026-09-24T22:45:34.8195585Z 
Rust	Test Rust workspace	2026-09-24T22:45:34.8196057Z running 0 tests
Rust	Test Rust workspace	2026-09-24T22:45:34.8196274Z 
Rust	Test Rust workspace	2026-09-24T22:45:34.8196558Z test result: ok. 0 passed; 0 failed; 0 ignored; 0 measured; 0 filtered out; finished in 0.00s
Rust	Test Rust workspace	2026-09-24T22:45:34.8196907Z 
Rust	Test Rust workspace	2026-09-24T22:45:34.8217316Z ^[[1m^[[92m   Doc-tests^[[0m rx_process_package
Rust	Test Rust workspace	2026-09-24T22:45:34.8604650Z 
Rust	Test Rust workspace	2026-09-24T22:45:34.8605209Z running 0 tests
Rust	Test Rust workspace	2026-09-24T22:45:34.8605415Z 
Rust	Test Rust workspace	2026-09-24T22:45:34.8605701Z test result: ok. 0 passed; 0 failed; 0 ignored; 0 measured; 0 filtered out; finished in 0.00s
Rust	Test Rust workspace	2026-09-24T22:45:34.8606065Z 
Rust	Test Rust workspace	2026-09-24T22:45:34.8623826Z ^[[1m^[[92m   Doc-tests^[[0m rx_service_status
Rust	Test Rust workspace	2026-09-24T22:45:34.9079813Z 
Rust	Test Rust workspace	2026-09-24T22:45:34.9080219Z running 0 tests
Rust	Test Rust workspace	2026-09-24T22:45:34.9080475Z 
Rust	Test Rust workspace	2026-09-24T22:45:34.9080904Z test result: ok. 0 passed; 0 failed; 0 ignored; 0 measured; 0 filtered out; finished in 0.00s
Rust	Test Rust workspace	2026-09-24T22:45:34.9081997Z 
Rust	Test Rust workspace	2026-09-24T22:45:34.9098296Z ^[[1m^[[92m   Doc-tests^[[0m rx_solution_catalog
Rust	Test Rust workspace	2026-09-24T22:45:34.9569218Z 
Rust	Test Rust workspace	2026-09-24T22:45:34.9569806Z running 0 tests
Rust	Test Rust workspace	2026-09-24T22:45:34.9570012Z 
Rust	Test Rust workspace	2026-09-24T22:45:34.9570299Z test result: ok. 0 passed; 0 failed; 0 ignored; 0 measured; 0 filtered out; finished in 0.00s
Rust	Test Rust workspace	2026-09-24T22:45:34.9570660Z 
Rust	Test Rust workspace	2026-09-24T22:45:34.9587034Z ^[[1m^[[92m   Doc-tests^[[0m rx_supervisor
Rust	Test Rust workspace	2026-09-24T22:45:35.2651764Z 
Rust	Test Rust workspace	2026-09-24T22:45:35.2652316Z running 18 tests
Rust	Test Rust workspace	2026-09-24T22:45:35.3157314Z test runtime/rx-supervisor/src/operating_area.rs - operating_area (line 10) - compile fail ... ok
Rust	Test Rust workspace	2026-09-24T22:45:35.3192574Z test runtime/rx-supervisor/src/operating_area.rs - operating_area (line 16) - compile fail ... ok
Rust	Test Rust workspace	2026-09-24T22:45:35.3342796Z test runtime/rx-supervisor/src/operating_area.rs - operating_area (line 19) - compile fail ... ok
Rust	Test Rust workspace	2026-09-24T22:45:35.3402767Z test runtime/rx-supervisor/src/operating_area.rs - operating_area (line 13) - compile fail ... ok
Rust	Test Rust workspace	2026-09-24T22:45:35.3623705Z test runtime/rx-supervisor/src/operating_area.rs - operating_area (line 4) - compile fail ... ok
Rust	Test Rust workspace	2026-09-24T22:45:35.3792715Z test runtime/rx-supervisor/src/operating_area.rs - operating_area (line 7) - compile fail ... ok
Rust	Test Rust workspace	2026-09-24T22:45:35.3823292Z test runtime/rx-supervisor/src/registration/diagnostic/replacement.rs - registration::diagnostic::replacement::PreparedReplacement (line 76) - compile fail ... ok
Rust	Test Rust workspace	2026-09-24T22:45:35.3920255Z test runtime/rx-supervisor/src/registration/diagnostic/replacement.rs - registration::diagnostic::replacement::PreparedReplacement (line 72) - compile fail ... ok
Rust	Test Rust workspace	2026-09-24T22:45:35.4154011Z test runtime/rx-supervisor/src/registration/diagnostic/replacement.rs - registration::diagnostic::replacement::PreparedReplacement (line 80) - compile fail ... ok
Rust	Test Rust workspace	2026-09-24T22:45:35.4202034Z test runtime/rx-supervisor/src/registration/diagnostic/replacement.rs - registration::diagnostic::replacement::PreparedReplacement (line 84) - compile fail ... ok
Rust	Test Rust workspace	2026-09-24T22:45:35.4373199Z test runtime/rx-supervisor/src/registration/recovery.rs - registration::recovery::ProcessInvestigation (line 12) - compile fail ... ok
Rust	Test Rust workspace	2026-09-24T22:45:35.4402356Z test runtime/rx-supervisor/src/registration/recovery.rs - registration::recovery::ProcessInvestigation (line 17) - compile fail ... ok
Rust	Test Rust workspace	2026-09-24T22:45:35.4713760Z test runtime/rx-supervisor/src/registration/recovery.rs - registration::recovery::ProcessInvestigation (line 8) - compile fail ... ok
Rust	Test Rust workspace	2026-09-24T22:45:35.4772791Z test runtime/rx-supervisor/src/registration/recovery.rs - registration::recovery::Registry<R>::investigate (line 494) - compile fail ... ok
Rust	Test Rust workspace	2026-09-24T22:45:35.4832425Z test runtime/rx-supervisor/src/work_use.rs - work_use::Prepared (line 66) - compile fail ... ok
Rust	Test Rust workspace	2026-09-24T22:45:35.4891661Z test runtime/rx-supervisor/src/work_use.rs - work_use::Prepared (line 62) - compile fail ... ok
Rust	Test Rust workspace	2026-09-24T22:45:35.5126203Z test runtime/rx-supervisor/src/work_use.rs - work_use::Prepared (line 70) - compile fail ... ok
Rust	Test Rust workspace	2026-09-24T22:45:35.5144871Z test runtime/rx-supervisor/src/work_use.rs - work_use::Prepared (line 74) - compile fail ... ok
Rust	Test Rust workspace	2026-09-24T22:45:35.5145463Z 
Rust	Test Rust workspace	2026-09-24T22:45:35.5146159Z test result: ok. 18 passed; 0 failed; 0 ignored; 0 measured; 0 filtered out; finished in 0.25s
Rust	Test Rust workspace	2026-09-24T22:45:35.5146682Z 
Rust	Post Run actions/cache@0057852bfaa89a56745cba8c7296529d2fc39830	﻿2026-09-24T22:45:35.5901835Z Post job cleanup.
Rust	Post Run actions/cache@0057852bfaa89a56745cba8c7296529d2fc39830	2026-09-24T22:45:35.7024397Z (node:21112) [DEP0040] DeprecationWarning: The `punycode` module is deprecated. Please use a userland alternative instead.
Rust	Post Run actions/cache@0057852bfaa89a56745cba8c7296529d2fc39830	2026-09-24T22:45:35.7025387Z (Use `node --trace-deprecation ...` to show where the warning was created)
Rust	Post Run actions/cache@0057852bfaa89a56745cba8c7296529d2fc39830	2026-09-24T22:45:35.7215386Z [command]/usr/bin/tar --posix -cf cache.tzst --exclude cache.tzst -P -C /home/runner/work/rx-solutions/rx-solutions --files-from manifest.txt --use-compress-program zstdmt
Rust	Post Run actions/cache@0057852bfaa89a56745cba8c7296529d2fc39830	2026-09-24T22:46:05.3377392Z (node:21112) [DEP0169] DeprecationWarning: `url.parse()` behavior is not standardized and prone to errors that have security implications. Use the WHATWG URL API instead. CVEs are not issued for `url.parse()` vulnerabilities.
Rust	Post Run actions/cache@0057852bfaa89a56745cba8c7296529d2fc39830	2026-09-24T22:46:06.3207379Z Sent 67108864 of 3047976189 (2.2%), 64.0 MBs/sec
Rust	Post Run actions/cache@0057852bfaa89a56745cba8c7296529d2fc39830	2026-09-24T22:46:07.3242297Z Sent 536870912 of 3047976189 (17.6%), 255.6 MBs/sec
Rust	Post Run actions/cache@0057852bfaa89a56745cba8c7296529d2fc39830	2026-09-24T22:46:08.3252594Z Sent 1006632960 of 3047976189 (33.0%), 319.7 MBs/sec
Rust	Post Run actions/cache@0057852bfaa89a56745cba8c7296529d2fc39830	2026-09-24T22:46:09.3262527Z Sent 1476395008 of 3047976189 (48.4%), 351.6 MBs/sec
Rust	Post Run actions/cache@0057852bfaa89a56745cba8c7296529d2fc39830	2026-09-24T22:46:10.3249470Z Sent 1946157056 of 3047976189 (63.9%), 370.9 MBs/sec
Rust	Post Run actions/cache@0057852bfaa89a56745cba8c7296529d2fc39830	2026-09-24T22:46:11.3247243Z Sent 2483027968 of 3047976189 (81.5%), 394.4 MBs/sec
Rust	Post Run actions/cache@0057852bfaa89a56745cba8c7296529d2fc39830	2026-09-24T22:46:12.3257582Z Sent 2846649597 of 3047976189 (93.4%), 387.5 MBs/sec
Rust	Post Run actions/cache@0057852bfaa89a56745cba8c7296529d2fc39830	2026-09-24T22:46:13.3260852Z Sent 2980867325 of 3047976189 (97.8%), 355.1 MBs/sec
Rust	Post Run actions/cache@0057852bfaa89a56745cba8c7296529d2fc39830	2026-09-24T22:46:13.8572922Z Sent 3047976189 of 3047976189 (100.0%), 340.5 MBs/sec
Rust	Post Run actions/cache@0057852bfaa89a56745cba8c7296529d2fc39830	2026-09-24T22:46:14.1181719Z Cache saved with key: Linux-X64-rust-c37fb6ecfc6723c3b040d1b729706ebd40a52d64552cdfda4ee9c3fc53abbff0
Rust	Post Run actions/checkout@11d5960a326750d5838078e36cf38b85af677262	﻿2026-09-24T22:46:14.1372159Z Post job cleanup.
Rust	Post Run actions/checkout@11d5960a326750d5838078e36cf38b85af677262	2026-09-24T22:46:14.2316269Z [command]/usr/bin/git version
Rust	Post Run actions/checkout@11d5960a326750d5838078e36cf38b85af677262	2026-09-24T22:46:14.2362653Z git version 2.55.0
Rust	Post Run actions/checkout@11d5960a326750d5838078e36cf38b85af677262	2026-09-24T22:46:14.2400053Z Temporarily overriding HOME='/home/runner/work/_temp/0f6e944a-4328-4cc3-8cda-16511d9e2122' before making global git config changes
Rust	Post Run actions/checkout@11d5960a326750d5838078e36cf38b85af677262	2026-09-24T22:46:14.2401916Z Adding repository directory to the temporary git global config as a safe directory
Rust	Post Run actions/checkout@11d5960a326750d5838078e36cf38b85af677262	2026-09-24T22:46:14.2405885Z [command]/usr/bin/git config --global --add safe.directory /home/runner/work/rx-solutions/rx-solutions
Rust	Post Run actions/checkout@11d5960a326750d5838078e36cf38b85af677262	2026-09-24T22:46:14.2446239Z [command]/usr/bin/git config --local --name-only --get-regexp core\.sshCommand
Rust	Post Run actions/checkout@11d5960a326750d5838078e36cf38b85af677262	2026-09-24T22:46:14.2481963Z [command]/usr/bin/git submodule foreach --recursive sh -c "git config --local --name-only --get-regexp 'core\.sshCommand' && git config --local --unset-all 'core.sshCommand' || :"
Rust	Post Run actions/checkout@11d5960a326750d5838078e36cf38b85af677262	2026-09-24T22:46:14.2802365Z [command]/usr/bin/git config --local --name-only --get-regexp http\.https\:\/\/github\.com\/\.extraheader
Rust	Post Run actions/checkout@11d5960a326750d5838078e36cf38b85af677262	2026-09-24T22:46:14.2851909Z [command]/usr/bin/git submodule foreach --recursive sh -c "git config --local --name-only --get-regexp 'http\.https\:\/\/github\.com\/\.extraheader' && git config --local --unset-all 'http.https://github.com/.extraheader' || :"
Rust	Post Run actions/checkout@11d5960a326750d5838078e36cf38b85af677262	2026-09-24T22:46:14.3141957Z [command]/usr/bin/git config --local --name-only --get-regexp ^includeIf\.gitdir:
Rust	Post Run actions/checkout@11d5960a326750d5838078e36cf38b85af677262	2026-09-24T22:46:14.3180125Z [command]/usr/bin/git submodule foreach --recursive git config --local --show-origin --name-only --get-regexp remote.origin.url
Rust	Complete job	﻿2026-09-24T22:46:14.3590808Z Cleaning up orphan processes
Rust	Complete job	2026-09-24T22:46:14.3935412Z ##[warning]Node.js 20 is deprecated. The following actions target Node.js 20 but are being forced to run on Node.js 24: actions/cache@0057852bfaa89a56745cba8c7296529d2fc39830, actions/checkout@11d5960a326750d5838078e36cf38b85af677262. For more information see: https://github.blog/changelog/2025-09-19-deprecation-of-node-20-on-github-actions-runners/
Operator app	Set up job	﻿2026-09-24T22:40:57.1653797Z Current runner version: '2.337.0'
Operator app	Set up job	2026-09-24T22:40:57.1678155Z ##[group]Runner Image Provisioner
Operator app	Set up job	2026-09-24T22:40:57.1679239Z Hosted Compute Agent
Operator app	Set up job	2026-09-24T22:40:57.1679864Z Version: 20260828.587
Operator app	Set up job	2026-09-24T22:40:57.1680534Z Commit: abac92662cab4cc7352de4f9f9d2e2419aad9c29
Operator app	Set up job	2026-09-24T22:40:57.1681697Z Build Date: 2026-08-28T16:44:25Z
Operator app	Set up job	2026-09-24T22:40:57.1682419Z Worker ID: {040c9f8f-ee8c-466e-9c2d-c36239392b34}
Operator app	Set up job	2026-09-24T22:40:57.1683205Z Azure Region: westus2
Operator app	Set up job	2026-09-24T22:40:57.1683801Z ##[endgroup]
Operator app	Set up job	2026-09-24T22:40:57.1685460Z ##[group]Operating System
Operator app	Set up job	2026-09-24T22:40:57.1686202Z Ubuntu
Operator app	Set up job	2026-09-24T22:40:57.1686778Z 24.04.5
Operator app	Set up job	2026-09-24T22:40:57.1687335Z LTS
Operator app	Set up job	2026-09-24T22:40:57.1687878Z ##[endgroup]
Operator app	Set up job	2026-09-24T22:40:57.1688477Z ##[group]Runner Image
Operator app	Set up job	2026-09-24T22:40:57.1689133Z Image: ubuntu-24.04
Operator app	Set up job	2026-09-24T22:40:57.1689708Z Version: 20260920.314.1
Operator app	Set up job	2026-09-24T22:40:57.1691326Z Included Software: https://github.com/actions/runner-images/blob/ubuntu24/20260920.314/images/ubuntu/Ubuntu2404-Readme.md
Operator app	Set up job	2026-09-24T22:40:57.1693263Z Image Release: https://github.com/actions/runner-images/releases/tag/ubuntu24%2F20260920.314
Operator app	Set up job	2026-09-24T22:40:57.1694338Z ##[endgroup]
Operator app	Set up job	2026-09-24T22:40:57.1695462Z ##[group]GITHUB_TOKEN Permissions
Operator app	Set up job	2026-09-24T22:40:57.1697397Z Contents: read
Operator app	Set up job	2026-09-24T22:40:57.1698118Z Metadata: read
Operator app	Set up job	2026-09-24T22:40:57.1698680Z ##[endgroup]
Operator app	Set up job	2026-09-24T22:40:57.1700781Z Secret source: Actions
Operator app	Set up job	2026-09-24T22:40:57.1702039Z Cache mode: write
Operator app	Set up job	2026-09-24T22:40:57.1702899Z Prepare workflow directory
Operator app	Set up job	2026-09-24T22:40:57.2166879Z Prepare all required actions
Operator app	Set up job	2026-09-24T22:40:57.2216138Z Getting action download info
Operator app	Set up job	2026-09-24T22:40:57.6173302Z Download action repository 'actions/checkout@11d5960a326750d5838078e36cf38b85af677262' (SHA:11d5960a326750d5838078e36cf38b85af677262)
Operator app	Set up job	2026-09-24T22:40:57.7245093Z Download action repository 'actions/setup-node@49933ea5288caeca8642d1e84afbd3f7d6820020' (SHA:49933ea5288caeca8642d1e84afbd3f7d6820020)
Operator app	Set up job	2026-09-24T22:40:57.9153647Z Complete job name: Operator app
Operator app	Run actions/checkout@11d5960a326750d5838078e36cf38b85af677262	﻿2026-09-24T22:40:57.9921263Z ##[group]Run actions/checkout@11d5960a326750d5838078e36cf38b85af677262
Operator app	Run actions/checkout@11d5960a326750d5838078e36cf38b85af677262	2026-09-24T22:40:57.9922389Z with:
Operator app	Run actions/checkout@11d5960a326750d5838078e36cf38b85af677262	2026-09-24T22:40:57.9922864Z   persist-credentials: false
Operator app	Run actions/checkout@11d5960a326750d5838078e36cf38b85af677262	2026-09-24T22:40:57.9923422Z   repository: jack0682/rx-solutions
Operator app	Run actions/checkout@11d5960a326750d5838078e36cf38b85af677262	2026-09-24T22:40:57.9927487Z   token: ***
Operator app	Run actions/checkout@11d5960a326750d5838078e36cf38b85af677262	2026-09-24T22:40:57.9927939Z   ssh-strict: true
Operator app	Run actions/checkout@11d5960a326750d5838078e36cf38b85af677262	2026-09-24T22:40:57.9928399Z   ssh-user: git
Operator app	Run actions/checkout@11d5960a326750d5838078e36cf38b85af677262	2026-09-24T22:40:57.9928842Z   clean: true
Operator app	Run actions/checkout@11d5960a326750d5838078e36cf38b85af677262	2026-09-24T22:40:57.9929309Z   sparse-checkout-cone-mode: true
Operator app	Run actions/checkout@11d5960a326750d5838078e36cf38b85af677262	2026-09-24T22:40:57.9929851Z   fetch-depth: 1
Operator app	Run actions/checkout@11d5960a326750d5838078e36cf38b85af677262	2026-09-24T22:40:57.9930308Z   fetch-tags: false
Operator app	Run actions/checkout@11d5960a326750d5838078e36cf38b85af677262	2026-09-24T22:40:57.9930769Z   show-progress: true
Operator app	Run actions/checkout@11d5960a326750d5838078e36cf38b85af677262	2026-09-24T22:40:57.9931436Z   lfs: false
Operator app	Run actions/checkout@11d5960a326750d5838078e36cf38b85af677262	2026-09-24T22:40:57.9931875Z   submodules: false
Operator app	Run actions/checkout@11d5960a326750d5838078e36cf38b85af677262	2026-09-24T22:40:57.9932360Z   set-safe-directory: true
Operator app	Run actions/checkout@11d5960a326750d5838078e36cf38b85af677262	2026-09-24T22:40:57.9932898Z   allow-unsafe-pr-checkout: false
Operator app	Run actions/checkout@11d5960a326750d5838078e36cf38b85af677262	2026-09-24T22:40:57.9933703Z ##[endgroup]
Operator app	Run actions/checkout@11d5960a326750d5838078e36cf38b85af677262	2026-09-24T22:40:58.0941838Z Syncing repository: jack0682/rx-solutions
Operator app	Run actions/checkout@11d5960a326750d5838078e36cf38b85af677262	2026-09-24T22:40:58.0944435Z ##[group]Getting Git version info
Operator app	Run actions/checkout@11d5960a326750d5838078e36cf38b85af677262	2026-09-24T22:40:58.0945346Z Working directory is '/home/runner/work/rx-solutions/rx-solutions'
Operator app	Run actions/checkout@11d5960a326750d5838078e36cf38b85af677262	2026-09-24T22:40:58.0946399Z [command]/usr/bin/git version
Operator app	Run actions/checkout@11d5960a326750d5838078e36cf38b85af677262	2026-09-24T22:40:58.1043655Z git version 2.55.0
Operator app	Run actions/checkout@11d5960a326750d5838078e36cf38b85af677262	2026-09-24T22:40:58.1064661Z ##[endgroup]
Operator app	Run actions/checkout@11d5960a326750d5838078e36cf38b85af677262	2026-09-24T22:40:58.1079771Z Temporarily overriding HOME='/home/runner/work/_temp/4ddd1498-bd6e-4610-87d5-ae77681b1f71' before making global git config changes
Operator app	Run actions/checkout@11d5960a326750d5838078e36cf38b85af677262	2026-09-24T22:40:58.1082406Z Adding repository directory to the temporary git global config as a safe directory
Operator app	Run actions/checkout@11d5960a326750d5838078e36cf38b85af677262	2026-09-24T22:40:58.1085560Z [command]/usr/bin/git config --global --add safe.directory /home/runner/work/rx-solutions/rx-solutions
Operator app	Run actions/checkout@11d5960a326750d5838078e36cf38b85af677262	2026-09-24T22:40:58.1144934Z Deleting the contents of '/home/runner/work/rx-solutions/rx-solutions'
Operator app	Run actions/checkout@11d5960a326750d5838078e36cf38b85af677262	2026-09-24T22:40:58.1154303Z ##[group]Initializing the repository
Operator app	Run actions/checkout@11d5960a326750d5838078e36cf38b85af677262	2026-09-24T22:40:58.1164325Z [command]/usr/bin/git init /home/runner/work/rx-solutions/rx-solutions
Operator app	Run actions/checkout@11d5960a326750d5838078e36cf38b85af677262	2026-09-24T22:40:58.1266852Z hint: Using 'master' as the name for the initial branch. This default branch name
Operator app	Run actions/checkout@11d5960a326750d5838078e36cf38b85af677262	2026-09-24T22:40:58.1269147Z hint: will change to "main" in Git 3.0. To configure the initial branch name
Operator app	Run actions/checkout@11d5960a326750d5838078e36cf38b85af677262	2026-09-24T22:40:58.1271131Z hint: to use in all of your new repositories, which will suppress this warning,
Operator app	Run actions/checkout@11d5960a326750d5838078e36cf38b85af677262	2026-09-24T22:40:58.1272666Z hint: call:
Operator app	Run actions/checkout@11d5960a326750d5838078e36cf38b85af677262	2026-09-24T22:40:58.1273676Z hint:
Operator app	Run actions/checkout@11d5960a326750d5838078e36cf38b85af677262	2026-09-24T22:40:58.1274742Z hint: 	git config --global init.defaultBranch <name>
Operator app	Run actions/checkout@11d5960a326750d5838078e36cf38b85af677262	2026-09-24T22:40:58.1275998Z hint:
Operator app	Run actions/checkout@11d5960a326750d5838078e36cf38b85af677262	2026-09-24T22:40:58.1277225Z hint: Names commonly chosen instead of 'master' are 'main', 'trunk' and
Operator app	Run actions/checkout@11d5960a326750d5838078e36cf38b85af677262	2026-09-24T22:40:58.1279017Z hint: 'development'. The just-created branch can be renamed via this command:
Operator app	Run actions/checkout@11d5960a326750d5838078e36cf38b85af677262	2026-09-24T22:40:58.1280515Z hint:
Operator app	Run actions/checkout@11d5960a326750d5838078e36cf38b85af677262	2026-09-24T22:40:58.1281614Z hint: 	git branch -m <name>
Operator app	Run actions/checkout@11d5960a326750d5838078e36cf38b85af677262	2026-09-24T22:40:58.1282443Z hint:
Operator app	Run actions/checkout@11d5960a326750d5838078e36cf38b85af677262	2026-09-24T22:40:58.1283492Z hint: Disable this message with "git config set advice.defaultBranchName false"
Operator app	Run actions/checkout@11d5960a326750d5838078e36cf38b85af677262	2026-09-24T22:40:58.1285351Z Initialized empty Git repository in /home/runner/work/rx-solutions/rx-solutions/.git/
Operator app	Run actions/checkout@11d5960a326750d5838078e36cf38b85af677262	2026-09-24T22:40:58.1289097Z [command]/usr/bin/git remote add origin https://github.com/jack0682/rx-solutions
Operator app	Run actions/checkout@11d5960a326750d5838078e36cf38b85af677262	2026-09-24T22:40:58.1398955Z ##[endgroup]
Operator app	Run actions/checkout@11d5960a326750d5838078e36cf38b85af677262	2026-09-24T22:40:58.1400474Z ##[group]Disabling automatic garbage collection
Operator app	Run actions/checkout@11d5960a326750d5838078e36cf38b85af677262	2026-09-24T22:40:58.1413922Z [command]/usr/bin/git config --local gc.auto 0
Operator app	Run actions/checkout@11d5960a326750d5838078e36cf38b85af677262	2026-09-24T22:40:58.1451470Z ##[endgroup]
Operator app	Run actions/checkout@11d5960a326750d5838078e36cf38b85af677262	2026-09-24T22:40:58.1452777Z ##[group]Setting up auth
Operator app	Run actions/checkout@11d5960a326750d5838078e36cf38b85af677262	2026-09-24T22:40:58.1463121Z [command]/usr/bin/git config --local --name-only --get-regexp core\.sshCommand
Operator app	Run actions/checkout@11d5960a326750d5838078e36cf38b85af677262	2026-09-24T22:40:58.1504622Z [command]/usr/bin/git submodule foreach --recursive sh -c "git config --local --name-only --get-regexp 'core\.sshCommand' && git config --local --unset-all 'core.sshCommand' || :"
Operator app	Run actions/checkout@11d5960a326750d5838078e36cf38b85af677262	2026-09-24T22:40:58.1909695Z [command]/usr/bin/git config --local --name-only --get-regexp http\.https\:\/\/github\.com\/\.extraheader
Operator app	Run actions/checkout@11d5960a326750d5838078e36cf38b85af677262	2026-09-24T22:40:58.1946796Z [command]/usr/bin/git submodule foreach --recursive sh -c "git config --local --name-only --get-regexp 'http\.https\:\/\/github\.com\/\.extraheader' && git config --local --unset-all 'http.https://github.com/.extraheader' || :"
Operator app	Run actions/checkout@11d5960a326750d5838078e36cf38b85af677262	2026-09-24T22:40:58.2174772Z [command]/usr/bin/git config --local --name-only --get-regexp ^includeIf\.gitdir:
Operator app	Run actions/checkout@11d5960a326750d5838078e36cf38b85af677262	2026-09-24T22:40:58.2218221Z [command]/usr/bin/git submodule foreach --recursive git config --local --show-origin --name-only --get-regexp remote.origin.url
Operator app	Run actions/checkout@11d5960a326750d5838078e36cf38b85af677262	2026-09-24T22:40:58.2476996Z [command]/usr/bin/git config --local http.https://github.com/.extraheader AUTHORIZATION: basic ***
Operator app	Run actions/checkout@11d5960a326750d5838078e36cf38b85af677262	2026-09-24T22:40:58.2523174Z ##[endgroup]
Operator app	Run actions/checkout@11d5960a326750d5838078e36cf38b85af677262	2026-09-24T22:40:58.2524859Z ##[group]Fetching the repository
Operator app	Run actions/checkout@11d5960a326750d5838078e36cf38b85af677262	2026-09-24T22:40:58.2534929Z [command]/usr/bin/git -c protocol.version=2 fetch --no-tags --prune --no-recurse-submodules --depth=1 origin +ed3d90f9bd1e54e78023b77ae399b4d237c8e4b4:refs/remotes/origin/develop
Operator app	Run actions/checkout@11d5960a326750d5838078e36cf38b85af677262	2026-09-24T22:40:58.7217141Z From https://github.com/jack0682/rx-solutions
Operator app	Run actions/checkout@11d5960a326750d5838078e36cf38b85af677262	2026-09-24T22:40:58.7219650Z  * [new ref]         ed3d90f9bd1e54e78023b77ae399b4d237c8e4b4 -> origin/develop
Operator app	Run actions/checkout@11d5960a326750d5838078e36cf38b85af677262	2026-09-24T22:40:58.7224356Z ##[endgroup]
Operator app	Run actions/checkout@11d5960a326750d5838078e36cf38b85af677262	2026-09-24T22:40:58.7226353Z ##[group]Determining the checkout info
Operator app	Run actions/checkout@11d5960a326750d5838078e36cf38b85af677262	2026-09-24T22:40:58.7228898Z ##[endgroup]
Operator app	Run actions/checkout@11d5960a326750d5838078e36cf38b85af677262	2026-09-24T22:40:58.7235517Z [command]/usr/bin/git sparse-checkout disable
Operator app	Run actions/checkout@11d5960a326750d5838078e36cf38b85af677262	2026-09-24T22:40:58.7289733Z [command]/usr/bin/git config --local --unset-all extensions.worktreeConfig
Operator app	Run actions/checkout@11d5960a326750d5838078e36cf38b85af677262	2026-09-24T22:40:58.7324260Z ##[group]Checking out the ref
Operator app	Run actions/checkout@11d5960a326750d5838078e36cf38b85af677262	2026-09-24T22:40:58.7329423Z [command]/usr/bin/git checkout --progress --force -B develop refs/remotes/origin/develop
Operator app	Run actions/checkout@11d5960a326750d5838078e36cf38b85af677262	2026-09-24T22:40:58.7824598Z Switched to a new branch 'develop'
Operator app	Run actions/checkout@11d5960a326750d5838078e36cf38b85af677262	2026-09-24T22:40:58.7831155Z branch 'develop' set up to track 'origin/develop'.
Operator app	Run actions/checkout@11d5960a326750d5838078e36cf38b85af677262	2026-09-24T22:40:58.7837470Z ##[endgroup]
Operator app	Run actions/checkout@11d5960a326750d5838078e36cf38b85af677262	2026-09-24T22:40:58.7883893Z [command]/usr/bin/git log -1 --format=%H
Operator app	Run actions/checkout@11d5960a326750d5838078e36cf38b85af677262	2026-09-24T22:40:58.7910620Z ed3d90f9bd1e54e78023b77ae399b4d237c8e4b4
Operator app	Run actions/checkout@11d5960a326750d5838078e36cf38b85af677262	2026-09-24T22:40:58.7920577Z ##[group]Removing auth
Operator app	Run actions/checkout@11d5960a326750d5838078e36cf38b85af677262	2026-09-24T22:40:58.7924118Z [command]/usr/bin/git config --local --name-only --get-regexp core\.sshCommand
Operator app	Run actions/checkout@11d5960a326750d5838078e36cf38b85af677262	2026-09-24T22:40:58.7955534Z [command]/usr/bin/git submodule foreach --recursive sh -c "git config --local --name-only --get-regexp 'core\.sshCommand' && git config --local --unset-all 'core.sshCommand' || :"
Operator app	Run actions/checkout@11d5960a326750d5838078e36cf38b85af677262	2026-09-24T22:40:58.8198131Z [command]/usr/bin/git config --local --name-only --get-regexp http\.https\:\/\/github\.com\/\.extraheader
Operator app	Run actions/checkout@11d5960a326750d5838078e36cf38b85af677262	2026-09-24T22:40:58.8231235Z http.https://github.com/.extraheader
Operator app	Run actions/checkout@11d5960a326750d5838078e36cf38b85af677262	2026-09-24T22:40:58.8238320Z [command]/usr/bin/git config --local --unset-all http.https://github.com/.extraheader
Operator app	Run actions/checkout@11d5960a326750d5838078e36cf38b85af677262	2026-09-24T22:40:58.8277292Z [command]/usr/bin/git submodule foreach --recursive sh -c "git config --local --name-only --get-regexp 'http\.https\:\/\/github\.com\/\.extraheader' && git config --local --unset-all 'http.https://github.com/.extraheader' || :"
Operator app	Run actions/checkout@11d5960a326750d5838078e36cf38b85af677262	2026-09-24T22:40:58.8499065Z [command]/usr/bin/git config --local --name-only --get-regexp ^includeIf\.gitdir:
Operator app	Run actions/checkout@11d5960a326750d5838078e36cf38b85af677262	2026-09-24T22:40:58.8532013Z [command]/usr/bin/git submodule foreach --recursive git config --local --show-origin --name-only --get-regexp remote.origin.url
Operator app	Run actions/checkout@11d5960a326750d5838078e36cf38b85af677262	2026-09-24T22:40:58.8749806Z ##[endgroup]
Operator app	Run actions/setup-node@49933ea5288caeca8642d1e84afbd3f7d6820020	﻿2026-09-24T22:40:58.9058803Z ##[group]Run actions/setup-node@49933ea5288caeca8642d1e84afbd3f7d6820020
Operator app	Run actions/setup-node@49933ea5288caeca8642d1e84afbd3f7d6820020	2026-09-24T22:40:58.9060044Z with:
Operator app	Run actions/setup-node@49933ea5288caeca8642d1e84afbd3f7d6820020	2026-09-24T22:40:58.9060759Z   node-version: 24
Operator app	Run actions/setup-node@49933ea5288caeca8642d1e84afbd3f7d6820020	2026-09-24T22:40:58.9061823Z   cache: npm
Operator app	Run actions/setup-node@49933ea5288caeca8642d1e84afbd3f7d6820020	2026-09-24T22:40:58.9062717Z   cache-dependency-path: apps/operator/package-lock.json
Operator app	Run actions/setup-node@49933ea5288caeca8642d1e84afbd3f7d6820020	2026-09-24T22:40:58.9063772Z   always-auth: false
Operator app	Run actions/setup-node@49933ea5288caeca8642d1e84afbd3f7d6820020	2026-09-24T22:40:58.9064523Z   check-latest: false
Operator app	Run actions/setup-node@49933ea5288caeca8642d1e84afbd3f7d6820020	2026-09-24T22:40:58.9069657Z   token: ***
Operator app	Run actions/setup-node@49933ea5288caeca8642d1e84afbd3f7d6820020	2026-09-24T22:40:58.9070354Z ##[endgroup]
Operator app	Run actions/setup-node@49933ea5288caeca8642d1e84afbd3f7d6820020	2026-09-24T22:40:59.0490852Z Found in cache @ /opt/hostedtoolcache/node/24.21.0/x64
Operator app	Run actions/setup-node@49933ea5288caeca8642d1e84afbd3f7d6820020	2026-09-24T22:40:59.0494951Z (node:2306) [DEP0040] DeprecationWarning: The `punycode` module is deprecated. Please use a userland alternative instead.
Operator app	Run actions/setup-node@49933ea5288caeca8642d1e84afbd3f7d6820020	2026-09-24T22:40:59.0498098Z (Use `node --trace-deprecation ...` to show where the warning was created)
Operator app	Run actions/setup-node@49933ea5288caeca8642d1e84afbd3f7d6820020	2026-09-24T22:40:59.0501648Z ##[group]Environment details
Operator app	Run actions/setup-node@49933ea5288caeca8642d1e84afbd3f7d6820020	2026-09-24T22:40:59.4913648Z node: v24.21.0
Operator app	Run actions/setup-node@49933ea5288caeca8642d1e84afbd3f7d6820020	2026-09-24T22:40:59.4914540Z npm: 11.19.0
Operator app	Run actions/setup-node@49933ea5288caeca8642d1e84afbd3f7d6820020	2026-09-24T22:40:59.4915028Z yarn: 1.22.22
Operator app	Run actions/setup-node@49933ea5288caeca8642d1e84afbd3f7d6820020	2026-09-24T22:40:59.4916203Z ##[endgroup]
Operator app	Run actions/setup-node@49933ea5288caeca8642d1e84afbd3f7d6820020	2026-09-24T22:40:59.4959518Z [command]/opt/hostedtoolcache/node/24.21.0/x64/bin/npm config get cache
Operator app	Run actions/setup-node@49933ea5288caeca8642d1e84afbd3f7d6820020	2026-09-24T22:40:59.6135458Z /home/runner/.npm
Operator app	Run actions/setup-node@49933ea5288caeca8642d1e84afbd3f7d6820020	2026-09-24T22:40:59.8868268Z Cache hit for: node-cache-Linux-x64-npm-f7049b356cd2537bb1cb7d4c983f6736b00e504a22a04a9bb724c41964922b7f
Operator app	Run actions/setup-node@49933ea5288caeca8642d1e84afbd3f7d6820020	2026-09-24T22:40:59.8976525Z (node:2306) [DEP0169] DeprecationWarning: `url.parse()` behavior is not standardized and prone to errors that have security implications. Use the WHATWG URL API instead. CVEs are not issued for `url.parse()` vulnerabilities.
Operator app	Run actions/setup-node@49933ea5288caeca8642d1e84afbd3f7d6820020	2026-09-24T22:41:01.1855315Z Received 0 of 48390980 (0.0%), 0.0 MBs/sec
Operator app	Run actions/setup-node@49933ea5288caeca8642d1e84afbd3f7d6820020	2026-09-24T22:41:01.6660223Z Received 48390980 of 48390980 (100.0%), 31.2 MBs/sec
Operator app	Run actions/setup-node@49933ea5288caeca8642d1e84afbd3f7d6820020	2026-09-24T22:41:01.6682402Z Cache Size: ~46 MB (48390980 B)
Operator app	Run actions/setup-node@49933ea5288caeca8642d1e84afbd3f7d6820020	2026-09-24T22:41:01.6698738Z [command]/usr/bin/tar -xf /home/runner/work/_temp/4ed46c63-fc61-41be-b565-bc0f68fa2eac/cache.tzst -P -C /home/runner/work/rx-solutions/rx-solutions --use-compress-program unzstd
Operator app	Run actions/setup-node@49933ea5288caeca8642d1e84afbd3f7d6820020	2026-09-24T22:41:01.7479494Z Cache restored successfully
Operator app	Run actions/setup-node@49933ea5288caeca8642d1e84afbd3f7d6820020	2026-09-24T22:41:01.7505763Z Cache restored from key: node-cache-Linux-x64-npm-f7049b356cd2537bb1cb7d4c983f6736b00e504a22a04a9bb724c41964922b7f
Operator app	Run npm ci	﻿2026-09-24T22:41:01.7692188Z ##[group]Run npm ci
Operator app	Run npm ci	2026-09-24T22:41:01.7692546Z ^[[36;1mnpm ci^[[0m
Operator app	Run npm ci	2026-09-24T22:41:01.8040013Z shell: /usr/bin/bash -e {0}
Operator app	Run npm ci	2026-09-24T22:41:01.8040417Z ##[endgroup]
Operator app	Run npm ci	2026-09-24T22:41:03.9138498Z 
Operator app	Run npm ci	2026-09-24T22:41:03.9146590Z added 57 packages, and audited 58 packages in 2s
Operator app	Run npm ci	2026-09-24T22:41:03.9147365Z 
Operator app	Run npm ci	2026-09-24T22:41:03.9148013Z 20 packages are looking for funding
Operator app	Run npm ci	2026-09-24T22:41:03.9148679Z   run `npm fund` for details
Operator app	Run npm ci	2026-09-24T22:41:03.9155449Z 
Operator app	Run npm ci	2026-09-24T22:41:03.9155843Z found 0 vulnerabilities
Operator app	Run npm run format:check	﻿2026-09-24T22:41:03.9663927Z ##[group]Run npm run format:check
Operator app	Run npm run format:check	2026-09-24T22:41:03.9664295Z ^[[36;1mnpm run format:check^[[0m
Operator app	Run npm run format:check	2026-09-24T22:41:03.9733141Z shell: /usr/bin/bash -e {0}
Operator app	Run npm run format:check	2026-09-24T22:41:03.9733472Z ##[endgroup]
Operator app	Run npm run format:check	2026-09-24T22:41:04.0991794Z 
Operator app	Run npm run format:check	2026-09-24T22:41:04.1012841Z > @rx/operator@0.1.0 format:check
Operator app	Run npm run format:check	2026-09-24T22:41:04.1014363Z > prettier --check src index.html vite.config.ts tsconfig.json package.json .prettierrc.json
Operator app	Run npm run format:check	2026-09-24T22:41:04.1015712Z 
Operator app	Run npm run format:check	2026-09-24T22:41:04.1883868Z Checking formatting...
Operator app	Run npm run format:check	2026-09-24T22:41:06.0923891Z All matched files use Prettier code style!
Operator app	Run npm test	﻿2026-09-24T22:41:06.1330839Z ##[group]Run npm test
Operator app	Run npm test	2026-09-24T22:41:06.1331546Z ^[[36;1mnpm test^[[0m
Operator app	Run npm test	2026-09-24T22:41:06.1414686Z shell: /usr/bin/bash -e {0}
Operator app	Run npm test	2026-09-24T22:41:06.1415119Z ##[endgroup]
Operator app	Run npm test	2026-09-24T22:41:06.2643288Z 
Operator app	Run npm test	2026-09-24T22:41:06.2643918Z > @rx/operator@0.1.0 test
Operator app	Run npm test	2026-09-24T22:41:06.2644732Z > vitest run src
Operator app	Run npm test	2026-09-24T22:41:06.2645180Z 
Operator app	Run npm test	2026-09-24T22:41:06.6161897Z 
Operator app	Run npm test	2026-09-24T22:41:06.6192887Z ^[[1m^[[30m^[[46m RUN ^[[49m^[[39m^[[22m ^[[36mv4.1.11 ^[[39m^[[90m/home/runner/work/rx-solutions/rx-solutions/apps/operator^[[39m
Operator app	Run npm test	2026-09-24T22:41:06.6221080Z 
Operator app	Run npm test	2026-09-24T22:41:07.1265606Z  ^[[32m✓^[[39m src/device-review-schema.test.ts ^[[2m(^[[22m^[[2m5 tests^[[22m^[[2m)^[[22m^[[32m 18^[[2mms^[[22m^[[39m
Operator app	Run npm test	2026-09-24T22:41:07.2723126Z  ^[[32m✓^[[39m src/run-start-schema.test.ts ^[[2m(^[[22m^[[2m12 tests^[[22m^[[2m)^[[22m^[[32m 48^[[2mms^[[22m^[[39m
Operator app	Run npm test	2026-09-24T22:41:07.3273167Z  ^[[32m✓^[[39m src/host-recovery-schema.test.ts ^[[2m(^[[22m^[[2m11 tests^[[22m^[[2m)^[[22m^[[32m 86^[[2mms^[[22m^[[39m
Operator app	Run npm test	2026-09-24T22:41:07.5398083Z  ^[[32m✓^[[39m src/package-schema.test.ts ^[[2m(^[[22m^[[2m4 tests^[[22m^[[2m)^[[22m^[[32m 30^[[2mms^[[22m^[[39m
Operator app	Run npm test	2026-09-24T22:41:07.6313326Z  ^[[32m✓^[[39m src/device-catalog.test.ts ^[[2m(^[[22m^[[2m3 tests^[[22m^[[2m)^[[22m^[[32m 17^[[2mms^[[22m^[[39m
Operator app	Run npm test	2026-09-24T22:41:07.7103347Z  ^[[32m✓^[[39m src/pending.test.ts ^[[2m(^[[22m^[[2m3 tests^[[22m^[[2m)^[[22m^[[32m 15^[[2mms^[[22m^[[39m
Operator app	Run npm test	2026-09-24T22:41:07.7832726Z  ^[[32m✓^[[39m src/service-health.test.ts ^[[2m(^[[22m^[[2m2 tests^[[22m^[[2m)^[[22m^[[32m 7^[[2mms^[[22m^[[39m
Operator app	Run npm test	2026-09-24T22:41:07.9575689Z  ^[[32m✓^[[39m src/process-preview.test.ts ^[[2m(^[[22m^[[2m3 tests^[[22m^[[2m)^[[22m^[[32m 12^[[2mms^[[22m^[[39m
Operator app	Run npm test	2026-09-24T22:41:08.0213181Z  ^[[32m✓^[[39m src/diagnostic-time.test.ts ^[[2m(^[[22m^[[2m3 tests^[[22m^[[2m)^[[22m^[[32m 10^[[2mms^[[22m^[[39m
Operator app	Run npm test	2026-09-24T22:41:08.0963592Z  ^[[32m✓^[[39m src/device-provenance.test.ts ^[[2m(^[[22m^[[2m2 tests^[[22m^[[2m)^[[22m^[[32m 8^[[2mms^[[22m^[[39m
Operator app	Run npm test	2026-09-24T22:41:08.1996484Z  ^[[32m✓^[[39m src/schema-runtime.test.ts ^[[2m(^[[22m^[[2m1 test^[[22m^[[2m)^[[22m^[[32m 69^[[2mms^[[22m^[[39m
Operator app	Run npm test	2026-09-24T22:41:08.2045678Z 
Operator app	Run npm test	2026-09-24T22:41:08.2050411Z ^[[2m Test Files ^[[22m ^[[1m^[[32m11 passed^[[39m^[[22m^[[90m (11)^[[39m
Operator app	Run npm test	2026-09-24T22:41:08.2051724Z ^[[2m      Tests ^[[22m ^[[1m^[[32m49 passed^[[39m^[[22m^[[90m (49)^[[39m
Operator app	Run npm test	2026-09-24T22:41:08.2058274Z ^[[2m   Start at ^[[22m 22:41:06
Operator app	Run npm test	2026-09-24T22:41:08.2059611Z ^[[2m   Duration ^[[22m 1.58s^[[2m (transform 511ms, setup 0ms, import 1.91s, tests 320ms, environment 2ms)^[[22m
Operator app	Run npm test	2026-09-24T22:41:08.2087324Z 
Operator app	Run npm run test:bundle	﻿2026-09-24T22:41:08.2461993Z ##[group]Run npm run test:bundle
Operator app	Run npm run test:bundle	2026-09-24T22:41:08.2462524Z ^[[36;1mnpm run test:bundle^[[0m
Operator app	Run npm run test:bundle	2026-09-24T22:41:08.2546491Z shell: /usr/bin/bash -e {0}
Operator app	Run npm run test:bundle	2026-09-24T22:41:08.2546934Z ##[endgroup]
Operator app	Run npm run test:bundle	2026-09-24T22:41:08.3678118Z 
Operator app	Run npm run test:bundle	2026-09-24T22:41:08.3678957Z > @rx/operator@0.1.0 test:bundle
Operator app	Run npm run test:bundle	2026-09-24T22:41:08.3679625Z > node --test tools/build-bundle.test.mjs
Operator app	Run npm run test:bundle	2026-09-24T22:41:08.3680030Z 
Operator app	Run npm run test:bundle	2026-09-24T22:41:08.4929113Z ✔ manifest is reproducible, ordered, exact-size and excludes itself (23.892326ms)
Operator app	Run npm run test:bundle	2026-09-24T22:41:08.4997663Z ✔ unlisted file types, reserved names and symlinks cannot enter a bundle (8.579999ms)
Operator app	Run npm run test:bundle	2026-09-24T22:41:08.5107083Z ✔ missing entry point and oversized files fail instead of producing a partial manifest (11.164229ms)
Operator app	Run npm run test:bundle	2026-09-24T22:41:08.5204168Z ℹ tests 3
Operator app	Run npm run test:bundle	2026-09-24T22:41:08.5204680Z ℹ suites 0
Operator app	Run npm run test:bundle	2026-09-24T22:41:08.5205242Z ℹ pass 3
Operator app	Run npm run test:bundle	2026-09-24T22:41:08.5205881Z ℹ fail 0
Operator app	Run npm run test:bundle	2026-09-24T22:41:08.5207024Z ℹ cancelled 0
Operator app	Run npm run test:bundle	2026-09-24T22:41:08.5207744Z ℹ skipped 0
Operator app	Run npm run test:bundle	2026-09-24T22:41:08.5208345Z ℹ todo 0
Operator app	Run npm run test:bundle	2026-09-24T22:41:08.5209130Z ℹ duration_ms 116.886724
Operator app	Run npm run build	﻿2026-09-24T22:41:08.5354774Z ##[group]Run npm run build
Operator app	Run npm run build	2026-09-24T22:41:08.5355075Z ^[[36;1mnpm run build^[[0m
Operator app	Run npm run build	2026-09-24T22:41:08.5416523Z shell: /usr/bin/bash -e {0}
Operator app	Run npm run build	2026-09-24T22:41:08.5416793Z ##[endgroup]
Operator app	Run npm run build	2026-09-24T22:41:08.6421858Z 
Operator app	Run npm run build	2026-09-24T22:41:08.6422550Z > @rx/operator@0.1.0 build
Operator app	Run npm run build	2026-09-24T22:41:08.6424002Z > tsc --noEmit && vite build && node tools/build-bundle.mjs dist
Operator app	Run npm run build	2026-09-24T22:41:08.6424557Z 
Operator app	Run npm run build	2026-09-24T22:41:13.2923266Z ^[[36mvite v8.2.2 ^[[32mbuilding client environment for production...^[[36m^[[39m
Operator app	Run npm run build	2026-09-24T22:41:13.3028202Z transforming...
Operator app	Run npm run build	2026-09-24T22:41:13.5310368Z ✓ 140 modules transformed.
Operator app	Run npm run build	2026-09-24T22:41:13.5710545Z rendering chunks...
Operator app	Run npm run build	2026-09-24T22:41:13.6755783Z computing gzip size...
Operator app	Run npm run build	2026-09-24T22:41:13.6837536Z dist/index.html                                                     0.45 kB │ gzip:   0.29 kB
Operator app	Run npm run build	2026-09-24T22:41:13.6838922Z dist/assets/ibm-plex-sans-kr-latin-ext-500-normal-BYGwY8Sr.woff     1.51 kB
Operator app	Run npm run build	2026-09-24T22:41:13.6840124Z dist/assets/ibm-plex-sans-kr-latin-ext-400-normal-BdSmf8qi.woff     1.51 kB
Operator app	Run npm run build	2026-09-24T22:41:13.6841709Z dist/assets/ibm-plex-sans-kr-latin-ext-600-normal-BIoLTTrT.woff     1.52 kB
Operator app	Run npm run build	2026-09-24T22:41:13.6842906Z dist/assets/ibm-plex-sans-kr-95-500-normal-yg9AsfDC.woff            1.76 kB
Operator app	Run npm run build	2026-09-24T22:41:13.6844054Z dist/assets/ibm-plex-sans-kr-95-600-normal-DiDFTR9Q.woff            1.77 kB
Operator app	Run npm run build	2026-09-24T22:41:13.6845230Z dist/assets/ibm-plex-sans-kr-95-400-normal-BR6ElHWu.woff            1.78 kB
Operator app	Run npm run build	2026-09-24T22:41:13.6846376Z dist/assets/ibm-plex-sans-kr-95-400-normal-CXzGt2L1.woff2           2.44 kB
Operator app	Run npm run build	2026-09-24T22:41:13.6847573Z dist/assets/ibm-plex-sans-kr-95-500-normal-CwbOeWyD.woff2           2.44 kB
Operator app	Run npm run build	2026-09-24T22:41:13.6848943Z dist/assets/ibm-plex-sans-kr-latin-ext-400-normal-C-1ywfZu.woff2    2.50 kB
Operator app	Run npm run build	2026-09-24T22:41:13.6850146Z dist/assets/ibm-plex-sans-kr-95-600-normal-CzslQFpy.woff2           2.51 kB
Operator app	Run npm run build	2026-09-24T22:41:13.6851649Z dist/assets/ibm-plex-sans-kr-latin-ext-600-normal-CwjUnNuf.woff2    2.54 kB
Operator app	Run npm run build	2026-09-24T22:41:13.6852872Z dist/assets/ibm-plex-sans-kr-latin-ext-500-normal-C8K5qbyi.woff2    2.56 kB
Operator app	Run npm run build	2026-09-24T22:41:13.6854240Z dist/assets/ibm-plex-sans-kr-65-400-normal-BLI3xZEh.woff            2.93 kB
Operator app	Run npm run build	2026-09-24T22:41:13.6855397Z dist/assets/ibm-plex-sans-kr-65-500-normal-DeZUxdRN.woff            2.95 kB
Operator app	Run npm run build	2026-09-24T22:41:13.6856562Z dist/assets/ibm-plex-sans-kr-65-600-normal-DVDtx_Xg.woff            2.96 kB
Operator app	Run npm run build	2026-09-24T22:41:13.6857718Z dist/assets/ibm-plex-sans-kr-65-400-normal-DnzyhmoU.woff2           3.93 kB
Operator app	Run npm run build	2026-09-24T22:41:13.6858867Z dist/assets/ibm-plex-sans-kr-99-400-normal-DKb2WQ2R.woff            3.93 kB
Operator app	Run npm run build	2026-09-24T22:41:13.6860024Z dist/assets/ibm-plex-sans-kr-99-500-normal-HPdjitvo.woff            3.98 kB
Operator app	Run npm run build	2026-09-24T22:41:13.6861391Z dist/assets/ibm-plex-sans-kr-99-600-normal-C-L_eISe.woff            4.03 kB
Operator app	Run npm run build	2026-09-24T22:41:13.6862563Z dist/assets/ibm-plex-sans-kr-65-500-normal-nL2tz1fq.woff2           4.05 kB
Operator app	Run npm run build	2026-09-24T22:41:13.6863701Z dist/assets/ibm-plex-sans-kr-65-600-normal-CuB_ApqX.woff2           4.12 kB
Operator app	Run npm run build	2026-09-24T22:41:13.6864916Z dist/assets/ibm-plex-sans-kr-96-600-normal-E6j9XpvP.woff            4.29 kB
Operator app	Run npm run build	2026-09-24T22:41:13.6866072Z dist/assets/ibm-plex-sans-kr-96-400-normal-m9r3xH18.woff            4.35 kB
Operator app	Run npm run build	2026-09-24T22:41:13.6867186Z dist/assets/ibm-plex-sans-kr-96-500-normal-DOFBEi4W.woff            4.36 kB
Operator app	Run npm run build	2026-09-24T22:41:13.6868396Z dist/assets/ibm-plex-sans-kr-96-600-normal-qnNrW3Df.woff2           4.60 kB
Operator app	Run npm run build	2026-09-24T22:41:13.6869576Z dist/assets/ibm-plex-sans-kr-96-400-normal-DqxPcneT.woff2           4.71 kB
Operator app	Run npm run build	2026-09-24T22:41:13.6870740Z dist/assets/ibm-plex-sans-kr-96-500-normal-BTbACruS.woff2           4.85 kB
Operator app	Run npm run build	2026-09-24T22:41:13.6872176Z dist/assets/ibm-plex-sans-kr-93-400-normal-5J6UR9CM.woff2           4.98 kB
Operator app	Run npm run build	2026-09-24T22:41:13.6873351Z dist/assets/ibm-plex-sans-kr-93-500-normal-CYfF4l4d.woff2           5.00 kB
Operator app	Run npm run build	2026-09-24T22:41:13.6874507Z dist/assets/ibm-plex-sans-kr-99-400-normal-COuj214s.woff2           5.04 kB
Operator app	Run npm run build	2026-09-24T22:41:13.6875655Z dist/assets/ibm-plex-sans-kr-99-500-normal-Dz27KSuo.woff2           5.11 kB
Operator app	Run npm run build	2026-09-24T22:41:13.6877328Z dist/assets/ibm-plex-sans-kr-93-600-normal-C3ObUrek.woff2           5.11 kB
Operator app	Run npm run build	2026-09-24T22:41:13.6878538Z dist/assets/ibm-plex-sans-kr-93-500-normal-Cdd0aOxJ.woff            5.15 kB
Operator app	Run npm run build	2026-09-24T22:41:13.6879707Z dist/assets/ibm-plex-sans-kr-93-400-normal-Cdi-IBra.woff            5.16 kB
Operator app	Run npm run build	2026-09-24T22:41:13.6881375Z dist/assets/ibm-plex-sans-kr-99-600-normal-j_ccRvHi.woff2           5.18 kB
Operator app	Run npm run build	2026-09-24T22:41:13.6882563Z dist/assets/ibm-plex-sans-kr-93-600-normal-4KzAAJzD.woff            5.28 kB
Operator app	Run npm run build	2026-09-24T22:41:13.6883740Z dist/assets/ibm-plex-sans-kr-101-600-normal-DOUVV8ig.woff           5.77 kB
Operator app	Run npm run build	2026-09-24T22:41:13.6884877Z dist/assets/ibm-plex-sans-kr-101-500-normal-Dt55yHJE.woff           5.79 kB
Operator app	Run npm run build	2026-09-24T22:41:13.6886056Z dist/assets/ibm-plex-sans-kr-0-400-normal-COdVePwF.woff2            5.84 kB
Operator app	Run npm run build	2026-09-24T22:41:13.6887187Z dist/assets/ibm-plex-sans-kr-0-500-normal-ZOw-Oe4Z.woff2            5.87 kB
Operator app	Run npm run build	2026-09-24T22:41:13.6888280Z dist/assets/ibm-plex-sans-kr-101-400-normal-DQN8MKOE.woff           5.87 kB
Operator app	Run npm run build	2026-09-24T22:41:13.6889559Z dist/assets/ibm-plex-sans-kr-98-400-normal-D-_zohjb.woff            5.96 kB
Operator app	Run npm run build	2026-09-24T22:41:13.6890650Z dist/assets/ibm-plex-sans-kr-100-600-normal-ZYmKSXu1.woff           5.97 kB
Operator app	Run npm run build	2026-09-24T22:41:13.6892036Z dist/assets/ibm-plex-sans-kr-0-600-normal-DuzcAQdo.woff2            5.98 kB
Operator app	Run npm run build	2026-09-24T22:41:13.6893153Z dist/assets/ibm-plex-sans-kr-98-500-normal-CtGPk__x.woff            5.98 kB
Operator app	Run npm run build	2026-09-24T22:41:13.6894253Z dist/assets/ibm-plex-sans-kr-98-600-normal-CizO16Ew.woff            6.01 kB
Operator app	Run npm run build	2026-09-24T22:41:13.6895375Z dist/assets/ibm-plex-sans-kr-100-500-normal-CYmhs-uc.woff           6.02 kB
Operator app	Run npm run build	2026-09-24T22:41:13.6896497Z dist/assets/ibm-plex-sans-kr-98-400-normal-CyxDRXqs.woff2           6.04 kB
Operator app	Run npm run build	2026-09-24T22:41:13.6897633Z dist/assets/ibm-plex-sans-kr-100-400-normal-BQdwTqgb.woff           6.07 kB
Operator app	Run npm run build	2026-09-24T22:41:13.6898739Z dist/assets/ibm-plex-sans-kr-0-500-normal-aGZllF0U.woff             6.16 kB
Operator app	Run npm run build	2026-09-24T22:41:13.6899855Z dist/assets/ibm-plex-sans-kr-0-400-normal-DEF_oZFa.woff             6.16 kB
Operator app	Run npm run build	2026-09-24T22:41:13.6901266Z dist/assets/ibm-plex-sans-kr-98-500-normal-PEz79xhx.woff2           6.17 kB
Operator app	Run npm run build	2026-09-24T22:41:13.6902422Z dist/assets/ibm-plex-sans-kr-0-600-normal-DLXpb0hq.woff             6.21 kB
Operator app	Run npm run build	2026-09-24T22:41:13.6903590Z dist/assets/ibm-plex-sans-kr-98-600-normal-D-SBD5Hk.woff2           6.22 kB
Operator app	Run npm run build	2026-09-24T22:41:13.6904774Z dist/assets/ibm-plex-sans-kr-97-400-normal-DOlHHts_.woff2           6.48 kB
Operator app	Run npm run build	2026-09-24T22:41:13.6905942Z dist/assets/ibm-plex-sans-kr-97-500-normal-C_F2h3q_.woff2           6.53 kB
Operator app	Run npm run build	2026-09-24T22:41:13.6907095Z dist/assets/ibm-plex-sans-kr-97-600-normal-CHxkMEAU.woff2           6.55 kB
Operator app	Run npm run build	2026-09-24T22:41:13.6908132Z dist/assets/ibm-plex-sans-kr-102-600-normal-BIIL4Btv.woff           6.69 kB
Operator app	Run npm run build	2026-09-24T22:41:13.6909113Z dist/assets/ibm-plex-sans-kr-102-500-normal-CW45f5lP.woff           6.73 kB
Operator app	Run npm run build	2026-09-24T22:41:13.6913824Z dist/assets/ibm-plex-sans-kr-97-400-normal-TWLDWHgL.woff            6.75 kB
Operator app	Run npm run build	2026-09-24T22:41:13.6915085Z dist/assets/ibm-plex-sans-kr-97-500-normal-BAgq0JpV.woff            6.77 kB
Operator app	Run npm run build	2026-09-24T22:41:13.6916246Z dist/assets/ibm-plex-sans-kr-97-600-normal-CXVo40nf.woff            6.78 kB
Operator app	Run npm run build	2026-09-24T22:41:13.6917383Z dist/assets/ibm-plex-sans-kr-102-400-normal-DHfan8x-.woff           6.81 kB
Operator app	Run npm run build	2026-09-24T22:41:13.6918494Z dist/assets/ibm-plex-sans-kr-104-500-normal-DA4R5HED.woff           7.06 kB
Operator app	Run npm run build	2026-09-24T22:41:13.6919516Z dist/assets/ibm-plex-sans-kr-104-600-normal-DbfrFOKo.woff           7.08 kB
Operator app	Run npm run build	2026-09-24T22:41:13.6920460Z dist/assets/ibm-plex-sans-kr-104-400-normal-kn3L8mkz.woff           7.09 kB
Operator app	Run npm run build	2026-09-24T22:41:13.6921659Z dist/assets/ibm-plex-sans-kr-103-600-normal-BKXxr4Vf.woff           7.30 kB
Operator app	Run npm run build	2026-09-24T22:41:13.6922634Z dist/assets/ibm-plex-sans-kr-103-500-normal-W1XFNDU3.woff           7.34 kB
Operator app	Run npm run build	2026-09-24T22:41:13.6923586Z dist/assets/ibm-plex-sans-kr-103-400-normal-BQNnzD7b.woff           7.48 kB
Operator app	Run npm run build	2026-09-24T22:41:13.6924548Z dist/assets/ibm-plex-sans-kr-105-600-normal-DU6215sy.woff           8.09 kB
Operator app	Run npm run build	2026-09-24T22:41:13.6925812Z dist/assets/ibm-plex-sans-kr-105-500-normal-DU0dswGg.woff           8.13 kB
Operator app	Run npm run build	2026-09-24T22:41:13.6926790Z dist/assets/ibm-plex-sans-kr-105-400-normal-D20hKn8x.woff           8.14 kB
Operator app	Run npm run build	2026-09-24T22:41:13.6927735Z dist/assets/ibm-plex-sans-kr-101-400-normal-CwhtzdGH.woff2          8.45 kB
Operator app	Run npm run build	2026-09-24T22:41:13.6928933Z dist/assets/ibm-plex-sans-kr-118-500-normal-CDUCZo4L.woff           8.48 kB
Operator app	Run npm run build	2026-09-24T22:41:13.6929845Z dist/assets/ibm-plex-sans-kr-118-400-normal-BvkVX0xm.woff           8.49 kB
Operator app	Run npm run build	2026-09-24T22:41:13.6930783Z dist/assets/ibm-plex-sans-kr-117-500-normal-CZylu9y6.woff           8.60 kB
Operator app	Run npm run build	2026-09-24T22:41:13.6931961Z dist/assets/ibm-plex-sans-kr-118-600-normal-BKNr8HaE.woff           8.61 kB
Operator app	Run npm run build	2026-09-24T22:41:13.6933130Z dist/assets/ibm-plex-sans-kr-106-600-normal-CIkK4pwL.woff           8.63 kB
Operator app	Run npm run build	2026-09-24T22:41:13.6934170Z dist/assets/ibm-plex-sans-kr-117-600-normal-BUVowAmE.woff           8.64 kB
Operator app	Run npm run build	2026-09-24T22:41:13.6935271Z dist/assets/ibm-plex-sans-kr-94-400-normal-CsJn1kPf.woff2           8.66 kB
Operator app	Run npm run build	2026-09-24T22:41:13.6936401Z dist/assets/ibm-plex-sans-kr-117-400-normal-CAkrqKEd.woff           8.67 kB
Operator app	Run npm run build	2026-09-24T22:41:13.6937513Z dist/assets/ibm-plex-sans-kr-106-500-normal-B9LKd6uR.woff           8.69 kB
Operator app	Run npm run build	2026-09-24T22:41:13.6938614Z dist/assets/ibm-plex-sans-kr-94-500-normal-DAIKdeR_.woff2           8.80 kB
Operator app	Run npm run build	2026-09-24T22:41:13.6939724Z dist/assets/ibm-plex-sans-kr-106-400-normal-DRimGseV.woff           8.81 kB
Operator app	Run npm run build	2026-09-24T22:41:13.6940845Z dist/assets/ibm-plex-sans-kr-94-600-normal-BqkCATJS.woff2           8.83 kB
Operator app	Run npm run build	2026-09-24T22:41:13.6942220Z dist/assets/ibm-plex-sans-kr-100-400-normal-3DeNbFry.woff2          8.89 kB
Operator app	Run npm run build	2026-09-24T22:41:13.6943342Z dist/assets/ibm-plex-sans-kr-101-600-normal-Cf7HWvBM.woff2          8.94 kB
Operator app	Run npm run build	2026-09-24T22:41:13.6944456Z dist/assets/ibm-plex-sans-kr-101-500-normal-D3ziJXl9.woff2          9.04 kB
Operator app	Run npm run build	2026-09-24T22:41:13.6945568Z dist/assets/ibm-plex-sans-kr-112-600-normal-lS3UdozO.woff           9.43 kB
Operator app	Run npm run build	2026-09-24T22:41:13.6946671Z dist/assets/ibm-plex-sans-kr-112-500-normal-CfQwtfnO.woff           9.48 kB
Operator app	Run npm run build	2026-09-24T22:41:13.6947789Z dist/assets/ibm-plex-sans-kr-115-500-normal-iyItw9QE.woff           9.52 kB
Operator app	Run npm run build	2026-09-24T22:41:13.6948976Z dist/assets/ibm-plex-sans-kr-116-500-normal-CLkvTRzN.woff           9.57 kB
Operator app	Run npm run build	2026-09-24T22:41:13.6950085Z dist/assets/ibm-plex-sans-kr-112-400-normal-B8TcbMdb.woff           9.60 kB
Operator app	Run npm run build	2026-09-24T22:41:13.6951426Z dist/assets/ibm-plex-sans-kr-116-600-normal-2NuQXMn5.woff           9.61 kB
Operator app	Run npm run build	2026-09-24T22:41:13.6952565Z dist/assets/ibm-plex-sans-kr-94-400-normal-CLS33fqM.woff            9.62 kB
Operator app	Run npm run build	2026-09-24T22:41:13.6953666Z dist/assets/ibm-plex-sans-kr-115-600-normal-c6nUiZEv.woff           9.62 kB
Operator app	Run npm run build	2026-09-24T22:41:13.6954787Z dist/assets/ibm-plex-sans-kr-115-400-normal-CM7tVCiU.woff           9.63 kB
Operator app	Run npm run build	2026-09-24T22:41:13.6955893Z dist/assets/ibm-plex-sans-kr-100-600-normal-CcI0wmDd.woff2          9.64 kB
Operator app	Run npm run build	2026-09-24T22:41:13.6957012Z dist/assets/ibm-plex-sans-kr-116-400-normal-BCjvaIwI.woff           9.66 kB
Operator app	Run npm run build	2026-09-24T22:41:13.6958126Z dist/assets/ibm-plex-sans-kr-102-400-normal-BC0mCFX2.woff2          9.67 kB
Operator app	Run npm run build	2026-09-24T22:41:13.6959241Z dist/assets/ibm-plex-sans-kr-107-600-normal-IB6GFZTf.woff           9.67 kB
Operator app	Run npm run build	2026-09-24T22:41:13.6960362Z dist/assets/ibm-plex-sans-kr-108-600-normal-C5FnASlc.woff           9.67 kB
Operator app	Run npm run build	2026-09-24T22:41:13.6961717Z dist/assets/ibm-plex-sans-kr-94-500-normal-sf6j_mxe.woff            9.72 kB
Operator app	Run npm run build	2026-09-24T22:41:13.6962840Z dist/assets/ibm-plex-sans-kr-107-500-normal-B8C6z9mf.woff           9.75 kB
Operator app	Run npm run build	2026-09-24T22:41:13.6993017Z dist/assets/ibm-plex-sans-kr-94-600-normal-DGs8D_d9.woff            9.76 kB
Operator app	Run npm run build	2026-09-24T22:41:13.6994203Z dist/assets/ibm-plex-sans-kr-108-500-normal-CAKLebRT.woff           9.78 kB
Operator app	Run npm run build	2026-09-24T22:41:13.6995362Z dist/assets/ibm-plex-sans-kr-38-600-normal-Dln3mVPi.woff            9.80 kB
Operator app	Run npm run build	2026-09-24T22:41:13.6996484Z dist/assets/ibm-plex-sans-kr-108-400-normal-D7nsD7Wm.woff           9.81 kB
Operator app	Run npm run build	2026-09-24T22:41:13.6997594Z dist/assets/ibm-plex-sans-kr-113-600-normal-C_RUWM8I.woff           9.82 kB
Operator app	Run npm run build	2026-09-24T22:41:13.6998853Z dist/assets/ibm-plex-sans-kr-107-400-normal-9_m442uC.woff           9.82 kB
Operator app	Run npm run build	2026-09-24T22:41:13.6999965Z dist/assets/ibm-plex-sans-kr-114-500-normal-DwbHpjAF.woff           9.83 kB
Operator app	Run npm run build	2026-09-24T22:41:13.7001330Z dist/assets/ibm-plex-sans-kr-114-600-normal-BKj6RBZ7.woff           9.88 kB
Operator app	Run npm run build	2026-09-24T22:41:13.7002675Z dist/assets/ibm-plex-sans-kr-113-400-normal-DlThbTsi.woff           9.88 kB
Operator app	Run npm run build	2026-09-24T22:41:13.7003788Z dist/assets/ibm-plex-sans-kr-113-500-normal-DYUtiDlk.woff           9.88 kB
Operator app	Run npm run build	2026-09-24T22:41:13.7004944Z dist/assets/ibm-plex-sans-kr-38-500-normal-DPBjbA25.woff            9.89 kB
Operator app	Run npm run build	2026-09-24T22:41:13.7006071Z dist/assets/ibm-plex-sans-kr-38-400-normal-B4UIE9Zj.woff            9.93 kB
Operator app	Run npm run build	2026-09-24T22:41:13.7007174Z dist/assets/ibm-plex-sans-kr-110-500-normal-BNbXS7l_.woff           9.94 kB
Operator app	Run npm run build	2026-09-24T22:41:13.7008278Z dist/assets/ibm-plex-sans-kr-110-600-normal-ReaqIn5m.woff           9.95 kB
Operator app	Run npm run build	2026-09-24T22:41:13.7009386Z dist/assets/ibm-plex-sans-kr-114-400-normal-5bMSGSar.woff           9.97 kB
Operator app	Run npm run build	2026-09-24T22:41:13.7010482Z dist/assets/ibm-plex-sans-kr-100-500-normal-DRrgX_RY.woff2          9.99 kB
Operator app	Run npm run build	2026-09-24T22:41:13.7011821Z dist/assets/ibm-plex-sans-kr-111-500-normal-yMGVhWWr.woff          10.03 kB
Operator app	Run npm run build	2026-09-24T22:41:13.7012945Z dist/assets/ibm-plex-sans-kr-41-400-normal-Ce6_8B6O.woff           10.03 kB
Operator app	Run npm run build	2026-09-24T22:41:13.7014044Z dist/assets/ibm-plex-sans-kr-11-500-normal-BuJhjvIH.woff           10.04 kB
Operator app	Run npm run build	2026-09-24T22:41:13.7015130Z dist/assets/ibm-plex-sans-kr-110-400-normal-D259vsJ_.woff          10.04 kB
Operator app	Run npm run build	2026-09-24T22:41:13.7016240Z dist/assets/ibm-plex-sans-kr-111-600-normal-2DkYfPPb.woff          10.04 kB
Operator app	Run npm run build	2026-09-24T22:41:13.7017328Z dist/assets/ibm-plex-sans-kr-41-500-normal-DiLp_0kR.woff           10.05 kB
Operator app	Run npm run build	2026-09-24T22:41:13.7018418Z dist/assets/ibm-plex-sans-kr-109-600-normal-CG9-PeCF.woff          10.08 kB
Operator app	Run npm run build	2026-09-24T22:41:13.7019520Z dist/assets/ibm-plex-sans-kr-109-500-normal-BnWOOl51.woff          10.13 kB
Operator app	Run npm run build	2026-09-24T22:41:13.7020612Z dist/assets/ibm-plex-sans-kr-111-400-normal-BqppHOeA.woff          10.14 kB
Operator app	Run npm run build	2026-09-24T22:41:13.7021949Z dist/assets/ibm-plex-sans-kr-109-400-normal-Ch-uxywT.woff          10.19 kB
Operator app	Run npm run build	2026-09-24T22:41:13.7023003Z dist/assets/ibm-plex-sans-kr-11-400-normal-CN_UQa3U.woff           10.20 kB
Operator app	Run npm run build	2026-09-24T22:41:13.7024029Z dist/assets/ibm-plex-sans-kr-104-400-normal-BrHR60F5.woff2         10.20 kB
Operator app	Run npm run build	2026-09-24T22:41:13.7025015Z dist/assets/ibm-plex-sans-kr-102-500-normal-BmX3x0t4.woff2         10.27 kB
Operator app	Run npm run build	2026-09-24T22:41:13.7025992Z dist/assets/ibm-plex-sans-kr-41-600-normal-Df3Wep6L.woff           10.28 kB
Operator app	Run npm run build	2026-09-24T22:41:13.7026955Z dist/assets/ibm-plex-sans-kr-102-600-normal-CN8RaHGd.woff2         10.28 kB
Operator app	Run npm run build	2026-09-24T22:41:13.7028090Z dist/assets/ibm-plex-sans-kr-11-600-normal-BUarw7E5.woff           10.28 kB
Operator app	Run npm run build	2026-09-24T22:41:13.7029158Z dist/assets/ibm-plex-sans-kr-64-500-normal-CdK6D4vh.woff           10.50 kB
Operator app	Run npm run build	2026-09-24T22:41:13.7030286Z dist/assets/ibm-plex-sans-kr-38-400-normal-CLr3K58D.woff2          10.53 kB
Operator app	Run npm run build	2026-09-24T22:41:13.7031451Z dist/assets/ibm-plex-sans-kr-64-400-normal-DhttFBeF.woff           10.53 kB
Operator app	Run npm run build	2026-09-24T22:41:13.7032590Z dist/assets/ibm-plex-sans-kr-11-400-normal-DY57wkwV.woff2          10.54 kB
Operator app	Run npm run build	2026-09-24T22:41:13.7033636Z dist/assets/ibm-plex-sans-kr-2-600-normal-BBWiOGe2.woff            10.56 kB
Operator app	Run npm run build	2026-09-24T22:41:13.7034648Z dist/assets/ibm-plex-sans-kr-2-500-normal-CSqMQxgI.woff            10.65 kB
Operator app	Run npm run build	2026-09-24T22:41:13.7035846Z dist/assets/ibm-plex-sans-kr-8-600-normal-BJjl00Le.woff            10.66 kB
Operator app	Run npm run build	2026-09-24T22:41:13.7037020Z dist/assets/ibm-plex-sans-kr-8-500-normal-BSA0Y_vv.woff            10.71 kB
Operator app	Run npm run build	2026-09-24T22:41:13.7038210Z dist/assets/ibm-plex-sans-kr-103-400-normal-CYHfi_5o.woff2         10.72 kB
Operator app	Run npm run build	2026-09-24T22:41:13.7039302Z dist/assets/ibm-plex-sans-kr-2-400-normal-ZCEqhetZ.woff            10.73 kB
Operator app	Run npm run build	2026-09-24T22:41:13.7040447Z dist/assets/ibm-plex-sans-kr-41-400-normal-THO3jy3s.woff2          10.73 kB
Operator app	Run npm run build	2026-09-24T22:41:13.7041857Z dist/assets/ibm-plex-sans-kr-11-600-normal-Ds-mjTNk.woff2          10.74 kB
Operator app	Run npm run build	2026-09-24T22:41:13.7043279Z dist/assets/ibm-plex-sans-kr-38-600-normal-Uy8tuoQH.woff2          10.78 kB
Operator app	Run npm run build	2026-09-24T22:41:13.7044433Z dist/assets/ibm-plex-sans-kr-8-400-normal-BmMhoS32.woff2           10.80 kB
Operator app	Run npm run build	2026-09-24T22:41:13.7045577Z dist/assets/ibm-plex-sans-kr-64-400-normal-BoOvEFVR.woff2          10.86 kB
Operator app	Run npm run build	2026-09-24T22:41:13.7047036Z dist/assets/ibm-plex-sans-kr-8-400-normal-Ci0W5IWz.woff            10.86 kB
Operator app	Run npm run build	2026-09-24T22:41:13.7048386Z dist/assets/ibm-plex-sans-kr-11-500-normal-dR3lXot0.woff2          10.92 kB
Operator app	Run npm run build	2026-09-24T22:41:13.7049592Z dist/assets/ibm-plex-sans-kr-38-500-normal-KdQq52D1.woff2          10.92 kB
Operator app	Run npm run build	2026-09-24T22:41:13.7050776Z dist/assets/ibm-plex-sans-kr-8-600-normal-B0rxBWNc.woff2           10.93 kB
Operator app	Run npm run build	2026-09-24T22:41:13.7052204Z dist/assets/ibm-plex-sans-kr-44-400-normal-BPQ_BGOm.woff           10.96 kB
Operator app	Run npm run build	2026-09-24T22:41:13.7053399Z dist/assets/ibm-plex-sans-kr-44-500-normal-CKASaSWW.woff           11.00 kB
Operator app	Run npm run build	2026-09-24T22:41:13.7054577Z dist/assets/ibm-plex-sans-kr-64-600-normal-DnHS-nmP.woff           11.02 kB
Operator app	Run npm run build	2026-09-24T22:41:13.7055793Z dist/assets/ibm-plex-sans-kr-48-500-normal-BFJwbsKF.woff           11.03 kB
Operator app	Run npm run build	2026-09-24T22:41:13.7056970Z dist/assets/ibm-plex-sans-kr-61-400-normal-Ci1tC2DE.woff           11.08 kB
Operator app	Run npm run build	2026-09-24T22:41:13.7058153Z dist/assets/ibm-plex-sans-kr-44-400-normal-BvoXxhh-.woff2          11.13 kB
Operator app	Run npm run build	2026-09-24T22:41:13.7059328Z dist/assets/ibm-plex-sans-kr-48-400-normal-5VJWa5C8.woff           11.14 kB
Operator app	Run npm run build	2026-09-24T22:41:13.7060537Z dist/assets/ibm-plex-sans-kr-104-500-normal-DHbM5qs4.woff2         11.15 kB
Operator app	Run npm run build	2026-09-24T22:41:13.7061939Z dist/assets/ibm-plex-sans-kr-10-500-normal-4KY48fu0.woff           11.17 kB
Operator app	Run npm run build	2026-09-24T22:41:13.7063107Z dist/assets/ibm-plex-sans-kr-2-400-normal-CnxhIj-f.woff2           11.17 kB
Operator app	Run npm run build	2026-09-24T22:41:13.7064253Z dist/assets/ibm-plex-sans-kr-51-500-normal-kawlUwcv.woff           11.17 kB
Operator app	Run npm run build	2026-09-24T22:41:13.7065394Z dist/assets/ibm-plex-sans-kr-58-400-normal-i71EDyfV.woff2          11.17 kB
Operator app	Run npm run build	2026-09-24T22:41:13.7066654Z dist/assets/ibm-plex-sans-kr-51-600-normal-DCKOx3do.woff           11.18 kB
Operator app	Run npm run build	2026-09-24T22:41:13.7068100Z dist/assets/ibm-plex-sans-kr-48-600-normal-DAbbVYEi.woff           11.19 kB
Operator app	Run npm run build	2026-09-24T22:41:13.7069526Z dist/assets/ibm-plex-sans-kr-58-400-normal-DqIzdKrV.woff           11.20 kB
Operator app	Run npm run build	2026-09-24T22:41:13.7070738Z dist/assets/ibm-plex-sans-kr-104-600-normal-DHHBh9NH.woff2         11.24 kB
Operator app	Run npm run build	2026-09-24T22:41:13.7072149Z dist/assets/ibm-plex-sans-kr-58-500-normal-D5AnMdIq.woff           11.27 kB
Operator app	Run npm run build	2026-09-24T22:41:13.7073352Z dist/assets/ibm-plex-sans-kr-61-500-normal-BWi6Ha-w.woff           11.27 kB
Operator app	Run npm run build	2026-09-24T22:41:13.7074511Z dist/assets/ibm-plex-sans-kr-8-500-normal-UU4QCA8B.woff2           11.27 kB
Operator app	Run npm run build	2026-09-24T22:41:13.7075689Z dist/assets/ibm-plex-sans-kr-10-600-normal-DIq7Gv9V.woff           11.28 kB
Operator app	Run npm run build	2026-09-24T22:41:13.7076897Z dist/assets/ibm-plex-sans-kr-48-400-normal-CBCdCJJN.woff2          11.30 kB
Operator app	Run npm run build	2026-09-24T22:41:13.7078052Z dist/assets/ibm-plex-sans-kr-61-600-normal-BZxjTCO5.woff           11.30 kB
Operator app	Run npm run build	2026-09-24T22:41:13.7079257Z dist/assets/ibm-plex-sans-kr-10-400-normal-BOnpTeYv.woff2          11.31 kB
Operator app	Run npm run build	2026-09-24T22:41:13.7080413Z dist/assets/ibm-plex-sans-kr-44-600-normal-B1vhjtxY.woff           11.31 kB
Operator app	Run npm run build	2026-09-24T22:41:13.7081748Z dist/assets/ibm-plex-sans-kr-58-600-normal-Bpgq8MX2.woff           11.32 kB
Operator app	Run npm run build	2026-09-24T22:41:13.7082925Z dist/assets/ibm-plex-sans-kr-10-400-normal-CRn7_mZz.woff           11.33 kB
Operator app	Run npm run build	2026-09-24T22:41:13.7084078Z dist/assets/ibm-plex-sans-kr-51-400-normal-Nb_ATV55.woff           11.33 kB
Operator app	Run npm run build	2026-09-24T22:41:13.7085252Z dist/assets/ibm-plex-sans-kr-51-400-normal-CI8zKOiq.woff2          11.41 kB
Operator app	Run npm run build	2026-09-24T22:41:13.7086404Z dist/assets/ibm-plex-sans-kr-103-600-normal-8oNp3a_g.woff2         11.43 kB
Operator app	Run npm run build	2026-09-24T22:41:13.7087575Z dist/assets/ibm-plex-sans-kr-41-500-normal-CoKUeK1m.woff2          11.43 kB
Operator app	Run npm run build	2026-09-24T22:41:13.7088781Z dist/assets/ibm-plex-sans-kr-41-600-normal-Ck2K5Ulf.woff2          11.46 kB
Operator app	Run npm run build	2026-09-24T22:41:13.7089969Z dist/assets/ibm-plex-sans-kr-53-400-normal-uFBOSatZ.woff2          11.52 kB
Operator app	Run npm run build	2026-09-24T22:41:13.7091594Z dist/assets/ibm-plex-sans-kr-51-600-normal-D1q9iZG9.woff2          11.54 kB
Operator app	Run npm run build	2026-09-24T22:41:13.7092767Z dist/assets/ibm-plex-sans-kr-45-600-normal-D74kcLg1.woff           11.56 kB
Operator app	Run npm run build	2026-09-24T22:41:13.7094140Z dist/assets/ibm-plex-sans-kr-55-400-normal-DACpgdpL.woff           11.57 kB
Operator app	Run npm run build	2026-09-24T22:41:13.7095625Z dist/assets/ibm-plex-sans-kr-10-500-normal-ycH3xAAg.woff2          11.60 kB
Operator app	Run npm run build	2026-09-24T22:41:13.7096844Z dist/assets/ibm-plex-sans-kr-58-600-normal-Bqgrv0lo.woff2          11.60 kB
Operator app	Run npm run build	2026-09-24T22:41:13.7098044Z dist/assets/ibm-plex-sans-kr-103-500-normal-2RWRnHUp.woff2         11.62 kB
Operator app	Run npm run build	2026-09-24T22:41:13.7099244Z dist/assets/ibm-plex-sans-kr-45-400-normal-BN1x-JCl.woff           11.63 kB
Operator app	Run npm run build	2026-09-24T22:41:13.7100440Z dist/assets/ibm-plex-sans-kr-45-500-normal-CSR2L3Yg.woff           11.63 kB
Operator app	Run npm run build	2026-09-24T22:41:13.7101796Z dist/assets/ibm-plex-sans-kr-64-500-normal-CgK0jDrR.woff2          11.64 kB
Operator app	Run npm run build	2026-09-24T22:41:13.7102876Z dist/assets/ibm-plex-sans-kr-55-600-normal-CNKcN-Ig.woff           11.65 kB
Operator app	Run npm run build	2026-09-24T22:41:13.7104028Z dist/assets/ibm-plex-sans-kr-55-500-normal-Bk4ZO-Yx.woff           11.66 kB
Operator app	Run npm run build	2026-09-24T22:41:13.7104912Z dist/assets/ibm-plex-sans-kr-48-600-normal-QEQJ2vNg.woff2          11.68 kB
Operator app	Run npm run build	2026-09-24T22:41:13.7105764Z dist/assets/ibm-plex-sans-kr-119-400-normal-BVAYXEqw.woff          11.68 kB
Operator app	Run npm run build	2026-09-24T22:41:13.7107022Z dist/assets/ibm-plex-sans-kr-50-400-normal-wVEmJJbn.woff2          11.68 kB
Operator app	Run npm run build	2026-09-24T22:41:13.7108316Z dist/assets/ibm-plex-sans-kr-105-400-normal-BY6JiZG_.woff2         11.71 kB
Operator app	Run npm run build	2026-09-24T22:41:13.7109310Z dist/assets/ibm-plex-sans-kr-25-400-normal-CSCHltyB.woff           11.71 kB
Operator app	Run npm run build	2026-09-24T22:41:13.7110296Z dist/assets/ibm-plex-sans-kr-45-400-normal-DMKz6H_F.woff2          11.72 kB
Operator app	Run npm run build	2026-09-24T22:41:13.7111510Z dist/assets/ibm-plex-sans-kr-51-500-normal-B3Qlfb5-.woff2          11.72 kB
Operator app	Run npm run build	2026-09-24T22:41:13.7112497Z dist/assets/ibm-plex-sans-kr-44-500-normal-CnrBiW8T.woff2          11.75 kB
Operator app	Run npm run build	2026-09-24T22:41:13.7113493Z dist/assets/ibm-plex-sans-kr-2-500-normal-CCn-pwD2.woff2           11.75 kB
Operator app	Run npm run build	2026-09-24T22:41:13.7114500Z dist/assets/ibm-plex-sans-kr-61-400-normal-DnyFjM_B.woff2          11.76 kB
Operator app	Run npm run build	2026-09-24T22:41:13.7115477Z dist/assets/ibm-plex-sans-kr-25-500-normal-DAuTWcSe.woff           11.78 kB
Operator app	Run npm run build	2026-09-24T22:41:13.7116446Z dist/assets/ibm-plex-sans-kr-25-600-normal-ClJ2q6nT.woff           11.79 kB
Operator app	Run npm run build	2026-09-24T22:41:13.7117402Z dist/assets/ibm-plex-sans-kr-47-500-normal-BWfN8bqy.woff           11.79 kB
Operator app	Run npm run build	2026-09-24T22:41:13.7118411Z dist/assets/ibm-plex-sans-kr-53-600-normal-3e73VLox.woff2          11.81 kB
Operator app	Run npm run build	2026-09-24T22:41:13.7119419Z dist/assets/ibm-plex-sans-kr-18-400-normal-Bs1zlN0G.woff2          11.81 kB
Operator app	Run npm run build	2026-09-24T22:41:13.7120416Z dist/assets/ibm-plex-sans-kr-54-400-normal-DShvO3nx.woff           11.82 kB
Operator app	Run npm run build	2026-09-24T22:41:13.7121653Z dist/assets/ibm-plex-sans-kr-44-600-normal-B1scqjS5.woff2          11.82 kB
Operator app	Run npm run build	2026-09-24T22:41:13.7122625Z dist/assets/ibm-plex-sans-kr-54-600-normal-HSAnxCQg.woff           11.83 kB
Operator app	Run npm run build	2026-09-24T22:41:13.7123670Z dist/assets/ibm-plex-sans-kr-58-500-normal-BFNTZIBF.woff2          11.85 kB
Operator app	Run npm run build	2026-09-24T22:41:13.7124940Z dist/assets/ibm-plex-sans-kr-54-500-normal-DjX9ImWQ.woff           11.86 kB
Operator app	Run npm run build	2026-09-24T22:41:13.7126029Z dist/assets/ibm-plex-sans-kr-50-400-normal-DSyr09Pi.woff           11.86 kB
Operator app	Run npm run build	2026-09-24T22:41:13.7127023Z dist/assets/ibm-plex-sans-kr-48-500-normal-B2EKWItw.woff2          11.87 kB
Operator app	Run npm run build	2026-09-24T22:41:13.7127616Z dist/assets/ibm-plex-sans-kr-15-400-normal-CBiEIaz5.woff2          11.88 kB
Operator app	Run npm run build	2026-09-24T22:41:13.7128199Z dist/assets/ibm-plex-sans-kr-18-500-normal-CNuq5r-l.woff           11.88 kB
Operator app	Run npm run build	2026-09-24T22:41:13.7128803Z dist/assets/ibm-plex-sans-kr-47-600-normal-CxMB4f1K.woff           11.88 kB
Operator app	Run npm run build	2026-09-24T22:41:13.7129410Z dist/assets/ibm-plex-sans-kr-40-500-normal-BuazCxCP.woff           11.90 kB
Operator app	Run npm run build	2026-09-24T22:41:13.7130004Z dist/assets/ibm-plex-sans-kr-55-400-normal-BIBVbLNo.woff2          11.90 kB
Operator app	Run npm run build	2026-09-24T22:41:13.7130597Z dist/assets/ibm-plex-sans-kr-36-400-normal-BT6SwwtR.woff2          11.91 kB
Operator app	Run npm run build	2026-09-24T22:41:13.7132086Z dist/assets/ibm-plex-sans-kr-56-400-normal-D6a133Nk.woff           11.91 kB
Operator app	Run npm run build	2026-09-24T22:41:13.7133181Z dist/assets/ibm-plex-sans-kr-56-400-normal-E_0UP4jm.woff2          11.93 kB
Operator app	Run npm run build	2026-09-24T22:41:13.7134255Z dist/assets/ibm-plex-sans-kr-118-400-normal-CPvF_U24.woff2         11.93 kB
Operator app	Run npm run build	2026-09-24T22:41:13.7135559Z dist/assets/ibm-plex-sans-kr-6-400-normal-CTPxjOYB.woff2           11.93 kB
Operator app	Run npm run build	2026-09-24T22:41:13.7136621Z dist/assets/ibm-plex-sans-kr-47-400-normal-BHD-6hCF.woff           11.94 kB
Operator app	Run npm run build	2026-09-24T22:41:13.7137672Z dist/assets/ibm-plex-sans-kr-50-500-normal-Bxw81ACJ.woff           11.97 kB
Operator app	Run npm run build	2026-09-24T22:41:13.7138717Z dist/assets/ibm-plex-sans-kr-53-500-normal-Cf9lqm0Z.woff           11.97 kB
Operator app	Run npm run build	2026-09-24T22:41:13.7139759Z dist/assets/ibm-plex-sans-kr-56-500-normal-BxiWtQ63.woff           11.98 kB
Operator app	Run npm run build	2026-09-24T22:41:13.7140820Z dist/assets/ibm-plex-sans-kr-53-400-normal-BPlmQmyN.woff           12.00 kB
Operator app	Run npm run build	2026-09-24T22:41:13.7142077Z dist/assets/ibm-plex-sans-kr-15-400-normal-D-mZ9inR.woff           12.00 kB
Operator app	Run npm run build	2026-09-24T22:41:13.7143132Z dist/assets/ibm-plex-sans-kr-18-600-normal-C0tjZHt0.woff           12.00 kB
Operator app	Run npm run build	2026-09-24T22:41:13.7144199Z dist/assets/ibm-plex-sans-kr-53-600-normal-CHFWjDbo.woff           12.00 kB
Operator app	Run npm run build	2026-09-24T22:41:13.7145258Z dist/assets/ibm-plex-sans-kr-6-400-normal-AY_mybA2.woff            12.02 kB
Operator app	Run npm run build	2026-09-24T22:41:13.7146344Z dist/assets/ibm-plex-sans-kr-40-600-normal-D79iYZbh.woff           12.02 kB
Operator app	Run npm run build	2026-09-24T22:41:13.7147481Z dist/assets/ibm-plex-sans-kr-64-600-normal-DdDi5wpQ.woff2          12.03 kB
Operator app	Run npm run build	2026-09-24T22:41:13.7148632Z dist/assets/ibm-plex-sans-kr-46-400-normal-K8yMYku4.woff           12.04 kB
Operator app	Run npm run build	2026-09-24T22:41:13.7149670Z dist/assets/ibm-plex-sans-kr-18-400-normal-BTtbRNyU.woff           12.04 kB
Operator app	Run npm run build	2026-09-24T22:41:13.7150642Z dist/assets/ibm-plex-sans-kr-50-600-normal-DwlyYo3O.woff           12.04 kB
Operator app	Run npm run build	2026-09-24T22:41:13.7151931Z dist/assets/ibm-plex-sans-kr-40-400-normal-BJCaISym.woff           12.05 kB
Operator app	Run npm run build	2026-09-24T22:41:13.7152894Z dist/assets/ibm-plex-sans-kr-46-600-normal-Yu7W5Ur_.woff           12.06 kB
Operator app	Run npm run build	2026-09-24T22:41:13.7153921Z dist/assets/ibm-plex-sans-kr-47-400-normal-DapCxPvn.woff2          12.06 kB
Operator app	Run npm run build	2026-09-24T22:41:13.7154973Z dist/assets/ibm-plex-sans-kr-6-600-normal-oGadQOpD.woff            12.06 kB
Operator app	Run npm run build	2026-09-24T22:41:13.7156027Z dist/assets/ibm-plex-sans-kr-46-500-normal-7ktFSJad.woff           12.07 kB
Operator app	Run npm run build	2026-09-24T22:41:13.7157045Z dist/assets/ibm-plex-sans-kr-15-600-normal-Dl-orC8M.woff           12.08 kB
Operator app	Run npm run build	2026-09-24T22:41:13.7158050Z dist/assets/ibm-plex-sans-kr-53-500-normal-CTkqgr8Q.woff2          12.08 kB
Operator app	Run npm run build	2026-09-24T22:41:13.7159073Z dist/assets/ibm-plex-sans-kr-2-600-normal-i3phtpOA.woff2           12.09 kB
Operator app	Run npm run build	2026-09-24T22:41:13.7160113Z dist/assets/ibm-plex-sans-kr-54-400-normal-B_JBM8HP.woff2          12.09 kB
Operator app	Run npm run build	2026-09-24T22:41:13.7161442Z dist/assets/ibm-plex-sans-kr-61-500-normal-BHfyY8C5.woff2          12.09 kB
Operator app	Run npm run build	2026-09-24T22:41:13.7162455Z dist/assets/ibm-plex-sans-kr-10-600-normal-BAjKvcG-.woff2          12.12 kB
Operator app	Run npm run build	2026-09-24T22:41:13.7163461Z dist/assets/ibm-plex-sans-kr-15-500-normal-BJiRyHxF.woff           12.13 kB
Operator app	Run npm run build	2026-09-24T22:41:13.7164494Z dist/assets/ibm-plex-sans-kr-50-600-normal-CNwgbPME.woff2          12.13 kB
Operator app	Run npm run build	2026-09-24T22:41:13.7165598Z dist/assets/ibm-plex-sans-kr-56-600-normal-hzikha37.woff           12.13 kB
Operator app	Run npm run build	2026-09-24T22:41:13.7166705Z dist/assets/ibm-plex-sans-kr-57-600-normal-BR6Du0PQ.woff           12.14 kB
Operator app	Run npm run build	2026-09-24T22:41:13.7167796Z dist/assets/ibm-plex-sans-kr-6-500-normal-Dke2b5Bz.woff            12.15 kB
Operator app	Run npm run build	2026-09-24T22:41:13.7168887Z dist/assets/ibm-plex-sans-kr-36-500-normal-B1iFWDLF.woff2          12.17 kB
Operator app	Run npm run build	2026-09-24T22:41:13.7169970Z dist/assets/ibm-plex-sans-kr-57-500-normal-BtBoxULz.woff           12.17 kB
Operator app	Run npm run build	2026-09-24T22:41:13.7171233Z dist/assets/ibm-plex-sans-kr-5-600-normal-vSSmYEgt.woff            12.18 kB
Operator app	Run npm run build	2026-09-24T22:41:13.7172329Z dist/assets/ibm-plex-sans-kr-52-500-normal-CBaFAE5p.woff           12.18 kB
Operator app	Run npm run build	2026-09-24T22:41:13.7173427Z dist/assets/ibm-plex-sans-kr-57-400-normal-CBQftTJt.woff           12.18 kB
Operator app	Run npm run build	2026-09-24T22:41:13.7174736Z dist/assets/ibm-plex-sans-kr-52-400-normal-DgbfUacv.woff           12.20 kB
Operator app	Run npm run build	2026-09-24T22:41:13.7175838Z dist/assets/ibm-plex-sans-kr-25-400-normal-C5hUXC4y.woff2          12.20 kB
Operator app	Run npm run build	2026-09-24T22:41:13.7176935Z dist/assets/ibm-plex-sans-kr-18-500-normal-BWeF5dyd.woff2          12.24 kB
Operator app	Run npm run build	2026-09-24T22:41:13.7178392Z dist/assets/ibm-plex-sans-kr-36-600-normal-kFFPHZH9.woff2          12.24 kB
Operator app	Run npm run build	2026-09-24T22:41:13.7179505Z dist/assets/ibm-plex-sans-kr-61-600-normal-ChG7s6jj.woff2          12.24 kB
Operator app	Run npm run build	2026-09-24T22:41:13.7180557Z dist/assets/ibm-plex-sans-kr-50-500-normal-B90Dmlwo.woff2          12.25 kB
Operator app	Run npm run build	2026-09-24T22:41:13.7181895Z dist/assets/ibm-plex-sans-kr-28-500-normal-BspvdxR3.woff           12.27 kB
Operator app	Run npm run build	2026-09-24T22:41:13.7182977Z dist/assets/ibm-plex-sans-kr-28-400-normal-DNnelfuN.woff           12.29 kB
Operator app	Run npm run build	2026-09-24T22:41:13.7184039Z dist/assets/ibm-plex-sans-kr-42-600-normal-BIw3yp_o.woff           12.29 kB
Operator app	Run npm run build	2026-09-24T22:41:13.7185028Z dist/assets/ibm-plex-sans-kr-43-500-normal-B_MM_0i3.woff           12.29 kB
Operator app	Run npm run build	2026-09-24T22:41:13.7186076Z dist/assets/ibm-plex-sans-kr-5-500-normal-L-1Rm88n.woff            12.30 kB
Operator app	Run npm run build	2026-09-24T22:41:13.7187077Z dist/assets/ibm-plex-sans-kr-42-500-normal-Y6rzavLQ.woff           12.30 kB
Operator app	Run npm run build	2026-09-24T22:41:13.7188125Z dist/assets/ibm-plex-sans-kr-52-600-normal-DpEHO2lx.woff           12.31 kB
Operator app	Run npm run build	2026-09-24T22:41:13.7189189Z dist/assets/ibm-plex-sans-kr-47-500-normal-CJrfuNV6.woff2          12.32 kB
Operator app	Run npm run build	2026-09-24T22:41:13.7190225Z dist/assets/ibm-plex-sans-kr-43-400-normal-rklqUmDh.woff           12.33 kB
Operator app	Run npm run build	2026-09-24T22:41:13.7191585Z dist/assets/ibm-plex-sans-kr-42-400-normal-mWRC9cE4.woff           12.36 kB
Operator app	Run npm run build	2026-09-24T22:41:13.7192646Z dist/assets/ibm-plex-sans-kr-43-600-normal-Dl6BB-Lj.woff           12.36 kB
Operator app	Run npm run build	2026-09-24T22:41:13.7193716Z dist/assets/ibm-plex-sans-kr-12-400-normal-AF35YmmH.woff2          12.37 kB
Operator app	Run npm run build	2026-09-24T22:41:13.7194769Z dist/assets/ibm-plex-sans-kr-37-400-normal-BiWBJPQ7.woff2          12.40 kB
Operator app	Run npm run build	2026-09-24T22:41:13.7195541Z dist/assets/ibm-plex-sans-kr-5-400-normal-BBWPbJ8R.woff2           12.40 kB
Operator app	Run npm run build	2026-09-24T22:41:13.7196167Z dist/assets/ibm-plex-sans-kr-5-400-normal-B1Nb7Dqt.woff            12.42 kB
Operator app	Run npm run build	2026-09-24T22:41:13.7196757Z dist/assets/ibm-plex-sans-kr-55-600-normal-ByArDHHI.woff2          12.42 kB
Operator app	Run npm run build	2026-09-24T22:41:13.7197376Z dist/assets/ibm-plex-sans-kr-56-600-normal-DScuu4Uu.woff2          12.42 kB
Operator app	Run npm run build	2026-09-24T22:41:13.7197989Z dist/assets/ibm-plex-sans-kr-31-600-normal-DWFfqfVJ.woff2          12.43 kB
Operator app	Run npm run build	2026-09-24T22:41:13.7198577Z dist/assets/ibm-plex-sans-kr-54-600-normal-CIir-_6C.woff2          12.43 kB
Operator app	Run npm run build	2026-09-24T22:41:13.7199169Z dist/assets/ibm-plex-sans-kr-63-500-normal-EwyND2AG.woff           12.43 kB
Operator app	Run npm run build	2026-09-24T22:41:13.7199751Z dist/assets/ibm-plex-sans-kr-35-600-normal-M066d6gr.woff           12.44 kB
Operator app	Run npm run build	2026-09-24T22:41:13.7200329Z dist/assets/ibm-plex-sans-kr-49-400-normal-BENNdZwd.woff2          12.44 kB
Operator app	Run npm run build	2026-09-24T22:41:13.7201209Z dist/assets/ibm-plex-sans-kr-46-400-normal-Z0YZvJMA.woff2          12.45 kB
Operator app	Run npm run build	2026-09-24T22:41:13.7201849Z dist/assets/ibm-plex-sans-kr-6-600-normal-CdfPYwdk.woff2           12.45 kB
Operator app	Run npm run build	2026-09-24T22:41:13.7202456Z dist/assets/ibm-plex-sans-kr-31-500-normal-nX_pe9VE.woff2          12.46 kB
Operator app	Run npm run build	2026-09-24T22:41:13.7203048Z dist/assets/ibm-plex-sans-kr-37-500-normal-B-MNJEe6.woff2          12.46 kB
Operator app	Run npm run build	2026-09-24T22:41:13.7203620Z dist/assets/ibm-plex-sans-kr-57-400-normal-F8LL-J5_.woff2          12.46 kB
Operator app	Run npm run build	2026-09-24T22:41:13.7204213Z dist/assets/ibm-plex-sans-kr-31-400-normal-DhPplA2S.woff2          12.48 kB
Operator app	Run npm run build	2026-09-24T22:41:13.7204807Z dist/assets/ibm-plex-sans-kr-7-400-normal-CDkAi-IU.woff2           12.48 kB
Operator app	Run npm run build	2026-09-24T22:41:13.7205394Z dist/assets/ibm-plex-sans-kr-47-600-normal-tmv6xC_z.woff2          12.48 kB
Operator app	Run npm run build	2026-09-24T22:41:13.7205977Z dist/assets/ibm-plex-sans-kr-6-500-normal-UElWVruj.woff2           12.48 kB
Operator app	Run npm run build	2026-09-24T22:41:13.7206572Z dist/assets/ibm-plex-sans-kr-34-400-normal-BFI-kcuc.woff           12.49 kB
Operator app	Run npm run build	2026-09-24T22:41:13.7207156Z dist/assets/ibm-plex-sans-kr-28-600-normal-BeDPvyp8.woff           12.51 kB
Operator app	Run npm run build	2026-09-24T22:41:13.7208142Z dist/assets/ibm-plex-sans-kr-9-500-normal-C6DRVnCw.woff            12.51 kB
Operator app	Run npm run build	2026-09-24T22:41:13.7208741Z dist/assets/ibm-plex-sans-kr-15-500-normal-BWepl2fS.woff2          12.52 kB
Operator app	Run npm run build	2026-09-24T22:41:13.7209331Z dist/assets/ibm-plex-sans-kr-37-600-normal-Cvgtdz7H.woff           12.52 kB
Operator app	Run npm run build	2026-09-24T22:41:13.7210024Z dist/assets/ibm-plex-sans-kr-45-600-normal-DNXvxDIf.woff2          12.52 kB
Operator app	Run npm run build	2026-09-24T22:41:13.7210613Z dist/assets/ibm-plex-sans-kr-9-400-normal-CeBwsqAD.woff            12.52 kB
Operator app	Run npm run build	2026-09-24T22:41:13.7211588Z dist/assets/ibm-plex-sans-kr-39-600-normal-DHmemGdc.woff           12.54 kB
Operator app	Run npm run build	2026-09-24T22:41:13.7212195Z dist/assets/ibm-plex-sans-kr-63-400-normal-Bi-DePsy.woff           12.54 kB
Operator app	Run npm run build	2026-09-24T22:41:13.7212781Z dist/assets/ibm-plex-sans-kr-9-600-normal-DWoOSbq5.woff            12.54 kB
Operator app	Run npm run build	2026-09-24T22:41:13.7213373Z dist/assets/ibm-plex-sans-kr-45-500-normal-uti_Zlfe.woff2          12.55 kB
Operator app	Run npm run build	2026-09-24T22:41:13.7213958Z dist/assets/ibm-plex-sans-kr-36-400-normal-Cd-eoA5H.woff           12.56 kB
Operator app	Run npm run build	2026-09-24T22:41:13.7214543Z dist/assets/ibm-plex-sans-kr-39-400-normal-WTG9_11D.woff           12.56 kB
Operator app	Run npm run build	2026-09-24T22:41:13.7215122Z dist/assets/ibm-plex-sans-kr-34-600-normal-Dkhx4lxu.woff           12.56 kB
Operator app	Run npm run build	2026-09-24T22:41:13.7215703Z dist/assets/ibm-plex-sans-kr-35-400-normal-D8XpW-jV.woff           12.56 kB
Operator app	Run npm run build	2026-09-24T22:41:13.7216289Z dist/assets/ibm-plex-sans-kr-49-400-normal-DrUErJVA.woff           12.56 kB
Operator app	Run npm run build	2026-09-24T22:41:13.7216879Z dist/assets/ibm-plex-sans-kr-63-600-normal-DXp5U46T.woff           12.56 kB
Operator app	Run npm run build	2026-09-24T22:41:13.7217461Z dist/assets/ibm-plex-sans-kr-35-400-normal-CHpiv9C7.woff2          12.57 kB
Operator app	Run npm run build	2026-09-24T22:41:13.7218044Z dist/assets/ibm-plex-sans-kr-37-400-normal-Bj7jp-Iz.woff           12.57 kB
Operator app	Run npm run build	2026-09-24T22:41:13.7218627Z dist/assets/ibm-plex-sans-kr-34-500-normal-CFjeJ1tN.woff           12.58 kB
Operator app	Run npm run build	2026-09-24T22:41:13.7219207Z dist/assets/ibm-plex-sans-kr-7-500-normal-DHoZsm8z.woff            12.58 kB
Operator app	Run npm run build	2026-09-24T22:41:13.7219787Z dist/assets/ibm-plex-sans-kr-56-500-normal-CpmKpo0e.woff2          12.58 kB
Operator app	Run npm run build	2026-09-24T22:41:13.7220380Z dist/assets/ibm-plex-sans-kr-23-400-normal-CUhld-kf.woff2          12.58 kB
Operator app	Run npm run build	2026-09-24T22:41:13.7221215Z dist/assets/ibm-plex-sans-kr-37-500-normal-B6-fjph3.woff           12.60 kB
Operator app	Run npm run build	2026-09-24T22:41:13.7221820Z dist/assets/ibm-plex-sans-kr-37-600-normal-CnPg-4RZ.woff2          12.60 kB
Operator app	Run npm run build	2026-09-24T22:41:13.7222438Z dist/assets/ibm-plex-sans-kr-28-400-normal-Bwghrgjh.woff2          12.62 kB
Operator app	Run npm run build	2026-09-24T22:41:13.7223025Z dist/assets/ibm-plex-sans-kr-106-400-normal-CKM4EqLH.woff2         12.62 kB
Operator app	Run npm run build	2026-09-24T22:41:13.7223609Z dist/assets/ibm-plex-sans-kr-35-500-normal-DxaJNFWV.woff           12.63 kB
Operator app	Run npm run build	2026-09-24T22:41:13.7224201Z dist/assets/ibm-plex-sans-kr-39-500-normal-C8uyz1B3.woff           12.63 kB
Operator app	Run npm run build	2026-09-24T22:41:13.7224780Z dist/assets/ibm-plex-sans-kr-12-500-normal-CRJzzWQI.woff2          12.64 kB
Operator app	Run npm run build	2026-09-24T22:41:13.7225364Z dist/assets/ibm-plex-sans-kr-18-600-normal-3CkcYQgr.woff2          12.64 kB
Operator app	Run npm run build	2026-09-24T22:41:13.7225949Z dist/assets/ibm-plex-sans-kr-52-400-normal-Dqrwgacb.woff2          12.64 kB
Operator app	Run npm run build	2026-09-24T22:41:13.7226541Z dist/assets/ibm-plex-sans-kr-54-500-normal-B5hzExpm.woff2          12.65 kB
Operator app	Run npm run build	2026-09-24T22:41:13.7227117Z dist/assets/ibm-plex-sans-kr-12-400-normal-J5xWG5gS.woff           12.65 kB
Operator app	Run npm run build	2026-09-24T22:41:13.7227698Z dist/assets/ibm-plex-sans-kr-12-500-normal-CZNo5Xam.woff           12.65 kB
Operator app	Run npm run build	2026-09-24T22:41:13.7228290Z dist/assets/ibm-plex-sans-kr-55-500-normal-Bd7gnpgG.woff2          12.66 kB
Operator app	Run npm run build	2026-09-24T22:41:13.7228874Z dist/assets/ibm-plex-sans-kr-49-600-normal-DHvPm2NF.woff           12.67 kB
Operator app	Run npm run build	2026-09-24T22:41:13.7229465Z dist/assets/ibm-plex-sans-kr-118-600-normal-SYUuQfwq.woff2         12.68 kB
Operator app	Run npm run build	2026-09-24T22:41:13.7230052Z dist/assets/ibm-plex-sans-kr-7-600-normal-CeGVp1rD.woff            12.69 kB
Operator app	Run npm run build	2026-09-24T22:41:13.7230632Z dist/assets/ibm-plex-sans-kr-12-600-normal-Cdi7mG90.woff           12.70 kB
Operator app	Run npm run build	2026-09-24T22:41:13.7231461Z dist/assets/ibm-plex-sans-kr-7-400-normal-VZ_YUdPy.woff            12.71 kB
Operator app	Run npm run build	2026-09-24T22:41:13.7232196Z dist/assets/ibm-plex-sans-kr-36-600-normal-DsGroCqE.woff           12.72 kB
Operator app	Run npm run build	2026-09-24T22:41:13.7232778Z dist/assets/ibm-plex-sans-kr-12-600-normal-Ba8rnT7_.woff2          12.72 kB
Operator app	Run npm run build	2026-09-24T22:41:13.7233361Z dist/assets/ibm-plex-sans-kr-7-600-normal-Dh7JSXz4.woff2           12.72 kB
Operator app	Run npm run build	2026-09-24T22:41:13.7234113Z dist/assets/ibm-plex-sans-kr-36-500-normal-brkbKZcZ.woff           12.74 kB
Operator app	Run npm run build	2026-09-24T22:41:13.7234690Z dist/assets/ibm-plex-sans-kr-15-600-normal-CAapLUyl.woff2          12.74 kB
Operator app	Run npm run build	2026-09-24T22:41:13.7235277Z dist/assets/ibm-plex-sans-kr-119-400-normal-CF0EWuft.woff2         12.75 kB
Operator app	Run npm run build	2026-09-24T22:41:13.7235853Z dist/assets/ibm-plex-sans-kr-31-400-normal-BnpH2dyr.woff           12.75 kB
Operator app	Run npm run build	2026-09-24T22:41:13.7236437Z dist/assets/ibm-plex-sans-kr-31-500-normal-BX-CPZrW.woff           12.75 kB
Operator app	Run npm run build	2026-09-24T22:41:13.7237025Z dist/assets/ibm-plex-sans-kr-118-500-normal-bGPKLk2B.woff2         12.76 kB
Operator app	Run npm run build	2026-09-24T22:41:13.7237606Z dist/assets/ibm-plex-sans-kr-43-400-normal-DofKP3XM.woff2          12.76 kB
Operator app	Run npm run build	2026-09-24T22:41:13.7238193Z dist/assets/ibm-plex-sans-kr-31-600-normal-BDIwmQD2.woff           12.76 kB
Operator app	Run npm run build	2026-09-24T22:41:13.7238775Z dist/assets/ibm-plex-sans-kr-25-600-normal-CpgWTSx7.woff2          12.77 kB
Operator app	Run npm run build	2026-09-24T22:41:13.7239351Z dist/assets/ibm-plex-sans-kr-49-500-normal-7q_oMxUd.woff           12.80 kB
Operator app	Run npm run build	2026-09-24T22:41:13.7239932Z dist/assets/ibm-plex-sans-kr-40-400-normal-DxlOKNb6.woff2          12.82 kB
Operator app	Run npm run build	2026-09-24T22:41:13.7240517Z dist/assets/ibm-plex-sans-kr-57-600-normal-CQ1redVd.woff2          12.82 kB
Operator app	Run npm run build	2026-09-24T22:41:13.7241399Z dist/assets/ibm-plex-sans-kr-14-400-normal-DPe2AXol.woff           12.83 kB
Operator app	Run npm run build	2026-09-24T22:41:13.7242025Z dist/assets/ibm-plex-sans-kr-35-600-normal-CD4ArYzM.woff2          12.87 kB
Operator app	Run npm run build	2026-09-24T22:41:13.7242633Z dist/assets/ibm-plex-sans-kr-52-600-normal-HtoGXJPD.woff2          12.90 kB
Operator app	Run npm run build	2026-09-24T22:41:13.7243226Z dist/assets/ibm-plex-sans-kr-5-600-normal-BV1Q-ya9.woff2           12.91 kB
Operator app	Run npm run build	2026-09-24T22:41:13.7243822Z dist/assets/ibm-plex-sans-kr-14-600-normal-BZRywIXe.woff           12.92 kB
Operator app	Run npm run build	2026-09-24T22:41:13.7244421Z dist/assets/ibm-plex-sans-kr-117-400-normal-Bqi1rgUh.woff2         12.92 kB
Operator app	Run npm run build	2026-09-24T22:41:13.7245002Z dist/assets/ibm-plex-sans-kr-34-400-normal-b_F-aCuz.woff2          12.93 kB
Operator app	Run npm run build	2026-09-24T22:41:13.7245581Z dist/assets/ibm-plex-sans-kr-57-500-normal-B4IoHQu1.woff2          12.98 kB
Operator app	Run npm run build	2026-09-24T22:41:13.7246187Z dist/assets/ibm-plex-sans-kr-5-500-normal-BAnyZ6Z-.woff2           13.01 kB
Operator app	Run npm run build	2026-09-24T22:41:13.7246780Z dist/assets/ibm-plex-sans-kr-35-500-normal-cydu_WKV.woff2          13.01 kB
Operator app	Run npm run build	2026-09-24T22:41:13.7247380Z dist/assets/ibm-plex-sans-kr-119-500-normal-Df4yrjnE.woff          13.02 kB
Operator app	Run npm run build	2026-09-24T22:41:13.7248138Z dist/assets/ibm-plex-sans-kr-13-400-normal-CpXdOOTc.woff2          13.02 kB
Operator app	Run npm run build	2026-09-24T22:41:13.7248783Z dist/assets/ibm-plex-sans-kr-23-500-normal-CCfThX_w.woff2          13.03 kB
Operator app	Run npm run build	2026-09-24T22:41:13.7249365Z dist/assets/ibm-plex-sans-kr-49-600-normal-B9kwAyIi.woff2          13.03 kB
Operator app	Run npm run build	2026-09-24T22:41:13.7249952Z dist/assets/ibm-plex-sans-kr-14-500-normal-Y4UlonKU.woff           13.04 kB
Operator app	Run npm run build	2026-09-24T22:41:13.7250746Z dist/assets/ibm-plex-sans-kr-7-500-normal-CoHWPa7p.woff2           13.04 kB
Operator app	Run npm run build	2026-09-24T22:41:13.7251928Z dist/assets/ibm-plex-sans-kr-59-600-normal-BuQf4YmM.woff           13.07 kB
Operator app	Run npm run build	2026-09-24T22:41:13.7252531Z dist/assets/ibm-plex-sans-kr-25-500-normal-Dx_nna5V.woff2          13.08 kB
Operator app	Run npm run build	2026-09-24T22:41:13.7253301Z dist/assets/ibm-plex-sans-kr-42-400-normal-Cgyyi6Mk.woff2          13.10 kB
Operator app	Run npm run build	2026-09-24T22:41:13.7253903Z dist/assets/ibm-plex-sans-kr-23-600-normal-CR-CWSvQ.woff2          13.11 kB
Operator app	Run npm run build	2026-09-24T22:41:13.7254677Z dist/assets/ibm-plex-sans-kr-52-500-normal-PI1BlAgy.woff2          13.12 kB
Operator app	Run npm run build	2026-09-24T22:41:13.7255427Z dist/assets/ibm-plex-sans-kr-105-500-normal-CwEuw_bU.woff2         13.14 kB
Operator app	Run npm run build	2026-09-24T22:41:13.7256037Z dist/assets/ibm-plex-sans-kr-105-600-normal-Bdo6QjXy.woff2         13.14 kB
Operator app	Run npm run build	2026-09-24T22:41:13.7256800Z dist/assets/ibm-plex-sans-kr-119-600-normal-CSej5QVJ.woff          13.14 kB
Operator app	Run npm run build	2026-09-24T22:41:13.7257684Z dist/assets/ibm-plex-sans-kr-14-400-normal-C-oyfrUa.woff2          13.15 kB
Operator app	Run npm run build	2026-09-24T22:41:13.7258375Z dist/assets/ibm-plex-sans-kr-13-400-normal-eM8eMXyQ.woff           13.16 kB
Operator app	Run npm run build	2026-09-24T22:41:13.7259146Z dist/assets/ibm-plex-sans-kr-43-600-normal-BPJjrS1c.woff2          13.16 kB
Operator app	Run npm run build	2026-09-24T22:41:13.7259892Z dist/assets/ibm-plex-sans-kr-23-400-normal-DTBYTMn7.woff           13.17 kB
Operator app	Run npm run build	2026-09-24T22:41:13.7260657Z dist/assets/ibm-plex-sans-kr-17-400-normal-BDhrvRnL.woff2          13.18 kB
Operator app	Run npm run build	2026-09-24T22:41:13.7261631Z dist/assets/ibm-plex-sans-kr-46-500-normal-DSzZPjD2.woff2          13.19 kB
Operator app	Run npm run build	2026-09-24T22:41:13.7262228Z dist/assets/ibm-plex-sans-kr-49-500-normal-BN2Nz7gV.woff2          13.19 kB
Operator app	Run npm run build	2026-09-24T22:41:13.7262993Z dist/assets/ibm-plex-sans-kr-40-500-normal-BCFCRCdk.woff2          13.22 kB
Operator app	Run npm run build	2026-09-24T22:41:13.7263642Z dist/assets/ibm-plex-sans-kr-63-400-normal-DbEg4X6i.woff2          13.24 kB
Operator app	Run npm run build	2026-09-24T22:41:13.7264319Z dist/assets/ibm-plex-sans-kr-23-500-normal-B9nBP66o.woff           13.26 kB
Operator app	Run npm run build	2026-09-24T22:41:13.7265079Z dist/assets/ibm-plex-sans-kr-40-600-normal-DyMFY3yG.woff2          13.28 kB
Operator app	Run npm run build	2026-09-24T22:41:13.7265672Z dist/assets/ibm-plex-sans-kr-28-500-normal-Kfg687Jz.woff2          13.29 kB
Operator app	Run npm run build	2026-09-24T22:41:13.7266425Z dist/assets/ibm-plex-sans-kr-62-400-normal-BIF8JT4K.woff2          13.30 kB
Operator app	Run npm run build	2026-09-24T22:41:13.7267038Z dist/assets/ibm-plex-sans-kr-28-600-normal-BBQsSgWd.woff2          13.30 kB
Operator app	Run npm run build	2026-09-24T22:41:13.7267790Z dist/assets/ibm-plex-sans-kr-42-600-normal-CgHlrSUg.woff2          13.30 kB
Operator app	Run npm run build	2026-09-24T22:41:13.7268520Z dist/assets/ibm-plex-sans-kr-13-500-normal-DNr72JYY.woff           13.32 kB
Operator app	Run npm run build	2026-09-24T22:41:13.7269124Z dist/assets/ibm-plex-sans-kr-23-600-normal-Cq5mpPr_.woff           13.32 kB
Operator app	Run npm run build	2026-09-24T22:41:13.7269872Z dist/assets/ibm-plex-sans-kr-59-500-normal-CyiP_8_L.woff           13.33 kB
Operator app	Run npm run build	2026-09-24T22:41:13.7270466Z dist/assets/ibm-plex-sans-kr-60-400-normal-CEDE9rS0.woff           13.34 kB
Operator app	Run npm run build	2026-09-24T22:41:13.7271317Z dist/assets/ibm-plex-sans-kr-59-400-normal-BHAiqXEM.woff2          13.36 kB
Operator app	Run npm run build	2026-09-24T22:41:13.7272094Z dist/assets/ibm-plex-sans-kr-62-400-normal-BMQQOADr.woff           13.38 kB
Operator app	Run npm run build	2026-09-24T22:41:13.7272706Z dist/assets/ibm-plex-sans-kr-59-400-normal-B-8F2Uet.woff           13.39 kB
Operator app	Run npm run build	2026-09-24T22:41:13.7273462Z dist/assets/ibm-plex-sans-kr-62-500-normal-DbYRmfJO.woff           13.39 kB
Operator app	Run npm run build	2026-09-24T22:41:13.7274076Z dist/assets/ibm-plex-sans-kr-9-400-normal-DJinq116.woff2           13.39 kB
Operator app	Run npm run build	2026-09-24T22:41:13.7274847Z dist/assets/ibm-plex-sans-kr-60-500-normal-Bs-OK-6m.woff           13.39 kB
Operator app	Run npm run build	2026-09-24T22:41:13.7275571Z dist/assets/ibm-plex-sans-kr-13-600-normal-DXBEl0OU.woff           13.40 kB
Operator app	Run npm run build	2026-09-24T22:41:13.7276180Z dist/assets/ibm-plex-sans-kr-17-500-normal-BI9iG84Y.woff           13.40 kB
Operator app	Run npm run build	2026-09-24T22:41:13.7276914Z dist/assets/ibm-plex-sans-kr-4-600-normal-BGAcZoa5.woff            13.41 kB
Operator app	Run npm run build	2026-09-24T22:41:13.7277508Z dist/assets/ibm-plex-sans-kr-43-500-normal-DYkscpdQ.woff2          13.45 kB
Operator app	Run npm run build	2026-09-24T22:41:13.7278258Z dist/assets/ibm-plex-sans-kr-62-600-normal-BwPZY4No.woff           13.45 kB
Operator app	Run npm run build	2026-09-24T22:41:13.7278856Z dist/assets/ibm-plex-sans-kr-17-400-normal-BOjgDpon.woff           13.46 kB
Operator app	Run npm run build	2026-09-24T22:41:13.7279610Z dist/assets/ibm-plex-sans-kr-60-400-normal-z5dDoQx9.woff2          13.50 kB
Operator app	Run npm run build	2026-09-24T22:41:13.7280335Z dist/assets/ibm-plex-sans-kr-60-600-normal-OLqttnKu.woff           13.57 kB
Operator app	Run npm run build	2026-09-24T22:41:13.7281076Z dist/assets/ibm-plex-sans-kr-34-500-normal-JswnezOz.woff2          13.58 kB
Operator app	Run npm run build	2026-09-24T22:41:13.7281881Z dist/assets/ibm-plex-sans-kr-59-500-normal-Ddlt4yS6.woff2          13.58 kB
Operator app	Run npm run build	2026-09-24T22:41:13.7282566Z dist/assets/ibm-plex-sans-kr-4-500-normal-CZSxnr6K.woff            13.59 kB
Operator app	Run npm run build	2026-09-24T22:41:13.7283237Z dist/assets/ibm-plex-sans-kr-59-600-normal-B-CGe3sL.woff2          13.60 kB
Operator app	Run npm run build	2026-09-24T22:41:13.7283981Z dist/assets/ibm-plex-sans-kr-34-600-normal-BwgNjnnm.woff2          13.62 kB
Operator app	Run npm run build	2026-09-24T22:41:13.7284577Z dist/assets/ibm-plex-sans-kr-4-400-normal-1GfpLFeR.woff            13.66 kB
Operator app	Run npm run build	2026-09-24T22:41:13.7285314Z dist/assets/ibm-plex-sans-kr-62-500-normal-lDNHneib.woff2          13.67 kB
Operator app	Run npm run build	2026-09-24T22:41:13.7286230Z dist/assets/ibm-plex-sans-kr-22-400-normal-3CnvMMD7.woff2          13.68 kB
Operator app	Run npm run build	2026-09-24T22:41:13.7286845Z dist/assets/ibm-plex-sans-kr-22-600-normal-bBSJai_o.woff           13.68 kB
Operator app	Run npm run build	2026-09-24T22:41:13.7287793Z dist/assets/ibm-plex-sans-kr-39-400-normal-BzR2eDWi.woff2          13.68 kB
Operator app	Run npm run build	2026-09-24T22:41:13.7288464Z dist/assets/ibm-plex-sans-kr-27-500-normal-CPgbZ_eJ.woff           13.72 kB
Operator app	Run npm run build	2026-09-24T22:41:13.7289156Z dist/assets/ibm-plex-sans-kr-17-600-normal-uD_8VqjX.woff           13.73 kB
Operator app	Run npm run build	2026-09-24T22:41:13.7289886Z dist/assets/ibm-plex-sans-kr-26-600-normal-bxA4bluv.woff           13.73 kB
Operator app	Run npm run build	2026-09-24T22:41:13.7290498Z dist/assets/ibm-plex-sans-kr-119-600-normal-CWNURXbv.woff2         13.74 kB
Operator app	Run npm run build	2026-09-24T22:41:13.7291379Z dist/assets/ibm-plex-sans-kr-14-600-normal-BEKBLOkr.woff2          13.76 kB
Operator app	Run npm run build	2026-09-24T22:41:13.7292003Z dist/assets/ibm-plex-sans-kr-106-600-normal-o84Tuavw.woff2         13.77 kB
Operator app	Run npm run build	2026-09-24T22:41:13.7292754Z dist/assets/ibm-plex-sans-kr-62-600-normal-CCy9m1Yi.woff2          13.77 kB
Operator app	Run npm run build	2026-09-24T22:41:13.7293488Z dist/assets/ibm-plex-sans-kr-13-500-normal-DVkNF81I.woff2          13.80 kB
Operator app	Run npm run build	2026-09-24T22:41:13.7294099Z dist/assets/ibm-plex-sans-kr-42-500-normal-DceQ0siJ.woff2          13.81 kB
Operator app	Run npm run build	2026-09-24T22:41:13.7294848Z dist/assets/ibm-plex-sans-kr-106-500-normal-waJW03NJ.woff2         13.81 kB
Operator app	Run npm run build	2026-09-24T22:41:13.7295457Z dist/assets/ibm-plex-sans-kr-17-500-normal-B5RrK24I.woff2          13.82 kB
Operator app	Run npm run build	2026-09-24T22:41:13.7296207Z dist/assets/ibm-plex-sans-kr-22-400-normal-TNl1bUeL.woff           13.82 kB
Operator app	Run npm run build	2026-09-24T22:41:13.7296927Z dist/assets/ibm-plex-sans-kr-119-500-normal-CJJ-meqF.woff2         13.82 kB
Operator app	Run npm run build	2026-09-24T22:41:13.7297581Z dist/assets/ibm-plex-sans-kr-22-600-normal-B4PQFGba.woff2          13.85 kB
Operator app	Run npm run build	2026-09-24T22:41:13.7298330Z dist/assets/ibm-plex-sans-kr-46-600-normal-CfEBl86K.woff2          13.86 kB
Operator app	Run npm run build	2026-09-24T22:41:13.7298922Z dist/assets/ibm-plex-sans-kr-16-400-normal-CKSk9toV.woff2          13.86 kB
Operator app	Run npm run build	2026-09-24T22:41:13.7299678Z dist/assets/ibm-plex-sans-kr-26-400-normal-BDNWBg-b.woff           13.86 kB
Operator app	Run npm run build	2026-09-24T22:41:13.7300326Z dist/assets/ibm-plex-sans-kr-63-500-normal-DnCEtrzT.woff2          13.88 kB
Operator app	Run npm run build	2026-09-24T22:41:13.7301135Z dist/assets/ibm-plex-sans-kr-22-500-normal-B4MFCOia.woff           13.90 kB
Operator app	Run npm run build	2026-09-24T22:41:13.7301929Z dist/assets/ibm-plex-sans-kr-27-600-normal-C07c5If1.woff           13.90 kB
Operator app	Run npm run build	2026-09-24T22:41:13.7302512Z dist/assets/ibm-plex-sans-kr-27-400-normal-Dy5-YEOY.woff           13.92 kB
Operator app	Run npm run build	2026-09-24T22:41:13.7303299Z dist/assets/ibm-plex-sans-kr-26-500-normal-BKPcd-dF.woff           13.93 kB
Operator app	Run npm run build	2026-09-24T22:41:13.7304042Z dist/assets/ibm-plex-sans-kr-latin-400-normal-7kwLL-e3.woff        13.94 kB
Operator app	Run npm run build	2026-09-24T22:41:13.7304648Z dist/assets/ibm-plex-sans-kr-63-600-normal-B_hznMYb.woff2          13.96 kB
Operator app	Run npm run build	2026-09-24T22:41:13.7305384Z dist/assets/ibm-plex-sans-kr-24-500-normal-Cv5QDDSV.woff           14.02 kB
Operator app	Run npm run build	2026-09-24T22:41:13.7305982Z dist/assets/ibm-plex-sans-kr-16-400-normal-DNGmaJIL.woff           14.06 kB
Operator app	Run npm run build	2026-09-24T22:41:13.7306767Z dist/assets/ibm-plex-sans-kr-112-400-normal-BJLUyYDo.woff2         14.07 kB
Operator app	Run npm run build	2026-09-24T22:41:13.7307451Z dist/assets/ibm-plex-sans-kr-60-500-normal-Dt1XTT7t.woff2          14.08 kB
Operator app	Run npm run build	2026-09-24T22:41:13.7308119Z dist/assets/ibm-plex-sans-kr-16-600-normal-DDZagcz1.woff           14.13 kB
Operator app	Run npm run build	2026-09-24T22:41:13.7308873Z dist/assets/ibm-plex-sans-kr-117-500-normal-B8S6P0qk.woff2         14.14 kB
Operator app	Run npm run build	2026-09-24T22:41:13.7309471Z dist/assets/ibm-plex-sans-kr-14-500-normal-C6PSB_z7.woff2          14.16 kB
Operator app	Run npm run build	2026-09-24T22:41:13.7310216Z dist/assets/ibm-plex-sans-kr-16-500-normal-CmCp5IpX.woff           14.17 kB
Operator app	Run npm run build	2026-09-24T22:41:13.7310823Z dist/assets/ibm-plex-sans-kr-117-600-normal-CVV1AoIy.woff2         14.18 kB
Operator app	Run npm run build	2026-09-24T22:41:13.7311700Z dist/assets/ibm-plex-sans-kr-24-400-normal-DDVUYQLq.woff           14.20 kB
Operator app	Run npm run build	2026-09-24T22:41:13.7312304Z dist/assets/ibm-plex-sans-kr-60-600-normal-Bl94dFYa.woff2          14.22 kB
Operator app	Run npm run build	2026-09-24T22:41:13.7313061Z dist/assets/ibm-plex-sans-kr-22-500-normal-9RYlHGVt.woff2          14.25 kB
Operator app	Run npm run build	2026-09-24T22:41:13.7313809Z dist/assets/ibm-plex-sans-kr-115-400-normal-6-qa9Uj4.woff2         14.26 kB
Operator app	Run npm run build	2026-09-24T22:41:13.7314414Z dist/assets/ibm-plex-sans-kr-39-600-normal-DxNgVy70.woff2          14.28 kB
Operator app	Run npm run build	2026-09-24T22:41:13.7315303Z dist/assets/ibm-plex-sans-kr-4-400-normal-BSOJFi3M.woff2           14.32 kB
Operator app	Run npm run build	2026-09-24T22:41:13.7315901Z dist/assets/ibm-plex-sans-kr-116-400-normal-CPQAppG5.woff2         14.34 kB
Operator app	Run npm run build	2026-09-24T22:41:13.7316513Z dist/assets/ibm-plex-sans-kr-13-600-normal-ON8tPSnT.woff2          14.35 kB
Operator app	Run npm run build	2026-09-24T22:41:13.7317103Z dist/assets/ibm-plex-sans-kr-33-500-normal-DrcDIvwW.woff           14.35 kB
Operator app	Run npm run build	2026-09-24T22:41:13.7317686Z dist/assets/ibm-plex-sans-kr-107-400-normal-DFBsPAhk.woff2         14.36 kB
Operator app	Run npm run build	2026-09-24T22:41:13.7318276Z dist/assets/ibm-plex-sans-kr-24-600-normal-DL0LF1av.woff           14.37 kB
Operator app	Run npm run build	2026-09-24T22:41:13.7319008Z dist/assets/ibm-plex-sans-kr-114-400-normal-Bpqw4_PX.woff2         14.38 kB
Operator app	Run npm run build	2026-09-24T22:41:13.7319623Z dist/assets/ibm-plex-sans-kr-39-500-normal-CeHGwbYp.woff2          14.40 kB
Operator app	Run npm run build	2026-09-24T22:41:13.7320216Z dist/assets/ibm-plex-sans-kr-33-400-normal-BEJcB5Pj.woff           14.40 kB
Operator app	Run npm run build	2026-09-24T22:41:13.7320800Z dist/assets/ibm-plex-sans-kr-21-400-normal-Cv3FeIij.woff2          14.42 kB
Operator app	Run npm run build	2026-09-24T22:41:13.7321618Z dist/assets/ibm-plex-sans-kr-108-400-normal-DbmD_Owd.woff2         14.42 kB
Operator app	Run npm run build	2026-09-24T22:41:13.7322226Z dist/assets/ibm-plex-sans-kr-33-600-normal-Dk43PWfK.woff           14.43 kB
Operator app	Run npm run build	2026-09-24T22:41:13.7322810Z dist/assets/ibm-plex-sans-kr-3-400-normal-01r-uCGK.woff            14.44 kB
Operator app	Run npm run build	2026-09-24T22:41:13.7323406Z dist/assets/ibm-plex-sans-kr-3-600-normal-OOnXi3dj.woff            14.46 kB
Operator app	Run npm run build	2026-09-24T22:41:13.7324005Z dist/assets/ibm-plex-sans-kr-3-500-normal-BF7AAfCm.woff            14.50 kB
Operator app	Run npm run build	2026-09-24T22:41:13.7324588Z dist/assets/ibm-plex-sans-kr-33-400-normal-DOnua0XC.woff2          14.50 kB
Operator app	Run npm run build	2026-09-24T22:41:13.7325177Z dist/assets/ibm-plex-sans-kr-24-400-normal-BCEQWDh5.woff2          14.51 kB
Operator app	Run npm run build	2026-09-24T22:41:13.7325880Z dist/assets/ibm-plex-sans-kr-21-600-normal-CJHvMuEH.woff2          14.52 kB
Operator app	Run npm run build	2026-09-24T22:41:13.7326512Z dist/assets/ibm-plex-sans-kr-109-400-normal-ChZ2CLi-.woff2         14.64 kB
Operator app	Run npm run build	2026-09-24T22:41:13.7327109Z dist/assets/ibm-plex-sans-kr-9-500-normal-C3WEWxiq.woff2           14.66 kB
Operator app	Run npm run build	2026-09-24T22:41:13.7327709Z dist/assets/ibm-plex-sans-kr-113-400-normal-CEDRAc_f.woff2         14.74 kB
Operator app	Run npm run build	2026-09-24T22:41:13.7328288Z dist/assets/ibm-plex-sans-kr-29-400-normal-gP3qcvie.woff2          14.76 kB
Operator app	Run npm run build	2026-09-24T22:41:13.7328872Z dist/assets/ibm-plex-sans-kr-29-600-normal-Dn9kzegM.woff2          14.76 kB
Operator app	Run npm run build	2026-09-24T22:41:13.7329459Z dist/assets/ibm-plex-sans-kr-21-500-normal-Bq99UyTU.woff2          14.80 kB
Operator app	Run npm run build	2026-09-24T22:41:13.7330039Z dist/assets/ibm-plex-sans-kr-19-600-normal-DcS6irVl.woff2          14.81 kB
Operator app	Run npm run build	2026-09-24T22:41:13.7330622Z dist/assets/ibm-plex-sans-kr-21-400-normal-Dml5TFym.woff           14.82 kB
Operator app	Run npm run build	2026-09-24T22:41:13.7331457Z dist/assets/ibm-plex-sans-kr-110-400-normal-DvUF8GMi.woff2         14.85 kB
Operator app	Run npm run build	2026-09-24T22:41:13.7332076Z dist/assets/ibm-plex-sans-kr-111-400-normal-DaCXFUcH.woff2         14.87 kB
Operator app	Run npm run build	2026-09-24T22:41:13.7332669Z dist/assets/ibm-plex-sans-kr-19-400-normal-CCVU2G9b.woff2          14.91 kB
Operator app	Run npm run build	2026-09-24T22:41:13.7333260Z dist/assets/ibm-plex-sans-kr-32-500-normal-BFr0uy16.woff           14.92 kB
Operator app	Run npm run build	2026-09-24T22:41:13.7333850Z dist/assets/ibm-plex-sans-kr-21-500-normal-DNGhvuIq.woff           14.93 kB
Operator app	Run npm run build	2026-09-24T22:41:13.7334431Z dist/assets/ibm-plex-sans-kr-32-400-normal-GRBsq_TQ.woff           14.95 kB
Operator app	Run npm run build	2026-09-24T22:41:13.7335017Z dist/assets/ibm-plex-sans-kr-29-600-normal-B0Nsm10J.woff           14.97 kB
Operator app	Run npm run build	2026-09-24T22:41:13.7335601Z dist/assets/ibm-plex-sans-kr-32-600-normal-qBGKeeZh.woff           14.99 kB
Operator app	Run npm run build	2026-09-24T22:41:13.7336184Z dist/assets/ibm-plex-sans-kr-32-400-normal-BkNndOiq.woff2          15.01 kB
Operator app	Run npm run build	2026-09-24T22:41:13.7336771Z dist/assets/ibm-plex-sans-kr-33-600-normal-_9rnVtrt.woff2          15.04 kB
Operator app	Run npm run build	2026-09-24T22:41:13.7337354Z dist/assets/ibm-plex-sans-kr-9-600-normal-DraA-1Zl.woff2           15.06 kB
Operator app	Run npm run build	2026-09-24T22:41:13.7338091Z dist/assets/ibm-plex-sans-kr-4-500-normal-DYhdxHR-.woff2           15.07 kB
Operator app	Run npm run build	2026-09-24T22:41:13.7338683Z dist/assets/ibm-plex-sans-kr-21-600-normal-ChXV0eBj.woff           15.10 kB
Operator app	Run npm run build	2026-09-24T22:41:13.7339536Z dist/assets/ibm-plex-sans-kr-29-500-normal-BsGS2LIm.woff2          15.10 kB
Operator app	Run npm run build	2026-09-24T22:41:13.7340147Z dist/assets/ibm-plex-sans-kr-latin-400-normal-Bc7vhvxM.woff2       15.11 kB
Operator app	Run npm run build	2026-09-24T22:41:13.7340750Z dist/assets/ibm-plex-sans-kr-30-500-normal-C_KfcsGa.woff2          15.12 kB
Operator app	Run npm run build	2026-09-24T22:41:13.7341575Z dist/assets/ibm-plex-sans-kr-29-400-normal-Dj7VksMf.woff           15.12 kB
Operator app	Run npm run build	2026-09-24T22:41:13.7342174Z dist/assets/ibm-plex-sans-kr-30-600-normal-CHYuKtvD.woff           15.16 kB
Operator app	Run npm run build	2026-09-24T22:41:13.7342785Z dist/assets/ibm-plex-sans-kr-4-600-normal-DP-OzMv8.woff2           15.16 kB
Operator app	Run npm run build	2026-09-24T22:41:13.7343374Z dist/assets/ibm-plex-sans-kr-30-400-normal-D9W6fT0U.woff2          15.18 kB
Operator app	Run npm run build	2026-09-24T22:41:13.7343979Z dist/assets/ibm-plex-sans-kr-26-400-normal-BnV7FV79.woff2          15.18 kB
Operator app	Run npm run build	2026-09-24T22:41:13.7344569Z dist/assets/ibm-plex-sans-kr-17-600-normal-BeTmwP_K.woff2          15.22 kB
Operator app	Run npm run build	2026-09-24T22:41:13.7345154Z dist/assets/ibm-plex-sans-kr-19-500-normal-lytT2cFM.woff2          15.24 kB
Operator app	Run npm run build	2026-09-24T22:41:13.7345750Z dist/assets/ibm-plex-sans-kr-16-500-normal-CDsqjPM5.woff2          15.24 kB
Operator app	Run npm run build	2026-09-24T22:41:13.7346344Z dist/assets/ibm-plex-sans-kr-30-500-normal-D4wCcu5D.woff           15.26 kB
Operator app	Run npm run build	2026-09-24T22:41:13.7346930Z dist/assets/ibm-plex-sans-kr-3-400-normal-MpgNCYqt.woff2           15.28 kB
Operator app	Run npm run build	2026-09-24T22:41:13.7347520Z dist/assets/ibm-plex-sans-kr-30-400-normal-4H84KBjL.woff           15.28 kB
Operator app	Run npm run build	2026-09-24T22:41:13.7348113Z dist/assets/ibm-plex-sans-kr-32-500-normal-xYF7ztoJ.woff2          15.30 kB
Operator app	Run npm run build	2026-09-24T22:41:13.7348746Z dist/assets/ibm-plex-sans-kr-115-500-normal-HzYFTBDK.woff2         15.31 kB
Operator app	Run npm run build	2026-09-24T22:41:13.7349333Z dist/assets/ibm-plex-sans-kr-24-500-normal-xY0ze7De.woff2          15.31 kB
Operator app	Run npm run build	2026-09-24T22:41:13.7349935Z dist/assets/ibm-plex-sans-kr-29-500-normal-DrYYhV-u.woff           15.34 kB
Operator app	Run npm run build	2026-09-24T22:41:13.7350520Z dist/assets/ibm-plex-sans-kr-32-600-normal-Dc31ixSD.woff2          15.34 kB
Operator app	Run npm run build	2026-09-24T22:41:13.7351405Z dist/assets/ibm-plex-sans-kr-33-500-normal-C9zC6FjO.woff2          15.34 kB
Operator app	Run npm run build	2026-09-24T22:41:13.7352009Z dist/assets/ibm-plex-sans-kr-27-400-normal-B5ZhKYLO.woff2          15.44 kB
Operator app	Run npm run build	2026-09-24T22:41:13.7352601Z dist/assets/ibm-plex-sans-kr-30-600-normal-DAX8ENIb.woff2          15.44 kB
Operator app	Run npm run build	2026-09-24T22:41:13.7353193Z dist/assets/ibm-plex-sans-kr-116-600-normal-pwYieqoq.woff2         15.45 kB
Operator app	Run npm run build	2026-09-24T22:41:13.7353792Z dist/assets/ibm-plex-sans-kr-24-600-normal-DyaIQrhK.woff2          15.50 kB
Operator app	Run npm run build	2026-09-24T22:41:13.7354373Z dist/assets/ibm-plex-sans-kr-112-500-normal-CZCyW_ny.woff2         15.56 kB
Operator app	Run npm run build	2026-09-24T22:41:13.7354959Z dist/assets/ibm-plex-sans-kr-latin-500-normal-DMi_vAK3.woff        15.58 kB
Operator app	Run npm run build	2026-09-24T22:41:13.7355552Z dist/assets/ibm-plex-sans-kr-20-400-normal-2BRpmgCV.woff2          15.66 kB
Operator app	Run npm run build	2026-09-24T22:41:13.7356143Z dist/assets/ibm-plex-sans-kr-116-500-normal-BARxh3Ni.woff2         15.67 kB
Operator app	Run npm run build	2026-09-24T22:41:13.7356730Z dist/assets/ibm-plex-sans-kr-108-600-normal-Cz9v4gjx.woff2         15.69 kB
Operator app	Run npm run build	2026-09-24T22:41:13.7357325Z dist/assets/ibm-plex-sans-kr-20-600-normal-CKeHRgKb.woff           15.69 kB
Operator app	Run npm run build	2026-09-24T22:41:13.7357915Z dist/assets/ibm-plex-sans-kr-19-600-normal-w0hsbhoe.woff           15.70 kB
Operator app	Run npm run build	2026-09-24T22:41:13.7358508Z dist/assets/ibm-plex-sans-kr-latin-600-normal-yks4z4wu.woff        15.72 kB
Operator app	Run npm run build	2026-09-24T22:41:13.7359103Z dist/assets/ibm-plex-sans-kr-108-500-normal-CdP8F2Jv.woff2         15.77 kB
Operator app	Run npm run build	2026-09-24T22:41:13.7359693Z dist/assets/ibm-plex-sans-kr-26-600-normal-BQpAkNz5.woff2          15.79 kB
Operator app	Run npm run build	2026-09-24T22:41:13.7360276Z dist/assets/ibm-plex-sans-kr-115-600-normal-CokKDsRY.woff2         15.81 kB
Operator app	Run npm run build	2026-09-24T22:41:13.7361050Z dist/assets/ibm-plex-sans-kr-19-400-normal-dcW_ilWW.woff           15.82 kB
Operator app	Run npm run build	2026-09-24T22:41:13.7361722Z dist/assets/ibm-plex-sans-kr-112-600-normal-nFX-cMXi.woff2         15.84 kB
Operator app	Run npm run build	2026-09-24T22:41:13.7362469Z dist/assets/ibm-plex-sans-kr-19-500-normal-33mABreN.woff           15.86 kB
Operator app	Run npm run build	2026-09-24T22:41:13.7363059Z dist/assets/ibm-plex-sans-kr-20-400-normal-B2cWSh78.woff           15.86 kB
Operator app	Run npm run build	2026-09-24T22:41:13.7363753Z dist/assets/ibm-plex-sans-kr-27-600-normal-C6bVD75P.woff2          15.92 kB
Operator app	Run npm run build	2026-09-24T22:41:13.7364342Z dist/assets/ibm-plex-sans-kr-20-500-normal-CrfFBvwl.woff           15.93 kB
Operator app	Run npm run build	2026-09-24T22:41:13.7364933Z dist/assets/ibm-plex-sans-kr-27-500-normal-Bqt-c90l.woff2          15.94 kB
Operator app	Run npm run build	2026-09-24T22:41:13.7365522Z dist/assets/ibm-plex-sans-kr-107-500-normal-CywikKdj.woff2         16.02 kB
Operator app	Run npm run build	2026-09-24T22:41:13.7366306Z dist/assets/ibm-plex-sans-kr-114-600-normal-CjRp-Iz4.woff2         16.05 kB
Operator app	Run npm run build	2026-09-24T22:41:13.7367054Z dist/assets/ibm-plex-sans-kr-107-600-normal-Bj6Oga3u.woff2         16.12 kB
Operator app	Run npm run build	2026-09-24T22:41:13.7367656Z dist/assets/ibm-plex-sans-kr-113-600-normal-Dhfyy0ky.woff2         16.14 kB
Operator app	Run npm run build	2026-09-24T22:41:13.7368265Z dist/assets/ibm-plex-sans-kr-20-600-normal-CXFU6tjk.woff2          16.15 kB
Operator app	Run npm run build	2026-09-24T22:41:13.7368859Z dist/assets/ibm-plex-sans-kr-110-600-normal-CisRgCMg.woff2         16.26 kB
Operator app	Run npm run build	2026-09-24T22:41:13.7369443Z dist/assets/ibm-plex-sans-kr-114-500-normal-D4nP60kj.woff2         16.28 kB
Operator app	Run npm run build	2026-09-24T22:41:13.7370044Z dist/assets/ibm-plex-sans-kr-latin-500-normal-2SdHzE3p.woff2       16.30 kB
Operator app	Run npm run build	2026-09-24T22:41:13.7370643Z dist/assets/ibm-plex-sans-kr-110-500-normal-HZkWM0xD.woff2         16.34 kB
Operator app	Run npm run build	2026-09-24T22:41:13.7371440Z dist/assets/ibm-plex-sans-kr-111-600-normal-DN6cN55_.woff2         16.34 kB
Operator app	Run npm run build	2026-09-24T22:41:13.7372026Z dist/assets/ibm-plex-sans-kr-109-600-normal-BkGpNJKI.woff2         16.39 kB
Operator app	Run npm run build	2026-09-24T22:41:13.7372636Z dist/assets/ibm-plex-sans-kr-113-500-normal-DJQiET6F.woff2         16.39 kB
Operator app	Run npm run build	2026-09-24T22:41:13.7373218Z dist/assets/ibm-plex-sans-kr-111-500-normal-B2z91AWP.woff2         16.51 kB
Operator app	Run npm run build	2026-09-24T22:41:13.7373802Z dist/assets/ibm-plex-sans-kr-20-500-normal-mnpVtiHU.woff2          16.53 kB
Operator app	Run npm run build	2026-09-24T22:41:13.7374394Z dist/assets/ibm-plex-sans-kr-26-500-normal-DXCDkot3.woff2          16.57 kB
Operator app	Run npm run build	2026-09-24T22:41:13.7374987Z dist/assets/ibm-plex-sans-kr-latin-600-normal-n-2PV5Ut.woff2       16.59 kB
Operator app	Run npm run build	2026-09-24T22:41:13.7375577Z dist/assets/ibm-plex-sans-kr-16-600-normal-DloGa7SL.woff2          16.62 kB
Operator app	Run npm run build	2026-09-24T22:41:13.7376175Z dist/assets/ibm-plex-sans-kr-109-500-normal-Dm0Ank3e.woff2         16.64 kB
Operator app	Run npm run build	2026-09-24T22:41:13.7376768Z dist/assets/ibm-plex-sans-kr-3-500-normal-C-bo63NS.woff2           17.16 kB
Operator app	Run npm run build	2026-09-24T22:41:13.7377353Z dist/assets/ibm-plex-sans-kr-3-600-normal-CuyoBBEp.woff2           17.65 kB
Operator app	Run npm run build	2026-09-24T22:41:13.7378254Z dist/assets/index-z7WyhjN_.css                                    188.28 kB │ gzip:  54.84 kB
Operator app	Run npm run build	2026-09-24T22:41:13.7378977Z dist/assets/index-WmV_6c6c.js                                     490.05 kB │ gzip: 140.21 kB
Operator app	Run npm run build	2026-09-24T22:41:13.7379298Z 
Operator app	Run npm run build	2026-09-24T22:41:13.7379492Z ^[[32m✓ built in 397ms^[[39m
Operator app	Run npm run build	2026-09-24T22:41:13.9460511Z {"manifest":"operator-bundle.json","sha256":"37ce55aa9f6bef0246c83237e18e6504c2ebf237aec8084800ed1ff79f269e40","files":567,"content_bytes":7287750}
Operator app	Post Run actions/setup-node@49933ea5288caeca8642d1e84afbd3f7d6820020	﻿2026-09-24T22:41:13.9677087Z Post job cleanup.
Operator app	Post Run actions/setup-node@49933ea5288caeca8642d1e84afbd3f7d6820020	2026-09-24T22:41:14.0885119Z (node:2591) [DEP0040] DeprecationWarning: The `punycode` module is deprecated. Please use a userland alternative instead.
Operator app	Post Run actions/setup-node@49933ea5288caeca8642d1e84afbd3f7d6820020	2026-09-24T22:41:14.0886295Z (Use `node --trace-deprecation ...` to show where the warning was created)
Operator app	Post Run actions/setup-node@49933ea5288caeca8642d1e84afbd3f7d6820020	2026-09-24T22:41:14.0888659Z Cache hit occurred on the primary key node-cache-Linux-x64-npm-f7049b356cd2537bb1cb7d4c983f6736b00e504a22a04a9bb724c41964922b7f, not saving cache.
Operator app	Post Run actions/checkout@11d5960a326750d5838078e36cf38b85af677262	﻿2026-09-24T22:41:14.1056359Z Post job cleanup.
Operator app	Post Run actions/checkout@11d5960a326750d5838078e36cf38b85af677262	2026-09-24T22:41:14.1905602Z [command]/usr/bin/git version
Operator app	Post Run actions/checkout@11d5960a326750d5838078e36cf38b85af677262	2026-09-24T22:41:14.1951188Z git version 2.55.0
Operator app	Post Run actions/checkout@11d5960a326750d5838078e36cf38b85af677262	2026-09-24T22:41:14.1997121Z Temporarily overriding HOME='/home/runner/work/_temp/6907cc5b-35d5-4d9e-8053-081209be08a5' before making global git config changes
Operator app	Post Run actions/checkout@11d5960a326750d5838078e36cf38b85af677262	2026-09-24T22:41:14.1999400Z Adding repository directory to the temporary git global config as a safe directory
Operator app	Post Run actions/checkout@11d5960a326750d5838078e36cf38b85af677262	2026-09-24T22:41:14.2003890Z [command]/usr/bin/git config --global --add safe.directory /home/runner/work/rx-solutions/rx-solutions
Operator app	Post Run actions/checkout@11d5960a326750d5838078e36cf38b85af677262	2026-09-24T22:41:14.2049501Z [command]/usr/bin/git config --local --name-only --get-regexp core\.sshCommand
Operator app	Post Run actions/checkout@11d5960a326750d5838078e36cf38b85af677262	2026-09-24T22:41:14.2088795Z [command]/usr/bin/git submodule foreach --recursive sh -c "git config --local --name-only --get-regexp 'core\.sshCommand' && git config --local --unset-all 'core.sshCommand' || :"
Operator app	Post Run actions/checkout@11d5960a326750d5838078e36cf38b85af677262	2026-09-24T22:41:14.2355279Z [command]/usr/bin/git config --local --name-only --get-regexp http\.https\:\/\/github\.com\/\.extraheader
Operator app	Post Run actions/checkout@11d5960a326750d5838078e36cf38b85af677262	2026-09-24T22:41:14.2393225Z [command]/usr/bin/git submodule foreach --recursive sh -c "git config --local --name-only --get-regexp 'http\.https\:\/\/github\.com\/\.extraheader' && git config --local --unset-all 'http.https://github.com/.extraheader' || :"
Operator app	Post Run actions/checkout@11d5960a326750d5838078e36cf38b85af677262	2026-09-24T22:41:14.2698310Z [command]/usr/bin/git config --local --name-only --get-regexp ^includeIf\.gitdir:
Operator app	Post Run actions/checkout@11d5960a326750d5838078e36cf38b85af677262	2026-09-24T22:41:14.2760454Z [command]/usr/bin/git submodule foreach --recursive git config --local --show-origin --name-only --get-regexp remote.origin.url
Operator app	Complete job	﻿2026-09-24T22:41:14.3239282Z Cleaning up orphan processes
Operator app	Complete job	2026-09-24T22:41:14.3537681Z ##[warning]Node.js 20 is deprecated. The following actions target Node.js 20 but are being forced to run on Node.js 24: actions/checkout@11d5960a326750d5838078e36cf38b85af677262, actions/setup-node@49933ea5288caeca8642d1e84afbd3f7d6820020. For more information see: https://github.blog/changelog/2025-09-19-deprecation-of-node-20-on-github-actions-runners/
Branch CI	Set up job	﻿2026-09-24T22:46:19.1265038Z Current runner version: '2.337.0'
Branch CI	Set up job	2026-09-24T22:46:19.1288337Z ##[group]Runner Image Provisioner
Branch CI	Set up job	2026-09-24T22:46:19.1289129Z Hosted Compute Agent
Branch CI	Set up job	2026-09-24T22:46:19.1289660Z Version: 20260828.587
Branch CI	Set up job	2026-09-24T22:46:19.1290265Z Commit: abac92662cab4cc7352de4f9f9d2e2419aad9c29
Branch CI	Set up job	2026-09-24T22:46:19.1290965Z Build Date: 2026-08-28T16:44:25Z
Branch CI	Set up job	2026-09-24T22:46:19.1291570Z Worker ID: {1158c068-3ad2-416e-90a8-74165ab2a854}
Branch CI	Set up job	2026-09-24T22:46:19.1292245Z Azure Region: westcentralus
Branch CI	Set up job	2026-09-24T22:46:19.1292782Z ##[endgroup]
Branch CI	Set up job	2026-09-24T22:46:19.1294535Z ##[group]Operating System
Branch CI	Set up job	2026-09-24T22:46:19.1295206Z Ubuntu
Branch CI	Set up job	2026-09-24T22:46:19.1295662Z 24.04.5
Branch CI	Set up job	2026-09-24T22:46:19.1296155Z LTS
Branch CI	Set up job	2026-09-24T22:46:19.1296627Z ##[endgroup]
Branch CI	Set up job	2026-09-24T22:46:19.1297130Z ##[group]Runner Image
Branch CI	Set up job	2026-09-24T22:46:19.1297704Z Image: ubuntu-24.04
Branch CI	Set up job	2026-09-24T22:46:19.1298219Z Version: 20260920.314.1
Branch CI	Set up job	2026-09-24T22:46:19.1299174Z Included Software: https://github.com/actions/runner-images/blob/ubuntu24/20260920.314/images/ubuntu/Ubuntu2404-Readme.md
Branch CI	Set up job	2026-09-24T22:46:19.1300725Z Image Release: https://github.com/actions/runner-images/releases/tag/ubuntu24%2F20260920.314
Branch CI	Set up job	2026-09-24T22:46:19.1301613Z ##[endgroup]
Branch CI	Set up job	2026-09-24T22:46:19.1302948Z ##[group]GITHUB_TOKEN Permissions
Branch CI	Set up job	2026-09-24T22:46:19.1304882Z Contents: read
Branch CI	Set up job	2026-09-24T22:46:19.1305425Z Metadata: read
Branch CI	Set up job	2026-09-24T22:46:19.1306000Z ##[endgroup]
Branch CI	Set up job	2026-09-24T22:46:19.1307910Z Secret source: Actions
Branch CI	Set up job	2026-09-24T22:46:19.1308797Z Cache mode: write
Branch CI	Set up job	2026-09-24T22:46:19.1309421Z Prepare workflow directory
Branch CI	Set up job	2026-09-24T22:46:19.1713271Z Prepare all required actions
Branch CI	Set up job	2026-09-24T22:46:19.1770598Z Complete job name: Branch CI
Branch CI	Require every validation job to pass	﻿2026-09-24T22:46:19.2565677Z ##[group]Run python3 - <<'PYTHON'
Branch CI	Require every validation job to pass	2026-09-24T22:46:19.2566905Z ^[[36;1mpython3 - <<'PYTHON'^[[0m
Branch CI	Require every validation job to pass	2026-09-24T22:46:19.2567889Z ^[[36;1mimport json, os, sys^[[0m
Branch CI	Require every validation job to pass	2026-09-24T22:46:19.2569058Z ^[[36;1mresults = json.loads(os.environ["NEEDS"])^[[0m
Branch CI	Require every validation job to pass	2026-09-24T22:46:19.2570964Z ^[[36;1mfailed = {name: value["result"] for name, value in results.items() if value["result"] != "success"}^[[0m
Branch CI	Require every validation job to pass	2026-09-24T22:46:19.2572673Z ^[[36;1mif failed:^[[0m
Branch CI	Require every validation job to pass	2026-09-24T22:46:19.2573969Z ^[[36;1m    sys.exit(f"Required validation jobs did not pass: {failed}")^[[0m
Branch CI	Require every validation job to pass	2026-09-24T22:46:19.2575463Z ^[[36;1mprint("All required validation jobs passed.")^[[0m
Branch CI	Require every validation job to pass	2026-09-24T22:46:19.2576707Z ^[[36;1mPYTHON^[[0m
Branch CI	Require every validation job to pass	2026-09-24T22:46:19.3425445Z shell: /usr/bin/bash --noprofile --norc -e -o pipefail {0}
Branch CI	Require every validation job to pass	2026-09-24T22:46:19.3427530Z env:
Branch CI	Require every validation job to pass	2026-09-24T22:46:19.3429405Z   NEEDS: {
Branch CI	Require every validation job to pass	  "repository": {
Branch CI	Require every validation job to pass	    "result": "success",
Branch CI	Require every validation job to pass	    "outputs": {}
Branch CI	Require every validation job to pass	  },
Branch CI	Require every validation job to pass	  "rust": {
Branch CI	Require every validation job to pass	    "result": "success",
Branch CI	Require every validation job to pass	    "outputs": {}
Branch CI	Require every validation job to pass	  },
Branch CI	Require every validation job to pass	  "operator": {
Branch CI	Require every validation job to pass	    "result": "success",
Branch CI	Require every validation job to pass	    "outputs": {}
Branch CI	Require every validation job to pass	  }
Branch CI	Require every validation job to pass	}
Branch CI	Require every validation job to pass	2026-09-24T22:46:19.3431838Z ##[endgroup]
Branch CI	Require every validation job to pass	2026-09-24T22:46:19.3845872Z All required validation jobs passed.
Branch CI	Complete job	﻿2026-09-24T22:46:19.4008641Z Cleaning up orphan processes
