Repository and GitFlow	Set up job	﻿2026-09-24T22:27:01.2321855Z Current runner version: '2.337.0'
Repository and GitFlow	Set up job	2026-09-24T22:27:01.2340485Z ##[group]Runner Image Provisioner
Repository and GitFlow	Set up job	2026-09-24T22:27:01.2341110Z Hosted Compute Agent
Repository and GitFlow	Set up job	2026-09-24T22:27:01.2341473Z Version: 20260828.587
Repository and GitFlow	Set up job	2026-09-24T22:27:01.2341906Z Commit: abac92662cab4cc7352de4f9f9d2e2419aad9c29
Repository and GitFlow	Set up job	2026-09-24T22:27:01.2342352Z Build Date: 2026-08-28T16:44:25Z
Repository and GitFlow	Set up job	2026-09-24T22:27:01.2342828Z Worker ID: {3de754ed-b8fc-4ec0-ab03-eab303fe162e}
Repository and GitFlow	Set up job	2026-09-24T22:27:01.2343308Z Azure Region: westus3
Repository and GitFlow	Set up job	2026-09-24T22:27:01.2343663Z ##[endgroup]
Repository and GitFlow	Set up job	2026-09-24T22:27:01.2344851Z ##[group]Operating System
Repository and GitFlow	Set up job	2026-09-24T22:27:01.2345235Z Ubuntu
Repository and GitFlow	Set up job	2026-09-24T22:27:01.2345845Z 24.04.5
Repository and GitFlow	Set up job	2026-09-24T22:27:01.2346244Z LTS
Repository and GitFlow	Set up job	2026-09-24T22:27:01.2346569Z ##[endgroup]
Repository and GitFlow	Set up job	2026-09-24T22:27:01.2346930Z ##[group]Runner Image
Repository and GitFlow	Set up job	2026-09-24T22:27:01.2347353Z Image: ubuntu-24.04
Repository and GitFlow	Set up job	2026-09-24T22:27:01.2347690Z Version: 20260920.314.1
Repository and GitFlow	Set up job	2026-09-24T22:27:01.2348387Z Included Software: https://github.com/actions/runner-images/blob/ubuntu24/20260920.314/images/ubuntu/Ubuntu2404-Readme.md
Repository and GitFlow	Set up job	2026-09-24T22:27:01.2349427Z Image Release: https://github.com/actions/runner-images/releases/tag/ubuntu24%2F20260920.314
Repository and GitFlow	Set up job	2026-09-24T22:27:01.2350031Z ##[endgroup]
Repository and GitFlow	Set up job	2026-09-24T22:27:01.2350738Z ##[group]GITHUB_TOKEN Permissions
Repository and GitFlow	Set up job	2026-09-24T22:27:01.2352015Z Contents: read
Repository and GitFlow	Set up job	2026-09-24T22:27:01.2352355Z Metadata: read
Repository and GitFlow	Set up job	2026-09-24T22:27:01.2352764Z ##[endgroup]
Repository and GitFlow	Set up job	2026-09-24T22:27:01.2354410Z Secret source: Actions
Repository and GitFlow	Set up job	2026-09-24T22:27:01.2355095Z Cache mode: write
Repository and GitFlow	Set up job	2026-09-24T22:27:01.2355541Z Prepare workflow directory
Repository and GitFlow	Set up job	2026-09-24T22:27:01.2606246Z Prepare all required actions
Repository and GitFlow	Set up job	2026-09-24T22:27:01.2637728Z Getting action download info
Repository and GitFlow	Set up job	2026-09-24T22:27:01.5894506Z Download action repository 'actions/checkout@11d5960a326750d5838078e36cf38b85af677262' (SHA:11d5960a326750d5838078e36cf38b85af677262)
Repository and GitFlow	Set up job	2026-09-24T22:27:01.7573323Z Complete job name: Repository and GitFlow
Repository and GitFlow	Run actions/checkout@11d5960a326750d5838078e36cf38b85af677262	﻿2026-09-24T22:27:01.8050441Z ##[group]Run actions/checkout@11d5960a326750d5838078e36cf38b85af677262
Repository and GitFlow	Run actions/checkout@11d5960a326750d5838078e36cf38b85af677262	2026-09-24T22:27:01.8050981Z with:
Repository and GitFlow	Run actions/checkout@11d5960a326750d5838078e36cf38b85af677262	2026-09-24T22:27:01.8051236Z   persist-credentials: false
Repository and GitFlow	Run actions/checkout@11d5960a326750d5838078e36cf38b85af677262	2026-09-24T22:27:01.8051540Z   fetch-depth: 0
Repository and GitFlow	Run actions/checkout@11d5960a326750d5838078e36cf38b85af677262	2026-09-24T22:27:01.8051802Z   repository: jack0682/rx-solutions
Repository and GitFlow	Run actions/checkout@11d5960a326750d5838078e36cf38b85af677262	2026-09-24T22:27:01.8054091Z   token: ***
Repository and GitFlow	Run actions/checkout@11d5960a326750d5838078e36cf38b85af677262	2026-09-24T22:27:01.8054332Z   ssh-strict: true
Repository and GitFlow	Run actions/checkout@11d5960a326750d5838078e36cf38b85af677262	2026-09-24T22:27:01.8054578Z   ssh-user: git
Repository and GitFlow	Run actions/checkout@11d5960a326750d5838078e36cf38b85af677262	2026-09-24T22:27:01.8054816Z   clean: true
Repository and GitFlow	Run actions/checkout@11d5960a326750d5838078e36cf38b85af677262	2026-09-24T22:27:01.8055070Z   sparse-checkout-cone-mode: true
Repository and GitFlow	Run actions/checkout@11d5960a326750d5838078e36cf38b85af677262	2026-09-24T22:27:01.8055360Z   fetch-tags: false
Repository and GitFlow	Run actions/checkout@11d5960a326750d5838078e36cf38b85af677262	2026-09-24T22:27:01.8055612Z   show-progress: true
Repository and GitFlow	Run actions/checkout@11d5960a326750d5838078e36cf38b85af677262	2026-09-24T22:27:01.8055866Z   lfs: false
Repository and GitFlow	Run actions/checkout@11d5960a326750d5838078e36cf38b85af677262	2026-09-24T22:27:01.8056101Z   submodules: false
Repository and GitFlow	Run actions/checkout@11d5960a326750d5838078e36cf38b85af677262	2026-09-24T22:27:01.8056356Z   set-safe-directory: true
Repository and GitFlow	Run actions/checkout@11d5960a326750d5838078e36cf38b85af677262	2026-09-24T22:27:01.8056643Z   allow-unsafe-pr-checkout: false
Repository and GitFlow	Run actions/checkout@11d5960a326750d5838078e36cf38b85af677262	2026-09-24T22:27:01.8057012Z ##[endgroup]
Repository and GitFlow	Run actions/checkout@11d5960a326750d5838078e36cf38b85af677262	2026-09-24T22:27:01.8717638Z Syncing repository: jack0682/rx-solutions
Repository and GitFlow	Run actions/checkout@11d5960a326750d5838078e36cf38b85af677262	2026-09-24T22:27:01.8719438Z ##[group]Getting Git version info
Repository and GitFlow	Run actions/checkout@11d5960a326750d5838078e36cf38b85af677262	2026-09-24T22:27:01.8720058Z Working directory is '/home/runner/work/rx-solutions/rx-solutions'
Repository and GitFlow	Run actions/checkout@11d5960a326750d5838078e36cf38b85af677262	2026-09-24T22:27:01.8720765Z [command]/usr/bin/git version
Repository and GitFlow	Run actions/checkout@11d5960a326750d5838078e36cf38b85af677262	2026-09-24T22:27:01.8793181Z git version 2.55.0
Repository and GitFlow	Run actions/checkout@11d5960a326750d5838078e36cf38b85af677262	2026-09-24T22:27:01.8807052Z ##[endgroup]
Repository and GitFlow	Run actions/checkout@11d5960a326750d5838078e36cf38b85af677262	2026-09-24T22:27:01.8819494Z Temporarily overriding HOME='/home/runner/work/_temp/47da4663-d516-4a2e-ac0e-fddca4e7423c' before making global git config changes
Repository and GitFlow	Run actions/checkout@11d5960a326750d5838078e36cf38b85af677262	2026-09-24T22:27:01.8820813Z Adding repository directory to the temporary git global config as a safe directory
Repository and GitFlow	Run actions/checkout@11d5960a326750d5838078e36cf38b85af677262	2026-09-24T22:27:01.8823383Z [command]/usr/bin/git config --global --add safe.directory /home/runner/work/rx-solutions/rx-solutions
Repository and GitFlow	Run actions/checkout@11d5960a326750d5838078e36cf38b85af677262	2026-09-24T22:27:01.8870891Z Deleting the contents of '/home/runner/work/rx-solutions/rx-solutions'
Repository and GitFlow	Run actions/checkout@11d5960a326750d5838078e36cf38b85af677262	2026-09-24T22:27:01.8876486Z ##[group]Initializing the repository
Repository and GitFlow	Run actions/checkout@11d5960a326750d5838078e36cf38b85af677262	2026-09-24T22:27:01.8884430Z [command]/usr/bin/git init /home/runner/work/rx-solutions/rx-solutions
Repository and GitFlow	Run actions/checkout@11d5960a326750d5838078e36cf38b85af677262	2026-09-24T22:27:01.8981101Z hint: Using 'master' as the name for the initial branch. This default branch name
Repository and GitFlow	Run actions/checkout@11d5960a326750d5838078e36cf38b85af677262	2026-09-24T22:27:01.8982081Z hint: will change to "main" in Git 3.0. To configure the initial branch name
Repository and GitFlow	Run actions/checkout@11d5960a326750d5838078e36cf38b85af677262	2026-09-24T22:27:01.8983151Z hint: to use in all of your new repositories, which will suppress this warning,
Repository and GitFlow	Run actions/checkout@11d5960a326750d5838078e36cf38b85af677262	2026-09-24T22:27:01.8984832Z hint: call:
Repository and GitFlow	Run actions/checkout@11d5960a326750d5838078e36cf38b85af677262	2026-09-24T22:27:01.8985220Z hint:
Repository and GitFlow	Run actions/checkout@11d5960a326750d5838078e36cf38b85af677262	2026-09-24T22:27:01.8985655Z hint: 	git config --global init.defaultBranch <name>
Repository and GitFlow	Run actions/checkout@11d5960a326750d5838078e36cf38b85af677262	2026-09-24T22:27:01.8986065Z hint:
Repository and GitFlow	Run actions/checkout@11d5960a326750d5838078e36cf38b85af677262	2026-09-24T22:27:01.8986536Z hint: Names commonly chosen instead of 'master' are 'main', 'trunk' and
Repository and GitFlow	Run actions/checkout@11d5960a326750d5838078e36cf38b85af677262	2026-09-24T22:27:01.8987353Z hint: 'development'. The just-created branch can be renamed via this command:
Repository and GitFlow	Run actions/checkout@11d5960a326750d5838078e36cf38b85af677262	2026-09-24T22:27:01.8987959Z hint:
Repository and GitFlow	Run actions/checkout@11d5960a326750d5838078e36cf38b85af677262	2026-09-24T22:27:01.8988189Z hint: 	git branch -m <name>
Repository and GitFlow	Run actions/checkout@11d5960a326750d5838078e36cf38b85af677262	2026-09-24T22:27:01.8988449Z hint:
Repository and GitFlow	Run actions/checkout@11d5960a326750d5838078e36cf38b85af677262	2026-09-24T22:27:01.8988786Z hint: Disable this message with "git config set advice.defaultBranchName false"
Repository and GitFlow	Run actions/checkout@11d5960a326750d5838078e36cf38b85af677262	2026-09-24T22:27:01.8989483Z Initialized empty Git repository in /home/runner/work/rx-solutions/rx-solutions/.git/
Repository and GitFlow	Run actions/checkout@11d5960a326750d5838078e36cf38b85af677262	2026-09-24T22:27:01.8994291Z [command]/usr/bin/git remote add origin https://github.com/jack0682/rx-solutions
Repository and GitFlow	Run actions/checkout@11d5960a326750d5838078e36cf38b85af677262	2026-09-24T22:27:01.9045951Z ##[endgroup]
Repository and GitFlow	Run actions/checkout@11d5960a326750d5838078e36cf38b85af677262	2026-09-24T22:27:01.9046651Z ##[group]Disabling automatic garbage collection
Repository and GitFlow	Run actions/checkout@11d5960a326750d5838078e36cf38b85af677262	2026-09-24T22:27:01.9048452Z [command]/usr/bin/git config --local gc.auto 0
Repository and GitFlow	Run actions/checkout@11d5960a326750d5838078e36cf38b85af677262	2026-09-24T22:27:01.9076970Z ##[endgroup]
Repository and GitFlow	Run actions/checkout@11d5960a326750d5838078e36cf38b85af677262	2026-09-24T22:27:01.9077629Z ##[group]Setting up auth
Repository and GitFlow	Run actions/checkout@11d5960a326750d5838078e36cf38b85af677262	2026-09-24T22:27:01.9081965Z [command]/usr/bin/git config --local --name-only --get-regexp core\.sshCommand
Repository and GitFlow	Run actions/checkout@11d5960a326750d5838078e36cf38b85af677262	2026-09-24T22:27:01.9114381Z [command]/usr/bin/git submodule foreach --recursive sh -c "git config --local --name-only --get-regexp 'core\.sshCommand' && git config --local --unset-all 'core.sshCommand' || :"
Repository and GitFlow	Run actions/checkout@11d5960a326750d5838078e36cf38b85af677262	2026-09-24T22:27:01.9435041Z [command]/usr/bin/git config --local --name-only --get-regexp http\.https\:\/\/github\.com\/\.extraheader
Repository and GitFlow	Run actions/checkout@11d5960a326750d5838078e36cf38b85af677262	2026-09-24T22:27:01.9465867Z [command]/usr/bin/git submodule foreach --recursive sh -c "git config --local --name-only --get-regexp 'http\.https\:\/\/github\.com\/\.extraheader' && git config --local --unset-all 'http.https://github.com/.extraheader' || :"
Repository and GitFlow	Run actions/checkout@11d5960a326750d5838078e36cf38b85af677262	2026-09-24T22:27:01.9639626Z [command]/usr/bin/git config --local --name-only --get-regexp ^includeIf\.gitdir:
Repository and GitFlow	Run actions/checkout@11d5960a326750d5838078e36cf38b85af677262	2026-09-24T22:27:01.9667959Z [command]/usr/bin/git submodule foreach --recursive git config --local --show-origin --name-only --get-regexp remote.origin.url
Repository and GitFlow	Run actions/checkout@11d5960a326750d5838078e36cf38b85af677262	2026-09-24T22:27:01.9844926Z [command]/usr/bin/git config --local http.https://github.com/.extraheader AUTHORIZATION: basic ***
Repository and GitFlow	Run actions/checkout@11d5960a326750d5838078e36cf38b85af677262	2026-09-24T22:27:01.9879072Z ##[endgroup]
Repository and GitFlow	Run actions/checkout@11d5960a326750d5838078e36cf38b85af677262	2026-09-24T22:27:01.9879751Z ##[group]Fetching the repository
Repository and GitFlow	Run actions/checkout@11d5960a326750d5838078e36cf38b85af677262	2026-09-24T22:27:01.9886544Z [command]/usr/bin/git -c protocol.version=2 fetch --prune --no-recurse-submodules origin +refs/heads/*:refs/remotes/origin/* +refs/tags/*:refs/tags/*
Repository and GitFlow	Run actions/checkout@11d5960a326750d5838078e36cf38b85af677262	2026-09-24T22:27:03.2570954Z From https://github.com/jack0682/rx-solutions
Repository and GitFlow	Run actions/checkout@11d5960a326750d5838078e36cf38b85af677262	2026-09-24T22:27:03.2572549Z  * [new branch]      develop                 -> origin/develop
Repository and GitFlow	Run actions/checkout@11d5960a326750d5838078e36cf38b85af677262	2026-09-24T22:27:03.2573726Z  * [new branch]      main                    -> origin/main
Repository and GitFlow	Run actions/checkout@11d5960a326750d5838078e36cf38b85af677262	2026-09-24T22:27:03.2575249Z  * [new tag]         archive/initial-draft-2026-09-14 -> archive/initial-draft-2026-09-14
Repository and GitFlow	Run actions/checkout@11d5960a326750d5838078e36cf38b85af677262	2026-09-24T22:27:03.2577273Z  * [new tag]         archive/investigation-wip-2026-09-14 -> archive/investigation-wip-2026-09-14
Repository and GitFlow	Run actions/checkout@11d5960a326750d5838078e36cf38b85af677262	2026-09-24T22:27:03.2578940Z  * [new tag]         codex/initial-draft     -> codex/initial-draft
Repository and GitFlow	Run actions/checkout@11d5960a326750d5838078e36cf38b85af677262	2026-09-24T22:27:03.2580286Z  * [new tag]         codex/investigation-wip -> codex/investigation-wip
Repository and GitFlow	Run actions/checkout@11d5960a326750d5838078e36cf38b85af677262	2026-09-24T22:27:03.2581764Z  * [new tag]         draft-v0.1              -> draft-v0.1
Repository and GitFlow	Run actions/checkout@11d5960a326750d5838078e36cf38b85af677262	2026-09-24T22:27:03.2585092Z [command]/usr/bin/git branch --list --remote origin/develop
Repository and GitFlow	Run actions/checkout@11d5960a326750d5838078e36cf38b85af677262	2026-09-24T22:27:03.2607828Z   origin/develop
Repository and GitFlow	Run actions/checkout@11d5960a326750d5838078e36cf38b85af677262	2026-09-24T22:27:03.2614718Z [command]/usr/bin/git rev-parse refs/remotes/origin/develop
Repository and GitFlow	Run actions/checkout@11d5960a326750d5838078e36cf38b85af677262	2026-09-24T22:27:03.2636099Z ea14fb375add50224e2043c608039d077c6a7366
Repository and GitFlow	Run actions/checkout@11d5960a326750d5838078e36cf38b85af677262	2026-09-24T22:27:03.2639301Z ##[endgroup]
Repository and GitFlow	Run actions/checkout@11d5960a326750d5838078e36cf38b85af677262	2026-09-24T22:27:03.2640328Z ##[group]Determining the checkout info
Repository and GitFlow	Run actions/checkout@11d5960a326750d5838078e36cf38b85af677262	2026-09-24T22:27:03.2641528Z ##[endgroup]
Repository and GitFlow	Run actions/checkout@11d5960a326750d5838078e36cf38b85af677262	2026-09-24T22:27:03.2643045Z [command]/usr/bin/git sparse-checkout disable
Repository and GitFlow	Run actions/checkout@11d5960a326750d5838078e36cf38b85af677262	2026-09-24T22:27:03.2694252Z [command]/usr/bin/git config --local --unset-all extensions.worktreeConfig
Repository and GitFlow	Run actions/checkout@11d5960a326750d5838078e36cf38b85af677262	2026-09-24T22:27:03.2720512Z ##[group]Checking out the ref
Repository and GitFlow	Run actions/checkout@11d5960a326750d5838078e36cf38b85af677262	2026-09-24T22:27:03.2722259Z [command]/usr/bin/git checkout --progress --force -B develop refs/remotes/origin/develop
Repository and GitFlow	Run actions/checkout@11d5960a326750d5838078e36cf38b85af677262	2026-09-24T22:27:03.3089357Z Switched to a new branch 'develop'
Repository and GitFlow	Run actions/checkout@11d5960a326750d5838078e36cf38b85af677262	2026-09-24T22:27:03.3093296Z branch 'develop' set up to track 'origin/develop'.
Repository and GitFlow	Run actions/checkout@11d5960a326750d5838078e36cf38b85af677262	2026-09-24T22:27:03.3100396Z ##[endgroup]
Repository and GitFlow	Run actions/checkout@11d5960a326750d5838078e36cf38b85af677262	2026-09-24T22:27:03.3138772Z [command]/usr/bin/git log -1 --format=%H
Repository and GitFlow	Run actions/checkout@11d5960a326750d5838078e36cf38b85af677262	2026-09-24T22:27:03.3161516Z ea14fb375add50224e2043c608039d077c6a7366
Repository and GitFlow	Run actions/checkout@11d5960a326750d5838078e36cf38b85af677262	2026-09-24T22:27:03.3169232Z ##[group]Removing auth
Repository and GitFlow	Run actions/checkout@11d5960a326750d5838078e36cf38b85af677262	2026-09-24T22:27:03.3171978Z [command]/usr/bin/git config --local --name-only --get-regexp core\.sshCommand
Repository and GitFlow	Run actions/checkout@11d5960a326750d5838078e36cf38b85af677262	2026-09-24T22:27:03.3199026Z [command]/usr/bin/git submodule foreach --recursive sh -c "git config --local --name-only --get-regexp 'core\.sshCommand' && git config --local --unset-all 'core.sshCommand' || :"
Repository and GitFlow	Run actions/checkout@11d5960a326750d5838078e36cf38b85af677262	2026-09-24T22:27:03.3380317Z [command]/usr/bin/git config --local --name-only --get-regexp http\.https\:\/\/github\.com\/\.extraheader
Repository and GitFlow	Run actions/checkout@11d5960a326750d5838078e36cf38b85af677262	2026-09-24T22:27:03.3404605Z http.https://github.com/.extraheader
Repository and GitFlow	Run actions/checkout@11d5960a326750d5838078e36cf38b85af677262	2026-09-24T22:27:03.3410258Z [command]/usr/bin/git config --local --unset-all http.https://github.com/.extraheader
Repository and GitFlow	Run actions/checkout@11d5960a326750d5838078e36cf38b85af677262	2026-09-24T22:27:03.3439484Z [command]/usr/bin/git submodule foreach --recursive sh -c "git config --local --name-only --get-regexp 'http\.https\:\/\/github\.com\/\.extraheader' && git config --local --unset-all 'http.https://github.com/.extraheader' || :"
Repository and GitFlow	Run actions/checkout@11d5960a326750d5838078e36cf38b85af677262	2026-09-24T22:27:03.3610585Z [command]/usr/bin/git config --local --name-only --get-regexp ^includeIf\.gitdir:
Repository and GitFlow	Run actions/checkout@11d5960a326750d5838078e36cf38b85af677262	2026-09-24T22:27:03.3637024Z [command]/usr/bin/git submodule foreach --recursive git config --local --show-origin --name-only --get-regexp remote.origin.url
Repository and GitFlow	Run actions/checkout@11d5960a326750d5838078e36cf38b85af677262	2026-09-24T22:27:03.3805191Z ##[endgroup]
Repository and GitFlow	Test repository checks	﻿2026-09-24T22:27:03.3985905Z ##[group]Run python3 .github/test_repository.py
Repository and GitFlow	Test repository checks	2026-09-24T22:27:03.3986919Z ^[[36;1mpython3 .github/test_repository.py^[[0m
Repository and GitFlow	Test repository checks	2026-09-24T22:27:03.3987806Z ^[[36;1mpython3 .github/test_commit_policy.py^[[0m
Repository and GitFlow	Test repository checks	2026-09-24T22:27:03.4223161Z shell: /usr/bin/bash --noprofile --norc -e -o pipefail {0}
Repository and GitFlow	Test repository checks	2026-09-24T22:27:03.4224382Z ##[endgroup]
Repository and GitFlow	Test repository checks	2026-09-24T22:27:03.5070793Z ........................
Repository and GitFlow	Test repository checks	2026-09-24T22:27:03.5071752Z ----------------------------------------------------------------------
Repository and GitFlow	Test repository checks	2026-09-24T22:27:03.5072720Z Ran 24 tests in 0.007s
Repository and GitFlow	Test repository checks	2026-09-24T22:27:03.5073090Z 
Repository and GitFlow	Test repository checks	2026-09-24T22:27:03.5073322Z OK
Repository and GitFlow	Test repository checks	2026-09-24T22:27:06.3172660Z .................
Repository and GitFlow	Test repository checks	2026-09-24T22:27:06.3173202Z ----------------------------------------------------------------------
Repository and GitFlow	Test repository checks	2026-09-24T22:27:06.3173582Z Ran 17 tests in 2.751s
Repository and GitFlow	Test repository checks	2026-09-24T22:27:06.3173726Z 
Repository and GitFlow	Test repository checks	2026-09-24T22:27:06.3173822Z OK
Repository and GitFlow	Test browser server lifecycle helper	﻿2026-09-24T22:27:06.3338349Z ##[group]Run python3 apps/operator/tests/test_with_servers.py
Repository and GitFlow	Test browser server lifecycle helper	2026-09-24T22:27:06.3338708Z ^[[36;1mpython3 apps/operator/tests/test_with_servers.py^[[0m
Repository and GitFlow	Test browser server lifecycle helper	2026-09-24T22:27:06.3393761Z shell: /usr/bin/bash --noprofile --norc -e -o pipefail {0}
Repository and GitFlow	Test browser server lifecycle helper	2026-09-24T22:27:06.3394128Z ##[endgroup]
Repository and GitFlow	Test browser server lifecycle helper	2026-09-24T22:27:06.7559049Z ....
Repository and GitFlow	Test browser server lifecycle helper	2026-09-24T22:27:06.7559522Z ----------------------------------------------------------------------
Repository and GitFlow	Test browser server lifecycle helper	2026-09-24T22:27:06.7626528Z Ran 4 tests in 0.381s
Repository and GitFlow	Test browser server lifecycle helper	2026-09-24T22:27:06.7626701Z 
Repository and GitFlow	Test browser server lifecycle helper	2026-09-24T22:27:06.7626759Z OK
Repository and GitFlow	Check DCO and verified OpenPGP signatures	﻿2026-09-24T22:27:06.7665886Z ##[group]Run python3 tools/check_commit_policy.py --head "$HEAD_SHA" --github-repository "$GITHUB_REPOSITORY"
Repository and GitFlow	Check DCO and verified OpenPGP signatures	2026-09-24T22:27:06.7718656Z ^[[36;1mpython3 tools/check_commit_policy.py --head "$HEAD_SHA" --github-repository "$GITHUB_REPOSITORY"^[[0m
Repository and GitFlow	Check DCO and verified OpenPGP signatures	2026-09-24T22:27:06.7772959Z shell: /usr/bin/bash --noprofile --norc -e -o pipefail {0}
Repository and GitFlow	Check DCO and verified OpenPGP signatures	2026-09-24T22:27:06.7773148Z env:
Repository and GitFlow	Check DCO and verified OpenPGP signatures	2026-09-24T22:27:06.7775022Z   GH_TOKEN: ***
Repository and GitFlow	Check DCO and verified OpenPGP signatures	2026-09-24T22:27:06.7775168Z   HEAD_SHA: ea14fb375add50224e2043c608039d077c6a7366
Repository and GitFlow	Check DCO and verified OpenPGP signatures	2026-09-24T22:27:06.7775340Z ##[endgroup]
Repository and GitFlow	Check DCO and verified OpenPGP signatures	2026-09-24T22:27:45.9816482Z HISTORICAL DCO VIOLATION (unresolved): jack0682/rx-solutions@041f4724cf3ab96debc9e8f08d25a64274d41ca0; missing author signoff; recorded policy exception, not certification
Repository and GitFlow	Check DCO and verified OpenPGP signatures	2026-09-24T22:27:45.9817590Z OK: 79 commits audited; 78 author sign-offs; 1 recorded historical DCO violations; all signatures verified OpenPGP
Repository and GitFlow	Validate JSON, local links and contract integrity	﻿2026-09-24T22:27:45.9909577Z ##[group]Run python3 tools/check_repository.py
Repository and GitFlow	Validate JSON, local links and contract integrity	2026-09-24T22:27:45.9909991Z ^[[36;1mpython3 tools/check_repository.py^[[0m
Repository and GitFlow	Validate JSON, local links and contract integrity	2026-09-24T22:27:45.9963202Z shell: /usr/bin/bash --noprofile --norc -e -o pipefail {0}
Repository and GitFlow	Validate JSON, local links and contract integrity	2026-09-24T22:27:45.9963423Z ##[endgroup]
Repository and GitFlow	Validate JSON, local links and contract integrity	2026-09-24T22:27:46.1052599Z Checked 55 JSON files, local targets in 92 Markdown files, and two contract baselines; 0 links outside this checkout are not checked.
Repository and GitFlow	Validate JSON, local links and contract integrity	2026-09-24T22:27:46.1054312Z Repository checks passed.
Repository and GitFlow	Check invariant traceability	﻿2026-09-24T22:27:46.1133536Z ##[group]Run python3 tools/check_invariant_traceability.py
Repository and GitFlow	Check invariant traceability	2026-09-24T22:27:46.1133996Z ^[[36;1mpython3 tools/check_invariant_traceability.py^[[0m
Repository and GitFlow	Check invariant traceability	2026-09-24T22:27:46.1187289Z shell: /usr/bin/bash --noprofile --norc -e -o pipefail {0}
Repository and GitFlow	Check invariant traceability	2026-09-24T22:27:46.1187511Z ##[endgroup]
Repository and GitFlow	Check invariant traceability	2026-09-24T22:27:46.1729599Z Invariant traceability: I=12 OI=18; declared=7 uncovered=23; test links=10. Semantic coverage not checked.
Repository and GitFlow	Check device catalog sources and native inventory regressions	﻿2026-09-24T22:27:46.1792353Z ##[group]Run python3 tools/check_device_catalog_sources.py
Repository and GitFlow	Check device catalog sources and native inventory regressions	2026-09-24T22:27:46.1792627Z ^[[36;1mpython3 tools/check_device_catalog_sources.py^[[0m
Repository and GitFlow	Check device catalog sources and native inventory regressions	2026-09-24T22:27:46.1792835Z ^[[36;1mpython3 tools/test_native_inventory.py^[[0m
Repository and GitFlow	Check device catalog sources and native inventory regressions	2026-09-24T22:27:46.1846839Z shell: /usr/bin/bash --noprofile --norc -e -o pipefail {0}
Repository and GitFlow	Check device catalog sources and native inventory regressions	2026-09-24T22:27:46.1847038Z ##[endgroup]
Repository and GitFlow	Check device catalog sources and native inventory regressions	2026-09-24T22:27:46.2153119Z {"schema": "rx.catalog-source-check.v1", "status": "PASS", "external_repositories": 0, "profiles": 4, "unique_source_files": 1, "catalog_sha256": "669aaf825d542bf3173ab49072350b488e2f71826dfd9492e006d059a3c2ccbd", "scope": "Source identity and declarations only; synthetic fixtures are not physical equipment qualification."}
Repository and GitFlow	Check device catalog sources and native inventory regressions	2026-09-24T22:27:46.3176025Z Native source mutation and mode drift rejected
Repository and GitFlow	Post Run actions/checkout@11d5960a326750d5838078e36cf38b85af677262	﻿2026-09-24T22:27:46.3309283Z Post job cleanup.
Repository and GitFlow	Post Run actions/checkout@11d5960a326750d5838078e36cf38b85af677262	2026-09-24T22:27:46.3874920Z [command]/usr/bin/git version
Repository and GitFlow	Post Run actions/checkout@11d5960a326750d5838078e36cf38b85af677262	2026-09-24T22:27:46.3906342Z git version 2.55.0
Repository and GitFlow	Post Run actions/checkout@11d5960a326750d5838078e36cf38b85af677262	2026-09-24T22:27:46.3930647Z Temporarily overriding HOME='/home/runner/work/_temp/a909bb18-90ac-432b-abd3-c86ae1e46654' before making global git config changes
Repository and GitFlow	Post Run actions/checkout@11d5960a326750d5838078e36cf38b85af677262	2026-09-24T22:27:46.3931463Z Adding repository directory to the temporary git global config as a safe directory
Repository and GitFlow	Post Run actions/checkout@11d5960a326750d5838078e36cf38b85af677262	2026-09-24T22:27:46.3934605Z [command]/usr/bin/git config --global --add safe.directory /home/runner/work/rx-solutions/rx-solutions
Repository and GitFlow	Post Run actions/checkout@11d5960a326750d5838078e36cf38b85af677262	2026-09-24T22:27:46.3968835Z [command]/usr/bin/git config --local --name-only --get-regexp core\.sshCommand
Repository and GitFlow	Post Run actions/checkout@11d5960a326750d5838078e36cf38b85af677262	2026-09-24T22:27:46.3997031Z [command]/usr/bin/git submodule foreach --recursive sh -c "git config --local --name-only --get-regexp 'core\.sshCommand' && git config --local --unset-all 'core.sshCommand' || :"
Repository and GitFlow	Post Run actions/checkout@11d5960a326750d5838078e36cf38b85af677262	2026-09-24T22:27:46.4211582Z [command]/usr/bin/git config --local --name-only --get-regexp http\.https\:\/\/github\.com\/\.extraheader
Repository and GitFlow	Post Run actions/checkout@11d5960a326750d5838078e36cf38b85af677262	2026-09-24T22:27:46.4244917Z [command]/usr/bin/git submodule foreach --recursive sh -c "git config --local --name-only --get-regexp 'http\.https\:\/\/github\.com\/\.extraheader' && git config --local --unset-all 'http.https://github.com/.extraheader' || :"
Repository and GitFlow	Post Run actions/checkout@11d5960a326750d5838078e36cf38b85af677262	2026-09-24T22:27:46.4456709Z [command]/usr/bin/git config --local --name-only --get-regexp ^includeIf\.gitdir:
Repository and GitFlow	Post Run actions/checkout@11d5960a326750d5838078e36cf38b85af677262	2026-09-24T22:27:46.4478891Z [command]/usr/bin/git submodule foreach --recursive git config --local --show-origin --name-only --get-regexp remote.origin.url
Repository and GitFlow	Complete job	﻿2026-09-24T22:27:46.4781721Z Cleaning up orphan processes
Repository and GitFlow	Complete job	2026-09-24T22:27:46.4974415Z ##[warning]Node.js 20 is deprecated. The following actions target Node.js 20 but are being forced to run on Node.js 24: actions/checkout@11d5960a326750d5838078e36cf38b85af677262. For more information see: https://github.blog/changelog/2025-09-19-deprecation-of-node-20-on-github-actions-runners/
Operator app	Set up job	﻿2026-09-24T22:27:01.6114240Z Current runner version: '2.337.0'
Operator app	Set up job	2026-09-24T22:27:01.6138167Z ##[group]Runner Image Provisioner
Operator app	Set up job	2026-09-24T22:27:01.6139017Z Hosted Compute Agent
Operator app	Set up job	2026-09-24T22:27:01.6139558Z Version: 20260828.587
Operator app	Set up job	2026-09-24T22:27:01.6140514Z Commit: abac92662cab4cc7352de4f9f9d2e2419aad9c29
Operator app	Set up job	2026-09-24T22:27:01.6141211Z Build Date: 2026-08-28T16:44:25Z
Operator app	Set up job	2026-09-24T22:27:01.6141830Z Worker ID: {5bcd5fdb-8310-46b6-a27a-6d839fc7aff2}
Operator app	Set up job	2026-09-24T22:27:01.6142569Z Azure Region: westcentralus
Operator app	Set up job	2026-09-24T22:27:01.6143179Z ##[endgroup]
Operator app	Set up job	2026-09-24T22:27:01.6144805Z ##[group]Operating System
Operator app	Set up job	2026-09-24T22:27:01.6145400Z Ubuntu
Operator app	Set up job	2026-09-24T22:27:01.6145858Z 24.04.5
Operator app	Set up job	2026-09-24T22:27:01.6146379Z LTS
Operator app	Set up job	2026-09-24T22:27:01.6146852Z ##[endgroup]
Operator app	Set up job	2026-09-24T22:27:01.6147354Z ##[group]Runner Image
Operator app	Set up job	2026-09-24T22:27:01.6147913Z Image: ubuntu-24.04
Operator app	Set up job	2026-09-24T22:27:01.6148430Z Version: 20260920.314.1
Operator app	Set up job	2026-09-24T22:27:01.6149774Z Included Software: https://github.com/actions/runner-images/blob/ubuntu24/20260920.314/images/ubuntu/Ubuntu2404-Readme.md
Operator app	Set up job	2026-09-24T22:27:01.6151615Z Image Release: https://github.com/actions/runner-images/releases/tag/ubuntu24%2F20260920.314
Operator app	Set up job	2026-09-24T22:27:01.6152502Z ##[endgroup]
Operator app	Set up job	2026-09-24T22:27:01.6153603Z ##[group]GITHUB_TOKEN Permissions
Operator app	Set up job	2026-09-24T22:27:01.6155552Z Contents: read
Operator app	Set up job	2026-09-24T22:27:01.6156117Z Metadata: read
Operator app	Set up job	2026-09-24T22:27:01.6156685Z ##[endgroup]
Operator app	Set up job	2026-09-24T22:27:01.6158648Z Secret source: Actions
Operator app	Set up job	2026-09-24T22:27:01.6159538Z Cache mode: write
Operator app	Set up job	2026-09-24T22:27:01.6160455Z Prepare workflow directory
Operator app	Set up job	2026-09-24T22:27:01.6590856Z Prepare all required actions
Operator app	Set up job	2026-09-24T22:27:01.6639052Z Getting action download info
Operator app	Set up job	2026-09-24T22:27:01.9737795Z Download action repository 'actions/checkout@11d5960a326750d5838078e36cf38b85af677262' (SHA:11d5960a326750d5838078e36cf38b85af677262)
Operator app	Set up job	2026-09-24T22:27:02.0448918Z Download action repository 'actions/setup-node@49933ea5288caeca8642d1e84afbd3f7d6820020' (SHA:49933ea5288caeca8642d1e84afbd3f7d6820020)
Operator app	Set up job	2026-09-24T22:27:02.1982878Z Complete job name: Operator app
Operator app	Run actions/checkout@11d5960a326750d5838078e36cf38b85af677262	﻿2026-09-24T22:27:02.2682606Z ##[group]Run actions/checkout@11d5960a326750d5838078e36cf38b85af677262
Operator app	Run actions/checkout@11d5960a326750d5838078e36cf38b85af677262	2026-09-24T22:27:02.2683670Z with:
Operator app	Run actions/checkout@11d5960a326750d5838078e36cf38b85af677262	2026-09-24T22:27:02.2684242Z   persist-credentials: false
Operator app	Run actions/checkout@11d5960a326750d5838078e36cf38b85af677262	2026-09-24T22:27:02.2684794Z   repository: jack0682/rx-solutions
Operator app	Run actions/checkout@11d5960a326750d5838078e36cf38b85af677262	2026-09-24T22:27:02.2688604Z   token: ***
Operator app	Run actions/checkout@11d5960a326750d5838078e36cf38b85af677262	2026-09-24T22:27:02.2689065Z   ssh-strict: true
Operator app	Run actions/checkout@11d5960a326750d5838078e36cf38b85af677262	2026-09-24T22:27:02.2689551Z   ssh-user: git
Operator app	Run actions/checkout@11d5960a326750d5838078e36cf38b85af677262	2026-09-24T22:27:02.2690259Z   clean: true
Operator app	Run actions/checkout@11d5960a326750d5838078e36cf38b85af677262	2026-09-24T22:27:02.2690782Z   sparse-checkout-cone-mode: true
Operator app	Run actions/checkout@11d5960a326750d5838078e36cf38b85af677262	2026-09-24T22:27:02.2691342Z   fetch-depth: 1
Operator app	Run actions/checkout@11d5960a326750d5838078e36cf38b85af677262	2026-09-24T22:27:02.2691812Z   fetch-tags: false
Operator app	Run actions/checkout@11d5960a326750d5838078e36cf38b85af677262	2026-09-24T22:27:02.2692304Z   show-progress: true
Operator app	Run actions/checkout@11d5960a326750d5838078e36cf38b85af677262	2026-09-24T22:27:02.2692791Z   lfs: false
Operator app	Run actions/checkout@11d5960a326750d5838078e36cf38b85af677262	2026-09-24T22:27:02.2693232Z   submodules: false
Operator app	Run actions/checkout@11d5960a326750d5838078e36cf38b85af677262	2026-09-24T22:27:02.2693690Z   set-safe-directory: true
Operator app	Run actions/checkout@11d5960a326750d5838078e36cf38b85af677262	2026-09-24T22:27:02.2694245Z   allow-unsafe-pr-checkout: false
Operator app	Run actions/checkout@11d5960a326750d5838078e36cf38b85af677262	2026-09-24T22:27:02.2695143Z ##[endgroup]
Operator app	Run actions/checkout@11d5960a326750d5838078e36cf38b85af677262	2026-09-24T22:27:02.3794125Z Syncing repository: jack0682/rx-solutions
Operator app	Run actions/checkout@11d5960a326750d5838078e36cf38b85af677262	2026-09-24T22:27:02.3796693Z ##[group]Getting Git version info
Operator app	Run actions/checkout@11d5960a326750d5838078e36cf38b85af677262	2026-09-24T22:27:02.3798038Z Working directory is '/home/runner/work/rx-solutions/rx-solutions'
Operator app	Run actions/checkout@11d5960a326750d5838078e36cf38b85af677262	2026-09-24T22:27:02.3799246Z [command]/usr/bin/git version
Operator app	Run actions/checkout@11d5960a326750d5838078e36cf38b85af677262	2026-09-24T22:27:02.3864530Z git version 2.55.0
Operator app	Run actions/checkout@11d5960a326750d5838078e36cf38b85af677262	2026-09-24T22:27:02.3887385Z ##[endgroup]
Operator app	Run actions/checkout@11d5960a326750d5838078e36cf38b85af677262	2026-09-24T22:27:02.3902942Z Temporarily overriding HOME='/home/runner/work/_temp/0fdb58b7-1b5c-4d42-8f2c-da61ecb6b264' before making global git config changes
Operator app	Run actions/checkout@11d5960a326750d5838078e36cf38b85af677262	2026-09-24T22:27:02.3905040Z Adding repository directory to the temporary git global config as a safe directory
Operator app	Run actions/checkout@11d5960a326750d5838078e36cf38b85af677262	2026-09-24T22:27:02.3909263Z [command]/usr/bin/git config --global --add safe.directory /home/runner/work/rx-solutions/rx-solutions
Operator app	Run actions/checkout@11d5960a326750d5838078e36cf38b85af677262	2026-09-24T22:27:02.3964930Z Deleting the contents of '/home/runner/work/rx-solutions/rx-solutions'
Operator app	Run actions/checkout@11d5960a326750d5838078e36cf38b85af677262	2026-09-24T22:27:02.3970742Z ##[group]Initializing the repository
Operator app	Run actions/checkout@11d5960a326750d5838078e36cf38b85af677262	2026-09-24T22:27:02.3976573Z [command]/usr/bin/git init /home/runner/work/rx-solutions/rx-solutions
Operator app	Run actions/checkout@11d5960a326750d5838078e36cf38b85af677262	2026-09-24T22:27:02.4054857Z hint: Using 'master' as the name for the initial branch. This default branch name
Operator app	Run actions/checkout@11d5960a326750d5838078e36cf38b85af677262	2026-09-24T22:27:02.4056209Z hint: will change to "main" in Git 3.0. To configure the initial branch name
Operator app	Run actions/checkout@11d5960a326750d5838078e36cf38b85af677262	2026-09-24T22:27:02.4057080Z hint: to use in all of your new repositories, which will suppress this warning,
Operator app	Run actions/checkout@11d5960a326750d5838078e36cf38b85af677262	2026-09-24T22:27:02.4057759Z hint: call:
Operator app	Run actions/checkout@11d5960a326750d5838078e36cf38b85af677262	2026-09-24T22:27:02.4058126Z hint:
Operator app	Run actions/checkout@11d5960a326750d5838078e36cf38b85af677262	2026-09-24T22:27:02.4058579Z hint: 	git config --global init.defaultBranch <name>
Operator app	Run actions/checkout@11d5960a326750d5838078e36cf38b85af677262	2026-09-24T22:27:02.4059122Z hint:
Operator app	Run actions/checkout@11d5960a326750d5838078e36cf38b85af677262	2026-09-24T22:27:02.4059642Z hint: Names commonly chosen instead of 'master' are 'main', 'trunk' and
Operator app	Run actions/checkout@11d5960a326750d5838078e36cf38b85af677262	2026-09-24T22:27:02.4060669Z hint: 'development'. The just-created branch can be renamed via this command:
Operator app	Run actions/checkout@11d5960a326750d5838078e36cf38b85af677262	2026-09-24T22:27:02.4061356Z hint:
Operator app	Run actions/checkout@11d5960a326750d5838078e36cf38b85af677262	2026-09-24T22:27:02.4061734Z hint: 	git branch -m <name>
Operator app	Run actions/checkout@11d5960a326750d5838078e36cf38b85af677262	2026-09-24T22:27:02.4062166Z hint:
Operator app	Run actions/checkout@11d5960a326750d5838078e36cf38b85af677262	2026-09-24T22:27:02.4062726Z hint: Disable this message with "git config set advice.defaultBranchName false"
Operator app	Run actions/checkout@11d5960a326750d5838078e36cf38b85af677262	2026-09-24T22:27:02.4066706Z Initialized empty Git repository in /home/runner/work/rx-solutions/rx-solutions/.git/
Operator app	Run actions/checkout@11d5960a326750d5838078e36cf38b85af677262	2026-09-24T22:27:02.4078434Z [command]/usr/bin/git remote add origin https://github.com/jack0682/rx-solutions
Operator app	Run actions/checkout@11d5960a326750d5838078e36cf38b85af677262	2026-09-24T22:27:02.4122200Z ##[endgroup]
Operator app	Run actions/checkout@11d5960a326750d5838078e36cf38b85af677262	2026-09-24T22:27:02.4123523Z ##[group]Disabling automatic garbage collection
Operator app	Run actions/checkout@11d5960a326750d5838078e36cf38b85af677262	2026-09-24T22:27:02.4126496Z [command]/usr/bin/git config --local gc.auto 0
Operator app	Run actions/checkout@11d5960a326750d5838078e36cf38b85af677262	2026-09-24T22:27:02.4153907Z ##[endgroup]
Operator app	Run actions/checkout@11d5960a326750d5838078e36cf38b85af677262	2026-09-24T22:27:02.4155253Z ##[group]Setting up auth
Operator app	Run actions/checkout@11d5960a326750d5838078e36cf38b85af677262	2026-09-24T22:27:02.4161934Z [command]/usr/bin/git config --local --name-only --get-regexp core\.sshCommand
Operator app	Run actions/checkout@11d5960a326750d5838078e36cf38b85af677262	2026-09-24T22:27:02.4191763Z [command]/usr/bin/git submodule foreach --recursive sh -c "git config --local --name-only --get-regexp 'core\.sshCommand' && git config --local --unset-all 'core.sshCommand' || :"
Operator app	Run actions/checkout@11d5960a326750d5838078e36cf38b85af677262	2026-09-24T22:27:02.4494346Z [command]/usr/bin/git config --local --name-only --get-regexp http\.https\:\/\/github\.com\/\.extraheader
Operator app	Run actions/checkout@11d5960a326750d5838078e36cf38b85af677262	2026-09-24T22:27:02.4533723Z [command]/usr/bin/git submodule foreach --recursive sh -c "git config --local --name-only --get-regexp 'http\.https\:\/\/github\.com\/\.extraheader' && git config --local --unset-all 'http.https://github.com/.extraheader' || :"
Operator app	Run actions/checkout@11d5960a326750d5838078e36cf38b85af677262	2026-09-24T22:27:02.4736010Z [command]/usr/bin/git config --local --name-only --get-regexp ^includeIf\.gitdir:
Operator app	Run actions/checkout@11d5960a326750d5838078e36cf38b85af677262	2026-09-24T22:27:02.4769363Z [command]/usr/bin/git submodule foreach --recursive git config --local --show-origin --name-only --get-regexp remote.origin.url
Operator app	Run actions/checkout@11d5960a326750d5838078e36cf38b85af677262	2026-09-24T22:27:02.4957405Z [command]/usr/bin/git config --local http.https://github.com/.extraheader AUTHORIZATION: basic ***
Operator app	Run actions/checkout@11d5960a326750d5838078e36cf38b85af677262	2026-09-24T22:27:02.4994486Z ##[endgroup]
Operator app	Run actions/checkout@11d5960a326750d5838078e36cf38b85af677262	2026-09-24T22:27:02.4995827Z ##[group]Fetching the repository
Operator app	Run actions/checkout@11d5960a326750d5838078e36cf38b85af677262	2026-09-24T22:27:02.5005412Z [command]/usr/bin/git -c protocol.version=2 fetch --no-tags --prune --no-recurse-submodules --depth=1 origin +ea14fb375add50224e2043c608039d077c6a7366:refs/remotes/origin/develop
Operator app	Run actions/checkout@11d5960a326750d5838078e36cf38b85af677262	2026-09-24T22:27:03.5725577Z From https://github.com/jack0682/rx-solutions
Operator app	Run actions/checkout@11d5960a326750d5838078e36cf38b85af677262	2026-09-24T22:27:03.5728334Z  * [new ref]         ea14fb375add50224e2043c608039d077c6a7366 -> origin/develop
Operator app	Run actions/checkout@11d5960a326750d5838078e36cf38b85af677262	2026-09-24T22:27:03.5734793Z ##[endgroup]
Operator app	Run actions/checkout@11d5960a326750d5838078e36cf38b85af677262	2026-09-24T22:27:03.5737203Z ##[group]Determining the checkout info
Operator app	Run actions/checkout@11d5960a326750d5838078e36cf38b85af677262	2026-09-24T22:27:03.5739741Z ##[endgroup]
Operator app	Run actions/checkout@11d5960a326750d5838078e36cf38b85af677262	2026-09-24T22:27:03.5741196Z [command]/usr/bin/git sparse-checkout disable
Operator app	Run actions/checkout@11d5960a326750d5838078e36cf38b85af677262	2026-09-24T22:27:03.5785312Z [command]/usr/bin/git config --local --unset-all extensions.worktreeConfig
Operator app	Run actions/checkout@11d5960a326750d5838078e36cf38b85af677262	2026-09-24T22:27:03.5813374Z ##[group]Checking out the ref
Operator app	Run actions/checkout@11d5960a326750d5838078e36cf38b85af677262	2026-09-24T22:27:03.5817450Z [command]/usr/bin/git checkout --progress --force -B develop refs/remotes/origin/develop
Operator app	Run actions/checkout@11d5960a326750d5838078e36cf38b85af677262	2026-09-24T22:27:03.6178234Z Switched to a new branch 'develop'
Operator app	Run actions/checkout@11d5960a326750d5838078e36cf38b85af677262	2026-09-24T22:27:03.6180626Z branch 'develop' set up to track 'origin/develop'.
Operator app	Run actions/checkout@11d5960a326750d5838078e36cf38b85af677262	2026-09-24T22:27:03.6188190Z ##[endgroup]
Operator app	Run actions/checkout@11d5960a326750d5838078e36cf38b85af677262	2026-09-24T22:27:03.6225627Z [command]/usr/bin/git log -1 --format=%H
Operator app	Run actions/checkout@11d5960a326750d5838078e36cf38b85af677262	2026-09-24T22:27:03.6247333Z ea14fb375add50224e2043c608039d077c6a7366
Operator app	Run actions/checkout@11d5960a326750d5838078e36cf38b85af677262	2026-09-24T22:27:03.6256055Z ##[group]Removing auth
Operator app	Run actions/checkout@11d5960a326750d5838078e36cf38b85af677262	2026-09-24T22:27:03.6259534Z [command]/usr/bin/git config --local --name-only --get-regexp core\.sshCommand
Operator app	Run actions/checkout@11d5960a326750d5838078e36cf38b85af677262	2026-09-24T22:27:03.6288693Z [command]/usr/bin/git submodule foreach --recursive sh -c "git config --local --name-only --get-regexp 'core\.sshCommand' && git config --local --unset-all 'core.sshCommand' || :"
Operator app	Run actions/checkout@11d5960a326750d5838078e36cf38b85af677262	2026-09-24T22:27:03.6467013Z [command]/usr/bin/git config --local --name-only --get-regexp http\.https\:\/\/github\.com\/\.extraheader
Operator app	Run actions/checkout@11d5960a326750d5838078e36cf38b85af677262	2026-09-24T22:27:03.6490699Z http.https://github.com/.extraheader
Operator app	Run actions/checkout@11d5960a326750d5838078e36cf38b85af677262	2026-09-24T22:27:03.6497808Z [command]/usr/bin/git config --local --unset-all http.https://github.com/.extraheader
Operator app	Run actions/checkout@11d5960a326750d5838078e36cf38b85af677262	2026-09-24T22:27:03.6531131Z [command]/usr/bin/git submodule foreach --recursive sh -c "git config --local --name-only --get-regexp 'http\.https\:\/\/github\.com\/\.extraheader' && git config --local --unset-all 'http.https://github.com/.extraheader' || :"
Operator app	Run actions/checkout@11d5960a326750d5838078e36cf38b85af677262	2026-09-24T22:27:03.6706457Z [command]/usr/bin/git config --local --name-only --get-regexp ^includeIf\.gitdir:
Operator app	Run actions/checkout@11d5960a326750d5838078e36cf38b85af677262	2026-09-24T22:27:03.6733825Z [command]/usr/bin/git submodule foreach --recursive git config --local --show-origin --name-only --get-regexp remote.origin.url
Operator app	Run actions/checkout@11d5960a326750d5838078e36cf38b85af677262	2026-09-24T22:27:03.6905040Z ##[endgroup]
Operator app	Run actions/setup-node@49933ea5288caeca8642d1e84afbd3f7d6820020	﻿2026-09-24T22:27:03.7235096Z ##[group]Run actions/setup-node@49933ea5288caeca8642d1e84afbd3f7d6820020
Operator app	Run actions/setup-node@49933ea5288caeca8642d1e84afbd3f7d6820020	2026-09-24T22:27:03.7236730Z with:
Operator app	Run actions/setup-node@49933ea5288caeca8642d1e84afbd3f7d6820020	2026-09-24T22:27:03.7237560Z   node-version: 24
Operator app	Run actions/setup-node@49933ea5288caeca8642d1e84afbd3f7d6820020	2026-09-24T22:27:03.7238452Z   cache: npm
Operator app	Run actions/setup-node@49933ea5288caeca8642d1e84afbd3f7d6820020	2026-09-24T22:27:03.7239538Z   cache-dependency-path: apps/operator/package-lock.json
Operator app	Run actions/setup-node@49933ea5288caeca8642d1e84afbd3f7d6820020	2026-09-24T22:27:03.7241056Z   always-auth: false
Operator app	Run actions/setup-node@49933ea5288caeca8642d1e84afbd3f7d6820020	2026-09-24T22:27:03.7241999Z   check-latest: false
Operator app	Run actions/setup-node@49933ea5288caeca8642d1e84afbd3f7d6820020	2026-09-24T22:27:03.7251642Z   token: ***
Operator app	Run actions/setup-node@49933ea5288caeca8642d1e84afbd3f7d6820020	2026-09-24T22:27:03.7252487Z ##[endgroup]
Operator app	Run actions/setup-node@49933ea5288caeca8642d1e84afbd3f7d6820020	2026-09-24T22:27:03.8661900Z Found in cache @ /opt/hostedtoolcache/node/24.21.0/x64
Operator app	Run actions/setup-node@49933ea5288caeca8642d1e84afbd3f7d6820020	2026-09-24T22:27:03.8666847Z (node:2395) [DEP0040] DeprecationWarning: The `punycode` module is deprecated. Please use a userland alternative instead.
Operator app	Run actions/setup-node@49933ea5288caeca8642d1e84afbd3f7d6820020	2026-09-24T22:27:03.8671391Z (Use `node --trace-deprecation ...` to show where the warning was created)
Operator app	Run actions/setup-node@49933ea5288caeca8642d1e84afbd3f7d6820020	2026-09-24T22:27:03.8675100Z ##[group]Environment details
Operator app	Run actions/setup-node@49933ea5288caeca8642d1e84afbd3f7d6820020	2026-09-24T22:27:04.2167209Z node: v24.21.0
Operator app	Run actions/setup-node@49933ea5288caeca8642d1e84afbd3f7d6820020	2026-09-24T22:27:04.2167880Z npm: 11.19.0
Operator app	Run actions/setup-node@49933ea5288caeca8642d1e84afbd3f7d6820020	2026-09-24T22:27:04.2168191Z yarn: 1.22.22
Operator app	Run actions/setup-node@49933ea5288caeca8642d1e84afbd3f7d6820020	2026-09-24T22:27:04.2168788Z ##[endgroup]
Operator app	Run actions/setup-node@49933ea5288caeca8642d1e84afbd3f7d6820020	2026-09-24T22:27:04.2210350Z [command]/opt/hostedtoolcache/node/24.21.0/x64/bin/npm config get cache
Operator app	Run actions/setup-node@49933ea5288caeca8642d1e84afbd3f7d6820020	2026-09-24T22:27:04.3184016Z /home/runner/.npm
Operator app	Run actions/setup-node@49933ea5288caeca8642d1e84afbd3f7d6820020	2026-09-24T22:27:04.5420980Z Cache hit for: node-cache-Linux-x64-npm-f7049b356cd2537bb1cb7d4c983f6736b00e504a22a04a9bb724c41964922b7f
Operator app	Run actions/setup-node@49933ea5288caeca8642d1e84afbd3f7d6820020	2026-09-24T22:27:04.5530432Z (node:2395) [DEP0169] DeprecationWarning: `url.parse()` behavior is not standardized and prone to errors that have security implications. Use the WHATWG URL API instead. CVEs are not issued for `url.parse()` vulnerabilities.
Operator app	Run actions/setup-node@49933ea5288caeca8642d1e84afbd3f7d6820020	2026-09-24T22:27:05.7659718Z Received 40002372 of 48390980 (82.7%), 38.1 MBs/sec
Operator app	Run actions/setup-node@49933ea5288caeca8642d1e84afbd3f7d6820020	2026-09-24T22:27:05.8152025Z Received 48390980 of 48390980 (100.0%), 43.9 MBs/sec
Operator app	Run actions/setup-node@49933ea5288caeca8642d1e84afbd3f7d6820020	2026-09-24T22:27:05.8152671Z Cache Size: ~46 MB (48390980 B)
Operator app	Run actions/setup-node@49933ea5288caeca8642d1e84afbd3f7d6820020	2026-09-24T22:27:05.8187676Z [command]/usr/bin/tar -xf /home/runner/work/_temp/081294d0-25af-49d7-89cd-df6b63bbd3b4/cache.tzst -P -C /home/runner/work/rx-solutions/rx-solutions --use-compress-program unzstd
Operator app	Run actions/setup-node@49933ea5288caeca8642d1e84afbd3f7d6820020	2026-09-24T22:27:05.8739871Z Cache restored successfully
Operator app	Run actions/setup-node@49933ea5288caeca8642d1e84afbd3f7d6820020	2026-09-24T22:27:05.8765785Z Cache restored from key: node-cache-Linux-x64-npm-f7049b356cd2537bb1cb7d4c983f6736b00e504a22a04a9bb724c41964922b7f
Operator app	Run npm ci	﻿2026-09-24T22:27:05.8896859Z ##[group]Run npm ci
Operator app	Run npm ci	2026-09-24T22:27:05.8897211Z ^[[36;1mnpm ci^[[0m
Operator app	Run npm ci	2026-09-24T22:27:05.9081430Z shell: /usr/bin/bash -e {0}
Operator app	Run npm ci	2026-09-24T22:27:05.9081768Z ##[endgroup]
Operator app	Run npm ci	2026-09-24T22:27:07.5851030Z 
Operator app	Run npm ci	2026-09-24T22:27:07.5859425Z added 57 packages, and audited 58 packages in 2s
Operator app	Run npm ci	2026-09-24T22:27:07.5860248Z 
Operator app	Run npm ci	2026-09-24T22:27:07.5860625Z 20 packages are looking for funding
Operator app	Run npm ci	2026-09-24T22:27:07.5861179Z   run `npm fund` for details
Operator app	Run npm ci	2026-09-24T22:27:07.5866146Z 
Operator app	Run npm ci	2026-09-24T22:27:07.5866640Z found 0 vulnerabilities
Operator app	Run npm run format:check	﻿2026-09-24T22:27:07.6146656Z ##[group]Run npm run format:check
Operator app	Run npm run format:check	2026-09-24T22:27:07.6147010Z ^[[36;1mnpm run format:check^[[0m
Operator app	Run npm run format:check	2026-09-24T22:27:07.6186009Z shell: /usr/bin/bash -e {0}
Operator app	Run npm run format:check	2026-09-24T22:27:07.6186305Z ##[endgroup]
Operator app	Run npm run format:check	2026-09-24T22:27:07.7128214Z 
Operator app	Run npm run format:check	2026-09-24T22:27:07.7129010Z > @rx/operator@0.1.0 format:check
Operator app	Run npm run format:check	2026-09-24T22:27:07.7130277Z > prettier --check src index.html vite.config.ts tsconfig.json package.json .prettierrc.json
Operator app	Run npm run format:check	2026-09-24T22:27:07.7131173Z 
Operator app	Run npm run format:check	2026-09-24T22:27:07.7991038Z Checking formatting...
Operator app	Run npm run format:check	2026-09-24T22:27:09.2477407Z All matched files use Prettier code style!
Operator app	Run npm test	﻿2026-09-24T22:27:09.2746204Z ##[group]Run npm test
Operator app	Run npm test	2026-09-24T22:27:09.2746484Z ^[[36;1mnpm test^[[0m
Operator app	Run npm test	2026-09-24T22:27:09.2783622Z shell: /usr/bin/bash -e {0}
Operator app	Run npm test	2026-09-24T22:27:09.2783930Z ##[endgroup]
Operator app	Run npm test	2026-09-24T22:27:09.3716443Z 
Operator app	Run npm test	2026-09-24T22:27:09.3717160Z > @rx/operator@0.1.0 test
Operator app	Run npm test	2026-09-24T22:27:09.3717731Z > vitest run src
Operator app	Run npm test	2026-09-24T22:27:09.3717970Z 
Operator app	Run npm test	2026-09-24T22:27:09.6537433Z 
Operator app	Run npm test	2026-09-24T22:27:09.6550529Z ^[[1m^[[30m^[[46m RUN ^[[49m^[[39m^[[22m ^[[36mv4.1.11 ^[[39m^[[90m/home/runner/work/rx-solutions/rx-solutions/apps/operator^[[39m
Operator app	Run npm test	2026-09-24T22:27:09.6551875Z 
Operator app	Run npm test	2026-09-24T22:27:10.0384134Z  ^[[32m✓^[[39m src/device-review-schema.test.ts ^[[2m(^[[22m^[[2m5 tests^[[22m^[[2m)^[[22m^[[32m 16^[[2mms^[[22m^[[39m
Operator app	Run npm test	2026-09-24T22:27:10.1701158Z  ^[[32m✓^[[39m src/run-start-schema.test.ts ^[[2m(^[[22m^[[2m12 tests^[[22m^[[2m)^[[22m^[[32m 35^[[2mms^[[22m^[[39m
Operator app	Run npm test	2026-09-24T22:27:10.2127787Z  ^[[32m✓^[[39m src/host-recovery-schema.test.ts ^[[2m(^[[22m^[[2m11 tests^[[22m^[[2m)^[[22m^[[32m 67^[[2mms^[[22m^[[39m
Operator app	Run npm test	2026-09-24T22:27:10.3571878Z  ^[[32m✓^[[39m src/package-schema.test.ts ^[[2m(^[[22m^[[2m4 tests^[[22m^[[2m)^[[22m^[[32m 15^[[2mms^[[22m^[[39m
Operator app	Run npm test	2026-09-24T22:27:10.4763240Z  ^[[32m✓^[[39m src/device-catalog.test.ts ^[[2m(^[[22m^[[2m3 tests^[[22m^[[2m)^[[22m^[[32m 16^[[2mms^[[22m^[[39m
Operator app	Run npm test	2026-09-24T22:27:10.5095863Z  ^[[32m✓^[[39m src/pending.test.ts ^[[2m(^[[22m^[[2m3 tests^[[22m^[[2m)^[[22m^[[32m 12^[[2mms^[[22m^[[39m
Operator app	Run npm test	2026-09-24T22:27:10.5648913Z  ^[[32m✓^[[39m src/service-health.test.ts ^[[2m(^[[22m^[[2m2 tests^[[22m^[[2m)^[[22m^[[32m 6^[[2mms^[[22m^[[39m
Operator app	Run npm test	2026-09-24T22:27:10.7519192Z  ^[[32m✓^[[39m src/process-preview.test.ts ^[[2m(^[[22m^[[2m3 tests^[[22m^[[2m)^[[22m^[[32m 8^[[2mms^[[22m^[[39m
Operator app	Run npm test	2026-09-24T22:27:10.7555629Z  ^[[32m✓^[[39m src/diagnostic-time.test.ts ^[[2m(^[[22m^[[2m3 tests^[[22m^[[2m)^[[22m^[[32m 11^[[2mms^[[22m^[[39m
Operator app	Run npm test	2026-09-24T22:27:10.8209361Z  ^[[32m✓^[[39m src/device-provenance.test.ts ^[[2m(^[[22m^[[2m2 tests^[[22m^[[2m)^[[22m^[[32m 7^[[2mms^[[22m^[[39m
Operator app	Run npm test	2026-09-24T22:27:10.9442232Z  ^[[32m✓^[[39m src/schema-runtime.test.ts ^[[2m(^[[22m^[[2m1 test^[[22m^[[2m)^[[22m^[[32m 59^[[2mms^[[22m^[[39m
Operator app	Run npm test	2026-09-24T22:27:10.9490900Z 
Operator app	Run npm test	2026-09-24T22:27:10.9491987Z ^[[2m Test Files ^[[22m ^[[1m^[[32m11 passed^[[39m^[[22m^[[90m (11)^[[39m
Operator app	Run npm test	2026-09-24T22:27:10.9492642Z ^[[2m      Tests ^[[22m ^[[1m^[[32m49 passed^[[39m^[[22m^[[90m (49)^[[39m
Operator app	Run npm test	2026-09-24T22:27:10.9493043Z ^[[2m   Start at ^[[22m 22:27:09
Operator app	Run npm test	2026-09-24T22:27:10.9493672Z ^[[2m   Duration ^[[22m 1.28s^[[2m (transform 423ms, setup 0ms, import 1.50s, tests 252ms, environment 1ms)^[[22m
Operator app	Run npm test	2026-09-24T22:27:10.9494039Z 
Operator app	Run npm run test:bundle	﻿2026-09-24T22:27:10.9705948Z ##[group]Run npm run test:bundle
Operator app	Run npm run test:bundle	2026-09-24T22:27:10.9706252Z ^[[36;1mnpm run test:bundle^[[0m
Operator app	Run npm run test:bundle	2026-09-24T22:27:10.9743600Z shell: /usr/bin/bash -e {0}
Operator app	Run npm run test:bundle	2026-09-24T22:27:10.9743869Z ##[endgroup]
Operator app	Run npm run test:bundle	2026-09-24T22:27:11.0668576Z 
Operator app	Run npm run test:bundle	2026-09-24T22:27:11.0669350Z > @rx/operator@0.1.0 test:bundle
Operator app	Run npm run test:bundle	2026-09-24T22:27:11.0670165Z > node --test tools/build-bundle.test.mjs
Operator app	Run npm run test:bundle	2026-09-24T22:27:11.0670573Z 
Operator app	Run npm run test:bundle	2026-09-24T22:27:11.1694036Z ✔ manifest is reproducible, ordered, exact-size and excludes itself (17.330438ms)
Operator app	Run npm run test:bundle	2026-09-24T22:27:11.1755174Z ✔ unlisted file types, reserved names and symlinks cannot enter a bundle (7.116709ms)
Operator app	Run npm run test:bundle	2026-09-24T22:27:11.1844588Z ✔ missing entry point and oversized files fail instead of producing a partial manifest (9.049252ms)
Operator app	Run npm run test:bundle	2026-09-24T22:27:11.1937483Z ℹ tests 3
Operator app	Run npm run test:bundle	2026-09-24T22:27:11.1938146Z ℹ suites 0
Operator app	Run npm run test:bundle	2026-09-24T22:27:11.1938821Z ℹ pass 3
Operator app	Run npm run test:bundle	2026-09-24T22:27:11.1939489Z ℹ fail 0
Operator app	Run npm run test:bundle	2026-09-24T22:27:11.1940556Z ℹ cancelled 0
Operator app	Run npm run test:bundle	2026-09-24T22:27:11.1941141Z ℹ skipped 0
Operator app	Run npm run test:bundle	2026-09-24T22:27:11.1941527Z ℹ todo 0
Operator app	Run npm run test:bundle	2026-09-24T22:27:11.2042655Z ℹ duration_ms 93.192917
Operator app	Run npm run build	﻿2026-09-24T22:27:11.2083198Z ##[group]Run npm run build
Operator app	Run npm run build	2026-09-24T22:27:11.2083472Z ^[[36;1mnpm run build^[[0m
Operator app	Run npm run build	2026-09-24T22:27:11.2118550Z shell: /usr/bin/bash -e {0}
Operator app	Run npm run build	2026-09-24T22:27:11.2118815Z ##[endgroup]
Operator app	Run npm run build	2026-09-24T22:27:11.3007392Z 
Operator app	Run npm run build	2026-09-24T22:27:11.3008191Z > @rx/operator@0.1.0 build
Operator app	Run npm run build	2026-09-24T22:27:11.3009171Z > tsc --noEmit && vite build && node tools/build-bundle.mjs dist
Operator app	Run npm run build	2026-09-24T22:27:11.3009582Z 
Operator app	Run npm run build	2026-09-24T22:27:15.6448729Z ^[[36mvite v8.2.2 ^[[32mbuilding client environment for production...^[[36m^[[39m
Operator app	Run npm run build	2026-09-24T22:27:15.6561229Z transforming...
Operator app	Run npm run build	2026-09-24T22:27:15.9176776Z ✓ 140 modules transformed.
Operator app	Run npm run build	2026-09-24T22:27:15.9623568Z rendering chunks...
Operator app	Run npm run build	2026-09-24T22:27:16.0591464Z computing gzip size...
Operator app	Run npm run build	2026-09-24T22:27:16.0663862Z dist/index.html                                                     0.45 kB │ gzip:   0.29 kB
Operator app	Run npm run build	2026-09-24T22:27:16.0665212Z dist/assets/ibm-plex-sans-kr-latin-ext-500-normal-BYGwY8Sr.woff     1.51 kB
Operator app	Run npm run build	2026-09-24T22:27:16.0666761Z dist/assets/ibm-plex-sans-kr-latin-ext-400-normal-BdSmf8qi.woff     1.51 kB
Operator app	Run npm run build	2026-09-24T22:27:16.0668187Z dist/assets/ibm-plex-sans-kr-latin-ext-600-normal-BIoLTTrT.woff     1.52 kB
Operator app	Run npm run build	2026-09-24T22:27:16.0669480Z dist/assets/ibm-plex-sans-kr-95-500-normal-yg9AsfDC.woff            1.76 kB
Operator app	Run npm run build	2026-09-24T22:27:16.0670867Z dist/assets/ibm-plex-sans-kr-95-600-normal-DiDFTR9Q.woff            1.77 kB
Operator app	Run npm run build	2026-09-24T22:27:16.0672164Z dist/assets/ibm-plex-sans-kr-95-400-normal-BR6ElHWu.woff            1.78 kB
Operator app	Run npm run build	2026-09-24T22:27:16.0681461Z dist/assets/ibm-plex-sans-kr-95-400-normal-CXzGt2L1.woff2           2.44 kB
Operator app	Run npm run build	2026-09-24T22:27:16.0701339Z dist/assets/ibm-plex-sans-kr-95-500-normal-CwbOeWyD.woff2           2.44 kB
Operator app	Run npm run build	2026-09-24T22:27:16.0719431Z dist/assets/ibm-plex-sans-kr-latin-ext-400-normal-C-1ywfZu.woff2    2.50 kB
Operator app	Run npm run build	2026-09-24T22:27:16.0736269Z dist/assets/ibm-plex-sans-kr-95-600-normal-CzslQFpy.woff2           2.51 kB
Operator app	Run npm run build	2026-09-24T22:27:16.0737666Z dist/assets/ibm-plex-sans-kr-latin-ext-600-normal-CwjUnNuf.woff2    2.54 kB
Operator app	Run npm run build	2026-09-24T22:27:16.0738993Z dist/assets/ibm-plex-sans-kr-latin-ext-500-normal-C8K5qbyi.woff2    2.56 kB
Operator app	Run npm run build	2026-09-24T22:27:16.0740436Z dist/assets/ibm-plex-sans-kr-65-400-normal-BLI3xZEh.woff            2.93 kB
Operator app	Run npm run build	2026-09-24T22:27:16.0741681Z dist/assets/ibm-plex-sans-kr-65-500-normal-DeZUxdRN.woff            2.95 kB
Operator app	Run npm run build	2026-09-24T22:27:16.0743052Z dist/assets/ibm-plex-sans-kr-65-600-normal-DVDtx_Xg.woff            2.96 kB
Operator app	Run npm run build	2026-09-24T22:27:16.0744559Z dist/assets/ibm-plex-sans-kr-65-400-normal-DnzyhmoU.woff2           3.93 kB
Operator app	Run npm run build	2026-09-24T22:27:16.0745865Z dist/assets/ibm-plex-sans-kr-99-400-normal-DKb2WQ2R.woff            3.93 kB
Operator app	Run npm run build	2026-09-24T22:27:16.0747214Z dist/assets/ibm-plex-sans-kr-99-500-normal-HPdjitvo.woff            3.98 kB
Operator app	Run npm run build	2026-09-24T22:27:16.0748597Z dist/assets/ibm-plex-sans-kr-99-600-normal-C-L_eISe.woff            4.03 kB
Operator app	Run npm run build	2026-09-24T22:27:16.0749890Z dist/assets/ibm-plex-sans-kr-65-500-normal-nL2tz1fq.woff2           4.05 kB
Operator app	Run npm run build	2026-09-24T22:27:16.0751298Z dist/assets/ibm-plex-sans-kr-65-600-normal-CuB_ApqX.woff2           4.12 kB
Operator app	Run npm run build	2026-09-24T22:27:16.0759261Z dist/assets/ibm-plex-sans-kr-96-600-normal-E6j9XpvP.woff            4.29 kB
Operator app	Run npm run build	2026-09-24T22:27:16.0761207Z dist/assets/ibm-plex-sans-kr-96-400-normal-m9r3xH18.woff            4.35 kB
Operator app	Run npm run build	2026-09-24T22:27:16.0762361Z dist/assets/ibm-plex-sans-kr-96-500-normal-DOFBEi4W.woff            4.36 kB
Operator app	Run npm run build	2026-09-24T22:27:16.0763272Z dist/assets/ibm-plex-sans-kr-96-600-normal-qnNrW3Df.woff2           4.60 kB
Operator app	Run npm run build	2026-09-24T22:27:16.0764176Z dist/assets/ibm-plex-sans-kr-96-400-normal-DqxPcneT.woff2           4.71 kB
Operator app	Run npm run build	2026-09-24T22:27:16.0765033Z dist/assets/ibm-plex-sans-kr-96-500-normal-BTbACruS.woff2           4.85 kB
Operator app	Run npm run build	2026-09-24T22:27:16.0765894Z dist/assets/ibm-plex-sans-kr-93-400-normal-5J6UR9CM.woff2           4.98 kB
Operator app	Run npm run build	2026-09-24T22:27:16.0766754Z dist/assets/ibm-plex-sans-kr-93-500-normal-CYfF4l4d.woff2           5.00 kB
Operator app	Run npm run build	2026-09-24T22:27:16.0767651Z dist/assets/ibm-plex-sans-kr-99-400-normal-COuj214s.woff2           5.04 kB
Operator app	Run npm run build	2026-09-24T22:27:16.0768514Z dist/assets/ibm-plex-sans-kr-99-500-normal-Dz27KSuo.woff2           5.11 kB
Operator app	Run npm run build	2026-09-24T22:27:16.0769896Z dist/assets/ibm-plex-sans-kr-93-600-normal-C3ObUrek.woff2           5.11 kB
Operator app	Run npm run build	2026-09-24T22:27:16.0770948Z dist/assets/ibm-plex-sans-kr-93-500-normal-Cdd0aOxJ.woff            5.15 kB
Operator app	Run npm run build	2026-09-24T22:27:16.0771858Z dist/assets/ibm-plex-sans-kr-93-400-normal-Cdi-IBra.woff            5.16 kB
Operator app	Run npm run build	2026-09-24T22:27:16.0772906Z dist/assets/ibm-plex-sans-kr-99-600-normal-j_ccRvHi.woff2           5.18 kB
Operator app	Run npm run build	2026-09-24T22:27:16.0773786Z dist/assets/ibm-plex-sans-kr-93-600-normal-4KzAAJzD.woff            5.28 kB
Operator app	Run npm run build	2026-09-24T22:27:16.0774712Z dist/assets/ibm-plex-sans-kr-101-600-normal-DOUVV8ig.woff           5.77 kB
Operator app	Run npm run build	2026-09-24T22:27:16.0775594Z dist/assets/ibm-plex-sans-kr-101-500-normal-Dt55yHJE.woff           5.79 kB
Operator app	Run npm run build	2026-09-24T22:27:16.0776471Z dist/assets/ibm-plex-sans-kr-0-400-normal-COdVePwF.woff2            5.84 kB
Operator app	Run npm run build	2026-09-24T22:27:16.0777350Z dist/assets/ibm-plex-sans-kr-0-500-normal-ZOw-Oe4Z.woff2            5.87 kB
Operator app	Run npm run build	2026-09-24T22:27:16.0778275Z dist/assets/ibm-plex-sans-kr-101-400-normal-DQN8MKOE.woff           5.87 kB
Operator app	Run npm run build	2026-09-24T22:27:16.0779177Z dist/assets/ibm-plex-sans-kr-98-400-normal-D-_zohjb.woff            5.96 kB
Operator app	Run npm run build	2026-09-24T22:27:16.0780224Z dist/assets/ibm-plex-sans-kr-100-600-normal-ZYmKSXu1.woff           5.97 kB
Operator app	Run npm run build	2026-09-24T22:27:16.0781350Z dist/assets/ibm-plex-sans-kr-0-600-normal-DuzcAQdo.woff2            5.98 kB
Operator app	Run npm run build	2026-09-24T22:27:16.0782520Z dist/assets/ibm-plex-sans-kr-98-500-normal-CtGPk__x.woff            5.98 kB
Operator app	Run npm run build	2026-09-24T22:27:16.0783659Z dist/assets/ibm-plex-sans-kr-98-600-normal-CizO16Ew.woff            6.01 kB
Operator app	Run npm run build	2026-09-24T22:27:16.0784802Z dist/assets/ibm-plex-sans-kr-100-500-normal-CYmhs-uc.woff           6.02 kB
Operator app	Run npm run build	2026-09-24T22:27:16.0785971Z dist/assets/ibm-plex-sans-kr-98-400-normal-CyxDRXqs.woff2           6.04 kB
Operator app	Run npm run build	2026-09-24T22:27:16.0787116Z dist/assets/ibm-plex-sans-kr-100-400-normal-BQdwTqgb.woff           6.07 kB
Operator app	Run npm run build	2026-09-24T22:27:16.0788263Z dist/assets/ibm-plex-sans-kr-0-500-normal-aGZllF0U.woff             6.16 kB
Operator app	Run npm run build	2026-09-24T22:27:16.0789413Z dist/assets/ibm-plex-sans-kr-0-400-normal-DEF_oZFa.woff             6.16 kB
Operator app	Run npm run build	2026-09-24T22:27:16.0790666Z dist/assets/ibm-plex-sans-kr-98-500-normal-PEz79xhx.woff2           6.17 kB
Operator app	Run npm run build	2026-09-24T22:27:16.0792026Z dist/assets/ibm-plex-sans-kr-0-600-normal-DLXpb0hq.woff             6.21 kB
Operator app	Run npm run build	2026-09-24T22:27:16.0793196Z dist/assets/ibm-plex-sans-kr-98-600-normal-D-SBD5Hk.woff2           6.22 kB
Operator app	Run npm run build	2026-09-24T22:27:16.0794359Z dist/assets/ibm-plex-sans-kr-97-400-normal-DOlHHts_.woff2           6.48 kB
Operator app	Run npm run build	2026-09-24T22:27:16.0795493Z dist/assets/ibm-plex-sans-kr-97-500-normal-C_F2h3q_.woff2           6.53 kB
Operator app	Run npm run build	2026-09-24T22:27:16.0796654Z dist/assets/ibm-plex-sans-kr-97-600-normal-CHxkMEAU.woff2           6.55 kB
Operator app	Run npm run build	2026-09-24T22:27:16.0797813Z dist/assets/ibm-plex-sans-kr-102-600-normal-BIIL4Btv.woff           6.69 kB
Operator app	Run npm run build	2026-09-24T22:27:16.0798971Z dist/assets/ibm-plex-sans-kr-102-500-normal-CW45f5lP.woff           6.73 kB
Operator app	Run npm run build	2026-09-24T22:27:16.0800214Z dist/assets/ibm-plex-sans-kr-97-400-normal-TWLDWHgL.woff            6.75 kB
Operator app	Run npm run build	2026-09-24T22:27:16.0801060Z dist/assets/ibm-plex-sans-kr-97-500-normal-BAgq0JpV.woff            6.77 kB
Operator app	Run npm run build	2026-09-24T22:27:16.0802316Z dist/assets/ibm-plex-sans-kr-97-600-normal-CXVo40nf.woff            6.78 kB
Operator app	Run npm run build	2026-09-24T22:27:16.0803630Z dist/assets/ibm-plex-sans-kr-102-400-normal-DHfan8x-.woff           6.81 kB
Operator app	Run npm run build	2026-09-24T22:27:16.0804849Z dist/assets/ibm-plex-sans-kr-104-500-normal-DA4R5HED.woff           7.06 kB
Operator app	Run npm run build	2026-09-24T22:27:16.0806037Z dist/assets/ibm-plex-sans-kr-104-600-normal-DbfrFOKo.woff           7.08 kB
Operator app	Run npm run build	2026-09-24T22:27:16.0807216Z dist/assets/ibm-plex-sans-kr-104-400-normal-kn3L8mkz.woff           7.09 kB
Operator app	Run npm run build	2026-09-24T22:27:16.0808382Z dist/assets/ibm-plex-sans-kr-103-600-normal-BKXxr4Vf.woff           7.30 kB
Operator app	Run npm run build	2026-09-24T22:27:16.0809524Z dist/assets/ibm-plex-sans-kr-103-500-normal-W1XFNDU3.woff           7.34 kB
Operator app	Run npm run build	2026-09-24T22:27:16.0810815Z dist/assets/ibm-plex-sans-kr-103-400-normal-BQNnzD7b.woff           7.48 kB
Operator app	Run npm run build	2026-09-24T22:27:16.0811947Z dist/assets/ibm-plex-sans-kr-105-600-normal-DU6215sy.woff           8.09 kB
Operator app	Run npm run build	2026-09-24T22:27:16.0813324Z dist/assets/ibm-plex-sans-kr-105-500-normal-DU0dswGg.woff           8.13 kB
Operator app	Run npm run build	2026-09-24T22:27:16.0814550Z dist/assets/ibm-plex-sans-kr-105-400-normal-D20hKn8x.woff           8.14 kB
Operator app	Run npm run build	2026-09-24T22:27:16.0815707Z dist/assets/ibm-plex-sans-kr-101-400-normal-CwhtzdGH.woff2          8.45 kB
Operator app	Run npm run build	2026-09-24T22:27:16.0816997Z dist/assets/ibm-plex-sans-kr-118-500-normal-CDUCZo4L.woff           8.48 kB
Operator app	Run npm run build	2026-09-24T22:27:16.0818147Z dist/assets/ibm-plex-sans-kr-118-400-normal-BvkVX0xm.woff           8.49 kB
Operator app	Run npm run build	2026-09-24T22:27:16.0819308Z dist/assets/ibm-plex-sans-kr-117-500-normal-CZylu9y6.woff           8.60 kB
Operator app	Run npm run build	2026-09-24T22:27:16.0820678Z dist/assets/ibm-plex-sans-kr-118-600-normal-BKNr8HaE.woff           8.61 kB
Operator app	Run npm run build	2026-09-24T22:27:16.0822012Z dist/assets/ibm-plex-sans-kr-106-600-normal-CIkK4pwL.woff           8.63 kB
Operator app	Run npm run build	2026-09-24T22:27:16.0823074Z dist/assets/ibm-plex-sans-kr-117-600-normal-BUVowAmE.woff           8.64 kB
Operator app	Run npm run build	2026-09-24T22:27:16.0824283Z dist/assets/ibm-plex-sans-kr-94-400-normal-CsJn1kPf.woff2           8.66 kB
Operator app	Run npm run build	2026-09-24T22:27:16.0825507Z dist/assets/ibm-plex-sans-kr-117-400-normal-CAkrqKEd.woff           8.67 kB
Operator app	Run npm run build	2026-09-24T22:27:16.0826565Z dist/assets/ibm-plex-sans-kr-106-500-normal-B9LKd6uR.woff           8.69 kB
Operator app	Run npm run build	2026-09-24T22:27:16.0827614Z dist/assets/ibm-plex-sans-kr-94-500-normal-DAIKdeR_.woff2           8.80 kB
Operator app	Run npm run build	2026-09-24T22:27:16.0828640Z dist/assets/ibm-plex-sans-kr-106-400-normal-DRimGseV.woff           8.81 kB
Operator app	Run npm run build	2026-09-24T22:27:16.0829781Z dist/assets/ibm-plex-sans-kr-94-600-normal-BqkCATJS.woff2           8.83 kB
Operator app	Run npm run build	2026-09-24T22:27:16.0831317Z dist/assets/ibm-plex-sans-kr-100-400-normal-3DeNbFry.woff2          8.89 kB
Operator app	Run npm run build	2026-09-24T22:27:16.0832501Z dist/assets/ibm-plex-sans-kr-101-600-normal-Cf7HWvBM.woff2          8.94 kB
Operator app	Run npm run build	2026-09-24T22:27:16.0833680Z dist/assets/ibm-plex-sans-kr-101-500-normal-D3ziJXl9.woff2          9.04 kB
Operator app	Run npm run build	2026-09-24T22:27:16.0834867Z dist/assets/ibm-plex-sans-kr-112-600-normal-lS3UdozO.woff           9.43 kB
Operator app	Run npm run build	2026-09-24T22:27:16.0836066Z dist/assets/ibm-plex-sans-kr-112-500-normal-CfQwtfnO.woff           9.48 kB
Operator app	Run npm run build	2026-09-24T22:27:16.0837253Z dist/assets/ibm-plex-sans-kr-115-500-normal-iyItw9QE.woff           9.52 kB
Operator app	Run npm run build	2026-09-24T22:27:16.0838446Z dist/assets/ibm-plex-sans-kr-116-500-normal-CLkvTRzN.woff           9.57 kB
Operator app	Run npm run build	2026-09-24T22:27:16.0839626Z dist/assets/ibm-plex-sans-kr-112-400-normal-B8TcbMdb.woff           9.60 kB
Operator app	Run npm run build	2026-09-24T22:27:16.0840879Z dist/assets/ibm-plex-sans-kr-116-600-normal-2NuQXMn5.woff           9.61 kB
Operator app	Run npm run build	2026-09-24T22:27:16.0842047Z dist/assets/ibm-plex-sans-kr-94-400-normal-CLS33fqM.woff            9.62 kB
Operator app	Run npm run build	2026-09-24T22:27:16.0843211Z dist/assets/ibm-plex-sans-kr-115-600-normal-c6nUiZEv.woff           9.62 kB
Operator app	Run npm run build	2026-09-24T22:27:16.0844386Z dist/assets/ibm-plex-sans-kr-115-400-normal-CM7tVCiU.woff           9.63 kB
Operator app	Run npm run build	2026-09-24T22:27:16.0845572Z dist/assets/ibm-plex-sans-kr-100-600-normal-CcI0wmDd.woff2          9.64 kB
Operator app	Run npm run build	2026-09-24T22:27:16.0846748Z dist/assets/ibm-plex-sans-kr-116-400-normal-BCjvaIwI.woff           9.66 kB
Operator app	Run npm run build	2026-09-24T22:27:16.0847931Z dist/assets/ibm-plex-sans-kr-102-400-normal-BC0mCFX2.woff2          9.67 kB
Operator app	Run npm run build	2026-09-24T22:27:16.0849121Z dist/assets/ibm-plex-sans-kr-107-600-normal-IB6GFZTf.woff           9.67 kB
Operator app	Run npm run build	2026-09-24T22:27:16.0850356Z dist/assets/ibm-plex-sans-kr-108-600-normal-C5FnASlc.woff           9.67 kB
Operator app	Run npm run build	2026-09-24T22:27:16.0851408Z dist/assets/ibm-plex-sans-kr-94-500-normal-sf6j_mxe.woff            9.72 kB
Operator app	Run npm run build	2026-09-24T22:27:16.0852556Z dist/assets/ibm-plex-sans-kr-107-500-normal-B8C6z9mf.woff           9.75 kB
Operator app	Run npm run build	2026-09-24T22:27:16.0853728Z dist/assets/ibm-plex-sans-kr-94-600-normal-DGs8D_d9.woff            9.76 kB
Operator app	Run npm run build	2026-09-24T22:27:16.0854807Z dist/assets/ibm-plex-sans-kr-108-500-normal-CAKLebRT.woff           9.78 kB
Operator app	Run npm run build	2026-09-24T22:27:16.0855977Z dist/assets/ibm-plex-sans-kr-38-600-normal-Dln3mVPi.woff            9.80 kB
Operator app	Run npm run build	2026-09-24T22:27:16.0857132Z dist/assets/ibm-plex-sans-kr-108-400-normal-D7nsD7Wm.woff           9.81 kB
Operator app	Run npm run build	2026-09-24T22:27:16.0858268Z dist/assets/ibm-plex-sans-kr-113-600-normal-C_RUWM8I.woff           9.82 kB
Operator app	Run npm run build	2026-09-24T22:27:16.0859634Z dist/assets/ibm-plex-sans-kr-107-400-normal-9_m442uC.woff           9.82 kB
Operator app	Run npm run build	2026-09-24T22:27:16.0860870Z dist/assets/ibm-plex-sans-kr-114-500-normal-DwbHpjAF.woff           9.83 kB
Operator app	Run npm run build	2026-09-24T22:27:16.0963026Z dist/assets/ibm-plex-sans-kr-114-600-normal-BKj6RBZ7.woff           9.88 kB
Operator app	Run npm run build	2026-09-24T22:27:16.0964849Z dist/assets/ibm-plex-sans-kr-113-400-normal-DlThbTsi.woff           9.88 kB
Operator app	Run npm run build	2026-09-24T22:27:16.0966232Z dist/assets/ibm-plex-sans-kr-113-500-normal-DYUtiDlk.woff           9.88 kB
Operator app	Run npm run build	2026-09-24T22:27:16.0967537Z dist/assets/ibm-plex-sans-kr-38-500-normal-DPBjbA25.woff            9.89 kB
Operator app	Run npm run build	2026-09-24T22:27:16.0968841Z dist/assets/ibm-plex-sans-kr-38-400-normal-B4UIE9Zj.woff            9.93 kB
Operator app	Run npm run build	2026-09-24T22:27:16.0970232Z dist/assets/ibm-plex-sans-kr-110-500-normal-BNbXS7l_.woff           9.94 kB
Operator app	Run npm run build	2026-09-24T22:27:16.0971517Z dist/assets/ibm-plex-sans-kr-110-600-normal-ReaqIn5m.woff           9.95 kB
Operator app	Run npm run build	2026-09-24T22:27:16.0972797Z dist/assets/ibm-plex-sans-kr-114-400-normal-5bMSGSar.woff           9.97 kB
Operator app	Run npm run build	2026-09-24T22:27:16.0974102Z dist/assets/ibm-plex-sans-kr-100-500-normal-DRrgX_RY.woff2          9.99 kB
Operator app	Run npm run build	2026-09-24T22:27:16.0975492Z dist/assets/ibm-plex-sans-kr-111-500-normal-yMGVhWWr.woff          10.03 kB
Operator app	Run npm run build	2026-09-24T22:27:16.0976786Z dist/assets/ibm-plex-sans-kr-41-400-normal-Ce6_8B6O.woff           10.03 kB
Operator app	Run npm run build	2026-09-24T22:27:16.0977986Z dist/assets/ibm-plex-sans-kr-11-500-normal-BuJhjvIH.woff           10.04 kB
Operator app	Run npm run build	2026-09-24T22:27:16.0979218Z dist/assets/ibm-plex-sans-kr-110-400-normal-D259vsJ_.woff          10.04 kB
Operator app	Run npm run build	2026-09-24T22:27:16.0981892Z dist/assets/ibm-plex-sans-kr-111-600-normal-2DkYfPPb.woff          10.04 kB
Operator app	Run npm run build	2026-09-24T22:27:16.0983213Z dist/assets/ibm-plex-sans-kr-41-500-normal-DiLp_0kR.woff           10.05 kB
Operator app	Run npm run build	2026-09-24T22:27:16.0984390Z dist/assets/ibm-plex-sans-kr-109-600-normal-CG9-PeCF.woff          10.08 kB
Operator app	Run npm run build	2026-09-24T22:27:16.0985573Z dist/assets/ibm-plex-sans-kr-109-500-normal-BnWOOl51.woff          10.13 kB
Operator app	Run npm run build	2026-09-24T22:27:16.0986750Z dist/assets/ibm-plex-sans-kr-111-400-normal-BqppHOeA.woff          10.14 kB
Operator app	Run npm run build	2026-09-24T22:27:16.0987948Z dist/assets/ibm-plex-sans-kr-109-400-normal-Ch-uxywT.woff          10.19 kB
Operator app	Run npm run build	2026-09-24T22:27:16.0989118Z dist/assets/ibm-plex-sans-kr-11-400-normal-CN_UQa3U.woff           10.20 kB
Operator app	Run npm run build	2026-09-24T22:27:16.0990348Z dist/assets/ibm-plex-sans-kr-104-400-normal-BrHR60F5.woff2         10.20 kB
Operator app	Run npm run build	2026-09-24T22:27:16.0991526Z dist/assets/ibm-plex-sans-kr-102-500-normal-BmX3x0t4.woff2         10.27 kB
Operator app	Run npm run build	2026-09-24T22:27:16.0992697Z dist/assets/ibm-plex-sans-kr-41-600-normal-Df3Wep6L.woff           10.28 kB
Operator app	Run npm run build	2026-09-24T22:27:16.0993881Z dist/assets/ibm-plex-sans-kr-102-600-normal-CN8RaHGd.woff2         10.28 kB
Operator app	Run npm run build	2026-09-24T22:27:16.0995060Z dist/assets/ibm-plex-sans-kr-11-600-normal-BUarw7E5.woff           10.28 kB
Operator app	Run npm run build	2026-09-24T22:27:16.0996620Z dist/assets/ibm-plex-sans-kr-64-500-normal-CdK6D4vh.woff           10.50 kB
Operator app	Run npm run build	2026-09-24T22:27:16.0997810Z dist/assets/ibm-plex-sans-kr-38-400-normal-CLr3K58D.woff2          10.53 kB
Operator app	Run npm run build	2026-09-24T22:27:16.0998991Z dist/assets/ibm-plex-sans-kr-64-400-normal-DhttFBeF.woff           10.53 kB
Operator app	Run npm run build	2026-09-24T22:27:16.1000322Z dist/assets/ibm-plex-sans-kr-11-400-normal-DY57wkwV.woff2          10.54 kB
Operator app	Run npm run build	2026-09-24T22:27:16.1001507Z dist/assets/ibm-plex-sans-kr-2-600-normal-BBWiOGe2.woff            10.56 kB
Operator app	Run npm run build	2026-09-24T22:27:16.1002683Z dist/assets/ibm-plex-sans-kr-2-500-normal-CSqMQxgI.woff            10.65 kB
Operator app	Run npm run build	2026-09-24T22:27:16.1003851Z dist/assets/ibm-plex-sans-kr-8-600-normal-BJjl00Le.woff            10.66 kB
Operator app	Run npm run build	2026-09-24T22:27:16.1005024Z dist/assets/ibm-plex-sans-kr-8-500-normal-BSA0Y_vv.woff            10.71 kB
Operator app	Run npm run build	2026-09-24T22:27:16.1006175Z dist/assets/ibm-plex-sans-kr-103-400-normal-CYHfi_5o.woff2         10.72 kB
Operator app	Run npm run build	2026-09-24T22:27:16.1007346Z dist/assets/ibm-plex-sans-kr-2-400-normal-ZCEqhetZ.woff            10.73 kB
Operator app	Run npm run build	2026-09-24T22:27:16.1008533Z dist/assets/ibm-plex-sans-kr-41-400-normal-THO3jy3s.woff2          10.73 kB
Operator app	Run npm run build	2026-09-24T22:27:16.1009708Z dist/assets/ibm-plex-sans-kr-11-600-normal-Ds-mjTNk.woff2          10.74 kB
Operator app	Run npm run build	2026-09-24T22:27:16.1011153Z dist/assets/ibm-plex-sans-kr-38-600-normal-Uy8tuoQH.woff2          10.78 kB
Operator app	Run npm run build	2026-09-24T22:27:16.1012352Z dist/assets/ibm-plex-sans-kr-8-400-normal-BmMhoS32.woff2           10.80 kB
Operator app	Run npm run build	2026-09-24T22:27:16.1013536Z dist/assets/ibm-plex-sans-kr-64-400-normal-BoOvEFVR.woff2          10.86 kB
Operator app	Run npm run build	2026-09-24T22:27:16.1014883Z dist/assets/ibm-plex-sans-kr-8-400-normal-Ci0W5IWz.woff            10.86 kB
Operator app	Run npm run build	2026-09-24T22:27:16.1016072Z dist/assets/ibm-plex-sans-kr-11-500-normal-dR3lXot0.woff2          10.92 kB
Operator app	Run npm run build	2026-09-24T22:27:16.1017256Z dist/assets/ibm-plex-sans-kr-38-500-normal-KdQq52D1.woff2          10.92 kB
Operator app	Run npm run build	2026-09-24T22:27:16.1018433Z dist/assets/ibm-plex-sans-kr-8-600-normal-B0rxBWNc.woff2           10.93 kB
Operator app	Run npm run build	2026-09-24T22:27:16.1019618Z dist/assets/ibm-plex-sans-kr-44-400-normal-BPQ_BGOm.woff           10.96 kB
Operator app	Run npm run build	2026-09-24T22:27:16.1020794Z dist/assets/ibm-plex-sans-kr-44-500-normal-CKASaSWW.woff           11.00 kB
Operator app	Run npm run build	2026-09-24T22:27:16.1021699Z dist/assets/ibm-plex-sans-kr-64-600-normal-DnHS-nmP.woff           11.02 kB
Operator app	Run npm run build	2026-09-24T22:27:16.1022817Z dist/assets/ibm-plex-sans-kr-48-500-normal-BFJwbsKF.woff           11.03 kB
Operator app	Run npm run build	2026-09-24T22:27:16.1023986Z dist/assets/ibm-plex-sans-kr-61-400-normal-Ci1tC2DE.woff           11.08 kB
Operator app	Run npm run build	2026-09-24T22:27:16.1025153Z dist/assets/ibm-plex-sans-kr-44-400-normal-BvoXxhh-.woff2          11.13 kB
Operator app	Run npm run build	2026-09-24T22:27:16.1026379Z dist/assets/ibm-plex-sans-kr-48-400-normal-5VJWa5C8.woff           11.14 kB
Operator app	Run npm run build	2026-09-24T22:27:16.1027554Z dist/assets/ibm-plex-sans-kr-104-500-normal-DHbM5qs4.woff2         11.15 kB
Operator app	Run npm run build	2026-09-24T22:27:16.1028715Z dist/assets/ibm-plex-sans-kr-10-500-normal-4KY48fu0.woff           11.17 kB
Operator app	Run npm run build	2026-09-24T22:27:16.1029882Z dist/assets/ibm-plex-sans-kr-2-400-normal-CnxhIj-f.woff2           11.17 kB
Operator app	Run npm run build	2026-09-24T22:27:16.1030725Z dist/assets/ibm-plex-sans-kr-51-500-normal-kawlUwcv.woff           11.17 kB
Operator app	Run npm run build	2026-09-24T22:27:16.1031284Z dist/assets/ibm-plex-sans-kr-58-400-normal-i71EDyfV.woff2          11.17 kB
Operator app	Run npm run build	2026-09-24T22:27:16.1031840Z dist/assets/ibm-plex-sans-kr-51-600-normal-DCKOx3do.woff           11.18 kB
Operator app	Run npm run build	2026-09-24T22:27:16.1032389Z dist/assets/ibm-plex-sans-kr-48-600-normal-DAbbVYEi.woff           11.19 kB
Operator app	Run npm run build	2026-09-24T22:27:16.1032931Z dist/assets/ibm-plex-sans-kr-58-400-normal-DqIzdKrV.woff           11.20 kB
Operator app	Run npm run build	2026-09-24T22:27:16.1033481Z dist/assets/ibm-plex-sans-kr-104-600-normal-DHHBh9NH.woff2         11.24 kB
Operator app	Run npm run build	2026-09-24T22:27:16.1034038Z dist/assets/ibm-plex-sans-kr-58-500-normal-D5AnMdIq.woff           11.27 kB
Operator app	Run npm run build	2026-09-24T22:27:16.1034580Z dist/assets/ibm-plex-sans-kr-61-500-normal-BWi6Ha-w.woff           11.27 kB
Operator app	Run npm run build	2026-09-24T22:27:16.1035137Z dist/assets/ibm-plex-sans-kr-8-500-normal-UU4QCA8B.woff2           11.27 kB
Operator app	Run npm run build	2026-09-24T22:27:16.1035688Z dist/assets/ibm-plex-sans-kr-10-600-normal-DIq7Gv9V.woff           11.28 kB
Operator app	Run npm run build	2026-09-24T22:27:16.1036232Z dist/assets/ibm-plex-sans-kr-48-400-normal-CBCdCJJN.woff2          11.30 kB
Operator app	Run npm run build	2026-09-24T22:27:16.1036809Z dist/assets/ibm-plex-sans-kr-61-600-normal-BZxjTCO5.woff           11.30 kB
Operator app	Run npm run build	2026-09-24T22:27:16.1037365Z dist/assets/ibm-plex-sans-kr-10-400-normal-BOnpTeYv.woff2          11.31 kB
Operator app	Run npm run build	2026-09-24T22:27:16.1037917Z dist/assets/ibm-plex-sans-kr-44-600-normal-B1vhjtxY.woff           11.31 kB
Operator app	Run npm run build	2026-09-24T22:27:16.1038464Z dist/assets/ibm-plex-sans-kr-58-600-normal-Bpgq8MX2.woff           11.32 kB
Operator app	Run npm run build	2026-09-24T22:27:16.1039016Z dist/assets/ibm-plex-sans-kr-10-400-normal-CRn7_mZz.woff           11.33 kB
Operator app	Run npm run build	2026-09-24T22:27:16.1039556Z dist/assets/ibm-plex-sans-kr-51-400-normal-Nb_ATV55.woff           11.33 kB
Operator app	Run npm run build	2026-09-24T22:27:16.1040450Z dist/assets/ibm-plex-sans-kr-51-400-normal-CI8zKOiq.woff2          11.41 kB
Operator app	Run npm run build	2026-09-24T22:27:16.1041050Z dist/assets/ibm-plex-sans-kr-103-600-normal-8oNp3a_g.woff2         11.43 kB
Operator app	Run npm run build	2026-09-24T22:27:16.1041607Z dist/assets/ibm-plex-sans-kr-41-500-normal-CoKUeK1m.woff2          11.43 kB
Operator app	Run npm run build	2026-09-24T22:27:16.1042172Z dist/assets/ibm-plex-sans-kr-41-600-normal-Ck2K5Ulf.woff2          11.46 kB
Operator app	Run npm run build	2026-09-24T22:27:16.1042724Z dist/assets/ibm-plex-sans-kr-53-400-normal-uFBOSatZ.woff2          11.52 kB
Operator app	Run npm run build	2026-09-24T22:27:16.1043455Z dist/assets/ibm-plex-sans-kr-51-600-normal-D1q9iZG9.woff2          11.54 kB
Operator app	Run npm run build	2026-09-24T22:27:16.1044014Z dist/assets/ibm-plex-sans-kr-45-600-normal-D74kcLg1.woff           11.56 kB
Operator app	Run npm run build	2026-09-24T22:27:16.1044572Z dist/assets/ibm-plex-sans-kr-55-400-normal-DACpgdpL.woff           11.57 kB
Operator app	Run npm run build	2026-09-24T22:27:16.1045270Z dist/assets/ibm-plex-sans-kr-10-500-normal-ycH3xAAg.woff2          11.60 kB
Operator app	Run npm run build	2026-09-24T22:27:16.1045815Z dist/assets/ibm-plex-sans-kr-58-600-normal-Bqgrv0lo.woff2          11.60 kB
Operator app	Run npm run build	2026-09-24T22:27:16.1046365Z dist/assets/ibm-plex-sans-kr-103-500-normal-2RWRnHUp.woff2         11.62 kB
Operator app	Run npm run build	2026-09-24T22:27:16.1046929Z dist/assets/ibm-plex-sans-kr-45-400-normal-BN1x-JCl.woff           11.63 kB
Operator app	Run npm run build	2026-09-24T22:27:16.1047470Z dist/assets/ibm-plex-sans-kr-45-500-normal-CSR2L3Yg.woff           11.63 kB
Operator app	Run npm run build	2026-09-24T22:27:16.1048013Z dist/assets/ibm-plex-sans-kr-64-500-normal-CgK0jDrR.woff2          11.64 kB
Operator app	Run npm run build	2026-09-24T22:27:16.1048568Z dist/assets/ibm-plex-sans-kr-55-600-normal-CNKcN-Ig.woff           11.65 kB
Operator app	Run npm run build	2026-09-24T22:27:16.1049127Z dist/assets/ibm-plex-sans-kr-55-500-normal-Bk4ZO-Yx.woff           11.66 kB
Operator app	Run npm run build	2026-09-24T22:27:16.1049672Z dist/assets/ibm-plex-sans-kr-48-600-normal-QEQJ2vNg.woff2          11.68 kB
Operator app	Run npm run build	2026-09-24T22:27:16.1050392Z dist/assets/ibm-plex-sans-kr-119-400-normal-BVAYXEqw.woff          11.68 kB
Operator app	Run npm run build	2026-09-24T22:27:16.1050945Z dist/assets/ibm-plex-sans-kr-50-400-normal-wVEmJJbn.woff2          11.68 kB
Operator app	Run npm run build	2026-09-24T22:27:16.1051497Z dist/assets/ibm-plex-sans-kr-105-400-normal-BY6JiZG_.woff2         11.71 kB
Operator app	Run npm run build	2026-09-24T22:27:16.1052055Z dist/assets/ibm-plex-sans-kr-25-400-normal-CSCHltyB.woff           11.71 kB
Operator app	Run npm run build	2026-09-24T22:27:16.1052602Z dist/assets/ibm-plex-sans-kr-45-400-normal-DMKz6H_F.woff2          11.72 kB
Operator app	Run npm run build	2026-09-24T22:27:16.1053152Z dist/assets/ibm-plex-sans-kr-51-500-normal-B3Qlfb5-.woff2          11.72 kB
Operator app	Run npm run build	2026-09-24T22:27:16.1053713Z dist/assets/ibm-plex-sans-kr-44-500-normal-CnrBiW8T.woff2          11.75 kB
Operator app	Run npm run build	2026-09-24T22:27:16.1054306Z dist/assets/ibm-plex-sans-kr-2-500-normal-CCn-pwD2.woff2           11.75 kB
Operator app	Run npm run build	2026-09-24T22:27:16.1054857Z dist/assets/ibm-plex-sans-kr-61-400-normal-DnyFjM_B.woff2          11.76 kB
Operator app	Run npm run build	2026-09-24T22:27:16.1055412Z dist/assets/ibm-plex-sans-kr-25-500-normal-DAuTWcSe.woff           11.78 kB
Operator app	Run npm run build	2026-09-24T22:27:16.1055954Z dist/assets/ibm-plex-sans-kr-25-600-normal-ClJ2q6nT.woff           11.79 kB
Operator app	Run npm run build	2026-09-24T22:27:16.1056510Z dist/assets/ibm-plex-sans-kr-47-500-normal-BWfN8bqy.woff           11.79 kB
Operator app	Run npm run build	2026-09-24T22:27:16.1057068Z dist/assets/ibm-plex-sans-kr-53-600-normal-3e73VLox.woff2          11.81 kB
Operator app	Run npm run build	2026-09-24T22:27:16.1057612Z dist/assets/ibm-plex-sans-kr-18-400-normal-Bs1zlN0G.woff2          11.81 kB
Operator app	Run npm run build	2026-09-24T22:27:16.1058154Z dist/assets/ibm-plex-sans-kr-54-400-normal-DShvO3nx.woff           11.82 kB
Operator app	Run npm run build	2026-09-24T22:27:16.1058731Z dist/assets/ibm-plex-sans-kr-44-600-normal-B1scqjS5.woff2          11.82 kB
Operator app	Run npm run build	2026-09-24T22:27:16.1059312Z dist/assets/ibm-plex-sans-kr-54-600-normal-HSAnxCQg.woff           11.83 kB
Operator app	Run npm run build	2026-09-24T22:27:16.1059902Z dist/assets/ibm-plex-sans-kr-58-500-normal-BFNTZIBF.woff2          11.85 kB
Operator app	Run npm run build	2026-09-24T22:27:16.1060934Z dist/assets/ibm-plex-sans-kr-54-500-normal-DjX9ImWQ.woff           11.86 kB
Operator app	Run npm run build	2026-09-24T22:27:16.1061800Z dist/assets/ibm-plex-sans-kr-50-400-normal-DSyr09Pi.woff           11.86 kB
Operator app	Run npm run build	2026-09-24T22:27:16.1062615Z dist/assets/ibm-plex-sans-kr-48-500-normal-B2EKWItw.woff2          11.87 kB
Operator app	Run npm run build	2026-09-24T22:27:16.1063525Z dist/assets/ibm-plex-sans-kr-15-400-normal-CBiEIaz5.woff2          11.88 kB
Operator app	Run npm run build	2026-09-24T22:27:16.1064509Z dist/assets/ibm-plex-sans-kr-18-500-normal-CNuq5r-l.woff           11.88 kB
Operator app	Run npm run build	2026-09-24T22:27:16.1065413Z dist/assets/ibm-plex-sans-kr-47-600-normal-CxMB4f1K.woff           11.88 kB
Operator app	Run npm run build	2026-09-24T22:27:16.1066413Z dist/assets/ibm-plex-sans-kr-40-500-normal-BuazCxCP.woff           11.90 kB
Operator app	Run npm run build	2026-09-24T22:27:16.1067425Z dist/assets/ibm-plex-sans-kr-55-400-normal-BIBVbLNo.woff2          11.90 kB
Operator app	Run npm run build	2026-09-24T22:27:16.1068393Z dist/assets/ibm-plex-sans-kr-36-400-normal-BT6SwwtR.woff2          11.91 kB
Operator app	Run npm run build	2026-09-24T22:27:16.1069537Z dist/assets/ibm-plex-sans-kr-56-400-normal-D6a133Nk.woff           11.91 kB
Operator app	Run npm run build	2026-09-24T22:27:16.1070693Z dist/assets/ibm-plex-sans-kr-56-400-normal-E_0UP4jm.woff2          11.93 kB
Operator app	Run npm run build	2026-09-24T22:27:16.1071794Z dist/assets/ibm-plex-sans-kr-118-400-normal-CPvF_U24.woff2         11.93 kB
Operator app	Run npm run build	2026-09-24T22:27:16.1073039Z dist/assets/ibm-plex-sans-kr-6-400-normal-CTPxjOYB.woff2           11.93 kB
Operator app	Run npm run build	2026-09-24T22:27:16.1074162Z dist/assets/ibm-plex-sans-kr-47-400-normal-BHD-6hCF.woff           11.94 kB
Operator app	Run npm run build	2026-09-24T22:27:16.1075201Z dist/assets/ibm-plex-sans-kr-50-500-normal-Bxw81ACJ.woff           11.97 kB
Operator app	Run npm run build	2026-09-24T22:27:16.1076189Z dist/assets/ibm-plex-sans-kr-53-500-normal-Cf9lqm0Z.woff           11.97 kB
Operator app	Run npm run build	2026-09-24T22:27:16.1077177Z dist/assets/ibm-plex-sans-kr-56-500-normal-BxiWtQ63.woff           11.98 kB
Operator app	Run npm run build	2026-09-24T22:27:16.1078197Z dist/assets/ibm-plex-sans-kr-53-400-normal-BPlmQmyN.woff           12.00 kB
Operator app	Run npm run build	2026-09-24T22:27:16.1079136Z dist/assets/ibm-plex-sans-kr-15-400-normal-D-mZ9inR.woff           12.00 kB
Operator app	Run npm run build	2026-09-24T22:27:16.1080205Z dist/assets/ibm-plex-sans-kr-18-600-normal-C0tjZHt0.woff           12.00 kB
Operator app	Run npm run build	2026-09-24T22:27:16.1081146Z dist/assets/ibm-plex-sans-kr-53-600-normal-CHFWjDbo.woff           12.00 kB
Operator app	Run npm run build	2026-09-24T22:27:16.1082041Z dist/assets/ibm-plex-sans-kr-6-400-normal-AY_mybA2.woff            12.02 kB
Operator app	Run npm run build	2026-09-24T22:27:16.1083066Z dist/assets/ibm-plex-sans-kr-40-600-normal-D79iYZbh.woff           12.02 kB
Operator app	Run npm run build	2026-09-24T22:27:16.1084119Z dist/assets/ibm-plex-sans-kr-64-600-normal-DdDi5wpQ.woff2          12.03 kB
Operator app	Run npm run build	2026-09-24T22:27:16.1085183Z dist/assets/ibm-plex-sans-kr-46-400-normal-K8yMYku4.woff           12.04 kB
Operator app	Run npm run build	2026-09-24T22:27:16.1086141Z dist/assets/ibm-plex-sans-kr-18-400-normal-BTtbRNyU.woff           12.04 kB
Operator app	Run npm run build	2026-09-24T22:27:16.1087048Z dist/assets/ibm-plex-sans-kr-50-600-normal-DwlyYo3O.woff           12.04 kB
Operator app	Run npm run build	2026-09-24T22:27:16.1088080Z dist/assets/ibm-plex-sans-kr-40-400-normal-BJCaISym.woff           12.05 kB
Operator app	Run npm run build	2026-09-24T22:27:16.1089144Z dist/assets/ibm-plex-sans-kr-46-600-normal-Yu7W5Ur_.woff           12.06 kB
Operator app	Run npm run build	2026-09-24T22:27:16.1090312Z dist/assets/ibm-plex-sans-kr-47-400-normal-DapCxPvn.woff2          12.06 kB
Operator app	Run npm run build	2026-09-24T22:27:16.1091339Z dist/assets/ibm-plex-sans-kr-6-600-normal-oGadQOpD.woff            12.06 kB
Operator app	Run npm run build	2026-09-24T22:27:16.1092349Z dist/assets/ibm-plex-sans-kr-46-500-normal-7ktFSJad.woff           12.07 kB
Operator app	Run npm run build	2026-09-24T22:27:16.1093304Z dist/assets/ibm-plex-sans-kr-15-600-normal-Dl-orC8M.woff           12.08 kB
Operator app	Run npm run build	2026-09-24T22:27:16.1094215Z dist/assets/ibm-plex-sans-kr-53-500-normal-CTkqgr8Q.woff2          12.08 kB
Operator app	Run npm run build	2026-09-24T22:27:16.1095176Z dist/assets/ibm-plex-sans-kr-2-600-normal-i3phtpOA.woff2           12.09 kB
Operator app	Run npm run build	2026-09-24T22:27:16.1096220Z dist/assets/ibm-plex-sans-kr-54-400-normal-B_JBM8HP.woff2          12.09 kB
Operator app	Run npm run build	2026-09-24T22:27:16.1097182Z dist/assets/ibm-plex-sans-kr-61-500-normal-BHfyY8C5.woff2          12.09 kB
Operator app	Run npm run build	2026-09-24T22:27:16.1098119Z dist/assets/ibm-plex-sans-kr-10-600-normal-BAjKvcG-.woff2          12.12 kB
Operator app	Run npm run build	2026-09-24T22:27:16.1099097Z dist/assets/ibm-plex-sans-kr-15-500-normal-BJiRyHxF.woff           12.13 kB
Operator app	Run npm run build	2026-09-24T22:27:16.1100256Z dist/assets/ibm-plex-sans-kr-50-600-normal-CNwgbPME.woff2          12.13 kB
Operator app	Run npm run build	2026-09-24T22:27:16.1101317Z dist/assets/ibm-plex-sans-kr-56-600-normal-hzikha37.woff           12.13 kB
Operator app	Run npm run build	2026-09-24T22:27:16.1102323Z dist/assets/ibm-plex-sans-kr-57-600-normal-BR6Du0PQ.woff           12.14 kB
Operator app	Run npm run build	2026-09-24T22:27:16.1103359Z dist/assets/ibm-plex-sans-kr-6-500-normal-Dke2b5Bz.woff            12.15 kB
Operator app	Run npm run build	2026-09-24T22:27:16.1104440Z dist/assets/ibm-plex-sans-kr-36-500-normal-B1iFWDLF.woff2          12.17 kB
Operator app	Run npm run build	2026-09-24T22:27:16.1105476Z dist/assets/ibm-plex-sans-kr-57-500-normal-BtBoxULz.woff           12.17 kB
Operator app	Run npm run build	2026-09-24T22:27:16.1106582Z dist/assets/ibm-plex-sans-kr-5-600-normal-vSSmYEgt.woff            12.18 kB
Operator app	Run npm run build	2026-09-24T22:27:16.1107718Z dist/assets/ibm-plex-sans-kr-52-500-normal-CBaFAE5p.woff           12.18 kB
Operator app	Run npm run build	2026-09-24T22:27:16.1108855Z dist/assets/ibm-plex-sans-kr-57-400-normal-CBQftTJt.woff           12.18 kB
Operator app	Run npm run build	2026-09-24T22:27:16.1110152Z dist/assets/ibm-plex-sans-kr-52-400-normal-DgbfUacv.woff           12.20 kB
Operator app	Run npm run build	2026-09-24T22:27:16.1111199Z dist/assets/ibm-plex-sans-kr-25-400-normal-C5hUXC4y.woff2          12.20 kB
Operator app	Run npm run build	2026-09-24T22:27:16.1112289Z dist/assets/ibm-plex-sans-kr-18-500-normal-BWeF5dyd.woff2          12.24 kB
Operator app	Run npm run build	2026-09-24T22:27:16.1113513Z dist/assets/ibm-plex-sans-kr-36-600-normal-kFFPHZH9.woff2          12.24 kB
Operator app	Run npm run build	2026-09-24T22:27:16.1114665Z dist/assets/ibm-plex-sans-kr-61-600-normal-ChG7s6jj.woff2          12.24 kB
Operator app	Run npm run build	2026-09-24T22:27:16.1115645Z dist/assets/ibm-plex-sans-kr-50-500-normal-B90Dmlwo.woff2          12.25 kB
Operator app	Run npm run build	2026-09-24T22:27:16.1116591Z dist/assets/ibm-plex-sans-kr-28-500-normal-BspvdxR3.woff           12.27 kB
Operator app	Run npm run build	2026-09-24T22:27:16.1117524Z dist/assets/ibm-plex-sans-kr-28-400-normal-DNnelfuN.woff           12.29 kB
Operator app	Run npm run build	2026-09-24T22:27:16.1118466Z dist/assets/ibm-plex-sans-kr-42-600-normal-BIw3yp_o.woff           12.29 kB
Operator app	Run npm run build	2026-09-24T22:27:16.1119386Z dist/assets/ibm-plex-sans-kr-43-500-normal-B_MM_0i3.woff           12.29 kB
Operator app	Run npm run build	2026-09-24T22:27:16.1120454Z dist/assets/ibm-plex-sans-kr-5-500-normal-L-1Rm88n.woff            12.30 kB
Operator app	Run npm run build	2026-09-24T22:27:16.1121396Z dist/assets/ibm-plex-sans-kr-42-500-normal-Y6rzavLQ.woff           12.30 kB
Operator app	Run npm run build	2026-09-24T22:27:16.1122227Z dist/assets/ibm-plex-sans-kr-52-600-normal-DpEHO2lx.woff           12.31 kB
Operator app	Run npm run build	2026-09-24T22:27:16.1123111Z dist/assets/ibm-plex-sans-kr-47-500-normal-CJrfuNV6.woff2          12.32 kB
Operator app	Run npm run build	2026-09-24T22:27:16.1123676Z dist/assets/ibm-plex-sans-kr-43-400-normal-rklqUmDh.woff           12.33 kB
Operator app	Run npm run build	2026-09-24T22:27:16.1124417Z dist/assets/ibm-plex-sans-kr-42-400-normal-mWRC9cE4.woff           12.36 kB
Operator app	Run npm run build	2026-09-24T22:27:16.1125395Z dist/assets/ibm-plex-sans-kr-43-600-normal-Dl6BB-Lj.woff           12.36 kB
Operator app	Run npm run build	2026-09-24T22:27:16.1126341Z dist/assets/ibm-plex-sans-kr-12-400-normal-AF35YmmH.woff2          12.37 kB
Operator app	Run npm run build	2026-09-24T22:27:16.1127262Z dist/assets/ibm-plex-sans-kr-37-400-normal-BiWBJPQ7.woff2          12.40 kB
Operator app	Run npm run build	2026-09-24T22:27:16.1128178Z dist/assets/ibm-plex-sans-kr-5-400-normal-BBWPbJ8R.woff2           12.40 kB
Operator app	Run npm run build	2026-09-24T22:27:16.1129152Z dist/assets/ibm-plex-sans-kr-5-400-normal-B1Nb7Dqt.woff            12.42 kB
Operator app	Run npm run build	2026-09-24T22:27:16.1130240Z dist/assets/ibm-plex-sans-kr-55-600-normal-ByArDHHI.woff2          12.42 kB
Operator app	Run npm run build	2026-09-24T22:27:16.1131170Z dist/assets/ibm-plex-sans-kr-56-600-normal-DScuu4Uu.woff2          12.42 kB
Operator app	Run npm run build	2026-09-24T22:27:16.1132108Z dist/assets/ibm-plex-sans-kr-31-600-normal-DWFfqfVJ.woff2          12.43 kB
Operator app	Run npm run build	2026-09-24T22:27:16.1132966Z dist/assets/ibm-plex-sans-kr-54-600-normal-CIir-_6C.woff2          12.43 kB
Operator app	Run npm run build	2026-09-24T22:27:16.1133991Z dist/assets/ibm-plex-sans-kr-63-500-normal-EwyND2AG.woff           12.43 kB
Operator app	Run npm run build	2026-09-24T22:27:16.1134912Z dist/assets/ibm-plex-sans-kr-35-600-normal-M066d6gr.woff           12.44 kB
Operator app	Run npm run build	2026-09-24T22:27:16.1135850Z dist/assets/ibm-plex-sans-kr-49-400-normal-BENNdZwd.woff2          12.44 kB
Operator app	Run npm run build	2026-09-24T22:27:16.1136746Z dist/assets/ibm-plex-sans-kr-46-400-normal-Z0YZvJMA.woff2          12.45 kB
Operator app	Run npm run build	2026-09-24T22:27:16.1137698Z dist/assets/ibm-plex-sans-kr-6-600-normal-CdfPYwdk.woff2           12.45 kB
Operator app	Run npm run build	2026-09-24T22:27:16.1138659Z dist/assets/ibm-plex-sans-kr-31-500-normal-nX_pe9VE.woff2          12.46 kB
Operator app	Run npm run build	2026-09-24T22:27:16.1139652Z dist/assets/ibm-plex-sans-kr-37-500-normal-B-MNJEe6.woff2          12.46 kB
Operator app	Run npm run build	2026-09-24T22:27:16.1140902Z dist/assets/ibm-plex-sans-kr-57-400-normal-F8LL-J5_.woff2          12.46 kB
Operator app	Run npm run build	2026-09-24T22:27:16.1141919Z dist/assets/ibm-plex-sans-kr-31-400-normal-DhPplA2S.woff2          12.48 kB
Operator app	Run npm run build	2026-09-24T22:27:16.1142978Z dist/assets/ibm-plex-sans-kr-7-400-normal-CDkAi-IU.woff2           12.48 kB
Operator app	Run npm run build	2026-09-24T22:27:16.1144024Z dist/assets/ibm-plex-sans-kr-47-600-normal-tmv6xC_z.woff2          12.48 kB
Operator app	Run npm run build	2026-09-24T22:27:16.1145070Z dist/assets/ibm-plex-sans-kr-6-500-normal-UElWVruj.woff2           12.48 kB
Operator app	Run npm run build	2026-09-24T22:27:16.1146133Z dist/assets/ibm-plex-sans-kr-34-400-normal-BFI-kcuc.woff           12.49 kB
Operator app	Run npm run build	2026-09-24T22:27:16.1147192Z dist/assets/ibm-plex-sans-kr-28-600-normal-BeDPvyp8.woff           12.51 kB
Operator app	Run npm run build	2026-09-24T22:27:16.1148437Z dist/assets/ibm-plex-sans-kr-9-500-normal-C6DRVnCw.woff            12.51 kB
Operator app	Run npm run build	2026-09-24T22:27:16.1149496Z dist/assets/ibm-plex-sans-kr-15-500-normal-BWepl2fS.woff2          12.52 kB
Operator app	Run npm run build	2026-09-24T22:27:16.1150585Z dist/assets/ibm-plex-sans-kr-37-600-normal-Cvgtdz7H.woff           12.52 kB
Operator app	Run npm run build	2026-09-24T22:27:16.1151744Z dist/assets/ibm-plex-sans-kr-45-600-normal-DNXvxDIf.woff2          12.52 kB
Operator app	Run npm run build	2026-09-24T22:27:16.1152799Z dist/assets/ibm-plex-sans-kr-9-400-normal-CeBwsqAD.woff            12.52 kB
Operator app	Run npm run build	2026-09-24T22:27:16.1153859Z dist/assets/ibm-plex-sans-kr-39-600-normal-DHmemGdc.woff           12.54 kB
Operator app	Run npm run build	2026-09-24T22:27:16.1154918Z dist/assets/ibm-plex-sans-kr-63-400-normal-Bi-DePsy.woff           12.54 kB
Operator app	Run npm run build	2026-09-24T22:27:16.1155968Z dist/assets/ibm-plex-sans-kr-9-600-normal-DWoOSbq5.woff            12.54 kB
Operator app	Run npm run build	2026-09-24T22:27:16.1157024Z dist/assets/ibm-plex-sans-kr-45-500-normal-uti_Zlfe.woff2          12.55 kB
Operator app	Run npm run build	2026-09-24T22:27:16.1158074Z dist/assets/ibm-plex-sans-kr-36-400-normal-Cd-eoA5H.woff           12.56 kB
Operator app	Run npm run build	2026-09-24T22:27:16.1159117Z dist/assets/ibm-plex-sans-kr-39-400-normal-WTG9_11D.woff           12.56 kB
Operator app	Run npm run build	2026-09-24T22:27:16.1160250Z dist/assets/ibm-plex-sans-kr-34-600-normal-Dkhx4lxu.woff           12.56 kB
Operator app	Run npm run build	2026-09-24T22:27:16.1161305Z dist/assets/ibm-plex-sans-kr-35-400-normal-D8XpW-jV.woff           12.56 kB
Operator app	Run npm run build	2026-09-24T22:27:16.1162366Z dist/assets/ibm-plex-sans-kr-49-400-normal-DrUErJVA.woff           12.56 kB
Operator app	Run npm run build	2026-09-24T22:27:16.1163427Z dist/assets/ibm-plex-sans-kr-63-600-normal-DXp5U46T.woff           12.56 kB
Operator app	Run npm run build	2026-09-24T22:27:16.1164491Z dist/assets/ibm-plex-sans-kr-35-400-normal-CHpiv9C7.woff2          12.57 kB
Operator app	Run npm run build	2026-09-24T22:27:16.1165543Z dist/assets/ibm-plex-sans-kr-37-400-normal-Bj7jp-Iz.woff           12.57 kB
Operator app	Run npm run build	2026-09-24T22:27:16.1166596Z dist/assets/ibm-plex-sans-kr-34-500-normal-CFjeJ1tN.woff           12.58 kB
Operator app	Run npm run build	2026-09-24T22:27:16.1167648Z dist/assets/ibm-plex-sans-kr-7-500-normal-DHoZsm8z.woff            12.58 kB
Operator app	Run npm run build	2026-09-24T22:27:16.1168704Z dist/assets/ibm-plex-sans-kr-56-500-normal-CpmKpo0e.woff2          12.58 kB
Operator app	Run npm run build	2026-09-24T22:27:16.1169782Z dist/assets/ibm-plex-sans-kr-23-400-normal-CUhld-kf.woff2          12.58 kB
Operator app	Run npm run build	2026-09-24T22:27:16.1170907Z dist/assets/ibm-plex-sans-kr-37-500-normal-B6-fjph3.woff           12.60 kB
Operator app	Run npm run build	2026-09-24T22:27:16.1171955Z dist/assets/ibm-plex-sans-kr-37-600-normal-CnPg-4RZ.woff2          12.60 kB
Operator app	Run npm run build	2026-09-24T22:27:16.1173032Z dist/assets/ibm-plex-sans-kr-28-400-normal-Bwghrgjh.woff2          12.62 kB
Operator app	Run npm run build	2026-09-24T22:27:16.1174085Z dist/assets/ibm-plex-sans-kr-106-400-normal-CKM4EqLH.woff2         12.62 kB
Operator app	Run npm run build	2026-09-24T22:27:16.1175137Z dist/assets/ibm-plex-sans-kr-35-500-normal-DxaJNFWV.woff           12.63 kB
Operator app	Run npm run build	2026-09-24T22:27:16.1176190Z dist/assets/ibm-plex-sans-kr-39-500-normal-C8uyz1B3.woff           12.63 kB
Operator app	Run npm run build	2026-09-24T22:27:16.1177239Z dist/assets/ibm-plex-sans-kr-12-500-normal-CRJzzWQI.woff2          12.64 kB
Operator app	Run npm run build	2026-09-24T22:27:16.1178272Z dist/assets/ibm-plex-sans-kr-18-600-normal-3CkcYQgr.woff2          12.64 kB
Operator app	Run npm run build	2026-09-24T22:27:16.1179296Z dist/assets/ibm-plex-sans-kr-52-400-normal-Dqrwgacb.woff2          12.64 kB
Operator app	Run npm run build	2026-09-24T22:27:16.1180318Z dist/assets/ibm-plex-sans-kr-54-500-normal-B5hzExpm.woff2          12.65 kB
Operator app	Run npm run build	2026-09-24T22:27:16.1181330Z dist/assets/ibm-plex-sans-kr-12-400-normal-J5xWG5gS.woff           12.65 kB
Operator app	Run npm run build	2026-09-24T22:27:16.1182430Z dist/assets/ibm-plex-sans-kr-12-500-normal-CZNo5Xam.woff           12.65 kB
Operator app	Run npm run build	2026-09-24T22:27:16.1183526Z dist/assets/ibm-plex-sans-kr-55-500-normal-Bd7gnpgG.woff2          12.66 kB
Operator app	Run npm run build	2026-09-24T22:27:16.1184643Z dist/assets/ibm-plex-sans-kr-49-600-normal-DHvPm2NF.woff           12.67 kB
Operator app	Run npm run build	2026-09-24T22:27:16.1185785Z dist/assets/ibm-plex-sans-kr-118-600-normal-SYUuQfwq.woff2         12.68 kB
Operator app	Run npm run build	2026-09-24T22:27:16.1186860Z dist/assets/ibm-plex-sans-kr-7-600-normal-CeGVp1rD.woff            12.69 kB
Operator app	Run npm run build	2026-09-24T22:27:16.1187947Z dist/assets/ibm-plex-sans-kr-12-600-normal-Cdi7mG90.woff           12.70 kB
Operator app	Run npm run build	2026-09-24T22:27:16.1189064Z dist/assets/ibm-plex-sans-kr-7-400-normal-VZ_YUdPy.woff            12.71 kB
Operator app	Run npm run build	2026-09-24T22:27:16.1190495Z dist/assets/ibm-plex-sans-kr-36-600-normal-DsGroCqE.woff           12.72 kB
Operator app	Run npm run build	2026-09-24T22:27:16.1191584Z dist/assets/ibm-plex-sans-kr-12-600-normal-Ba8rnT7_.woff2          12.72 kB
Operator app	Run npm run build	2026-09-24T22:27:16.1192729Z dist/assets/ibm-plex-sans-kr-7-600-normal-Dh7JSXz4.woff2           12.72 kB
Operator app	Run npm run build	2026-09-24T22:27:16.1193832Z dist/assets/ibm-plex-sans-kr-36-500-normal-brkbKZcZ.woff           12.74 kB
Operator app	Run npm run build	2026-09-24T22:27:16.1194942Z dist/assets/ibm-plex-sans-kr-15-600-normal-CAapLUyl.woff2          12.74 kB
Operator app	Run npm run build	2026-09-24T22:27:16.1196027Z dist/assets/ibm-plex-sans-kr-119-400-normal-CF0EWuft.woff2         12.75 kB
Operator app	Run npm run build	2026-09-24T22:27:16.1197098Z dist/assets/ibm-plex-sans-kr-31-400-normal-BnpH2dyr.woff           12.75 kB
Operator app	Run npm run build	2026-09-24T22:27:16.1198166Z dist/assets/ibm-plex-sans-kr-31-500-normal-BX-CPZrW.woff           12.75 kB
Operator app	Run npm run build	2026-09-24T22:27:16.1199237Z dist/assets/ibm-plex-sans-kr-118-500-normal-bGPKLk2B.woff2         12.76 kB
Operator app	Run npm run build	2026-09-24T22:27:16.1200404Z dist/assets/ibm-plex-sans-kr-43-400-normal-DofKP3XM.woff2          12.76 kB
Operator app	Run npm run build	2026-09-24T22:27:16.1201417Z dist/assets/ibm-plex-sans-kr-31-600-normal-BDIwmQD2.woff           12.76 kB
Operator app	Run npm run build	2026-09-24T22:27:16.1202374Z dist/assets/ibm-plex-sans-kr-25-600-normal-CpgWTSx7.woff2          12.77 kB
Operator app	Run npm run build	2026-09-24T22:27:16.1203380Z dist/assets/ibm-plex-sans-kr-49-500-normal-7q_oMxUd.woff           12.80 kB
Operator app	Run npm run build	2026-09-24T22:27:16.1204459Z dist/assets/ibm-plex-sans-kr-40-400-normal-DxlOKNb6.woff2          12.82 kB
Operator app	Run npm run build	2026-09-24T22:27:16.1205589Z dist/assets/ibm-plex-sans-kr-57-600-normal-CQ1redVd.woff2          12.82 kB
Operator app	Run npm run build	2026-09-24T22:27:16.1206714Z dist/assets/ibm-plex-sans-kr-14-400-normal-DPe2AXol.woff           12.83 kB
Operator app	Run npm run build	2026-09-24T22:27:16.1207842Z dist/assets/ibm-plex-sans-kr-35-600-normal-CD4ArYzM.woff2          12.87 kB
Operator app	Run npm run build	2026-09-24T22:27:16.1208990Z dist/assets/ibm-plex-sans-kr-52-600-normal-HtoGXJPD.woff2          12.90 kB
Operator app	Run npm run build	2026-09-24T22:27:16.1210232Z dist/assets/ibm-plex-sans-kr-5-600-normal-BV1Q-ya9.woff2           12.91 kB
Operator app	Run npm run build	2026-09-24T22:27:16.1211366Z dist/assets/ibm-plex-sans-kr-14-600-normal-BZRywIXe.woff           12.92 kB
Operator app	Run npm run build	2026-09-24T22:27:16.1212511Z dist/assets/ibm-plex-sans-kr-117-400-normal-Bqi1rgUh.woff2         12.92 kB
Operator app	Run npm run build	2026-09-24T22:27:16.1213639Z dist/assets/ibm-plex-sans-kr-34-400-normal-b_F-aCuz.woff2          12.93 kB
Operator app	Run npm run build	2026-09-24T22:27:16.1214804Z dist/assets/ibm-plex-sans-kr-57-500-normal-B4IoHQu1.woff2          12.98 kB
Operator app	Run npm run build	2026-09-24T22:27:16.1215943Z dist/assets/ibm-plex-sans-kr-5-500-normal-BAnyZ6Z-.woff2           13.01 kB
Operator app	Run npm run build	2026-09-24T22:27:16.1216989Z dist/assets/ibm-plex-sans-kr-35-500-normal-cydu_WKV.woff2          13.01 kB
Operator app	Run npm run build	2026-09-24T22:27:16.1218109Z dist/assets/ibm-plex-sans-kr-119-500-normal-Df4yrjnE.woff          13.02 kB
Operator app	Run npm run build	2026-09-24T22:27:16.1219241Z dist/assets/ibm-plex-sans-kr-13-400-normal-CpXdOOTc.woff2          13.02 kB
Operator app	Run npm run build	2026-09-24T22:27:16.1220470Z dist/assets/ibm-plex-sans-kr-23-500-normal-CCfThX_w.woff2          13.03 kB
Operator app	Run npm run build	2026-09-24T22:27:16.1221533Z dist/assets/ibm-plex-sans-kr-49-600-normal-B9kwAyIi.woff2          13.03 kB
Operator app	Run npm run build	2026-09-24T22:27:16.1222645Z dist/assets/ibm-plex-sans-kr-14-500-normal-Y4UlonKU.woff           13.04 kB
Operator app	Run npm run build	2026-09-24T22:27:16.1223785Z dist/assets/ibm-plex-sans-kr-7-500-normal-CoHWPa7p.woff2           13.04 kB
Operator app	Run npm run build	2026-09-24T22:27:16.1224912Z dist/assets/ibm-plex-sans-kr-59-600-normal-BuQf4YmM.woff           13.07 kB
Operator app	Run npm run build	2026-09-24T22:27:16.1226026Z dist/assets/ibm-plex-sans-kr-25-500-normal-Dx_nna5V.woff2          13.08 kB
Operator app	Run npm run build	2026-09-24T22:27:16.1227049Z dist/assets/ibm-plex-sans-kr-42-400-normal-Cgyyi6Mk.woff2          13.10 kB
Operator app	Run npm run build	2026-09-24T22:27:16.1228092Z dist/assets/ibm-plex-sans-kr-23-600-normal-CR-CWSvQ.woff2          13.11 kB
Operator app	Run npm run build	2026-09-24T22:27:16.1229235Z dist/assets/ibm-plex-sans-kr-52-500-normal-PI1BlAgy.woff2          13.12 kB
Operator app	Run npm run build	2026-09-24T22:27:16.1230460Z dist/assets/ibm-plex-sans-kr-105-500-normal-CwEuw_bU.woff2         13.14 kB
Operator app	Run npm run build	2026-09-24T22:27:16.1231587Z dist/assets/ibm-plex-sans-kr-105-600-normal-Bdo6QjXy.woff2         13.14 kB
Operator app	Run npm run build	2026-09-24T22:27:16.1232684Z dist/assets/ibm-plex-sans-kr-119-600-normal-CSej5QVJ.woff          13.14 kB
Operator app	Run npm run build	2026-09-24T22:27:16.1233958Z dist/assets/ibm-plex-sans-kr-14-400-normal-C-oyfrUa.woff2          13.15 kB
Operator app	Run npm run build	2026-09-24T22:27:16.1235087Z dist/assets/ibm-plex-sans-kr-13-400-normal-eM8eMXyQ.woff           13.16 kB
Operator app	Run npm run build	2026-09-24T22:27:16.1236211Z dist/assets/ibm-plex-sans-kr-43-600-normal-BPJjrS1c.woff2          13.16 kB
Operator app	Run npm run build	2026-09-24T22:27:16.1237486Z dist/assets/ibm-plex-sans-kr-23-400-normal-DTBYTMn7.woff           13.17 kB
Operator app	Run npm run build	2026-09-24T22:27:16.1238615Z dist/assets/ibm-plex-sans-kr-17-400-normal-BDhrvRnL.woff2          13.18 kB
Operator app	Run npm run build	2026-09-24T22:27:16.1239663Z dist/assets/ibm-plex-sans-kr-46-500-normal-DSzZPjD2.woff2          13.19 kB
Operator app	Run npm run build	2026-09-24T22:27:16.1241005Z dist/assets/ibm-plex-sans-kr-49-500-normal-BN2Nz7gV.woff2          13.19 kB
Operator app	Run npm run build	2026-09-24T22:27:16.1242145Z dist/assets/ibm-plex-sans-kr-40-500-normal-BCFCRCdk.woff2          13.22 kB
Operator app	Run npm run build	2026-09-24T22:27:16.1243303Z dist/assets/ibm-plex-sans-kr-63-400-normal-DbEg4X6i.woff2          13.24 kB
Operator app	Run npm run build	2026-09-24T22:27:16.1244420Z dist/assets/ibm-plex-sans-kr-23-500-normal-B9nBP66o.woff           13.26 kB
Operator app	Run npm run build	2026-09-24T22:27:16.1245542Z dist/assets/ibm-plex-sans-kr-40-600-normal-DyMFY3yG.woff2          13.28 kB
Operator app	Run npm run build	2026-09-24T22:27:16.1246600Z dist/assets/ibm-plex-sans-kr-28-500-normal-Kfg687Jz.woff2          13.29 kB
Operator app	Run npm run build	2026-09-24T22:27:16.1247694Z dist/assets/ibm-plex-sans-kr-62-400-normal-BIF8JT4K.woff2          13.30 kB
Operator app	Run npm run build	2026-09-24T22:27:16.1248831Z dist/assets/ibm-plex-sans-kr-28-600-normal-BBQsSgWd.woff2          13.30 kB
Operator app	Run npm run build	2026-09-24T22:27:16.1249936Z dist/assets/ibm-plex-sans-kr-42-600-normal-CgHlrSUg.woff2          13.30 kB
Operator app	Run npm run build	2026-09-24T22:27:16.1251157Z dist/assets/ibm-plex-sans-kr-13-500-normal-DNr72JYY.woff           13.32 kB
Operator app	Run npm run build	2026-09-24T22:27:16.1252273Z dist/assets/ibm-plex-sans-kr-23-600-normal-Cq5mpPr_.woff           13.32 kB
Operator app	Run npm run build	2026-09-24T22:27:16.1253400Z dist/assets/ibm-plex-sans-kr-59-500-normal-CyiP_8_L.woff           13.33 kB
Operator app	Run npm run build	2026-09-24T22:27:16.1254483Z dist/assets/ibm-plex-sans-kr-60-400-normal-CEDE9rS0.woff           13.34 kB
Operator app	Run npm run build	2026-09-24T22:27:16.1255517Z dist/assets/ibm-plex-sans-kr-59-400-normal-BHAiqXEM.woff2          13.36 kB
Operator app	Run npm run build	2026-09-24T22:27:16.1256606Z dist/assets/ibm-plex-sans-kr-62-400-normal-BMQQOADr.woff           13.38 kB
Operator app	Run npm run build	2026-09-24T22:27:16.1257679Z dist/assets/ibm-plex-sans-kr-59-400-normal-B-8F2Uet.woff           13.39 kB
Operator app	Run npm run build	2026-09-24T22:27:16.1258747Z dist/assets/ibm-plex-sans-kr-62-500-normal-DbYRmfJO.woff           13.39 kB
Operator app	Run npm run build	2026-09-24T22:27:16.1259815Z dist/assets/ibm-plex-sans-kr-9-400-normal-DJinq116.woff2           13.39 kB
Operator app	Run npm run build	2026-09-24T22:27:16.1260938Z dist/assets/ibm-plex-sans-kr-60-500-normal-Bs-OK-6m.woff           13.39 kB
Operator app	Run npm run build	2026-09-24T22:27:16.1261961Z dist/assets/ibm-plex-sans-kr-13-600-normal-DXBEl0OU.woff           13.40 kB
Operator app	Run npm run build	2026-09-24T22:27:16.1262903Z dist/assets/ibm-plex-sans-kr-17-500-normal-BI9iG84Y.woff           13.40 kB
Operator app	Run npm run build	2026-09-24T22:27:16.1263841Z dist/assets/ibm-plex-sans-kr-4-600-normal-BGAcZoa5.woff            13.41 kB
Operator app	Run npm run build	2026-09-24T22:27:16.1265007Z dist/assets/ibm-plex-sans-kr-43-500-normal-DYkscpdQ.woff2          13.45 kB
Operator app	Run npm run build	2026-09-24T22:27:16.1266094Z dist/assets/ibm-plex-sans-kr-62-600-normal-BwPZY4No.woff           13.45 kB
Operator app	Run npm run build	2026-09-24T22:27:16.1267176Z dist/assets/ibm-plex-sans-kr-17-400-normal-BOjgDpon.woff           13.46 kB
Operator app	Run npm run build	2026-09-24T22:27:16.1268258Z dist/assets/ibm-plex-sans-kr-60-400-normal-z5dDoQx9.woff2          13.50 kB
Operator app	Run npm run build	2026-09-24T22:27:16.1269415Z dist/assets/ibm-plex-sans-kr-60-600-normal-OLqttnKu.woff           13.57 kB
Operator app	Run npm run build	2026-09-24T22:27:16.1270640Z dist/assets/ibm-plex-sans-kr-34-500-normal-JswnezOz.woff2          13.58 kB
Operator app	Run npm run build	2026-09-24T22:27:16.1271790Z dist/assets/ibm-plex-sans-kr-59-500-normal-Ddlt4yS6.woff2          13.58 kB
Operator app	Run npm run build	2026-09-24T22:27:16.1272694Z dist/assets/ibm-plex-sans-kr-4-500-normal-CZSxnr6K.woff            13.59 kB
Operator app	Run npm run build	2026-09-24T22:27:16.1273649Z dist/assets/ibm-plex-sans-kr-59-600-normal-B-CGe3sL.woff2          13.60 kB
Operator app	Run npm run build	2026-09-24T22:27:16.1274605Z dist/assets/ibm-plex-sans-kr-34-600-normal-BwgNjnnm.woff2          13.62 kB
Operator app	Run npm run build	2026-09-24T22:27:16.1275699Z dist/assets/ibm-plex-sans-kr-4-400-normal-1GfpLFeR.woff            13.66 kB
Operator app	Run npm run build	2026-09-24T22:27:16.1276800Z dist/assets/ibm-plex-sans-kr-62-500-normal-lDNHneib.woff2          13.67 kB
Operator app	Run npm run build	2026-09-24T22:27:16.1278118Z dist/assets/ibm-plex-sans-kr-22-400-normal-3CnvMMD7.woff2          13.68 kB
Operator app	Run npm run build	2026-09-24T22:27:16.1279223Z dist/assets/ibm-plex-sans-kr-22-600-normal-bBSJai_o.woff           13.68 kB
Operator app	Run npm run build	2026-09-24T22:27:16.1280626Z dist/assets/ibm-plex-sans-kr-39-400-normal-BzR2eDWi.woff2          13.68 kB
Operator app	Run npm run build	2026-09-24T22:27:16.1281729Z dist/assets/ibm-plex-sans-kr-27-500-normal-CPgbZ_eJ.woff           13.72 kB
Operator app	Run npm run build	2026-09-24T22:27:16.1282763Z dist/assets/ibm-plex-sans-kr-17-600-normal-uD_8VqjX.woff           13.73 kB
Operator app	Run npm run build	2026-09-24T22:27:16.1283851Z dist/assets/ibm-plex-sans-kr-26-600-normal-bxA4bluv.woff           13.73 kB
Operator app	Run npm run build	2026-09-24T22:27:16.1284965Z dist/assets/ibm-plex-sans-kr-119-600-normal-CWNURXbv.woff2         13.74 kB
Operator app	Run npm run build	2026-09-24T22:27:16.1286084Z dist/assets/ibm-plex-sans-kr-14-600-normal-BEKBLOkr.woff2          13.76 kB
Operator app	Run npm run build	2026-09-24T22:27:16.1287178Z dist/assets/ibm-plex-sans-kr-106-600-normal-o84Tuavw.woff2         13.77 kB
Operator app	Run npm run build	2026-09-24T22:27:16.1288311Z dist/assets/ibm-plex-sans-kr-62-600-normal-CCy9m1Yi.woff2          13.77 kB
Operator app	Run npm run build	2026-09-24T22:27:16.1289415Z dist/assets/ibm-plex-sans-kr-13-500-normal-DVkNF81I.woff2          13.80 kB
Operator app	Run npm run build	2026-09-24T22:27:16.1290650Z dist/assets/ibm-plex-sans-kr-42-500-normal-DceQ0siJ.woff2          13.81 kB
Operator app	Run npm run build	2026-09-24T22:27:16.1291786Z dist/assets/ibm-plex-sans-kr-106-500-normal-waJW03NJ.woff2         13.81 kB
Operator app	Run npm run build	2026-09-24T22:27:16.1292903Z dist/assets/ibm-plex-sans-kr-17-500-normal-B5RrK24I.woff2          13.82 kB
Operator app	Run npm run build	2026-09-24T22:27:16.1293957Z dist/assets/ibm-plex-sans-kr-22-400-normal-TNl1bUeL.woff           13.82 kB
Operator app	Run npm run build	2026-09-24T22:27:16.1295074Z dist/assets/ibm-plex-sans-kr-119-500-normal-CJJ-meqF.woff2         13.82 kB
Operator app	Run npm run build	2026-09-24T22:27:16.1296177Z dist/assets/ibm-plex-sans-kr-22-600-normal-B4PQFGba.woff2          13.85 kB
Operator app	Run npm run build	2026-09-24T22:27:16.1297283Z dist/assets/ibm-plex-sans-kr-46-600-normal-CfEBl86K.woff2          13.86 kB
Operator app	Run npm run build	2026-09-24T22:27:16.1298390Z dist/assets/ibm-plex-sans-kr-16-400-normal-CKSk9toV.woff2          13.86 kB
Operator app	Run npm run build	2026-09-24T22:27:16.1299454Z dist/assets/ibm-plex-sans-kr-26-400-normal-BDNWBg-b.woff           13.86 kB
Operator app	Run npm run build	2026-09-24T22:27:16.1300653Z dist/assets/ibm-plex-sans-kr-63-500-normal-DnCEtrzT.woff2          13.88 kB
Operator app	Run npm run build	2026-09-24T22:27:16.1301765Z dist/assets/ibm-plex-sans-kr-22-500-normal-B4MFCOia.woff           13.90 kB
Operator app	Run npm run build	2026-09-24T22:27:16.1302831Z dist/assets/ibm-plex-sans-kr-27-600-normal-C07c5If1.woff           13.90 kB
Operator app	Run npm run build	2026-09-24T22:27:16.1303961Z dist/assets/ibm-plex-sans-kr-27-400-normal-Dy5-YEOY.woff           13.92 kB
Operator app	Run npm run build	2026-09-24T22:27:16.1305174Z dist/assets/ibm-plex-sans-kr-26-500-normal-BKPcd-dF.woff           13.93 kB
Operator app	Run npm run build	2026-09-24T22:27:16.1306338Z dist/assets/ibm-plex-sans-kr-latin-400-normal-7kwLL-e3.woff        13.94 kB
Operator app	Run npm run build	2026-09-24T22:27:16.1307487Z dist/assets/ibm-plex-sans-kr-63-600-normal-B_hznMYb.woff2          13.96 kB
Operator app	Run npm run build	2026-09-24T22:27:16.1308626Z dist/assets/ibm-plex-sans-kr-24-500-normal-Cv5QDDSV.woff           14.02 kB
Operator app	Run npm run build	2026-09-24T22:27:16.1309775Z dist/assets/ibm-plex-sans-kr-16-400-normal-DNGmaJIL.woff           14.06 kB
Operator app	Run npm run build	2026-09-24T22:27:16.1311037Z dist/assets/ibm-plex-sans-kr-112-400-normal-BJLUyYDo.woff2         14.07 kB
Operator app	Run npm run build	2026-09-24T22:27:16.1312101Z dist/assets/ibm-plex-sans-kr-60-500-normal-Dt1XTT7t.woff2          14.08 kB
Operator app	Run npm run build	2026-09-24T22:27:16.1313188Z dist/assets/ibm-plex-sans-kr-16-600-normal-DDZagcz1.woff           14.13 kB
Operator app	Run npm run build	2026-09-24T22:27:16.1314330Z dist/assets/ibm-plex-sans-kr-117-500-normal-B8S6P0qk.woff2         14.14 kB
Operator app	Run npm run build	2026-09-24T22:27:16.1315425Z dist/assets/ibm-plex-sans-kr-14-500-normal-C6PSB_z7.woff2          14.16 kB
Operator app	Run npm run build	2026-09-24T22:27:16.1316520Z dist/assets/ibm-plex-sans-kr-16-500-normal-CmCp5IpX.woff           14.17 kB
Operator app	Run npm run build	2026-09-24T22:27:16.1317651Z dist/assets/ibm-plex-sans-kr-117-600-normal-CVV1AoIy.woff2         14.18 kB
Operator app	Run npm run build	2026-09-24T22:27:16.1318740Z dist/assets/ibm-plex-sans-kr-24-400-normal-DDVUYQLq.woff           14.20 kB
Operator app	Run npm run build	2026-09-24T22:27:16.1319747Z dist/assets/ibm-plex-sans-kr-60-600-normal-Bl94dFYa.woff2          14.22 kB
Operator app	Run npm run build	2026-09-24T22:27:16.1320969Z dist/assets/ibm-plex-sans-kr-22-500-normal-9RYlHGVt.woff2          14.25 kB
Operator app	Run npm run build	2026-09-24T22:27:16.1322205Z dist/assets/ibm-plex-sans-kr-115-400-normal-6-qa9Uj4.woff2         14.26 kB
Operator app	Run npm run build	2026-09-24T22:27:16.1323217Z dist/assets/ibm-plex-sans-kr-39-600-normal-DxNgVy70.woff2          14.28 kB
Operator app	Run npm run build	2026-09-24T22:27:16.1324345Z dist/assets/ibm-plex-sans-kr-4-400-normal-BSOJFi3M.woff2           14.32 kB
Operator app	Run npm run build	2026-09-24T22:27:16.1325387Z dist/assets/ibm-plex-sans-kr-116-400-normal-CPQAppG5.woff2         14.34 kB
Operator app	Run npm run build	2026-09-24T22:27:16.1326424Z dist/assets/ibm-plex-sans-kr-13-600-normal-ON8tPSnT.woff2          14.35 kB
Operator app	Run npm run build	2026-09-24T22:27:16.1327450Z dist/assets/ibm-plex-sans-kr-33-500-normal-DrcDIvwW.woff           14.35 kB
Operator app	Run npm run build	2026-09-24T22:27:16.1328564Z dist/assets/ibm-plex-sans-kr-107-400-normal-DFBsPAhk.woff2         14.36 kB
Operator app	Run npm run build	2026-09-24T22:27:16.1329641Z dist/assets/ibm-plex-sans-kr-24-600-normal-DL0LF1av.woff           14.37 kB
Operator app	Run npm run build	2026-09-24T22:27:16.1330779Z dist/assets/ibm-plex-sans-kr-114-400-normal-Bpqw4_PX.woff2         14.38 kB
Operator app	Run npm run build	2026-09-24T22:27:16.1331840Z dist/assets/ibm-plex-sans-kr-39-500-normal-CeHGwbYp.woff2          14.40 kB
Operator app	Run npm run build	2026-09-24T22:27:16.1332805Z dist/assets/ibm-plex-sans-kr-33-400-normal-BEJcB5Pj.woff           14.40 kB
Operator app	Run npm run build	2026-09-24T22:27:16.1333782Z dist/assets/ibm-plex-sans-kr-21-400-normal-Cv3FeIij.woff2          14.42 kB
Operator app	Run npm run build	2026-09-24T22:27:16.1334724Z dist/assets/ibm-plex-sans-kr-108-400-normal-DbmD_Owd.woff2         14.42 kB
Operator app	Run npm run build	2026-09-24T22:27:16.1335596Z dist/assets/ibm-plex-sans-kr-33-600-normal-Dk43PWfK.woff           14.43 kB
Operator app	Run npm run build	2026-09-24T22:27:16.1336456Z dist/assets/ibm-plex-sans-kr-3-400-normal-01r-uCGK.woff            14.44 kB
Operator app	Run npm run build	2026-09-24T22:27:16.1337336Z dist/assets/ibm-plex-sans-kr-3-600-normal-OOnXi3dj.woff            14.46 kB
Operator app	Run npm run build	2026-09-24T22:27:16.1338214Z dist/assets/ibm-plex-sans-kr-3-500-normal-BF7AAfCm.woff            14.50 kB
Operator app	Run npm run build	2026-09-24T22:27:16.1339087Z dist/assets/ibm-plex-sans-kr-33-400-normal-DOnua0XC.woff2          14.50 kB
Operator app	Run npm run build	2026-09-24T22:27:16.1340222Z dist/assets/ibm-plex-sans-kr-24-400-normal-BCEQWDh5.woff2          14.51 kB
Operator app	Run npm run build	2026-09-24T22:27:16.1341245Z dist/assets/ibm-plex-sans-kr-21-600-normal-CJHvMuEH.woff2          14.52 kB
Operator app	Run npm run build	2026-09-24T22:27:16.1342204Z dist/assets/ibm-plex-sans-kr-109-400-normal-ChZ2CLi-.woff2         14.64 kB
Operator app	Run npm run build	2026-09-24T22:27:16.1343110Z dist/assets/ibm-plex-sans-kr-9-500-normal-C3WEWxiq.woff2           14.66 kB
Operator app	Run npm run build	2026-09-24T22:27:16.1344081Z dist/assets/ibm-plex-sans-kr-113-400-normal-CEDRAc_f.woff2         14.74 kB
Operator app	Run npm run build	2026-09-24T22:27:16.1345118Z dist/assets/ibm-plex-sans-kr-29-400-normal-gP3qcvie.woff2          14.76 kB
Operator app	Run npm run build	2026-09-24T22:27:16.1346094Z dist/assets/ibm-plex-sans-kr-29-600-normal-Dn9kzegM.woff2          14.76 kB
Operator app	Run npm run build	2026-09-24T22:27:16.1347026Z dist/assets/ibm-plex-sans-kr-21-500-normal-Bq99UyTU.woff2          14.80 kB
Operator app	Run npm run build	2026-09-24T22:27:16.1347934Z dist/assets/ibm-plex-sans-kr-19-600-normal-DcS6irVl.woff2          14.81 kB
Operator app	Run npm run build	2026-09-24T22:27:16.1348910Z dist/assets/ibm-plex-sans-kr-21-400-normal-Dml5TFym.woff           14.82 kB
Operator app	Run npm run build	2026-09-24T22:27:16.1349838Z dist/assets/ibm-plex-sans-kr-110-400-normal-DvUF8GMi.woff2         14.85 kB
Operator app	Run npm run build	2026-09-24T22:27:16.1351062Z dist/assets/ibm-plex-sans-kr-111-400-normal-DaCXFUcH.woff2         14.87 kB
Operator app	Run npm run build	2026-09-24T22:27:16.1352005Z dist/assets/ibm-plex-sans-kr-19-400-normal-CCVU2G9b.woff2          14.91 kB
Operator app	Run npm run build	2026-09-24T22:27:16.1353008Z dist/assets/ibm-plex-sans-kr-32-500-normal-BFr0uy16.woff           14.92 kB
Operator app	Run npm run build	2026-09-24T22:27:16.1353937Z dist/assets/ibm-plex-sans-kr-21-500-normal-DNGhvuIq.woff           14.93 kB
Operator app	Run npm run build	2026-09-24T22:27:16.1354874Z dist/assets/ibm-plex-sans-kr-32-400-normal-GRBsq_TQ.woff           14.95 kB
Operator app	Run npm run build	2026-09-24T22:27:16.1355802Z dist/assets/ibm-plex-sans-kr-29-600-normal-B0Nsm10J.woff           14.97 kB
Operator app	Run npm run build	2026-09-24T22:27:16.1356660Z dist/assets/ibm-plex-sans-kr-32-600-normal-qBGKeeZh.woff           14.99 kB
Operator app	Run npm run build	2026-09-24T22:27:16.1357598Z dist/assets/ibm-plex-sans-kr-32-400-normal-BkNndOiq.woff2          15.01 kB
Operator app	Run npm run build	2026-09-24T22:27:16.1358577Z dist/assets/ibm-plex-sans-kr-33-600-normal-_9rnVtrt.woff2          15.04 kB
Operator app	Run npm run build	2026-09-24T22:27:16.1359515Z dist/assets/ibm-plex-sans-kr-9-600-normal-DraA-1Zl.woff2           15.06 kB
Operator app	Run npm run build	2026-09-24T22:27:16.1360878Z dist/assets/ibm-plex-sans-kr-4-500-normal-DYhdxHR-.woff2           15.07 kB
Operator app	Run npm run build	2026-09-24T22:27:16.1361883Z dist/assets/ibm-plex-sans-kr-21-600-normal-ChXV0eBj.woff           15.10 kB
Operator app	Run npm run build	2026-09-24T22:27:16.1362898Z dist/assets/ibm-plex-sans-kr-29-500-normal-BsGS2LIm.woff2          15.10 kB
Operator app	Run npm run build	2026-09-24T22:27:16.1363824Z dist/assets/ibm-plex-sans-kr-latin-400-normal-Bc7vhvxM.woff2       15.11 kB
Operator app	Run npm run build	2026-09-24T22:27:16.1364973Z dist/assets/ibm-plex-sans-kr-30-500-normal-C_KfcsGa.woff2          15.12 kB
Operator app	Run npm run build	2026-09-24T22:27:16.1365954Z dist/assets/ibm-plex-sans-kr-29-400-normal-Dj7VksMf.woff           15.12 kB
Operator app	Run npm run build	2026-09-24T22:27:16.1366862Z dist/assets/ibm-plex-sans-kr-30-600-normal-CHYuKtvD.woff           15.16 kB
Operator app	Run npm run build	2026-09-24T22:27:16.1367806Z dist/assets/ibm-plex-sans-kr-4-600-normal-DP-OzMv8.woff2           15.16 kB
Operator app	Run npm run build	2026-09-24T22:27:16.1368675Z dist/assets/ibm-plex-sans-kr-30-400-normal-D9W6fT0U.woff2          15.18 kB
Operator app	Run npm run build	2026-09-24T22:27:16.1369692Z dist/assets/ibm-plex-sans-kr-26-400-normal-BnV7FV79.woff2          15.18 kB
Operator app	Run npm run build	2026-09-24T22:27:16.1370734Z dist/assets/ibm-plex-sans-kr-17-600-normal-BeTmwP_K.woff2          15.22 kB
Operator app	Run npm run build	2026-09-24T22:27:16.1371639Z dist/assets/ibm-plex-sans-kr-19-500-normal-lytT2cFM.woff2          15.24 kB
Operator app	Run npm run build	2026-09-24T22:27:16.1372575Z dist/assets/ibm-plex-sans-kr-16-500-normal-CDsqjPM5.woff2          15.24 kB
Operator app	Run npm run build	2026-09-24T22:27:16.1373525Z dist/assets/ibm-plex-sans-kr-30-500-normal-D4wCcu5D.woff           15.26 kB
Operator app	Run npm run build	2026-09-24T22:27:16.1374504Z dist/assets/ibm-plex-sans-kr-3-400-normal-MpgNCYqt.woff2           15.28 kB
Operator app	Run npm run build	2026-09-24T22:27:16.1375535Z dist/assets/ibm-plex-sans-kr-30-400-normal-4H84KBjL.woff           15.28 kB
Operator app	Run npm run build	2026-09-24T22:27:16.1376765Z dist/assets/ibm-plex-sans-kr-32-500-normal-xYF7ztoJ.woff2          15.30 kB
Operator app	Run npm run build	2026-09-24T22:27:16.1377815Z dist/assets/ibm-plex-sans-kr-115-500-normal-HzYFTBDK.woff2         15.31 kB
Operator app	Run npm run build	2026-09-24T22:27:16.1378857Z dist/assets/ibm-plex-sans-kr-24-500-normal-xY0ze7De.woff2          15.31 kB
Operator app	Run npm run build	2026-09-24T22:27:16.1379894Z dist/assets/ibm-plex-sans-kr-29-500-normal-DrYYhV-u.woff           15.34 kB
Operator app	Run npm run build	2026-09-24T22:27:16.1381111Z dist/assets/ibm-plex-sans-kr-32-600-normal-Dc31ixSD.woff2          15.34 kB
Operator app	Run npm run build	2026-09-24T22:27:16.1382166Z dist/assets/ibm-plex-sans-kr-33-500-normal-C9zC6FjO.woff2          15.34 kB
Operator app	Run npm run build	2026-09-24T22:27:16.1383231Z dist/assets/ibm-plex-sans-kr-27-400-normal-B5ZhKYLO.woff2          15.44 kB
Operator app	Run npm run build	2026-09-24T22:27:16.1384286Z dist/assets/ibm-plex-sans-kr-30-600-normal-DAX8ENIb.woff2          15.44 kB
Operator app	Run npm run build	2026-09-24T22:27:16.1385320Z dist/assets/ibm-plex-sans-kr-116-600-normal-pwYieqoq.woff2         15.45 kB
Operator app	Run npm run build	2026-09-24T22:27:16.1386402Z dist/assets/ibm-plex-sans-kr-24-600-normal-DyaIQrhK.woff2          15.50 kB
Operator app	Run npm run build	2026-09-24T22:27:16.1387351Z dist/assets/ibm-plex-sans-kr-112-500-normal-CZCyW_ny.woff2         15.56 kB
Operator app	Run npm run build	2026-09-24T22:27:16.1388282Z dist/assets/ibm-plex-sans-kr-latin-500-normal-DMi_vAK3.woff        15.58 kB
Operator app	Run npm run build	2026-09-24T22:27:16.1389246Z dist/assets/ibm-plex-sans-kr-20-400-normal-2BRpmgCV.woff2          15.66 kB
Operator app	Run npm run build	2026-09-24T22:27:16.1390431Z dist/assets/ibm-plex-sans-kr-116-500-normal-BARxh3Ni.woff2         15.67 kB
Operator app	Run npm run build	2026-09-24T22:27:16.1391524Z dist/assets/ibm-plex-sans-kr-108-600-normal-Cz9v4gjx.woff2         15.69 kB
Operator app	Run npm run build	2026-09-24T22:27:16.1392531Z dist/assets/ibm-plex-sans-kr-20-600-normal-CKeHRgKb.woff           15.69 kB
Operator app	Run npm run build	2026-09-24T22:27:16.1393478Z dist/assets/ibm-plex-sans-kr-19-600-normal-w0hsbhoe.woff           15.70 kB
Operator app	Run npm run build	2026-09-24T22:27:16.1394443Z dist/assets/ibm-plex-sans-kr-latin-600-normal-yks4z4wu.woff        15.72 kB
Operator app	Run npm run build	2026-09-24T22:27:16.1395442Z dist/assets/ibm-plex-sans-kr-108-500-normal-CdP8F2Jv.woff2         15.77 kB
Operator app	Run npm run build	2026-09-24T22:27:16.1396506Z dist/assets/ibm-plex-sans-kr-26-600-normal-BQpAkNz5.woff2          15.79 kB
Operator app	Run npm run build	2026-09-24T22:27:16.1397607Z dist/assets/ibm-plex-sans-kr-115-600-normal-CokKDsRY.woff2         15.81 kB
Operator app	Run npm run build	2026-09-24T22:27:16.1398672Z dist/assets/ibm-plex-sans-kr-19-400-normal-dcW_ilWW.woff           15.82 kB
Operator app	Run npm run build	2026-09-24T22:27:16.1399711Z dist/assets/ibm-plex-sans-kr-112-600-normal-nFX-cMXi.woff2         15.84 kB
Operator app	Run npm run build	2026-09-24T22:27:16.1401046Z dist/assets/ibm-plex-sans-kr-19-500-normal-33mABreN.woff           15.86 kB
Operator app	Run npm run build	2026-09-24T22:27:16.1402086Z dist/assets/ibm-plex-sans-kr-20-400-normal-B2cWSh78.woff           15.86 kB
Operator app	Run npm run build	2026-09-24T22:27:16.1403166Z dist/assets/ibm-plex-sans-kr-27-600-normal-C6bVD75P.woff2          15.92 kB
Operator app	Run npm run build	2026-09-24T22:27:16.1404215Z dist/assets/ibm-plex-sans-kr-20-500-normal-CrfFBvwl.woff           15.93 kB
Operator app	Run npm run build	2026-09-24T22:27:16.1405145Z dist/assets/ibm-plex-sans-kr-27-500-normal-Bqt-c90l.woff2          15.94 kB
Operator app	Run npm run build	2026-09-24T22:27:16.1406168Z dist/assets/ibm-plex-sans-kr-107-500-normal-CywikKdj.woff2         16.02 kB
Operator app	Run npm run build	2026-09-24T22:27:16.1407166Z dist/assets/ibm-plex-sans-kr-114-600-normal-CjRp-Iz4.woff2         16.05 kB
Operator app	Run npm run build	2026-09-24T22:27:16.1408195Z dist/assets/ibm-plex-sans-kr-107-600-normal-Bj6Oga3u.woff2         16.12 kB
Operator app	Run npm run build	2026-09-24T22:27:16.1409288Z dist/assets/ibm-plex-sans-kr-113-600-normal-Dhfyy0ky.woff2         16.14 kB
Operator app	Run npm run build	2026-09-24T22:27:16.1410548Z dist/assets/ibm-plex-sans-kr-20-600-normal-CXFU6tjk.woff2          16.15 kB
Operator app	Run npm run build	2026-09-24T22:27:16.1411551Z dist/assets/ibm-plex-sans-kr-110-600-normal-CisRgCMg.woff2         16.26 kB
Operator app	Run npm run build	2026-09-24T22:27:16.1412543Z dist/assets/ibm-plex-sans-kr-114-500-normal-D4nP60kj.woff2         16.28 kB
Operator app	Run npm run build	2026-09-24T22:27:16.1413397Z dist/assets/ibm-plex-sans-kr-latin-500-normal-2SdHzE3p.woff2       16.30 kB
Operator app	Run npm run build	2026-09-24T22:27:16.1414549Z dist/assets/ibm-plex-sans-kr-110-500-normal-HZkWM0xD.woff2         16.34 kB
Operator app	Run npm run build	2026-09-24T22:27:16.1415563Z dist/assets/ibm-plex-sans-kr-111-600-normal-DN6cN55_.woff2         16.34 kB
Operator app	Run npm run build	2026-09-24T22:27:16.1416617Z dist/assets/ibm-plex-sans-kr-109-600-normal-BkGpNJKI.woff2         16.39 kB
Operator app	Run npm run build	2026-09-24T22:27:16.1417715Z dist/assets/ibm-plex-sans-kr-113-500-normal-DJQiET6F.woff2         16.39 kB
Operator app	Run npm run build	2026-09-24T22:27:16.1418819Z dist/assets/ibm-plex-sans-kr-111-500-normal-B2z91AWP.woff2         16.51 kB
Operator app	Run npm run build	2026-09-24T22:27:16.1419900Z dist/assets/ibm-plex-sans-kr-20-500-normal-mnpVtiHU.woff2          16.53 kB
Operator app	Run npm run build	2026-09-24T22:27:16.1421192Z dist/assets/ibm-plex-sans-kr-26-500-normal-DXCDkot3.woff2          16.57 kB
Operator app	Run npm run build	2026-09-24T22:27:16.1422271Z dist/assets/ibm-plex-sans-kr-latin-600-normal-n-2PV5Ut.woff2       16.59 kB
Operator app	Run npm run build	2026-09-24T22:27:16.1423282Z dist/assets/ibm-plex-sans-kr-16-600-normal-DloGa7SL.woff2          16.62 kB
Operator app	Run npm run build	2026-09-24T22:27:16.1424373Z dist/assets/ibm-plex-sans-kr-109-500-normal-Dm0Ank3e.woff2         16.64 kB
Operator app	Run npm run build	2026-09-24T22:27:16.1425427Z dist/assets/ibm-plex-sans-kr-3-500-normal-C-bo63NS.woff2           17.16 kB
Operator app	Run npm run build	2026-09-24T22:27:16.1426471Z dist/assets/ibm-plex-sans-kr-3-600-normal-CuyoBBEp.woff2           17.65 kB
Operator app	Run npm run build	2026-09-24T22:27:16.1427915Z dist/assets/index-z7WyhjN_.css                                    188.28 kB │ gzip:  54.84 kB
Operator app	Run npm run build	2026-09-24T22:27:16.1429115Z dist/assets/index-WmV_6c6c.js                                     490.05 kB │ gzip: 140.21 kB
Operator app	Run npm run build	2026-09-24T22:27:16.1429686Z 
Operator app	Run npm run build	2026-09-24T22:27:16.1429997Z ^[[32m✓ built in 428ms^[[39m
Operator app	Run npm run build	2026-09-24T22:27:16.2917889Z {"manifest":"operator-bundle.json","sha256":"37ce55aa9f6bef0246c83237e18e6504c2ebf237aec8084800ed1ff79f269e40","files":567,"content_bytes":7287750}
Operator app	Post Run actions/setup-node@49933ea5288caeca8642d1e84afbd3f7d6820020	﻿2026-09-24T22:27:16.3125895Z Post job cleanup.
Operator app	Post Run actions/setup-node@49933ea5288caeca8642d1e84afbd3f7d6820020	2026-09-24T22:27:16.4322767Z (node:2677) [DEP0040] DeprecationWarning: The `punycode` module is deprecated. Please use a userland alternative instead.
Operator app	Post Run actions/setup-node@49933ea5288caeca8642d1e84afbd3f7d6820020	2026-09-24T22:27:16.4324145Z (Use `node --trace-deprecation ...` to show where the warning was created)
Operator app	Post Run actions/setup-node@49933ea5288caeca8642d1e84afbd3f7d6820020	2026-09-24T22:27:16.4327549Z Cache hit occurred on the primary key node-cache-Linux-x64-npm-f7049b356cd2537bb1cb7d4c983f6736b00e504a22a04a9bb724c41964922b7f, not saving cache.
Operator app	Post Run actions/checkout@11d5960a326750d5838078e36cf38b85af677262	﻿2026-09-24T22:27:16.4452970Z Post job cleanup.
Operator app	Post Run actions/checkout@11d5960a326750d5838078e36cf38b85af677262	2026-09-24T22:27:16.5337662Z [command]/usr/bin/git version
Operator app	Post Run actions/checkout@11d5960a326750d5838078e36cf38b85af677262	2026-09-24T22:27:16.5385641Z git version 2.55.0
Operator app	Post Run actions/checkout@11d5960a326750d5838078e36cf38b85af677262	2026-09-24T22:27:16.5431729Z Temporarily overriding HOME='/home/runner/work/_temp/80a4da3f-720a-460b-83fb-0b900a8079f0' before making global git config changes
Operator app	Post Run actions/checkout@11d5960a326750d5838078e36cf38b85af677262	2026-09-24T22:27:16.5433545Z Adding repository directory to the temporary git global config as a safe directory
Operator app	Post Run actions/checkout@11d5960a326750d5838078e36cf38b85af677262	2026-09-24T22:27:16.5440971Z [command]/usr/bin/git config --global --add safe.directory /home/runner/work/rx-solutions/rx-solutions
Operator app	Post Run actions/checkout@11d5960a326750d5838078e36cf38b85af677262	2026-09-24T22:27:16.5486861Z [command]/usr/bin/git config --local --name-only --get-regexp core\.sshCommand
Operator app	Post Run actions/checkout@11d5960a326750d5838078e36cf38b85af677262	2026-09-24T22:27:16.5532484Z [command]/usr/bin/git submodule foreach --recursive sh -c "git config --local --name-only --get-regexp 'core\.sshCommand' && git config --local --unset-all 'core.sshCommand' || :"
Operator app	Post Run actions/checkout@11d5960a326750d5838078e36cf38b85af677262	2026-09-24T22:27:16.5772274Z [command]/usr/bin/git config --local --name-only --get-regexp http\.https\:\/\/github\.com\/\.extraheader
Operator app	Post Run actions/checkout@11d5960a326750d5838078e36cf38b85af677262	2026-09-24T22:27:16.5799692Z [command]/usr/bin/git submodule foreach --recursive sh -c "git config --local --name-only --get-regexp 'http\.https\:\/\/github\.com\/\.extraheader' && git config --local --unset-all 'http.https://github.com/.extraheader' || :"
Operator app	Post Run actions/checkout@11d5960a326750d5838078e36cf38b85af677262	2026-09-24T22:27:16.6004189Z [command]/usr/bin/git config --local --name-only --get-regexp ^includeIf\.gitdir:
Operator app	Post Run actions/checkout@11d5960a326750d5838078e36cf38b85af677262	2026-09-24T22:27:16.6029348Z [command]/usr/bin/git submodule foreach --recursive git config --local --show-origin --name-only --get-regexp remote.origin.url
Operator app	Complete job	﻿2026-09-24T22:27:16.6475791Z Cleaning up orphan processes
Operator app	Complete job	2026-09-24T22:27:16.6735816Z ##[warning]Node.js 20 is deprecated. The following actions target Node.js 20 but are being forced to run on Node.js 24: actions/checkout@11d5960a326750d5838078e36cf38b85af677262, actions/setup-node@49933ea5288caeca8642d1e84afbd3f7d6820020. For more information see: https://github.blog/changelog/2025-09-19-deprecation-of-node-20-on-github-actions-runners/
Rust	Set up job	﻿2026-09-24T22:27:02.1928129Z Current runner version: '2.337.0'
Rust	Set up job	2026-09-24T22:27:02.1954790Z ##[group]Runner Image Provisioner
Rust	Set up job	2026-09-24T22:27:02.1955776Z Hosted Compute Agent
Rust	Set up job	2026-09-24T22:27:02.1956404Z Version: 20260828.587
Rust	Set up job	2026-09-24T22:27:02.1957031Z Commit: abac92662cab4cc7352de4f9f9d2e2419aad9c29
Rust	Set up job	2026-09-24T22:27:02.1957834Z Build Date: 2026-08-28T16:44:25Z
Rust	Set up job	2026-09-24T22:27:02.1958563Z Worker ID: {bd801cfa-b945-4d00-8cf9-a896b1bad82a}
Rust	Set up job	2026-09-24T22:27:02.1959272Z Azure Region: westus
Rust	Set up job	2026-09-24T22:27:02.1959943Z ##[endgroup]
Rust	Set up job	2026-09-24T22:27:02.1961625Z ##[group]Operating System
Rust	Set up job	2026-09-24T22:27:02.1962370Z Ubuntu
Rust	Set up job	2026-09-24T22:27:02.1962936Z 24.04.5
Rust	Set up job	2026-09-24T22:27:02.1963425Z LTS
Rust	Set up job	2026-09-24T22:27:02.1964281Z ##[endgroup]
Rust	Set up job	2026-09-24T22:27:02.1964893Z ##[group]Runner Image
Rust	Set up job	2026-09-24T22:27:02.1965928Z Image: ubuntu-24.04
Rust	Set up job	2026-09-24T22:27:02.1966595Z Version: 20260920.314.1
Rust	Set up job	2026-09-24T22:27:02.1967715Z Included Software: https://github.com/actions/runner-images/blob/ubuntu24/20260920.314/images/ubuntu/Ubuntu2404-Readme.md
Rust	Set up job	2026-09-24T22:27:02.1969522Z Image Release: https://github.com/actions/runner-images/releases/tag/ubuntu24%2F20260920.314
Rust	Set up job	2026-09-24T22:27:02.1970543Z ##[endgroup]
Rust	Set up job	2026-09-24T22:27:02.1971777Z ##[group]GITHUB_TOKEN Permissions
Rust	Set up job	2026-09-24T22:27:02.1973751Z Contents: read
Rust	Set up job	2026-09-24T22:27:02.1974723Z Metadata: read
Rust	Set up job	2026-09-24T22:27:02.1975286Z ##[endgroup]
Rust	Set up job	2026-09-24T22:27:02.1977584Z Secret source: Actions
Rust	Set up job	2026-09-24T22:27:02.1978548Z Cache mode: write
Rust	Set up job	2026-09-24T22:27:02.1979359Z Prepare workflow directory
Rust	Set up job	2026-09-24T22:27:02.2420251Z Prepare all required actions
Rust	Set up job	2026-09-24T22:27:02.2472590Z Getting action download info
Rust	Set up job	2026-09-24T22:27:02.6195067Z Download action repository 'actions/checkout@11d5960a326750d5838078e36cf38b85af677262' (SHA:11d5960a326750d5838078e36cf38b85af677262)
Rust	Set up job	2026-09-24T22:27:02.7253220Z Download action repository 'actions/cache@0057852bfaa89a56745cba8c7296529d2fc39830' (SHA:0057852bfaa89a56745cba8c7296529d2fc39830)
Rust	Set up job	2026-09-24T22:27:02.9208033Z Complete job name: Rust
Rust	Run actions/checkout@11d5960a326750d5838078e36cf38b85af677262	﻿2026-09-24T22:27:03.0027549Z ##[group]Run actions/checkout@11d5960a326750d5838078e36cf38b85af677262
Rust	Run actions/checkout@11d5960a326750d5838078e36cf38b85af677262	2026-09-24T22:27:03.0028680Z with:
Rust	Run actions/checkout@11d5960a326750d5838078e36cf38b85af677262	2026-09-24T22:27:03.0029169Z   persist-credentials: false
Rust	Run actions/checkout@11d5960a326750d5838078e36cf38b85af677262	2026-09-24T22:27:03.0029735Z   repository: jack0682/rx-solutions
Rust	Run actions/checkout@11d5960a326750d5838078e36cf38b85af677262	2026-09-24T22:27:03.0033854Z   token: ***
Rust	Run actions/checkout@11d5960a326750d5838078e36cf38b85af677262	2026-09-24T22:27:03.0034649Z   ssh-strict: true
Rust	Run actions/checkout@11d5960a326750d5838078e36cf38b85af677262	2026-09-24T22:27:03.0035136Z   ssh-user: git
Rust	Run actions/checkout@11d5960a326750d5838078e36cf38b85af677262	2026-09-24T22:27:03.0035578Z   clean: true
Rust	Run actions/checkout@11d5960a326750d5838078e36cf38b85af677262	2026-09-24T22:27:03.0036050Z   sparse-checkout-cone-mode: true
Rust	Run actions/checkout@11d5960a326750d5838078e36cf38b85af677262	2026-09-24T22:27:03.0036607Z   fetch-depth: 1
Rust	Run actions/checkout@11d5960a326750d5838078e36cf38b85af677262	2026-09-24T22:27:03.0037063Z   fetch-tags: false
Rust	Run actions/checkout@11d5960a326750d5838078e36cf38b85af677262	2026-09-24T22:27:03.0037533Z   show-progress: true
Rust	Run actions/checkout@11d5960a326750d5838078e36cf38b85af677262	2026-09-24T22:27:03.0038002Z   lfs: false
Rust	Run actions/checkout@11d5960a326750d5838078e36cf38b85af677262	2026-09-24T22:27:03.0038437Z   submodules: false
Rust	Run actions/checkout@11d5960a326750d5838078e36cf38b85af677262	2026-09-24T22:27:03.0038903Z   set-safe-directory: true
Rust	Run actions/checkout@11d5960a326750d5838078e36cf38b85af677262	2026-09-24T22:27:03.0039436Z   allow-unsafe-pr-checkout: false
Rust	Run actions/checkout@11d5960a326750d5838078e36cf38b85af677262	2026-09-24T22:27:03.0040251Z env:
Rust	Run actions/checkout@11d5960a326750d5838078e36cf38b85af677262	2026-09-24T22:27:03.0040697Z   CARGO_TERM_COLOR: always
Rust	Run actions/checkout@11d5960a326750d5838078e36cf38b85af677262	2026-09-24T22:27:03.0041207Z   RUST_BACKTRACE: 1
Rust	Run actions/checkout@11d5960a326750d5838078e36cf38b85af677262	2026-09-24T22:27:03.0041656Z ##[endgroup]
Rust	Run actions/checkout@11d5960a326750d5838078e36cf38b85af677262	2026-09-24T22:27:03.1115147Z Syncing repository: jack0682/rx-solutions
Rust	Run actions/checkout@11d5960a326750d5838078e36cf38b85af677262	2026-09-24T22:27:03.1118108Z ##[group]Getting Git version info
Rust	Run actions/checkout@11d5960a326750d5838078e36cf38b85af677262	2026-09-24T22:27:03.1119374Z Working directory is '/home/runner/work/rx-solutions/rx-solutions'
Rust	Run actions/checkout@11d5960a326750d5838078e36cf38b85af677262	2026-09-24T22:27:03.1121127Z [command]/usr/bin/git version
Rust	Run actions/checkout@11d5960a326750d5838078e36cf38b85af677262	2026-09-24T22:27:03.1190218Z git version 2.55.0
Rust	Run actions/checkout@11d5960a326750d5838078e36cf38b85af677262	2026-09-24T22:27:03.1216145Z ##[endgroup]
Rust	Run actions/checkout@11d5960a326750d5838078e36cf38b85af677262	2026-09-24T22:27:03.1245816Z Temporarily overriding HOME='/home/runner/work/_temp/c64eb019-0d9e-401e-9ead-ee5b670775dc' before making global git config changes
Rust	Run actions/checkout@11d5960a326750d5838078e36cf38b85af677262	2026-09-24T22:27:03.1251987Z Adding repository directory to the temporary git global config as a safe directory
Rust	Run actions/checkout@11d5960a326750d5838078e36cf38b85af677262	2026-09-24T22:27:03.1255306Z [command]/usr/bin/git config --global --add safe.directory /home/runner/work/rx-solutions/rx-solutions
Rust	Run actions/checkout@11d5960a326750d5838078e36cf38b85af677262	2026-09-24T22:27:03.1304486Z Deleting the contents of '/home/runner/work/rx-solutions/rx-solutions'
Rust	Run actions/checkout@11d5960a326750d5838078e36cf38b85af677262	2026-09-24T22:27:03.1309958Z ##[group]Initializing the repository
Rust	Run actions/checkout@11d5960a326750d5838078e36cf38b85af677262	2026-09-24T22:27:03.1315827Z [command]/usr/bin/git init /home/runner/work/rx-solutions/rx-solutions
Rust	Run actions/checkout@11d5960a326750d5838078e36cf38b85af677262	2026-09-24T22:27:03.1427755Z hint: Using 'master' as the name for the initial branch. This default branch name
Rust	Run actions/checkout@11d5960a326750d5838078e36cf38b85af677262	2026-09-24T22:27:03.1430002Z hint: will change to "main" in Git 3.0. To configure the initial branch name
Rust	Run actions/checkout@11d5960a326750d5838078e36cf38b85af677262	2026-09-24T22:27:03.1432057Z hint: to use in all of your new repositories, which will suppress this warning,
Rust	Run actions/checkout@11d5960a326750d5838078e36cf38b85af677262	2026-09-24T22:27:03.1433734Z hint: call:
Rust	Run actions/checkout@11d5960a326750d5838078e36cf38b85af677262	2026-09-24T22:27:03.1435045Z hint:
Rust	Run actions/checkout@11d5960a326750d5838078e36cf38b85af677262	2026-09-24T22:27:03.1436545Z hint: 	git config --global init.defaultBranch <name>
Rust	Run actions/checkout@11d5960a326750d5838078e36cf38b85af677262	2026-09-24T22:27:03.1437993Z hint:
Rust	Run actions/checkout@11d5960a326750d5838078e36cf38b85af677262	2026-09-24T22:27:03.1439191Z hint: Names commonly chosen instead of 'master' are 'main', 'trunk' and
Rust	Run actions/checkout@11d5960a326750d5838078e36cf38b85af677262	2026-09-24T22:27:03.1440697Z hint: 'development'. The just-created branch can be renamed via this command:
Rust	Run actions/checkout@11d5960a326750d5838078e36cf38b85af677262	2026-09-24T22:27:03.1442014Z hint:
Rust	Run actions/checkout@11d5960a326750d5838078e36cf38b85af677262	2026-09-24T22:27:03.1442822Z hint: 	git branch -m <name>
Rust	Run actions/checkout@11d5960a326750d5838078e36cf38b85af677262	2026-09-24T22:27:03.1443713Z hint:
Rust	Run actions/checkout@11d5960a326750d5838078e36cf38b85af677262	2026-09-24T22:27:03.1444983Z hint: Disable this message with "git config set advice.defaultBranchName false"
Rust	Run actions/checkout@11d5960a326750d5838078e36cf38b85af677262	2026-09-24T22:27:03.1446756Z Initialized empty Git repository in /home/runner/work/rx-solutions/rx-solutions/.git/
Rust	Run actions/checkout@11d5960a326750d5838078e36cf38b85af677262	2026-09-24T22:27:03.1448972Z [command]/usr/bin/git remote add origin https://github.com/jack0682/rx-solutions
Rust	Run actions/checkout@11d5960a326750d5838078e36cf38b85af677262	2026-09-24T22:27:03.1515518Z ##[endgroup]
Rust	Run actions/checkout@11d5960a326750d5838078e36cf38b85af677262	2026-09-24T22:27:03.1516760Z ##[group]Disabling automatic garbage collection
Rust	Run actions/checkout@11d5960a326750d5838078e36cf38b85af677262	2026-09-24T22:27:03.1520862Z [command]/usr/bin/git config --local gc.auto 0
Rust	Run actions/checkout@11d5960a326750d5838078e36cf38b85af677262	2026-09-24T22:27:03.1561298Z ##[endgroup]
Rust	Run actions/checkout@11d5960a326750d5838078e36cf38b85af677262	2026-09-24T22:27:03.1562415Z ##[group]Setting up auth
Rust	Run actions/checkout@11d5960a326750d5838078e36cf38b85af677262	2026-09-24T22:27:03.1570711Z [command]/usr/bin/git config --local --name-only --get-regexp core\.sshCommand
Rust	Run actions/checkout@11d5960a326750d5838078e36cf38b85af677262	2026-09-24T22:27:03.1628589Z [command]/usr/bin/git submodule foreach --recursive sh -c "git config --local --name-only --get-regexp 'core\.sshCommand' && git config --local --unset-all 'core.sshCommand' || :"
Rust	Run actions/checkout@11d5960a326750d5838078e36cf38b85af677262	2026-09-24T22:27:03.2079265Z [command]/usr/bin/git config --local --name-only --get-regexp http\.https\:\/\/github\.com\/\.extraheader
Rust	Run actions/checkout@11d5960a326750d5838078e36cf38b85af677262	2026-09-24T22:27:03.2124550Z [command]/usr/bin/git submodule foreach --recursive sh -c "git config --local --name-only --get-regexp 'http\.https\:\/\/github\.com\/\.extraheader' && git config --local --unset-all 'http.https://github.com/.extraheader' || :"
Rust	Run actions/checkout@11d5960a326750d5838078e36cf38b85af677262	2026-09-24T22:27:03.2377326Z [command]/usr/bin/git config --local --name-only --get-regexp ^includeIf\.gitdir:
Rust	Run actions/checkout@11d5960a326750d5838078e36cf38b85af677262	2026-09-24T22:27:03.2420127Z [command]/usr/bin/git submodule foreach --recursive git config --local --show-origin --name-only --get-regexp remote.origin.url
Rust	Run actions/checkout@11d5960a326750d5838078e36cf38b85af677262	2026-09-24T22:27:03.2699678Z [command]/usr/bin/git config --local http.https://github.com/.extraheader AUTHORIZATION: basic ***
Rust	Run actions/checkout@11d5960a326750d5838078e36cf38b85af677262	2026-09-24T22:27:03.2758423Z ##[endgroup]
Rust	Run actions/checkout@11d5960a326750d5838078e36cf38b85af677262	2026-09-24T22:27:03.2759698Z ##[group]Fetching the repository
Rust	Run actions/checkout@11d5960a326750d5838078e36cf38b85af677262	2026-09-24T22:27:03.2775051Z [command]/usr/bin/git -c protocol.version=2 fetch --no-tags --prune --no-recurse-submodules --depth=1 origin +ea14fb375add50224e2043c608039d077c6a7366:refs/remotes/origin/develop
Rust	Run actions/checkout@11d5960a326750d5838078e36cf38b85af677262	2026-09-24T22:27:03.9740389Z From https://github.com/jack0682/rx-solutions
Rust	Run actions/checkout@11d5960a326750d5838078e36cf38b85af677262	2026-09-24T22:27:03.9742172Z  * [new ref]         ea14fb375add50224e2043c608039d077c6a7366 -> origin/develop
Rust	Run actions/checkout@11d5960a326750d5838078e36cf38b85af677262	2026-09-24T22:27:03.9746405Z ##[endgroup]
Rust	Run actions/checkout@11d5960a326750d5838078e36cf38b85af677262	2026-09-24T22:27:03.9747812Z ##[group]Determining the checkout info
Rust	Run actions/checkout@11d5960a326750d5838078e36cf38b85af677262	2026-09-24T22:27:03.9749367Z ##[endgroup]
Rust	Run actions/checkout@11d5960a326750d5838078e36cf38b85af677262	2026-09-24T22:27:03.9754368Z [command]/usr/bin/git sparse-checkout disable
Rust	Run actions/checkout@11d5960a326750d5838078e36cf38b85af677262	2026-09-24T22:27:03.9813162Z [command]/usr/bin/git config --local --unset-all extensions.worktreeConfig
Rust	Run actions/checkout@11d5960a326750d5838078e36cf38b85af677262	2026-09-24T22:27:03.9851289Z ##[group]Checking out the ref
Rust	Run actions/checkout@11d5960a326750d5838078e36cf38b85af677262	2026-09-24T22:27:03.9855315Z [command]/usr/bin/git checkout --progress --force -B develop refs/remotes/origin/develop
Rust	Run actions/checkout@11d5960a326750d5838078e36cf38b85af677262	2026-09-24T22:27:04.0382000Z Switched to a new branch 'develop'
Rust	Run actions/checkout@11d5960a326750d5838078e36cf38b85af677262	2026-09-24T22:27:04.0386088Z branch 'develop' set up to track 'origin/develop'.
Rust	Run actions/checkout@11d5960a326750d5838078e36cf38b85af677262	2026-09-24T22:27:04.0395861Z ##[endgroup]
Rust	Run actions/checkout@11d5960a326750d5838078e36cf38b85af677262	2026-09-24T22:27:04.0446845Z [command]/usr/bin/git log -1 --format=%H
Rust	Run actions/checkout@11d5960a326750d5838078e36cf38b85af677262	2026-09-24T22:27:04.0477869Z ea14fb375add50224e2043c608039d077c6a7366
Rust	Run actions/checkout@11d5960a326750d5838078e36cf38b85af677262	2026-09-24T22:27:04.0493214Z ##[group]Removing auth
Rust	Run actions/checkout@11d5960a326750d5838078e36cf38b85af677262	2026-09-24T22:27:04.0499281Z [command]/usr/bin/git config --local --name-only --get-regexp core\.sshCommand
Rust	Run actions/checkout@11d5960a326750d5838078e36cf38b85af677262	2026-09-24T22:27:04.0542555Z [command]/usr/bin/git submodule foreach --recursive sh -c "git config --local --name-only --get-regexp 'core\.sshCommand' && git config --local --unset-all 'core.sshCommand' || :"
Rust	Run actions/checkout@11d5960a326750d5838078e36cf38b85af677262	2026-09-24T22:27:04.0791001Z [command]/usr/bin/git config --local --name-only --get-regexp http\.https\:\/\/github\.com\/\.extraheader
Rust	Run actions/checkout@11d5960a326750d5838078e36cf38b85af677262	2026-09-24T22:27:04.0823586Z http.https://github.com/.extraheader
Rust	Run actions/checkout@11d5960a326750d5838078e36cf38b85af677262	2026-09-24T22:27:04.0833354Z [command]/usr/bin/git config --local --unset-all http.https://github.com/.extraheader
Rust	Run actions/checkout@11d5960a326750d5838078e36cf38b85af677262	2026-09-24T22:27:04.0873702Z [command]/usr/bin/git submodule foreach --recursive sh -c "git config --local --name-only --get-regexp 'http\.https\:\/\/github\.com\/\.extraheader' && git config --local --unset-all 'http.https://github.com/.extraheader' || :"
Rust	Run actions/checkout@11d5960a326750d5838078e36cf38b85af677262	2026-09-24T22:27:04.1118305Z [command]/usr/bin/git config --local --name-only --get-regexp ^includeIf\.gitdir:
Rust	Run actions/checkout@11d5960a326750d5838078e36cf38b85af677262	2026-09-24T22:27:04.1192913Z [command]/usr/bin/git submodule foreach --recursive git config --local --show-origin --name-only --get-regexp remote.origin.url
Rust	Run actions/checkout@11d5960a326750d5838078e36cf38b85af677262	2026-09-24T22:27:04.1440324Z ##[endgroup]
Rust	Install repository Rust toolchain	﻿2026-09-24T22:27:04.1711877Z ##[group]Run toolchain=$(python3 -c 'import tomllib; print(tomllib.load(open("rust-toolchain.toml", "rb"))["toolchain"]["channel"])')
Rust	Install repository Rust toolchain	2026-09-24T22:27:04.1716565Z ^[[36;1mtoolchain=$(python3 -c 'import tomllib; print(tomllib.load(open("rust-toolchain.toml", "rb"))["toolchain"]["channel"])')^[[0m
Rust	Install repository Rust toolchain	2026-09-24T22:27:04.1720186Z ^[[36;1mrustup toolchain install "$toolchain" --profile minimal --component rustfmt --component clippy^[[0m
Rust	Install repository Rust toolchain	2026-09-24T22:27:04.2003452Z shell: /usr/bin/bash --noprofile --norc -e -o pipefail {0}
Rust	Install repository Rust toolchain	2026-09-24T22:27:04.2005562Z env:
Rust	Install repository Rust toolchain	2026-09-24T22:27:04.2006608Z   CARGO_TERM_COLOR: always
Rust	Install repository Rust toolchain	2026-09-24T22:27:04.2007812Z   RUST_BACKTRACE: 1
Rust	Install repository Rust toolchain	2026-09-24T22:27:04.2008859Z ##[endgroup]
Rust	Install repository Rust toolchain	2026-09-24T22:27:04.5952201Z info: syncing channel updates for 1.98.1-x86_64-unknown-linux-gnu
Rust	Install repository Rust toolchain	2026-09-24T22:27:05.0214743Z info: latest update on 2026-09-03 for version 1.98.1 (48a229cea 2026-09-01)
Rust	Install repository Rust toolchain	2026-09-24T22:27:05.0216007Z info: downloading 5 components
Rust	Install repository Rust toolchain	2026-09-24T22:27:12.9965415Z 
Rust	Install repository Rust toolchain	2026-09-24T22:27:13.0040485Z   1.98.1-x86_64-unknown-linux-gnu installed - rustc 1.98.1 (48a229cea 2026-09-01)
Rust	Install repository Rust toolchain	2026-09-24T22:27:13.0041146Z 
Rust	Run actions/cache@0057852bfaa89a56745cba8c7296529d2fc39830	﻿2026-09-24T22:27:13.0979564Z ##[group]Run actions/cache@0057852bfaa89a56745cba8c7296529d2fc39830
Rust	Run actions/cache@0057852bfaa89a56745cba8c7296529d2fc39830	2026-09-24T22:27:13.0980069Z with:
Rust	Run actions/cache@0057852bfaa89a56745cba8c7296529d2fc39830	2026-09-24T22:27:13.0980456Z   path: ~/.cargo/registry/index
Rust	Run actions/cache@0057852bfaa89a56745cba8c7296529d2fc39830	~/.cargo/registry/cache
Rust	Run actions/cache@0057852bfaa89a56745cba8c7296529d2fc39830	~/.cargo/git/db
Rust	Run actions/cache@0057852bfaa89a56745cba8c7296529d2fc39830	target
Rust	Run actions/cache@0057852bfaa89a56745cba8c7296529d2fc39830	
Rust	Run actions/cache@0057852bfaa89a56745cba8c7296529d2fc39830	2026-09-24T22:27:13.0981084Z   key: Linux-X64-rust-3556b8637a457d473d863d37308718cfe1a48fb59cafa28c495a7716e38d9440
Rust	Run actions/cache@0057852bfaa89a56745cba8c7296529d2fc39830	2026-09-24T22:27:13.0981599Z   enableCrossOsArchive: false
Rust	Run actions/cache@0057852bfaa89a56745cba8c7296529d2fc39830	2026-09-24T22:27:13.0981907Z   fail-on-cache-miss: false
Rust	Run actions/cache@0057852bfaa89a56745cba8c7296529d2fc39830	2026-09-24T22:27:13.0982210Z   lookup-only: false
Rust	Run actions/cache@0057852bfaa89a56745cba8c7296529d2fc39830	2026-09-24T22:27:13.0982499Z   save-always: false
Rust	Run actions/cache@0057852bfaa89a56745cba8c7296529d2fc39830	2026-09-24T22:27:13.0982757Z env:
Rust	Run actions/cache@0057852bfaa89a56745cba8c7296529d2fc39830	2026-09-24T22:27:13.0983018Z   CARGO_TERM_COLOR: always
Rust	Run actions/cache@0057852bfaa89a56745cba8c7296529d2fc39830	2026-09-24T22:27:13.0983294Z   RUST_BACKTRACE: 1
Rust	Run actions/cache@0057852bfaa89a56745cba8c7296529d2fc39830	2026-09-24T22:27:13.0983548Z ##[endgroup]
Rust	Run actions/cache@0057852bfaa89a56745cba8c7296529d2fc39830	2026-09-24T22:27:13.2097862Z (node:2449) [DEP0040] DeprecationWarning: The `punycode` module is deprecated. Please use a userland alternative instead.
Rust	Run actions/cache@0057852bfaa89a56745cba8c7296529d2fc39830	2026-09-24T22:27:13.2099093Z (Use `node --trace-deprecation ...` to show where the warning was created)
Rust	Run actions/cache@0057852bfaa89a56745cba8c7296529d2fc39830	2026-09-24T22:27:13.4536924Z Cache not found for input keys: Linux-X64-rust-3556b8637a457d473d863d37308718cfe1a48fb59cafa28c495a7716e38d9440
Rust	Check Rust formatting	﻿2026-09-24T22:27:13.4625417Z ##[group]Run cargo fmt --all -- --check
Rust	Check Rust formatting	2026-09-24T22:27:13.4625831Z ^[[36;1mcargo fmt --all -- --check^[[0m
Rust	Check Rust formatting	2026-09-24T22:27:13.4693231Z shell: /usr/bin/bash --noprofile --norc -e -o pipefail {0}
Rust	Check Rust formatting	2026-09-24T22:27:13.4693679Z env:
Rust	Check Rust formatting	2026-09-24T22:27:13.4693928Z   CARGO_TERM_COLOR: always
Rust	Check Rust formatting	2026-09-24T22:27:13.4694551Z   RUST_BACKTRACE: 1
Rust	Check Rust formatting	2026-09-24T22:27:13.4694806Z ##[endgroup]
Rust	Check Rust lints	﻿2026-09-24T22:27:14.5715200Z ##[group]Run cargo clippy --workspace --all-targets --all-features --locked -- -D warnings
Rust	Check Rust lints	2026-09-24T22:27:14.5715929Z ^[[36;1mcargo clippy --workspace --all-targets --all-features --locked -- -D warnings^[[0m
Rust	Check Rust lints	2026-09-24T22:27:14.5779420Z shell: /usr/bin/bash --noprofile --norc -e -o pipefail {0}
Rust	Check Rust lints	2026-09-24T22:27:14.5780193Z env:
Rust	Check Rust lints	2026-09-24T22:27:14.5780434Z   CARGO_TERM_COLOR: always
Rust	Check Rust lints	2026-09-24T22:27:14.5780693Z   RUST_BACKTRACE: 1
Rust	Check Rust lints	2026-09-24T22:27:14.5780907Z ##[endgroup]
Rust	Check Rust lints	2026-09-24T22:27:14.6772779Z ^[[1m^[[92m    Updating^[[0m crates.io index
Rust	Check Rust lints	2026-09-24T22:27:15.0330094Z ^[[1m^[[92m Downloading^[[0m crates ...
Rust	Check Rust lints	2026-09-24T22:27:15.0752684Z ^[[1m^[[92m  Downloaded^[[0m asn1-rs-derive v0.6.0
Rust	Check Rust lints	2026-09-24T22:27:15.0772325Z ^[[1m^[[92m  Downloaded^[[0m equivalent v1.0.2
Rust	Check Rust lints	2026-09-24T22:27:15.0784244Z ^[[1m^[[92m  Downloaded^[[0m digest v0.10.7
Rust	Check Rust lints	2026-09-24T22:27:15.0806398Z ^[[1m^[[92m  Downloaded^[[0m cc v1.4.5
Rust	Check Rust lints	2026-09-24T22:27:15.0852785Z ^[[1m^[[92m  Downloaded^[[0m heck v0.5.0
Rust	Check Rust lints	2026-09-24T22:27:15.0871449Z ^[[1m^[[92m  Downloaded^[[0m maybe-owned v0.3.4
Rust	Check Rust lints	2026-09-24T22:27:15.0893683Z ^[[1m^[[92m  Downloaded^[[0m futures-core v0.3.34
Rust	Check Rust lints	2026-09-24T22:27:15.0908180Z ^[[1m^[[92m  Downloaded^[[0m futures-task v0.3.34
Rust	Check Rust lints	2026-09-24T22:27:15.0924524Z ^[[1m^[[92m  Downloaded^[[0m percent-encoding v2.3.2
Rust	Check Rust lints	2026-09-24T22:27:15.0945354Z ^[[1m^[[92m  Downloaded^[[0m cap-fs-ext v4.0.3
Rust	Check Rust lints	2026-09-24T22:27:15.0961383Z ^[[1m^[[92m  Downloaded^[[0m http-body-util v0.1.5
Rust	Check Rust lints	2026-09-24T22:27:15.0990494Z ^[[1m^[[92m  Downloaded^[[0m hybrid-array v0.4.15
Rust	Check Rust lints	2026-09-24T22:27:15.1023728Z ^[[1m^[[92m  Downloaded^[[0m hashbrown v0.15.5
Rust	Check Rust lints	2026-09-24T22:27:15.1095355Z ^[[1m^[[92m  Downloaded^[[0m hyper-util v0.1.20
Rust	Check Rust lints	2026-09-24T22:27:15.1189048Z ^[[1m^[[92m  Downloaded^[[0m nom v7.1.3
Rust	Check Rust lints	2026-09-24T22:27:15.1263210Z ^[[1m^[[92m  Downloaded^[[0m anyhow v1.0.104
Rust	Check Rust lints	2026-09-24T22:27:15.1327916Z ^[[1m^[[92m  Downloaded^[[0m ambient-authority v0.0.2
Rust	Check Rust lints	2026-09-24T22:27:15.1330750Z ^[[1m^[[92m  Downloaded^[[0m powerfmt v0.2.0
Rust	Check Rust lints	2026-09-24T22:27:15.1345638Z ^[[1m^[[92m  Downloaded^[[0m protoc-bin-vendored v3.2.0
Rust	Check Rust lints	2026-09-24T22:27:15.1357133Z ^[[1m^[[92m  Downloaded^[[0m aho-corasick v1.1.5
Rust	Check Rust lints	2026-09-24T22:27:15.1415778Z ^[[1m^[[92m  Downloaded^[[0m curve25519-dalek v5.0.0
Rust	Check Rust lints	2026-09-24T22:27:15.1515289Z ^[[1m^[[92m  Downloaded^[[0m rustc_version v0.4.1
Rust	Check Rust lints	2026-09-24T22:27:15.1529891Z ^[[1m^[[92m  Downloaded^[[0m signature v3.0.0
Rust	Check Rust lints	2026-09-24T22:27:15.1544501Z ^[[1m^[[92m  Downloaded^[[0m tower-service v0.3.3
Rust	Check Rust lints	2026-09-24T22:27:15.1552894Z ^[[1m^[[92m  Downloaded^[[0m tonic-prost-build v0.14.6
Rust	Check Rust lints	2026-09-24T22:27:15.1564749Z ^[[1m^[[92m  Downloaded^[[0m want v0.3.1
Rust	Check Rust lints	2026-09-24T22:27:15.1576357Z ^[[1m^[[92m  Downloaded^[[0m asn1-rs-impl v0.2.0
Rust	Check Rust lints	2026-09-24T22:27:15.1584166Z ^[[1m^[[92m  Downloaded^[[0m async-trait v0.1.92
Rust	Check Rust lints	2026-09-24T22:27:15.1627915Z ^[[1m^[[92m  Downloaded^[[0m subtle v2.6.1
Rust	Check Rust lints	2026-09-24T22:27:15.1670317Z ^[[1m^[[92m  Downloaded^[[0m time-core v0.1.9
Rust	Check Rust lints	2026-09-24T22:27:15.1671831Z ^[[1m^[[92m  Downloaded^[[0m try-lock v0.2.5
Rust	Check Rust lints	2026-09-24T22:27:15.1672870Z ^[[1m^[[92m  Downloaded^[[0m asn1-rs v0.7.2
Rust	Check Rust lints	2026-09-24T22:27:15.1750360Z ^[[1m^[[92m  Downloaded^[[0m linux-raw-sys v0.12.1
Rust	Check Rust lints	2026-09-24T22:27:15.2408942Z ^[[1m^[[92m  Downloaded^[[0m pin-project-lite v0.2.17
Rust	Check Rust lints	2026-09-24T22:27:15.2473779Z ^[[1m^[[92m  Downloaded^[[0m pkg-config v0.3.34
Rust	Check Rust lints	2026-09-24T22:27:15.2494987Z ^[[1m^[[92m  Downloaded^[[0m quote v1.0.47
Rust	Check Rust lints	2026-09-24T22:27:15.2520623Z ^[[1m^[[92m  Downloaded^[[0m shlex v2.0.1
Rust	Check Rust lints	2026-09-24T22:27:15.2536647Z ^[[1m^[[92m  Downloaded^[[0m tonic-prost v0.14.6
Rust	Check Rust lints	2026-09-24T22:27:15.2546530Z ^[[1m^[[92m  Downloaded^[[0m version_check v0.9.5
Rust	Check Rust lints	2026-09-24T22:27:15.2559841Z ^[[1m^[[92m  Downloaded^[[0m tower-layer v0.3.3
Rust	Check Rust lints	2026-09-24T22:27:15.2570074Z ^[[1m^[[92m  Downloaded^[[0m pin-project-internal v1.1.13
Rust	Check Rust lints	2026-09-24T22:27:15.2586267Z ^[[1m^[[92m  Downloaded^[[0m sync_wrapper v1.0.2
Rust	Check Rust lints	2026-09-24T22:27:15.2595584Z ^[[1m^[[92m  Downloaded^[[0m tokio-macros v2.7.2
Rust	Check Rust lints	2026-09-24T22:27:15.2610717Z ^[[1m^[[92m  Downloaded^[[0m untrusted v0.9.0
Rust	Check Rust lints	2026-09-24T22:27:15.2629567Z ^[[1m^[[92m  Downloaded^[[0m fnv v1.0.7
Rust	Check Rust lints	2026-09-24T22:27:15.2640161Z ^[[1m^[[92m  Downloaded^[[0m prost v0.14.4
Rust	Check Rust lints	2026-09-24T22:27:15.2658630Z ^[[1m^[[92m  Downloaded^[[0m pulldown-cmark-to-cmark v22.0.1
Rust	Check Rust lints	2026-09-24T22:27:15.2672939Z ^[[1m^[[92m  Downloaded^[[0m rusticata-macros v4.1.0
Rust	Check Rust lints	2026-09-24T22:27:15.2689887Z ^[[1m^[[92m  Downloaded^[[0m serde_jcs v0.2.0
Rust	Check Rust lints	2026-09-24T22:27:15.2714845Z ^[[1m^[[92m  Downloaded^[[0m ryu-js v0.2.2
Rust	Check Rust lints	2026-09-24T22:27:15.2749007Z ^[[1m^[[92m  Downloaded^[[0m tokio-rustls v0.26.5
Rust	Check Rust lints	2026-09-24T22:27:15.2785387Z ^[[1m^[[92m  Downloaded^[[0m tokio-stream v0.1.19
Rust	Check Rust lints	2026-09-24T22:27:15.2824962Z ^[[1m^[[92m  Downloaded^[[0m tonic-build v0.14.6
Rust	Check Rust lints	2026-09-24T22:27:15.2839411Z ^[[1m^[[92m  Downloaded^[[0m rcgen v0.14.10
Rust	Check Rust lints	2026-09-24T22:27:15.2865308Z ^[[1m^[[92m  Downloaded^[[0m sha2 v0.10.9
Rust	Check Rust lints	2026-09-24T22:27:15.2894336Z ^[[1m^[[92m  Downloaded^[[0m signal-hook-registry v1.4.8
Rust	Check Rust lints	2026-09-24T22:27:15.2907705Z ^[[1m^[[92m  Downloaded^[[0m smallvec v1.16.0
Rust	Check Rust lints	2026-09-24T22:27:15.2922503Z ^[[1m^[[92m  Downloaded^[[0m synstructure v0.13.2
Rust	Check Rust lints	2026-09-24T22:27:15.2934142Z ^[[1m^[[92m  Downloaded^[[0m tempfile v3.27.0
Rust	Check Rust lints	2026-09-24T22:27:15.2961620Z ^[[1m^[[92m  Downloaded^[[0m thiserror v2.0.20
Rust	Check Rust lints	2026-09-24T22:27:15.3031749Z ^[[1m^[[92m  Downloaded^[[0m zeroize v1.9.0
Rust	Check Rust lints	2026-09-24T22:27:15.3049626Z ^[[1m^[[92m  Downloaded^[[0m zmij v1.0.23
Rust	Check Rust lints	2026-09-24T22:27:15.3069541Z ^[[1m^[[92m  Downloaded^[[0m proc-macro2 v1.0.107
Rust	Check Rust lints	2026-09-24T22:27:15.3101625Z ^[[1m^[[92m  Downloaded^[[0m prost-build v0.14.4
Rust	Check Rust lints	2026-09-24T22:27:15.3140659Z ^[[1m^[[92m  Downloaded^[[0m prost-types v0.14.4
Rust	Check Rust lints	2026-09-24T22:27:15.3159154Z ^[[1m^[[92m  Downloaded^[[0m rustix-linux-procfs v0.1.1
Rust	Check Rust lints	2026-09-24T22:27:15.3171308Z ^[[1m^[[92m  Downloaded^[[0m rustls-pki-types v1.15.1
Rust	Check Rust lints	2026-09-24T22:27:15.3198786Z ^[[1m^[[92m  Downloaded^[[0m semver v1.0.28
Rust	Check Rust lints	2026-09-24T22:27:15.3223506Z ^[[1m^[[92m  Downloaded^[[0m serde_core v1.0.229
Rust	Check Rust lints	2026-09-24T22:27:15.3252243Z ^[[1m^[[92m  Downloaded^[[0m sha2 v0.11.0
Rust	Check Rust lints	2026-09-24T22:27:15.3295162Z ^[[1m^[[92m  Downloaded^[[0m slab v0.4.12
Rust	Check Rust lints	2026-09-24T22:27:15.3315415Z ^[[1m^[[92m  Downloaded^[[0m thiserror-impl v2.0.20
Rust	Check Rust lints	2026-09-24T22:27:15.3324320Z ^[[1m^[[92m  Downloaded^[[0m time-macros v0.2.32
Rust	Check Rust lints	2026-09-24T22:27:15.3350197Z ^[[1m^[[92m  Downloaded^[[0m tracing-attributes v0.1.31
Rust	Check Rust lints	2026-09-24T22:27:15.3378502Z ^[[1m^[[92m  Downloaded^[[0m unicase v2.9.0
Rust	Check Rust lints	2026-09-24T22:27:15.3392982Z ^[[1m^[[92m  Downloaded^[[0m yasna v0.6.0
Rust	Check Rust lints	2026-09-24T22:27:15.3416352Z ^[[1m^[[92m  Downloaded^[[0m pin-project v1.1.13
Rust	Check Rust lints	2026-09-24T22:27:15.3555646Z ^[[1m^[[92m  Downloaded^[[0m prost-derive v0.14.4
Rust	Check Rust lints	2026-09-24T22:27:15.3569068Z ^[[1m^[[92m  Downloaded^[[0m socket2 v0.6.5
Rust	Check Rust lints	2026-09-24T22:27:15.3587443Z ^[[1m^[[92m  Downloaded^[[0m unicode-ident v1.0.24
Rust	Check Rust lints	2026-09-24T22:27:15.3615904Z ^[[1m^[[92m  Downloaded^[[0m cpufeatures v0.3.1
Rust	Check Rust lints	2026-09-24T22:27:15.3630936Z ^[[1m^[[92m  Downloaded^[[0m serde_derive v1.0.229
Rust	Check Rust lints	2026-09-24T22:27:15.3663273Z ^[[1m^[[92m  Downloaded^[[0m uuid v1.26.1
Rust	Check Rust lints	2026-09-24T22:27:15.3693973Z ^[[1m^[[92m  Downloaded^[[0m serde v1.0.229
Rust	Check Rust lints	2026-09-24T22:27:15.3729967Z ^[[1m^[[92m  Downloaded^[[0m tonic v0.14.6
Rust	Check Rust lints	2026-09-24T22:27:15.3792539Z ^[[1m^[[92m  Downloaded^[[0m x509-parser v0.18.1
Rust	Check Rust lints	2026-09-24T22:27:15.3850952Z ^[[1m^[[92m  Downloaded^[[0m itertools v0.14.0
Rust	Check Rust lints	2026-09-24T22:27:15.3922203Z ^[[1m^[[92m  Downloaded^[[0m prettyplease v0.2.37
Rust	Check Rust lints	2026-09-24T22:27:15.3958948Z ^[[1m^[[92m  Downloaded^[[0m prost-reflect v0.16.5
Rust	Check Rust lints	2026-09-24T22:27:15.4125537Z ^[[1m^[[92m  Downloaded^[[0m tower v0.5.3
Rust	Check Rust lints	2026-09-24T22:27:15.4233015Z ^[[1m^[[92m  Downloaded^[[0m typenum v1.20.1
Rust	Check Rust lints	2026-09-24T22:27:15.4269241Z ^[[1m^[[92m  Downloaded^[[0m fastrand v2.5.0
Rust	Check Rust lints	2026-09-24T22:27:15.4283412Z ^[[1m^[[92m  Downloaded^[[0m rustls-webpki v0.103.15
Rust	Check Rust lints	2026-09-24T22:27:15.4316090Z ^[[1m^[[92m  Downloaded^[[0m serde_json v1.0.151
Rust	Check Rust lints	2026-09-24T22:27:15.4399690Z ^[[1m^[[92m  Downloaded^[[0m regex v1.13.1
Rust	Check Rust lints	2026-09-24T22:27:15.4447189Z ^[[1m^[[92m  Downloaded^[[0m tokio-util v0.7.19
Rust	Check Rust lints	2026-09-24T22:27:15.4528727Z ^[[1m^[[92m  Downloaded^[[0m rusqlite v0.40.2
Rust	Check Rust lints	2026-09-24T22:27:15.4597847Z ^[[1m^[[92m  Downloaded^[[0m vcpkg v0.2.15
Rust	Check Rust lints	2026-09-24T22:27:15.5163452Z ^[[1m^[[92m  Downloaded^[[0m curve25519-dalek-derive v0.1.1
Rust	Check Rust lints	2026-09-24T22:27:15.5173988Z ^[[1m^[[92m  Downloaded^[[0m foldhash v0.1.5
Rust	Check Rust lints	2026-09-24T22:27:15.5187081Z ^[[1m^[[92m  Downloaded^[[0m fs-set-times v0.20.3
Rust	Check Rust lints	2026-09-24T22:27:15.5201743Z ^[[1m^[[92m  Downloaded^[[0m time v0.3.55
Rust	Check Rust lints	2026-09-24T22:27:15.5353744Z ^[[1m^[[92m  Downloaded^[[0m find-msvc-tools v0.1.12
Rust	Check Rust lints	2026-09-24T22:27:15.5370547Z ^[[1m^[[92m  Downloaded^[[0m syn v3.0.5
Rust	Check Rust lints	2026-09-24T22:27:15.5484666Z ^[[1m^[[92m  Downloaded^[[0m syn v2.0.119
Rust	Check Rust lints	2026-09-24T22:27:15.5610917Z ^[[1m^[[92m  Downloaded^[[0m regex-syntax v0.8.11
Rust	Check Rust lints	2026-09-24T22:27:15.5680257Z ^[[1m^[[92m  Downloaded^[[0m bit-vec v0.9.1
Rust	Check Rust lints	2026-09-24T22:27:15.5697693Z ^[[1m^[[92m  Downloaded^[[0m data-encoding v2.11.1
Rust	Check Rust lints	2026-09-24T22:27:15.5707865Z ^[[1m^[[92m  Downloaded^[[0m digest v0.11.3
Rust	Check Rust lints	2026-09-24T22:27:15.5732483Z ^[[1m^[[92m  Downloaded^[[0m itoa v1.0.18
Rust	Check Rust lints	2026-09-24T22:27:15.5747887Z ^[[1m^[[92m  Downloaded^[[0m cap-std v4.0.3
Rust	Check Rust lints	2026-09-24T22:27:15.5778961Z ^[[1m^[[92m  Downloaded^[[0m hashbrown v0.17.1
Rust	Check Rust lints	2026-09-24T22:27:15.5837576Z ^[[1m^[[92m  Downloaded^[[0m log v0.4.34
Rust	Check Rust lints	2026-09-24T22:27:15.5863717Z ^[[1m^[[92m  Downloaded^[[0m num-integer v0.1.47
Rust	Check Rust lints	2026-09-24T22:27:15.5880970Z ^[[1m^[[92m  Downloaded^[[0m rustix v1.1.4
Rust	Check Rust lints	2026-09-24T22:27:15.6166715Z ^[[1m^[[92m  Downloaded^[[0m rustls v0.23.44
Rust	Check Rust lints	2026-09-24T22:27:15.6289621Z ^[[1m^[[92m  Downloaded^[[0m der-parser v10.0.0
Rust	Check Rust lints	2026-09-24T22:27:15.6324964Z ^[[1m^[[92m  Downloaded^[[0m ed25519-dalek v3.0.0
Rust	Check Rust lints	2026-09-24T22:27:15.6359119Z ^[[1m^[[92m  Downloaded^[[0m h2 v0.4.19
Rust	Check Rust lints	2026-09-24T22:27:15.6426080Z ^[[1m^[[92m  Downloaded^[[0m http v1.5.0
Rust	Check Rust lints	2026-09-24T22:27:15.6466017Z ^[[1m^[[92m  Downloaded^[[0m hyper v1.11.1
Rust	Check Rust lints	2026-09-24T22:27:15.6539868Z ^[[1m^[[92m  Downloaded^[[0m io-lifetimes v3.0.1
Rust	Check Rust lints	2026-09-24T22:27:15.6557261Z ^[[1m^[[92m  Downloaded^[[0m tracing v0.1.44
Rust	Check Rust lints	2026-09-24T22:27:15.6716991Z ^[[1m^[[92m  Downloaded^[[0m fixedbitset v0.5.7
Rust	Check Rust lints	2026-09-24T22:27:15.6736988Z ^[[1m^[[92m  Downloaded^[[0m regex-automata v0.4.18
Rust	Check Rust lints	2026-09-24T22:27:15.6880264Z ^[[1m^[[92m  Downloaded^[[0m futures-sink v0.3.34
Rust	Check Rust lints	2026-09-24T22:27:15.6889205Z ^[[1m^[[92m  Downloaded^[[0m lazy_static v1.5.0
Rust	Check Rust lints	2026-09-24T22:27:15.6908330Z ^[[1m^[[92m  Downloaded^[[0m block-buffer v0.10.4
Rust	Check Rust lints	2026-09-24T22:27:15.6919889Z ^[[1m^[[92m  Downloaded^[[0m crypto-common v0.1.7
Rust	Check Rust lints	2026-09-24T22:27:15.6929548Z ^[[1m^[[92m  Downloaded^[[0m either v1.18.0
Rust	Check Rust lints	2026-09-24T22:27:15.6945076Z ^[[1m^[[92m  Downloaded^[[0m io-extras v0.19.0
Rust	Check Rust lints	2026-09-24T22:27:15.6968383Z ^[[1m^[[92m  Downloaded^[[0m tokio v1.53.1
Rust	Check Rust lints	2026-09-24T22:27:15.7436098Z ^[[1m^[[92m  Downloaded^[[0m displaydoc v0.2.7
Rust	Check Rust lints	2026-09-24T22:27:15.7456818Z ^[[1m^[[92m  Downloaded^[[0m generic-array v0.14.7
Rust	Check Rust lints	2026-09-24T22:27:15.7471992Z ^[[1m^[[92m  Downloaded^[[0m getrandom v0.2.17
Rust	Check Rust lints	2026-09-24T22:27:15.7502450Z ^[[1m^[[92m  Downloaded^[[0m minimal-lexical v0.2.1
Rust	Check Rust lints	2026-09-24T22:27:15.7550075Z ^[[1m^[[92m  Downloaded^[[0m httparse v1.10.1
Rust	Check Rust lints	2026-09-24T22:27:15.7576234Z ^[[1m^[[92m  Downloaded^[[0m errno v0.3.14
Rust	Check Rust lints	2026-09-24T22:27:15.7592195Z ^[[1m^[[92m  Downloaded^[[0m foldhash v0.2.0
Rust	Check Rust lints	2026-09-24T22:27:15.7605272Z ^[[1m^[[92m  Downloaded^[[0m ring v0.17.14
Rust	Check Rust lints	2026-09-24T22:27:15.8037834Z ^[[1m^[[92m  Downloaded^[[0m pulldown-cmark v0.13.4
Rust	Check Rust lints	2026-09-24T22:27:15.8089504Z ^[[1m^[[92m  Downloaded^[[0m tracing-core v0.1.36
Rust	Check Rust lints	2026-09-24T22:27:15.8117477Z ^[[1m^[[92m  Downloaded^[[0m block-buffer v0.12.1
Rust	Check Rust lints	2026-09-24T22:27:15.8130600Z ^[[1m^[[92m  Downloaded^[[0m crypto-common v0.2.2
Rust	Check Rust lints	2026-09-24T22:27:15.8142952Z ^[[1m^[[92m  Downloaded^[[0m httpdate v1.0.3
Rust	Check Rust lints	2026-09-24T22:27:15.8156108Z ^[[1m^[[92m  Downloaded^[[0m mime v0.3.17
Rust	Check Rust lints	2026-09-24T22:27:15.8169409Z ^[[1m^[[92m  Downloaded^[[0m bytes v1.12.1
Rust	Check Rust lints	2026-09-24T22:27:15.8206967Z ^[[1m^[[92m  Downloaded^[[0m cfg-if v1.0.4
Rust	Check Rust lints	2026-09-24T22:27:15.8221194Z ^[[1m^[[92m  Downloaded^[[0m fallible-streaming-iterator v0.1.9
Rust	Check Rust lints	2026-09-24T22:27:15.8231449Z ^[[1m^[[92m  Downloaded^[[0m protoc-bin-vendored-macos-aarch_64 v3.2.0
Rust	Check Rust lints	2026-09-24T22:27:15.8512251Z ^[[1m^[[92m  Downloaded^[[0m protoc-bin-vendored-macos-x86_64 v3.2.0
Rust	Check Rust lints	2026-09-24T22:27:15.8797471Z ^[[1m^[[92m  Downloaded^[[0m http-body v1.1.0
Rust	Check Rust lints	2026-09-24T22:27:15.8808507Z ^[[1m^[[92m  Downloaded^[[0m num-conv v0.2.2
Rust	Check Rust lints	2026-09-24T22:27:15.8817565Z ^[[1m^[[92m  Downloaded^[[0m atomic-waker v1.1.2
Rust	Check Rust lints	2026-09-24T22:27:15.8831253Z ^[[1m^[[92m  Downloaded^[[0m multimap v0.10.1
Rust	Check Rust lints	2026-09-24T22:27:15.8842395Z ^[[1m^[[92m  Downloaded^[[0m protoc-bin-vendored-win32 v3.2.0
Rust	Check Rust lints	2026-09-24T22:27:15.9216589Z ^[[1m^[[92m  Downloaded^[[0m protoc-bin-vendored-linux-x86_64 v3.2.0
Rust	Check Rust lints	2026-09-24T22:27:15.9591567Z ^[[1m^[[92m  Downloaded^[[0m protoc-bin-vendored-linux-aarch_64 v3.2.0
Rust	Check Rust lints	2026-09-24T22:27:15.9953242Z ^[[1m^[[92m  Downloaded^[[0m pem v4.0.0
Rust	Check Rust lints	2026-09-24T22:27:15.9969157Z ^[[1m^[[92m  Downloaded^[[0m axum-core v0.5.6
Rust	Check Rust lints	2026-09-24T22:27:15.9992888Z ^[[1m^[[92m  Downloaded^[[0m deranged v0.5.8
Rust	Check Rust lints	2026-09-24T22:27:16.0008381Z ^[[1m^[[92m  Downloaded^[[0m ed25519 v3.0.0
Rust	Check Rust lints	2026-09-24T22:27:16.0026954Z ^[[1m^[[92m  Downloaded^[[0m hyper-timeout v0.5.2
Rust	Check Rust lints	2026-09-24T22:27:16.0042594Z ^[[1m^[[92m  Downloaded^[[0m oid-registry v0.8.1
Rust	Check Rust lints	2026-09-24T22:27:16.0056331Z ^[[1m^[[92m  Downloaded^[[0m protoc-bin-vendored-linux-x86_32 v3.2.0
Rust	Check Rust lints	2026-09-24T22:27:16.0448580Z ^[[1m^[[92m  Downloaded^[[0m autocfg v1.5.1
Rust	Check Rust lints	2026-09-24T22:27:16.0468852Z ^[[1m^[[92m  Downloaded^[[0m protoc-bin-vendored-linux-ppcle_64 v3.2.0
Rust	Check Rust lints	2026-09-24T22:27:16.0873812Z ^[[1m^[[92m  Downloaded^[[0m protoc-bin-vendored-linux-s390_64 v3.2.0
Rust	Check Rust lints	2026-09-24T22:27:16.1330717Z ^[[1m^[[92m  Downloaded^[[0m cpufeatures v0.2.17
Rust	Check Rust lints	2026-09-24T22:27:16.1344489Z ^[[1m^[[92m  Downloaded^[[0m fallible-iterator v0.3.0
Rust	Check Rust lints	2026-09-24T22:27:16.1358115Z ^[[1m^[[92m  Downloaded^[[0m io-lifetimes v2.0.4
Rust	Check Rust lints	2026-09-24T22:27:16.1376174Z ^[[1m^[[92m  Downloaded^[[0m num-traits v0.2.19
Rust	Check Rust lints	2026-09-24T22:27:16.1403664Z ^[[1m^[[92m  Downloaded^[[0m once_cell v1.21.4
Rust	Check Rust lints	2026-09-24T22:27:16.1430793Z ^[[1m^[[92m  Downloaded^[[0m bitflags v2.13.2
Rust	Check Rust lints	2026-09-24T22:27:16.1477884Z ^[[1m^[[92m  Downloaded^[[0m getrandom v0.4.3
Rust	Check Rust lints	2026-09-24T22:27:16.1518096Z ^[[1m^[[92m  Downloaded^[[0m hashlink v0.12.2
Rust	Check Rust lints	2026-09-24T22:27:16.1538370Z ^[[1m^[[92m  Downloaded^[[0m matchit v0.8.4
Rust	Check Rust lints	2026-09-24T22:27:16.1561065Z ^[[1m^[[92m  Downloaded^[[0m base64 v0.22.1
Rust	Check Rust lints	2026-09-24T22:27:16.1600202Z ^[[1m^[[92m  Downloaded^[[0m futures-channel v0.3.34
Rust	Check Rust lints	2026-09-24T22:27:16.1621015Z ^[[1m^[[92m  Downloaded^[[0m cap-primitives v4.0.3
Rust	Check Rust lints	2026-09-24T22:27:16.1737696Z ^[[1m^[[92m  Downloaded^[[0m indexmap v2.14.2
Rust	Check Rust lints	2026-09-24T22:27:16.1783543Z ^[[1m^[[92m  Downloaded^[[0m memchr v2.8.3
Rust	Check Rust lints	2026-09-24T22:27:16.1842288Z ^[[1m^[[92m  Downloaded^[[0m base64 v0.23.1
Rust	Check Rust lints	2026-09-24T22:27:16.1883080Z ^[[1m^[[92m  Downloaded^[[0m num-bigint v0.4.8
Rust	Check Rust lints	2026-09-24T22:27:16.1933554Z ^[[1m^[[92m  Downloaded^[[0m mio v1.2.3
Rust	Check Rust lints	2026-09-24T22:27:16.1998533Z ^[[1m^[[92m  Downloaded^[[0m axum v0.8.9
Rust	Check Rust lints	2026-09-24T22:27:16.2084154Z ^[[1m^[[92m  Downloaded^[[0m futures-util v0.3.34
Rust	Check Rust lints	2026-09-24T22:27:16.2229308Z ^[[1m^[[92m  Downloaded^[[0m petgraph v0.8.3
Rust	Check Rust lints	2026-09-24T22:27:16.2453783Z ^[[1m^[[92m  Downloaded^[[0m libc v0.2.189
Rust	Check Rust lints	2026-09-24T22:27:16.2926289Z ^[[1m^[[92m  Downloaded^[[0m ipnet v2.12.2
Rust	Check Rust lints	2026-09-24T22:27:16.2945221Z ^[[1m^[[92m  Downloaded^[[0m libsqlite3-sys v0.38.2
Rust	Check Rust lints	2026-09-24T22:27:16.5086798Z ^[[1m^[[92m   Compiling^[[0m proc-macro2 v1.0.107
Rust	Check Rust lints	2026-09-24T22:27:16.5087598Z ^[[1m^[[92m   Compiling^[[0m unicode-ident v1.0.24
Rust	Check Rust lints	2026-09-24T22:27:16.5088477Z ^[[1m^[[92m   Compiling^[[0m quote v1.0.47
Rust	Check Rust lints	2026-09-24T22:27:16.5089293Z ^[[1m^[[92m   Compiling^[[0m libc v0.2.189
Rust	Check Rust lints	2026-09-24T22:27:16.6115582Z ^[[1m^[[92m   Compiling^[[0m version_check v0.9.5
Rust	Check Rust lints	2026-09-24T22:27:16.7862978Z ^[[1m^[[92m   Compiling^[[0m generic-array v0.14.7
Rust	Check Rust lints	2026-09-24T22:27:16.9176648Z ^[[1m^[[92m    Checking^[[0m itoa v1.0.18
Rust	Check Rust lints	2026-09-24T22:27:16.9355463Z ^[[1m^[[92m    Checking^[[0m cfg-if v1.0.4
Rust	Check Rust lints	2026-09-24T22:27:17.0135568Z ^[[1m^[[92m   Compiling^[[0m serde_core v1.0.229
Rust	Check Rust lints	2026-09-24T22:27:17.0195166Z ^[[1m^[[92m    Checking^[[0m typenum v1.20.1
Rust	Check Rust lints	2026-09-24T22:27:17.2425388Z ^[[1m^[[92m   Compiling^[[0m zmij v1.0.23
Rust	Check Rust lints	2026-09-24T22:27:17.4906673Z ^[[1m^[[92m    Checking^[[0m once_cell v1.21.4
Rust	Check Rust lints	2026-09-24T22:27:17.9425227Z ^[[1m^[[92m   Compiling^[[0m getrandom v0.4.3
Rust	Check Rust lints	2026-09-24T22:27:17.9696016Z ^[[1m^[[92m    Checking^[[0m memchr v2.8.3
Rust	Check Rust lints	2026-09-24T22:27:18.0405448Z ^[[1m^[[92m   Compiling^[[0m syn v3.0.5
Rust	Check Rust lints	2026-09-24T22:27:18.0815482Z ^[[1m^[[92m   Compiling^[[0m syn v2.0.119
Rust	Check Rust lints	2026-09-24T22:27:18.3785790Z ^[[1m^[[92m   Compiling^[[0m serde v1.0.229
Rust	Check Rust lints	2026-09-24T22:27:18.5613445Z ^[[1m^[[92m   Compiling^[[0m serde_json v1.0.151
Rust	Check Rust lints	2026-09-24T22:27:18.6705388Z ^[[1m^[[92m   Compiling^[[0m thiserror v2.0.20
Rust	Check Rust lints	2026-09-24T22:27:19.7395818Z ^[[1m^[[92m   Compiling^[[0m rustix v1.1.4
Rust	Check Rust lints	2026-09-24T22:27:19.8519280Z ^[[1m^[[92m    Checking^[[0m bitflags v2.13.2
Rust	Check Rust lints	2026-09-24T22:27:20.0325488Z ^[[1m^[[92m    Checking^[[0m linux-raw-sys v0.12.1
Rust	Check Rust lints	2026-09-24T22:27:20.3712737Z ^[[1m^[[92m    Checking^[[0m zeroize v1.9.0
Rust	Check Rust lints	2026-09-24T22:27:20.7973456Z ^[[1m^[[92m    Checking^[[0m block-buffer v0.10.4
Rust	Check Rust lints	2026-09-24T22:27:20.8603029Z ^[[1m^[[92m    Checking^[[0m crypto-common v0.1.7
Rust	Check Rust lints	2026-09-24T22:27:21.0057223Z ^[[1m^[[92m    Checking^[[0m digest v0.10.7
Rust	Check Rust lints	2026-09-24T22:27:21.1412884Z ^[[1m^[[92m    Checking^[[0m cpufeatures v0.2.17
Rust	Check Rust lints	2026-09-24T22:27:21.1692789Z ^[[1m^[[92m    Checking^[[0m ryu-js v0.2.2
Rust	Check Rust lints	2026-09-24T22:27:21.2548235Z ^[[1m^[[92m    Checking^[[0m sha2 v0.10.9
Rust	Check Rust lints	2026-09-24T22:27:21.4675544Z ^[[1m^[[92m    Checking^[[0m uuid v1.26.1
Rust	Check Rust lints	2026-09-24T22:27:21.7585560Z ^[[1m^[[92m    Checking^[[0m subtle v2.6.1
Rust	Check Rust lints	2026-09-24T22:27:21.8365568Z ^[[1m^[[92m    Checking^[[0m hybrid-array v0.4.15
Rust	Check Rust lints	2026-09-24T22:27:22.2005597Z ^[[1m^[[92m   Compiling^[[0m serde_derive v1.0.229
Rust	Check Rust lints	2026-09-24T22:27:22.3895408Z ^[[1m^[[92m   Compiling^[[0m thiserror-impl v2.0.20
Rust	Check Rust lints	2026-09-24T22:27:23.1035395Z ^[[1m^[[92m   Compiling^[[0m io-lifetimes v2.0.4
Rust	Check Rust lints	2026-09-24T22:27:23.2615507Z ^[[1m^[[92m   Compiling^[[0m io-lifetimes v3.0.1
Rust	Check Rust lints	2026-09-24T22:27:23.3465730Z ^[[1m^[[92m   Compiling^[[0m semver v1.0.28
Rust	Check Rust lints	2026-09-24T22:27:23.4265538Z ^[[1m^[[92m   Compiling^[[0m io-extras v0.19.0
Rust	Check Rust lints	2026-09-24T22:27:23.5975957Z ^[[1m^[[92m   Compiling^[[0m rustc_version v0.4.1
Rust	Check Rust lints	2026-09-24T22:27:23.6635544Z ^[[1m^[[92m    Checking^[[0m crypto-common v0.2.2
Rust	Check Rust lints	2026-09-24T22:27:23.6909307Z ^[[1m^[[92m    Checking^[[0m block-buffer v0.12.1
Rust	Check Rust lints	2026-09-24T22:27:23.7755616Z ^[[1m^[[92m    Checking^[[0m bytes v1.12.1
Rust	Check Rust lints	2026-09-24T22:27:23.8155368Z ^[[1m^[[92m   Compiling^[[0m cap-primitives v4.0.3
Rust	Check Rust lints	2026-09-24T22:27:24.0925906Z ^[[1m^[[92m   Compiling^[[0m curve25519-dalek v5.0.0
Rust	Check Rust lints	2026-09-24T22:27:24.2436010Z ^[[1m^[[92m    Checking^[[0m fs-set-times v0.20.3
Rust	Check Rust lints	2026-09-24T22:27:24.2945995Z ^[[1m^[[92m    Checking^[[0m digest v0.11.3
Rust	Check Rust lints	2026-09-24T22:27:24.3005235Z ^[[1m^[[92m    Checking^[[0m rustix-linux-procfs v0.1.1
Rust	Check Rust lints	2026-09-24T22:27:24.3440831Z ^[[1m^[[92m    Checking^[[0m ipnet v2.12.2
Rust	Check Rust lints	2026-09-24T22:27:24.3845380Z ^[[1m^[[92m   Compiling^[[0m cap-std v4.0.3
Rust	Check Rust lints	2026-09-24T22:27:24.3891083Z ^[[1m^[[92m    Checking^[[0m ambient-authority v0.0.2
Rust	Check Rust lints	2026-09-24T22:27:24.4245483Z ^[[1m^[[92m    Checking^[[0m cpufeatures v0.3.1
Rust	Check Rust lints	2026-09-24T22:27:24.4525313Z ^[[1m^[[92m    Checking^[[0m maybe-owned v0.3.4
Rust	Check Rust lints	2026-09-24T22:27:24.5611653Z ^[[1m^[[92m   Compiling^[[0m curve25519-dalek-derive v0.1.1
Rust	Check Rust lints	2026-09-24T22:27:24.6325635Z ^[[1m^[[92m    Checking^[[0m signature v3.0.0
Rust	Check Rust lints	2026-09-24T22:27:24.6815470Z ^[[1m^[[92m    Checking^[[0m fastrand v2.5.0
Rust	Check Rust lints	2026-09-24T22:27:24.8045650Z ^[[1m^[[92m   Compiling^[[0m cap-fs-ext v4.0.3
Rust	Check Rust lints	2026-09-24T22:27:25.0086729Z ^[[1m^[[92m    Checking^[[0m tempfile v3.27.0
Rust	Check Rust lints	2026-09-24T22:27:25.1075616Z ^[[1m^[[92m    Checking^[[0m ed25519 v3.0.0
Rust	Check Rust lints	2026-09-24T22:27:25.1633487Z ^[[1m^[[92m    Checking^[[0m sha2 v0.11.0
Rust	Check Rust lints	2026-09-24T22:27:25.1771199Z ^[[1m^[[92m   Compiling^[[0m find-msvc-tools v0.1.12
Rust	Check Rust lints	2026-09-24T22:27:25.3555957Z ^[[1m^[[92m    Checking^[[0m pin-project-lite v0.2.17
Rust	Check Rust lints	2026-09-24T22:27:25.3895843Z ^[[1m^[[92m   Compiling^[[0m shlex v2.0.1
Rust	Check Rust lints	2026-09-24T22:27:25.5136269Z ^[[1m^[[92m   Compiling^[[0m cc v1.4.5
Rust	Check Rust lints	2026-09-24T22:27:25.8074353Z ^[[1m^[[92m    Checking^[[0m ed25519-dalek v3.0.0
Rust	Check Rust lints	2026-09-24T22:27:25.9085417Z ^[[1m^[[92m    Checking^[[0m errno v0.3.14
Rust	Check Rust lints	2026-09-24T22:27:25.9235431Z ^[[1m^[[92m    Checking^[[0m serde_jcs v0.2.0
Rust	Check Rust lints	2026-09-24T22:27:25.9695462Z ^[[1m^[[92m    Checking^[[0m foldhash v0.2.0
Rust	Check Rust lints	2026-09-24T22:27:26.0125592Z ^[[1m^[[92m    Checking^[[0m signal-hook-registry v1.4.8
Rust	Check Rust lints	2026-09-24T22:27:26.0206028Z ^[[1m^[[92m    Checking^[[0m rx-domain v0.1.0 (/home/runner/work/rx-solutions/rx-solutions/sdk/crates/rx-domain)
Rust	Check Rust lints	2026-09-24T22:27:26.0435906Z ^[[1m^[[92m    Checking^[[0m hashbrown v0.17.1
Rust	Check Rust lints	2026-09-24T22:27:26.1185742Z ^[[1m^[[92m   Compiling^[[0m tokio-macros v2.7.2
Rust	Check Rust lints	2026-09-24T22:27:26.5555922Z ^[[1m^[[92m    Checking^[[0m mio v1.2.3
Rust	Check Rust lints	2026-09-24T22:27:26.6445320Z ^[[1m^[[92m    Checking^[[0m socket2 v0.6.5
Rust	Check Rust lints	2026-09-24T22:27:26.8285490Z ^[[1m^[[92m    Checking^[[0m smallvec v1.16.0
Rust	Check Rust lints	2026-09-24T22:27:26.9175052Z ^[[1m^[[92m    Checking^[[0m tokio v1.53.1
Rust	Check Rust lints	2026-09-24T22:27:26.9735864Z ^[[1m^[[92m   Compiling^[[0m vcpkg v0.2.15
Rust	Check Rust lints	2026-09-24T22:27:27.0355855Z ^[[1m^[[92m   Compiling^[[0m pkg-config v0.3.34
Rust	Check Rust lints	2026-09-24T22:27:27.5295560Z ^[[1m^[[92m    Checking^[[0m hashlink v0.12.2
Rust	Check Rust lints	2026-09-24T22:27:27.5975839Z ^[[1m^[[92m   Compiling^[[0m libsqlite3-sys v0.38.2
Rust	Check Rust lints	2026-09-24T22:27:27.7725361Z ^[[1m^[[92m    Checking^[[0m fallible-iterator v0.3.0
Rust	Check Rust lints	2026-09-24T22:27:27.8245911Z ^[[1m^[[92m    Checking^[[0m rx-ports v0.1.0 (/home/runner/work/rx-solutions/rx-solutions/sdk/crates/rx-ports)
Rust	Check Rust lints	2026-09-24T22:27:27.9649793Z ^[[1m^[[92m    Checking^[[0m fallible-streaming-iterator v0.1.9
Rust	Check Rust lints	2026-09-24T22:27:28.0171130Z ^[[1m^[[92m    Checking^[[0m futures-core v0.3.34
Rust	Check Rust lints	2026-09-24T22:27:28.0396081Z ^[[1m^[[92m    Checking^[[0m rx-package v0.1.0 (/home/runner/work/rx-solutions/rx-solutions/sdk/crates/rx-package)
Rust	Check Rust lints	2026-09-24T22:27:28.0716349Z ^[[1m^[[92m    Checking^[[0m rx-service-status v0.1.0 (/home/runner/work/rx-solutions/rx-solutions/runtime/rx-service-status)
Rust	Check Rust lints	2026-09-24T22:27:28.4871484Z ^[[1m^[[92m   Compiling^[[0m anyhow v1.0.104
Rust	Check Rust lints	2026-09-24T22:27:28.7212092Z ^[[1m^[[92m   Compiling^[[0m either v1.18.0
Rust	Check Rust lints	2026-09-24T22:27:28.8999244Z ^[[1m^[[92m   Compiling^[[0m itertools v0.14.0
Rust	Check Rust lints	2026-09-24T22:27:29.4967464Z ^[[1m^[[92m    Checking^[[0m rx-process-contract v0.1.0 (/home/runner/work/rx-solutions/rx-solutions/sdk/crates/rx-process-contract)
Rust	Check Rust lints	2026-09-24T22:27:30.3355924Z ^[[1m^[[92m   Compiling^[[0m prost-derive v0.14.4
Rust	Check Rust lints	2026-09-24T22:27:30.4325446Z ^[[1m^[[92m    Checking^[[0m http v1.5.0
Rust	Check Rust lints	2026-09-24T22:27:31.0267476Z ^[[1m^[[92m   Compiling^[[0m ring v0.17.14
Rust	Check Rust lints	2026-09-24T22:27:31.3379906Z ^[[1m^[[92m   Compiling^[[0m tracing-attributes v0.1.31
Rust	Check Rust lints	2026-09-24T22:27:31.8407330Z ^[[1m^[[92m    Checking^[[0m tracing-core v0.1.36
Rust	Check Rust lints	2026-09-24T22:27:31.8465586Z ^[[1m^[[92m    Checking^[[0m slab v0.4.12
Rust	Check Rust lints	2026-09-24T22:27:32.4305738Z ^[[1m^[[92m    Checking^[[0m equivalent v1.0.2
Rust	Check Rust lints	2026-09-24T22:27:32.4565496Z ^[[1m^[[92m    Checking^[[0m futures-sink v0.3.34
Rust	Check Rust lints	2026-09-24T22:27:32.5045849Z ^[[1m^[[92m    Checking^[[0m tokio-util v0.7.19
Rust	Check Rust lints	2026-09-24T22:27:32.7575921Z ^[[1m^[[92m    Checking^[[0m indexmap v2.14.2
Rust	Check Rust lints	2026-09-24T22:27:32.9365662Z ^[[1m^[[92m    Checking^[[0m tracing v0.1.44
Rust	Check Rust lints	2026-09-24T22:27:33.2995423Z ^[[1m^[[92m    Checking^[[0m http-body v1.1.0
Rust	Check Rust lints	2026-09-24T22:27:33.4985433Z ^[[1m^[[92m    Checking^[[0m getrandom v0.2.17
Rust	Check Rust lints	2026-09-24T22:27:33.5786174Z ^[[1m^[[92m    Checking^[[0m untrusted v0.9.0
Rust	Check Rust lints	2026-09-24T22:27:33.6255502Z ^[[1m^[[92m    Checking^[[0m futures-task v0.3.34
Rust	Check Rust lints	2026-09-24T22:27:33.6935989Z ^[[1m^[[92m   Compiling^[[0m httparse v1.10.1
Rust	Check Rust lints	2026-09-24T22:27:33.8995834Z ^[[1m^[[92m   Compiling^[[0m prettyplease v0.2.37
Rust	Check Rust lints	2026-09-24T22:27:33.9823501Z ^[[1m^[[92m   Compiling^[[0m pulldown-cmark v0.13.4
Rust	Check Rust lints	2026-09-24T22:27:34.0053678Z ^[[1m^[[92m    Checking^[[0m tower-service v0.3.3
Rust	Check Rust lints	2026-09-24T22:27:34.1012931Z ^[[1m^[[92m    Checking^[[0m futures-util v0.3.34
Rust	Check Rust lints	2026-09-24T22:27:34.9734470Z ^[[1m^[[92m    Checking^[[0m rustls-pki-types v1.15.1
Rust	Check Rust lints	2026-09-24T22:27:35.5665795Z ^[[1m^[[92m    Checking^[[0m fnv v1.0.7
Rust	Check Rust lints	2026-09-24T22:27:35.5765718Z ^[[1m^[[92m   Compiling^[[0m foldhash v0.1.5
Rust	Check Rust lints	2026-09-24T22:27:35.6755922Z ^[[1m^[[92m    Checking^[[0m atomic-waker v1.1.2
Rust	Check Rust lints	2026-09-24T22:27:35.8035362Z ^[[1m^[[92m   Compiling^[[0m regex-syntax v0.8.11
Rust	Check Rust lints	2026-09-24T22:27:36.0592202Z ^[[1m^[[92m   Compiling^[[0m unicase v2.9.0
Rust	Check Rust lints	2026-09-24T22:27:36.1445689Z ^[[1m^[[92m    Checking^[[0m try-lock v0.2.5
Rust	Check Rust lints	2026-09-24T22:27:36.5312876Z ^[[1m^[[92m   Compiling^[[0m prost v0.14.4
Rust	Check Rust lints	2026-09-24T22:27:36.7675834Z ^[[1m^[[92m    Checking^[[0m want v0.3.1
Rust	Check Rust lints	2026-09-24T22:27:37.7775336Z ^[[1m^[[92m   Compiling^[[0m regex-automata v0.4.18
Rust	Check Rust lints	2026-09-24T22:27:38.4875338Z ^[[1m^[[92m    Checking^[[0m h2 v0.4.19
Rust	Check Rust lints	2026-09-24T22:27:39.3945163Z ^[[1m^[[92m   Compiling^[[0m hashbrown v0.15.5
Rust	Check Rust lints	2026-09-24T22:27:41.6208642Z ^[[1m^[[92m    Checking^[[0m futures-channel v0.3.34
Rust	Check Rust lints	2026-09-24T22:27:41.8179924Z ^[[1m^[[92m    Checking^[[0m httpdate v1.0.3
Rust	Check Rust lints	2026-09-24T22:27:41.9835462Z ^[[1m^[[92m    Checking^[[0m tower-layer v0.3.3
Rust	Check Rust lints	2026-09-24T22:27:41.9933790Z ^[[1m^[[92m    Checking^[[0m sync_wrapper v1.0.2
Rust	Check Rust lints	2026-09-24T22:27:42.0185472Z ^[[1m^[[92m   Compiling^[[0m rustls v0.23.44
Rust	Check Rust lints	2026-09-24T22:27:42.0719240Z ^[[1m^[[92m   Compiling^[[0m fixedbitset v0.5.7
Rust	Check Rust lints	2026-09-24T22:27:42.2253281Z ^[[1m^[[92m   Compiling^[[0m petgraph v0.8.3
Rust	Check Rust lints	2026-09-24T22:27:43.0505101Z ^[[1m^[[92m    Checking^[[0m hyper v1.11.1
Rust	Check Rust lints	2026-09-24T22:27:43.4419624Z ^[[1m^[[92m   Compiling^[[0m regex v1.13.1
Rust	Check Rust lints	2026-09-24T22:27:43.6875937Z ^[[1m^[[92m   Compiling^[[0m pulldown-cmark-to-cmark v22.0.1
Rust	Check Rust lints	2026-09-24T22:27:43.7221217Z ^[[1m^[[92m   Compiling^[[0m prost-types v0.14.4
Rust	Check Rust lints	2026-09-24T22:27:43.8543929Z ^[[1m^[[92m    Checking^[[0m http-body-util v0.1.5
Rust	Check Rust lints	2026-09-24T22:27:43.9768879Z ^[[1m^[[92m    Checking^[[0m rx-solution-catalog v0.1.0 (/home/runner/work/rx-solutions/rx-solutions/runtime/rx-solution-catalog)
Rust	Check Rust lints	2026-09-24T22:27:44.2179995Z ^[[1m^[[92m   Compiling^[[0m heck v0.5.0
Rust	Check Rust lints	2026-09-24T22:27:44.3128753Z ^[[1m^[[92m    Checking^[[0m log v0.4.34
Rust	Check Rust lints	2026-09-24T22:27:44.3754826Z ^[[1m^[[92m   Compiling^[[0m multimap v0.10.1
Rust	Check Rust lints	2026-09-24T22:27:44.5039199Z ^[[1m^[[92m    Checking^[[0m mime v0.3.17
Rust	Check Rust lints	2026-09-24T22:27:44.5256426Z ^[[1m^[[92m   Compiling^[[0m prost-build v0.14.4
Rust	Check Rust lints	2026-09-24T22:27:44.5868011Z ^[[1m^[[92m    Checking^[[0m axum-core v0.5.6
Rust	Check Rust lints	2026-09-24T22:27:45.4163801Z ^[[1m^[[92m    Checking^[[0m hyper-util v0.1.20
Rust	Check Rust lints	2026-09-24T22:27:45.4541927Z ^[[1m^[[92m    Checking^[[0m tower v0.5.3
Rust	Check Rust lints	2026-09-24T22:27:45.9140804Z ^[[1m^[[92m   Compiling^[[0m tonic-build v0.14.6
Rust	Check Rust lints	2026-09-24T22:27:46.3207121Z ^[[1m^[[92m   Compiling^[[0m pin-project-internal v1.1.13
Rust	Check Rust lints	2026-09-24T22:27:46.4017830Z ^[[1m^[[92m   Compiling^[[0m protoc-bin-vendored-linux-x86_64 v3.2.0
Rust	Check Rust lints	2026-09-24T22:27:46.4348887Z ^[[1m^[[92m   Compiling^[[0m protoc-bin-vendored-linux-aarch_64 v3.2.0
Rust	Check Rust lints	2026-09-24T22:27:46.4684446Z ^[[1m^[[92m   Compiling^[[0m protoc-bin-vendored-linux-s390_64 v3.2.0
Rust	Check Rust lints	2026-09-24T22:27:46.5024585Z ^[[1m^[[92m   Compiling^[[0m protoc-bin-vendored-linux-ppcle_64 v3.2.0
Rust	Check Rust lints	2026-09-24T22:27:46.5355329Z ^[[1m^[[92m   Compiling^[[0m protoc-bin-vendored-macos-aarch_64 v3.2.0
Rust	Check Rust lints	2026-09-24T22:27:46.5676193Z ^[[1m^[[92m    Checking^[[0m matchit v0.8.4
Rust	Check Rust lints	2026-09-24T22:27:46.6746427Z ^[[1m^[[92m   Compiling^[[0m protoc-bin-vendored-macos-x86_64 v3.2.0
Rust	Check Rust lints	2026-09-24T22:27:46.7081666Z ^[[1m^[[92m    Checking^[[0m percent-encoding v2.3.2
Rust	Check Rust lints	2026-09-24T22:27:46.7606375Z ^[[1m^[[92m   Compiling^[[0m protoc-bin-vendored-win32 v3.2.0
Rust	Check Rust lints	2026-09-24T22:27:46.7945715Z ^[[1m^[[92m   Compiling^[[0m protoc-bin-vendored-linux-x86_32 v3.2.0
Rust	Check Rust lints	2026-09-24T22:27:46.8277665Z ^[[1m^[[92m   Compiling^[[0m protoc-bin-vendored v3.2.0
Rust	Check Rust lints	2026-09-24T22:27:46.8678176Z ^[[1m^[[92m    Checking^[[0m axum v0.8.9
Rust	Check Rust lints	2026-09-24T22:27:46.9722429Z ^[[1m^[[92m    Checking^[[0m pin-project v1.1.13
Rust	Check Rust lints	2026-09-24T22:27:46.9965536Z ^[[1m^[[92m   Compiling^[[0m tonic-prost-build v0.14.6
Rust	Check Rust lints	2026-09-24T22:27:47.3319867Z ^[[1m^[[92m    Checking^[[0m hyper-timeout v0.5.2
Rust	Check Rust lints	2026-09-24T22:27:47.4199445Z ^[[1m^[[92m    Checking^[[0m tokio-stream v0.1.19
Rust	Check Rust lints	2026-09-24T22:27:47.6561879Z ^[[1m^[[92m   Compiling^[[0m async-trait v0.1.92
Rust	Check Rust lints	2026-09-24T22:27:48.1670658Z ^[[1m^[[92m    Checking^[[0m base64 v0.22.1
Rust	Check Rust lints	2026-09-24T22:27:48.2971177Z ^[[1m^[[92m   Compiling^[[0m rx-protocol v0.1.0 (/home/runner/work/rx-solutions/rx-solutions/sdk/crates/rx-protocol)
Rust	Check Rust lints	2026-09-24T22:27:49.4451805Z ^[[1m^[[92m    Checking^[[0m prost-reflect v0.16.5
Rust	Check Rust lints	2026-09-24T22:27:49.4855789Z ^[[1m^[[92m    Checking^[[0m rx-process v0.1.0 (/home/runner/work/rx-solutions/rx-solutions/runtime/rx-process)
Rust	Check Rust lints	2026-09-24T22:27:49.5858461Z ^[[1m^[[92m   Compiling^[[0m rx-host v0.1.0 (/home/runner/work/rx-solutions/rx-solutions/runtime/rx-host)
Rust	Check Rust lints	2026-09-24T22:27:50.0608023Z ^[[1m^[[92m    Checking^[[0m rx-melsec-mc v0.1.0 (/home/runner/work/rx-solutions/rx-solutions/drivers/rx-melsec-mc)
Rust	Check Rust lints	2026-09-24T22:27:50.3045471Z ^[[1m^[[92m    Checking^[[0m time-core v0.1.9
Rust	Check Rust lints	2026-09-24T22:27:50.3123412Z ^[[1m^[[92m    Checking^[[0m powerfmt v0.2.0
Rust	Check Rust lints	2026-09-24T22:27:50.3748539Z ^[[1m^[[92m    Checking^[[0m deranged v0.5.8
Rust	Check Rust lints	2026-09-24T22:27:50.3939999Z ^[[1m^[[92m    Checking^[[0m num-conv v0.2.2
Rust	Check Rust lints	2026-09-24T22:27:50.4679233Z ^[[1m^[[92m    Checking^[[0m base64 v0.23.1
Rust	Check Rust lints	2026-09-24T22:27:50.6185406Z ^[[1m^[[92m    Checking^[[0m pem v4.0.0
Rust	Check Rust lints	2026-09-24T22:27:50.6816090Z ^[[1m^[[92m    Checking^[[0m rx-process-package v0.1.0 (/home/runner/work/rx-solutions/rx-solutions/runtime/rx-process-package)
Rust	Check Rust lints	2026-09-24T22:27:51.1105813Z ^[[1m^[[92m    Checking^[[0m time v0.3.55
Rust	Check Rust lints	2026-09-24T22:27:51.2210693Z ^[[1m^[[92m    Checking^[[0m rusqlite v0.40.2
Rust	Check Rust lints	2026-09-24T22:27:51.7095900Z ^[[1m^[[92m    Checking^[[0m yasna v0.6.0
Rust	Check Rust lints	2026-09-24T22:27:51.9415836Z ^[[1m^[[92m    Checking^[[0m rx-storage v0.1.0 (/home/runner/work/rx-solutions/rx-solutions/sdk/crates/rx-storage)
Rust	Check Rust lints	2026-09-24T22:27:52.1725744Z ^[[1m^[[92m    Checking^[[0m rx-supervisor v0.1.0 (/home/runner/work/rx-solutions/rx-solutions/runtime/rx-supervisor)
Rust	Check Rust lints	2026-09-24T22:27:52.4275455Z ^[[1m^[[92m    Checking^[[0m rustls-webpki v0.103.15
Rust	Check Rust lints	2026-09-24T22:27:52.7335295Z ^[[1m^[[92m    Checking^[[0m rcgen v0.14.10
Rust	Check Rust lints	2026-09-24T22:27:54.9594459Z ^[[1m^[[92m    Checking^[[0m tokio-rustls v0.26.5
Rust	Check Rust lints	2026-09-24T22:27:55.0735627Z ^[[1m^[[92m    Checking^[[0m tonic v0.14.6
Rust	Check Rust lints	2026-09-24T22:27:56.0445383Z ^[[1m^[[92m    Checking^[[0m tonic-prost v0.14.6
Rust	Check Rust lints	2026-09-24T22:27:59.8944632Z ^[[1m^[[92m    Checking^[[0m rx-executor v0.1.0 (/home/runner/work/rx-solutions/rx-solutions/runtime/rx-executor)
Rust	Check Rust lints	2026-09-24T22:28:05.5333653Z ^[[1m^[[92m    Checking^[[0m rx-device-package v0.1.0 (/home/runner/work/rx-solutions/rx-solutions/runtime/rx-device-package)
Rust	Check Rust lints	2026-09-24T22:28:07.5557691Z ^[[1m^[[92m    Finished^[[0m `dev` profile [unoptimized + debuginfo] target(s) in 52.92s
Rust	Test Rust workspace	﻿2026-09-24T22:28:07.6468090Z ##[group]Run cargo test --workspace --all-features --locked
Rust	Test Rust workspace	2026-09-24T22:28:07.6468566Z ^[[36;1mcargo test --workspace --all-features --locked^[[0m
Rust	Test Rust workspace	2026-09-24T22:28:07.6532100Z shell: /usr/bin/bash --noprofile --norc -e -o pipefail {0}
Rust	Test Rust workspace	2026-09-24T22:28:07.6532468Z env:
Rust	Test Rust workspace	2026-09-24T22:28:07.6532666Z   CARGO_TERM_COLOR: always
Rust	Test Rust workspace	2026-09-24T22:28:07.6532900Z   RUST_BACKTRACE: 1
Rust	Test Rust workspace	2026-09-24T22:28:07.6533101Z ##[endgroup]
Rust	Test Rust workspace	2026-09-24T22:28:07.9200057Z ^[[1m^[[92m   Compiling^[[0m cfg-if v1.0.4
Rust	Test Rust workspace	2026-09-24T22:28:07.9202849Z ^[[1m^[[92m   Compiling^[[0m libc v0.2.189
Rust	Test Rust workspace	2026-09-24T22:28:07.9203694Z ^[[1m^[[92m   Compiling^[[0m itoa v1.0.18
Rust	Test Rust workspace	2026-09-24T22:28:07.9261631Z ^[[1m^[[92m   Compiling^[[0m memchr v2.8.3
Rust	Test Rust workspace	2026-09-24T22:28:07.9586386Z ^[[1m^[[92m   Compiling^[[0m bitflags v2.13.2
Rust	Test Rust workspace	2026-09-24T22:28:08.0695479Z ^[[1m^[[92m   Compiling^[[0m serde_core v1.0.229
Rust	Test Rust workspace	2026-09-24T22:28:08.1735612Z ^[[1m^[[92m   Compiling^[[0m typenum v1.20.1
Rust	Test Rust workspace	2026-09-24T22:28:08.8530833Z ^[[1m^[[92m   Compiling^[[0m once_cell v1.21.4
Rust	Test Rust workspace	2026-09-24T22:28:08.9615549Z ^[[1m^[[92m   Compiling^[[0m zmij v1.0.23
Rust	Test Rust workspace	2026-09-24T22:28:09.0315855Z ^[[1m^[[92m   Compiling^[[0m cpufeatures v0.2.17
Rust	Test Rust workspace	2026-09-24T22:28:09.0591893Z ^[[1m^[[92m   Compiling^[[0m thiserror v2.0.20
Rust	Test Rust workspace	2026-09-24T22:28:09.1097402Z ^[[1m^[[92m   Compiling^[[0m linux-raw-sys v0.12.1
Rust	Test Rust workspace	2026-09-24T22:28:09.1561537Z ^[[1m^[[92m   Compiling^[[0m generic-array v0.14.7
Rust	Test Rust workspace	2026-09-24T22:28:09.2785669Z ^[[1m^[[92m   Compiling^[[0m getrandom v0.4.3
Rust	Test Rust workspace	2026-09-24T22:28:09.4015281Z ^[[1m^[[92m   Compiling^[[0m zeroize v1.9.0
Rust	Test Rust workspace	2026-09-24T22:28:09.4846004Z ^[[1m^[[92m   Compiling^[[0m rustix v1.1.4
Rust	Test Rust workspace	2026-09-24T22:28:09.5325493Z ^[[1m^[[92m   Compiling^[[0m fastrand v2.5.0
Rust	Test Rust workspace	2026-09-24T22:28:09.7115289Z ^[[1m^[[92m   Compiling^[[0m ryu-js v0.2.2
Rust	Test Rust workspace	2026-09-24T22:28:09.7475505Z ^[[1m^[[92m   Compiling^[[0m crypto-common v0.1.7
Rust	Test Rust workspace	2026-09-24T22:28:09.8035502Z ^[[1m^[[92m   Compiling^[[0m block-buffer v0.10.4
Rust	Test Rust workspace	2026-09-24T22:28:09.8435561Z ^[[1m^[[92m   Compiling^[[0m subtle v2.6.1
Rust	Test Rust workspace	2026-09-24T22:28:09.8705433Z ^[[1m^[[92m   Compiling^[[0m digest v0.10.7
Rust	Test Rust workspace	2026-09-24T22:28:09.9318024Z ^[[1m^[[92m   Compiling^[[0m hybrid-array v0.4.15
Rust	Test Rust workspace	2026-09-24T22:28:10.0055779Z ^[[1m^[[92m   Compiling^[[0m sha2 v0.10.9
Rust	Test Rust workspace	2026-09-24T22:28:10.3856025Z ^[[1m^[[92m   Compiling^[[0m io-lifetimes v2.0.4
Rust	Test Rust workspace	2026-09-24T22:28:10.4515920Z ^[[1m^[[92m   Compiling^[[0m io-lifetimes v3.0.1
Rust	Test Rust workspace	2026-09-24T22:28:10.4766935Z ^[[1m^[[92m   Compiling^[[0m crypto-common v0.2.2
Rust	Test Rust workspace	2026-09-24T22:28:10.5135364Z ^[[1m^[[92m   Compiling^[[0m serde v1.0.229
Rust	Test Rust workspace	2026-09-24T22:28:10.5895409Z ^[[1m^[[92m   Compiling^[[0m serde_json v1.0.151
Rust	Test Rust workspace	2026-09-24T22:28:11.1186030Z ^[[1m^[[92m   Compiling^[[0m uuid v1.26.1
Rust	Test Rust workspace	2026-09-24T22:28:11.6205503Z ^[[1m^[[92m   Compiling^[[0m serde_jcs v0.2.0
Rust	Test Rust workspace	2026-09-24T22:28:11.6873576Z ^[[1m^[[92m   Compiling^[[0m block-buffer v0.12.1
Rust	Test Rust workspace	2026-09-24T22:28:11.7966253Z ^[[1m^[[92m   Compiling^[[0m rx-domain v0.1.0 (/home/runner/work/rx-solutions/rx-solutions/sdk/crates/rx-domain)
Rust	Test Rust workspace	2026-09-24T22:28:11.8015349Z ^[[1m^[[92m   Compiling^[[0m digest v0.11.3
Rust	Test Rust workspace	2026-09-24T22:28:11.9025950Z ^[[1m^[[92m   Compiling^[[0m io-extras v0.19.0
Rust	Test Rust workspace	2026-09-24T22:28:12.0005782Z ^[[1m^[[92m   Compiling^[[0m cpufeatures v0.3.1
Rust	Test Rust workspace	2026-09-24T22:28:12.0365485Z ^[[1m^[[92m   Compiling^[[0m maybe-owned v0.3.4
Rust	Test Rust workspace	2026-09-24T22:28:12.1935789Z ^[[1m^[[92m   Compiling^[[0m ipnet v2.12.2
Rust	Test Rust workspace	2026-09-24T22:28:12.2715358Z ^[[1m^[[92m   Compiling^[[0m ambient-authority v0.0.2
Rust	Test Rust workspace	2026-09-24T22:28:12.3076048Z ^[[1m^[[92m   Compiling^[[0m signature v3.0.0
Rust	Test Rust workspace	2026-09-24T22:28:12.3645647Z ^[[1m^[[92m   Compiling^[[0m ed25519 v3.0.0
Rust	Test Rust workspace	2026-09-24T22:28:12.4826376Z ^[[1m^[[92m   Compiling^[[0m curve25519-dalek v5.0.0
Rust	Test Rust workspace	2026-09-24T22:28:12.7536935Z ^[[1m^[[92m   Compiling^[[0m fs-set-times v0.20.3
Rust	Test Rust workspace	2026-09-24T22:28:12.8765489Z ^[[1m^[[92m   Compiling^[[0m rustix-linux-procfs v0.1.1
Rust	Test Rust workspace	2026-09-24T22:28:13.0846068Z ^[[1m^[[92m   Compiling^[[0m cap-primitives v4.0.3
Rust	Test Rust workspace	2026-09-24T22:28:13.7295686Z ^[[1m^[[92m   Compiling^[[0m tempfile v3.27.0
Rust	Test Rust workspace	2026-09-24T22:28:13.8145638Z ^[[1m^[[92m   Compiling^[[0m cap-std v4.0.3
Rust	Test Rust workspace	2026-09-24T22:28:13.9146376Z ^[[1m^[[92m   Compiling^[[0m sha2 v0.11.0
Rust	Test Rust workspace	2026-09-24T22:28:14.0665306Z ^[[1m^[[92m   Compiling^[[0m bytes v1.12.1
Rust	Test Rust workspace	2026-09-24T22:28:14.1436282Z ^[[1m^[[92m   Compiling^[[0m rx-ports v0.1.0 (/home/runner/work/rx-solutions/rx-solutions/sdk/crates/rx-ports)
Rust	Test Rust workspace	2026-09-24T22:28:14.4395902Z ^[[1m^[[92m   Compiling^[[0m cap-fs-ext v4.0.3
Rust	Test Rust workspace	2026-09-24T22:28:14.5045486Z ^[[1m^[[92m   Compiling^[[0m semver v1.0.28
Rust	Test Rust workspace	2026-09-24T22:28:14.7025651Z ^[[1m^[[92m   Compiling^[[0m pin-project-lite v0.2.17
Rust	Test Rust workspace	2026-09-24T22:28:14.7399342Z ^[[1m^[[92m   Compiling^[[0m ed25519-dalek v3.0.0
Rust	Test Rust workspace	2026-09-24T22:28:14.7955903Z ^[[1m^[[92m   Compiling^[[0m errno v0.3.14
Rust	Test Rust workspace	2026-09-24T22:28:14.8856305Z ^[[1m^[[92m   Compiling^[[0m rx-package v0.1.0 (/home/runner/work/rx-solutions/rx-solutions/sdk/crates/rx-package)
Rust	Test Rust workspace	2026-09-24T22:28:14.9295738Z ^[[1m^[[92m   Compiling^[[0m foldhash v0.2.0
Rust	Test Rust workspace	2026-09-24T22:28:15.0233678Z ^[[1m^[[92m   Compiling^[[0m hashbrown v0.17.1
Rust	Test Rust workspace	2026-09-24T22:28:15.0315440Z ^[[1m^[[92m   Compiling^[[0m signal-hook-registry v1.4.8
Rust	Test Rust workspace	2026-09-24T22:28:15.2765634Z ^[[1m^[[92m   Compiling^[[0m socket2 v0.6.5
Rust	Test Rust workspace	2026-09-24T22:28:15.6195465Z ^[[1m^[[92m   Compiling^[[0m mio v1.2.3
Rust	Test Rust workspace	2026-09-24T22:28:15.8105555Z ^[[1m^[[92m   Compiling^[[0m smallvec v1.16.0
Rust	Test Rust workspace	2026-09-24T22:28:15.9765432Z ^[[1m^[[92m   Compiling^[[0m tokio v1.53.1
Rust	Test Rust workspace	2026-09-24T22:28:16.0165436Z ^[[1m^[[92m   Compiling^[[0m libsqlite3-sys v0.38.2
Rust	Test Rust workspace	2026-09-24T22:28:16.1465504Z ^[[1m^[[92m   Compiling^[[0m hashlink v0.12.2
Rust	Test Rust workspace	2026-09-24T22:28:16.1835792Z ^[[1m^[[92m   Compiling^[[0m fallible-iterator v0.3.0
Rust	Test Rust workspace	2026-09-24T22:28:16.4066149Z ^[[1m^[[92m   Compiling^[[0m fallible-streaming-iterator v0.1.9
Rust	Test Rust workspace	2026-09-24T22:28:16.4796443Z ^[[1m^[[92m   Compiling^[[0m rx-service-status v0.1.0 (/home/runner/work/rx-solutions/rx-solutions/runtime/rx-service-status)
Rust	Test Rust workspace	2026-09-24T22:28:16.4892042Z ^[[1m^[[92m   Compiling^[[0m rusqlite v0.40.2
Rust	Test Rust workspace	2026-09-24T22:28:17.9893705Z ^[[1m^[[92m   Compiling^[[0m rx-storage v0.1.0 (/home/runner/work/rx-solutions/rx-solutions/sdk/crates/rx-storage)
Rust	Test Rust workspace	2026-09-24T22:28:18.0985938Z ^[[1m^[[92m   Compiling^[[0m equivalent v1.0.2
Rust	Test Rust workspace	2026-09-24T22:28:18.1345641Z ^[[1m^[[92m   Compiling^[[0m futures-core v0.3.34
Rust	Test Rust workspace	2026-09-24T22:28:18.2226132Z ^[[1m^[[92m   Compiling^[[0m rx-process-contract v0.1.0 (/home/runner/work/rx-solutions/rx-solutions/sdk/crates/rx-process-contract)
Rust	Test Rust workspace	2026-09-24T22:28:19.5425395Z ^[[1m^[[92m   Compiling^[[0m http v1.5.0
Rust	Test Rust workspace	2026-09-24T22:28:20.6655818Z ^[[1m^[[92m   Compiling^[[0m tracing-core v0.1.36
Rust	Test Rust workspace	2026-09-24T22:28:21.2581523Z ^[[1m^[[92m   Compiling^[[0m slab v0.4.12
Rust	Test Rust workspace	2026-09-24T22:28:21.3946891Z ^[[1m^[[92m   Compiling^[[0m futures-sink v0.3.34
Rust	Test Rust workspace	2026-09-24T22:28:21.7795505Z ^[[1m^[[92m   Compiling^[[0m tokio-util v0.7.19
Rust	Test Rust workspace	2026-09-24T22:28:22.0396013Z ^[[1m^[[92m   Compiling^[[0m tracing v0.1.44
Rust	Test Rust workspace	2026-09-24T22:28:22.2265908Z ^[[1m^[[92m   Compiling^[[0m http-body v1.1.0
Rust	Test Rust workspace	2026-09-24T22:28:22.3222622Z ^[[1m^[[92m   Compiling^[[0m indexmap v2.14.2
Rust	Test Rust workspace	2026-09-24T22:28:22.4865400Z ^[[1m^[[92m   Compiling^[[0m log v0.4.34
Rust	Test Rust workspace	2026-09-24T22:28:22.6175834Z ^[[1m^[[92m   Compiling^[[0m getrandom v0.2.17
Rust	Test Rust workspace	2026-09-24T22:28:22.7475697Z ^[[1m^[[92m   Compiling^[[0m futures-task v0.3.34
Rust	Test Rust workspace	2026-09-24T22:28:22.8485623Z ^[[1m^[[92m   Compiling^[[0m untrusted v0.9.0
Rust	Test Rust workspace	2026-09-24T22:28:22.9005581Z ^[[1m^[[92m   Compiling^[[0m tower-service v0.3.3
Rust	Test Rust workspace	2026-09-24T22:28:22.9395673Z ^[[1m^[[92m   Compiling^[[0m ring v0.17.14
Rust	Test Rust workspace	2026-09-24T22:28:23.0132574Z ^[[1m^[[92m   Compiling^[[0m futures-util v0.3.34
Rust	Test Rust workspace	2026-09-24T22:28:23.4585783Z ^[[1m^[[92m   Compiling^[[0m rustls-pki-types v1.15.1
Rust	Test Rust workspace	2026-09-24T22:28:23.9755416Z ^[[1m^[[92m   Compiling^[[0m atomic-waker v1.1.2
Rust	Test Rust workspace	2026-09-24T22:28:24.0395563Z ^[[1m^[[92m   Compiling^[[0m try-lock v0.2.5
Rust	Test Rust workspace	2026-09-24T22:28:24.0895750Z ^[[1m^[[92m   Compiling^[[0m fnv v1.0.7
Rust	Test Rust workspace	2026-09-24T22:28:24.7905921Z ^[[1m^[[92m   Compiling^[[0m h2 v0.4.19
Rust	Test Rust workspace	2026-09-24T22:28:24.8375748Z ^[[1m^[[92m   Compiling^[[0m want v0.3.1
Rust	Test Rust workspace	2026-09-24T22:28:24.9376047Z ^[[1m^[[92m   Compiling^[[0m pulldown-cmark v0.13.4
Rust	Test Rust workspace	2026-09-24T22:28:25.7879802Z ^[[1m^[[92m   Compiling^[[0m httparse v1.10.1
Rust	Test Rust workspace	2026-09-24T22:28:26.0576241Z ^[[1m^[[92m   Compiling^[[0m futures-channel v0.3.34
Rust	Test Rust workspace	2026-09-24T22:28:26.2316268Z ^[[1m^[[92m   Compiling^[[0m rx-solution-catalog v0.1.0 (/home/runner/work/rx-solutions/rx-solutions/runtime/rx-solution-catalog)
Rust	Test Rust workspace	2026-09-24T22:28:26.4295875Z ^[[1m^[[92m   Compiling^[[0m sync_wrapper v1.0.2
Rust	Test Rust workspace	2026-09-24T22:28:26.4695740Z ^[[1m^[[92m   Compiling^[[0m tower-layer v0.3.3
Rust	Test Rust workspace	2026-09-24T22:28:26.5805391Z ^[[1m^[[92m   Compiling^[[0m httpdate v1.0.3
Rust	Test Rust workspace	2026-09-24T22:28:26.7675868Z ^[[1m^[[92m   Compiling^[[0m petgraph v0.8.3
Rust	Test Rust workspace	2026-09-24T22:28:28.0125395Z ^[[1m^[[92m   Compiling^[[0m hyper v1.11.1
Rust	Test Rust workspace	2026-09-24T22:28:28.3365523Z ^[[1m^[[92m   Compiling^[[0m pulldown-cmark-to-cmark v22.0.1
Rust	Test Rust workspace	2026-09-24T22:28:28.5947799Z ^[[1m^[[92m   Compiling^[[0m prost-types v0.14.4
Rust	Test Rust workspace	2026-09-24T22:28:28.7625313Z ^[[1m^[[92m   Compiling^[[0m rustls-webpki v0.103.15
Rust	Test Rust workspace	2026-09-24T22:28:28.8875523Z ^[[1m^[[92m   Compiling^[[0m http-body-util v0.1.5
Rust	Test Rust workspace	2026-09-24T22:28:29.1135565Z ^[[1m^[[92m   Compiling^[[0m mime v0.3.17
Rust	Test Rust workspace	2026-09-24T22:28:29.3375531Z ^[[1m^[[92m   Compiling^[[0m hyper-util v0.1.20
Rust	Test Rust workspace	2026-09-24T22:28:29.9515925Z ^[[1m^[[92m   Compiling^[[0m prost-build v0.14.4
Rust	Test Rust workspace	2026-09-24T22:28:30.0726082Z ^[[1m^[[92m   Compiling^[[0m axum-core v0.5.6
Rust	Test Rust workspace	2026-09-24T22:28:30.0915794Z ^[[1m^[[92m   Compiling^[[0m rustls v0.23.44
Rust	Test Rust workspace	2026-09-24T22:28:30.8811654Z ^[[1m^[[92m   Compiling^[[0m tower v0.5.3
Rust	Test Rust workspace	2026-09-24T22:28:31.3425531Z ^[[1m^[[92m   Compiling^[[0m prost v0.14.4
Rust	Test Rust workspace	2026-09-24T22:28:31.6590797Z ^[[1m^[[92m   Compiling^[[0m percent-encoding v2.3.2
Rust	Test Rust workspace	2026-09-24T22:28:31.7145731Z ^[[1m^[[92m   Compiling^[[0m matchit v0.8.4
Rust	Test Rust workspace	2026-09-24T22:28:31.7416168Z ^[[1m^[[92m   Compiling^[[0m pin-project v1.1.13
Rust	Test Rust workspace	2026-09-24T22:28:31.7792341Z ^[[1m^[[92m   Compiling^[[0m tonic-prost-build v0.14.6
Rust	Test Rust workspace	2026-09-24T22:28:31.7865940Z ^[[1m^[[92m   Compiling^[[0m hyper-timeout v0.5.2
Rust	Test Rust workspace	2026-09-24T22:28:31.9386234Z ^[[1m^[[92m   Compiling^[[0m axum v0.8.9
Rust	Test Rust workspace	2026-09-24T22:28:32.0595464Z ^[[1m^[[92m   Compiling^[[0m tokio-stream v0.1.19
Rust	Test Rust workspace	2026-09-24T22:28:32.1925457Z ^[[1m^[[92m   Compiling^[[0m base64 v0.22.1
Rust	Test Rust workspace	2026-09-24T22:28:32.4736028Z ^[[1m^[[92m   Compiling^[[0m rx-protocol v0.1.0 (/home/runner/work/rx-solutions/rx-solutions/sdk/crates/rx-protocol)
Rust	Test Rust workspace	2026-09-24T22:28:33.9815907Z ^[[1m^[[92m   Compiling^[[0m tokio-rustls v0.26.5
Rust	Test Rust workspace	2026-09-24T22:28:34.1995455Z ^[[1m^[[92m   Compiling^[[0m prost-reflect v0.16.5
Rust	Test Rust workspace	2026-09-24T22:28:34.4372849Z ^[[1m^[[92m   Compiling^[[0m rx-process v0.1.0 (/home/runner/work/rx-solutions/rx-solutions/runtime/rx-process)
Rust	Test Rust workspace	2026-09-24T22:28:35.3305443Z ^[[1m^[[92m   Compiling^[[0m tonic v0.14.6
Rust	Test Rust workspace	2026-09-24T22:28:35.7165793Z ^[[1m^[[92m   Compiling^[[0m rx-melsec-mc v0.1.0 (/home/runner/work/rx-solutions/rx-solutions/drivers/rx-melsec-mc)
Rust	Test Rust workspace	2026-09-24T22:28:36.4246126Z ^[[1m^[[92m   Compiling^[[0m rx-host v0.1.0 (/home/runner/work/rx-solutions/rx-solutions/runtime/rx-host)
Rust	Test Rust workspace	2026-09-24T22:28:37.2692419Z ^[[1m^[[92m   Compiling^[[0m rx-supervisor v0.1.0 (/home/runner/work/rx-solutions/rx-solutions/runtime/rx-supervisor)
Rust	Test Rust workspace	2026-09-24T22:28:37.5146003Z ^[[1m^[[92m   Compiling^[[0m tonic-prost v0.14.6
Rust	Test Rust workspace	2026-09-24T22:28:39.4684851Z ^[[1m^[[92m   Compiling^[[0m deranged v0.5.8
Rust	Test Rust workspace	2026-09-24T22:28:40.5395447Z ^[[1m^[[92m   Compiling^[[0m num-conv v0.2.2
Rust	Test Rust workspace	2026-09-24T22:28:40.5755434Z ^[[1m^[[92m   Compiling^[[0m time-core v0.1.9
Rust	Test Rust workspace	2026-09-24T22:28:40.6406103Z ^[[1m^[[92m   Compiling^[[0m powerfmt v0.2.0
Rust	Test Rust workspace	2026-09-24T22:28:40.7317639Z ^[[1m^[[92m   Compiling^[[0m base64 v0.23.1
Rust	Test Rust workspace	2026-09-24T22:28:40.7842014Z ^[[1m^[[92m   Compiling^[[0m time v0.3.55
Rust	Test Rust workspace	2026-09-24T22:28:41.0475765Z ^[[1m^[[92m   Compiling^[[0m pem v4.0.0
Rust	Test Rust workspace	2026-09-24T22:28:41.3611904Z ^[[1m^[[92m   Compiling^[[0m rx-process-package v0.1.0 (/home/runner/work/rx-solutions/rx-solutions/runtime/rx-process-package)
Rust	Test Rust workspace	2026-09-24T22:28:41.4696317Z ^[[1m^[[92m   Compiling^[[0m yasna v0.6.0
Rust	Test Rust workspace	2026-09-24T22:28:42.3045411Z ^[[1m^[[92m   Compiling^[[0m rcgen v0.14.10
Rust	Test Rust workspace	2026-09-24T22:28:45.4275748Z ^[[1m^[[92m   Compiling^[[0m rx-executor v0.1.0 (/home/runner/work/rx-solutions/rx-solutions/runtime/rx-executor)
Rust	Test Rust workspace	2026-09-24T22:28:54.0817888Z ^[[1m^[[92m   Compiling^[[0m rx-device-package v0.1.0 (/home/runner/work/rx-solutions/rx-solutions/runtime/rx-device-package)
Rust	Test Rust workspace	2026-09-24T22:30:44.3016022Z ^[[1m^[[92m    Finished^[[0m `test` profile [unoptimized + debuginfo] target(s) in 2m 36s
Rust	Test Rust workspace	2026-09-24T22:30:44.5316953Z ^[[1m^[[92m     Running^[[0m unittests src/lib.rs (target/debug/deps/rx_device_package-9462bb0f5b46cbe8)
Rust	Test Rust workspace	2026-09-24T22:30:44.5329378Z 
Rust	Test Rust workspace	2026-09-24T22:30:44.5329844Z running 0 tests
Rust	Test Rust workspace	2026-09-24T22:30:44.5331209Z ^[[1m^[[92m     Running^[[0m unittests src/bin/rx-device-package.rs (target/debug/deps/rx_device_package-5b2b8687c449c4ac)
Rust	Test Rust workspace	2026-09-24T22:30:44.5332623Z 
Rust	Test Rust workspace	2026-09-24T22:30:44.5333622Z test result: ok. 0 passed; 0 failed; 0 ignored; 0 measured; 0 filtered out; finished in 0.00s
Rust	Test Rust workspace	2026-09-24T22:30:44.5334933Z 
Rust	Test Rust workspace	2026-09-24T22:30:44.5340178Z 
Rust	Test Rust workspace	2026-09-24T22:30:44.5340371Z running 0 tests
Rust	Test Rust workspace	2026-09-24T22:30:44.5340716Z 
Rust	Test Rust workspace	2026-09-24T22:30:44.5341248Z test result: ok. 0 passed; 0 failed; 0 ignored; 0 measured; 0 filtered out; finished in 0.00s
Rust	Test Rust workspace	2026-09-24T22:30:44.5341900Z 
Rust	Test Rust workspace	2026-09-24T22:30:44.5343132Z ^[[1m^[[92m     Running^[[0m tests/authoring.rs (target/debug/deps/authoring-aa69e4514e26b06f)
Rust	Test Rust workspace	2026-09-24T22:30:44.5354335Z 
Rust	Test Rust workspace	2026-09-24T22:30:44.5354537Z running 9 tests
Rust	Test Rust workspace	2026-09-24T22:30:44.5362876Z test export_image_fixture ... ignored, exports explicitly simulated, unsigned inputs and public test policy for container verification
Rust	Test Rust workspace	2026-09-24T22:30:44.5428334Z test one_template_resolves_two_sites_without_editing_the_shared_semantics ... ok
Rust	Test Rust workspace	2026-09-24T22:30:44.5515116Z test semantically_unordered_inputs_produce_the_same_signing_message ... ok
Rust	Test Rust workspace	2026-09-24T22:30:44.5516284Z test sign_image_request ... ignored, signs only with an embedded test key for isolated container verification
Rust	Test Rust workspace	2026-09-24T22:30:44.5665207Z test signed_but_inconsistent_assembly_cannot_pass_the_host_resolver ... ok
Rust	Test Rust workspace	2026-09-24T22:30:44.5683017Z test template_hash_missing_extra_and_alias_bindings_are_rejected ... ok
Rust	Test Rust workspace	2026-09-24T22:30:45.2230937Z test candidate_changes_permissions_keys_and_missing_assets_do_not_bypass_verification ... ok
Rust	Test Rust workspace	2026-09-24T22:30:45.3390392Z test candidate_roundtrip_external_signature_and_host_decoding_preserve_signed_provenance ... ok
Rust	Test Rust workspace	2026-09-24T22:30:45.5178648Z test cli_assembles_requests_external_signature_seals_and_verifies_without_network ... ok
Rust	Test Rust workspace	2026-09-24T22:30:45.5179643Z 
Rust	Test Rust workspace	2026-09-24T22:30:45.5180166Z test result: ok. 7 passed; 0 failed; 2 ignored; 0 measured; 0 filtered out; finished in 0.98s
Rust	Test Rust workspace	2026-09-24T22:30:45.5181121Z 
Rust	Test Rust workspace	2026-09-24T22:30:45.5183796Z ^[[1m^[[92m     Running^[[0m tests/jtc_authoring.rs (target/debug/deps/jtc_authoring-6db2748e0790c111)
Rust	Test Rust workspace	2026-09-24T22:30:45.5206411Z 
Rust	Test Rust workspace	2026-09-24T22:30:45.5206756Z running 14 tests
Rust	Test Rust workspace	2026-09-24T22:30:45.5216089Z test export_device_review_authority ... ignored, exports a public device verifier trust fixture, never a production key
Rust	Test Rust workspace	2026-09-24T22:30:45.5218085Z test export_image_fixture ... ignored, exports only SIMULATION inputs and a public test policy for the image authoring test
Rust	Test Rust workspace	2026-09-24T22:30:45.7031377Z test device_software_report_uses_real_decoder_and_cannot_claim_physical_validation ... ok
Rust	Test Rust workspace	2026-09-24T22:30:46.4305711Z test actual_cli_generates_a_report_and_a_separate_signing_request ... ok
Rust	Test Rust workspace	2026-09-24T22:30:46.4635176Z test missing_alias_or_foreign_bindings_and_invalid_trajectory_are_rejected ... ok
Rust	Test Rust workspace	2026-09-24T22:30:46.4659183Z test sign_device_report ... ignored, external test-only device report signer for real API integration
Rust	Test Rust workspace	2026-09-24T22:30:46.4664976Z test sign_image_request ... ignored, test-only external signer for the isolated image fixture
Rust	Test Rust workspace	2026-09-24T22:30:46.5672151Z test host_package_checks_assets_and_exact_intents_but_cannot_create_control_authority ... ok
Rust	Test Rust workspace	2026-09-24T22:30:46.5784233Z test simulation_catalog_cannot_be_promoted_to_a_physical_site ... ok
Rust	Test Rust workspace	2026-09-24T22:30:46.7504286Z test signed_but_inconsistent_results_actions_model_and_release_are_rejected ... ok
Rust	Test Rust workspace	2026-09-24T22:30:46.7720616Z test actual_cli_assembles_requests_external_signature_seals_and_inspects_jtc ... ok
Rust	Test Rust workspace	2026-09-24T22:30:46.8872860Z test template_reuse_and_candidate_roundtrip_preserve_bound_actions_and_result_meanings ... ok
Rust	Test Rust workspace	2026-09-24T22:30:46.9085699Z test unordered_template_actions_have_one_digest_and_joint_order_is_preserved ... ok
Rust	Test Rust workspace	2026-09-24T22:30:46.9429387Z test host_initializes_jtc_metadata_and_refuses_run_before_creating_a_controller_client ... ok
Rust	Test Rust workspace	2026-09-24T22:30:46.9430083Z 
Rust	Test Rust workspace	2026-09-24T22:30:46.9430404Z test result: ok. 10 passed; 0 failed; 4 ignored; 0 measured; 0 filtered out; finished in 1.42s
Rust	Test Rust workspace	2026-09-24T22:30:46.9430854Z 
Rust	Test Rust workspace	2026-09-24T22:30:46.9438198Z ^[[1m^[[92m     Running^[[0m unittests src/lib.rs (target/debug/deps/rx_executor-58937702145e80c0)
Rust	Test Rust workspace	2026-09-24T22:30:46.9456406Z 
Rust	Test Rust workspace	2026-09-24T22:30:46.9456750Z running 40 tests
Rust	Test Rust workspace	2026-09-24T22:30:46.9482787Z test cell_service::tests::discovery_does_not_hide_old_owner_expired_attempt_or_restricted_work ... ok
Rust	Test Rust workspace	2026-09-24T22:30:46.9484534Z test cell_service::tests::historical_session_runtime_and_paused_attachment_cannot_resume ... ok
Rust	Test Rust workspace	2026-09-24T22:30:46.9486531Z test cell_service::tests::completion_requires_structured_cleanup_exact_stop_and_actual_completed_state ... ok
Rust	Test Rust workspace	2026-09-24T22:30:46.9488922Z test cell_service::tests::none_and_arming_are_observation_only_and_ambiguity_has_no_winner ... ok
Rust	Test Rust workspace	2026-09-24T22:30:46.9490021Z test cell_service::tests::observation_shutdown_preserves_preparing_attached_and_known_arming_as_attention ... ok
Rust	Test Rust workspace	2026-09-24T22:30:46.9700922Z test cell_service::tests::actual_production_cut_must_revalidate_discovery_before_any_reservation ... ok
Rust	Test Rust workspace	2026-09-24T22:30:46.9718641Z test client::assignment::tests::accepted_read_expires_or_loses_currency_when_the_trusted_clock_changes ... ok
Rust	Test Rust workspace	2026-09-24T22:30:46.9748936Z test client::assignment::tests::assignment_shares_runtime_sequence_and_time_regression_guards ... ok
Rust	Test Rust workspace	2026-09-24T22:30:46.9948621Z test client::assignment::tests::cardinalities_retain_old_sessions_expired_attempts_and_restricted_work ... ok
Rust	Test Rust workspace	2026-09-24T22:30:46.9979105Z test client::assignment::tests::expired_response_does_not_advance_the_shared_cut ... ok
Rust	Test Rust workspace	2026-09-24T22:30:47.0045226Z test cell_service::tests::missing_file_after_creation_entered_never_becomes_fresh_initialization ... ok
Rust	Test Rust workspace	2026-09-24T22:30:47.0105125Z test client::assignment::tests::forged_identity_is_rejected_even_with_a_matching_payload_hash ... ok
Rust	Test Rust workspace	2026-09-24T22:30:47.0134924Z test client::assignment::tests::forged_cut_cardinality_and_duplicate_witnesses_fail_closed ... ok
Rust	Test Rust workspace	2026-09-24T22:30:47.0163174Z test client::assignment::tests::ttl_and_clock_interval_are_checked_before_accepting_a_view ... ok
Rust	Test Rust workspace	2026-09-24T22:30:47.0165148Z test client::assignment::tests::payload_digest_size_schema_and_strict_json_are_independent_checks ... ok
Rust	Test Rust workspace	2026-09-24T22:30:47.0166724Z test client::tests::artifact_hash_does_not_replace_size_schema_or_typed_payload_validation ... ok
Rust	Test Rust workspace	2026-09-24T22:30:47.0170746Z test engine_process::tests::verified_product_binary_uses_live_linux_clock_and_preserves_one_process ... ignored, Linux validation image supplies RX_BT_ENGINE_BINARY
Rust	Test Rust workspace	2026-09-24T22:30:47.0173467Z test clock::tests::linux_clock_uses_the_shared_boot_identity_and_non_decreasing_boottime ... ok
Rust	Test Rust workspace	2026-09-24T22:30:47.0174930Z test frame::tests::a_new_epoch_is_not_implicitly_adopted_by_an_existing_context ... ok
Rust	Test Rust workspace	2026-09-24T22:30:47.0175934Z test frame::tests::restored_p_snapshot_preserves_work_and_does_not_restore_admission ... ok
Rust	Test Rust workspace	2026-09-24T22:30:47.0185066Z test frame::tests::source_clock_expiry_blocks_a_view_even_if_the_local_steady_deadline_has_not_passed ... ok
Rust	Test Rust workspace	2026-09-24T22:30:47.0186815Z test journal::recovery::wal::tests::checksum_word_order_and_accumulation_have_independent_known_values ... ok
Rust	Test Rust workspace	2026-09-24T22:30:47.0209137Z test journal::recovery::wal::tests::header_fields_and_header_checksum_cannot_silently_drop_the_wal ... ok
Rust	Test Rust workspace	2026-09-24T22:30:47.0228679Z test journal::recovery::wal::tests::invalid_page_numbers_commit_sizes_and_oversize_files_fail_before_unbounded_reads ... ok
Rust	Test Rust workspace	2026-09-24T22:30:47.0249325Z test journal::recovery::wal::tests::page_data_checksums_salts_partial_and_uncommitted_tails_are_rejected ... ok
Rust	Test Rust workspace	2026-09-24T22:30:47.0251646Z test pending::tests::full_queue_and_inflight_normal_work_do_not_block_pause_and_meaning_cannot_change ... ok
Rust	Test Rust workspace	2026-09-24T22:30:47.0252985Z test pending::tests::wait_start_does_not_drop_the_only_bt_request_and_due_requests_are_fair ... ok
Rust	Test Rust workspace	2026-09-24T22:30:47.0255389Z test service::tests::cancelled_serial_retirement_cannot_become_confirmation_for_an_empty_engine_slot ... ok
Rust	Test Rust workspace	2026-09-24T22:30:47.0264392Z test service::tests::cleanup_confirmation_distinguishes_no_spawn_and_local_close_from_uncertainty ... ok
Rust	Test Rust workspace	2026-09-24T22:30:47.0265945Z test service::tests::each_serial_planner_requires_its_own_confirmed_cleanup ... ok
Rust	Test Rust workspace	2026-09-24T22:30:47.0267262Z test service::tests::failed_close_is_sticky_after_a_later_successful_cleanup ... ok
Rust	Test Rust workspace	2026-09-24T22:30:47.0272204Z test service::tests::production_expiry::expired_waiting_cannot_republish_an_old_admission_flag ... ok
Rust	Test Rust workspace	2026-09-24T22:30:47.0312588Z test cell_service::tests::preparing_recovery_keeps_original_ids_and_cannot_switch_to_new_candidate ... ok
Rust	Test Rust workspace	2026-09-24T22:30:47.0325389Z test service::tests::spawn_attempts_are_uncertain_until_cleanup_and_failures_remain_latched ... ok
Rust	Test Rust workspace	2026-09-24T22:30:47.0335631Z test service_owner::tests::explicit_release_does_not_wait_for_an_inherited_open_file_description ... ok
Rust	Test Rust workspace	2026-09-24T22:30:47.0337232Z test journal::recovery::wal::tests::absent_empty_header_only_and_complete_commits_are_distinct_valid_shapes ... ok
Rust	Test Rust workspace	2026-09-24T22:30:47.0339608Z test worker::production::tests::valid_platform_views_with_multiple_active_parts_require_serial_attention ... ok
Rust	Test Rust workspace	2026-09-24T22:30:47.0348279Z test worker::production::tests::serial_selection_preserves_zero_or_one_active_part_without_rewriting_completed_parts ... ok
Rust	Test Rust workspace	2026-09-24T22:30:47.0380530Z test cell_service::tests::closing_a_preserves_its_stop_and_frees_only_the_next_attachment ... ok
Rust	Test Rust workspace	2026-09-24T22:30:47.0420153Z test service::tests::production_expiry::journal_observation_expiry_retries_completed_read_instead_of_stopping_context ... ok
Rust	Test Rust workspace	2026-09-24T22:30:47.0421067Z 
Rust	Test Rust workspace	2026-09-24T22:30:47.0421503Z test result: ok. 39 passed; 0 failed; 1 ignored; 0 measured; 0 filtered out; finished in 0.10s
Rust	Test Rust workspace	2026-09-24T22:30:47.0422108Z 
Rust	Test Rust workspace	2026-09-24T22:30:47.0428663Z ^[[1m^[[92m     Running^[[0m unittests tests/support/cell_service_fixture.rs (target/debug/deps/rx_executor_cell_service_fixture-903a8a30f96f523d)
Rust	Test Rust workspace	2026-09-24T22:30:47.0439737Z 
Rust	Test Rust workspace	2026-09-24T22:30:47.0439950Z running 0 tests
Rust	Test Rust workspace	2026-09-24T22:30:47.0440176Z 
Rust	Test Rust workspace	2026-09-24T22:30:47.0442207Z test result: ok. 0 passed; 0 failed; 0 ignored; 0 measured; 0 filtered out; finished in 0.00s
Rust	Test Rust workspace	2026-09-24T22:30:47.0442845Z 
Rust	Test Rust workspace	2026-09-24T22:30:47.0444394Z ^[[1m^[[92m     Running^[[0m unittests tests/support/decision_fixture.rs (target/debug/deps/rx_executor_decision_fixture-872006aae221e7c1)
Rust	Test Rust workspace	2026-09-24T22:30:47.0452432Z 
Rust	Test Rust workspace	2026-09-24T22:30:47.0452607Z running 0 tests
Rust	Test Rust workspace	2026-09-24T22:30:47.0454443Z 
Rust	Test Rust workspace	2026-09-24T22:30:47.0454978Z test result: ok. 0 passed; 0 failed; 0 ignored; 0 measured; 0 filtered out; finished in 0.00s
Rust	Test Rust workspace	2026-09-24T22:30:47.0455441Z 
Rust	Test Rust workspace	2026-09-24T22:30:47.0457422Z ^[[1m^[[92m     Running^[[0m unittests tests/support/read_fixture.rs (target/debug/deps/rx_executor_read_fixture-cc8ab15ed7492792)
Rust	Test Rust workspace	2026-09-24T22:30:47.0465297Z 
Rust	Test Rust workspace	2026-09-24T22:30:47.0465464Z running 0 tests
Rust	Test Rust workspace	2026-09-24T22:30:47.0465731Z 
Rust	Test Rust workspace	2026-09-24T22:30:47.0466564Z test result: ok. 0 passed; 0 failed; 0 ignored; 0 measured; 0 filtered out; finished in 0.00s
Rust	Test Rust workspace	2026-09-24T22:30:47.0467192Z 
Rust	Test Rust workspace	2026-09-24T22:30:47.0468124Z ^[[1m^[[92m     Running^[[0m unittests src/bin/service.rs (target/debug/deps/rx_executor_service-7ac2a614ba271be0)
Rust	Test Rust workspace	2026-09-24T22:30:47.0480361Z 
Rust	Test Rust workspace	2026-09-24T22:30:47.0480716Z running 4 tests
Rust	Test Rust workspace	2026-09-24T22:30:47.0492147Z test cell_cli::guarded_tests::completed_run_retirement_keeps_the_resident_executor_protocol_ready ... ok
Rust	Test Rust workspace	2026-09-24T22:30:47.0493850Z test cell_cli::guarded_tests::executor_final_state_preserves_attention_and_rejects_incomplete_stop ... ok
Rust	Test Rust workspace	2026-09-24T22:30:47.0495388Z test cell_cli::guarded_tests::live_executor_status_never_claims_terminal_cleanup_or_p_admission ... ok
Rust	Test Rust workspace	2026-09-24T22:30:47.0530448Z test cell_cli::guarded_tests::executor_report_failure_signals_existing_cooperative_shutdown ... ok
Rust	Test Rust workspace	2026-09-24T22:30:47.0531368Z 
Rust	Test Rust workspace	2026-09-24T22:30:47.0532055Z test result: ok. 4 passed; 0 failed; 0 ignored; 0 measured; 0 filtered out; finished in 0.00s
Rust	Test Rust workspace	2026-09-24T22:30:47.0532704Z 
Rust	Test Rust workspace	2026-09-24T22:30:47.0534222Z ^[[1m^[[92m     Running^[[0m unittests tests/support/service_fixture.rs (target/debug/deps/rx_executor_service_fixture-70fb8218b6685ecd)
Rust	Test Rust workspace	2026-09-24T22:30:47.0543455Z 
Rust	Test Rust workspace	2026-09-24T22:30:47.0543819Z running 0 tests
Rust	Test Rust workspace	2026-09-24T22:30:47.0544710Z 
Rust	Test Rust workspace	2026-09-24T22:30:47.0545176Z test result: ok. 0 passed; 0 failed; 0 ignored; 0 measured; 0 filtered out; finished in 0.00s
Rust	Test Rust workspace	2026-09-24T22:30:47.0545826Z 
Rust	Test Rust workspace	2026-09-24T22:30:47.0548629Z ^[[1m^[[92m     Running^[[0m unittests tests/support/worker_fixture.rs (target/debug/deps/rx_executor_worker_fixture-0bbbb682759e46ff)
Rust	Test Rust workspace	2026-09-24T22:30:47.0558931Z 
Rust	Test Rust workspace	2026-09-24T22:30:47.0559252Z running 0 tests
Rust	Test Rust workspace	2026-09-24T22:30:47.0559489Z 
Rust	Test Rust workspace	2026-09-24T22:30:47.0559929Z test result: ok. 0 passed; 0 failed; 0 ignored; 0 measured; 0 filtered out; finished in 0.00s
Rust	Test Rust workspace	2026-09-24T22:30:47.0560526Z 
Rust	Test Rust workspace	2026-09-24T22:30:47.0562022Z ^[[1m^[[92m     Running^[[0m tests/assignment_journal.rs (target/debug/deps/assignment_journal-25e5221b68a93c6a)
Rust	Test Rust workspace	2026-09-24T22:30:47.0574487Z 
Rust	Test Rust workspace	2026-09-24T22:30:47.0574780Z running 21 tests
Rust	Test Rust workspace	2026-09-24T22:30:47.1173930Z test a_run_store_from_another_service_identity_cannot_be_attached ... ok
Rust	Test Rust workspace	2026-09-24T22:30:47.1355305Z test a_crash_before_header_commit_leaves_an_error_instead_of_reinitializing_the_file ... ok
Rust	Test Rust workspace	2026-09-24T22:30:47.1364306Z test attach_rollback_and_lost_reply_are_recovered_without_a_second_transition ... ok
Rust	Test Rust workspace	2026-09-24T22:30:47.1389600Z test changed_scope_or_run_journal_identity_is_never_repaired ... ok
Rust	Test Rust workspace	2026-09-24T22:30:47.1748561Z test creation_marker_committed_before_filesystem_failure_forbids_later_retry ... ok
Rust	Test Rust workspace	2026-09-24T22:30:47.1868207Z test initialized_header_survives_a_lost_initialization_reply ... ok
Rust	Test Rust workspace	2026-09-24T22:30:47.1962035Z test creation_marker_rollback_permits_the_first_initialization_without_changing_phase ... ok
Rust	Test Rust workspace	2026-09-24T22:30:47.1963537Z test completion_rejects_paused_recovery_abandoned_wrong_identity_and_incomplete_parts ... ok
Rust	Test Rust workspace	2026-09-24T22:30:47.2012726Z test close_rollback_and_lost_reply_clear_current_atomically_and_preserve_stop_and_pending_requests ... ok
Rust	Test Rust workspace	2026-09-24T22:30:47.2200119Z test malformed_current_pointer_fails_required_open_instead_of_hiding_the_attached_run ... ok
Rust	Test Rust workspace	2026-09-24T22:30:47.2294706Z test lost_creation_marker_reply_stops_before_file_reservation_and_survives_reopen ... ok
Rust	Test Rust workspace	2026-09-24T22:30:47.2306714Z test old_header_without_creation_history_is_not_silently_upgraded ... ok
Rust	Test Rust workspace	2026-09-24T22:30:47.2519442Z test lost_run_initialization_reply_recovers_binding_without_reinitializing ... ok
Rust	Test Rust workspace	2026-09-24T22:30:47.2786295Z test preparing_rollback_and_lost_reply_preserve_exact_reservation_and_single_current ... ok
Rust	Test Rust workspace	2026-09-24T22:30:47.2998731Z test required_open_never_initializes_missing_empty_or_foreign_service_metadata ... ok
Rust	Test Rust workspace	2026-09-24T22:30:47.3175310Z test required_run_file_does_not_follow_symlinks ... ok
Rust	Test Rust workspace	2026-09-24T22:30:47.3252355Z test preparing_missing_run_is_explicit_but_partial_or_attached_missing_run_is_an_error ... ok
Rust	Test Rust workspace	2026-09-24T22:30:47.3517434Z test run_creation_marker_cannot_change_after_header_initialization ... ok
Rust	Test Rust workspace	2026-09-24T22:30:47.3526052Z test preparing_cannot_close_and_closed_history_cannot_rebind_the_same_run ... ok
Rust	Test Rust workspace	2026-09-24T22:30:47.3572886Z test initialized_preparing_run_file_loss_never_reuses_either_initializer ... ok
Rust	Test Rust workspace	2026-09-24T22:30:47.3654524Z test unbound_legacy_journal_is_not_adopted_or_modified ... ok
Rust	Test Rust workspace	2026-09-24T22:30:47.3654904Z 
Rust	Test Rust workspace	2026-09-24T22:30:47.3655187Z test result: ok. 21 passed; 0 failed; 0 ignored; 0 measured; 0 filtered out; finished in 0.31s
Rust	Test Rust workspace	2026-09-24T22:30:47.3655891Z 
Rust	Test Rust workspace	2026-09-24T22:30:47.3660773Z ^[[1m^[[92m     Running^[[0m tests/cell_cli.rs (target/debug/deps/cell_cli-ff94bf64d8a28daa)
Rust	Test Rust workspace	2026-09-24T22:30:47.3673808Z 
Rust	Test Rust workspace	2026-09-24T22:30:47.3674226Z running 15 tests
Rust	Test Rust workspace	2026-09-24T22:30:47.4765853Z test cell_configuration_rejects_run_visit_program_arguments_and_invalid_timing ... ok
Rust	Test Rust workspace	2026-09-24T22:30:47.6051455Z test changed_configuration_and_pinned_bytes_cannot_reach_session_open ... ok
Rust	Test Rust workspace	2026-09-24T22:30:47.6378779Z test copied_installation_cannot_silently_change_its_root ... ok
Rust	Test Rust workspace	2026-09-24T22:30:47.6602039Z test deployment_file_symlinks_and_private_key_permissions_are_rejected ... ok
Rust	Test Rust workspace	2026-09-24T22:30:47.7134436Z test duplicate_and_root_alias_are_refused_before_session_open_then_cleanup_allows_reopen ... ok
Rust	Test Rust workspace	2026-09-24T22:30:47.7560191Z test guarded_status_validation_fails_before_executor_peer_registration ... ok
Rust	Test Rust workspace	2026-09-24T22:30:47.8218378Z test init_pins_expected_identity_and_normalized_defaults_without_peer_registration ... ok
Rust	Test Rust workspace	2026-09-24T22:30:47.9528698Z test initialized_preparing_or_attached_run_file_loss_is_detected_before_new_peer_boot_registration ... ok
Rust	Test Rust workspace	2026-09-24T22:30:47.9847606Z test manifest_only_partial_installation_is_not_overwritten_or_connected ... ok
Rust	Test Rust workspace	2026-09-24T22:30:48.1186530Z test missing_manifest_empty_journal_and_changed_header_are_refused_before_connect ... ok
Rust	Test Rust workspace	2026-09-24T22:30:48.1714584Z test recovery_inspect_does_not_compete_with_service_or_store_owner ... ok
Rust	Test Rust workspace	2026-09-24T22:30:48.2397167Z test recovery_inspect_initialized_idle_store_is_deterministic_and_does_not_connect_or_modify_files ... ok
Rust	Test Rust workspace	2026-09-24T22:30:48.4233076Z test recovery_inspect_missing_or_corrupt_required_files_never_repairs_them ... ok
Rust	Test Rust workspace	2026-09-24T22:30:48.4342852Z test recovery_inspect_missing_root_does_not_initialize_a_service_or_connect ... ok
Rust	Test Rust workspace	2026-09-24T22:30:48.5063100Z test recovery_inspect_rejects_alias_root_and_changed_deployment_scope ... ok
Rust	Test Rust workspace	2026-09-24T22:30:48.5063675Z 
Rust	Test Rust workspace	2026-09-24T22:30:48.5064308Z test result: ok. 15 passed; 0 failed; 0 ignored; 0 measured; 0 filtered out; finished in 1.14s
Rust	Test Rust workspace	2026-09-24T22:30:48.5064776Z 
Rust	Test Rust workspace	2026-09-24T22:30:48.5068881Z ^[[1m^[[92m     Running^[[0m tests/journal.rs (target/debug/deps/journal-5ecf084b96f21202)
Rust	Test Rust workspace	2026-09-24T22:30:48.5082817Z 
Rust	Test Rust workspace	2026-09-24T22:30:48.5083003Z running 9 tests
Rust	Test Rust workspace	2026-09-24T22:30:48.5435427Z test only_a_confirmed_transactional_rejection_allows_new_cas_and_key ... ok
Rust	Test Rust workspace	2026-09-24T22:30:48.5460027Z test p_observation_preserves_network_uncertainty_and_deduplicates_unchanged_identity ... ok
Rust	Test Rust workspace	2026-09-24T22:30:48.5529697Z test material_identity_is_observed_without_rewriting_a_lost_begin_reply ... ok
Rust	Test Rust workspace	2026-09-24T22:30:48.5589901Z test checkpoint_expiry_preserves_old_attempt_and_pending_projection_is_not_an_rpc_reply ... ok
Rust	Test Rust workspace	2026-09-24T22:30:48.5667337Z test pause_intent_is_scoped_to_executor_session_and_epoch_without_changing_operation_keys ... ok
Rust	Test Rust workspace	2026-09-24T22:30:48.5759839Z test reconciliation_acknowledgment_is_not_a_resource_release_observation ... ok
Rust	Test Rust workspace	2026-09-24T22:30:48.5775723Z test stop_attempt_key_is_preserved_and_p_observation_does_not_invent_a_reply ... ok
Rust	Test Rust workspace	2026-09-24T22:30:48.5808545Z test prepared_entered_and_reply_boundaries_survive_rollback_and_lost_commit_response ... ok
Rust	Test Rust workspace	2026-09-24T22:30:48.5817261Z test stop_intent_survives_commit_response_loss_and_never_becomes_a_part_request ... ok
Rust	Test Rust workspace	2026-09-24T22:30:48.5817901Z 
Rust	Test Rust workspace	2026-09-24T22:30:48.5818330Z test result: ok. 9 passed; 0 failed; 0 ignored; 0 measured; 0 filtered out; finished in 0.07s
Rust	Test Rust workspace	2026-09-24T22:30:48.5818927Z 
Rust	Test Rust workspace	2026-09-24T22:30:48.5823017Z ^[[1m^[[92m     Running^[[0m tests/recovery_inspect.rs (target/debug/deps/recovery_inspect-d875cf98b357f468)
Rust	Test Rust workspace	2026-09-24T22:30:48.5838427Z 
Rust	Test Rust workspace	2026-09-24T22:30:48.5838588Z running 5 tests
Rust	Test Rust workspace	2026-09-24T22:30:48.6032453Z test owner_conflict_symlink_parent_and_size_limit_fail_without_source_writes ... ok
Rust	Test Rust workspace	2026-09-24T22:30:48.6659982Z test missing_header_wrong_identity_and_missing_writer_lock_are_never_initialized ... ok
Rust	Test Rust workspace	2026-09-24T22:30:48.6872460Z test preparing_never_initializes_or_attaches_and_creation_loss_is_rejected ... ok
Rust	Test Rust workspace	2026-09-24T22:30:48.7079061Z test current_pending_stop_is_inspected_twice_without_source_change_or_resolution ... ok
Rust	Test Rust workspace	2026-09-24T22:30:48.7202237Z test crash_style_wal_copy_is_included_without_touching_the_retained_source ... ok
Rust	Test Rust workspace	2026-09-24T22:30:48.7203056Z 
Rust	Test Rust workspace	2026-09-24T22:30:48.7203611Z test result: ok. 5 passed; 0 failed; 0 ignored; 0 measured; 0 filtered out; finished in 0.14s
Rust	Test Rust workspace	2026-09-24T22:30:48.7204849Z 
Rust	Test Rust workspace	2026-09-24T22:30:48.7209185Z ^[[1m^[[92m     Running^[[0m tests/recovery_wal_corruption.rs (target/debug/deps/recovery_wal_corruption-2215a92f941971ab)
Rust	Test Rust workspace	2026-09-24T22:30:48.7222772Z 
Rust	Test Rust workspace	2026-09-24T22:30:48.7222921Z running 2 tests
Rust	Test Rust workspace	2026-09-24T22:30:48.8176554Z test invalid_assignment_wal_header_cannot_hide_committed_attachment_and_pending_requests ... ok
Rust	Test Rust workspace	2026-09-24T22:30:48.8640180Z test stale_committed_shm_cannot_hide_later_complete_wal_commits_or_change_the_original_copy ... ok
Rust	Test Rust workspace	2026-09-24T22:30:48.8641248Z 
Rust	Test Rust workspace	2026-09-24T22:30:48.8641563Z test result: ok. 2 passed; 0 failed; 0 ignored; 0 measured; 0 filtered out; finished in 0.14s
Rust	Test Rust workspace	2026-09-24T22:30:48.8642057Z 
Rust	Test Rust workspace	2026-09-24T22:30:48.8645577Z ^[[1m^[[92m     Running^[[0m tests/service_owner.rs (target/debug/deps/service_owner-4b8fe295ce9f2afd)
Rust	Test Rust workspace	2026-09-24T22:30:48.8656939Z 
Rust	Test Rust workspace	2026-09-24T22:30:48.8657102Z running 8 tests
Rust	Test Rust workspace	2026-09-24T22:30:48.8663731Z test invalid_journal_path_cannot_overwrite_the_ownership_file ... ok
Rust	Test Rust workspace	2026-09-24T22:30:48.8665138Z test directory_alias_cannot_bypass_the_service_owner ... ok
Rust	Test Rust workspace	2026-09-24T22:30:48.8666214Z test different_service_roots_do_not_impose_a_global_cell_owner ... ok
Rust	Test Rust workspace	2026-09-24T22:30:48.8669357Z test one_root_cannot_register_two_services_with_different_run_journals ... ok
Rust	Test Rust workspace	2026-09-24T22:30:48.8670424Z test ownership_symlink_is_rejected_without_touching_its_target ... ok
Rust	Test Rust workspace	2026-09-24T22:30:48.8672694Z test startup_failure_releases_ownership_without_removing_the_lock_file ... ok
Rust	Test Rust workspace	2026-09-24T22:30:48.8703144Z test ownership_special_files_are_rejected ... ok
Rust	Test Rust workspace	2026-09-24T22:30:48.8980706Z test entrypoint::competing_product_process_never_reaches_connect_and_failure_unlocks_root ... ok
Rust	Test Rust workspace	2026-09-24T22:30:48.8981402Z 
Rust	Test Rust workspace	2026-09-24T22:30:48.8981830Z test result: ok. 8 passed; 0 failed; 0 ignored; 0 measured; 0 filtered out; finished in 0.03s
Rust	Test Rust workspace	2026-09-24T22:30:48.8982356Z 
Rust	Test Rust workspace	2026-09-24T22:30:48.8983478Z ^[[1m^[[92m     Running^[[0m unittests src/lib.rs (target/debug/deps/rx_host-df22735102c41c31)
Rust	Test Rust workspace	2026-09-24T22:30:48.9000156Z 
Rust	Test Rust workspace	2026-09-24T22:30:48.9000321Z running 5 tests
Rust	Test Rust workspace	2026-09-24T22:30:48.9011636Z test service::guarded_tests::guarded_host_stopped_requires_final_adapter_proof_and_closed_admission ... ok
Rust	Test Rust workspace	2026-09-24T22:30:48.9012549Z test publication::tests::local_idle_ticks_do_not_extend_the_one_second_remote_probe_deadline ... ok
Rust	Test Rust workspace	2026-09-24T22:30:48.9147632Z test service::guarded_tests::host_report_failure_requests_stop_and_cannot_become_stopped_later ... ok
Rust	Test Rust workspace	2026-09-24T22:30:48.9382476Z test publication::tests::idle_remote_probe_detects_expired_session_without_new_evidence_or_native_effects ... ok
Rust	Test Rust workspace	2026-09-24T22:30:49.3694326Z test service::guarded_tests::unchanged_host_status_heartbeats_and_stays_terminal_after_finish ... ok
Rust	Test Rust workspace	2026-09-24T22:30:49.3695228Z 
Rust	Test Rust workspace	2026-09-24T22:30:49.3695649Z test result: ok. 5 passed; 0 failed; 0 ignored; 0 measured; 0 filtered out; finished in 0.47s
Rust	Test Rust workspace	2026-09-24T22:30:49.3696237Z 
Rust	Test Rust workspace	2026-09-24T22:30:49.3705886Z ^[[1m^[[92m     Running^[[0m unittests tests/support/crash_harness.rs (target/debug/deps/rx_host_crash_fixture-20ff3add287adc54)
Rust	Test Rust workspace	2026-09-24T22:30:49.3717787Z 
Rust	Test Rust workspace	2026-09-24T22:30:49.3718056Z running 0 tests
Rust	Test Rust workspace	2026-09-24T22:30:49.3718356Z 
Rust	Test Rust workspace	2026-09-24T22:30:49.3718922Z test result: ok. 0 passed; 0 failed; 0 ignored; 0 measured; 0 filtered out; finished in 0.00s
Rust	Test Rust workspace	2026-09-24T22:30:49.3719592Z 
Rust	Test Rust workspace	2026-09-24T22:30:49.3721341Z ^[[1m^[[92m     Running^[[0m unittests tests/support/recovery_native_fixture.rs (target/debug/deps/rx_host_recovery_fixture-1f4edec491d7f926)
Rust	Test Rust workspace	2026-09-24T22:30:49.3729915Z 
Rust	Test Rust workspace	2026-09-24T22:30:49.3730103Z running 0 tests
Rust	Test Rust workspace	2026-09-24T22:30:49.3730336Z 
Rust	Test Rust workspace	2026-09-24T22:30:49.3730819Z test result: ok. 0 passed; 0 failed; 0 ignored; 0 measured; 0 filtered out; finished in 0.00s
Rust	Test Rust workspace	2026-09-24T22:30:49.3731882Z 
Rust	Test Rust workspace	2026-09-24T22:30:49.3733540Z ^[[1m^[[92m     Running^[[0m unittests tests/support/sim_server.rs (target/debug/deps/rx_host_sim_server-227661cd7e23c6c2)
Rust	Test Rust workspace	2026-09-24T22:30:49.3742402Z 
Rust	Test Rust workspace	2026-09-24T22:30:49.3742610Z running 0 tests
Rust	Test Rust workspace	2026-09-24T22:30:49.3742891Z 
Rust	Test Rust workspace	2026-09-24T22:30:49.3743450Z test result: ok. 0 passed; 0 failed; 0 ignored; 0 measured; 0 filtered out; finished in 0.00s
Rust	Test Rust workspace	2026-09-24T22:30:49.3744454Z 
Rust	Test Rust workspace	2026-09-24T22:30:49.3745887Z ^[[1m^[[92m     Running^[[0m unittests src/bin/rx-hostd.rs (target/debug/deps/rx_hostd-4e6f676b3a598127)
Rust	Test Rust workspace	2026-09-24T22:30:49.3754899Z 
Rust	Test Rust workspace	2026-09-24T22:30:49.3755110Z running 0 tests
Rust	Test Rust workspace	2026-09-24T22:30:49.3755388Z 
Rust	Test Rust workspace	2026-09-24T22:30:49.3755950Z test result: ok. 0 passed; 0 failed; 0 ignored; 0 measured; 0 filtered out; finished in 0.00s
Rust	Test Rust workspace	2026-09-24T22:30:49.3757103Z 
Rust	Test Rust workspace	2026-09-24T22:30:49.3757911Z ^[[1m^[[92m     Running^[[0m tests/gate.rs (target/debug/deps/gate-86fb3e26722eb2a5)
Rust	Test Rust workspace	2026-09-24T22:30:49.3770024Z 
Rust	Test Rust workspace	2026-09-24T22:30:49.3770658Z running 30 tests
Rust	Test Rust workspace	2026-09-24T22:30:49.4017402Z test cancellation_arriving_before_prepare_creates_permanent_tombstone ... ok
Rust	Test Rust workspace	2026-09-24T22:30:49.4086164Z test altered_permit_and_unapproved_intent_are_rejected_before_effect ... ok
Rust	Test Rust workspace	2026-09-24T22:30:49.4097053Z test configuration_commit_failure_has_no_receipt_context_or_consumed_slot ... ok
Rust	Test Rust workspace	2026-09-24T22:30:49.4195271Z test configuration_cohort_is_complete_and_a_rejected_member_prevents_all_context_changes ... ok
Rust	Test Rust workspace	2026-09-24T22:30:49.4356492Z test configuration_missing_quiescence_does_not_create_applied_context ... ok
Rust	Test Rust workspace	2026-09-24T22:30:49.4405607Z test configuration_does_not_treat_prepared_native_work_as_quiescent ... ok
Rust	Test Rust workspace	2026-09-24T22:30:49.4445236Z test configuration_rejects_an_old_quiescence_observation ... ok
Rust	Test Rust workspace	2026-09-24T22:30:49.4576782Z test configuration_scope_binding_and_fence_are_not_caller_success_claims ... ok
Rust	Test Rust workspace	2026-09-24T22:30:49.4665420Z test configuration_context_is_durable_unqualified_and_same_request_never_reapplies ... ok
Rust	Test Rust workspace	2026-09-24T22:30:49.4752881Z test expiry_during_commit_does_not_enter_native_and_is_not_retried ... ok
Rust	Test Rust workspace	2026-09-24T22:30:49.4847398Z test late_fence_replay_cannot_remove_a_new_arm_or_rewind_epoch ... ok
Rust	Test Rust workspace	2026-09-24T22:30:49.5040013Z test native_submission_serializes_fence_while_protection_is_independent ... ok
Rust	Test Rust workspace	2026-09-24T22:30:49.5110447Z test prepare_does_not_call_device_and_authorize_duplicates_are_receipt_lookup ... ok
Rust	Test Rust workspace	2026-09-24T22:30:49.5118928Z test evidence_publication_cursor_is_durable_scoped_and_never_accepts_a_foreign_ack ... ok
Rust	Test Rust workspace	2026-09-24T22:30:49.5312844Z test prepared_rebind_retires_old_permit_permanently ... ok
Rust	Test Rust workspace	2026-09-24T22:30:49.5530382Z test qualification_tests::qualification_commit_failure_rolls_back_cohort_receipt_and_slot ... ok
Rust	Test Rust workspace	2026-09-24T22:30:49.5776307Z test qualification_tests::qualification_arm_rejects_partial_clearance_and_any_changed_cohort_member ... ok
Rust	Test Rust workspace	2026-09-24T22:30:49.5877856Z test qualification_tests::qualification_full_cohort_is_atomic_and_a_wrong_member_cannot_be_accepted ... ok
Rust	Test Rust workspace	2026-09-24T22:30:49.5930437Z test qualification_tests::qualification_acceptance_preserves_blocks_requires_explicit_arm_and_rejects_old_qualification ... ok
Rust	Test Rust workspace	2026-09-24T22:30:49.6181166Z test qualification_tests::qualification_identity_cannot_be_reused_for_different_evidence_and_empty_scope_grants_no_operations ... ok
Rust	Test Rust workspace	2026-09-24T22:30:49.6350177Z test qualification_tests::qualification_restart_keeps_receipt_and_never_restores_applicability_or_arm ... ok
Rust	Test Rust workspace	2026-09-24T22:30:49.6536388Z test renewal_replay_does_not_extend_expiry_and_expired_grant_stays_expired ... ok
Rust	Test Rust workspace	2026-09-24T22:30:49.6606415Z test qualification_tests::qualification_revalidation_does_not_hide_prepared_native_work ... ok
Rust	Test Rust workspace	2026-09-24T22:30:49.6710009Z test same_grant_fence_requires_same_request_identity ... ok
Rust	Test Rust workspace	2026-09-24T22:30:49.6766604Z test qualification_tests::qualification_same_key_same_review_and_changed_scope_cannot_replace_accepted_identity ... ok
Rust	Test Rust workspace	2026-09-24T22:30:49.6778030Z test simulated_device_has_an_independent_exclusive_owner ... ok
Rust	Test Rust workspace	2026-09-24T22:30:49.6874576Z test service_stop_latch_interrupts_the_pre_native_boundary_without_waiting_for_gate_lock ... ok
Rust	Test Rust workspace	2026-09-24T22:30:49.6919298Z test stable_handover_is_not_permission_to_drop_an_adapter ... ok
Rust	Test Rust workspace	2026-09-24T22:30:49.6920101Z test service_stop_latches_before_database_access_and_preserves_uncertain_work ... ok
Rust	Test Rust workspace	2026-09-24T22:30:49.7357306Z test qualification_tests::qualification_requires_supported_fresh_local_quiescence ... ok
Rust	Test Rust workspace	2026-09-24T22:30:49.7358025Z 
Rust	Test Rust workspace	2026-09-24T22:30:49.7358449Z test result: ok. 30 passed; 0 failed; 0 ignored; 0 measured; 0 filtered out; finished in 0.36s
Rust	Test Rust workspace	2026-09-24T22:30:49.7359125Z 
Rust	Test Rust workspace	2026-09-24T22:30:49.7363460Z ^[[1m^[[92m     Running^[[0m tests/guarded_status.rs (target/debug/deps/guarded_status-fa67fb3aa52bf4fb)
Rust	Test Rust workspace	2026-09-24T22:30:49.7382885Z 
Rust	Test Rust workspace	2026-09-24T22:30:49.7383074Z running 3 tests
Rust	Test Rust workspace	2026-09-24T22:30:49.7389365Z test held_adapter_startup_status_failure_fixture ... ignored, isolated environment fixture invoked by the bounded parent test
Rust	Test Rust workspace	2026-09-24T22:30:49.7743510Z test invalid_guarded_writer_fails_before_passive_native_open_or_rpc_admission ... ok
Rust	Test Rust workspace	2026-09-24T22:30:51.3146594Z test reporter_failure_after_native_open_waits_for_explicit_adapter_drop_permission ... ok
Rust	Test Rust workspace	2026-09-24T22:30:51.3147370Z 
Rust	Test Rust workspace	2026-09-24T22:30:51.3147829Z test result: ok. 2 passed; 0 failed; 1 ignored; 0 measured; 0 filtered out; finished in 1.58s
Rust	Test Rust workspace	2026-09-24T22:30:51.3148475Z 
Rust	Test Rust workspace	2026-09-24T22:30:51.3153072Z ^[[1m^[[92m     Running^[[0m tests/melsec.rs (target/debug/deps/melsec-1bc12d0043596827)
Rust	Test Rust workspace	2026-09-24T22:30:51.3166802Z 
Rust	Test Rust workspace	2026-09-24T22:30:51.3166964Z running 15 tests
Rust	Test Rust workspace	2026-09-24T22:30:51.3424307Z test ack_is_pending_and_only_later_independent_sensor_observation_captures ... ok
Rust	Test Rust workspace	2026-09-24T22:30:51.4365290Z test abrupt_exit_at_native_commit_and_write_boundaries_never_replays ... ok
Rust	Test Rust workspace	2026-09-24T22:30:51.4954423Z test actual_host_gate_journal_reconcile_evidence_and_stop_use_melsec_adapter ... ok
Rust	Test Rust workspace	2026-09-24T22:30:51.5141359Z test already_satisfied_state_records_evidence_without_a_native_write ... ok
Rust	Test Rust workspace	2026-09-24T22:30:51.5678068Z test captured_original_session_survives_restart_but_uncaptured_ack_does_not ... ok
Rust	Test Rust workspace	2026-09-24T22:30:51.5927745Z test corrupted_completion_record_is_not_adopted_as_historical_fact ... ok
Rust	Test Rust workspace	2026-09-24T22:30:51.6219915Z test final_native_read_after_journal_commit_rechecks_ready_without_resend ... ok
Rust	Test Rust workspace	2026-09-24T22:30:51.6221270Z test melsec_crash_child ... ignored, executed only as an isolated child by the crash-boundary test
Rust	Test Rust workspace	2026-09-24T22:30:51.6362789Z test final_read_within_transport_budget_but_beyond_guard_lifetime_cannot_write ... ok
Rust	Test Rust workspace	2026-09-24T22:30:51.6571274Z test linux_real_boottime_adapter_observation_write_completion_and_drop ... ok
Rust	Test Rust workspace	2026-09-24T22:30:51.6885084Z test lost_reply_and_new_process_never_resubmit_or_clear_pending ... ok
Rust	Test Rust workspace	2026-09-24T22:30:51.6994657Z test new_or_replaced_journal_and_mismatched_profile_are_rejected_without_native_io ... ok
Rust	Test Rust workspace	2026-09-24T22:30:51.7105953Z test profile_and_intent_scope_fail_before_native_writes ... ok
Rust	Test Rust workspace	2026-09-24T22:30:51.7631708Z test publication_generation_regression_stale_and_inconsistent_images_latch ... ok
Rust	Test Rust workspace	2026-09-24T22:30:51.7846375Z test valid_support_does_not_imply_drop_permission_and_protection_does_not_release_chuck ... ok
Rust	Test Rust workspace	2026-09-24T22:30:51.7847068Z 
Rust	Test Rust workspace	2026-09-24T22:30:51.7847335Z test result: ok. 14 passed; 0 failed; 1 ignored; 0 measured; 0 filtered out; finished in 0.47s
Rust	Test Rust workspace	2026-09-24T22:30:51.7847705Z 
Rust	Test Rust workspace	2026-09-24T22:30:51.7851795Z ^[[1m^[[92m     Running^[[0m tests/melsec_service.rs (target/debug/deps/melsec_service-e5c06524b15f8d9b)
Rust	Test Rust workspace	2026-09-24T22:30:51.7871558Z 
Rust	Test Rust workspace	2026-09-24T22:30:51.7871740Z running 7 tests
Rust	Test Rust workspace	2026-09-24T22:30:51.7885372Z test export_melsec_image_fixture ... ignored, exports signed, test-only loopback configuration for the product image test
Rust	Test Rust workspace	2026-09-24T22:30:51.9479114Z test physical_metadata_requires_current_qualification_and_separate_arm_on_loopback ... ok
Rust	Test Rust workspace	2026-09-24T22:30:52.0369358Z test physical_startup_qualification_id_does_not_authorize_arm ... ok
Rust	Test Rust workspace	2026-09-24T22:30:52.2106030Z test signature_content_policy_asset_release_and_binding_tampering_fail_before_initialization ... ok
Rust	Test Rust workspace	2026-09-24T22:30:52.2321763Z test product_composition_initializes_starts_and_stops_the_signed_melsec_package ... ok
Rust	Test Rust workspace	2026-09-24T22:30:52.3335763Z test signed_device_package_binds_release_profile_assets_and_exact_cell_without_io ... ok
Rust	Test Rust workspace	2026-09-24T22:30:52.4508659Z test validly_signed_wrong_release_controller_or_installation_is_rejected ... ok
Rust	Test Rust workspace	2026-09-24T22:30:52.4509135Z 
Rust	Test Rust workspace	2026-09-24T22:30:52.4509430Z test result: ok. 6 passed; 0 failed; 1 ignored; 0 measured; 0 filtered out; finished in 0.66s
Rust	Test Rust workspace	2026-09-24T22:30:52.4509844Z 
Rust	Test Rust workspace	2026-09-24T22:30:52.4517828Z ^[[1m^[[92m     Running^[[0m tests/mtls.rs (target/debug/deps/mtls-40f5ff0468ce98ea)
Rust	Test Rust workspace	2026-09-24T22:30:52.4581972Z 
Rust	Test Rust workspace	2026-09-24T22:30:52.4582679Z running 5 tests
Rust	Test Rust workspace	2026-09-24T22:30:52.5025346Z test cell_manifest_and_session_are_mandatory_before_grant ... ok
Rust	Test Rust workspace	2026-09-24T22:30:52.5295477Z test changed_content_under_rpc_key_is_rejected_and_legacy_dispatch_cannot_bypass_cell ... ok
Rust	Test Rust workspace	2026-09-24T22:30:52.5322044Z test valid_ca_without_registered_fingerprint_cannot_impersonate_platform ... ok
Rust	Test Rust workspace	2026-09-24T22:30:52.5327337Z test concurrent_hello_retries_produce_one_usable_session ... ok
Rust	Test Rust workspace	2026-09-24T22:30:52.5461594Z test mtls_negotiation_prepare_authorize_and_evidence_roundtrip ... ok
Rust	Test Rust workspace	2026-09-24T22:30:52.5461994Z 
Rust	Test Rust workspace	2026-09-24T22:30:52.5462261Z test result: ok. 5 passed; 0 failed; 0 ignored; 0 measured; 0 filtered out; finished in 0.09s
Rust	Test Rust workspace	2026-09-24T22:30:52.5462618Z 
Rust	Test Rust workspace	2026-09-24T22:30:52.5475711Z ^[[1m^[[92m     Running^[[0m tests/process_crash.rs (target/debug/deps/process_crash-5848a73335cc7f5e)
Rust	Test Rust workspace	2026-09-24T22:30:52.5487310Z 
Rust	Test Rust workspace	2026-09-24T22:30:52.5487519Z running 3 tests
Rust	Test Rust workspace	2026-09-24T22:30:52.5791209Z test configuration_commit_survives_sigkill_before_reply_without_restoring_arm ... ok
Rust	Test Rust workspace	2026-09-24T22:30:52.5873050Z test qualification_commit_survives_sigkill_before_reply_without_restoring_authority ... ok
Rust	Test Rust workspace	2026-09-24T22:30:52.6184291Z test sigkill_at_both_journal_native_boundaries_never_replays_device_effect ... ok
Rust	Test Rust workspace	2026-09-24T22:30:52.6184996Z 
Rust	Test Rust workspace	2026-09-24T22:30:52.6185285Z test result: ok. 3 passed; 0 failed; 0 ignored; 0 measured; 0 filtered out; finished in 0.07s
Rust	Test Rust workspace	2026-09-24T22:30:52.6185684Z 
Rust	Test Rust workspace	2026-09-24T22:30:52.6187057Z ^[[1m^[[92m     Running^[[0m tests/ros_jtc.rs (target/debug/deps/ros_jtc-4a09c0d1838f5d18)
Rust	Test Rust workspace	2026-09-24T22:30:52.6201402Z 
Rust	Test Rust workspace	2026-09-24T22:30:52.6201569Z running 12 tests
Rust	Test Rust workspace	2026-09-24T22:30:52.6216483Z test actual_rust_host_to_cpp_bridge_to_ros_action_preserves_original_goal ... ignored, requires the isolated real ROS simulator and shipped bridge binary
Rust	Test Rust workspace	2026-09-24T22:30:52.6570042Z test action_completion_does_not_close_bridge_until_support_and_child_exit_are_proven ... ok
Rust	Test Rust workspace	2026-09-24T22:30:52.6571609Z test crash_jtc_child ... ignored, child-only abrupt-exit fixture
Rust	Test Rust workspace	2026-09-24T22:30:52.8055693Z test abrupt_exit_at_each_native_boundary_preserves_entry_and_never_replays ... ok
Rust	Test Rust workspace	2026-09-24T22:30:53.0289544Z test bound_jtc_outcome_table_interprets_native_captures_without_code_zero_fallback ... ok
Rust	Test Rust workspace	2026-09-24T22:30:53.0598198Z test contradictory_result_is_stored_without_success_capture ... ok
Rust	Test Rust workspace	2026-09-24T22:30:53.1140025Z test host_dispatch_context_survives_native_journal_and_rejects_expiry_or_generation_change ... ok
Rust	Test Rust workspace	2026-09-24T22:30:53.1530331Z test independent_generation_ownership_and_drop_proof_are_required ... ok
Rust	Test Rust workspace	2026-09-24T22:30:53.1599529Z test simulation_fixture_profile_cannot_claim_physical_equipment ... ok
Rust	Test Rust workspace	2026-09-24T22:30:53.1930555Z test journal_identity_loss_and_corrupt_capture_cannot_be_adopted ... ok
Rust	Test Rust workspace	2026-09-24T22:30:53.2170457Z test missing_authority_or_changed_artifact_never_dispatches ... ok
Rust	Test Rust workspace	2026-09-24T22:30:53.2779337Z test native_journal_prevents_resend_and_new_id_bypass_after_reply_loss_and_reopen ... ok
Rust	Test Rust workspace	2026-09-24T22:30:53.2780055Z 
Rust	Test Rust workspace	2026-09-24T22:30:53.2780538Z test result: ok. 10 passed; 0 failed; 2 ignored; 0 measured; 0 filtered out; finished in 0.66s
Rust	Test Rust workspace	2026-09-24T22:30:53.2781190Z 
Rust	Test Rust workspace	2026-09-24T22:30:53.2785175Z ^[[1m^[[92m     Running^[[0m tests/ros_process.rs (target/debug/deps/ros_process-ac3dda2f3e13de17)
Rust	Test Rust workspace	2026-09-24T22:30:53.2797534Z 
Rust	Test Rust workspace	2026-09-24T22:30:53.2797820Z running 3 tests
Rust	Test Rust workspace	2026-09-24T22:30:53.2820005Z test executable_pin_and_configuration_are_checked_before_spawn ... ok
Rust	Test Rust workspace	2026-09-24T22:30:53.3314872Z test owned_executable_copy_and_bounded_pipes_preserve_context_and_close_without_kill ... ok
Rust	Test Rust workspace	2026-09-24T22:30:53.6085309Z test timeout_oversize_and_wrong_instance_permanently_fault_the_pipe ... ok
Rust	Test Rust workspace	2026-09-24T22:30:53.6086251Z 
Rust	Test Rust workspace	2026-09-24T22:30:53.6086842Z test result: ok. 3 passed; 0 failed; 0 ignored; 0 measured; 0 filtered out; finished in 0.33s
Rust	Test Rust workspace	2026-09-24T22:30:53.6087311Z 
Rust	Test Rust workspace	2026-09-24T22:30:53.6100186Z ^[[1m^[[92m     Running^[[0m tests/service.rs (target/debug/deps/service-342c7885d86f93b6)
Rust	Test Rust workspace	2026-09-24T22:30:53.6124644Z 
Rust	Test Rust workspace	2026-09-24T22:30:53.6125024Z running 16 tests
Rust	Test Rust workspace	2026-09-24T22:30:53.6154883Z test export_host_image_fixture ... ignored, exports isolated container fixture
Rust	Test Rust workspace	2026-09-24T22:30:53.6297545Z test binding_inspection_compares_full_cohort_without_creating_installation_or_restoring_authority ... ok
Rust	Test Rust workspace	2026-09-24T22:30:53.6519001Z test empty_replacement_database_is_not_reinitialized_as_a_fresh_host ... ok
Rust	Test Rust workspace	2026-09-24T22:30:53.6520330Z test maintenance_crash_child ... ignored, abrupt-exit helper invoked only by the maintenance crash test
Rust	Test Rust workspace	2026-09-24T22:30:53.6542804Z test initialization_cannot_replace_a_concurrently_created_empty_destination ... ok
Rust	Test Rust workspace	2026-09-24T22:30:53.7895509Z test maintenance_requires_descriptor_feature_marker_and_does_not_silently_upgrade_legacy_installations ... ok
Rust	Test Rust workspace	2026-09-24T22:30:53.8873622Z test failed_startup_invalidates_old_stop_even_when_old_status_file_still_says_stopped ... ok
Rust	Test Rust workspace	2026-09-24T22:30:53.9259485Z test operational_state_changes_after_stop_invalidate_preparation_without_reinitializing_the_journal ... ok
Rust	Test Rust workspace	2026-09-24T22:30:53.9479950Z test durable_maintenance_requires_real_stop_recovers_same_request_and_blocks_startup_until_cancelled ... ok
Rust	Test Rust workspace	2026-09-24T22:30:53.9941903Z test normal_stop_retains_adapter_until_drop_permission_is_explicit ... ok
Rust	Test Rust workspace	2026-09-24T22:30:54.0056259Z test startup_rejects_a_symlink_at_the_actual_host_writer_lock_path ... ok
Rust	Test Rust workspace	2026-09-24T22:30:54.0143557Z test startup_rejects_policy_tampering_unknown_fields_and_unimplemented_physical_backend ... ok
Rust	Test Rust workspace	2026-09-24T22:30:54.0440014Z test preparation_cannot_swap_both_current_and_proposed_around_the_actual_stopped_startup ... ok
Rust	Test Rust workspace	2026-09-24T22:30:54.0779607Z test product_composition_has_immutable_installation_real_owner_and_clean_software_stop ... ok
Rust	Test Rust workspace	2026-09-24T22:30:54.1790215Z test unavailable_runtime_lock_refuses_service_without_claiming_a_known_owner ... ok
Rust	Test Rust workspace	2026-09-24T22:30:54.2304896Z test preparation_commit_crashes_preserve_atomicity_and_durable_same_request_recovery ... ok
Rust	Test Rust workspace	2026-09-24T22:30:54.2305661Z 
Rust	Test Rust workspace	2026-09-24T22:30:54.2306076Z test result: ok. 14 passed; 0 failed; 2 ignored; 0 measured; 0 filtered out; finished in 0.62s
Rust	Test Rust workspace	2026-09-24T22:30:54.2306656Z 
Rust	Test Rust workspace	2026-09-24T22:30:54.2315448Z ^[[1m^[[92m     Running^[[0m unittests src/lib.rs (target/debug/deps/rx_melsec_mc-77986d4f92d89cf4)
Rust	Test Rust workspace	2026-09-24T22:30:54.2327008Z 
Rust	Test Rust workspace	2026-09-24T22:30:54.2327505Z running 0 tests
Rust	Test Rust workspace	2026-09-24T22:30:54.2328199Z 
Rust	Test Rust workspace	2026-09-24T22:30:54.2328937Z test result: ok. 0 passed; 0 failed; 0 ignored; 0 measured; 0 filtered out; finished in 0.00s
Rust	Test Rust workspace	2026-09-24T22:30:54.2329972Z ^[[1m^[[92m     Running^[[0m tests/transport.rs (target/debug/deps/transport-5b7a848e485e449c)
Rust	Test Rust workspace	2026-09-24T22:30:54.2330364Z 
Rust	Test Rust workspace	2026-09-24T22:30:54.2340090Z 
Rust	Test Rust workspace	2026-09-24T22:30:54.2340259Z running 12 tests
Rust	Test Rust workspace	2026-09-24T22:30:54.2350866Z test invalid_configuration_fails_before_a_connection_attempt ... ok
Rust	Test Rust workspace	2026-09-24T22:30:54.2359186Z test denied_addresses_and_zero_or_oversize_reads_send_no_bytes ... ok
Rust	Test Rust workspace	2026-09-24T22:30:54.2360396Z test explicit_route_bytes_and_24_bit_addresses_are_preserved ... ok
Rust	Test Rust workspace	2026-09-24T22:30:54.2361867Z test documented_bit_read_and_word_read_vectors_over_fragmented_tcp ... ok
Rust	Test Rust workspace	2026-09-24T22:30:54.2363084Z test lost_write_response_preserves_uncertainty_and_never_resends ... ok
Rust	Test Rust workspace	2026-09-24T22:30:54.2364576Z test passive_connect_and_drop_never_send_plc_commands ... ok
Rust	Test Rust workspace	2026-09-24T22:30:54.2365646Z test mapped_single_bit_write_ack_does_not_claim_physical_completion ... ok
Rust	Test Rust workspace	2026-09-24T22:30:54.2367470Z test plc_error_code_is_preserved_without_assuming_write_nonexecution ... ok
Rust	Test Rust workspace	2026-09-24T22:30:54.2368735Z test profile_is_explicit_bounded_and_simulation_cannot_target_the_site ... ok
Rust	Test Rust workspace	2026-09-24T22:30:54.2369727Z test write_ack_payload_cannot_smuggle_a_completion_value ... ok
Rust	Test Rust workspace	2026-09-24T22:30:54.2376764Z test malformed_headers_lengths_end_codes_and_payloads_fault_the_connection ... ok
Rust	Test Rust workspace	2026-09-24T22:30:54.3872173Z test total_deadline_is_not_extended_by_a_slow_trickle ... ok
Rust	Test Rust workspace	2026-09-24T22:30:54.3872865Z 
Rust	Test Rust workspace	2026-09-24T22:30:54.3873461Z test result: ok. 12 passed; 0 failed; 0 ignored; 0 measured; 0 filtered out; finished in 0.15s
Rust	Test Rust workspace	2026-09-24T22:30:54.3874587Z 
Rust	Test Rust workspace	2026-09-24T22:30:54.3877095Z ^[[1m^[[92m     Running^[[0m unittests src/lib.rs (target/debug/deps/rx_process-fc69fd54e9218f3d)
Rust	Test Rust workspace	2026-09-24T22:30:54.3889364Z 
Rust	Test Rust workspace	2026-09-24T22:30:54.3889627Z running 0 tests
Rust	Test Rust workspace	2026-09-24T22:30:54.3889835Z 
Rust	Test Rust workspace	2026-09-24T22:30:54.3890142Z test result: ok. 0 passed; 0 failed; 0 ignored; 0 measured; 0 filtered out; finished in 0.00s
Rust	Test Rust workspace	2026-09-24T22:30:54.3890600Z 
Rust	Test Rust workspace	2026-09-24T22:30:54.3892416Z ^[[1m^[[92m     Running^[[0m unittests src/bin/rx-process-compile.rs (target/debug/deps/rx_process_compile-a607862fe73c2429)
Rust	Test Rust workspace	2026-09-24T22:30:54.3901834Z 
Rust	Test Rust workspace	2026-09-24T22:30:54.3902060Z running 0 tests
Rust	Test Rust workspace	2026-09-24T22:30:54.3902284Z 
Rust	Test Rust workspace	2026-09-24T22:30:54.3902595Z test result: ok. 0 passed; 0 failed; 0 ignored; 0 measured; 0 filtered out; finished in 0.00s
Rust	Test Rust workspace	2026-09-24T22:30:54.3903026Z 
Rust	Test Rust workspace	2026-09-24T22:30:54.3904854Z ^[[1m^[[92m     Running^[[0m tests/n1_handover.rs (target/debug/deps/n1_handover-6be6fad83f307e2c)
Rust	Test Rust workspace	2026-09-24T22:30:54.3915137Z 
Rust	Test Rust workspace	2026-09-24T22:30:54.3915294Z running 2 tests
Rust	Test Rust workspace	2026-09-24T22:30:54.3958840Z test n1_cross_host_support_collision_is_not_hidden_by_controller_names ... ok
Rust	Test Rust workspace	2026-09-24T22:30:54.4441021Z test n1_command_handover_and_lost_response_trace ... ok
Rust	Test Rust workspace	2026-09-24T22:30:54.4441650Z 
Rust	Test Rust workspace	2026-09-24T22:30:54.4442265Z test result: ok. 2 passed; 0 failed; 0 ignored; 0 measured; 0 filtered out; finished in 0.05s
Rust	Test Rust workspace	2026-09-24T22:30:54.4443015Z 
Rust	Test Rust workspace	2026-09-24T22:30:54.4445561Z ^[[1m^[[92m     Running^[[0m tests/package.rs (target/debug/deps/package-7608c13ab0f18341)
Rust	Test Rust workspace	2026-09-24T22:30:54.4458174Z 
Rust	Test Rust workspace	2026-09-24T22:30:54.4458471Z running 1 test
Rust	Test Rust workspace	2026-09-24T22:30:54.4712025Z test verified_content_still_requires_process_semantic_validation ... ok
Rust	Test Rust workspace	2026-09-24T22:30:54.4712712Z 
Rust	Test Rust workspace	2026-09-24T22:30:54.4713033Z test result: ok. 1 passed; 0 failed; 0 ignored; 0 measured; 0 filtered out; finished in 0.03s
Rust	Test Rust workspace	2026-09-24T22:30:54.4713460Z 
Rust	Test Rust workspace	2026-09-24T22:30:54.4715614Z ^[[1m^[[92m     Running^[[0m tests/process.rs (target/debug/deps/process-1449fc5be981f8af)
Rust	Test Rust workspace	2026-09-24T22:30:54.4727650Z 
Rust	Test Rust workspace	2026-09-24T22:30:54.4727867Z running 10 tests
Rust	Test Rust workspace	2026-09-24T22:30:54.4801941Z test branches_require_a_committed_choice_and_reject_opposite_branch_history ... ok
Rust	Test Rust workspace	2026-09-24T22:30:54.4815641Z test incomplete_history_and_recursive_subflows_do_not_create_new_work ... ok
Rust	Test Rust workspace	2026-09-24T22:30:54.4816732Z test parallel_checks_resolved_resource_conflicts_and_suppresses_new_work_on_unknown ... ok
Rust	Test Rust workspace	2026-09-24T22:30:54.4835326Z test malformed_or_unbounded_source_and_partial_progress_are_rejected ... ok
Rust	Test Rust workspace	2026-09-24T22:30:54.4860200Z test repeat_and_subflow_expand_into_distinct_stable_occurrences ... ok
Rust	Test Rust workspace	2026-09-24T22:30:54.4904900Z test sequence_waits_for_authoritative_completion_and_resource_handover ... ok
Rust	Test Rust workspace	2026-09-24T22:30:54.4945218Z test waits_and_interventions_require_recorded_decisions_without_local_timeout_success ... ok
Rust	Test Rust workspace	2026-09-24T22:30:54.4946255Z test source_link_checks_repeat_count_and_call_instantiation ... ok
Rust	Test Rust workspace	2026-09-24T22:30:54.4948730Z test unknown_and_disputed_results_never_become_failure_or_a_new_attempt ... ok
Rust	Test Rust workspace	2026-09-24T22:30:54.4981525Z test source_link_rejects_reordered_children_and_swapped_branch_arms_with_valid_node_ids ... ok
Rust	Test Rust workspace	2026-09-24T22:30:54.4982216Z 
Rust	Test Rust workspace	2026-09-24T22:30:54.4982511Z test result: ok. 10 passed; 0 failed; 0 ignored; 0 measured; 0 filtered out; finished in 0.03s
Rust	Test Rust workspace	2026-09-24T22:30:54.4982945Z 
Rust	Test Rust workspace	2026-09-24T22:30:54.4985939Z ^[[1m^[[92m     Running^[[0m unittests src/lib.rs (target/debug/deps/rx_process_package-a6631ca49ab4727f)
Rust	Test Rust workspace	2026-09-24T22:30:54.4996999Z 
Rust	Test Rust workspace	2026-09-24T22:30:54.4997151Z running 0 tests
Rust	Test Rust workspace	2026-09-24T22:30:54.4997398Z 
Rust	Test Rust workspace	2026-09-24T22:30:54.4997673Z test result: ok. 0 passed; 0 failed; 0 ignored; 0 measured; 0 filtered out; finished in 0.00s
Rust	Test Rust workspace	2026-09-24T22:30:54.4998032Z 
Rust	Test Rust workspace	2026-09-24T22:30:54.5000362Z ^[[1m^[[92m     Running^[[0m unittests src/bin/rx-process-package.rs (target/debug/deps/rx_process_package-c5428826a3928468)
Rust	Test Rust workspace	2026-09-24T22:30:54.5008871Z 
Rust	Test Rust workspace	2026-09-24T22:30:54.5009036Z running 0 tests
Rust	Test Rust workspace	2026-09-24T22:30:54.5009335Z 
Rust	Test Rust workspace	2026-09-24T22:30:54.5009858Z test result: ok. 0 passed; 0 failed; 0 ignored; 0 measured; 0 filtered out; finished in 0.00s
Rust	Test Rust workspace	2026-09-24T22:30:54.5010481Z 
Rust	Test Rust workspace	2026-09-24T22:30:54.5011926Z ^[[1m^[[92m     Running^[[0m tests/package.rs (target/debug/deps/package-69f11c7625bbe923)
Rust	Test Rust workspace	2026-09-24T22:30:54.5023248Z 
Rust	Test Rust workspace	2026-09-24T22:30:54.5023425Z running 15 tests
Rust	Test Rust workspace	2026-09-24T22:30:54.5305534Z test a_valid_signature_does_not_hide_inconsistent_packaged_compile_inputs ... ok
Rust	Test Rust workspace	2026-09-24T22:30:54.5325048Z test export_device_process_review_authority ... ignored
Rust	Test Rust workspace	2026-09-24T22:30:54.5326650Z test export_process_authoring_key ... ignored, exports a test-only public PROCESS signing key for mixed ABI policy integration
Rust	Test Rust workspace	2026-09-24T22:30:54.5328335Z test external_signer_fixture_can_sign_a_caller_selected_local_test_candidate ... ok
Rust	Test Rust workspace	2026-09-24T22:30:54.5329339Z test device_provenance_survives_signed_package_and_actual_recompilation ... ok
Rust	Test Rust workspace	2026-09-24T22:30:54.5335634Z test deterministic_candidate_detached_signature_and_recompilation_preserve_input_identity ... ok
Rust	Test Rust workspace	2026-09-24T22:30:54.5448625Z test missing_program_artifacts_and_parallel_resource_conflicts_block_assembly ... ok
Rust	Test Rust workspace	2026-09-24T22:30:54.5474674Z test sign_device_process_review ... ignored
Rust	Test Rust workspace	2026-09-24T22:30:54.5480109Z test sign_mixed_process_request ... ignored, test-only external package signer for the isolated mixed-policy harness
Rust	Test Rust workspace	2026-09-24T22:30:54.5481704Z test fixture_for_external_signing_demo_is_explicit_and_never_a_default_production_key ... ok
Rust	Test Rust workspace	2026-09-24T22:30:54.5555129Z test candidate_publication_does_not_overwrite_and_signed_directory_has_exact_inventory ... ok
Rust	Test Rust workspace	2026-09-24T22:30:54.5617724Z test policy_assets_are_read_and_dependency_files_are_verified_under_current_trust ... ok
Rust	Test Rust workspace	2026-09-24T22:30:54.5720421Z test signer_scope_key_alias_and_content_changes_do_not_gain_trust ... ok
Rust	Test Rust workspace	2026-09-24T22:30:54.5739035Z test signed_but_inconsistent_process_produces_failure_report_without_resolved_artifact ... ok
Rust	Test Rust workspace	2026-09-24T22:30:54.5825722Z test verification_report_uses_actual_signed_compilation_and_binds_request_policy ... ok
Rust	Test Rust workspace	2026-09-24T22:30:54.5826376Z 
Rust	Test Rust workspace	2026-09-24T22:30:54.5826800Z test result: ok. 11 passed; 0 failed; 4 ignored; 0 measured; 0 filtered out; finished in 0.08s
Rust	Test Rust workspace	2026-09-24T22:30:54.5827376Z 
Rust	Test Rust workspace	2026-09-24T22:30:54.5830772Z ^[[1m^[[92m     Running^[[0m unittests src/lib.rs (target/debug/deps/rx_service_status-8ebaccd1a8145767)
Rust	Test Rust workspace	2026-09-24T22:30:54.5842960Z 
Rust	Test Rust workspace	2026-09-24T22:30:54.5843128Z running 14 tests
Rust	Test Rust workspace	2026-09-24T22:30:54.5851241Z test support::tests::legacy_text_is_not_a_typed_ownership_failure ... ok
Rust	Test Rust workspace	2026-09-24T22:30:54.5869312Z test tests::host_role_installation_identity_instance_and_pid_are_exact ... ok
Rust	Test Rust workspace	2026-09-24T22:30:54.5878709Z test tests::atomic_publication_keeps_old_readers_on_a_complete_old_file ... ok
Rust	Test Rust workspace	2026-09-24T22:30:54.5881177Z test tests::executor_cell_journal_and_configuration_are_exact_scope ... ok
Rust	Test Rust workspace	2026-09-24T22:30:54.5892983Z test tests::malformed_or_removed_owned_status_cannot_be_silently_recreated ... ok
Rust	Test Rust workspace	2026-09-24T22:30:54.5908532Z test tests::product_reader_and_reporter_clock_use_linux_boottime ... ok
Rust	Test Rust workspace	2026-09-24T22:30:54.5916996Z test tests::reader_preserves_same_sequence_content_changes_for_supervisor_comparison ... ok
Rust	Test Rust workspace	2026-09-24T22:30:54.5922870Z test tests::one_writer_rejects_foreign_owner_and_content_replacement ... ok
Rust	Test Rust workspace	2026-09-24T22:30:54.5930061Z test tests::lifecycle_publication_preserves_exact_source_time_and_owner ... ok
Rust	Test Rust workspace	2026-09-24T22:30:54.5932542Z test tests::status_path_opts_in_without_breaking_legacy_instance_id_only_environment ... ok
Rust	Test Rust workspace	2026-09-24T22:30:54.5944917Z test tests::stale_future_and_other_clock_observations_are_rejected_without_refresh ... ok
Rust	Test Rust workspace	2026-09-24T22:30:54.5955886Z test tests::symlinks_special_files_and_missing_parent_are_errors_not_absence ... ok
Rust	Test Rust workspace	2026-09-24T22:30:54.6003217Z test tests::reporter_clock_regression_and_sequence_overflow_do_not_replace_last_state ... ok
Rust	Test Rust workspace	2026-09-24T22:30:54.6031513Z test tests::schema_zero_sequence_and_strict_payload_shape_are_enforced ... ok
Rust	Test Rust workspace	2026-09-24T22:30:54.6032085Z 
Rust	Test Rust workspace	2026-09-24T22:30:54.6032499Z test result: ok. 14 passed; 0 failed; 0 ignored; 0 measured; 0 filtered out; finished in 0.02s
Rust	Test Rust workspace	2026-09-24T22:30:54.6033118Z 
Rust	Test Rust workspace	2026-09-24T22:30:54.6035995Z ^[[1m^[[92m     Running^[[0m unittests src/lib.rs (target/debug/deps/rx_solution_catalog-bc5d864cce88e209)
Rust	Test Rust workspace	2026-09-24T22:30:54.6047069Z 
Rust	Test Rust workspace	2026-09-24T22:30:54.6047235Z running 0 tests
Rust	Test Rust workspace	2026-09-24T22:30:54.6047461Z 
Rust	Test Rust workspace	2026-09-24T22:30:54.6047876Z test result: ok. 0 passed; 0 failed; 0 ignored; 0 measured; 0 filtered out; finished in 0.00s
Rust	Test Rust workspace	2026-09-24T22:30:54.6048436Z 
Rust	Test Rust workspace	2026-09-24T22:30:54.6049752Z ^[[1m^[[92m     Running^[[0m tests/builtin.rs (target/debug/deps/builtin-962fef28c043b508)
Rust	Test Rust workspace	2026-09-24T22:30:54.6059269Z 
Rust	Test Rust workspace	2026-09-24T22:30:54.6059441Z running 3 tests
Rust	Test Rust workspace	2026-09-24T22:30:54.6070109Z test builtin_is_explicit_simulation_with_independent_joint_sets ... ok
Rust	Test Rust workspace	2026-09-24T22:30:54.6073171Z test external_sources_are_vendor_neutral_and_still_revision_bound ... ok
Rust	Test Rust workspace	2026-09-24T22:30:54.6092627Z test provenance_and_commissioning_cannot_be_erased_or_relabeled ... ok
Rust	Test Rust workspace	2026-09-24T22:30:54.6093163Z 
Rust	Test Rust workspace	2026-09-24T22:30:54.6093523Z test result: ok. 3 passed; 0 failed; 0 ignored; 0 measured; 0 filtered out; finished in 0.00s
Rust	Test Rust workspace	2026-09-24T22:30:54.6093877Z 
Rust	Test Rust workspace	2026-09-24T22:30:54.6095429Z ^[[1m^[[92m     Running^[[0m unittests src/lib.rs (target/debug/deps/rx_supervisor-c472761764f2e494)
Rust	Test Rust workspace	2026-09-24T22:30:54.6106876Z 
Rust	Test Rust workspace	2026-09-24T22:30:54.6107093Z running 21 tests
Rust	Test Rust workspace	2026-09-24T22:30:54.6116185Z test initialization::termination_tests::failed_signal_command_status_is_not_a_successful_delivery ... ok
Rust	Test Rust workspace	2026-09-24T22:30:54.6117037Z test execution_store::tests::unknown_run_does_not_create_nested_execution_store ... ok
Rust	Test Rust workspace	2026-09-24T22:30:54.6135819Z test initialization::termination_tests::failed_term_keeps_the_same_owned_child_retryable_until_delivery_is_confirmed ... ok
Rust	Test Rust workspace	2026-09-24T22:30:55.3756796Z test process::linux_limits::tests::gate_death_in_exec_window_cannot_mint_a_receipt_from_eof ... ok
Rust	Test Rust workspace	2026-09-24T22:30:55.3779531Z test process::linux_limits::tests::exec_syscall_failure_is_not_an_admission ... ok
Rust	Test Rust workspace	2026-09-24T22:30:55.3787601Z test process::linux_limits::tests::actual_kernel_permission_failure_after_lowering_rolls_back_before_target ... ok
Rust	Test Rust workspace	2026-09-24T22:30:55.3801751Z test process::linux_limits::tests::authority_change_after_application_prevents_exec_and_confirms_rollback ... ok
Rust	Test Rust workspace	2026-09-24T22:30:55.3803311Z test process::signal_tests::failed_signal_keeps_control_and_unknown_effect_errors ... ok
Rust	Test Rust workspace	2026-09-24T22:30:55.3806930Z test process::signal_tests::failed_signal_with_live_or_unconfirmed_child_remains_error ... ok
Rust	Test Rust workspace	2026-09-24T22:30:55.3811746Z test process::signal_tests::signal_acceptance_does_not_claim_child_exit ... ok
Rust	Test Rust workspace	2026-09-24T22:30:55.3854868Z test process::signal_tests::failed_signal_uses_only_confirmed_owned_non_actuating_exit ... ok
Rust	Test Rust workspace	2026-09-24T22:30:55.3887497Z test process_identity::linux::tests::foreign_namespace_neither_matches_nor_proves_absence ... ok
Rust	Test Rust workspace	2026-09-24T22:30:55.3888844Z test process_identity::linux::tests::namespace_lifetime_read_race_has_its_own_rejection ... ok
Rust	Test Rust workspace	2026-09-24T22:30:55.3890179Z test process_identity::linux::tests::stat_comm_parentheses_do_not_shift_starttime ... ok
Rust	Test Rust workspace	2026-09-24T22:30:55.3891359Z test process_identity::linux::tests::zombie_and_read_race_are_distinct_unverifiable_findings ... ok
Rust	Test Rust workspace	2026-09-24T22:30:55.3892678Z test registration::recovery::investigation_tests::legacy_string_summary_decodes_only_as_history ... ok
Rust	Test Rust workspace	2026-09-24T22:30:55.3894393Z test process_identity::linux::tests::every_saved_scope_dimension_is_required_before_absence ... ok
Rust	Test Rust workspace	2026-09-24T22:30:55.4236634Z test registration::recovery::investigation_tests::registry_reads_original_identity_and_does_not_backfill_legacy_records ... ok
Rust	Test Rust workspace	2026-09-24T22:30:55.4238455Z test registration::recovery::investigation_tests::real_zombie_is_unverifiable_then_reaped_absence_can_confirm_without_changing_unknown ... ok
Rust	Test Rust workspace	2026-09-24T22:30:55.8892139Z test process::linux_limits::tests::observation_failure_after_application_confirms_no_remaining_child_policy ... ok
Rust	Test Rust workspace	2026-09-24T22:30:55.9135717Z test process::linux_limits::tests::gate_excludes_current_directory_python_module_shadowing ... ok
Rust	Test Rust workspace	2026-09-24T22:30:55.9136441Z 
Rust	Test Rust workspace	2026-09-24T22:30:55.9136833Z test result: ok. 21 passed; 0 failed; 0 ignored; 0 measured; 0 filtered out; finished in 1.30s
Rust	Test Rust workspace	2026-09-24T22:30:55.9137396Z 
Rust	Test Rust workspace	2026-09-24T22:30:55.9151812Z ^[[1m^[[92m     Running^[[0m unittests src/bin/rx-solutionsd.rs (target/debug/deps/rx_solutionsd-ea57e26056403d5d)
Rust	Test Rust workspace	2026-09-24T22:30:55.9162046Z 
Rust	Test Rust workspace	2026-09-24T22:30:55.9162273Z running 0 tests
Rust	Test Rust workspace	2026-09-24T22:30:55.9162550Z 
Rust	Test Rust workspace	2026-09-24T22:30:55.9162820Z test result: ok. 0 passed; 0 failed; 0 ignored; 0 measured; 0 filtered out; finished in 0.00s
Rust	Test Rust workspace	2026-09-24T22:30:55.9163177Z 
Rust	Test Rust workspace	2026-09-24T22:30:55.9165559Z ^[[1m^[[92m     Running^[[0m tests/decision_anchors.rs (target/debug/deps/decision_anchors-388590c47227b53f)
Rust	Test Rust workspace	2026-09-24T22:30:55.9203475Z 
Rust	Test Rust workspace	2026-09-24T22:30:55.9203769Z running 1 test
Rust	Test Rust workspace	2026-09-24T22:30:55.9290548Z test author_anchors_are_pinned_and_site_data_cannot_override_them ... ok
Rust	Test Rust workspace	2026-09-24T22:30:55.9290930Z 
Rust	Test Rust workspace	2026-09-24T22:30:55.9291185Z test result: ok. 1 passed; 0 failed; 0 ignored; 0 measured; 0 filtered out; finished in 0.01s
Rust	Test Rust workspace	2026-09-24T22:30:55.9291544Z 
Rust	Test Rust workspace	2026-09-24T22:30:55.9294969Z ^[[1m^[[92m     Running^[[0m tests/dependency_binding.rs (target/debug/deps/dependency_binding-532e23b7896ffe50)
Rust	Test Rust workspace	2026-09-24T22:30:55.9308397Z 
Rust	Test Rust workspace	2026-09-24T22:30:55.9308586Z running 10 tests
Rust	Test Rust workspace	2026-09-24T22:30:56.1892742Z test author_scope_cannot_be_replaced_and_unknown_is_not_independent ... ok
Rust	Test Rust workspace	2026-09-24T22:30:56.4519709Z test absent_and_malformed_sources_and_explicit_denial_have_named_distinct_states ... ok
Rust	Test Rust workspace	2026-09-24T22:30:57.3567219Z test bounded_collection_keeps_a_finish_slot_and_cannot_overwrite_result ... ok
Rust	Test Rust workspace	2026-09-24T22:30:57.9194455Z test captured_response_cannot_be_replayed_for_another_diagnostic_request ... ok
Rust	Test Rust workspace	2026-09-24T22:30:58.5541808Z test continuous_loss_blocks_only_dependent_progress_and_current_result_consumption ... ok
Rust	Test Rust workspace	2026-09-24T22:30:59.1796890Z test current_report_change_and_consumer_retirement_do_not_rewrite_historical_result ... ok
Rust	Test Rust workspace	2026-09-24T22:30:59.7708207Z test generation_window_defers_input_until_finish_and_preserves_completed_snapshot ... ok
Rust	Test Rust workspace	2026-09-24T22:31:00.3933070Z test preparation_input_outlives_provider_and_result_is_durable_without_permission ... ok
Rust	Test Rust workspace	2026-09-24T22:31:00.4131974Z test result_run_and_history_commit_atomically_on_storage_failure ... ok
Rust	Test Rust workspace	2026-09-24T22:31:01.8358648Z test same_format_registration_and_same_registration_new_execution_do_not_inherit_binding ... ok
Rust	Test Rust workspace	2026-09-24T22:31:01.8359489Z 
Rust	Test Rust workspace	2026-09-24T22:31:01.8360001Z test result: ok. 10 passed; 0 failed; 0 ignored; 0 measured; 0 filtered out; finished in 5.90s
Rust	Test Rust workspace	2026-09-24T22:31:01.8360683Z 
Rust	Test Rust workspace	2026-09-24T22:31:01.8378216Z ^[[1m^[[92m     Running^[[0m tests/execution_admission.rs (target/debug/deps/execution_admission-89d897bd40fe704e)
Rust	Test Rust workspace	2026-09-24T22:31:01.8391282Z 
Rust	Test Rust workspace	2026-09-24T22:31:01.8391560Z running 12 tests
Rust	Test Rust workspace	2026-09-24T22:31:01.8596294Z test diagnostic_query_does_not_enter_admission_or_spawn ... ok
Rust	Test Rust workspace	2026-09-24T22:31:01.8620298Z test authority_recheck_precedes_any_simulated_resource_application ... ok
Rust	Test Rust workspace	2026-09-24T22:31:01.8646153Z test malformed_rejection_is_not_falsely_reported_as_confirmed_non_application ... ok
Rust	Test Rust workspace	2026-09-24T22:31:01.8763682Z test legacy_serialization_is_unchanged_and_explicit_empty_has_its_own_identity ... ok
Rust	Test Rust workspace	2026-09-24T22:31:01.8930607Z test site_overrides_and_lowered_catalog_are_rejected_in_three_distinct_paths ... ok
Rust	Test Rust workspace	2026-09-24T22:31:01.8934880Z test reopening_does_not_restore_application_evidence_or_resource_ownership ... ok
Rust	Test Rust workspace	2026-09-24T22:31:01.9108763Z test real_backend_rejects_required_policies_before_exec_and_reports_no_application ... ok
Rust	Test Rust workspace	2026-09-24T22:31:01.9401840Z test unknown_is_rejected_even_by_a_capable_backend_and_not_required_is_distinct ... ok
Rust	Test Rust workspace	2026-09-24T22:31:01.9444592Z test real_backend_keeps_legacy_and_explicit_no_policy_startup_working ... ok
Rust	Test Rust workspace	2026-09-24T22:31:01.9596083Z test stale_receipts_and_lost_application_responses_remain_unknown_without_retry ... ok
Rust	Test Rust workspace	2026-09-24T22:31:01.9856872Z test whole_bundle_all_available_all_unavailable_and_mixed_have_no_partial_application ... ok
Rust	Test Rust workspace	2026-09-24T22:31:02.0034184Z test upper_bounds_do_not_reserve_but_reserved_capacity_and_access_conflicts_are_atomic ... ok
Rust	Test Rust workspace	2026-09-24T22:31:02.0035088Z 
Rust	Test Rust workspace	2026-09-24T22:31:02.0035648Z test result: ok. 12 passed; 0 failed; 0 ignored; 0 measured; 0 filtered out; finished in 0.16s
Rust	Test Rust workspace	2026-09-24T22:31:02.0036823Z 
Rust	Test Rust workspace	2026-09-24T22:31:02.0039661Z ^[[1m^[[92m     Running^[[0m tests/guarded.rs (target/debug/deps/guarded-632b5fc2334609a5)
Rust	Test Rust workspace	2026-09-24T22:31:02.0053216Z 
Rust	Test Rust workspace	2026-09-24T22:31:02.0053426Z running 7 tests
Rust	Test Rust workspace	2026-09-24T22:31:02.0067096Z test guarded_paths_are_per_instance_and_scope_is_preserved ... ok
Rust	Test Rust workspace	2026-09-24T22:31:02.0087165Z test guarded_recipe_cannot_use_alive_only_parameters_restart_or_physical_authority_fallback ... ok
Rust	Test Rust workspace	2026-09-24T22:31:02.0362992Z test failed_first_term_retries_the_same_owned_service_without_waiting_for_timeout ... ok
Rust	Test Rust workspace	2026-09-24T22:31:02.0409310Z test lost_protocol_readiness_latches_cooperative_shutdown_instead_of_restart ... ok
Rust	Test Rust workspace	2026-09-24T22:31:02.0519021Z test nonzero_guarded_exit_is_unconfirmed_even_with_stopped_report ... ok
Rust	Test Rust workspace	2026-09-24T22:31:02.0701265Z test guarded_readiness_requires_protocol_and_exit_zero_requires_terminal_report ... ok
Rust	Test Rust workspace	2026-09-24T22:31:02.1538805Z test held_guarded_service_is_not_forced_after_timeout ... ok
Rust	Test Rust workspace	2026-09-24T22:31:02.1544472Z ^[[1m^[[92m     Running^[[0m tests/guarded_os.rs (target/debug/deps/guarded_os-227a90c9576d0081)
Rust	Test Rust workspace	2026-09-24T22:31:02.1545156Z 
Rust	Test Rust workspace	2026-09-24T22:31:02.1545520Z test result: ok. 7 passed; 0 failed; 0 ignored; 0 measured; 0 filtered out; finished in 0.15s
Rust	Test Rust workspace	2026-09-24T22:31:02.1546266Z 
Rust	Test Rust workspace	2026-09-24T22:31:02.1557736Z 
Rust	Test Rust workspace	2026-09-24T22:31:02.1557906Z running 1 test
Rust	Test Rust workspace	2026-09-24T22:31:02.8151963Z test guarded_term_targets_only_the_owned_leader_and_force_is_rejected ... ok
Rust	Test Rust workspace	2026-09-24T22:31:02.8152784Z 
Rust	Test Rust workspace	2026-09-24T22:31:02.8153212Z test result: ok. 1 passed; 0 failed; 0 ignored; 0 measured; 0 filtered out; finished in 0.66s
Rust	Test Rust workspace	2026-09-24T22:31:02.8153788Z 
Rust	Test Rust workspace	2026-09-24T22:31:02.8158574Z ^[[1m^[[92m     Running^[[0m tests/initialization.rs (target/debug/deps/initialization-e9ca2dd891e0d10d)
Rust	Test Rust workspace	2026-09-24T22:31:02.8172709Z 
Rust	Test Rust workspace	2026-09-24T22:31:02.8172897Z running 2 tests
Rust	Test Rust workspace	2026-09-24T22:31:02.8295691Z test required_composition_initialization_rejects_missing_partial_changed_list_and_wrong_digest ... ok
Rust	Test Rust workspace	2026-09-24T22:31:04.8806379Z test four_named_initializer_successes_are_recorded_once_and_entered_is_never_replayed ... ok
Rust	Test Rust workspace	2026-09-24T22:31:04.8807131Z 
Rust	Test Rust workspace	2026-09-24T22:31:04.8807559Z test result: ok. 2 passed; 0 failed; 0 ignored; 0 measured; 0 filtered out; finished in 2.06s
Rust	Test Rust workspace	2026-09-24T22:31:04.8808159Z 
Rust	Test Rust workspace	2026-09-24T22:31:04.8817302Z ^[[1m^[[92m     Running^[[0m tests/lifecycle.rs (target/debug/deps/lifecycle-c35dea864e812340)
Rust	Test Rust workspace	2026-09-24T22:31:04.8831412Z 
Rust	Test Rust workspace	2026-09-24T22:31:04.8831643Z running 10 tests
Rust	Test Rust workspace	2026-09-24T22:31:04.9189060Z test default_authority_does_not_start_control_owners_and_other_stores_are_not_claimed ... ok
Rust	Test Rust workspace	2026-09-24T22:31:04.9267392Z test failed_stop_persistence_still_prevents_new_processes_and_exit_observation_can_be_retried ... ok
Rust	Test Rust workspace	2026-09-24T22:31:04.9282904Z test release_program_change_and_unsafe_plan_choices_are_rejected ... ok
Rust	Test Rust workspace	2026-09-24T22:31:04.9339304Z test dependencies_start_after_readiness_and_stop_before_their_provider ... ok
Rust	Test Rust workspace	2026-09-24T22:31:04.9870829Z test launch_commit_boundaries_never_replay_an_uncertain_spawn ... ok
Rust	Test Rust workspace	2026-09-24T22:31:05.0046406Z test supervisor_restart_keeps_live_or_uncertain_processes_unknown_and_never_signals_saved_pids ... ok
Rust	Test Rust workspace	2026-09-24T22:31:05.0165791Z test uncertain_backend_result_is_not_a_known_start_failure ... ok
Rust	Test Rust workspace	2026-09-24T22:31:05.0324866Z test execution_retry::previous_application_observation_does_not_cover_a_new_prepared_instance ... ok
Rust	Test Rust workspace	2026-09-24T22:31:05.0768874Z test stop_authority_is_required_and_control_processes_are_never_force_killed ... ok
Rust	Test Rust workspace	2026-09-24T22:31:05.2021472Z test software_restart_budget_persists_until_an_explicit_clean_reactivation ... ok
Rust	Test Rust workspace	2026-09-24T22:31:05.2022143Z 
Rust	Test Rust workspace	2026-09-24T22:31:05.2022574Z test result: ok. 10 passed; 0 failed; 0 ignored; 0 measured; 0 filtered out; finished in 0.32s
Rust	Test Rust workspace	2026-09-24T22:31:05.2023144Z 
Rust	Test Rust workspace	2026-09-24T22:31:05.2026902Z ^[[1m^[[92m     Running^[[0m tests/operating_area.rs (target/debug/deps/operating_area-8dc77bafb51eb178)
Rust	Test Rust workspace	2026-09-24T22:31:05.2041254Z 
Rust	Test Rust workspace	2026-09-24T22:31:05.2041435Z running 4 tests
Rust	Test Rust workspace	2026-09-24T22:31:06.0965140Z test cached_provider_rechecks_signed_revocation_and_invalidates_retained_proof ... ok
Rust	Test Rust workspace	2026-09-24T22:31:06.1342033Z test pending_publication_is_not_use_and_commit_lock_spans_the_physical_transaction ... ok
Rust	Test Rust workspace	2026-09-24T22:31:06.6734930Z test old_response_cannot_restore_a_live_request_after_receiver_restart ... ok
Rust	Test Rust workspace	2026-09-24T22:31:06.8352552Z test polling_keeps_original_nonce_and_deadline_and_context_failure_is_not_pending ... ok
Rust	Test Rust workspace	2026-09-24T22:31:06.8353343Z 
Rust	Test Rust workspace	2026-09-24T22:31:06.8353807Z test result: ok. 4 passed; 0 failed; 0 ignored; 0 measured; 0 filtered out; finished in 1.63s
Rust	Test Rust workspace	2026-09-24T22:31:06.8354720Z 
Rust	Test Rust workspace	2026-09-24T22:31:06.8366405Z ^[[1m^[[92m     Running^[[0m tests/os_process.rs (target/debug/deps/os_process-c7c80a360aed05be)
Rust	Test Rust workspace	2026-09-24T22:31:06.8379893Z 
Rust	Test Rust workspace	2026-09-24T22:31:06.8380103Z running 2 tests
Rust	Test Rust workspace	2026-09-24T22:31:07.3212146Z test tampered_program_file_is_not_started ... ok
Rust	Test Rust workspace	2026-09-24T22:31:08.3952987Z test real_process_readiness_is_instance_correlated_and_shutdown_reaps_the_owned_process ... ok
Rust	Test Rust workspace	2026-09-24T22:31:08.3953658Z 
Rust	Test Rust workspace	2026-09-24T22:31:08.3954246Z test result: ok. 2 passed; 0 failed; 0 ignored; 0 measured; 0 filtered out; finished in 1.56s
Rust	Test Rust workspace	2026-09-24T22:31:08.3954667Z 
Rust	Test Rust workspace	2026-09-24T22:31:08.3962260Z ^[[1m^[[92m     Running^[[0m tests/recovery.rs (target/debug/deps/recovery-835b74aebc083169)
Rust	Test Rust workspace	2026-09-24T22:31:08.3976864Z 
Rust	Test Rust workspace	2026-09-24T22:31:08.3977074Z running 9 tests
Rust	Test Rust workspace	2026-09-24T22:31:08.4718459Z test confirmed_disposition_preserves_unknown_and_does_not_automatically_open_assignment ... ok
Rust	Test Rust workspace	2026-09-24T22:31:08.5309615Z test disposed_observation_cannot_be_overwritten_by_an_old_supervisor ... ok
Rust	Test Rust workspace	2026-09-24T22:31:08.6242962Z test disposition_and_resume_consumption_rollback_without_half_records ... ok
Rust	Test Rust workspace	2026-09-24T22:31:08.7310089Z test explicit_resume_consumes_once_and_uses_new_instance_without_restoring_receipts ... ok
Rust	Test Rust workspace	2026-09-24T22:31:08.7803871Z test missing_original_pid_binding_requires_another_provider_not_an_inferred_closure ... ok
Rust	Test Rust workspace	2026-09-24T22:31:08.8561332Z test old_run_prepared_instance_and_automatic_restart_budget_are_not_recovery_routes ... ok
Rust	Test Rust workspace	2026-09-24T22:31:08.9052851Z test unable_to_resolve_is_not_success_or_permission_to_resume ... ok
Rust	Test Rust workspace	2026-09-24T22:31:08.9527160Z test weak_observations_and_default_authority_cannot_dispose ... ok
Rust	Test Rust workspace	2026-09-24T22:31:08.9997350Z test witness_scope_time_target_actor_and_stale_revision_are_checked ... ok
Rust	Test Rust workspace	2026-09-24T22:31:08.9997856Z 
Rust	Test Rust workspace	2026-09-24T22:31:08.9998199Z test result: ok. 9 passed; 0 failed; 0 ignored; 0 measured; 0 filtered out; finished in 0.60s
Rust	Test Rust workspace	2026-09-24T22:31:08.9998679Z 
Rust	Test Rust workspace	2026-09-24T22:31:09.0001926Z ^[[1m^[[92m     Running^[[0m tests/registration.rs (target/debug/deps/registration-89022826894b597f)
Rust	Test Rust workspace	2026-09-24T22:31:09.0016057Z 
Rust	Test Rust workspace	2026-09-24T22:31:09.0016208Z running 11 tests
Rust	Test Rust workspace	2026-09-24T22:31:09.0195337Z test failed_transaction_commits_neither_revision_nor_control_event_or_projection ... ok
Rust	Test Rust workspace	2026-09-24T22:31:09.0242620Z test competing_updates_and_retired_reactivation_fail_without_erasing_history ... ok
Rust	Test Rust workspace	2026-09-24T22:31:09.0851268Z test failure_between_assignment_and_observation_is_unconfirmed_and_cannot_replay ... ok
Rust	Test Rust workspace	2026-09-24T22:31:09.0862821Z test historical_assignment_revision_survives_a_label_review_after_exit ... ok
Rust	Test Rust workspace	2026-09-24T22:31:09.0901774Z test catalog_weakening_and_legacy_reopen_are_explained_and_leave_old_records_readable ... ok
Rust	Test Rust workspace	2026-09-24T22:31:09.1046483Z test different_plan_same_name_pid_and_port_make_distinct_executions_of_one_registration ... ok
Rust	Test Rust workspace	2026-09-24T22:31:09.1059334Z test registration_exists_without_execution_or_plan_and_survives_repository_reopen ... ok
Rust	Test Rust workspace	2026-09-24T22:31:09.1319352Z test missing_executable_does_not_deregister_the_component ... ok
Rust	Test Rust workspace	2026-09-24T22:31:09.1342186Z test registration_never_replaces_lifecycle_authority ... ok
Rust	Test Rust workspace	2026-09-24T22:31:09.1928733Z test retirement_blocks_new_assignment_but_keeps_running_history_and_unresolved_obligations ... ok
Rust	Test Rust workspace	2026-09-24T22:31:09.2271913Z test normal_exit_unexpected_handle_loss_and_restart_preserve_registration ... ok
Rust	Test Rust workspace	2026-09-24T22:31:09.2272635Z 
Rust	Test Rust workspace	2026-09-24T22:31:09.2273059Z test result: ok. 11 passed; 0 failed; 0 ignored; 0 measured; 0 filtered out; finished in 0.23s
Rust	Test Rust workspace	2026-09-24T22:31:09.2274372Z 
Rust	Test Rust workspace	2026-09-24T22:31:09.2278659Z ^[[1m^[[92m     Running^[[0m tests/registration_passage.rs (target/debug/deps/registration_passage-4a5db641d31cab47)
Rust	Test Rust workspace	2026-09-24T22:31:09.2295104Z 
Rust	Test Rust workspace	2026-09-24T22:31:09.2295273Z running 2 tests
Rust	Test Rust workspace	2026-09-24T22:31:09.2297136Z test passage_worker ... ignored, worker invoked only by the real registration passage
Rust	Test Rust workspace	2026-09-24T22:31:09.2298334Z test real_registration_passage ... ignored, requires validated /opt/rx release; run tools/registration_passage.py
Rust	Test Rust workspace	2026-09-24T22:31:09.2299096Z 
Rust	Test Rust workspace	2026-09-24T22:31:09.2299514Z test result: ok. 0 passed; 0 failed; 2 ignored; 0 measured; 0 filtered out; finished in 0.00s
Rust	Test Rust workspace	2026-09-24T22:31:09.2300767Z ^[[1m^[[92m     Running^[[0m tests/replacement.rs (target/debug/deps/replacement-1c42bfc76ef8619c)
Rust	Test Rust workspace	2026-09-24T22:31:09.2301392Z 
Rust	Test Rust workspace	2026-09-24T22:31:09.2312896Z 
Rust	Test Rust workspace	2026-09-24T22:31:09.2313074Z running 9 tests
Rust	Test Rust workspace	2026-09-24T22:31:10.4162750Z test assignment_observed_before_switch_cannot_commit_against_superseded_route ... ok
Rust	Test Rust workspace	2026-09-24T22:31:12.9538653Z test authority_expiry_revocation_restart_and_candidate_generation_are_rechecked ... ok
Rust	Test Rust workspace	2026-09-24T22:31:14.0993605Z test changed_consumer_revision_preserves_history_but_cannot_reinterpret_old_route ... ok
Rust	Test Rust workspace	2026-09-24T22:31:15.2209018Z test default_catalog_does_not_apply_a_replacement_or_block_diagnostic_completion ... ok
Rust	Test Rust workspace	2026-09-24T22:31:17.8613147Z test manager_loss_during_replacement_recovers_old_or_new_without_ownership ... ok
Rust	Test Rust workspace	2026-09-24T22:31:19.0860591Z test old_source_loss_withholds_only_its_interval_while_new_and_independent_work_continue ... ok
Rust	Test Rust workspace	2026-09-24T22:31:20.2555803Z test partial_staging_rollback_and_lost_reply_leave_one_route_and_preserve_receipt ... ok
Rust	Test Rust workspace	2026-09-24T22:31:21.4658768Z test route_switch_midflight_keeps_old_version_and_new_assignments_use_new_then_return ... ok
Rust	Test Rust workspace	2026-09-24T22:31:22.6325127Z test two_concurrent_applications_from_one_base_cannot_both_win ... ok
Rust	Test Rust workspace	2026-09-24T22:31:22.6325677Z 
Rust	Test Rust workspace	2026-09-24T22:31:22.6326052Z test result: ok. 9 passed; 0 failed; 0 ignored; 0 measured; 0 filtered out; finished in 13.40s
Rust	Test Rust workspace	2026-09-24T22:31:22.6326573Z 
Rust	Test Rust workspace	2026-09-24T22:31:22.6348760Z ^[[1m^[[92m     Running^[[0m tests/resident_registration.rs (target/debug/deps/resident_registration-5f911049018dec65)
Rust	Test Rust workspace	2026-09-24T22:31:22.6361951Z 
Rust	Test Rust workspace	2026-09-24T22:31:22.6362655Z running 12 tests
Rust	Test Rust workspace	2026-09-24T22:31:22.6759744Z test resident_catalog_change_does_not_rewrite_accepted_history ... ok
Rust	Test Rust workspace	2026-09-24T22:31:22.6767454Z test resident_duplicate_selection_mapping_is_refused ... ok
Rust	Test Rust workspace	2026-09-24T22:31:22.6814225Z test resident_duplicate_registration_mapping_is_refused ... ok
Rust	Test Rust workspace	2026-09-24T22:31:22.7046128Z test resident_cross_selection_assignment_cannot_satisfy_reconciliation ... ok
Rust	Test Rust workspace	2026-09-24T22:31:22.7106899Z test resident_failure_between_registration_and_index_rolls_back_every_record ... ok
Rust	Test Rust workspace	2026-09-24T22:31:22.7200636Z test resident_failed_assignment_never_reaches_the_os_backend ... ok
Rust	Test Rust workspace	2026-09-24T22:31:22.7416074Z test resident_legacy_store_cannot_be_adopted_by_creating_registration ... ok
Rust	Test Rust workspace	2026-09-24T22:31:22.7473769Z test resident_missing_selection_is_not_automatically_registered ... ok
Rust	Test Rust workspace	2026-09-24T22:31:22.7782747Z test resident_retirement_does_not_register_a_replacement ... ok
Rust	Test Rust workspace	2026-09-24T22:31:22.7952973Z test resident_reopen_keeps_distinct_ids_and_unknown_without_pid_adoption ... ok
Rust	Test Rust workspace	2026-09-24T22:31:22.8008619Z test resident_swapped_index_cannot_adopt_another_components_execution ... ok
Rust	Test Rust workspace	2026-09-24T22:31:22.8851198Z test resident_guarded_legacy_retains_dependency_stop_order_and_never_forces ... ok
Rust	Test Rust workspace	2026-09-24T22:31:22.8851886Z 
Rust	Test Rust workspace	2026-09-24T22:31:22.8852166Z test result: ok. 12 passed; 0 failed; 0 ignored; 0 measured; 0 filtered out; finished in 0.25s
Rust	Test Rust workspace	2026-09-24T22:31:22.8852533Z 
Rust	Test Rust workspace	2026-09-24T22:31:22.8857682Z ^[[1m^[[92m     Running^[[0m tests/resource_enforcement.rs (target/debug/deps/resource_enforcement-8d1a4696dfe722c8)
Rust	Test Rust workspace	2026-09-24T22:31:22.8872015Z 
Rust	Test Rust workspace	2026-09-24T22:31:22.8872284Z running 4 tests
Rust	Test Rust workspace	2026-09-24T22:31:23.3792034Z test linux::executable_integrity_failure_is_a_named_no_application_rejection ... ok
Rust	Test Rust workspace	2026-09-24T22:31:23.9600688Z test linux::actual_rx_child_limit_is_observed_by_a_separate_process_and_binds_allocations ... ok
Rust	Test Rust workspace	2026-09-24T22:31:24.4770496Z test linux::saved_limit_history_never_restores_a_current_receipt_after_owner_loss ... ok
Rust	Test Rust workspace	2026-09-24T22:31:24.7307971Z test unsupported_reserved_capacity_rejects_the_entire_bundle ... ok
Rust	Test Rust workspace	2026-09-24T22:31:24.7308385Z 
Rust	Test Rust workspace	2026-09-24T22:31:24.7308675Z test result: ok. 4 passed; 0 failed; 0 ignored; 0 measured; 0 filtered out; finished in 1.84s
Rust	Test Rust workspace	2026-09-24T22:31:24.7309052Z 
Rust	Test Rust workspace	2026-09-24T22:31:24.7328901Z ^[[1m^[[92m     Running^[[0m tests/service_catalog.rs (target/debug/deps/service_catalog-0da2049e8db76eb8)
Rust	Test Rust workspace	2026-09-24T22:31:24.7341199Z 
Rust	Test Rust workspace	2026-09-24T22:31:24.7341429Z running 4 tests
Rust	Test Rust workspace	2026-09-24T22:31:24.7632266Z test service_names_cannot_be_paths_or_choose_programs ... ok
Rust	Test Rust workspace	2026-09-24T22:31:24.7632894Z test distinct_executor_principals_cannot_compete_for_the_same_installation_cell ... ok
Rust	Test Rust workspace	2026-09-24T22:31:24.7633521Z test two_hosts_and_two_cells_resolve_fixed_binaries_and_independent_dependency_order ... ok
Rust	Test Rust workspace	2026-09-24T22:31:24.7634605Z test each_executor_requires_matching_host_edges_and_definitions_without_cross_cell_shortcuts ... ok
Rust	Test Rust workspace	2026-09-24T22:31:24.7635188Z 
Rust	Test Rust workspace	2026-09-24T22:31:24.7635563Z test result: ok. 4 passed; 0 failed; 0 ignored; 0 measured; 0 filtered out; finished in 0.03s
Rust	Test Rust workspace	2026-09-24T22:31:24.7636132Z 
Rust	Test Rust workspace	2026-09-24T22:31:24.7636952Z ^[[1m^[[92m     Running^[[0m tests/support_limits.rs (target/debug/deps/support_limits-0c29a206f362b141)
Rust	Test Rust workspace	2026-09-24T22:31:24.7650858Z 
Rust	Test Rust workspace	2026-09-24T22:31:24.7651032Z running 1 test
Rust	Test Rust workspace	2026-09-24T22:31:25.8080146Z test failed_guarded_delivery_never_settles_without_owned_exit_and_current_final_report ... ok
Rust	Test Rust workspace	2026-09-24T22:31:25.8080694Z 
Rust	Test Rust workspace	2026-09-24T22:31:25.8080997Z test result: ok. 1 passed; 0 failed; 0 ignored; 0 measured; 0 filtered out; finished in 1.04s
Rust	Test Rust workspace	2026-09-24T22:31:25.8081406Z 
Rust	Test Rust workspace	2026-09-24T22:31:25.8085713Z ^[[1m^[[92m     Running^[[0m tests/use_assessment.rs (target/debug/deps/use_assessment-c7bda206e323f212)
Rust	Test Rust workspace	2026-09-24T22:31:25.8100927Z 
Rust	Test Rust workspace	2026-09-24T22:31:25.8101102Z running 9 tests
Rust	Test Rust workspace	2026-09-24T22:31:26.3715455Z test another_instance_and_previous_assessment_response_cannot_be_promoted ... ok
Rust	Test Rust workspace	2026-09-24T22:31:26.6202157Z test declared_conditions_cannot_be_lowered_through_site_or_existing_catalog_pin ... ok
Rust	Test Rust workspace	2026-09-24T22:31:27.6235588Z test alive_only_and_undeclared_programs_stay_unsupported ... ok
Rust	Test Rust workspace	2026-09-24T22:31:28.1720316Z test new_owner_does_not_restore_a_readiness_assessment_or_permission ... ok
Rust	Test Rust workspace	2026-09-24T22:31:28.7132224Z test not_evaluated_not_met_and_unsupported_have_named_conditions ... ok
Rust	Test Rust workspace	2026-09-24T22:31:29.7835201Z test omitted_declaration_preserves_legacy_serialization_and_closed_child_cannot_report_ready ... ok
Rust	Test Rust workspace	2026-09-24T22:31:30.3177450Z test registration_and_f1_admission_do_not_evaluate_or_grant_use ... ok
Rust	Test Rust workspace	2026-09-24T22:31:30.8597564Z test reported_area_denial_differs_from_unconnected_or_invalid_provider ... ok
Rust	Test Rust workspace	2026-09-24T22:31:31.3953053Z test reported_conditions_and_work_use_are_separate_and_read_only ... ok
Rust	Test Rust workspace	2026-09-24T22:31:31.3953674Z 
Rust	Test Rust workspace	2026-09-24T22:31:31.3954307Z test result: ok. 9 passed; 0 failed; 0 ignored; 0 measured; 0 filtered out; finished in 5.59s
Rust	Test Rust workspace	2026-09-24T22:31:31.3954865Z 
Rust	Test Rust workspace	2026-09-24T22:31:31.3973515Z ^[[1m^[[92m     Running^[[0m tests/verified_decision.rs (target/debug/deps/verified_decision-644c640356db90df)
Rust	Test Rust workspace	2026-09-24T22:31:31.3987720Z 
Rust	Test Rust workspace	2026-09-24T22:31:31.3987891Z running 9 tests
Rust	Test Rust workspace	2026-09-24T22:31:31.6595202Z test changed_program_anchor_cannot_reopen_an_existing_registration ... ok
Rust	Test Rust workspace	2026-09-24T22:31:32.2475644Z test a_signed_decision_id_cannot_be_redefined_or_extended ... ok
Rust	Test Rust workspace	2026-09-24T22:31:33.6800790Z test exact_registration_scope_generation_and_binding_are_required ... ok
Rust	Test Rust workspace	2026-09-24T22:31:34.5856814Z test expiry_is_anchored_to_challenge_and_ttl_cannot_exceed_author_policy ... ok
Rust	Test Rust workspace	2026-09-24T22:31:35.1652682Z test external_work_decision_does_not_promote_readiness_execution_or_binding ... ok
Rust	Test Rust workspace	2026-09-24T22:31:36.2864637Z test initial_and_replacement_acceptance_are_distinct_and_do_not_grant_work_or_apply_binding ... ok
Rust	Test Rust workspace	2026-09-24T22:31:37.3705108Z test receiver_loss_and_unconfigured_catalogs_cannot_restore_permission ... ok
Rust	Test Rust workspace	2026-09-24T22:31:37.9671687Z test signature_key_context_and_wire_shape_attacks_are_rejected ... ok
Rust	Test Rust workspace	2026-09-24T22:31:38.5954774Z test signed_revocation_blocks_clones_and_reimport_without_rewriting_history ... ok
Rust	Test Rust workspace	2026-09-24T22:31:38.5955404Z 
Rust	Test Rust workspace	2026-09-24T22:31:38.5955798Z test result: ok. 9 passed; 0 failed; 0 ignored; 0 measured; 0 filtered out; finished in 7.20s
Rust	Test Rust workspace	2026-09-24T22:31:38.5956340Z 
Rust	Test Rust workspace	2026-09-24T22:31:38.5981455Z ^[[1m^[[92m     Running^[[0m tests/work_use.rs (target/debug/deps/work_use-5a74f8fb572c6eb7)
Rust	Test Rust workspace	2026-09-24T22:31:38.5996355Z 
Rust	Test Rust workspace	2026-09-24T22:31:38.5996586Z running 9 tests
Rust	Test Rust workspace	2026-09-24T22:31:39.2174551Z test changed_report_and_registration_between_judgment_and_cut_refuse_commit ... ok
Rust	Test Rust workspace	2026-09-24T22:31:39.7885958Z test absent_authority_blocks_work_without_blocking_f5_diagnostics ... ok
Rust	Test Rust workspace	2026-09-24T22:31:40.4809511Z test derived_support_gap_is_actual_work_and_history_is_not_current_permission ... ok
Rust	Test Rust workspace	2026-09-24T22:31:42.2719161Z test expiry_after_logical_cut_during_commit_io_preserves_inert_result ... ok
Rust	Test Rust workspace	2026-09-24T22:31:43.8693884Z test expiry_and_revocation_before_cut_do_not_commit_or_spend ... ok
Rust	Test Rust workspace	2026-09-24T22:31:44.4351661Z test explicit_external_denial_and_missing_judgment_response_cannot_prepare_work ... ok
Rust	Test Rust workspace	2026-09-24T22:31:45.0464730Z test receiver_restart_keeps_history_but_invalidates_retained_permission ... ok
Rust	Test Rust workspace	2026-09-24T22:31:46.3854678Z test revocation_waits_for_whole_transaction_and_does_not_rewrite_completed_work ... ok
Rust	Test Rust workspace	2026-09-24T22:31:47.0003918Z test rollback_spends_nothing_and_response_loss_is_resolved_by_query_not_replay ... ok
Rust	Test Rust workspace	2026-09-24T22:31:47.0004755Z 
Rust	Test Rust workspace	2026-09-24T22:31:47.0005023Z test result: ok. 9 passed; 0 failed; 0 ignored; 0 measured; 0 filtered out; finished in 8.40s
Rust	Test Rust workspace	2026-09-24T22:31:47.0005380Z 
Rust	Test Rust workspace	2026-09-24T22:31:47.0020575Z ^[[1m^[[92m   Doc-tests^[[0m rx_device_package
Rust	Test Rust workspace	2026-09-24T22:31:47.0588534Z 
Rust	Test Rust workspace	2026-09-24T22:31:47.0589050Z running 0 tests
Rust	Test Rust workspace	2026-09-24T22:31:47.0589273Z 
Rust	Test Rust workspace	2026-09-24T22:31:47.0589562Z test result: ok. 0 passed; 0 failed; 0 ignored; 0 measured; 0 filtered out; finished in 0.00s
Rust	Test Rust workspace	2026-09-24T22:31:47.0589936Z 
Rust	Test Rust workspace	2026-09-24T22:31:47.0609277Z ^[[1m^[[92m   Doc-tests^[[0m rx_executor
Rust	Test Rust workspace	2026-09-24T22:31:47.2928306Z 
Rust	Test Rust workspace	2026-09-24T22:31:47.2928850Z running 0 tests
Rust	Test Rust workspace	2026-09-24T22:31:47.2929053Z 
Rust	Test Rust workspace	2026-09-24T22:31:47.2929328Z test result: ok. 0 passed; 0 failed; 0 ignored; 0 measured; 0 filtered out; finished in 0.00s
Rust	Test Rust workspace	2026-09-24T22:31:47.2929694Z 
Rust	Test Rust workspace	2026-09-24T22:31:47.2948114Z ^[[1m^[[92m   Doc-tests^[[0m rx_host
Rust	Test Rust workspace	2026-09-24T22:31:47.7260529Z 
Rust	Test Rust workspace	2026-09-24T22:31:47.7261307Z running 0 tests
Rust	Test Rust workspace	2026-09-24T22:31:47.7261583Z 
Rust	Test Rust workspace	2026-09-24T22:31:47.7262034Z test result: ok. 0 passed; 0 failed; 0 ignored; 0 measured; 0 filtered out; finished in 0.00s
Rust	Test Rust workspace	2026-09-24T22:31:47.7262634Z 
Rust	Test Rust workspace	2026-09-24T22:31:47.7281671Z ^[[1m^[[92m   Doc-tests^[[0m rx_melsec_mc
Rust	Test Rust workspace	2026-09-24T22:31:47.7640574Z 
Rust	Test Rust workspace	2026-09-24T22:31:47.7641101Z running 0 tests
Rust	Test Rust workspace	2026-09-24T22:31:47.7641440Z 
Rust	Test Rust workspace	2026-09-24T22:31:47.7642006Z test result: ok. 0 passed; 0 failed; 0 ignored; 0 measured; 0 filtered out; finished in 0.00s
Rust	Test Rust workspace	2026-09-24T22:31:47.7642679Z 
Rust	Test Rust workspace	2026-09-24T22:31:47.7656270Z ^[[1m^[[92m   Doc-tests^[[0m rx_process
Rust	Test Rust workspace	2026-09-24T22:31:47.7887862Z 
Rust	Test Rust workspace	2026-09-24T22:31:47.7888368Z running 0 tests
Rust	Test Rust workspace	2026-09-24T22:31:47.7888569Z 
Rust	Test Rust workspace	2026-09-24T22:31:47.7889055Z test result: ok. 0 passed; 0 failed; 0 ignored; 0 measured; 0 filtered out; finished in 0.00s
Rust	Test Rust workspace	2026-09-24T22:31:47.7889631Z 
Rust	Test Rust workspace	2026-09-24T22:31:47.7905491Z ^[[1m^[[92m   Doc-tests^[[0m rx_process_package
Rust	Test Rust workspace	2026-09-24T22:31:47.8266654Z 
Rust	Test Rust workspace	2026-09-24T22:31:47.8267118Z running 0 tests
Rust	Test Rust workspace	2026-09-24T22:31:47.8267394Z 
Rust	Test Rust workspace	2026-09-24T22:31:47.8267690Z test result: ok. 0 passed; 0 failed; 0 ignored; 0 measured; 0 filtered out; finished in 0.00s
Rust	Test Rust workspace	2026-09-24T22:31:47.8268065Z 
Rust	Test Rust workspace	2026-09-24T22:31:47.8285044Z ^[[1m^[[92m   Doc-tests^[[0m rx_service_status
Rust	Test Rust workspace	2026-09-24T22:31:47.8728388Z 
Rust	Test Rust workspace	2026-09-24T22:31:47.8728905Z running 0 tests
Rust	Test Rust workspace	2026-09-24T22:31:47.8729187Z 
Rust	Test Rust workspace	2026-09-24T22:31:47.8729627Z test result: ok. 0 passed; 0 failed; 0 ignored; 0 measured; 0 filtered out; finished in 0.00s
Rust	Test Rust workspace	2026-09-24T22:31:47.8730437Z 
Rust	Test Rust workspace	2026-09-24T22:31:47.8744617Z ^[[1m^[[92m   Doc-tests^[[0m rx_solution_catalog
Rust	Test Rust workspace	2026-09-24T22:31:47.9198782Z 
Rust	Test Rust workspace	2026-09-24T22:31:47.9199446Z running 0 tests
Rust	Test Rust workspace	2026-09-24T22:31:47.9199751Z 
Rust	Test Rust workspace	2026-09-24T22:31:47.9200218Z test result: ok. 0 passed; 0 failed; 0 ignored; 0 measured; 0 filtered out; finished in 0.00s
Rust	Test Rust workspace	2026-09-24T22:31:47.9200796Z 
Rust	Test Rust workspace	2026-09-24T22:31:47.9219281Z ^[[1m^[[92m   Doc-tests^[[0m rx_supervisor
Rust	Test Rust workspace	2026-09-24T22:31:48.2587182Z 
Rust	Test Rust workspace	2026-09-24T22:31:48.2587809Z running 18 tests
Rust	Test Rust workspace	2026-09-24T22:31:48.3112249Z test runtime/rx-supervisor/src/operating_area.rs - operating_area (line 16) - compile fail ... ok
Rust	Test Rust workspace	2026-09-24T22:31:48.3145130Z test runtime/rx-supervisor/src/operating_area.rs - operating_area (line 10) - compile fail ... ok
Rust	Test Rust workspace	2026-09-24T22:31:48.3249151Z test runtime/rx-supervisor/src/operating_area.rs - operating_area (line 13) - compile fail ... ok
Rust	Test Rust workspace	2026-09-24T22:31:48.3275053Z test runtime/rx-supervisor/src/operating_area.rs - operating_area (line 19) - compile fail ... ok
Rust	Test Rust workspace	2026-09-24T22:31:48.3626098Z test runtime/rx-supervisor/src/operating_area.rs - operating_area (line 4) - compile fail ... ok
Rust	Test Rust workspace	2026-09-24T22:31:48.3685244Z test runtime/rx-supervisor/src/operating_area.rs - operating_area (line 7) - compile fail ... ok
Rust	Test Rust workspace	2026-09-24T22:31:48.3767403Z test runtime/rx-supervisor/src/registration/diagnostic/replacement.rs - registration::diagnostic::replacement::PreparedReplacement (line 76) - compile fail ... ok
Rust	Test Rust workspace	2026-09-24T22:31:48.3816915Z test runtime/rx-supervisor/src/registration/diagnostic/replacement.rs - registration::diagnostic::replacement::PreparedReplacement (line 72) - compile fail ... ok
Rust	Test Rust workspace	2026-09-24T22:31:48.4085779Z test runtime/rx-supervisor/src/registration/diagnostic/replacement.rs - registration::diagnostic::replacement::PreparedReplacement (line 80) - compile fail ... ok
Rust	Test Rust workspace	2026-09-24T22:31:48.4218762Z test runtime/rx-supervisor/src/registration/diagnostic/replacement.rs - registration::diagnostic::replacement::PreparedReplacement (line 84) - compile fail ... ok
Rust	Test Rust workspace	2026-09-24T22:31:48.4276093Z test runtime/rx-supervisor/src/registration/recovery.rs - registration::recovery::ProcessInvestigation (line 12) - compile fail ... ok
Rust	Test Rust workspace	2026-09-24T22:31:48.4350976Z test runtime/rx-supervisor/src/registration/recovery.rs - registration::recovery::ProcessInvestigation (line 17) - compile fail ... ok
Rust	Test Rust workspace	2026-09-24T22:31:48.4735735Z test runtime/rx-supervisor/src/registration/recovery.rs - registration::recovery::ProcessInvestigation (line 8) - compile fail ... ok
Rust	Test Rust workspace	2026-09-24T22:31:48.4765387Z test runtime/rx-supervisor/src/registration/recovery.rs - registration::recovery::Registry<R>::investigate (line 494) - compile fail ... ok
Rust	Test Rust workspace	2026-09-24T22:31:48.4833179Z test runtime/rx-supervisor/src/work_use.rs - work_use::Prepared (line 62) - compile fail ... ok
Rust	Test Rust workspace	2026-09-24T22:31:48.4838035Z test runtime/rx-supervisor/src/work_use.rs - work_use::Prepared (line 66) - compile fail ... ok
Rust	Test Rust workspace	2026-09-24T22:31:48.5083590Z test runtime/rx-supervisor/src/work_use.rs - work_use::Prepared (line 74) - compile fail ... ok
Rust	Test Rust workspace	2026-09-24T22:31:48.5104632Z test runtime/rx-supervisor/src/work_use.rs - work_use::Prepared (line 70) - compile fail ... ok
Rust	Test Rust workspace	2026-09-24T22:31:48.5105306Z 
Rust	Test Rust workspace	2026-09-24T22:31:48.5106468Z test result: ok. 18 passed; 0 failed; 0 ignored; 0 measured; 0 filtered out; finished in 0.25s
Rust	Test Rust workspace	2026-09-24T22:31:48.5106879Z 
Rust	Post Run actions/cache@0057852bfaa89a56745cba8c7296529d2fc39830	﻿2026-09-24T22:31:48.5884833Z Post job cleanup.
Rust	Post Run actions/cache@0057852bfaa89a56745cba8c7296529d2fc39830	2026-09-24T22:31:48.6969600Z (node:21198) [DEP0040] DeprecationWarning: The `punycode` module is deprecated. Please use a userland alternative instead.
Rust	Post Run actions/cache@0057852bfaa89a56745cba8c7296529d2fc39830	2026-09-24T22:31:48.6970517Z (Use `node --trace-deprecation ...` to show where the warning was created)
Rust	Post Run actions/cache@0057852bfaa89a56745cba8c7296529d2fc39830	2026-09-24T22:31:48.7212076Z [command]/usr/bin/tar --posix -cf cache.tzst --exclude cache.tzst -P -C /home/runner/work/rx-solutions/rx-solutions --files-from manifest.txt --use-compress-program zstdmt
Rust	Post Run actions/cache@0057852bfaa89a56745cba8c7296529d2fc39830	2026-09-24T22:32:20.3263048Z (node:21198) [DEP0169] DeprecationWarning: `url.parse()` behavior is not standardized and prone to errors that have security implications. Use the WHATWG URL API instead. CVEs are not issued for `url.parse()` vulnerabilities.
Rust	Post Run actions/cache@0057852bfaa89a56745cba8c7296529d2fc39830	2026-09-24T22:32:21.3073706Z Sent 0 of 3047968958 (0.0%), 0.0 MBs/sec
Rust	Post Run actions/cache@0057852bfaa89a56745cba8c7296529d2fc39830	2026-09-24T22:32:22.3075216Z Sent 67108864 of 3047968958 (2.2%), 32.0 MBs/sec
Rust	Post Run actions/cache@0057852bfaa89a56745cba8c7296529d2fc39830	2026-09-24T22:32:23.3105127Z Sent 536870912 of 3047968958 (17.6%), 170.7 MBs/sec
Rust	Post Run actions/cache@0057852bfaa89a56745cba8c7296529d2fc39830	2026-09-24T22:32:24.3089518Z Sent 1073741824 of 3047968958 (35.2%), 255.9 MBs/sec
Rust	Post Run actions/cache@0057852bfaa89a56745cba8c7296529d2fc39830	2026-09-24T22:32:25.3090363Z Sent 1409286144 of 3047968958 (46.2%), 268.7 MBs/sec
Rust	Post Run actions/cache@0057852bfaa89a56745cba8c7296529d2fc39830	2026-09-24T22:32:26.3143106Z Sent 1610612736 of 3047968958 (52.8%), 255.8 MBs/sec
Rust	Post Run actions/cache@0057852bfaa89a56745cba8c7296529d2fc39830	2026-09-24T22:32:27.3121921Z Sent 2147483648 of 3047968958 (70.5%), 292.4 MBs/sec
Rust	Post Run actions/cache@0057852bfaa89a56745cba8c7296529d2fc39830	2026-09-24T22:32:28.3125056Z Sent 2617245696 of 3047968958 (85.9%), 311.8 MBs/sec
Rust	Post Run actions/cache@0057852bfaa89a56745cba8c7296529d2fc39830	2026-09-24T22:32:29.3155046Z Sent 2913751230 of 3047968958 (95.6%), 308.6 MBs/sec
Rust	Post Run actions/cache@0057852bfaa89a56745cba8c7296529d2fc39830	2026-09-24T22:32:29.5496664Z Sent 3047968958 of 3047968958 (100.0%), 314.5 MBs/sec
Rust	Post Run actions/cache@0057852bfaa89a56745cba8c7296529d2fc39830	2026-09-24T22:32:30.0351199Z Cache saved with key: Linux-X64-rust-3556b8637a457d473d863d37308718cfe1a48fb59cafa28c495a7716e38d9440
Rust	Post Run actions/checkout@11d5960a326750d5838078e36cf38b85af677262	﻿2026-09-24T22:32:30.0596855Z Post job cleanup.
Rust	Post Run actions/checkout@11d5960a326750d5838078e36cf38b85af677262	2026-09-24T22:32:30.1555754Z [command]/usr/bin/git version
Rust	Post Run actions/checkout@11d5960a326750d5838078e36cf38b85af677262	2026-09-24T22:32:30.1605065Z git version 2.55.0
Rust	Post Run actions/checkout@11d5960a326750d5838078e36cf38b85af677262	2026-09-24T22:32:30.1650877Z Temporarily overriding HOME='/home/runner/work/_temp/07820d70-2881-4f99-bec3-8e89abd82682' before making global git config changes
Rust	Post Run actions/checkout@11d5960a326750d5838078e36cf38b85af677262	2026-09-24T22:32:30.1652302Z Adding repository directory to the temporary git global config as a safe directory
Rust	Post Run actions/checkout@11d5960a326750d5838078e36cf38b85af677262	2026-09-24T22:32:30.1657324Z [command]/usr/bin/git config --global --add safe.directory /home/runner/work/rx-solutions/rx-solutions
Rust	Post Run actions/checkout@11d5960a326750d5838078e36cf38b85af677262	2026-09-24T22:32:30.1698517Z [command]/usr/bin/git config --local --name-only --get-regexp core\.sshCommand
Rust	Post Run actions/checkout@11d5960a326750d5838078e36cf38b85af677262	2026-09-24T22:32:30.1736896Z [command]/usr/bin/git submodule foreach --recursive sh -c "git config --local --name-only --get-regexp 'core\.sshCommand' && git config --local --unset-all 'core.sshCommand' || :"
Rust	Post Run actions/checkout@11d5960a326750d5838078e36cf38b85af677262	2026-09-24T22:32:30.2001527Z [command]/usr/bin/git config --local --name-only --get-regexp http\.https\:\/\/github\.com\/\.extraheader
Rust	Post Run actions/checkout@11d5960a326750d5838078e36cf38b85af677262	2026-09-24T22:32:30.2041967Z [command]/usr/bin/git submodule foreach --recursive sh -c "git config --local --name-only --get-regexp 'http\.https\:\/\/github\.com\/\.extraheader' && git config --local --unset-all 'http.https://github.com/.extraheader' || :"
Rust	Post Run actions/checkout@11d5960a326750d5838078e36cf38b85af677262	2026-09-24T22:32:30.2320339Z [command]/usr/bin/git config --local --name-only --get-regexp ^includeIf\.gitdir:
Rust	Post Run actions/checkout@11d5960a326750d5838078e36cf38b85af677262	2026-09-24T22:32:30.2373916Z [command]/usr/bin/git submodule foreach --recursive git config --local --show-origin --name-only --get-regexp remote.origin.url
Rust	Complete job	﻿2026-09-24T22:32:30.2831628Z Cleaning up orphan processes
Rust	Complete job	2026-09-24T22:32:30.3286969Z ##[warning]Node.js 20 is deprecated. The following actions target Node.js 20 but are being forced to run on Node.js 24: actions/cache@0057852bfaa89a56745cba8c7296529d2fc39830, actions/checkout@11d5960a326750d5838078e36cf38b85af677262. For more information see: https://github.blog/changelog/2025-09-19-deprecation-of-node-20-on-github-actions-runners/
Branch CI	Set up job	﻿2026-09-24T22:32:35.9492748Z Current runner version: '2.337.0'
Branch CI	Set up job	2026-09-24T22:32:35.9513404Z ##[group]Runner Image Provisioner
Branch CI	Set up job	2026-09-24T22:32:35.9514263Z Hosted Compute Agent
Branch CI	Set up job	2026-09-24T22:32:35.9514752Z Version: 20260828.587
Branch CI	Set up job	2026-09-24T22:32:35.9515351Z Commit: abac92662cab4cc7352de4f9f9d2e2419aad9c29
Branch CI	Set up job	2026-09-24T22:32:35.9515953Z Build Date: 2026-08-28T16:44:25Z
Branch CI	Set up job	2026-09-24T22:32:35.9516701Z Worker ID: {1a83cf9c-6839-4297-895a-db85f1c20a32}
Branch CI	Set up job	2026-09-24T22:32:35.9517385Z Azure Region: westus3
Branch CI	Set up job	2026-09-24T22:32:35.9517850Z ##[endgroup]
Branch CI	Set up job	2026-09-24T22:32:35.9519108Z ##[group]Operating System
Branch CI	Set up job	2026-09-24T22:32:35.9519660Z Ubuntu
Branch CI	Set up job	2026-09-24T22:32:35.9520104Z 24.04.5
Branch CI	Set up job	2026-09-24T22:32:35.9520599Z LTS
Branch CI	Set up job	2026-09-24T22:32:35.9521030Z ##[endgroup]
Branch CI	Set up job	2026-09-24T22:32:35.9521529Z ##[group]Runner Image
Branch CI	Set up job	2026-09-24T22:32:35.9522025Z Image: ubuntu-24.04
Branch CI	Set up job	2026-09-24T22:32:35.9522488Z Version: 20260920.314.1
Branch CI	Set up job	2026-09-24T22:32:35.9523385Z Included Software: https://github.com/actions/runner-images/blob/ubuntu24/20260920.314/images/ubuntu/Ubuntu2404-Readme.md
Branch CI	Set up job	2026-09-24T22:32:35.9524848Z Image Release: https://github.com/actions/runner-images/releases/tag/ubuntu24%2F20260920.314
Branch CI	Set up job	2026-09-24T22:32:35.9525638Z ##[endgroup]
Branch CI	Set up job	2026-09-24T22:32:35.9527093Z ##[group]GITHUB_TOKEN Permissions
Branch CI	Set up job	2026-09-24T22:32:35.9528629Z Contents: read
Branch CI	Set up job	2026-09-24T22:32:35.9529141Z Metadata: read
Branch CI	Set up job	2026-09-24T22:32:35.9529670Z ##[endgroup]
Branch CI	Set up job	2026-09-24T22:32:35.9531292Z Secret source: Actions
Branch CI	Set up job	2026-09-24T22:32:35.9532136Z Cache mode: write
Branch CI	Set up job	2026-09-24T22:32:35.9532695Z Prepare workflow directory
Branch CI	Set up job	2026-09-24T22:32:35.9905314Z Prepare all required actions
Branch CI	Set up job	2026-09-24T22:32:35.9967063Z Complete job name: Branch CI
Branch CI	Require every validation job to pass	﻿2026-09-24T22:32:36.0617525Z ##[group]Run python3 - <<'PYTHON'
Branch CI	Require every validation job to pass	2026-09-24T22:32:36.0618425Z ^[[36;1mpython3 - <<'PYTHON'^[[0m
Branch CI	Require every validation job to pass	2026-09-24T22:32:36.0619273Z ^[[36;1mimport json, os, sys^[[0m
Branch CI	Require every validation job to pass	2026-09-24T22:32:36.0620115Z ^[[36;1mresults = json.loads(os.environ["NEEDS"])^[[0m
Branch CI	Require every validation job to pass	2026-09-24T22:32:36.0621649Z ^[[36;1mfailed = {name: value["result"] for name, value in results.items() if value["result"] != "success"}^[[0m
Branch CI	Require every validation job to pass	2026-09-24T22:32:36.0622940Z ^[[36;1mif failed:^[[0m
Branch CI	Require every validation job to pass	2026-09-24T22:32:36.0623803Z ^[[36;1m    sys.exit(f"Required validation jobs did not pass: {failed}")^[[0m
Branch CI	Require every validation job to pass	2026-09-24T22:32:36.0624967Z ^[[36;1mprint("All required validation jobs passed.")^[[0m
Branch CI	Require every validation job to pass	2026-09-24T22:32:36.0625989Z ^[[36;1mPYTHON^[[0m
Branch CI	Require every validation job to pass	2026-09-24T22:32:36.2294553Z shell: /usr/bin/bash --noprofile --norc -e -o pipefail {0}
Branch CI	Require every validation job to pass	2026-09-24T22:32:36.2295490Z env:
Branch CI	Require every validation job to pass	2026-09-24T22:32:36.2296419Z   NEEDS: {
Branch CI	Require every validation job to pass	  "repository": {
Branch CI	Require every validation job to pass	    "result": "success",
Branch CI	Require every validation job to pass	    "outputs": {}
Branch CI	Require every validation job to pass	  },
Branch CI	Require every validation job to pass	  "rust": {
Branch CI	Require every validation job to pass	    "result": "success",
Branch CI	Require every validation job to pass	    "outputs": {}
Branch CI	Require every validation job to pass	  },
Branch CI	Require every validation job to pass	  "operator": {
Branch CI	Require every validation job to pass	    "result": "success",
Branch CI	Require every validation job to pass	    "outputs": {}
Branch CI	Require every validation job to pass	  }
Branch CI	Require every validation job to pass	}
Branch CI	Require every validation job to pass	2026-09-24T22:32:36.2297891Z ##[endgroup]
Branch CI	Require every validation job to pass	2026-09-24T22:32:36.2698458Z All required validation jobs passed.
Branch CI	Complete job	﻿2026-09-24T22:32:36.2839658Z Cleaning up orphan processes
