info: syncing channel updates for 1.98.1-aarch64-unknown-linux-gnu
info: latest update on 2026-09-03 for version 1.98.1 (48a229cea 2026-09-01)
info: downloading 2 components
       Fresh typenum v1.20.1
       Fresh unicode-ident v1.0.24
       Fresh version_check v0.9.5
       Fresh cfg-if v1.0.4
       Fresh bitflags v2.13.2
       Fresh libc v0.2.189
       Fresh linux-raw-sys v0.12.1
       Fresh proc-macro2 v1.0.107
       Fresh serde_core v1.0.229
       Fresh rustix v1.1.4
       Fresh hybrid-array v0.4.15
       Fresh quote v1.0.47
       Fresh generic-array v0.14.7
       Fresh getrandom v0.4.3
       Fresh zmij v1.0.23
       Fresh itoa v1.0.18
       Fresh memchr v2.8.3
       Fresh syn v3.0.5
       Fresh crypto-common v0.1.7
       Fresh block-buffer v0.10.4
       Fresh serde_json v1.0.151
       Fresh cpufeatures v0.2.17
       Fresh once_cell v1.21.4
   Compiling serde_derive v1.0.229
   Compiling thiserror-impl v2.0.20
       Fresh digest v0.10.7
       Fresh ryu-js v0.2.2
       Fresh io-lifetimes v2.0.4
       Fresh io-lifetimes v3.0.1
       Fresh rustc_version v0.4.1
       Fresh uuid v1.26.1
       Fresh crypto-common v0.2.2
     Running `CARGO=/usr/local/rustup/toolchains/1.98.1-aarch64-unknown-linux-gnu/bin/cargo CARGO_CRATE_NAME=thiserror_impl CARGO_MANIFEST_DIR=/evidence/cargo-home/registry/src/index.crates.io-1949cf8c6b5b557f/thiserror-impl-2.0.20 CARGO_MANIFEST_PATH=/evidence/cargo-home/registry/src/index.crates.io-1949cf8c6b5b557f/thiserror-impl-2.0.20/Cargo.toml CARGO_PKG_AUTHORS='David Tolnay <dtolnay@gmail.com>' CARGO_PKG_DESCRIPTION='Implementation detail of the `thiserror` crate' CARGO_PKG_HOMEPAGE='' CARGO_PKG_LICENSE='MIT OR Apache-2.0' CARGO_PKG_LICENSE_FILE='' CARGO_PKG_NAME=thiserror-impl CARGO_PKG_README='' CARGO_PKG_REPOSITORY='https://github.com/dtolnay/thiserror' CARGO_PKG_RUST_VERSION=1.71 CARGO_PKG_VERSION=2.0.20 CARGO_PKG_VERSION_MAJOR=2 CARGO_PKG_VERSION_MINOR=0 CARGO_PKG_VERSION_PATCH=20 CARGO_PKG_VERSION_PRE='' LD_LIBRARY_PATH='/evidence/target/debug/deps:/usr/local/rustup/toolchains/1.98.1-aarch64-unknown-linux-gnu/lib' /usr/local/rustup/toolchains/1.98.1-aarch64-unknown-linux-gnu/bin/rustc --crate-name thiserror_impl --edition=2021 /evidence/cargo-home/registry/src/index.crates.io-1949cf8c6b5b557f/thiserror-impl-2.0.20/src/lib.rs --error-format=json --json=diagnostic-rendered-ansi,artifacts,future-incompat --crate-type proc-macro --emit=dep-info,link -C prefer-dynamic -C embed-bitcode=no --check-cfg 'cfg(docsrs,test)' --check-cfg 'cfg(feature, values())' -C metadata=50149ae229c3baac -C extra-filename=-4595eaec74c6974c --out-dir /evidence/target/debug/deps -L dependency=/evidence/target/debug/deps --extern proc_macro2=/evidence/target/debug/deps/libproc_macro2-525a654ae62169e3.rlib --extern quote=/evidence/target/debug/deps/libquote-606fa2a313934a69.rlib --extern syn=/evidence/target/debug/deps/libsyn-2efc2075a3c9e3dc.rlib --extern proc_macro --cap-lints warn`
     Running `CARGO=/usr/local/rustup/toolchains/1.98.1-aarch64-unknown-linux-gnu/bin/cargo CARGO_CRATE_NAME=serde_derive CARGO_MANIFEST_DIR=/evidence/cargo-home/registry/src/index.crates.io-1949cf8c6b5b557f/serde_derive-1.0.229 CARGO_MANIFEST_PATH=/evidence/cargo-home/registry/src/index.crates.io-1949cf8c6b5b557f/serde_derive-1.0.229/Cargo.toml CARGO_PKG_AUTHORS='Erick Tryzelaar <erick.tryzelaar@gmail.com>:David Tolnay <dtolnay@gmail.com>' CARGO_PKG_DESCRIPTION='Macros 1.1 implementation of #[derive(Serialize, Deserialize)]' CARGO_PKG_HOMEPAGE='https://serde.rs' CARGO_PKG_LICENSE='MIT OR Apache-2.0' CARGO_PKG_LICENSE_FILE='' CARGO_PKG_NAME=serde_derive CARGO_PKG_README=crates-io.md CARGO_PKG_REPOSITORY='https://github.com/serde-rs/serde' CARGO_PKG_RUST_VERSION=1.71 CARGO_PKG_VERSION=1.0.229 CARGO_PKG_VERSION_MAJOR=1 CARGO_PKG_VERSION_MINOR=0 CARGO_PKG_VERSION_PATCH=229 CARGO_PKG_VERSION_PRE='' LD_LIBRARY_PATH='/evidence/target/debug/deps:/usr/local/rustup/toolchains/1.98.1-aarch64-unknown-linux-gnu/lib' /usr/local/rustup/toolchains/1.98.1-aarch64-unknown-linux-gnu/bin/rustc --crate-name serde_derive --edition=2021 /evidence/cargo-home/registry/src/index.crates.io-1949cf8c6b5b557f/serde_derive-1.0.229/src/lib.rs --error-format=json --json=diagnostic-rendered-ansi,artifacts,future-incompat --crate-type proc-macro --emit=dep-info,link -C prefer-dynamic -C embed-bitcode=no --cfg 'feature="default"' --check-cfg 'cfg(docsrs,test)' --check-cfg 'cfg(feature, values("default", "deserialize_in_place"))' -C metadata=f8ec34395b0db855 -C extra-filename=-433728bc0d92981e --out-dir /evidence/target/debug/deps -L dependency=/evidence/target/debug/deps --extern proc_macro2=/evidence/target/debug/deps/libproc_macro2-525a654ae62169e3.rlib --extern quote=/evidence/target/debug/deps/libquote-606fa2a313934a69.rlib --extern syn=/evidence/target/debug/deps/libsyn-2efc2075a3c9e3dc.rlib --extern proc_macro --cap-lints warn`
       Fresh sha2 v0.10.9
       Fresh block-buffer v0.12.1
       Fresh shlex v2.0.1
       Fresh find-msvc-tools v0.1.12
       Fresh io-extras v0.19.0
       Fresh fs-set-times v0.20.3
       Fresh cc v1.4.5
       Fresh digest v0.11.3
       Fresh rustix-linux-procfs v0.1.1
       Fresh vcpkg v0.2.15
       Fresh ambient-authority v0.0.2
       Fresh ipnet v2.12.2
       Fresh maybe-owned v0.3.4
       Fresh pkg-config v0.3.34
       Fresh cpufeatures v0.3.1
       Fresh subtle v2.6.1
       Fresh zeroize v1.9.0
       Fresh signature v3.0.0
       Fresh cap-primitives v4.0.3
       Fresh foldhash v0.2.0
       Fresh curve25519-dalek v5.0.0
       Fresh ed25519 v3.0.0
       Fresh sha2 v0.11.0
       Fresh fastrand v2.5.0
   Compiling libsqlite3-sys v0.38.2
       Fresh hashbrown v0.17.1
       Fresh cap-std v4.0.3
       Fresh tempfile v3.27.0
   Compiling ed25519-dalek v3.0.0
       Fresh semver v1.0.28
       Fresh errno v0.3.14
     Running `CARGO=/usr/local/rustup/toolchains/1.98.1-aarch64-unknown-linux-gnu/bin/cargo CARGO_CFG_DEBUG_ASSERTIONS='' CARGO_CFG_FEATURE=bundled,bundled_bindings,cc,default,min_sqlite_version_3_34_1,pkg-config,vcpkg CARGO_CFG_PANIC=unwind CARGO_CFG_TARGET_ABI='' CARGO_CFG_TARGET_ARCH=aarch64 CARGO_CFG_TARGET_ENDIAN=little CARGO_CFG_TARGET_ENV=gnu CARGO_CFG_TARGET_FAMILY=unix CARGO_CFG_TARGET_FEATURE=neon CARGO_CFG_TARGET_HAS_ATOMIC=128,16,32,64,8,ptr CARGO_CFG_TARGET_HAS_ATOMIC_PRIMITIVE_ALIGNMENT=128,16,32,64,8,ptr CARGO_CFG_TARGET_OS=linux CARGO_CFG_TARGET_POINTER_WIDTH=64 CARGO_CFG_TARGET_VENDOR=unknown CARGO_CFG_UNIX='' CARGO_ENCODED_RUSTFLAGS='' CARGO_FEATURE_BUNDLED=1 CARGO_FEATURE_BUNDLED_BINDINGS=1 CARGO_FEATURE_CC=1 CARGO_FEATURE_DEFAULT=1 CARGO_FEATURE_MIN_SQLITE_VERSION_3_34_1=1 CARGO_FEATURE_PKG_CONFIG=1 CARGO_FEATURE_VCPKG=1 CARGO_MANIFEST_DIR=/evidence/cargo-home/registry/src/index.crates.io-1949cf8c6b5b557f/libsqlite3-sys-0.38.2 CARGO_MANIFEST_LINKS=sqlite3 CARGO_MANIFEST_PATH=/evidence/cargo-home/registry/src/index.crates.io-1949cf8c6b5b557f/libsqlite3-sys-0.38.2/Cargo.toml CARGO_PKG_AUTHORS='The rusqlite developers' CARGO_PKG_DESCRIPTION='Native bindings to the libsqlite3 library' CARGO_PKG_HOMEPAGE='' CARGO_PKG_LICENSE=MIT CARGO_PKG_LICENSE_FILE='' CARGO_PKG_NAME=libsqlite3-sys CARGO_PKG_README=README.md CARGO_PKG_REPOSITORY='https://github.com/rusqlite/rusqlite' CARGO_PKG_RUST_VERSION='' CARGO_PKG_VERSION=0.38.2 CARGO_PKG_VERSION_MAJOR=0 CARGO_PKG_VERSION_MINOR=38 CARGO_PKG_VERSION_PATCH=2 CARGO_PKG_VERSION_PRE='' DEBUG=true HOST=aarch64-unknown-linux-gnu LD_LIBRARY_PATH='/evidence/target/debug:/evidence/target/debug/deps:/usr/local/rustup/toolchains/1.98.1-aarch64-unknown-linux-gnu/lib/rustlib/aarch64-unknown-linux-gnu/lib:/usr/local/rustup/toolchains/1.98.1-aarch64-unknown-linux-gnu/lib' NUM_JOBS=10 OPT_LEVEL=0 OUT_DIR=/evidence/target/debug/build/libsqlite3-sys-4f80f2c42769dc07/out PROFILE=debug RUSTC=/usr/local/rustup/toolchains/1.98.1-aarch64-unknown-linux-gnu/bin/rustc RUSTDOC=/usr/local/rustup/toolchains/1.98.1-aarch64-unknown-linux-gnu/bin/rustdoc TARGET=aarch64-unknown-linux-gnu /evidence/target/debug/build/libsqlite3-sys-a5d009e945bbecc3/build-script-build`
     Running `CARGO=/usr/local/rustup/toolchains/1.98.1-aarch64-unknown-linux-gnu/bin/cargo CARGO_CRATE_NAME=ed25519_dalek CARGO_MANIFEST_DIR=/evidence/cargo-home/registry/src/index.crates.io-1949cf8c6b5b557f/ed25519-dalek-3.0.0 CARGO_MANIFEST_PATH=/evidence/cargo-home/registry/src/index.crates.io-1949cf8c6b5b557f/ed25519-dalek-3.0.0/Cargo.toml CARGO_PKG_AUTHORS='isis lovecruft <isis@patternsinthevoid.net>:Tony Arcieri <bascule@gmail.com>:Michael Rosenberg <michael@mrosenberg.pub>' CARGO_PKG_DESCRIPTION='Fast and efficient ed25519 EdDSA key generations, signing, and verification in pure Rust.' CARGO_PKG_HOMEPAGE='https://github.com/dalek-cryptography/curve25519-dalek' CARGO_PKG_LICENSE=BSD-3-Clause CARGO_PKG_LICENSE_FILE='' CARGO_PKG_NAME=ed25519-dalek CARGO_PKG_README=README.md CARGO_PKG_REPOSITORY='https://github.com/dalek-cryptography/curve25519-dalek/tree/main/ed25519-dalek' CARGO_PKG_RUST_VERSION=1.85 CARGO_PKG_VERSION=3.0.0 CARGO_PKG_VERSION_MAJOR=3 CARGO_PKG_VERSION_MINOR=0 CARGO_PKG_VERSION_PATCH=0 CARGO_PKG_VERSION_PRE='' LD_LIBRARY_PATH='/evidence/target/debug/deps:/usr/local/rustup/toolchains/1.98.1-aarch64-unknown-linux-gnu/lib' /usr/local/rustup/toolchains/1.98.1-aarch64-unknown-linux-gnu/bin/rustc --crate-name ed25519_dalek --edition=2024 /evidence/cargo-home/registry/src/index.crates.io-1949cf8c6b5b557f/ed25519-dalek-3.0.0/src/lib.rs --error-format=json --json=diagnostic-rendered-ansi,artifacts,future-incompat --crate-type lib --emit=dep-info,metadata,link -C embed-bitcode=no -C debuginfo=2 --cfg 'feature="default"' --cfg 'feature="fast"' --cfg 'feature="zeroize"' --check-cfg 'cfg(docsrs,test)' --check-cfg 'cfg(feature, values("alloc", "batch", "default", "digest", "fast", "hazmat", "legacy_compatibility", "pem", "pkcs8", "rand_core", "serde", "signature", "strobe-rs", "zeroize"))' -C metadata=d0db73ac3c4c0e21 -C extra-filename=-f4dab47b8bae84fe --out-dir /evidence/target/debug/deps -L dependency=/evidence/target/debug/deps --extern curve25519_dalek=/evidence/target/debug/deps/libcurve25519_dalek-d21e31a2e64cdc3f.rmeta --extern ed25519=/evidence/target/debug/deps/libed25519-0c10bc87a437ace4.rmeta --extern sha2=/evidence/target/debug/deps/libsha2-9edbc87a5bc3d9a2.rmeta --extern subtle=/evidence/target/debug/deps/libsubtle-191bfb3abf9fd829.rmeta --extern zeroize=/evidence/target/debug/deps/libzeroize-cec3ceb8163a75e0.rmeta --cap-lints warn`
       Fresh cap-fs-ext v4.0.3
       Fresh hashlink v0.12.2
   Compiling fallible-iterator v0.3.0
   Compiling smallvec v1.16.0
       Fresh fallible-streaming-iterator v0.1.9
   Compiling signal-hook-registry v1.4.8
     Running `CARGO=/usr/local/rustup/toolchains/1.98.1-aarch64-unknown-linux-gnu/bin/cargo CARGO_CRATE_NAME=fallible_iterator CARGO_MANIFEST_DIR=/evidence/cargo-home/registry/src/index.crates.io-1949cf8c6b5b557f/fallible-iterator-0.3.0 CARGO_MANIFEST_PATH=/evidence/cargo-home/registry/src/index.crates.io-1949cf8c6b5b557f/fallible-iterator-0.3.0/Cargo.toml CARGO_PKG_AUTHORS='Steven Fackler <sfackler@gmail.com>' CARGO_PKG_DESCRIPTION='Fallible iterator traits' CARGO_PKG_HOMEPAGE='' CARGO_PKG_LICENSE=MIT/Apache-2.0 CARGO_PKG_LICENSE_FILE='' CARGO_PKG_NAME=fallible-iterator CARGO_PKG_README=README.md CARGO_PKG_REPOSITORY='https://github.com/sfackler/rust-fallible-iterator' CARGO_PKG_RUST_VERSION='' CARGO_PKG_VERSION=0.3.0 CARGO_PKG_VERSION_MAJOR=0 CARGO_PKG_VERSION_MINOR=3 CARGO_PKG_VERSION_PATCH=0 CARGO_PKG_VERSION_PRE='' LD_LIBRARY_PATH='/evidence/target/debug/deps:/usr/local/rustup/toolchains/1.98.1-aarch64-unknown-linux-gnu/lib' /usr/local/rustup/toolchains/1.98.1-aarch64-unknown-linux-gnu/bin/rustc --crate-name fallible_iterator --edition=2018 /evidence/cargo-home/registry/src/index.crates.io-1949cf8c6b5b557f/fallible-iterator-0.3.0/src/lib.rs --error-format=json --json=diagnostic-rendered-ansi,artifacts,future-incompat --crate-type lib --emit=dep-info,metadata,link -C embed-bitcode=no -C debuginfo=2 --cfg 'feature="alloc"' --cfg 'feature="default"' --check-cfg 'cfg(docsrs,test)' --check-cfg 'cfg(feature, values("alloc", "default", "std"))' -C metadata=75bc248491534987 -C extra-filename=-df3754dc8841f3cd --out-dir /evidence/target/debug/deps -L dependency=/evidence/target/debug/deps --cap-lints warn`
   Compiling tokio-macros v2.7.2
   Compiling mio v1.2.3
   Compiling pin-project-lite v0.2.17
     Running `CARGO=/usr/local/rustup/toolchains/1.98.1-aarch64-unknown-linux-gnu/bin/cargo CARGO_CRATE_NAME=smallvec CARGO_MANIFEST_DIR=/evidence/cargo-home/registry/src/index.crates.io-1949cf8c6b5b557f/smallvec-1.16.0 CARGO_MANIFEST_PATH=/evidence/cargo-home/registry/src/index.crates.io-1949cf8c6b5b557f/smallvec-1.16.0/Cargo.toml CARGO_PKG_AUTHORS='The Servo Project Developers' CARGO_PKG_DESCRIPTION=''\''Small vector'\'' optimization: store up to a small number of items on the stack' CARGO_PKG_HOMEPAGE='' CARGO_PKG_LICENSE='MIT OR Apache-2.0' CARGO_PKG_LICENSE_FILE='' CARGO_PKG_NAME=smallvec CARGO_PKG_README=README.md CARGO_PKG_REPOSITORY='https://github.com/servo/rust-smallvec' CARGO_PKG_RUST_VERSION='' CARGO_PKG_VERSION=1.16.0 CARGO_PKG_VERSION_MAJOR=1 CARGO_PKG_VERSION_MINOR=16 CARGO_PKG_VERSION_PATCH=0 CARGO_PKG_VERSION_PRE='' LD_LIBRARY_PATH='/evidence/target/debug/deps:/usr/local/rustup/toolchains/1.98.1-aarch64-unknown-linux-gnu/lib' /usr/local/rustup/toolchains/1.98.1-aarch64-unknown-linux-gnu/bin/rustc --crate-name smallvec --edition=2018 /evidence/cargo-home/registry/src/index.crates.io-1949cf8c6b5b557f/smallvec-1.16.0/src/lib.rs --error-format=json --json=diagnostic-rendered-ansi,artifacts,future-incompat --crate-type lib --emit=dep-info,metadata,link -C embed-bitcode=no -C debuginfo=2 --check-cfg 'cfg(docsrs,test)' --check-cfg 'cfg(feature, values("arbitrary", "bincode", "const_generics", "const_new", "drain_filter", "drain_keep_rest", "impl_bincode", "malloc_size_of", "may_dangle", "serde", "specialization", "union", "unty", "write"))' -C metadata=bc9bf40fa58567b4 -C extra-filename=-bf2a713eef285846 --out-dir /evidence/target/debug/deps -L dependency=/evidence/target/debug/deps --cap-lints warn`
     Running `CARGO=/usr/local/rustup/toolchains/1.98.1-aarch64-unknown-linux-gnu/bin/cargo CARGO_CRATE_NAME=signal_hook_registry CARGO_MANIFEST_DIR=/evidence/cargo-home/registry/src/index.crates.io-1949cf8c6b5b557f/signal-hook-registry-1.4.8 CARGO_MANIFEST_PATH=/evidence/cargo-home/registry/src/index.crates.io-1949cf8c6b5b557f/signal-hook-registry-1.4.8/Cargo.toml CARGO_PKG_AUTHORS='Michal '\''vorner'\'' Vaner <vorner@vorner.cz>:Masaki Hara <ackie.h.gmai@gmail.com>' CARGO_PKG_DESCRIPTION='Backend crate for signal-hook' CARGO_PKG_HOMEPAGE='' CARGO_PKG_LICENSE='MIT OR Apache-2.0' CARGO_PKG_LICENSE_FILE='' CARGO_PKG_NAME=signal-hook-registry CARGO_PKG_README=README.md CARGO_PKG_REPOSITORY='https://github.com/vorner/signal-hook' CARGO_PKG_RUST_VERSION=1.26 CARGO_PKG_VERSION=1.4.8 CARGO_PKG_VERSION_MAJOR=1 CARGO_PKG_VERSION_MINOR=4 CARGO_PKG_VERSION_PATCH=8 CARGO_PKG_VERSION_PRE='' LD_LIBRARY_PATH='/evidence/target/debug/deps:/usr/local/rustup/toolchains/1.98.1-aarch64-unknown-linux-gnu/lib' /usr/local/rustup/toolchains/1.98.1-aarch64-unknown-linux-gnu/bin/rustc --crate-name signal_hook_registry --edition=2015 /evidence/cargo-home/registry/src/index.crates.io-1949cf8c6b5b557f/signal-hook-registry-1.4.8/src/lib.rs --error-format=json --json=diagnostic-rendered-ansi,artifacts,future-incompat --crate-type lib --emit=dep-info,metadata,link -C embed-bitcode=no -C debuginfo=2 '--allow=clippy::unnecessary_clippy_cfg' --check-cfg 'cfg(docsrs,test)' --check-cfg 'cfg(feature, values())' -C metadata=9639d9ee6a6a700f -C extra-filename=-9e48a56de7ca3294 --out-dir /evidence/target/debug/deps -L dependency=/evidence/target/debug/deps --extern errno=/evidence/target/debug/deps/liberrno-a38fc325b291caf3.rmeta --extern libc=/evidence/target/debug/deps/liblibc-289269b039bba117.rmeta --cap-lints warn`
     Running `CARGO=/usr/local/rustup/toolchains/1.98.1-aarch64-unknown-linux-gnu/bin/cargo CARGO_CRATE_NAME=tokio_macros CARGO_MANIFEST_DIR=/evidence/cargo-home/registry/src/index.crates.io-1949cf8c6b5b557f/tokio-macros-2.7.2 CARGO_MANIFEST_PATH=/evidence/cargo-home/registry/src/index.crates.io-1949cf8c6b5b557f/tokio-macros-2.7.2/Cargo.toml CARGO_PKG_AUTHORS='Tokio Contributors <team@tokio.rs>' CARGO_PKG_DESCRIPTION='Tokio'\''s proc macros.
' CARGO_PKG_HOMEPAGE='https://tokio.rs' CARGO_PKG_LICENSE=MIT CARGO_PKG_LICENSE_FILE='' CARGO_PKG_NAME=tokio-macros CARGO_PKG_README=README.md CARGO_PKG_REPOSITORY='https://github.com/tokio-rs/tokio' CARGO_PKG_RUST_VERSION=1.71 CARGO_PKG_VERSION=2.7.2 CARGO_PKG_VERSION_MAJOR=2 CARGO_PKG_VERSION_MINOR=7 CARGO_PKG_VERSION_PATCH=2 CARGO_PKG_VERSION_PRE='' LD_LIBRARY_PATH='/evidence/target/debug/deps:/usr/local/rustup/toolchains/1.98.1-aarch64-unknown-linux-gnu/lib' /usr/local/rustup/toolchains/1.98.1-aarch64-unknown-linux-gnu/bin/rustc --crate-name tokio_macros --edition=2021 /evidence/cargo-home/registry/src/index.crates.io-1949cf8c6b5b557f/tokio-macros-2.7.2/src/lib.rs --error-format=json --json=diagnostic-rendered-ansi,artifacts,future-incompat --crate-type proc-macro --emit=dep-info,link -C prefer-dynamic -C embed-bitcode=no --warn=unexpected_cfgs --check-cfg 'cfg(fuzzing)' --check-cfg 'cfg(loom)' --check-cfg 'cfg(mio_unsupported_force_poll_poll)' --check-cfg 'cfg(tokio_allow_from_blocking_fd)' --check-cfg 'cfg(tokio_internal_mt_counters)' --check-cfg 'cfg(tokio_no_parking_lot)' --check-cfg 'cfg(tokio_no_tuning_tests)' --check-cfg 'cfg(tokio_unstable)' --check-cfg 'cfg(target_os, values("cygwin"))' --check-cfg 'cfg(docsrs,test)' --check-cfg 'cfg(feature, values())' -C metadata=470c6c4a7df540ea -C extra-filename=-fb39fdc61eb79b49 --out-dir /evidence/target/debug/deps -L dependency=/evidence/target/debug/deps --extern proc_macro2=/evidence/target/debug/deps/libproc_macro2-525a654ae62169e3.rlib --extern quote=/evidence/target/debug/deps/libquote-606fa2a313934a69.rlib --extern syn=/evidence/target/debug/deps/libsyn-2efc2075a3c9e3dc.rlib --extern proc_macro --cap-lints warn`
     Running `CARGO=/usr/local/rustup/toolchains/1.98.1-aarch64-unknown-linux-gnu/bin/cargo CARGO_CRATE_NAME=mio CARGO_MANIFEST_DIR=/evidence/cargo-home/registry/src/index.crates.io-1949cf8c6b5b557f/mio-1.2.3 CARGO_MANIFEST_PATH=/evidence/cargo-home/registry/src/index.crates.io-1949cf8c6b5b557f/mio-1.2.3/Cargo.toml CARGO_PKG_AUTHORS='Carl Lerche <me@carllerche.com>:Thomas de Zeeuw <thomasdezeeuw@gmail.com>:Tokio Contributors <team@tokio.rs>' CARGO_PKG_DESCRIPTION='Lightweight non-blocking I/O.' CARGO_PKG_HOMEPAGE='https://github.com/tokio-rs/mio' CARGO_PKG_LICENSE=MIT CARGO_PKG_LICENSE_FILE='' CARGO_PKG_NAME=mio CARGO_PKG_README=README.md CARGO_PKG_REPOSITORY='https://github.com/tokio-rs/mio' CARGO_PKG_RUST_VERSION=1.71 CARGO_PKG_VERSION=1.2.3 CARGO_PKG_VERSION_MAJOR=1 CARGO_PKG_VERSION_MINOR=2 CARGO_PKG_VERSION_PATCH=3 CARGO_PKG_VERSION_PRE='' LD_LIBRARY_PATH='/evidence/target/debug/deps:/usr/local/rustup/toolchains/1.98.1-aarch64-unknown-linux-gnu/lib' /usr/local/rustup/toolchains/1.98.1-aarch64-unknown-linux-gnu/bin/rustc --crate-name mio --edition=2021 /evidence/cargo-home/registry/src/index.crates.io-1949cf8c6b5b557f/mio-1.2.3/src/lib.rs --error-format=json --json=diagnostic-rendered-ansi,artifacts,future-incompat --crate-type lib --emit=dep-info,metadata,link -C embed-bitcode=no -C debuginfo=2 --warn=unexpected_cfgs --check-cfg 'cfg(mio_unsupported_force_poll_poll)' --check-cfg 'cfg(mio_unsupported_force_waker_pipe)' --cfg 'feature="net"' --cfg 'feature="os-ext"' --cfg 'feature="os-poll"' --check-cfg 'cfg(docsrs,test)' --check-cfg 'cfg(feature, values("default", "log", "net", "os-ext", "os-poll"))' -C metadata=56167dd8c9c31d23 -C extra-filename=-6deeece5184d3642 --out-dir /evidence/target/debug/deps -L dependency=/evidence/target/debug/deps --extern libc=/evidence/target/debug/deps/liblibc-289269b039bba117.rmeta --cap-lints warn`
     Running `CARGO=/usr/local/rustup/toolchains/1.98.1-aarch64-unknown-linux-gnu/bin/cargo CARGO_CRATE_NAME=pin_project_lite CARGO_MANIFEST_DIR=/evidence/cargo-home/registry/src/index.crates.io-1949cf8c6b5b557f/pin-project-lite-0.2.17 CARGO_MANIFEST_PATH=/evidence/cargo-home/registry/src/index.crates.io-1949cf8c6b5b557f/pin-project-lite-0.2.17/Cargo.toml CARGO_PKG_AUTHORS='' CARGO_PKG_DESCRIPTION='A lightweight version of pin-project written with declarative macros.
' CARGO_PKG_HOMEPAGE='' CARGO_PKG_LICENSE='Apache-2.0 OR MIT' CARGO_PKG_LICENSE_FILE='' CARGO_PKG_NAME=pin-project-lite CARGO_PKG_README=README.md CARGO_PKG_REPOSITORY='https://github.com/taiki-e/pin-project-lite' CARGO_PKG_RUST_VERSION=1.37 CARGO_PKG_VERSION=0.2.17 CARGO_PKG_VERSION_MAJOR=0 CARGO_PKG_VERSION_MINOR=2 CARGO_PKG_VERSION_PATCH=17 CARGO_PKG_VERSION_PRE='' LD_LIBRARY_PATH='/evidence/target/debug/deps:/usr/local/rustup/toolchains/1.98.1-aarch64-unknown-linux-gnu/lib' /usr/local/rustup/toolchains/1.98.1-aarch64-unknown-linux-gnu/bin/rustc --crate-name pin_project_lite --edition=2018 /evidence/cargo-home/registry/src/index.crates.io-1949cf8c6b5b557f/pin-project-lite-0.2.17/src/lib.rs --error-format=json --json=diagnostic-rendered-ansi,artifacts,future-incompat --crate-type lib --emit=dep-info,metadata,link -C embed-bitcode=no -C debuginfo=2 '--warn=clippy::unused_trait_names' --warn=unreachable_pub --warn=unnameable_types --warn=unexpected_cfgs '--warn=clippy::undocumented_unsafe_blocks' '--warn=clippy::transmute_undefined_repr' '--warn=clippy::trailing_empty_array' --warn=single_use_lifetimes --warn=rust_2018_idioms '--warn=clippy::pedantic' --warn=non_ascii_idents '--warn=clippy::inline_asm_x86_att_syntax' --warn=improper_ctypes_definitions --warn=improper_ctypes --warn=deprecated_safe '--warn=clippy::default_union_representation' '--warn=clippy::as_underscore' '--warn=clippy::as_ptr_cast_mut' '--warn=clippy::all' '--allow=clippy::type_complexity' '--allow=clippy::too_many_lines' '--allow=clippy::too_many_arguments' '--allow=clippy::struct_field_names' '--allow=clippy::struct_excessive_bools' '--allow=clippy::single_match_else' '--allow=clippy::single_match' '--allow=clippy::similar_names' '--allow=clippy::range_plus_one' '--allow=clippy::nonminimal_bool' '--allow=clippy::naive_bytecount' '--allow=clippy::module_name_repetitions' '--allow=clippy::missing_errors_doc' '--allow=clippy::manual_range_contains' '--allow=clippy::manual_assert' '--allow=clippy::incompatible_msrv' '--allow=clippy::float_cmp' '--allow=clippy::doc_markdown' '--allow=clippy::declare_interior_mutable_const' '--allow=clippy::collapsible_match' '--allow=clippy::cast_lossless' '--allow=clippy::borrow_as_ptr' '--allow=clippy::bool_assert_comparison' --check-cfg 'cfg(docsrs,test)' --check-cfg 'cfg(feature, values())' -C metadata=af596bd2cfb4bc1d -C extra-filename=-128b649650ae9fd2 --out-dir /evidence/target/debug/deps -L dependency=/evidence/target/debug/deps --cap-lints warn`
[libsqlite3-sys 0.38.2] cargo:rerun-if-env-changed=LIBSQLITE3_SYS_USE_PKG_CONFIG
[libsqlite3-sys 0.38.2] cargo:include=/evidence/cargo-home/registry/src/index.crates.io-1949cf8c6b5b557f/libsqlite3-sys-0.38.2/sqlite3
[libsqlite3-sys 0.38.2] cargo:rerun-if-changed=sqlite3/sqlite3.c
[libsqlite3-sys 0.38.2] cargo:rerun-if-changed=sqlite3/wasm32-wasi-vfs.c
[libsqlite3-sys 0.38.2] cargo:rerun-if-env-changed=SQLITE_MAX_VARIABLE_NUMBER
[libsqlite3-sys 0.38.2] cargo:rerun-if-env-changed=SQLITE_MAX_EXPR_DEPTH
[libsqlite3-sys 0.38.2] cargo:rerun-if-env-changed=SQLITE_MAX_COLUMN
[libsqlite3-sys 0.38.2] cargo:rerun-if-env-changed=LIBSQLITE3_FLAGS
[libsqlite3-sys 0.38.2] cargo:rerun-if-env-changed=CC_FORCE_DISABLE
[libsqlite3-sys 0.38.2] CC_FORCE_DISABLE = None
[libsqlite3-sys 0.38.2] cargo:rerun-if-env-changed=CC_aarch64-unknown-linux-gnu
[libsqlite3-sys 0.38.2] CC_aarch64-unknown-linux-gnu = None
[libsqlite3-sys 0.38.2] cargo:rerun-if-env-changed=CC_aarch64_unknown_linux_gnu
[libsqlite3-sys 0.38.2] CC_aarch64_unknown_linux_gnu = None
[libsqlite3-sys 0.38.2] cargo:rerun-if-env-changed=HOST_CC
[libsqlite3-sys 0.38.2] HOST_CC = None
[libsqlite3-sys 0.38.2] cargo:rerun-if-env-changed=CC
[libsqlite3-sys 0.38.2] CC = None
[libsqlite3-sys 0.38.2] cargo:rerun-if-env-changed=CC_ENABLE_DEBUG_OUTPUT
 INFO rustc_metadata::locator lib candidate: /usr/local/rustup/toolchains/1.98.1-aarch64-unknown-linux-gnu/lib/rustlib/aarch64-unknown-linux-gnu/lib/libstd-96c9fe7a07d47cf2.rlib
 INFO rustc_metadata::locator lib candidate: /usr/local/rustup/toolchains/1.98.1-aarch64-unknown-linux-gnu/lib/rustlib/aarch64-unknown-linux-gnu/lib/libcore-276de952897abe1c.rlib
 INFO rustc_metadata::locator lib candidate: /usr/local/rustup/toolchains/1.98.1-aarch64-unknown-linux-gnu/lib/rustlib/aarch64-unknown-linux-gnu/lib/libstd_detect-744cebc7daba8a68.rlib
 INFO rustc_metadata::locator lib candidate: /usr/local/rustup/toolchains/1.98.1-aarch64-unknown-linux-gnu/lib/rustlib/aarch64-unknown-linux-gnu/lib/libstd-96c9fe7a07d47cf2.rmeta
 INFO rustc_metadata::locator lib candidate: /usr/local/rustup/toolchains/1.98.1-aarch64-unknown-linux-gnu/lib/rustlib/aarch64-unknown-linux-gnu/lib/libstd_detect-744cebc7daba8a68.rmeta
 INFO rustc_metadata::locator lib candidate: /usr/local/rustup/toolchains/1.98.1-aarch64-unknown-linux-gnu/lib/rustlib/aarch64-unknown-linux-gnu/lib/libstd-96c9fe7a07d47cf2.so
 INFO rustc_metadata::locator rmeta reading metadata from: /usr/local/rustup/toolchains/1.98.1-aarch64-unknown-linux-gnu/lib/rustlib/aarch64-unknown-linux-gnu/lib/libstd-96c9fe7a07d47cf2.rmeta
 INFO rustc_metadata::locator lib candidate: /usr/local/rustup/toolchains/1.98.1-aarch64-unknown-linux-gnu/lib/rustlib/aarch64-unknown-linux-gnu/lib/libcore-276de952897abe1c.rmeta
 INFO rustc_metadata::locator rlib reading metadata from: /usr/local/rustup/toolchains/1.98.1-aarch64-unknown-linux-gnu/lib/rustlib/aarch64-unknown-linux-gnu/lib/libstd-96c9fe7a07d47cf2.rlib
 INFO rustc_metadata::locator rmeta reading metadata from: /usr/local/rustup/toolchains/1.98.1-aarch64-unknown-linux-gnu/lib/rustlib/aarch64-unknown-linux-gnu/lib/libcore-276de952897abe1c.rmeta
 INFO rustc_metadata::locator dylib reading metadata from: /usr/local/rustup/toolchains/1.98.1-aarch64-unknown-linux-gnu/lib/rustlib/aarch64-unknown-linux-gnu/lib/libstd-96c9fe7a07d47cf2.so
 INFO rustc_metadata::locator lib candidate: /usr/local/rustup/toolchains/1.98.1-aarch64-unknown-linux-gnu/lib/rustlib/aarch64-unknown-linux-gnu/lib/liballoc-5ed91a8779ad9241.rlib
 INFO rustc_metadata::locator rmeta reading metadata from: /usr/local/rustup/toolchains/1.98.1-aarch64-unknown-linux-gnu/lib/rustlib/aarch64-unknown-linux-gnu/lib/libstd_detect-744cebc7daba8a68.rmeta
 INFO rustc_metadata::locator lib candidate: /usr/local/rustup/toolchains/1.98.1-aarch64-unknown-linux-gnu/lib/rustlib/aarch64-unknown-linux-gnu/lib/libcore-276de952897abe1c.rlib
 INFO rustc_metadata::locator Rejecting via crate name
 INFO rustc_metadata::locator lib candidate: /usr/local/rustup/toolchains/1.98.1-aarch64-unknown-linux-gnu/lib/rustlib/aarch64-unknown-linux-gnu/lib/libcore-276de952897abe1c.rmeta
 INFO rustc_metadata::locator metadata mismatch
 INFO rustc_metadata::locator rmeta reading metadata from: /usr/local/rustup/toolchains/1.98.1-aarch64-unknown-linux-gnu/lib/rustlib/aarch64-unknown-linux-gnu/lib/libcore-276de952897abe1c.rmeta
 INFO rustc_metadata::locator lib candidate: /usr/local/rustup/toolchains/1.98.1-aarch64-unknown-linux-gnu/lib/rustlib/aarch64-unknown-linux-gnu/lib/liballoc-5ed91a8779ad9241.rmeta
 INFO rustc_metadata::locator lib candidate: /usr/local/rustup/toolchains/1.98.1-aarch64-unknown-linux-gnu/lib/rustlib/aarch64-unknown-linux-gnu/lib/liballoc-5ed91a8779ad9241.rlib
 INFO rustc_metadata::locator lib candidate: /usr/local/rustup/toolchains/1.98.1-aarch64-unknown-linux-gnu/lib/rustlib/aarch64-unknown-linux-gnu/lib/liballoc-5ed91a8779ad9241.rmeta
 INFO rustc_metadata::locator rmeta reading metadata from: /usr/local/rustup/toolchains/1.98.1-aarch64-unknown-linux-gnu/lib/rustlib/aarch64-unknown-linux-gnu/lib/liballoc-5ed91a8779ad9241.rmeta
 INFO rustc_metadata::locator rmeta reading metadata from: /usr/local/rustup/toolchains/1.98.1-aarch64-unknown-linux-gnu/lib/rustlib/aarch64-unknown-linux-gnu/lib/liballoc-5ed91a8779ad9241.rmeta
 INFO rustc_metadata::locator rlib reading metadata from: /usr/local/rustup/toolchains/1.98.1-aarch64-unknown-linux-gnu/lib/rustlib/aarch64-unknown-linux-gnu/lib/libstd_detect-744cebc7daba8a68.rlib
 INFO rustc_metadata::locator lib candidate: /usr/local/rustup/toolchains/1.98.1-aarch64-unknown-linux-gnu/lib/rustlib/aarch64-unknown-linux-gnu/lib/libcompiler_builtins-bd0d6dc1a63d46e8.rlib
 INFO rustc_metadata::locator Rejecting via crate name
 INFO rustc_metadata::locator lib candidate: /usr/local/rustup/toolchains/1.98.1-aarch64-unknown-linux-gnu/lib/rustlib/aarch64-unknown-linux-gnu/lib/libcompiler_builtins-bd0d6dc1a63d46e8.rmeta
 INFO rustc_metadata::locator lib candidate: /usr/local/rustup/toolchains/1.98.1-aarch64-unknown-linux-gnu/lib/rustlib/aarch64-unknown-linux-gnu/lib/libcompiler_builtins-bd0d6dc1a63d46e8.rlib
 INFO rustc_metadata::locator metadata mismatch
 INFO rustc_metadata::locator rmeta reading metadata from: /usr/local/rustup/toolchains/1.98.1-aarch64-unknown-linux-gnu/lib/rustlib/aarch64-unknown-linux-gnu/lib/libcompiler_builtins-bd0d6dc1a63d46e8.rmeta
 INFO rustc_metadata::locator lib candidate: /usr/local/rustup/toolchains/1.98.1-aarch64-unknown-linux-gnu/lib/rustlib/aarch64-unknown-linux-gnu/lib/libcompiler_builtins-bd0d6dc1a63d46e8.rmeta
 INFO rustc_metadata::locator lib candidate: /usr/local/rustup/toolchains/1.98.1-aarch64-unknown-linux-gnu/lib/rustlib/aarch64-unknown-linux-gnu/lib/libcore-276de952897abe1c.rlib
 INFO rustc_metadata::locator lib candidate: /usr/local/rustup/toolchains/1.98.1-aarch64-unknown-linux-gnu/lib/rustlib/aarch64-unknown-linux-gnu/lib/libstd-96c9fe7a07d47cf2.rlib
 INFO rustc_metadata::locator lib candidate: /usr/local/rustup/toolchains/1.98.1-aarch64-unknown-linux-gnu/lib/rustlib/aarch64-unknown-linux-gnu/lib/libcore-276de952897abe1c.rlib
 INFO rustc_metadata::locator rmeta reading metadata from: /usr/local/rustup/toolchains/1.98.1-aarch64-unknown-linux-gnu/lib/rustlib/aarch64-unknown-linux-gnu/lib/libcompiler_builtins-bd0d6dc1a63d46e8.rmeta
 INFO rustc_metadata::locator lib candidate: /usr/local/rustup/toolchains/1.98.1-aarch64-unknown-linux-gnu/lib/rustlib/aarch64-unknown-linux-gnu/lib/libcore-276de952897abe1c.rmeta
 INFO rustc_metadata::locator lib candidate: /usr/local/rustup/toolchains/1.98.1-aarch64-unknown-linux-gnu/lib/rustlib/aarch64-unknown-linux-gnu/lib/libcore-276de952897abe1c.rmeta
 INFO rustc_metadata::locator lib candidate: /usr/local/rustup/toolchains/1.98.1-aarch64-unknown-linux-gnu/lib/rustlib/aarch64-unknown-linux-gnu/lib/libcore-276de952897abe1c.rlib
 INFO rustc_metadata::locator lib candidate: /usr/local/rustup/toolchains/1.98.1-aarch64-unknown-linux-gnu/lib/rustlib/aarch64-unknown-linux-gnu/lib/libstd_detect-744cebc7daba8a68.rlib
 INFO rustc_metadata::locator lib candidate: /usr/local/rustup/toolchains/1.98.1-aarch64-unknown-linux-gnu/lib/rustlib/aarch64-unknown-linux-gnu/lib/libcore-276de952897abe1c.rlib
 INFO rustc_metadata::locator lib candidate: /usr/local/rustup/toolchains/1.98.1-aarch64-unknown-linux-gnu/lib/rustlib/aarch64-unknown-linux-gnu/lib/libcore-276de952897abe1c.rmeta
 INFO rustc_metadata::locator rmeta reading metadata from: /usr/local/rustup/toolchains/1.98.1-aarch64-unknown-linux-gnu/lib/rustlib/aarch64-unknown-linux-gnu/lib/libcore-276de952897abe1c.rmeta
 INFO rustc_metadata::locator lib candidate: /usr/local/rustup/toolchains/1.98.1-aarch64-unknown-linux-gnu/lib/rustlib/aarch64-unknown-linux-gnu/lib/libstd-96c9fe7a07d47cf2.rmeta
 INFO rustc_metadata::locator rmeta reading metadata from: /usr/local/rustup/toolchains/1.98.1-aarch64-unknown-linux-gnu/lib/rustlib/aarch64-unknown-linux-gnu/lib/libcore-276de952897abe1c.rmeta
 INFO rustc_metadata::locator rmeta reading metadata from: /usr/local/rustup/toolchains/1.98.1-aarch64-unknown-linux-gnu/lib/rustlib/aarch64-unknown-linux-gnu/lib/libcore-276de952897abe1c.rmeta
 INFO rustc_metadata::locator lib candidate: /usr/local/rustup/toolchains/1.98.1-aarch64-unknown-linux-gnu/lib/rustlib/aarch64-unknown-linux-gnu/lib/libcore-276de952897abe1c.rlib
 INFO rustc_metadata::locator rlib reading metadata from: /usr/local/rustup/toolchains/1.98.1-aarch64-unknown-linux-gnu/lib/rustlib/aarch64-unknown-linux-gnu/lib/libcore-276de952897abe1c.rlib
 INFO rustc_metadata::locator lib candidate: /usr/local/rustup/toolchains/1.98.1-aarch64-unknown-linux-gnu/lib/rustlib/aarch64-unknown-linux-gnu/lib/libcore-276de952897abe1c.rmeta
 INFO rustc_metadata::locator lib candidate: /usr/local/rustup/toolchains/1.98.1-aarch64-unknown-linux-gnu/lib/rustlib/aarch64-unknown-linux-gnu/lib/libcore-276de952897abe1c.rmeta
 INFO rustc_metadata::locator lib candidate: /usr/local/rustup/toolchains/1.98.1-aarch64-unknown-linux-gnu/lib/rustlib/aarch64-unknown-linux-gnu/lib/libcore-276de952897abe1c.rlib
 INFO rustc_metadata::locator lib candidate: /usr/local/rustup/toolchains/1.98.1-aarch64-unknown-linux-gnu/lib/rustlib/aarch64-unknown-linux-gnu/lib/libstd-96c9fe7a07d47cf2.rlib
 INFO rustc_metadata::locator lib candidate: /usr/local/rustup/toolchains/1.98.1-aarch64-unknown-linux-gnu/lib/rustlib/aarch64-unknown-linux-gnu/lib/liballoc-5ed91a8779ad9241.rlib
 INFO rustc_metadata::locator rmeta reading metadata from: /usr/local/rustup/toolchains/1.98.1-aarch64-unknown-linux-gnu/lib/rustlib/aarch64-unknown-linux-gnu/lib/libcore-276de952897abe1c.rmeta
 INFO rustc_metadata::locator lib candidate: /usr/local/rustup/toolchains/1.98.1-aarch64-unknown-linux-gnu/lib/rustlib/aarch64-unknown-linux-gnu/lib/libcore-276de952897abe1c.rmeta
 INFO rustc_metadata::locator rmeta reading metadata from: /usr/local/rustup/toolchains/1.98.1-aarch64-unknown-linux-gnu/lib/rustlib/aarch64-unknown-linux-gnu/lib/libcore-276de952897abe1c.rmeta
 INFO rustc_metadata::locator lib candidate: /usr/local/rustup/toolchains/1.98.1-aarch64-unknown-linux-gnu/lib/rustlib/aarch64-unknown-linux-gnu/lib/liballoc-5ed91a8779ad9241.rmeta
 INFO rustc_metadata::locator lib candidate: /usr/local/rustup/toolchains/1.98.1-aarch64-unknown-linux-gnu/lib/rustlib/aarch64-unknown-linux-gnu/lib/libcore-276de952897abe1c.rlib
 INFO rustc_metadata::locator lib candidate: /usr/local/rustup/toolchains/1.98.1-aarch64-unknown-linux-gnu/lib/rustlib/aarch64-unknown-linux-gnu/lib/libstd_detect-744cebc7daba8a68.rlib
 INFO rustc_metadata::locator rmeta reading metadata from: /usr/local/rustup/toolchains/1.98.1-aarch64-unknown-linux-gnu/lib/rustlib/aarch64-unknown-linux-gnu/lib/libcore-276de952897abe1c.rmeta
 INFO rustc_metadata::locator lib candidate: /usr/local/rustup/toolchains/1.98.1-aarch64-unknown-linux-gnu/lib/rustlib/aarch64-unknown-linux-gnu/lib/libstd_detect-744cebc7daba8a68.rmeta
 INFO rustc_metadata::locator lib candidate: /usr/local/rustup/toolchains/1.98.1-aarch64-unknown-linux-gnu/lib/rustlib/aarch64-unknown-linux-gnu/lib/libcore-276de952897abe1c.rlib
 INFO rustc_metadata::locator lib candidate: /usr/local/rustup/toolchains/1.98.1-aarch64-unknown-linux-gnu/lib/rustlib/aarch64-unknown-linux-gnu/lib/libstd-96c9fe7a07d47cf2.rmeta
 INFO rustc_metadata::locator rmeta reading metadata from: /usr/local/rustup/toolchains/1.98.1-aarch64-unknown-linux-gnu/lib/rustlib/aarch64-unknown-linux-gnu/lib/liballoc-5ed91a8779ad9241.rmeta
 INFO rustc_metadata::locator lib candidate: /usr/local/rustup/toolchains/1.98.1-aarch64-unknown-linux-gnu/lib/rustlib/aarch64-unknown-linux-gnu/lib/libcore-276de952897abe1c.rmeta
 INFO rustc_metadata::locator lib candidate: /usr/local/rustup/toolchains/1.98.1-aarch64-unknown-linux-gnu/lib/rustlib/aarch64-unknown-linux-gnu/lib/libstd-96c9fe7a07d47cf2.so
 INFO rustc_metadata::locator lib candidate: /usr/local/rustup/toolchains/1.98.1-aarch64-unknown-linux-gnu/lib/rustlib/aarch64-unknown-linux-gnu/lib/libcore-276de952897abe1c.rmeta
 INFO rustc_metadata::locator lib candidate: /usr/local/rustup/toolchains/1.98.1-aarch64-unknown-linux-gnu/lib/rustlib/aarch64-unknown-linux-gnu/lib/libstd_detect-744cebc7daba8a68.rmeta
 INFO rustc_metadata::locator rmeta reading metadata from: /usr/local/rustup/toolchains/1.98.1-aarch64-unknown-linux-gnu/lib/rustlib/aarch64-unknown-linux-gnu/lib/libcore-276de952897abe1c.rmeta
 INFO rustc_metadata::locator rmeta reading metadata from: /usr/local/rustup/toolchains/1.98.1-aarch64-unknown-linux-gnu/lib/rustlib/aarch64-unknown-linux-gnu/lib/libstd-96c9fe7a07d47cf2.rmeta
 INFO rustc_metadata::locator rmeta reading metadata from: /usr/local/rustup/toolchains/1.98.1-aarch64-unknown-linux-gnu/lib/rustlib/aarch64-unknown-linux-gnu/lib/libcore-276de952897abe1c.rmeta
 INFO rustc_metadata::locator lib candidate: /usr/local/rustup/toolchains/1.98.1-aarch64-unknown-linux-gnu/lib/rustlib/aarch64-unknown-linux-gnu/lib/libstd-96c9fe7a07d47cf2.so
 INFO rustc_metadata::locator rlib reading metadata from: /usr/local/rustup/toolchains/1.98.1-aarch64-unknown-linux-gnu/lib/rustlib/aarch64-unknown-linux-gnu/lib/liballoc-5ed91a8779ad9241.rlib
 INFO rustc_metadata::locator rmeta reading metadata from: /evidence/target/debug/deps/libed25519-0c10bc87a437ace4.rmeta
 INFO rustc_metadata::locator lib candidate: /usr/local/rustup/toolchains/1.98.1-aarch64-unknown-linux-gnu/lib/rustlib/aarch64-unknown-linux-gnu/lib/libcompiler_builtins-bd0d6dc1a63d46e8.rlib
 INFO rustc_metadata::locator lib candidate: /usr/local/rustup/toolchains/1.98.1-aarch64-unknown-linux-gnu/lib/rustlib/aarch64-unknown-linux-gnu/lib/libcore-276de952897abe1c.rlib
 INFO rustc_metadata::locator rlib reading metadata from: /usr/local/rustup/toolchains/1.98.1-aarch64-unknown-linux-gnu/lib/rustlib/aarch64-unknown-linux-gnu/lib/libstd-96c9fe7a07d47cf2.rlib
 INFO rustc_metadata::locator rmeta reading metadata from: /usr/local/rustup/toolchains/1.98.1-aarch64-unknown-linux-gnu/lib/rustlib/aarch64-unknown-linux-gnu/lib/libstd-96c9fe7a07d47cf2.rmeta
[libsqlite3-sys 0.38.2] cargo:rerun-if-env-changed=CRATE_CC_NO_DEFAULTS
[libsqlite3-sys 0.38.2] CRATE_CC_NO_DEFAULTS = None
 INFO rustc_metadata::locator lib candidate: /evidence/target/debug/deps/libsignature-8f50d4aed0dc4930.rlib
 INFO rustc_metadata::locator lib candidate: /usr/local/rustup/toolchains/1.98.1-aarch64-unknown-linux-gnu/lib/rustlib/aarch64-unknown-linux-gnu/lib/libcompiler_builtins-bd0d6dc1a63d46e8.rmeta
 INFO rustc_metadata::locator rmeta reading metadata from: /usr/local/rustup/toolchains/1.98.1-aarch64-unknown-linux-gnu/lib/rustlib/aarch64-unknown-linux-gnu/lib/libstd_detect-744cebc7daba8a68.rmeta
 INFO rustc_metadata::locator lib candidate: /usr/local/rustup/toolchains/1.98.1-aarch64-unknown-linux-gnu/lib/rustlib/aarch64-unknown-linux-gnu/lib/libcore-276de952897abe1c.rmeta
 INFO rustc_metadata::locator dylib reading metadata from: /usr/local/rustup/toolchains/1.98.1-aarch64-unknown-linux-gnu/lib/rustlib/aarch64-unknown-linux-gnu/lib/libstd-96c9fe7a07d47cf2.so
 INFO rustc_metadata::locator lib candidate: /evidence/target/debug/deps/libsignature-8f50d4aed0dc4930.rmeta
 INFO rustc_metadata::locator rmeta reading metadata from: /usr/local/rustup/toolchains/1.98.1-aarch64-unknown-linux-gnu/lib/rustlib/aarch64-unknown-linux-gnu/lib/libcompiler_builtins-bd0d6dc1a63d46e8.rmeta
 INFO rustc_metadata::locator rmeta reading metadata from: /usr/local/rustup/toolchains/1.98.1-aarch64-unknown-linux-gnu/lib/rustlib/aarch64-unknown-linux-gnu/lib/libcore-276de952897abe1c.rmeta
 INFO rustc_metadata::locator Rejecting via crate name
 INFO rustc_metadata::locator rmeta reading metadata from: /usr/local/rustup/toolchains/1.98.1-aarch64-unknown-linux-gnu/lib/rustlib/aarch64-unknown-linux-gnu/lib/libstd_detect-744cebc7daba8a68.rmeta
 INFO rustc_metadata::locator rmeta reading metadata from: /evidence/target/debug/deps/libsignature-8f50d4aed0dc4930.rmeta
[libsqlite3-sys 0.38.2] cargo:rerun-if-env-changed=CRATE_CC_NO_DEFAULTS
[libsqlite3-sys 0.38.2] CRATE_CC_NO_DEFAULTS = None
[libsqlite3-sys 0.38.2] cargo:rerun-if-env-changed=CFLAGS
[libsqlite3-sys 0.38.2] CFLAGS = None
[libsqlite3-sys 0.38.2] cargo:rerun-if-env-changed=HOST_CFLAGS
[libsqlite3-sys 0.38.2] HOST_CFLAGS = None
[libsqlite3-sys 0.38.2] cargo:rerun-if-env-changed=CFLAGS_aarch64_unknown_linux_gnu
[libsqlite3-sys 0.38.2] CFLAGS_aarch64_unknown_linux_gnu = None
[libsqlite3-sys 0.38.2] cargo:rerun-if-env-changed=CFLAGS_aarch64-unknown-linux-gnu
[libsqlite3-sys 0.38.2] CFLAGS_aarch64-unknown-linux-gnu = None
 INFO rustc_metadata::locator lib candidate: /usr/local/rustup/toolchains/1.98.1-aarch64-unknown-linux-gnu/lib/rustlib/aarch64-unknown-linux-gnu/lib/libcompiler_builtins-bd0d6dc1a63d46e8.rlib
 INFO rustc_metadata::locator Rejecting via crate name
 INFO rustc_metadata::locator metadata mismatch
 INFO rustc_metadata::locator lib candidate: /usr/local/rustup/toolchains/1.98.1-aarch64-unknown-linux-gnu/lib/rustlib/aarch64-unknown-linux-gnu/lib/libcompiler_builtins-bd0d6dc1a63d46e8.rlib
 INFO rustc_metadata::locator lib candidate: /usr/local/rustup/toolchains/1.98.1-aarch64-unknown-linux-gnu/lib/rustlib/aarch64-unknown-linux-gnu/lib/libcompiler_builtins-bd0d6dc1a63d46e8.rmeta
 INFO rustc_metadata::locator rlib reading metadata from: /usr/local/rustup/toolchains/1.98.1-aarch64-unknown-linux-gnu/lib/rustlib/aarch64-unknown-linux-gnu/lib/libcompiler_builtins-bd0d6dc1a63d46e8.rlib
 INFO rustc_metadata::locator metadata mismatch
 INFO rustc_metadata::locator rlib reading metadata from: /usr/local/rustup/toolchains/1.98.1-aarch64-unknown-linux-gnu/lib/rustlib/aarch64-unknown-linux-gnu/lib/libstd_detect-744cebc7daba8a68.rlib
 INFO rustc_metadata::locator rmeta reading metadata from: /usr/local/rustup/toolchains/1.98.1-aarch64-unknown-linux-gnu/lib/rustlib/aarch64-unknown-linux-gnu/lib/libcompiler_builtins-bd0d6dc1a63d46e8.rmeta
 INFO rustc_metadata::locator lib candidate: /usr/local/rustup/toolchains/1.98.1-aarch64-unknown-linux-gnu/lib/rustlib/aarch64-unknown-linux-gnu/lib/libcompiler_builtins-bd0d6dc1a63d46e8.rmeta
 INFO rustc_metadata::locator rlib reading metadata from: /usr/local/rustup/toolchains/1.98.1-aarch64-unknown-linux-gnu/lib/rustlib/aarch64-unknown-linux-gnu/lib/libstd_detect-744cebc7daba8a68.rlib
 INFO rustc_metadata::locator lib candidate: /usr/local/rustup/toolchains/1.98.1-aarch64-unknown-linux-gnu/lib/rustlib/aarch64-unknown-linux-gnu/lib/liblibc-d4267515c636bbd5.rlib
 INFO rustc_metadata::locator Rejecting via crate name
 INFO rustc_metadata::locator metadata mismatch
 INFO rustc_metadata::locator rmeta reading metadata from: /usr/local/rustup/toolchains/1.98.1-aarch64-unknown-linux-gnu/lib/rustlib/aarch64-unknown-linux-gnu/lib/libcompiler_builtins-bd0d6dc1a63d46e8.rmeta
 INFO rustc_metadata::locator lib candidate: /usr/local/rustup/toolchains/1.98.1-aarch64-unknown-linux-gnu/lib/rustlib/aarch64-unknown-linux-gnu/lib/liblibc-d4267515c636bbd5.rmeta
 INFO rustc_metadata::locator Rejecting via crate name
 INFO rustc_metadata::locator lib candidate: /usr/local/rustup/toolchains/1.98.1-aarch64-unknown-linux-gnu/lib/rustlib/aarch64-unknown-linux-gnu/lib/libcore-276de952897abe1c.rlib
 INFO rustc_metadata::locator lib candidate: /usr/local/rustup/toolchains/1.98.1-aarch64-unknown-linux-gnu/lib/rustlib/aarch64-unknown-linux-gnu/lib/libcore-276de952897abe1c.rlib
 INFO rustc_metadata::locator rmeta reading metadata from: /usr/local/rustup/toolchains/1.98.1-aarch64-unknown-linux-gnu/lib/rustlib/aarch64-unknown-linux-gnu/lib/liblibc-d4267515c636bbd5.rmeta
 INFO rustc_metadata::locator metadata mismatch
 INFO rustc_metadata::locator lib candidate: /usr/local/rustup/toolchains/1.98.1-aarch64-unknown-linux-gnu/lib/rustlib/aarch64-unknown-linux-gnu/lib/libcore-276de952897abe1c.rmeta
 INFO rustc_metadata::locator lib candidate: /usr/local/rustup/toolchains/1.98.1-aarch64-unknown-linux-gnu/lib/rustlib/aarch64-unknown-linux-gnu/lib/libcore-276de952897abe1c.rmeta
 INFO rustc_metadata::locator rlib reading metadata from: /usr/local/rustup/toolchains/1.98.1-aarch64-unknown-linux-gnu/lib/rustlib/aarch64-unknown-linux-gnu/lib/liblibc-d4267515c636bbd5.rlib
 INFO rustc_metadata::locator lib candidate: /usr/local/rustup/toolchains/1.98.1-aarch64-unknown-linux-gnu/lib/rustlib/aarch64-unknown-linux-gnu/lib/libcore-276de952897abe1c.rlib
 INFO rustc_metadata::locator rmeta reading metadata from: /usr/local/rustup/toolchains/1.98.1-aarch64-unknown-linux-gnu/lib/rustlib/aarch64-unknown-linux-gnu/lib/libcore-276de952897abe1c.rmeta
 INFO rustc_metadata::locator rmeta reading metadata from: /usr/local/rustup/toolchains/1.98.1-aarch64-unknown-linux-gnu/lib/rustlib/aarch64-unknown-linux-gnu/lib/libcore-276de952897abe1c.rmeta
 INFO rustc_metadata::locator lib candidate: /usr/local/rustup/toolchains/1.98.1-aarch64-unknown-linux-gnu/lib/rustlib/aarch64-unknown-linux-gnu/lib/librustc_std_workspace_core-60f5aed5b0be39ba.rlib
 INFO rustc_metadata::locator lib candidate: /usr/local/rustup/toolchains/1.98.1-aarch64-unknown-linux-gnu/lib/rustlib/aarch64-unknown-linux-gnu/lib/libcore-276de952897abe1c.rmeta
 INFO rustc_metadata::locator lib candidate: /usr/local/rustup/toolchains/1.98.1-aarch64-unknown-linux-gnu/lib/rustlib/aarch64-unknown-linux-gnu/lib/liballoc-5ed91a8779ad9241.rlib
 INFO rustc_metadata::locator rmeta reading metadata from: /evidence/target/debug/deps/libcurve25519_dalek-d21e31a2e64cdc3f.rmeta
 INFO rustc_metadata::locator rmeta reading metadata from: /usr/local/rustup/toolchains/1.98.1-aarch64-unknown-linux-gnu/lib/rustlib/aarch64-unknown-linux-gnu/lib/libcore-276de952897abe1c.rmeta
 INFO rustc_metadata::locator lib candidate: /usr/local/rustup/toolchains/1.98.1-aarch64-unknown-linux-gnu/lib/rustlib/aarch64-unknown-linux-gnu/lib/librustc_std_workspace_core-60f5aed5b0be39ba.rmeta
 INFO rustc_metadata::locator lib candidate: /usr/local/rustup/toolchains/1.98.1-aarch64-unknown-linux-gnu/lib/rustlib/aarch64-unknown-linux-gnu/lib/liballoc-5ed91a8779ad9241.rmeta
 INFO rustc_metadata::locator lib candidate: /evidence/target/debug/deps/libdigest-8c4c5624f911cdc8.rlib
 INFO rustc_metadata::locator rmeta reading metadata from: /usr/local/rustup/toolchains/1.98.1-aarch64-unknown-linux-gnu/lib/rustlib/aarch64-unknown-linux-gnu/lib/librustc_std_workspace_core-60f5aed5b0be39ba.rmeta
 INFO rustc_metadata::locator rlib reading metadata from: /usr/local/rustup/toolchains/1.98.1-aarch64-unknown-linux-gnu/lib/rustlib/aarch64-unknown-linux-gnu/lib/libcore-276de952897abe1c.rlib
 INFO rustc_metadata::locator lib candidate: /evidence/target/debug/deps/libdigest-8c4c5624f911cdc8.rmeta
 INFO rustc_metadata::locator rlib reading metadata from: /usr/local/rustup/toolchains/1.98.1-aarch64-unknown-linux-gnu/lib/rustlib/aarch64-unknown-linux-gnu/lib/librustc_std_workspace_core-60f5aed5b0be39ba.rlib
 INFO rustc_metadata::locator lib candidate: /usr/local/rustup/toolchains/1.98.1-aarch64-unknown-linux-gnu/lib/rustlib/aarch64-unknown-linux-gnu/lib/liballoc-5ed91a8779ad9241.rlib
 INFO rustc_metadata::locator rmeta reading metadata from: /evidence/target/debug/deps/libdigest-8c4c5624f911cdc8.rmeta
 INFO rustc_metadata::locator lib candidate: /usr/local/rustup/toolchains/1.98.1-aarch64-unknown-linux-gnu/lib/rustlib/aarch64-unknown-linux-gnu/lib/libunwind-0d91334590e8fac0.rlib
 INFO rustc_metadata::locator rmeta reading metadata from: /usr/local/rustup/toolchains/1.98.1-aarch64-unknown-linux-gnu/lib/rustlib/aarch64-unknown-linux-gnu/lib/liballoc-5ed91a8779ad9241.rmeta
 INFO rustc_metadata::locator lib candidate: /usr/local/rustup/toolchains/1.98.1-aarch64-unknown-linux-gnu/lib/rustlib/aarch64-unknown-linux-gnu/lib/liballoc-5ed91a8779ad9241.rmeta
 INFO rustc_metadata::locator lib candidate: /evidence/target/debug/deps/libblock_buffer-caa6c6420f30fe81.rlib
 INFO rustc_metadata::locator lib candidate: /usr/local/rustup/toolchains/1.98.1-aarch64-unknown-linux-gnu/lib/rustlib/aarch64-unknown-linux-gnu/lib/libunwind-0d91334590e8fac0.rmeta
 INFO rustc_metadata::locator lib candidate: /usr/local/rustup/toolchains/1.98.1-aarch64-unknown-linux-gnu/lib/rustlib/aarch64-unknown-linux-gnu/lib/libcompiler_builtins-bd0d6dc1a63d46e8.rlib
 INFO rustc_metadata::locator rmeta reading metadata from: /usr/local/rustup/toolchains/1.98.1-aarch64-unknown-linux-gnu/lib/rustlib/aarch64-unknown-linux-gnu/lib/liballoc-5ed91a8779ad9241.rmeta
 INFO rustc_metadata::locator rmeta reading metadata from: /usr/local/rustup/toolchains/1.98.1-aarch64-unknown-linux-gnu/lib/rustlib/aarch64-unknown-linux-gnu/lib/libunwind-0d91334590e8fac0.rmeta
 INFO rustc_metadata::locator lib candidate: /evidence/target/debug/deps/libblock_buffer-caa6c6420f30fe81.rmeta
 INFO rustc_metadata::locator rlib reading metadata from: /usr/local/rustup/toolchains/1.98.1-aarch64-unknown-linux-gnu/lib/rustlib/aarch64-unknown-linux-gnu/lib/liballoc-5ed91a8779ad9241.rlib
 INFO rustc_metadata::locator rmeta reading metadata from: /evidence/target/debug/deps/libblock_buffer-caa6c6420f30fe81.rmeta
 INFO rustc_metadata::locator lib candidate: /usr/local/rustup/toolchains/1.98.1-aarch64-unknown-linux-gnu/lib/rustlib/aarch64-unknown-linux-gnu/lib/libcompiler_builtins-bd0d6dc1a63d46e8.rmeta
 INFO rustc_metadata::locator rlib reading metadata from: /usr/local/rustup/toolchains/1.98.1-aarch64-unknown-linux-gnu/lib/rustlib/aarch64-unknown-linux-gnu/lib/libunwind-0d91334590e8fac0.rlib
 INFO rustc_metadata::locator lib candidate: /evidence/target/debug/deps/libhybrid_array-23621187ae7f671b.rlib
 INFO rustc_metadata::locator lib candidate: /usr/local/rustup/toolchains/1.98.1-aarch64-unknown-linux-gnu/lib/rustlib/aarch64-unknown-linux-gnu/lib/libcompiler_builtins-bd0d6dc1a63d46e8.rlib
 INFO rustc_metadata::locator rmeta reading metadata from: /usr/local/rustup/toolchains/1.98.1-aarch64-unknown-linux-gnu/lib/rustlib/aarch64-unknown-linux-gnu/lib/libcompiler_builtins-bd0d6dc1a63d46e8.rmeta
 INFO rustc_metadata::locator lib candidate: /usr/local/rustup/toolchains/1.98.1-aarch64-unknown-linux-gnu/lib/rustlib/aarch64-unknown-linux-gnu/lib/libminiz_oxide-fd627a3cab0f8638.rlib
 INFO rustc_metadata::locator lib candidate: /evidence/target/debug/deps/libhybrid_array-23621187ae7f671b.rmeta
 INFO rustc_metadata::locator lib candidate: /usr/local/rustup/toolchains/1.98.1-aarch64-unknown-linux-gnu/lib/rustlib/aarch64-unknown-linux-gnu/lib/liblibc-d4267515c636bbd5.rlib
 INFO rustc_metadata::locator lib candidate: /usr/local/rustup/toolchains/1.98.1-aarch64-unknown-linux-gnu/lib/rustlib/aarch64-unknown-linux-gnu/lib/libcompiler_builtins-bd0d6dc1a63d46e8.rmeta
 INFO rustc_metadata::locator lib candidate: /usr/local/rustup/toolchains/1.98.1-aarch64-unknown-linux-gnu/lib/rustlib/aarch64-unknown-linux-gnu/lib/libminiz_oxide-fd627a3cab0f8638.rmeta
 INFO rustc_metadata::locator rmeta reading metadata from: /evidence/target/debug/deps/libhybrid_array-23621187ae7f671b.rmeta
 INFO rustc_metadata::locator lib candidate: /usr/local/rustup/toolchains/1.98.1-aarch64-unknown-linux-gnu/lib/rustlib/aarch64-unknown-linux-gnu/lib/liblibc-d4267515c636bbd5.rmeta
 INFO rustc_metadata::locator rmeta reading metadata from: /usr/local/rustup/toolchains/1.98.1-aarch64-unknown-linux-gnu/lib/rustlib/aarch64-unknown-linux-gnu/lib/libcompiler_builtins-bd0d6dc1a63d46e8.rmeta
 INFO rustc_metadata::locator rmeta reading metadata from: /usr/local/rustup/toolchains/1.98.1-aarch64-unknown-linux-gnu/lib/rustlib/aarch64-unknown-linux-gnu/lib/libminiz_oxide-fd627a3cab0f8638.rmeta
 INFO rustc_metadata::locator lib candidate: /evidence/target/debug/deps/libtypenum-0d86cd7943364998.rlib
 INFO rustc_metadata::locator rmeta reading metadata from: /usr/local/rustup/toolchains/1.98.1-aarch64-unknown-linux-gnu/lib/rustlib/aarch64-unknown-linux-gnu/lib/liblibc-d4267515c636bbd5.rmeta
 INFO rustc_metadata::locator rlib reading metadata from: /usr/local/rustup/toolchains/1.98.1-aarch64-unknown-linux-gnu/lib/rustlib/aarch64-unknown-linux-gnu/lib/libminiz_oxide-fd627a3cab0f8638.rlib
 INFO rustc_metadata::locator lib candidate: /evidence/target/debug/deps/libtypenum-0d86cd7943364998.rmeta
 INFO rustc_metadata::locator rlib reading metadata from: /usr/local/rustup/toolchains/1.98.1-aarch64-unknown-linux-gnu/lib/rustlib/aarch64-unknown-linux-gnu/lib/libcompiler_builtins-bd0d6dc1a63d46e8.rlib
 INFO rustc_metadata::locator lib candidate: /usr/local/rustup/toolchains/1.98.1-aarch64-unknown-linux-gnu/lib/rustlib/aarch64-unknown-linux-gnu/lib/librustc_std_workspace_core-60f5aed5b0be39ba.rlib
 INFO rustc_metadata::locator rmeta reading metadata from: /evidence/target/debug/deps/libtypenum-0d86cd7943364998.rmeta
 INFO rustc_metadata::locator lib candidate: /usr/local/rustup/toolchains/1.98.1-aarch64-unknown-linux-gnu/lib/rustlib/aarch64-unknown-linux-gnu/lib/libadler2-49f29a8856c93b22.rlib
 INFO rustc_metadata::locator lib candidate: /usr/local/rustup/toolchains/1.98.1-aarch64-unknown-linux-gnu/lib/rustlib/aarch64-unknown-linux-gnu/lib/liblibc-d4267515c636bbd5.rlib
 INFO rustc_metadata::locator lib candidate: /usr/local/rustup/toolchains/1.98.1-aarch64-unknown-linux-gnu/lib/rustlib/aarch64-unknown-linux-gnu/lib/libstd-96c9fe7a07d47cf2.rlib
 INFO rustc_metadata::locator lib candidate: /usr/local/rustup/toolchains/1.98.1-aarch64-unknown-linux-gnu/lib/rustlib/aarch64-unknown-linux-gnu/lib/libadler2-49f29a8856c93b22.rmeta
 INFO rustc_metadata::locator lib candidate: /usr/local/rustup/toolchains/1.98.1-aarch64-unknown-linux-gnu/lib/rustlib/aarch64-unknown-linux-gnu/lib/liblibc-d4267515c636bbd5.rmeta
 INFO rustc_metadata::locator lib candidate: /evidence/target/debug/deps/libcrypto_common-974c5d9814b55439.rlib
 INFO rustc_metadata::locator lib candidate: /usr/local/rustup/toolchains/1.98.1-aarch64-unknown-linux-gnu/lib/rustlib/aarch64-unknown-linux-gnu/lib/librustc_std_workspace_core-60f5aed5b0be39ba.rmeta
 INFO rustc_metadata::locator rmeta reading metadata from: /usr/local/rustup/toolchains/1.98.1-aarch64-unknown-linux-gnu/lib/rustlib/aarch64-unknown-linux-gnu/lib/libadler2-49f29a8856c93b22.rmeta
 INFO rustc_metadata::locator rmeta reading metadata from: /usr/local/rustup/toolchains/1.98.1-aarch64-unknown-linux-gnu/lib/rustlib/aarch64-unknown-linux-gnu/lib/librustc_std_workspace_core-60f5aed5b0be39ba.rmeta
 INFO rustc_metadata::locator rmeta reading metadata from: /usr/local/rustup/toolchains/1.98.1-aarch64-unknown-linux-gnu/lib/rustlib/aarch64-unknown-linux-gnu/lib/liblibc-d4267515c636bbd5.rmeta
 INFO rustc_metadata::locator lib candidate: /evidence/target/debug/deps/libcrypto_common-974c5d9814b55439.rmeta
 INFO rustc_metadata::locator lib candidate: /usr/local/rustup/toolchains/1.98.1-aarch64-unknown-linux-gnu/lib/rustlib/aarch64-unknown-linux-gnu/lib/libstd_detect-744cebc7daba8a68.rlib
 INFO rustc_metadata::locator lib candidate: /usr/local/rustup/toolchains/1.98.1-aarch64-unknown-linux-gnu/lib/rustlib/aarch64-unknown-linux-gnu/lib/libunwind-0d91334590e8fac0.rlib
 INFO rustc_metadata::locator rlib reading metadata from: /usr/local/rustup/toolchains/1.98.1-aarch64-unknown-linux-gnu/lib/rustlib/aarch64-unknown-linux-gnu/lib/liblibc-d4267515c636bbd5.rlib
 INFO rustc_metadata::locator rlib reading metadata from: /usr/local/rustup/toolchains/1.98.1-aarch64-unknown-linux-gnu/lib/rustlib/aarch64-unknown-linux-gnu/lib/libadler2-49f29a8856c93b22.rlib
 INFO rustc_metadata::locator rmeta reading metadata from: /evidence/target/debug/deps/libcrypto_common-974c5d9814b55439.rmeta
 INFO rustc_metadata::locator lib candidate: /usr/local/rustup/toolchains/1.98.1-aarch64-unknown-linux-gnu/lib/rustlib/aarch64-unknown-linux-gnu/lib/libunwind-0d91334590e8fac0.rmeta
 INFO rustc_metadata::locator lib candidate: /usr/local/rustup/toolchains/1.98.1-aarch64-unknown-linux-gnu/lib/rustlib/aarch64-unknown-linux-gnu/lib/libstd-96c9fe7a07d47cf2.rmeta
 INFO rustc_metadata::locator lib candidate: /usr/local/rustup/toolchains/1.98.1-aarch64-unknown-linux-gnu/lib/rustlib/aarch64-unknown-linux-gnu/lib/librustc_std_workspace_core-60f5aed5b0be39ba.rlib
 INFO rustc_metadata::locator lib candidate: /evidence/target/debug/deps/libcfg_if-351d99d93356e30d.rlib
 INFO rustc_metadata::locator lib candidate: /usr/local/rustup/toolchains/1.98.1-aarch64-unknown-linux-gnu/lib/rustlib/aarch64-unknown-linux-gnu/lib/libstd_detect-744cebc7daba8a68.rmeta
 INFO rustc_metadata::locator lib candidate: /usr/local/rustup/toolchains/1.98.1-aarch64-unknown-linux-gnu/lib/rustlib/aarch64-unknown-linux-gnu/lib/libhashbrown-59d69e789b093c2f.rlib
 INFO rustc_metadata::locator rmeta reading metadata from: /usr/local/rustup/toolchains/1.98.1-aarch64-unknown-linux-gnu/lib/rustlib/aarch64-unknown-linux-gnu/lib/libunwind-0d91334590e8fac0.rmeta
 INFO rustc_metadata::locator lib candidate: /usr/local/rustup/toolchains/1.98.1-aarch64-unknown-linux-gnu/lib/rustlib/aarch64-unknown-linux-gnu/lib/librustc_std_workspace_core-60f5aed5b0be39ba.rmeta
 INFO rustc_metadata::locator lib candidate: /usr/local/rustup/toolchains/1.98.1-aarch64-unknown-linux-gnu/lib/rustlib/aarch64-unknown-linux-gnu/lib/libstd-96c9fe7a07d47cf2.so
 INFO rustc_metadata::locator lib candidate: /evidence/target/debug/deps/libcfg_if-351d99d93356e30d.rmeta
 INFO rustc_metadata::locator lib candidate: /usr/local/rustup/toolchains/1.98.1-aarch64-unknown-linux-gnu/lib/rustlib/aarch64-unknown-linux-gnu/lib/libhashbrown-59d69e789b093c2f.rmeta
 INFO rustc_metadata::locator lib candidate: /usr/local/rustup/toolchains/1.98.1-aarch64-unknown-linux-gnu/lib/rustlib/aarch64-unknown-linux-gnu/lib/libminiz_oxide-fd627a3cab0f8638.rlib
 INFO rustc_metadata::locator rmeta reading metadata from: /usr/local/rustup/toolchains/1.98.1-aarch64-unknown-linux-gnu/lib/rustlib/aarch64-unknown-linux-gnu/lib/librustc_std_workspace_core-60f5aed5b0be39ba.rmeta
 INFO rustc_metadata::locator rmeta reading metadata from: /evidence/target/debug/deps/libcfg_if-351d99d93356e30d.rmeta
 INFO rustc_metadata::locator rmeta reading metadata from: /usr/local/rustup/toolchains/1.98.1-aarch64-unknown-linux-gnu/lib/rustlib/aarch64-unknown-linux-gnu/lib/libstd-96c9fe7a07d47cf2.rmeta
 INFO rustc_metadata::locator lib candidate: /usr/local/rustup/toolchains/1.98.1-aarch64-unknown-linux-gnu/lib/rustlib/aarch64-unknown-linux-gnu/lib/libminiz_oxide-fd627a3cab0f8638.rmeta
 INFO rustc_metadata::locator rmeta reading metadata from: /usr/local/rustup/toolchains/1.98.1-aarch64-unknown-linux-gnu/lib/rustlib/aarch64-unknown-linux-gnu/lib/libhashbrown-59d69e789b093c2f.rmeta
 INFO rustc_metadata::locator rlib reading metadata from: /usr/local/rustup/toolchains/1.98.1-aarch64-unknown-linux-gnu/lib/rustlib/aarch64-unknown-linux-gnu/lib/librustc_std_workspace_core-60f5aed5b0be39ba.rlib
 INFO rustc_metadata::locator rmeta reading metadata from: /usr/local/rustup/toolchains/1.98.1-aarch64-unknown-linux-gnu/lib/rustlib/aarch64-unknown-linux-gnu/lib/libstd_detect-744cebc7daba8a68.rmeta
 INFO rustc_metadata::locator lib candidate: /evidence/target/debug/deps/libsubtle-191bfb3abf9fd829.rlib
 INFO rustc_metadata::locator rmeta reading metadata from: /usr/local/rustup/toolchains/1.98.1-aarch64-unknown-linux-gnu/lib/rustlib/aarch64-unknown-linux-gnu/lib/libminiz_oxide-fd627a3cab0f8638.rmeta
 INFO rustc_metadata::locator lib candidate: /usr/local/rustup/toolchains/1.98.1-aarch64-unknown-linux-gnu/lib/rustlib/aarch64-unknown-linux-gnu/lib/libunwind-0d91334590e8fac0.rlib
 INFO rustc_metadata::locator rlib reading metadata from: /usr/local/rustup/toolchains/1.98.1-aarch64-unknown-linux-gnu/lib/rustlib/aarch64-unknown-linux-gnu/lib/libhashbrown-59d69e789b093c2f.rlib
 INFO rustc_metadata::locator lib candidate: /evidence/target/debug/deps/libsubtle-191bfb3abf9fd829.rmeta
 INFO rustc_metadata::locator Rejecting via crate name
 INFO rustc_metadata::locator lib candidate: /usr/local/rustup/toolchains/1.98.1-aarch64-unknown-linux-gnu/lib/rustlib/aarch64-unknown-linux-gnu/lib/libadler2-49f29a8856c93b22.rlib
 INFO rustc_metadata::locator lib candidate: /usr/local/rustup/toolchains/1.98.1-aarch64-unknown-linux-gnu/lib/rustlib/aarch64-unknown-linux-gnu/lib/libunwind-0d91334590e8fac0.rmeta
 INFO rustc_metadata::locator metadata mismatch
 INFO rustc_metadata::locator lib candidate: /usr/local/rustup/toolchains/1.98.1-aarch64-unknown-linux-gnu/lib/rustlib/aarch64-unknown-linux-gnu/lib/librustc_std_workspace_alloc-21af30201253cbfb.rlib
 INFO rustc_metadata::locator rmeta reading metadata from: /evidence/target/debug/deps/libsubtle-191bfb3abf9fd829.rmeta
 INFO rustc_metadata::locator rmeta reading metadata from: /usr/local/rustup/toolchains/1.98.1-aarch64-unknown-linux-gnu/lib/rustlib/aarch64-unknown-linux-gnu/lib/libunwind-0d91334590e8fac0.rmeta
 INFO rustc_metadata::locator lib candidate: /usr/local/rustup/toolchains/1.98.1-aarch64-unknown-linux-gnu/lib/rustlib/aarch64-unknown-linux-gnu/lib/libadler2-49f29a8856c93b22.rmeta
 INFO rustc_metadata::locator lib candidate: /usr/local/rustup/toolchains/1.98.1-aarch64-unknown-linux-gnu/lib/rustlib/aarch64-unknown-linux-gnu/lib/librustc_std_workspace_alloc-21af30201253cbfb.rmeta
 INFO rustc_metadata::locator lib candidate: /evidence/target/debug/deps/libzeroize-cec3ceb8163a75e0.rlib
 INFO rustc_metadata::locator rlib reading metadata from: /usr/local/rustup/toolchains/1.98.1-aarch64-unknown-linux-gnu/lib/rustlib/aarch64-unknown-linux-gnu/lib/libstd_detect-744cebc7daba8a68.rlib
 INFO rustc_metadata::locator rlib reading metadata from: /usr/local/rustup/toolchains/1.98.1-aarch64-unknown-linux-gnu/lib/rustlib/aarch64-unknown-linux-gnu/lib/libunwind-0d91334590e8fac0.rlib
 INFO rustc_metadata::locator rmeta reading metadata from: /usr/local/rustup/toolchains/1.98.1-aarch64-unknown-linux-gnu/lib/rustlib/aarch64-unknown-linux-gnu/lib/libadler2-49f29a8856c93b22.rmeta
 INFO rustc_metadata::locator rmeta reading metadata from: /usr/local/rustup/toolchains/1.98.1-aarch64-unknown-linux-gnu/lib/rustlib/aarch64-unknown-linux-gnu/lib/librustc_std_workspace_alloc-21af30201253cbfb.rmeta
 INFO rustc_metadata::locator Rejecting via crate name
 INFO rustc_metadata::locator rlib reading metadata from: /usr/local/rustup/toolchains/1.98.1-aarch64-unknown-linux-gnu/lib/rustlib/aarch64-unknown-linux-gnu/lib/librustc_std_workspace_alloc-21af30201253cbfb.rlib
 INFO rustc_metadata::locator lib candidate: /evidence/target/debug/deps/libzeroize-cec3ceb8163a75e0.rmeta
 INFO rustc_metadata::locator lib candidate: /usr/local/rustup/toolchains/1.98.1-aarch64-unknown-linux-gnu/lib/rustlib/aarch64-unknown-linux-gnu/lib/libhashbrown-59d69e789b093c2f.rlib
 INFO rustc_metadata::locator lib candidate: /usr/local/rustup/toolchains/1.98.1-aarch64-unknown-linux-gnu/lib/rustlib/aarch64-unknown-linux-gnu/lib/libminiz_oxide-fd627a3cab0f8638.rlib
 INFO rustc_metadata::locator metadata mismatch
 INFO rustc_metadata::locator rmeta reading metadata from: /evidence/target/debug/deps/libzeroize-cec3ceb8163a75e0.rmeta
 INFO rustc_metadata::locator lib candidate: /usr/local/rustup/toolchains/1.98.1-aarch64-unknown-linux-gnu/lib/rustlib/aarch64-unknown-linux-gnu/lib/libstd_detect-744cebc7daba8a68.rlib
 INFO rustc_metadata::locator lib candidate: /usr/local/rustup/toolchains/1.98.1-aarch64-unknown-linux-gnu/lib/rustlib/aarch64-unknown-linux-gnu/lib/libminiz_oxide-fd627a3cab0f8638.rmeta
 INFO rustc_metadata::locator lib candidate: /usr/local/rustup/toolchains/1.98.1-aarch64-unknown-linux-gnu/lib/rustlib/aarch64-unknown-linux-gnu/lib/libhashbrown-59d69e789b093c2f.rmeta
 INFO rustc_metadata::locator lib candidate: /usr/local/rustup/toolchains/1.98.1-aarch64-unknown-linux-gnu/lib/rustlib/aarch64-unknown-linux-gnu/lib/libstd_detect-744cebc7daba8a68.rmeta
 INFO rustc_metadata::locator lib candidate: /usr/local/rustup/toolchains/1.98.1-aarch64-unknown-linux-gnu/lib/rustlib/aarch64-unknown-linux-gnu/lib/libcore-276de952897abe1c.rlib
 INFO rustc_metadata::locator rmeta reading metadata from: /usr/local/rustup/toolchains/1.98.1-aarch64-unknown-linux-gnu/lib/rustlib/aarch64-unknown-linux-gnu/lib/libminiz_oxide-fd627a3cab0f8638.rmeta
 INFO rustc_metadata::locator rmeta reading metadata from: /evidence/target/debug/deps/libsha2-9edbc87a5bc3d9a2.rmeta
 INFO rustc_metadata::locator rmeta reading metadata from: /usr/local/rustup/toolchains/1.98.1-aarch64-unknown-linux-gnu/lib/rustlib/aarch64-unknown-linux-gnu/lib/libhashbrown-59d69e789b093c2f.rmeta
 INFO rustc_metadata::locator rmeta reading metadata from: /usr/local/rustup/toolchains/1.98.1-aarch64-unknown-linux-gnu/lib/rustlib/aarch64-unknown-linux-gnu/lib/libstd_detect-744cebc7daba8a68.rmeta
 INFO rustc_metadata::locator lib candidate: /usr/local/rustup/toolchains/1.98.1-aarch64-unknown-linux-gnu/lib/rustlib/aarch64-unknown-linux-gnu/lib/libcore-276de952897abe1c.rmeta
 INFO rustc_metadata::locator lib candidate: /evidence/target/debug/deps/libcpufeatures-7ffd90a8a3c01f4b.rlib
 INFO rustc_metadata::locator rlib reading metadata from: /usr/local/rustup/toolchains/1.98.1-aarch64-unknown-linux-gnu/lib/rustlib/aarch64-unknown-linux-gnu/lib/libminiz_oxide-fd627a3cab0f8638.rlib
 INFO rustc_metadata::locator lib candidate: /usr/local/rustup/toolchains/1.98.1-aarch64-unknown-linux-gnu/lib/rustlib/aarch64-unknown-linux-gnu/lib/librustc_std_workspace_alloc-21af30201253cbfb.rlib
 INFO rustc_metadata::locator rlib reading metadata from: /usr/local/rustup/toolchains/1.98.1-aarch64-unknown-linux-gnu/lib/rustlib/aarch64-unknown-linux-gnu/lib/libstd_detect-744cebc7daba8a68.rlib
 INFO rustc_metadata::locator lib candidate: /evidence/target/debug/deps/libcpufeatures-7ffd90a8a3c01f4b.rmeta
 INFO rustc_metadata::locator rmeta reading metadata from: /usr/local/rustup/toolchains/1.98.1-aarch64-unknown-linux-gnu/lib/rustlib/aarch64-unknown-linux-gnu/lib/libcore-276de952897abe1c.rmeta
 INFO rustc_metadata::locator lib candidate: /usr/local/rustup/toolchains/1.98.1-aarch64-unknown-linux-gnu/lib/rustlib/aarch64-unknown-linux-gnu/lib/libadler2-49f29a8856c93b22.rlib
 INFO rustc_metadata::locator lib candidate: /usr/local/rustup/toolchains/1.98.1-aarch64-unknown-linux-gnu/lib/rustlib/aarch64-unknown-linux-gnu/lib/librustc_std_workspace_alloc-21af30201253cbfb.rmeta
 INFO rustc_metadata::locator lib candidate: /usr/local/rustup/toolchains/1.98.1-aarch64-unknown-linux-gnu/lib/rustlib/aarch64-unknown-linux-gnu/lib/libadler2-49f29a8856c93b22.rmeta
 INFO rustc_metadata::locator lib candidate: /usr/local/rustup/toolchains/1.98.1-aarch64-unknown-linux-gnu/lib/rustlib/aarch64-unknown-linux-gnu/lib/librustc_demangle-4f11a1d3df1ceb19.rlib
 INFO rustc_metadata::locator lib candidate: /usr/local/rustup/toolchains/1.98.1-aarch64-unknown-linux-gnu/lib/rustlib/aarch64-unknown-linux-gnu/lib/libstd-96c9fe7a07d47cf2.rlib
 INFO rustc_metadata::locator lib candidate: /usr/local/rustup/toolchains/1.98.1-aarch64-unknown-linux-gnu/lib/rustlib/aarch64-unknown-linux-gnu/lib/liballoc-5ed91a8779ad9241.rlib
 INFO rustc_metadata::locator rmeta reading metadata from: /evidence/target/debug/deps/libcpufeatures-7ffd90a8a3c01f4b.rmeta
 INFO rustc_metadata::locator rmeta reading metadata from: /usr/local/rustup/toolchains/1.98.1-aarch64-unknown-linux-gnu/lib/rustlib/aarch64-unknown-linux-gnu/lib/librustc_std_workspace_alloc-21af30201253cbfb.rmeta
 INFO rustc_metadata::locator lib candidate: /evidence/target/debug/deps/liblibc-289269b039bba117.rlib
 INFO rustc_metadata::locator rmeta reading metadata from: /usr/local/rustup/toolchains/1.98.1-aarch64-unknown-linux-gnu/lib/rustlib/aarch64-unknown-linux-gnu/lib/libadler2-49f29a8856c93b22.rmeta
 INFO rustc_metadata::locator lib candidate: /usr/local/rustup/toolchains/1.98.1-aarch64-unknown-linux-gnu/lib/rustlib/aarch64-unknown-linux-gnu/lib/liballoc-5ed91a8779ad9241.rmeta
 INFO rustc_metadata::locator lib candidate: /usr/local/rustup/toolchains/1.98.1-aarch64-unknown-linux-gnu/lib/rustlib/aarch64-unknown-linux-gnu/lib/librustc_demangle-4f11a1d3df1ceb19.rmeta
 INFO rustc_metadata::locator lib candidate: /usr/local/rustup/toolchains/1.98.1-aarch64-unknown-linux-gnu/lib/rustlib/aarch64-unknown-linux-gnu/lib/libstd_detect-744cebc7daba8a68.rlib
 INFO rustc_metadata::locator rlib reading metadata from: /usr/local/rustup/toolchains/1.98.1-aarch64-unknown-linux-gnu/lib/rustlib/aarch64-unknown-linux-gnu/lib/libadler2-49f29a8856c93b22.rlib
 INFO rustc_metadata::locator rmeta reading metadata from: /usr/local/rustup/toolchains/1.98.1-aarch64-unknown-linux-gnu/lib/rustlib/aarch64-unknown-linux-gnu/lib/librustc_demangle-4f11a1d3df1ceb19.rmeta
 INFO rustc_metadata::locator rmeta reading metadata from: /usr/local/rustup/toolchains/1.98.1-aarch64-unknown-linux-gnu/lib/rustlib/aarch64-unknown-linux-gnu/lib/liballoc-5ed91a8779ad9241.rmeta
 INFO rustc_metadata::locator lib candidate: /usr/local/rustup/toolchains/1.98.1-aarch64-unknown-linux-gnu/lib/rustlib/aarch64-unknown-linux-gnu/lib/libstd_detect-744cebc7daba8a68.rmeta
 INFO rustc_metadata::locator lib candidate: /usr/local/rustup/toolchains/1.98.1-aarch64-unknown-linux-gnu/lib/rustlib/aarch64-unknown-linux-gnu/lib/libstd_detect-744cebc7daba8a68.rlib
 INFO rustc_metadata::locator lib candidate: /usr/local/rustup/toolchains/1.98.1-aarch64-unknown-linux-gnu/lib/rustlib/aarch64-unknown-linux-gnu/lib/libhashbrown-59d69e789b093c2f.rlib
 INFO rustc_metadata::locator lib candidate: /usr/local/rustup/toolchains/1.98.1-aarch64-unknown-linux-gnu/lib/rustlib/aarch64-unknown-linux-gnu/lib/libcompiler_builtins-bd0d6dc1a63d46e8.rlib
 INFO rustc_metadata::locator rlib reading metadata from: /usr/local/rustup/toolchains/1.98.1-aarch64-unknown-linux-gnu/lib/rustlib/aarch64-unknown-linux-gnu/lib/librustc_demangle-4f11a1d3df1ceb19.rlib
 INFO rustc_metadata::locator rmeta reading metadata from: /usr/local/rustup/toolchains/1.98.1-aarch64-unknown-linux-gnu/lib/rustlib/aarch64-unknown-linux-gnu/lib/libstd_detect-744cebc7daba8a68.rmeta
 INFO rustc_metadata::locator lib candidate: /usr/local/rustup/toolchains/1.98.1-aarch64-unknown-linux-gnu/lib/rustlib/aarch64-unknown-linux-gnu/lib/libstd-96c9fe7a07d47cf2.rmeta
 INFO rustc_metadata::locator lib candidate: /usr/local/rustup/toolchains/1.98.1-aarch64-unknown-linux-gnu/lib/rustlib/aarch64-unknown-linux-gnu/lib/libcfg_if-4cb5d4e7ecc5ab9b.rlib
 INFO rustc_metadata::locator lib candidate: /usr/local/rustup/toolchains/1.98.1-aarch64-unknown-linux-gnu/lib/rustlib/aarch64-unknown-linux-gnu/lib/librustc_demangle-4f11a1d3df1ceb19.rlib
 INFO rustc_metadata::locator lib candidate: /usr/local/rustup/toolchains/1.98.1-aarch64-unknown-linux-gnu/lib/rustlib/aarch64-unknown-linux-gnu/lib/libcompiler_builtins-bd0d6dc1a63d46e8.rmeta
 INFO rustc_metadata::locator lib candidate: /usr/local/rustup/toolchains/1.98.1-aarch64-unknown-linux-gnu/lib/rustlib/aarch64-unknown-linux-gnu/lib/libstd_detect-744cebc7daba8a68.rmeta
 INFO rustc_metadata::locator lib candidate: /usr/local/rustup/toolchains/1.98.1-aarch64-unknown-linux-gnu/lib/rustlib/aarch64-unknown-linux-gnu/lib/libhashbrown-59d69e789b093c2f.rmeta
 INFO rustc_metadata::locator lib candidate: /evidence/target/debug/deps/liblibc-289269b039bba117.rmeta
 INFO rustc_metadata::locator lib candidate: /usr/local/rustup/toolchains/1.98.1-aarch64-unknown-linux-gnu/lib/rustlib/aarch64-unknown-linux-gnu/lib/libcfg_if-4cb5d4e7ecc5ab9b.rmeta
 INFO rustc_metadata::locator rmeta reading metadata from: /usr/local/rustup/toolchains/1.98.1-aarch64-unknown-linux-gnu/lib/rustlib/aarch64-unknown-linux-gnu/lib/libhashbrown-59d69e789b093c2f.rmeta
 INFO rustc_metadata::locator lib candidate: /usr/local/rustup/toolchains/1.98.1-aarch64-unknown-linux-gnu/lib/rustlib/aarch64-unknown-linux-gnu/lib/libstd-96c9fe7a07d47cf2.so
 INFO rustc_metadata::locator lib candidate: /usr/local/rustup/toolchains/1.98.1-aarch64-unknown-linux-gnu/lib/rustlib/aarch64-unknown-linux-gnu/lib/librustc_demangle-4f11a1d3df1ceb19.rmeta
 INFO rustc_metadata::locator rmeta reading metadata from: /evidence/target/debug/deps/liblibc-289269b039bba117.rmeta
 INFO rustc_metadata::locator rmeta reading metadata from: /usr/local/rustup/toolchains/1.98.1-aarch64-unknown-linux-gnu/lib/rustlib/aarch64-unknown-linux-gnu/lib/libcompiler_builtins-bd0d6dc1a63d46e8.rmeta
 INFO rustc_metadata::locator rlib reading metadata from: /usr/local/rustup/toolchains/1.98.1-aarch64-unknown-linux-gnu/lib/rustlib/aarch64-unknown-linux-gnu/lib/libhashbrown-59d69e789b093c2f.rlib
 INFO rustc_metadata::locator rmeta reading metadata from: /usr/local/rustup/toolchains/1.98.1-aarch64-unknown-linux-gnu/lib/rustlib/aarch64-unknown-linux-gnu/lib/librustc_demangle-4f11a1d3df1ceb19.rmeta
 INFO rustc_metadata::locator rmeta reading metadata from: /usr/local/rustup/toolchains/1.98.1-aarch64-unknown-linux-gnu/lib/rustlib/aarch64-unknown-linux-gnu/lib/libstd-96c9fe7a07d47cf2.rmeta
 INFO rustc_metadata::locator rmeta reading metadata from: /usr/local/rustup/toolchains/1.98.1-aarch64-unknown-linux-gnu/lib/rustlib/aarch64-unknown-linux-gnu/lib/libcfg_if-4cb5d4e7ecc5ab9b.rmeta
 INFO rustc_metadata::locator lib candidate: /usr/local/rustup/toolchains/1.98.1-aarch64-unknown-linux-gnu/lib/rustlib/aarch64-unknown-linux-gnu/lib/liblibc-d4267515c636bbd5.rlib
 INFO rustc_metadata::locator rmeta reading metadata from: /evidence/target/debug/deps/libsubtle-191bfb3abf9fd829.rmeta
 INFO rustc_metadata::locator lib candidate: /usr/local/rustup/toolchains/1.98.1-aarch64-unknown-linux-gnu/lib/rustlib/aarch64-unknown-linux-gnu/lib/librustc_std_workspace_alloc-21af30201253cbfb.rlib
 INFO rustc_metadata::locator lib candidate: /usr/local/rustup/toolchains/1.98.1-aarch64-unknown-linux-gnu/lib/rustlib/aarch64-unknown-linux-gnu/lib/libcfg_if-4cb5d4e7ecc5ab9b.rlib
 INFO rustc_metadata::locator rlib reading metadata from: /usr/local/rustup/toolchains/1.98.1-aarch64-unknown-linux-gnu/lib/rustlib/aarch64-unknown-linux-gnu/lib/libcfg_if-4cb5d4e7ecc5ab9b.rlib
 INFO rustc_metadata::locator rlib reading metadata from: /usr/local/rustup/toolchains/1.98.1-aarch64-unknown-linux-gnu/lib/rustlib/aarch64-unknown-linux-gnu/lib/libstd-96c9fe7a07d47cf2.rlib
 INFO rustc_metadata::locator lib candidate: /usr/local/rustup/toolchains/1.98.1-aarch64-unknown-linux-gnu/lib/rustlib/aarch64-unknown-linux-gnu/lib/liblibc-d4267515c636bbd5.rmeta
 INFO rustc_metadata::locator lib candidate: /usr/local/rustup/toolchains/1.98.1-aarch64-unknown-linux-gnu/lib/rustlib/aarch64-unknown-linux-gnu/lib/libaddr2line-c9b51fa144ecb69d.rlib
 INFO rustc_metadata::locator lib candidate: /usr/local/rustup/toolchains/1.98.1-aarch64-unknown-linux-gnu/lib/rustlib/aarch64-unknown-linux-gnu/lib/libcfg_if-4cb5d4e7ecc5ab9b.rmeta
 INFO rustc_metadata::locator lib candidate: /usr/local/rustup/toolchains/1.98.1-aarch64-unknown-linux-gnu/lib/rustlib/aarch64-unknown-linux-gnu/lib/libaddr2line-c9b51fa144ecb69d.rmeta
 INFO rustc_metadata::locator dylib reading metadata from: /usr/local/rustup/toolchains/1.98.1-aarch64-unknown-linux-gnu/lib/rustlib/aarch64-unknown-linux-gnu/lib/libstd-96c9fe7a07d47cf2.so
 INFO rustc_metadata::locator lib candidate: /usr/local/rustup/toolchains/1.98.1-aarch64-unknown-linux-gnu/lib/rustlib/aarch64-unknown-linux-gnu/lib/librustc_std_workspace_alloc-21af30201253cbfb.rmeta
 INFO rustc_metadata::locator rmeta reading metadata from: /usr/local/rustup/toolchains/1.98.1-aarch64-unknown-linux-gnu/lib/rustlib/aarch64-unknown-linux-gnu/lib/liblibc-d4267515c636bbd5.rmeta
 INFO rustc_metadata::locator rmeta reading metadata from: /usr/local/rustup/toolchains/1.98.1-aarch64-unknown-linux-gnu/lib/rustlib/aarch64-unknown-linux-gnu/lib/libaddr2line-c9b51fa144ecb69d.rmeta
 INFO rustc_metadata::locator rmeta reading metadata from: /usr/local/rustup/toolchains/1.98.1-aarch64-unknown-linux-gnu/lib/rustlib/aarch64-unknown-linux-gnu/lib/libstd_detect-744cebc7daba8a68.rmeta
 INFO rustc_metadata::locator rmeta reading metadata from: /usr/local/rustup/toolchains/1.98.1-aarch64-unknown-linux-gnu/lib/rustlib/aarch64-unknown-linux-gnu/lib/libcfg_if-4cb5d4e7ecc5ab9b.rmeta
 INFO rustc_metadata::locator rlib reading metadata from: /usr/local/rustup/toolchains/1.98.1-aarch64-unknown-linux-gnu/lib/rustlib/aarch64-unknown-linux-gnu/lib/libaddr2line-c9b51fa144ecb69d.rlib
 INFO rustc_metadata::locator lib candidate: /usr/local/rustup/toolchains/1.98.1-aarch64-unknown-linux-gnu/lib/rustlib/aarch64-unknown-linux-gnu/lib/librustc_std_workspace_core-60f5aed5b0be39ba.rlib
 INFO rustc_metadata::locator lib candidate: /usr/local/rustup/toolchains/1.98.1-aarch64-unknown-linux-gnu/lib/rustlib/aarch64-unknown-linux-gnu/lib/libaddr2line-c9b51fa144ecb69d.rlib
 INFO rustc_metadata::locator rmeta reading metadata from: /usr/local/rustup/toolchains/1.98.1-aarch64-unknown-linux-gnu/lib/rustlib/aarch64-unknown-linux-gnu/lib/librustc_std_workspace_alloc-21af30201253cbfb.rmeta
 INFO rustc_metadata::locator rmeta reading metadata from: /evidence/target/debug/deps/libzeroize-cec3ceb8163a75e0.rmeta
 INFO rustc_metadata::locator Rejecting via crate name
 INFO rustc_metadata::locator lib candidate: /usr/local/rustup/toolchains/1.98.1-aarch64-unknown-linux-gnu/lib/rustlib/aarch64-unknown-linux-gnu/lib/libgimli-f28aeee62441776d.rlib
 INFO rustc_metadata::locator rlib reading metadata from: /usr/local/rustup/toolchains/1.98.1-aarch64-unknown-linux-gnu/lib/rustlib/aarch64-unknown-linux-gnu/lib/librustc_std_workspace_alloc-21af30201253cbfb.rlib
 INFO rustc_metadata::locator lib candidate: /usr/local/rustup/toolchains/1.98.1-aarch64-unknown-linux-gnu/lib/rustlib/aarch64-unknown-linux-gnu/lib/libaddr2line-c9b51fa144ecb69d.rmeta
 INFO rustc_metadata::locator metadata mismatch
 INFO rustc_metadata::locator lib candidate: /usr/local/rustup/toolchains/1.98.1-aarch64-unknown-linux-gnu/lib/rustlib/aarch64-unknown-linux-gnu/lib/librustc_std_workspace_core-60f5aed5b0be39ba.rmeta
 INFO rustc_metadata::locator lib candidate: /usr/local/rustup/toolchains/1.98.1-aarch64-unknown-linux-gnu/lib/rustlib/aarch64-unknown-linux-gnu/lib/libgimli-f28aeee62441776d.rmeta
 INFO rustc_metadata::locator rmeta reading metadata from: /usr/local/rustup/toolchains/1.98.1-aarch64-unknown-linux-gnu/lib/rustlib/aarch64-unknown-linux-gnu/lib/libaddr2line-c9b51fa144ecb69d.rmeta
 INFO rustc_metadata::locator lib candidate: /usr/local/rustup/toolchains/1.98.1-aarch64-unknown-linux-gnu/lib/rustlib/aarch64-unknown-linux-gnu/lib/libstd_detect-744cebc7daba8a68.rlib
 INFO rustc_metadata::locator rlib reading metadata from: /usr/local/rustup/toolchains/1.98.1-aarch64-unknown-linux-gnu/lib/rustlib/aarch64-unknown-linux-gnu/lib/libstd_detect-744cebc7daba8a68.rlib
 INFO rustc_metadata::locator rmeta reading metadata from: /usr/local/rustup/toolchains/1.98.1-aarch64-unknown-linux-gnu/lib/rustlib/aarch64-unknown-linux-gnu/lib/librustc_std_workspace_core-60f5aed5b0be39ba.rmeta
 INFO rustc_metadata::locator rmeta reading metadata from: /usr/local/rustup/toolchains/1.98.1-aarch64-unknown-linux-gnu/lib/rustlib/aarch64-unknown-linux-gnu/lib/libgimli-f28aeee62441776d.rmeta
 INFO rustc_metadata::locator lib candidate: /usr/local/rustup/toolchains/1.98.1-aarch64-unknown-linux-gnu/lib/rustlib/aarch64-unknown-linux-gnu/lib/libgimli-f28aeee62441776d.rlib
 INFO rustc_metadata::locator Rejecting via crate name
 INFO rustc_metadata::locator lib candidate: /usr/local/rustup/toolchains/1.98.1-aarch64-unknown-linux-gnu/lib/rustlib/aarch64-unknown-linux-gnu/lib/libunwind-0d91334590e8fac0.rlib
 INFO rustc_metadata::locator lib candidate: /usr/local/rustup/toolchains/1.98.1-aarch64-unknown-linux-gnu/lib/rustlib/aarch64-unknown-linux-gnu/lib/libgimli-f28aeee62441776d.rmeta
 INFO rustc_metadata::locator metadata mismatch
 INFO rustc_metadata::locator rlib reading metadata from: /usr/local/rustup/toolchains/1.98.1-aarch64-unknown-linux-gnu/lib/rustlib/aarch64-unknown-linux-gnu/lib/libgimli-f28aeee62441776d.rlib
 INFO rustc_metadata::locator rmeta reading metadata from: /usr/local/rustup/toolchains/1.98.1-aarch64-unknown-linux-gnu/lib/rustlib/aarch64-unknown-linux-gnu/lib/libgimli-f28aeee62441776d.rmeta
 INFO rustc_metadata::locator lib candidate: /usr/local/rustup/toolchains/1.98.1-aarch64-unknown-linux-gnu/lib/rustlib/aarch64-unknown-linux-gnu/lib/libunwind-0d91334590e8fac0.rmeta
 INFO rustc_metadata::locator lib candidate: /usr/local/rustup/toolchains/1.98.1-aarch64-unknown-linux-gnu/lib/rustlib/aarch64-unknown-linux-gnu/lib/libobject-d659ca1c4445f0ff.rlib
 INFO rustc_metadata::locator lib candidate: /usr/local/rustup/toolchains/1.98.1-aarch64-unknown-linux-gnu/lib/rustlib/aarch64-unknown-linux-gnu/lib/libstd_detect-744cebc7daba8a68.rmeta
 INFO rustc_metadata::locator lib candidate: /usr/local/rustup/toolchains/1.98.1-aarch64-unknown-linux-gnu/lib/rustlib/aarch64-unknown-linux-gnu/lib/libcore-276de952897abe1c.rlib
 INFO rustc_metadata::locator lib candidate: /usr/local/rustup/toolchains/1.98.1-aarch64-unknown-linux-gnu/lib/rustlib/aarch64-unknown-linux-gnu/lib/libcore-276de952897abe1c.rlib
 INFO rustc_metadata::locator rmeta reading metadata from: /usr/local/rustup/toolchains/1.98.1-aarch64-unknown-linux-gnu/lib/rustlib/aarch64-unknown-linux-gnu/lib/libunwind-0d91334590e8fac0.rmeta
 INFO rustc_metadata::locator lib candidate: /usr/local/rustup/toolchains/1.98.1-aarch64-unknown-linux-gnu/lib/rustlib/aarch64-unknown-linux-gnu/lib/libobject-d659ca1c4445f0ff.rlib
 INFO rustc_metadata::locator rmeta reading metadata from: /usr/local/rustup/toolchains/1.98.1-aarch64-unknown-linux-gnu/lib/rustlib/aarch64-unknown-linux-gnu/lib/libstd_detect-744cebc7daba8a68.rmeta
 INFO rustc_metadata::locator lib candidate: /usr/local/rustup/toolchains/1.98.1-aarch64-unknown-linux-gnu/lib/rustlib/aarch64-unknown-linux-gnu/lib/libobject-d659ca1c4445f0ff.rmeta
 INFO rustc_metadata::locator lib candidate: /usr/local/rustup/toolchains/1.98.1-aarch64-unknown-linux-gnu/lib/rustlib/aarch64-unknown-linux-gnu/lib/libcore-276de952897abe1c.rmeta
 INFO rustc_metadata::locator lib candidate: /usr/local/rustup/toolchains/1.98.1-aarch64-unknown-linux-gnu/lib/rustlib/aarch64-unknown-linux-gnu/lib/libcore-276de952897abe1c.rmeta
 INFO rustc_metadata::locator lib candidate: /usr/local/rustup/toolchains/1.98.1-aarch64-unknown-linux-gnu/lib/rustlib/aarch64-unknown-linux-gnu/lib/libobject-d659ca1c4445f0ff.rmeta
 INFO rustc_metadata::locator lib candidate: /usr/local/rustup/toolchains/1.98.1-aarch64-unknown-linux-gnu/lib/rustlib/aarch64-unknown-linux-gnu/lib/libminiz_oxide-fd627a3cab0f8638.rlib
 INFO rustc_metadata::locator rmeta reading metadata from: /usr/local/rustup/toolchains/1.98.1-aarch64-unknown-linux-gnu/lib/rustlib/aarch64-unknown-linux-gnu/lib/libobject-d659ca1c4445f0ff.rmeta
 INFO rustc_metadata::locator rlib reading metadata from: /usr/local/rustup/toolchains/1.98.1-aarch64-unknown-linux-gnu/lib/rustlib/aarch64-unknown-linux-gnu/lib/libstd_detect-744cebc7daba8a68.rlib
 INFO rustc_metadata::locator rmeta reading metadata from: /usr/local/rustup/toolchains/1.98.1-aarch64-unknown-linux-gnu/lib/rustlib/aarch64-unknown-linux-gnu/lib/libcore-276de952897abe1c.rmeta
 INFO rustc_metadata::locator rmeta reading metadata from: /usr/local/rustup/toolchains/1.98.1-aarch64-unknown-linux-gnu/lib/rustlib/aarch64-unknown-linux-gnu/lib/libcore-276de952897abe1c.rmeta
 INFO rustc_metadata::locator lib candidate: /usr/local/rustup/toolchains/1.98.1-aarch64-unknown-linux-gnu/lib/rustlib/aarch64-unknown-linux-gnu/lib/libminiz_oxide-fd627a3cab0f8638.rmeta
 INFO rustc_metadata::locator rmeta reading metadata from: /usr/local/rustup/toolchains/1.98.1-aarch64-unknown-linux-gnu/lib/rustlib/aarch64-unknown-linux-gnu/lib/libobject-d659ca1c4445f0ff.rmeta
 INFO rustc_metadata::locator lib candidate: /usr/local/rustup/toolchains/1.98.1-aarch64-unknown-linux-gnu/lib/rustlib/aarch64-unknown-linux-gnu/lib/librustc_demangle-4f11a1d3df1ceb19.rlib
 INFO rustc_metadata::locator rmeta reading metadata from: /evidence/target/debug/deps/libcurve25519_dalek-d21e31a2e64cdc3f.rmeta
 INFO rustc_metadata::locator rlib reading metadata from: /usr/local/rustup/toolchains/1.98.1-aarch64-unknown-linux-gnu/lib/rustlib/aarch64-unknown-linux-gnu/lib/libcore-276de952897abe1c.rlib
 INFO rustc_metadata::locator lib candidate: /usr/local/rustup/toolchains/1.98.1-aarch64-unknown-linux-gnu/lib/rustlib/aarch64-unknown-linux-gnu/lib/libmemchr-740af70dcfdcb340.rlib
 INFO rustc_metadata::locator rmeta reading metadata from: /usr/local/rustup/toolchains/1.98.1-aarch64-unknown-linux-gnu/lib/rustlib/aarch64-unknown-linux-gnu/lib/libminiz_oxide-fd627a3cab0f8638.rmeta
 INFO rustc_metadata::locator rlib reading metadata from: /usr/local/rustup/toolchains/1.98.1-aarch64-unknown-linux-gnu/lib/rustlib/aarch64-unknown-linux-gnu/lib/libobject-d659ca1c4445f0ff.rlib
 INFO rustc_metadata::locator lib candidate: /usr/local/rustup/toolchains/1.98.1-aarch64-unknown-linux-gnu/lib/rustlib/aarch64-unknown-linux-gnu/lib/liballoc-5ed91a8779ad9241.rlib
 INFO rustc_metadata::locator lib candidate: /usr/local/rustup/toolchains/1.98.1-aarch64-unknown-linux-gnu/lib/rustlib/aarch64-unknown-linux-gnu/lib/librustc_demangle-4f11a1d3df1ceb19.rmeta
 INFO rustc_metadata::locator rmeta reading metadata from: /evidence/target/debug/deps/libsha2-9edbc87a5bc3d9a2.rmeta
 INFO rustc_metadata::locator lib candidate: /usr/local/rustup/toolchains/1.98.1-aarch64-unknown-linux-gnu/lib/rustlib/aarch64-unknown-linux-gnu/lib/libmemchr-740af70dcfdcb340.rmeta
 INFO rustc_metadata::locator lib candidate: /usr/local/rustup/toolchains/1.98.1-aarch64-unknown-linux-gnu/lib/rustlib/aarch64-unknown-linux-gnu/lib/libadler2-49f29a8856c93b22.rlib
 INFO rustc_metadata::locator lib candidate: /usr/local/rustup/toolchains/1.98.1-aarch64-unknown-linux-gnu/lib/rustlib/aarch64-unknown-linux-gnu/lib/libmemchr-740af70dcfdcb340.rlib
 INFO rustc_metadata::locator rmeta reading metadata from: /usr/local/rustup/toolchains/1.98.1-aarch64-unknown-linux-gnu/lib/rustlib/aarch64-unknown-linux-gnu/lib/librustc_demangle-4f11a1d3df1ceb19.rmeta
 INFO rustc_metadata::locator rmeta reading metadata from: /evidence/target/debug/deps/libsubtle-191bfb3abf9fd829.rmeta
 INFO rustc_metadata::locator lib candidate: /usr/local/rustup/toolchains/1.98.1-aarch64-unknown-linux-gnu/lib/rustlib/aarch64-unknown-linux-gnu/lib/liballoc-5ed91a8779ad9241.rmeta
 INFO rustc_metadata::locator lib candidate: /usr/local/rustup/toolchains/1.98.1-aarch64-unknown-linux-gnu/lib/rustlib/aarch64-unknown-linux-gnu/lib/libadler2-49f29a8856c93b22.rmeta
 INFO rustc_metadata::locator lib candidate: /usr/local/rustup/toolchains/1.98.1-aarch64-unknown-linux-gnu/lib/rustlib/aarch64-unknown-linux-gnu/lib/libmemchr-740af70dcfdcb340.rmeta
 INFO rustc_metadata::locator rmeta reading metadata from: /usr/local/rustup/toolchains/1.98.1-aarch64-unknown-linux-gnu/lib/rustlib/aarch64-unknown-linux-gnu/lib/libmemchr-740af70dcfdcb340.rmeta
 INFO rustc_metadata::locator rmeta reading metadata from: /usr/local/rustup/toolchains/1.98.1-aarch64-unknown-linux-gnu/lib/rustlib/aarch64-unknown-linux-gnu/lib/libmemchr-740af70dcfdcb340.rmeta
 INFO rustc_metadata::locator rlib reading metadata from: /usr/local/rustup/toolchains/1.98.1-aarch64-unknown-linux-gnu/lib/rustlib/aarch64-unknown-linux-gnu/lib/librustc_demangle-4f11a1d3df1ceb19.rlib
 INFO rustc_metadata::locator rmeta reading metadata from: /usr/local/rustup/toolchains/1.98.1-aarch64-unknown-linux-gnu/lib/rustlib/aarch64-unknown-linux-gnu/lib/libadler2-49f29a8856c93b22.rmeta
 INFO rustc_metadata::locator rmeta reading metadata from: /usr/local/rustup/toolchains/1.98.1-aarch64-unknown-linux-gnu/lib/rustlib/aarch64-unknown-linux-gnu/lib/liballoc-5ed91a8779ad9241.rmeta
 INFO rustc_metadata::locator lib candidate: /usr/local/rustup/toolchains/1.98.1-aarch64-unknown-linux-gnu/lib/rustlib/aarch64-unknown-linux-gnu/lib/libpanic_unwind-84356f769662edfe.rlib
 INFO rustc_metadata::locator rmeta reading metadata from: /evidence/target/debug/deps/libed25519-0c10bc87a437ace4.rmeta
 INFO rustc_metadata::locator lib candidate: /usr/local/rustup/toolchains/1.98.1-aarch64-unknown-linux-gnu/lib/rustlib/aarch64-unknown-linux-gnu/lib/libcfg_if-4cb5d4e7ecc5ab9b.rlib
 INFO rustc_metadata::locator lib candidate: /usr/local/rustup/toolchains/1.98.1-aarch64-unknown-linux-gnu/lib/rustlib/aarch64-unknown-linux-gnu/lib/libhashbrown-59d69e789b093c2f.rlib
 INFO rustc_metadata::locator rlib reading metadata from: /usr/local/rustup/toolchains/1.98.1-aarch64-unknown-linux-gnu/lib/rustlib/aarch64-unknown-linux-gnu/lib/liballoc-5ed91a8779ad9241.rlib
 INFO rustc_metadata::locator lib candidate: /usr/local/rustup/toolchains/1.98.1-aarch64-unknown-linux-gnu/lib/rustlib/aarch64-unknown-linux-gnu/lib/libpanic_unwind-84356f769662edfe.rmeta
 INFO rustc_metadata::locator rlib reading metadata from: /usr/local/rustup/toolchains/1.98.1-aarch64-unknown-linux-gnu/lib/rustlib/aarch64-unknown-linux-gnu/lib/libmemchr-740af70dcfdcb340.rlib
 INFO rustc_metadata::locator lib candidate: /usr/local/rustup/toolchains/1.98.1-aarch64-unknown-linux-gnu/lib/rustlib/aarch64-unknown-linux-gnu/lib/libhashbrown-59d69e789b093c2f.rmeta
 INFO rustc_metadata::locator lib candidate: /usr/local/rustup/toolchains/1.98.1-aarch64-unknown-linux-gnu/lib/rustlib/aarch64-unknown-linux-gnu/lib/libcfg_if-4cb5d4e7ecc5ab9b.rmeta
 INFO rustc_metadata::locator lib candidate: /usr/local/rustup/toolchains/1.98.1-aarch64-unknown-linux-gnu/lib/rustlib/aarch64-unknown-linux-gnu/lib/libcompiler_builtins-bd0d6dc1a63d46e8.rlib
 INFO rustc_metadata::locator rmeta reading metadata from: /evidence/target/debug/deps/libzeroize-cec3ceb8163a75e0.rmeta
 INFO rustc_metadata::locator rmeta reading metadata from: /usr/local/rustup/toolchains/1.98.1-aarch64-unknown-linux-gnu/lib/rustlib/aarch64-unknown-linux-gnu/lib/libpanic_unwind-84356f769662edfe.rmeta
 INFO rustc_metadata::locator lib candidate: /usr/local/rustup/toolchains/1.98.1-aarch64-unknown-linux-gnu/lib/rustlib/aarch64-unknown-linux-gnu/lib/libpanic_unwind-84356f769662edfe.rlib
 INFO rustc_metadata::locator lib candidate: /usr/local/rustup/toolchains/1.98.1-aarch64-unknown-linux-gnu/lib/rustlib/aarch64-unknown-linux-gnu/lib/libcompiler_builtins-bd0d6dc1a63d46e8.rmeta
 INFO rustc_metadata::locator rmeta reading metadata from: /usr/local/rustup/toolchains/1.98.1-aarch64-unknown-linux-gnu/lib/rustlib/aarch64-unknown-linux-gnu/lib/libcfg_if-4cb5d4e7ecc5ab9b.rmeta
 INFO rustc_metadata::locator rmeta reading metadata from: /usr/local/rustup/toolchains/1.98.1-aarch64-unknown-linux-gnu/lib/rustlib/aarch64-unknown-linux-gnu/lib/libhashbrown-59d69e789b093c2f.rmeta
 INFO rustc_metadata::locator rmeta reading metadata from: /evidence/target/debug/deps/liberrno-a38fc325b291caf3.rmeta
 INFO rustc_metadata::locator lib candidate: /usr/local/rustup/toolchains/1.98.1-aarch64-unknown-linux-gnu/lib/rustlib/aarch64-unknown-linux-gnu/lib/libpanic_unwind-84356f769662edfe.rmeta
 INFO rustc_metadata::locator rlib reading metadata from: /usr/local/rustup/toolchains/1.98.1-aarch64-unknown-linux-gnu/lib/rustlib/aarch64-unknown-linux-gnu/lib/libcfg_if-4cb5d4e7ecc5ab9b.rlib
 INFO rustc_metadata::locator rmeta reading metadata from: /usr/local/rustup/toolchains/1.98.1-aarch64-unknown-linux-gnu/lib/rustlib/aarch64-unknown-linux-gnu/lib/libcompiler_builtins-bd0d6dc1a63d46e8.rmeta
 INFO rustc_metadata::locator lib candidate: /usr/local/rustup/toolchains/1.98.1-aarch64-unknown-linux-gnu/lib/rustlib/aarch64-unknown-linux-gnu/lib/librustc_std_workspace_alloc-21af30201253cbfb.rlib
 INFO rustc_metadata::locator rmeta reading metadata from: /usr/local/rustup/toolchains/1.98.1-aarch64-unknown-linux-gnu/lib/rustlib/aarch64-unknown-linux-gnu/lib/libpanic_unwind-84356f769662edfe.rmeta
 INFO rustc_metadata::locator lib candidate: /evidence/target/debug/deps/liblibc-289269b039bba117.rlib
 INFO rustc_metadata::locator lib candidate: /usr/local/rustup/toolchains/1.98.1-aarch64-unknown-linux-gnu/lib/rustlib/aarch64-unknown-linux-gnu/lib/libaddr2line-c9b51fa144ecb69d.rlib
 INFO rustc_metadata::locator lib candidate: /usr/local/rustup/toolchains/1.98.1-aarch64-unknown-linux-gnu/lib/rustlib/aarch64-unknown-linux-gnu/lib/librustc_std_workspace_alloc-21af30201253cbfb.rmeta
 INFO rustc_metadata::locator lib candidate: /evidence/target/debug/deps/liblibc-289269b039bba117.rmeta
 INFO rustc_metadata::locator rlib reading metadata from: /usr/local/rustup/toolchains/1.98.1-aarch64-unknown-linux-gnu/lib/rustlib/aarch64-unknown-linux-gnu/lib/libpanic_unwind-84356f769662edfe.rlib
 INFO rustc_metadata::locator lib candidate: /usr/local/rustup/toolchains/1.98.1-aarch64-unknown-linux-gnu/lib/rustlib/aarch64-unknown-linux-gnu/lib/libaddr2line-c9b51fa144ecb69d.rmeta
 INFO rustc_metadata::locator rmeta reading metadata from: /usr/local/rustup/toolchains/1.98.1-aarch64-unknown-linux-gnu/lib/rustlib/aarch64-unknown-linux-gnu/lib/librustc_std_workspace_alloc-21af30201253cbfb.rmeta
 INFO rustc_metadata::locator rmeta reading metadata from: /evidence/target/debug/deps/liblibc-289269b039bba117.rmeta
 INFO rustc_metadata::locator rlib reading metadata from: /usr/local/rustup/toolchains/1.98.1-aarch64-unknown-linux-gnu/lib/rustlib/aarch64-unknown-linux-gnu/lib/libcompiler_builtins-bd0d6dc1a63d46e8.rlib
 INFO rustc_metadata::locator lib candidate: /usr/local/rustup/toolchains/1.98.1-aarch64-unknown-linux-gnu/lib/rustlib/aarch64-unknown-linux-gnu/lib/libproc_macro-bad4ae299678f43e.rlib
 INFO rustc_metadata::locator lib candidate: /usr/local/rustup/toolchains/1.98.1-aarch64-unknown-linux-gnu/lib/rustlib/aarch64-unknown-linux-gnu/lib/libstd_detect-744cebc7daba8a68.rlib
 INFO rustc_metadata::locator rmeta reading metadata from: /usr/local/rustup/toolchains/1.98.1-aarch64-unknown-linux-gnu/lib/rustlib/aarch64-unknown-linux-gnu/lib/libaddr2line-c9b51fa144ecb69d.rmeta
 INFO rustc_metadata::locator rmeta reading metadata from: /evidence/target/debug/deps/liblibc-289269b039bba117.rmeta
 INFO rustc_metadata::locator rlib reading metadata from: /usr/local/rustup/toolchains/1.98.1-aarch64-unknown-linux-gnu/lib/rustlib/aarch64-unknown-linux-gnu/lib/libaddr2line-c9b51fa144ecb69d.rlib
 INFO rustc_metadata::locator lib candidate: /usr/local/rustup/toolchains/1.98.1-aarch64-unknown-linux-gnu/lib/rustlib/aarch64-unknown-linux-gnu/lib/libproc_macro-bad4ae299678f43e.rmeta
 INFO rustc_metadata::locator lib candidate: /usr/local/rustup/toolchains/1.98.1-aarch64-unknown-linux-gnu/lib/rustlib/aarch64-unknown-linux-gnu/lib/libstd_detect-744cebc7daba8a68.rmeta
 INFO rustc_metadata::locator lib candidate: /usr/local/rustup/toolchains/1.98.1-aarch64-unknown-linux-gnu/lib/rustlib/aarch64-unknown-linux-gnu/lib/libgimli-f28aeee62441776d.rlib
 INFO rustc_metadata::locator rmeta reading metadata from: /usr/local/rustup/toolchains/1.98.1-aarch64-unknown-linux-gnu/lib/rustlib/aarch64-unknown-linux-gnu/lib/libproc_macro-bad4ae299678f43e.rmeta
 INFO rustc_metadata::locator rmeta reading metadata from: /usr/local/rustup/toolchains/1.98.1-aarch64-unknown-linux-gnu/lib/rustlib/aarch64-unknown-linux-gnu/lib/libstd_detect-744cebc7daba8a68.rmeta
 INFO rustc_metadata::locator lib candidate: /usr/local/rustup/toolchains/1.98.1-aarch64-unknown-linux-gnu/lib/rustlib/aarch64-unknown-linux-gnu/lib/liblibc-d4267515c636bbd5.rlib
 INFO rustc_metadata::locator lib candidate: /usr/local/rustup/toolchains/1.98.1-aarch64-unknown-linux-gnu/lib/rustlib/aarch64-unknown-linux-gnu/lib/libgimli-f28aeee62441776d.rmeta
 INFO rustc_metadata::locator rlib reading metadata from: /usr/local/rustup/toolchains/1.98.1-aarch64-unknown-linux-gnu/lib/rustlib/aarch64-unknown-linux-gnu/lib/libproc_macro-bad4ae299678f43e.rlib
 INFO rustc_metadata::locator lib candidate: /usr/local/rustup/toolchains/1.98.1-aarch64-unknown-linux-gnu/lib/rustlib/aarch64-unknown-linux-gnu/lib/librustc_demangle-4f11a1d3df1ceb19.rlib
 INFO rustc_metadata::locator rmeta reading metadata from: /usr/local/rustup/toolchains/1.98.1-aarch64-unknown-linux-gnu/lib/rustlib/aarch64-unknown-linux-gnu/lib/libgimli-f28aeee62441776d.rmeta
 INFO rustc_metadata::locator lib candidate: /usr/local/rustup/toolchains/1.98.1-aarch64-unknown-linux-gnu/lib/rustlib/aarch64-unknown-linux-gnu/lib/liblibc-d4267515c636bbd5.rmeta
 INFO rustc_metadata::locator lib candidate: /usr/local/rustup/toolchains/1.98.1-aarch64-unknown-linux-gnu/lib/rustlib/aarch64-unknown-linux-gnu/lib/librustc_literal_escaper-5b26e60e1d654492.rlib
 INFO rustc_metadata::locator lib candidate: /usr/local/rustup/toolchains/1.98.1-aarch64-unknown-linux-gnu/lib/rustlib/aarch64-unknown-linux-gnu/lib/librustc_literal_escaper-5b26e60e1d654492.rmeta
 INFO rustc_metadata::locator rmeta reading metadata from: /usr/local/rustup/toolchains/1.98.1-aarch64-unknown-linux-gnu/lib/rustlib/aarch64-unknown-linux-gnu/lib/liblibc-d4267515c636bbd5.rmeta
 INFO rustc_metadata::locator lib candidate: /usr/local/rustup/toolchains/1.98.1-aarch64-unknown-linux-gnu/lib/rustlib/aarch64-unknown-linux-gnu/lib/librustc_demangle-4f11a1d3df1ceb19.rmeta
 INFO rustc_metadata::locator rlib reading metadata from: /usr/local/rustup/toolchains/1.98.1-aarch64-unknown-linux-gnu/lib/rustlib/aarch64-unknown-linux-gnu/lib/libgimli-f28aeee62441776d.rlib
 INFO rustc_metadata::locator rlib reading metadata from: /usr/local/rustup/toolchains/1.98.1-aarch64-unknown-linux-gnu/lib/rustlib/aarch64-unknown-linux-gnu/lib/liblibc-d4267515c636bbd5.rlib
 INFO rustc_metadata::locator rmeta reading metadata from: /usr/local/rustup/toolchains/1.98.1-aarch64-unknown-linux-gnu/lib/rustlib/aarch64-unknown-linux-gnu/lib/librustc_literal_escaper-5b26e60e1d654492.rmeta
 INFO rustc_metadata::locator lib candidate: /usr/local/rustup/toolchains/1.98.1-aarch64-unknown-linux-gnu/lib/rustlib/aarch64-unknown-linux-gnu/lib/libobject-d659ca1c4445f0ff.rlib
 INFO rustc_metadata::locator rmeta reading metadata from: /usr/local/rustup/toolchains/1.98.1-aarch64-unknown-linux-gnu/lib/rustlib/aarch64-unknown-linux-gnu/lib/librustc_demangle-4f11a1d3df1ceb19.rmeta
 INFO rustc_metadata::locator rlib reading metadata from: /usr/local/rustup/toolchains/1.98.1-aarch64-unknown-linux-gnu/lib/rustlib/aarch64-unknown-linux-gnu/lib/librustc_literal_escaper-5b26e60e1d654492.rlib
 INFO rustc_metadata::locator lib candidate: /usr/local/rustup/toolchains/1.98.1-aarch64-unknown-linux-gnu/lib/rustlib/aarch64-unknown-linux-gnu/lib/librustc_std_workspace_core-60f5aed5b0be39ba.rlib
 INFO rustc_metadata::locator lib candidate: /usr/local/rustup/toolchains/1.98.1-aarch64-unknown-linux-gnu/lib/rustlib/aarch64-unknown-linux-gnu/lib/libobject-d659ca1c4445f0ff.rmeta
 INFO rustc_metadata::locator lib candidate: /usr/local/rustup/toolchains/1.98.1-aarch64-unknown-linux-gnu/lib/rustlib/aarch64-unknown-linux-gnu/lib/libcfg_if-4cb5d4e7ecc5ab9b.rlib
 INFO rustc_metadata::locator rlib reading metadata from: /evidence/target/debug/deps/libproc_macro2-525a654ae62169e3.rlib
 INFO rustc_metadata::locator lib candidate: /usr/local/rustup/toolchains/1.98.1-aarch64-unknown-linux-gnu/lib/rustlib/aarch64-unknown-linux-gnu/lib/librustc_std_workspace_core-60f5aed5b0be39ba.rmeta
 INFO rustc_metadata::locator lib candidate: /evidence/target/debug/deps/libunicode_ident-e15d09d81301de13.rlib
 INFO rustc_metadata::locator lib candidate: /usr/local/rustup/toolchains/1.98.1-aarch64-unknown-linux-gnu/lib/rustlib/aarch64-unknown-linux-gnu/lib/libcfg_if-4cb5d4e7ecc5ab9b.rmeta
 INFO rustc_metadata::locator rmeta reading metadata from: /usr/local/rustup/toolchains/1.98.1-aarch64-unknown-linux-gnu/lib/rustlib/aarch64-unknown-linux-gnu/lib/libobject-d659ca1c4445f0ff.rmeta
 INFO rustc_metadata::locator rmeta reading metadata from: /usr/local/rustup/toolchains/1.98.1-aarch64-unknown-linux-gnu/lib/rustlib/aarch64-unknown-linux-gnu/lib/librustc_std_workspace_core-60f5aed5b0be39ba.rmeta
 INFO rustc_metadata::locator lib candidate: /evidence/target/debug/deps/libunicode_ident-e15d09d81301de13.rmeta
 INFO rustc_metadata::locator rlib reading metadata from: /usr/local/rustup/toolchains/1.98.1-aarch64-unknown-linux-gnu/lib/rustlib/aarch64-unknown-linux-gnu/lib/libobject-d659ca1c4445f0ff.rlib
 INFO rustc_metadata::locator rmeta reading metadata from: /usr/local/rustup/toolchains/1.98.1-aarch64-unknown-linux-gnu/lib/rustlib/aarch64-unknown-linux-gnu/lib/libcfg_if-4cb5d4e7ecc5ab9b.rmeta
 INFO rustc_metadata::locator rmeta reading metadata from: /evidence/target/debug/deps/libunicode_ident-e15d09d81301de13.rmeta
 INFO rustc_metadata::locator rlib reading metadata from: /usr/local/rustup/toolchains/1.98.1-aarch64-unknown-linux-gnu/lib/rustlib/aarch64-unknown-linux-gnu/lib/librustc_std_workspace_core-60f5aed5b0be39ba.rlib
 INFO rustc_metadata::locator lib candidate: /usr/local/rustup/toolchains/1.98.1-aarch64-unknown-linux-gnu/lib/rustlib/aarch64-unknown-linux-gnu/lib/libmemchr-740af70dcfdcb340.rlib
 INFO rustc_metadata::locator lib candidate: /usr/local/rustup/toolchains/1.98.1-aarch64-unknown-linux-gnu/lib/rustlib/aarch64-unknown-linux-gnu/lib/libaddr2line-c9b51fa144ecb69d.rlib
 INFO rustc_metadata::locator rlib reading metadata from: /evidence/target/debug/deps/libunicode_ident-e15d09d81301de13.rlib
 INFO rustc_metadata::locator lib candidate: /usr/local/rustup/toolchains/1.98.1-aarch64-unknown-linux-gnu/lib/rustlib/aarch64-unknown-linux-gnu/lib/libunwind-0d91334590e8fac0.rlib
 INFO rustc_metadata::locator lib candidate: /usr/local/rustup/toolchains/1.98.1-aarch64-unknown-linux-gnu/lib/rustlib/aarch64-unknown-linux-gnu/lib/libmemchr-740af70dcfdcb340.rmeta
 INFO rustc_metadata::locator lib candidate: /usr/local/rustup/toolchains/1.98.1-aarch64-unknown-linux-gnu/lib/rustlib/aarch64-unknown-linux-gnu/lib/libaddr2line-c9b51fa144ecb69d.rmeta
 INFO rustc_metadata::locator lib candidate: /usr/local/rustup/toolchains/1.98.1-aarch64-unknown-linux-gnu/lib/rustlib/aarch64-unknown-linux-gnu/lib/libstd-96c9fe7a07d47cf2.rlib
 INFO rustc_metadata::locator lib candidate: /usr/local/rustup/toolchains/1.98.1-aarch64-unknown-linux-gnu/lib/rustlib/aarch64-unknown-linux-gnu/lib/libunwind-0d91334590e8fac0.rmeta
 INFO rustc_metadata::locator rmeta reading metadata from: /usr/local/rustup/toolchains/1.98.1-aarch64-unknown-linux-gnu/lib/rustlib/aarch64-unknown-linux-gnu/lib/libmemchr-740af70dcfdcb340.rmeta
 INFO rustc_metadata::locator rmeta reading metadata from: /usr/local/rustup/toolchains/1.98.1-aarch64-unknown-linux-gnu/lib/rustlib/aarch64-unknown-linux-gnu/lib/libaddr2line-c9b51fa144ecb69d.rmeta
 INFO rustc_metadata::locator lib candidate: /usr/local/rustup/toolchains/1.98.1-aarch64-unknown-linux-gnu/lib/rustlib/aarch64-unknown-linux-gnu/lib/libstd_detect-744cebc7daba8a68.rlib
 INFO rustc_metadata::locator rmeta reading metadata from: /usr/local/rustup/toolchains/1.98.1-aarch64-unknown-linux-gnu/lib/rustlib/aarch64-unknown-linux-gnu/lib/libunwind-0d91334590e8fac0.rmeta
 INFO rustc_metadata::locator rlib reading metadata from: /usr/local/rustup/toolchains/1.98.1-aarch64-unknown-linux-gnu/lib/rustlib/aarch64-unknown-linux-gnu/lib/libmemchr-740af70dcfdcb340.rlib
 INFO rustc_metadata::locator lib candidate: /usr/local/rustup/toolchains/1.98.1-aarch64-unknown-linux-gnu/lib/rustlib/aarch64-unknown-linux-gnu/lib/libgimli-f28aeee62441776d.rlib
 INFO rustc_metadata::locator lib candidate: /usr/local/rustup/toolchains/1.98.1-aarch64-unknown-linux-gnu/lib/rustlib/aarch64-unknown-linux-gnu/lib/libpanic_unwind-84356f769662edfe.rlib
 INFO rustc_metadata::locator lib candidate: /usr/local/rustup/toolchains/1.98.1-aarch64-unknown-linux-gnu/lib/rustlib/aarch64-unknown-linux-gnu/lib/libstd-96c9fe7a07d47cf2.rmeta
 INFO rustc_metadata::locator rlib reading metadata from: /usr/local/rustup/toolchains/1.98.1-aarch64-unknown-linux-gnu/lib/rustlib/aarch64-unknown-linux-gnu/lib/libunwind-0d91334590e8fac0.rlib
 INFO rustc_metadata::locator lib candidate: /usr/local/rustup/toolchains/1.98.1-aarch64-unknown-linux-gnu/lib/rustlib/aarch64-unknown-linux-gnu/lib/libminiz_oxide-fd627a3cab0f8638.rlib
 INFO rustc_metadata::locator lib candidate: /usr/local/rustup/toolchains/1.98.1-aarch64-unknown-linux-gnu/lib/rustlib/aarch64-unknown-linux-gnu/lib/libstd_detect-744cebc7daba8a68.rmeta
 INFO rustc_metadata::locator lib candidate: /usr/local/rustup/toolchains/1.98.1-aarch64-unknown-linux-gnu/lib/rustlib/aarch64-unknown-linux-gnu/lib/libpanic_unwind-84356f769662edfe.rmeta
 INFO rustc_metadata::locator lib candidate: /usr/local/rustup/toolchains/1.98.1-aarch64-unknown-linux-gnu/lib/rustlib/aarch64-unknown-linux-gnu/lib/libgimli-f28aeee62441776d.rmeta
 INFO rustc_metadata::locator lib candidate: /usr/local/rustup/toolchains/1.98.1-aarch64-unknown-linux-gnu/lib/rustlib/aarch64-unknown-linux-gnu/lib/libstd-96c9fe7a07d47cf2.so
 INFO rustc_metadata::locator rmeta reading metadata from: /usr/local/rustup/toolchains/1.98.1-aarch64-unknown-linux-gnu/lib/rustlib/aarch64-unknown-linux-gnu/lib/libgimli-f28aeee62441776d.rmeta
 INFO rustc_metadata::locator lib candidate: /usr/local/rustup/toolchains/1.98.1-aarch64-unknown-linux-gnu/lib/rustlib/aarch64-unknown-linux-gnu/lib/libminiz_oxide-fd627a3cab0f8638.rmeta
 INFO rustc_metadata::locator rmeta reading metadata from: /usr/local/rustup/toolchains/1.98.1-aarch64-unknown-linux-gnu/lib/rustlib/aarch64-unknown-linux-gnu/lib/libpanic_unwind-84356f769662edfe.rmeta
 INFO rustc_metadata::locator rmeta reading metadata from: /usr/local/rustup/toolchains/1.98.1-aarch64-unknown-linux-gnu/lib/rustlib/aarch64-unknown-linux-gnu/lib/libstd-96c9fe7a07d47cf2.rmeta
 INFO rustc_metadata::locator lib candidate: /usr/local/rustup/toolchains/1.98.1-aarch64-unknown-linux-gnu/lib/rustlib/aarch64-unknown-linux-gnu/lib/libobject-d659ca1c4445f0ff.rlib
 INFO rustc_metadata::locator rmeta reading metadata from: /usr/local/rustup/toolchains/1.98.1-aarch64-unknown-linux-gnu/lib/rustlib/aarch64-unknown-linux-gnu/lib/libminiz_oxide-fd627a3cab0f8638.rmeta
 INFO rustc_metadata::locator rlib reading metadata from: /usr/local/rustup/toolchains/1.98.1-aarch64-unknown-linux-gnu/lib/rustlib/aarch64-unknown-linux-gnu/lib/libstd-96c9fe7a07d47cf2.rlib
 INFO rustc_metadata::locator lib candidate: /usr/local/rustup/toolchains/1.98.1-aarch64-unknown-linux-gnu/lib/rustlib/aarch64-unknown-linux-gnu/lib/libobject-d659ca1c4445f0ff.rmeta
 INFO rustc_metadata::locator rlib reading metadata from: /usr/local/rustup/toolchains/1.98.1-aarch64-unknown-linux-gnu/lib/rustlib/aarch64-unknown-linux-gnu/lib/libpanic_unwind-84356f769662edfe.rlib
 INFO rustc_metadata::locator dylib reading metadata from: /usr/local/rustup/toolchains/1.98.1-aarch64-unknown-linux-gnu/lib/rustlib/aarch64-unknown-linux-gnu/lib/libstd-96c9fe7a07d47cf2.so
 INFO rustc_metadata::locator rmeta reading metadata from: /usr/local/rustup/toolchains/1.98.1-aarch64-unknown-linux-gnu/lib/rustlib/aarch64-unknown-linux-gnu/lib/libobject-d659ca1c4445f0ff.rmeta
 INFO rustc_metadata::locator rlib reading metadata from: /usr/local/rustup/toolchains/1.98.1-aarch64-unknown-linux-gnu/lib/rustlib/aarch64-unknown-linux-gnu/lib/libminiz_oxide-fd627a3cab0f8638.rlib
 INFO rustc_metadata::locator rlib reading metadata from: /evidence/target/debug/deps/libproc_macro2-525a654ae62169e3.rlib
 INFO rustc_metadata::locator rmeta reading metadata from: /usr/local/rustup/toolchains/1.98.1-aarch64-unknown-linux-gnu/lib/rustlib/aarch64-unknown-linux-gnu/lib/libstd_detect-744cebc7daba8a68.rmeta
 INFO rustc_metadata::locator lib candidate: /usr/local/rustup/toolchains/1.98.1-aarch64-unknown-linux-gnu/lib/rustlib/aarch64-unknown-linux-gnu/lib/libadler2-49f29a8856c93b22.rlib
 INFO rustc_metadata::locator lib candidate: /usr/local/rustup/toolchains/1.98.1-aarch64-unknown-linux-gnu/lib/rustlib/aarch64-unknown-linux-gnu/lib/libmemchr-740af70dcfdcb340.rlib
 INFO rustc_metadata::locator lib candidate: /usr/local/rustup/toolchains/1.98.1-aarch64-unknown-linux-gnu/lib/rustlib/aarch64-unknown-linux-gnu/lib/libproc_macro-bad4ae299678f43e.rlib
 INFO rustc_metadata::locator Rejecting via crate name
 INFO rustc_metadata::locator lib candidate: /usr/local/rustup/toolchains/1.98.1-aarch64-unknown-linux-gnu/lib/rustlib/aarch64-unknown-linux-gnu/lib/libadler2-49f29a8856c93b22.rmeta
 INFO rustc_metadata::locator lib candidate: /usr/local/rustup/toolchains/1.98.1-aarch64-unknown-linux-gnu/lib/rustlib/aarch64-unknown-linux-gnu/lib/libmemchr-740af70dcfdcb340.rmeta
 INFO rustc_metadata::locator lib candidate: /usr/local/rustup/toolchains/1.98.1-aarch64-unknown-linux-gnu/lib/rustlib/aarch64-unknown-linux-gnu/lib/libproc_macro-bad4ae299678f43e.rmeta
 INFO rustc_metadata::locator metadata mismatch
 INFO rustc_metadata::locator rmeta reading metadata from: /usr/local/rustup/toolchains/1.98.1-aarch64-unknown-linux-gnu/lib/rustlib/aarch64-unknown-linux-gnu/lib/libadler2-49f29a8856c93b22.rmeta
 INFO rustc_metadata::locator rmeta reading metadata from: /usr/local/rustup/toolchains/1.98.1-aarch64-unknown-linux-gnu/lib/rustlib/aarch64-unknown-linux-gnu/lib/libmemchr-740af70dcfdcb340.rmeta
 INFO rustc_metadata::locator rmeta reading metadata from: /usr/local/rustup/toolchains/1.98.1-aarch64-unknown-linux-gnu/lib/rustlib/aarch64-unknown-linux-gnu/lib/libproc_macro-bad4ae299678f43e.rmeta
 INFO rustc_metadata::locator rlib reading metadata from: /usr/local/rustup/toolchains/1.98.1-aarch64-unknown-linux-gnu/lib/rustlib/aarch64-unknown-linux-gnu/lib/libstd_detect-744cebc7daba8a68.rlib
 INFO rustc_metadata::locator lib candidate: /usr/local/rustup/toolchains/1.98.1-aarch64-unknown-linux-gnu/lib/rustlib/aarch64-unknown-linux-gnu/lib/libpanic_unwind-84356f769662edfe.rlib
 INFO rustc_metadata::locator rlib reading metadata from: /usr/local/rustup/toolchains/1.98.1-aarch64-unknown-linux-gnu/lib/rustlib/aarch64-unknown-linux-gnu/lib/libproc_macro-bad4ae299678f43e.rlib
 INFO rustc_metadata::locator lib candidate: /usr/local/rustup/toolchains/1.98.1-aarch64-unknown-linux-gnu/lib/rustlib/aarch64-unknown-linux-gnu/lib/libpanic_unwind-84356f769662edfe.rmeta
 INFO rustc_metadata::locator rlib reading metadata from: /usr/local/rustup/toolchains/1.98.1-aarch64-unknown-linux-gnu/lib/rustlib/aarch64-unknown-linux-gnu/lib/libadler2-49f29a8856c93b22.rlib
 INFO rustc_metadata::locator Rejecting via crate name
 INFO rustc_metadata::locator lib candidate: /usr/local/rustup/toolchains/1.98.1-aarch64-unknown-linux-gnu/lib/rustlib/aarch64-unknown-linux-gnu/lib/librustc_literal_escaper-5b26e60e1d654492.rlib
 INFO rustc_metadata::locator rmeta reading metadata from: /usr/local/rustup/toolchains/1.98.1-aarch64-unknown-linux-gnu/lib/rustlib/aarch64-unknown-linux-gnu/lib/libpanic_unwind-84356f769662edfe.rmeta
 INFO rustc_metadata::locator metadata mismatch
 INFO rustc_metadata::locator lib candidate: /usr/local/rustup/toolchains/1.98.1-aarch64-unknown-linux-gnu/lib/rustlib/aarch64-unknown-linux-gnu/lib/libhashbrown-59d69e789b093c2f.rlib
 INFO rustc_metadata::locator lib candidate: /usr/local/rustup/toolchains/1.98.1-aarch64-unknown-linux-gnu/lib/rustlib/aarch64-unknown-linux-gnu/lib/librustc_literal_escaper-5b26e60e1d654492.rmeta
 INFO rustc_metadata::locator lib candidate: /usr/local/rustup/toolchains/1.98.1-aarch64-unknown-linux-gnu/lib/rustlib/aarch64-unknown-linux-gnu/lib/libstd-96c9fe7a07d47cf2.rlib
 INFO rustc_metadata::locator rlib reading metadata from: /evidence/target/debug/deps/libsyn-2efc2075a3c9e3dc.rlib
 INFO rustc_metadata::locator lib candidate: /usr/local/rustup/toolchains/1.98.1-aarch64-unknown-linux-gnu/lib/rustlib/aarch64-unknown-linux-gnu/lib/libhashbrown-59d69e789b093c2f.rmeta
 INFO rustc_metadata::locator rmeta reading metadata from: /usr/local/rustup/toolchains/1.98.1-aarch64-unknown-linux-gnu/lib/rustlib/aarch64-unknown-linux-gnu/lib/librustc_literal_escaper-5b26e60e1d654492.rmeta
 INFO rustc_metadata::locator lib candidate: /usr/local/rustup/toolchains/1.98.1-aarch64-unknown-linux-gnu/lib/rustlib/aarch64-unknown-linux-gnu/lib/libstd_detect-744cebc7daba8a68.rlib
 INFO rustc_metadata::locator lib candidate: /evidence/target/debug/deps/libquote-606fa2a313934a69.rlib
 INFO rustc_metadata::locator rmeta reading metadata from: /usr/local/rustup/toolchains/1.98.1-aarch64-unknown-linux-gnu/lib/rustlib/aarch64-unknown-linux-gnu/lib/libhashbrown-59d69e789b093c2f.rmeta
 INFO rustc_metadata::locator rlib reading metadata from: /usr/local/rustup/toolchains/1.98.1-aarch64-unknown-linux-gnu/lib/rustlib/aarch64-unknown-linux-gnu/lib/librustc_literal_escaper-5b26e60e1d654492.rlib
 INFO rustc_metadata::locator lib candidate: /usr/local/rustup/toolchains/1.98.1-aarch64-unknown-linux-gnu/lib/rustlib/aarch64-unknown-linux-gnu/lib/libstd-96c9fe7a07d47cf2.rmeta
 INFO rustc_metadata::locator rlib reading metadata from: /usr/local/rustup/toolchains/1.98.1-aarch64-unknown-linux-gnu/lib/rustlib/aarch64-unknown-linux-gnu/lib/libhashbrown-59d69e789b093c2f.rlib
 INFO rustc_metadata::locator lib candidate: /evidence/target/debug/deps/libunicode_ident-e15d09d81301de13.rlib
 INFO rustc_metadata::locator lib candidate: /evidence/target/debug/deps/libquote-606fa2a313934a69.rmeta
 INFO rustc_metadata::locator lib candidate: /usr/local/rustup/toolchains/1.98.1-aarch64-unknown-linux-gnu/lib/rustlib/aarch64-unknown-linux-gnu/lib/libstd_detect-744cebc7daba8a68.rmeta
 INFO rustc_metadata::locator lib candidate: /usr/local/rustup/toolchains/1.98.1-aarch64-unknown-linux-gnu/lib/rustlib/aarch64-unknown-linux-gnu/lib/librustc_std_workspace_alloc-21af30201253cbfb.rlib
 INFO rustc_metadata::locator rmeta reading metadata from: /evidence/target/debug/deps/libquote-606fa2a313934a69.rmeta
 INFO rustc_metadata::locator lib candidate: /evidence/target/debug/deps/libunicode_ident-e15d09d81301de13.rmeta
 INFO rustc_metadata::locator lib candidate: /usr/local/rustup/toolchains/1.98.1-aarch64-unknown-linux-gnu/lib/rustlib/aarch64-unknown-linux-gnu/lib/libstd-96c9fe7a07d47cf2.so
 INFO rustc_metadata::locator lib candidate: /usr/local/rustup/toolchains/1.98.1-aarch64-unknown-linux-gnu/lib/rustlib/aarch64-unknown-linux-gnu/lib/librustc_std_workspace_alloc-21af30201253cbfb.rmeta
 INFO rustc_metadata::locator rmeta reading metadata from: /evidence/target/debug/deps/libunicode_ident-e15d09d81301de13.rmeta
 INFO rustc_metadata::locator rlib reading metadata from: /evidence/target/debug/deps/libquote-606fa2a313934a69.rlib
 INFO rustc_metadata::locator rmeta reading metadata from: /usr/local/rustup/toolchains/1.98.1-aarch64-unknown-linux-gnu/lib/rustlib/aarch64-unknown-linux-gnu/lib/libstd-96c9fe7a07d47cf2.rmeta
 INFO rustc_metadata::locator rmeta reading metadata from: /usr/local/rustup/toolchains/1.98.1-aarch64-unknown-linux-gnu/lib/rustlib/aarch64-unknown-linux-gnu/lib/librustc_std_workspace_alloc-21af30201253cbfb.rmeta
 INFO rustc_metadata::locator rlib reading metadata from: /evidence/target/debug/deps/libquote-606fa2a313934a69.rlib
 INFO rustc_metadata::locator rlib reading metadata from: /evidence/target/debug/deps/libunicode_ident-e15d09d81301de13.rlib
 INFO rustc_metadata::locator rlib reading metadata from: /usr/local/rustup/toolchains/1.98.1-aarch64-unknown-linux-gnu/lib/rustlib/aarch64-unknown-linux-gnu/lib/librustc_std_workspace_alloc-21af30201253cbfb.rlib
 INFO rustc_metadata::locator rlib reading metadata from: /evidence/target/debug/deps/libquote-606fa2a313934a69.rlib
 INFO rustc_metadata::locator rmeta reading metadata from: /usr/local/rustup/toolchains/1.98.1-aarch64-unknown-linux-gnu/lib/rustlib/aarch64-unknown-linux-gnu/lib/libstd_detect-744cebc7daba8a68.rmeta
 INFO rustc_metadata::locator lib candidate: /usr/local/rustup/toolchains/1.98.1-aarch64-unknown-linux-gnu/lib/rustlib/aarch64-unknown-linux-gnu/lib/libstd_detect-744cebc7daba8a68.rlib
 INFO rustc_metadata::locator lib candidate: /usr/local/rustup/toolchains/1.98.1-aarch64-unknown-linux-gnu/lib/rustlib/aarch64-unknown-linux-gnu/lib/libproc_macro-bad4ae299678f43e.rlib
 INFO rustc_metadata::locator Rejecting via crate name
 INFO rustc_metadata::locator lib candidate: /usr/local/rustup/toolchains/1.98.1-aarch64-unknown-linux-gnu/lib/rustlib/aarch64-unknown-linux-gnu/lib/libstd_detect-744cebc7daba8a68.rmeta
 INFO rustc_metadata::locator rlib reading metadata from: /evidence/target/debug/deps/libsyn-2efc2075a3c9e3dc.rlib
 INFO rustc_metadata::locator lib candidate: /usr/local/rustup/toolchains/1.98.1-aarch64-unknown-linux-gnu/lib/rustlib/aarch64-unknown-linux-gnu/lib/libproc_macro-bad4ae299678f43e.rmeta
 INFO rustc_metadata::locator metadata mismatch
 INFO rustc_metadata::locator rmeta reading metadata from: /usr/local/rustup/toolchains/1.98.1-aarch64-unknown-linux-gnu/lib/rustlib/aarch64-unknown-linux-gnu/lib/libstd_detect-744cebc7daba8a68.rmeta
 INFO rustc_metadata::locator lib candidate: /usr/local/rustup/toolchains/1.98.1-aarch64-unknown-linux-gnu/lib/rustlib/aarch64-unknown-linux-gnu/lib/libproc_macro-bad4ae299678f43e.rlib
 INFO rustc_metadata::locator rmeta reading metadata from: /usr/local/rustup/toolchains/1.98.1-aarch64-unknown-linux-gnu/lib/rustlib/aarch64-unknown-linux-gnu/lib/libproc_macro-bad4ae299678f43e.rmeta
 INFO rustc_metadata::locator rlib reading metadata from: /usr/local/rustup/toolchains/1.98.1-aarch64-unknown-linux-gnu/lib/rustlib/aarch64-unknown-linux-gnu/lib/libstd_detect-744cebc7daba8a68.rlib
 INFO rustc_metadata::locator lib candidate: /usr/local/rustup/toolchains/1.98.1-aarch64-unknown-linux-gnu/lib/rustlib/aarch64-unknown-linux-gnu/lib/libproc_macro-bad4ae299678f43e.rmeta
 INFO rustc_metadata::locator rlib reading metadata from: /usr/local/rustup/toolchains/1.98.1-aarch64-unknown-linux-gnu/lib/rustlib/aarch64-unknown-linux-gnu/lib/libstd_detect-744cebc7daba8a68.rlib
 INFO rustc_metadata::locator rlib reading metadata from: /usr/local/rustup/toolchains/1.98.1-aarch64-unknown-linux-gnu/lib/rustlib/aarch64-unknown-linux-gnu/lib/libproc_macro-bad4ae299678f43e.rlib
 INFO rustc_metadata::locator Rejecting via crate name
 INFO rustc_metadata::locator rmeta reading metadata from: /usr/local/rustup/toolchains/1.98.1-aarch64-unknown-linux-gnu/lib/rustlib/aarch64-unknown-linux-gnu/lib/libproc_macro-bad4ae299678f43e.rmeta
 INFO rustc_metadata::locator lib candidate: /usr/local/rustup/toolchains/1.98.1-aarch64-unknown-linux-gnu/lib/rustlib/aarch64-unknown-linux-gnu/lib/librustc_demangle-4f11a1d3df1ceb19.rlib
 INFO rustc_metadata::locator metadata mismatch
 INFO rustc_metadata::locator rlib reading metadata from: /evidence/target/debug/deps/libproc_macro2-525a654ae62169e3.rlib
 INFO rustc_metadata::locator lib candidate: /usr/local/rustup/toolchains/1.98.1-aarch64-unknown-linux-gnu/lib/rustlib/aarch64-unknown-linux-gnu/lib/librustc_demangle-4f11a1d3df1ceb19.rmeta
 INFO rustc_metadata::locator rlib reading metadata from: /usr/local/rustup/toolchains/1.98.1-aarch64-unknown-linux-gnu/lib/rustlib/aarch64-unknown-linux-gnu/lib/libproc_macro-bad4ae299678f43e.rlib
 INFO rustc_metadata::locator lib candidate: /usr/local/rustup/toolchains/1.98.1-aarch64-unknown-linux-gnu/lib/rustlib/aarch64-unknown-linux-gnu/lib/libstd-96c9fe7a07d47cf2.rlib
 INFO rustc_metadata::locator lib candidate: /usr/local/rustup/toolchains/1.98.1-aarch64-unknown-linux-gnu/lib/rustlib/aarch64-unknown-linux-gnu/lib/libstd_detect-744cebc7daba8a68.rlib
 INFO rustc_metadata::locator lib candidate: /usr/local/rustup/toolchains/1.98.1-aarch64-unknown-linux-gnu/lib/rustlib/aarch64-unknown-linux-gnu/lib/libproc_macro-bad4ae299678f43e.rlib
 INFO rustc_metadata::locator rmeta reading metadata from: /usr/local/rustup/toolchains/1.98.1-aarch64-unknown-linux-gnu/lib/rustlib/aarch64-unknown-linux-gnu/lib/librustc_demangle-4f11a1d3df1ceb19.rmeta
 INFO rustc_metadata::locator lib candidate: /usr/local/rustup/toolchains/1.98.1-aarch64-unknown-linux-gnu/lib/rustlib/aarch64-unknown-linux-gnu/lib/libproc_macro-bad4ae299678f43e.rmeta
 INFO rustc_metadata::locator rlib reading metadata from: /usr/local/rustup/toolchains/1.98.1-aarch64-unknown-linux-gnu/lib/rustlib/aarch64-unknown-linux-gnu/lib/librustc_demangle-4f11a1d3df1ceb19.rlib
 INFO rustc_metadata::locator rmeta reading metadata from: /usr/local/rustup/toolchains/1.98.1-aarch64-unknown-linux-gnu/lib/rustlib/aarch64-unknown-linux-gnu/lib/libproc_macro-bad4ae299678f43e.rmeta
 INFO rustc_metadata::locator lib candidate: /usr/local/rustup/toolchains/1.98.1-aarch64-unknown-linux-gnu/lib/rustlib/aarch64-unknown-linux-gnu/lib/libstd-96c9fe7a07d47cf2.rmeta
 INFO rustc_metadata::locator lib candidate: /usr/local/rustup/toolchains/1.98.1-aarch64-unknown-linux-gnu/lib/rustlib/aarch64-unknown-linux-gnu/lib/libcfg_if-4cb5d4e7ecc5ab9b.rlib
 INFO rustc_metadata::locator rlib reading metadata from: /usr/local/rustup/toolchains/1.98.1-aarch64-unknown-linux-gnu/lib/rustlib/aarch64-unknown-linux-gnu/lib/libproc_macro-bad4ae299678f43e.rlib
 INFO rustc_metadata::locator lib candidate: /usr/local/rustup/toolchains/1.98.1-aarch64-unknown-linux-gnu/lib/rustlib/aarch64-unknown-linux-gnu/lib/libstd_detect-744cebc7daba8a68.rmeta
 INFO rustc_metadata::locator lib candidate: /usr/local/rustup/toolchains/1.98.1-aarch64-unknown-linux-gnu/lib/rustlib/aarch64-unknown-linux-gnu/lib/libcfg_if-4cb5d4e7ecc5ab9b.rmeta
 INFO rustc_metadata::locator rlib reading metadata from: /evidence/target/debug/deps/libproc_macro2-525a654ae62169e3.rlib
 INFO rustc_metadata::locator rmeta reading metadata from: /usr/local/rustup/toolchains/1.98.1-aarch64-unknown-linux-gnu/lib/rustlib/aarch64-unknown-linux-gnu/lib/libcfg_if-4cb5d4e7ecc5ab9b.rmeta
 INFO rustc_metadata::locator lib candidate: /usr/local/rustup/toolchains/1.98.1-aarch64-unknown-linux-gnu/lib/rustlib/aarch64-unknown-linux-gnu/lib/libstd-96c9fe7a07d47cf2.so
 INFO rustc_metadata::locator rlib reading metadata from: /evidence/target/debug/deps/libquote-606fa2a313934a69.rlib
 INFO rustc_metadata::locator rlib reading metadata from: /usr/local/rustup/toolchains/1.98.1-aarch64-unknown-linux-gnu/lib/rustlib/aarch64-unknown-linux-gnu/lib/libcfg_if-4cb5d4e7ecc5ab9b.rlib
 INFO rustc_metadata::locator rmeta reading metadata from: /usr/local/rustup/toolchains/1.98.1-aarch64-unknown-linux-gnu/lib/rustlib/aarch64-unknown-linux-gnu/lib/libstd-96c9fe7a07d47cf2.rmeta
 INFO rustc_metadata::locator rlib reading metadata from: /evidence/target/debug/deps/libsyn-2efc2075a3c9e3dc.rlib
 INFO rustc_metadata::locator lib candidate: /usr/local/rustup/toolchains/1.98.1-aarch64-unknown-linux-gnu/lib/rustlib/aarch64-unknown-linux-gnu/lib/libaddr2line-c9b51fa144ecb69d.rlib
 INFO rustc_metadata::locator rlib reading metadata from: /usr/local/rustup/toolchains/1.98.1-aarch64-unknown-linux-gnu/lib/rustlib/aarch64-unknown-linux-gnu/lib/libstd-96c9fe7a07d47cf2.rlib
 INFO rustc_metadata::locator lib candidate: /usr/local/rustup/toolchains/1.98.1-aarch64-unknown-linux-gnu/lib/rustlib/aarch64-unknown-linux-gnu/lib/libproc_macro-bad4ae299678f43e.rlib
 INFO rustc_metadata::locator lib candidate: /usr/local/rustup/toolchains/1.98.1-aarch64-unknown-linux-gnu/lib/rustlib/aarch64-unknown-linux-gnu/lib/libaddr2line-c9b51fa144ecb69d.rmeta
 INFO rustc_metadata::locator dylib reading metadata from: /usr/local/rustup/toolchains/1.98.1-aarch64-unknown-linux-gnu/lib/rustlib/aarch64-unknown-linux-gnu/lib/libstd-96c9fe7a07d47cf2.so
 INFO rustc_metadata::locator lib candidate: /usr/local/rustup/toolchains/1.98.1-aarch64-unknown-linux-gnu/lib/rustlib/aarch64-unknown-linux-gnu/lib/libproc_macro-bad4ae299678f43e.rmeta
 INFO rustc_metadata::locator rmeta reading metadata from: /usr/local/rustup/toolchains/1.98.1-aarch64-unknown-linux-gnu/lib/rustlib/aarch64-unknown-linux-gnu/lib/libaddr2line-c9b51fa144ecb69d.rmeta
 INFO rustc_metadata::locator rmeta reading metadata from: /usr/local/rustup/toolchains/1.98.1-aarch64-unknown-linux-gnu/lib/rustlib/aarch64-unknown-linux-gnu/lib/libstd_detect-744cebc7daba8a68.rmeta
 INFO rustc_metadata::locator rmeta reading metadata from: /usr/local/rustup/toolchains/1.98.1-aarch64-unknown-linux-gnu/lib/rustlib/aarch64-unknown-linux-gnu/lib/libproc_macro-bad4ae299678f43e.rmeta
 INFO rustc_metadata::locator rlib reading metadata from: /usr/local/rustup/toolchains/1.98.1-aarch64-unknown-linux-gnu/lib/rustlib/aarch64-unknown-linux-gnu/lib/libaddr2line-c9b51fa144ecb69d.rlib
 INFO rustc_metadata::locator rlib reading metadata from: /usr/local/rustup/toolchains/1.98.1-aarch64-unknown-linux-gnu/lib/rustlib/aarch64-unknown-linux-gnu/lib/libproc_macro-bad4ae299678f43e.rlib
 INFO rustc_metadata::locator Rejecting via crate name
 INFO rustc_metadata::locator lib candidate: /usr/local/rustup/toolchains/1.98.1-aarch64-unknown-linux-gnu/lib/rustlib/aarch64-unknown-linux-gnu/lib/libgimli-f28aeee62441776d.rlib
 INFO rustc_metadata::locator metadata mismatch
 INFO rustc_metadata::locator lib candidate: /usr/local/rustup/toolchains/1.98.1-aarch64-unknown-linux-gnu/lib/rustlib/aarch64-unknown-linux-gnu/lib/libpanic_unwind-84356f769662edfe.rlib
 INFO rustc_metadata::locator lib candidate: /usr/local/rustup/toolchains/1.98.1-aarch64-unknown-linux-gnu/lib/rustlib/aarch64-unknown-linux-gnu/lib/libgimli-f28aeee62441776d.rmeta
 INFO rustc_metadata::locator rlib reading metadata from: /usr/local/rustup/toolchains/1.98.1-aarch64-unknown-linux-gnu/lib/rustlib/aarch64-unknown-linux-gnu/lib/libstd_detect-744cebc7daba8a68.rlib
 INFO rustc_metadata::locator rmeta reading metadata from: /usr/local/rustup/toolchains/1.98.1-aarch64-unknown-linux-gnu/lib/rustlib/aarch64-unknown-linux-gnu/lib/libgimli-f28aeee62441776d.rmeta
 INFO rustc_metadata::locator lib candidate: /usr/local/rustup/toolchains/1.98.1-aarch64-unknown-linux-gnu/lib/rustlib/aarch64-unknown-linux-gnu/lib/libpanic_unwind-84356f769662edfe.rmeta
 INFO rustc_metadata::locator rlib reading metadata from: /usr/local/rustup/toolchains/1.98.1-aarch64-unknown-linux-gnu/lib/rustlib/aarch64-unknown-linux-gnu/lib/libgimli-f28aeee62441776d.rlib
 INFO rustc_metadata::locator Rejecting via crate name
 INFO rustc_metadata::locator lib candidate: /usr/local/rustup/toolchains/1.98.1-aarch64-unknown-linux-gnu/lib/rustlib/aarch64-unknown-linux-gnu/lib/libobject-d659ca1c4445f0ff.rlib
 INFO rustc_metadata::locator metadata mismatch
 INFO rustc_metadata::locator rmeta reading metadata from: /usr/local/rustup/toolchains/1.98.1-aarch64-unknown-linux-gnu/lib/rustlib/aarch64-unknown-linux-gnu/lib/libpanic_unwind-84356f769662edfe.rmeta
 INFO rustc_metadata::locator rlib reading metadata from: /evidence/target/debug/deps/libsyn-2efc2075a3c9e3dc.rlib
 INFO rustc_metadata::locator lib candidate: /usr/local/rustup/toolchains/1.98.1-aarch64-unknown-linux-gnu/lib/rustlib/aarch64-unknown-linux-gnu/lib/libobject-d659ca1c4445f0ff.rmeta
 INFO rustc_metadata::locator rmeta reading metadata from: /usr/local/rustup/toolchains/1.98.1-aarch64-unknown-linux-gnu/lib/rustlib/aarch64-unknown-linux-gnu/lib/libobject-d659ca1c4445f0ff.rmeta
 INFO rustc_metadata::locator rlib reading metadata from: /evidence/target/debug/deps/libquote-606fa2a313934a69.rlib
 INFO rustc_metadata::locator rlib reading metadata from: /usr/local/rustup/toolchains/1.98.1-aarch64-unknown-linux-gnu/lib/rustlib/aarch64-unknown-linux-gnu/lib/libpanic_unwind-84356f769662edfe.rlib
 INFO rustc_metadata::locator lib candidate: /usr/local/rustup/toolchains/1.98.1-aarch64-unknown-linux-gnu/lib/rustlib/aarch64-unknown-linux-gnu/lib/libproc_macro-bad4ae299678f43e.rlib
 INFO rustc_metadata::locator rlib reading metadata from: /usr/local/rustup/toolchains/1.98.1-aarch64-unknown-linux-gnu/lib/rustlib/aarch64-unknown-linux-gnu/lib/libobject-d659ca1c4445f0ff.rlib
 INFO rustc_metadata::locator lib candidate: /usr/local/rustup/toolchains/1.98.1-aarch64-unknown-linux-gnu/lib/rustlib/aarch64-unknown-linux-gnu/lib/libproc_macro-bad4ae299678f43e.rmeta
 INFO rustc_metadata::locator lib candidate: /usr/local/rustup/toolchains/1.98.1-aarch64-unknown-linux-gnu/lib/rustlib/aarch64-unknown-linux-gnu/lib/libmemchr-740af70dcfdcb340.rlib
 INFO rustc_metadata::locator lib candidate: /usr/local/rustup/toolchains/1.98.1-aarch64-unknown-linux-gnu/lib/rustlib/aarch64-unknown-linux-gnu/lib/libmemchr-740af70dcfdcb340.rmeta
 INFO rustc_metadata::locator rmeta reading metadata from: /usr/local/rustup/toolchains/1.98.1-aarch64-unknown-linux-gnu/lib/rustlib/aarch64-unknown-linux-gnu/lib/libproc_macro-bad4ae299678f43e.rmeta
 INFO rustc_metadata::locator rlib reading metadata from: /usr/local/rustup/toolchains/1.98.1-aarch64-unknown-linux-gnu/lib/rustlib/aarch64-unknown-linux-gnu/lib/libproc_macro-bad4ae299678f43e.rlib
 INFO rustc_metadata::locator rmeta reading metadata from: /usr/local/rustup/toolchains/1.98.1-aarch64-unknown-linux-gnu/lib/rustlib/aarch64-unknown-linux-gnu/lib/libmemchr-740af70dcfdcb340.rmeta
 INFO rustc_metadata::locator rlib reading metadata from: /usr/local/rustup/toolchains/1.98.1-aarch64-unknown-linux-gnu/lib/rustlib/aarch64-unknown-linux-gnu/lib/libmemchr-740af70dcfdcb340.rlib
 INFO rustc_metadata::locator lib candidate: /usr/local/rustup/toolchains/1.98.1-aarch64-unknown-linux-gnu/lib/rustlib/aarch64-unknown-linux-gnu/lib/libpanic_unwind-84356f769662edfe.rlib
 INFO rustc_metadata::locator lib candidate: /usr/local/rustup/toolchains/1.98.1-aarch64-unknown-linux-gnu/lib/rustlib/aarch64-unknown-linux-gnu/lib/libpanic_unwind-84356f769662edfe.rmeta
 INFO rustc_metadata::locator lib candidate: /usr/local/rustup/toolchains/1.98.1-aarch64-unknown-linux-gnu/lib/rustlib/aarch64-unknown-linux-gnu/lib/libpanic_unwind-84356f769662edfe.rlib
 INFO rustc_metadata::locator rmeta reading metadata from: /usr/local/rustup/toolchains/1.98.1-aarch64-unknown-linux-gnu/lib/rustlib/aarch64-unknown-linux-gnu/lib/libpanic_unwind-84356f769662edfe.rmeta
 INFO rustc_metadata::locator lib candidate: /usr/local/rustup/toolchains/1.98.1-aarch64-unknown-linux-gnu/lib/rustlib/aarch64-unknown-linux-gnu/lib/libpanic_unwind-84356f769662edfe.rmeta
 INFO rustc_metadata::locator rlib reading metadata from: /usr/local/rustup/toolchains/1.98.1-aarch64-unknown-linux-gnu/lib/rustlib/aarch64-unknown-linux-gnu/lib/libpanic_unwind-84356f769662edfe.rlib
 INFO rustc_metadata::locator rmeta reading metadata from: /usr/local/rustup/toolchains/1.98.1-aarch64-unknown-linux-gnu/lib/rustlib/aarch64-unknown-linux-gnu/lib/libpanic_unwind-84356f769662edfe.rmeta
 INFO rustc_metadata::locator rlib reading metadata from: /usr/local/rustup/toolchains/1.98.1-aarch64-unknown-linux-gnu/lib/rustlib/aarch64-unknown-linux-gnu/lib/libpanic_unwind-84356f769662edfe.rlib
 INFO rustc_metadata::locator rlib reading metadata from: /evidence/target/debug/deps/libproc_macro2-525a654ae62169e3.rlib
 INFO rustc_metadata::locator lib candidate: /usr/local/rustup/toolchains/1.98.1-aarch64-unknown-linux-gnu/lib/rustlib/aarch64-unknown-linux-gnu/lib/libproc_macro-bad4ae299678f43e.rlib
 INFO rustc_metadata::locator lib candidate: /usr/local/rustup/toolchains/1.98.1-aarch64-unknown-linux-gnu/lib/rustlib/aarch64-unknown-linux-gnu/lib/libproc_macro-bad4ae299678f43e.rmeta
 INFO rustc_metadata::locator rmeta reading metadata from: /usr/local/rustup/toolchains/1.98.1-aarch64-unknown-linux-gnu/lib/rustlib/aarch64-unknown-linux-gnu/lib/libproc_macro-bad4ae299678f43e.rmeta
 INFO rustc_metadata::locator rlib reading metadata from: /usr/local/rustup/toolchains/1.98.1-aarch64-unknown-linux-gnu/lib/rustlib/aarch64-unknown-linux-gnu/lib/libproc_macro-bad4ae299678f43e.rlib
 INFO rustc_metadata::locator lib candidate: /usr/local/rustup/toolchains/1.98.1-aarch64-unknown-linux-gnu/lib/rustlib/aarch64-unknown-linux-gnu/lib/librustc_literal_escaper-5b26e60e1d654492.rlib
 INFO rustc_metadata::locator lib candidate: /usr/local/rustup/toolchains/1.98.1-aarch64-unknown-linux-gnu/lib/rustlib/aarch64-unknown-linux-gnu/lib/librustc_literal_escaper-5b26e60e1d654492.rmeta
 INFO rustc_metadata::locator rmeta reading metadata from: /usr/local/rustup/toolchains/1.98.1-aarch64-unknown-linux-gnu/lib/rustlib/aarch64-unknown-linux-gnu/lib/librustc_literal_escaper-5b26e60e1d654492.rmeta
[libsqlite3-sys 0.38.2] cargo:rerun-if-env-changed=CFLAGS
 INFO rustc_metadata::locator rlib reading metadata from: /usr/local/rustup/toolchains/1.98.1-aarch64-unknown-linux-gnu/lib/rustlib/aarch64-unknown-linux-gnu/lib/librustc_literal_escaper-5b26e60e1d654492.rlib
[libsqlite3-sys 0.38.2] CFLAGS = None
[libsqlite3-sys 0.38.2] cargo:rerun-if-env-changed=HOST_CFLAGS
[libsqlite3-sys 0.38.2] HOST_CFLAGS = None
[libsqlite3-sys 0.38.2] cargo:rerun-if-env-changed=CFLAGS_aarch64_unknown_linux_gnu
[libsqlite3-sys 0.38.2] CFLAGS_aarch64_unknown_linux_gnu = None
[libsqlite3-sys 0.38.2] cargo:rerun-if-env-changed=CFLAGS_aarch64-unknown-linux-gnu
[libsqlite3-sys 0.38.2] CFLAGS_aarch64-unknown-linux-gnu = None
 INFO rustc_metadata::locator lib candidate: /evidence/target/debug/deps/libunicode_ident-e15d09d81301de13.rlib
 INFO rustc_metadata::locator lib candidate: /evidence/target/debug/deps/libunicode_ident-e15d09d81301de13.rmeta
 INFO rustc_metadata::locator rmeta reading metadata from: /evidence/target/debug/deps/libunicode_ident-e15d09d81301de13.rmeta
 INFO rustc_metadata::locator rlib reading metadata from: /evidence/target/debug/deps/libunicode_ident-e15d09d81301de13.rlib
 INFO rustc_metadata::locator rlib reading metadata from: /evidence/target/debug/deps/libquote-606fa2a313934a69.rlib
 INFO rustc_metadata::locator rlib reading metadata from: /evidence/target/debug/deps/libsyn-2efc2075a3c9e3dc.rlib
 INFO rustc_metadata::locator lib candidate: /usr/local/rustup/toolchains/1.98.1-aarch64-unknown-linux-gnu/lib/rustlib/aarch64-unknown-linux-gnu/lib/libproc_macro-bad4ae299678f43e.rlib
 INFO rustc_metadata::locator rmeta reading metadata from: /evidence/target/debug/deps/liblibc-289269b039bba117.rmeta
 INFO rustc_metadata::locator lib candidate: /usr/local/rustup/toolchains/1.98.1-aarch64-unknown-linux-gnu/lib/rustlib/aarch64-unknown-linux-gnu/lib/libproc_macro-bad4ae299678f43e.rmeta
 INFO rustc_metadata::locator rmeta reading metadata from: /usr/local/rustup/toolchains/1.98.1-aarch64-unknown-linux-gnu/lib/rustlib/aarch64-unknown-linux-gnu/lib/libproc_macro-bad4ae299678f43e.rmeta
 INFO rustc_metadata::locator rlib reading metadata from: /usr/local/rustup/toolchains/1.98.1-aarch64-unknown-linux-gnu/lib/rustlib/aarch64-unknown-linux-gnu/lib/libproc_macro-bad4ae299678f43e.rlib
 INFO rustc_metadata::locator lib candidate: /usr/local/rustup/toolchains/1.98.1-aarch64-unknown-linux-gnu/lib/rustlib/aarch64-unknown-linux-gnu/lib/libstd-96c9fe7a07d47cf2.rlib
 INFO rustc_metadata::locator lib candidate: /usr/local/rustup/toolchains/1.98.1-aarch64-unknown-linux-gnu/lib/rustlib/aarch64-unknown-linux-gnu/lib/libstd_detect-744cebc7daba8a68.rlib
 INFO rustc_metadata::locator lib candidate: /usr/local/rustup/toolchains/1.98.1-aarch64-unknown-linux-gnu/lib/rustlib/aarch64-unknown-linux-gnu/lib/libstd-96c9fe7a07d47cf2.rmeta
 INFO rustc_metadata::locator lib candidate: /usr/local/rustup/toolchains/1.98.1-aarch64-unknown-linux-gnu/lib/rustlib/aarch64-unknown-linux-gnu/lib/libstd_detect-744cebc7daba8a68.rmeta
 INFO rustc_metadata::locator lib candidate: /usr/local/rustup/toolchains/1.98.1-aarch64-unknown-linux-gnu/lib/rustlib/aarch64-unknown-linux-gnu/lib/libstd-96c9fe7a07d47cf2.so
 INFO rustc_metadata::locator rmeta reading metadata from: /usr/local/rustup/toolchains/1.98.1-aarch64-unknown-linux-gnu/lib/rustlib/aarch64-unknown-linux-gnu/lib/libstd-96c9fe7a07d47cf2.rmeta
 INFO rustc_metadata::locator rlib reading metadata from: /usr/local/rustup/toolchains/1.98.1-aarch64-unknown-linux-gnu/lib/rustlib/aarch64-unknown-linux-gnu/lib/libstd-96c9fe7a07d47cf2.rlib
 INFO rustc_metadata::locator dylib reading metadata from: /usr/local/rustup/toolchains/1.98.1-aarch64-unknown-linux-gnu/lib/rustlib/aarch64-unknown-linux-gnu/lib/libstd-96c9fe7a07d47cf2.so
 INFO rustc_metadata::locator rmeta reading metadata from: /usr/local/rustup/toolchains/1.98.1-aarch64-unknown-linux-gnu/lib/rustlib/aarch64-unknown-linux-gnu/lib/libstd_detect-744cebc7daba8a68.rmeta
 INFO rustc_metadata::locator Rejecting via crate name
 INFO rustc_metadata::locator metadata mismatch
 INFO rustc_metadata::locator rlib reading metadata from: /usr/local/rustup/toolchains/1.98.1-aarch64-unknown-linux-gnu/lib/rustlib/aarch64-unknown-linux-gnu/lib/libstd_detect-744cebc7daba8a68.rlib
 INFO rustc_metadata::locator Rejecting via crate name
 INFO rustc_metadata::locator metadata mismatch
 INFO rustc_metadata::locator lib candidate: /usr/local/rustup/toolchains/1.98.1-aarch64-unknown-linux-gnu/lib/rustlib/aarch64-unknown-linux-gnu/lib/libstd-96c9fe7a07d47cf2.rlib
 INFO rustc_metadata::locator lib candidate: /usr/local/rustup/toolchains/1.98.1-aarch64-unknown-linux-gnu/lib/rustlib/aarch64-unknown-linux-gnu/lib/libstd_detect-744cebc7daba8a68.rlib
 INFO rustc_metadata::locator lib candidate: /usr/local/rustup/toolchains/1.98.1-aarch64-unknown-linux-gnu/lib/rustlib/aarch64-unknown-linux-gnu/lib/libstd-96c9fe7a07d47cf2.rmeta
 INFO rustc_metadata::locator lib candidate: /usr/local/rustup/toolchains/1.98.1-aarch64-unknown-linux-gnu/lib/rustlib/aarch64-unknown-linux-gnu/lib/libstd_detect-744cebc7daba8a68.rmeta
 INFO rustc_metadata::locator lib candidate: /usr/local/rustup/toolchains/1.98.1-aarch64-unknown-linux-gnu/lib/rustlib/aarch64-unknown-linux-gnu/lib/libstd-96c9fe7a07d47cf2.so
 INFO rustc_metadata::locator rmeta reading metadata from: /usr/local/rustup/toolchains/1.98.1-aarch64-unknown-linux-gnu/lib/rustlib/aarch64-unknown-linux-gnu/lib/libstd-96c9fe7a07d47cf2.rmeta
 INFO rustc_metadata::locator rmeta reading metadata from: /usr/local/rustup/toolchains/1.98.1-aarch64-unknown-linux-gnu/lib/rustlib/aarch64-unknown-linux-gnu/lib/libstd_detect-744cebc7daba8a68.rmeta
 INFO rustc_metadata::locator Rejecting via crate name
 INFO rustc_metadata::locator metadata mismatch
 INFO rustc_metadata::locator rlib reading metadata from: /usr/local/rustup/toolchains/1.98.1-aarch64-unknown-linux-gnu/lib/rustlib/aarch64-unknown-linux-gnu/lib/libstd_detect-744cebc7daba8a68.rlib
 INFO rustc_metadata::locator Rejecting via crate name
 INFO rustc_metadata::locator metadata mismatch
 INFO rustc_metadata::locator rmeta reading metadata from: /evidence/target/debug/deps/liblibc-289269b039bba117.rmeta
 INFO rustc_metadata::locator lib candidate: /usr/local/rustup/toolchains/1.98.1-aarch64-unknown-linux-gnu/lib/rustlib/aarch64-unknown-linux-gnu/lib/libproc_macro-bad4ae299678f43e.rlib
 INFO rustc_metadata::locator lib candidate: /usr/local/rustup/toolchains/1.98.1-aarch64-unknown-linux-gnu/lib/rustlib/aarch64-unknown-linux-gnu/lib/libproc_macro-bad4ae299678f43e.rmeta
 INFO rustc_metadata::locator rmeta reading metadata from: /usr/local/rustup/toolchains/1.98.1-aarch64-unknown-linux-gnu/lib/rustlib/aarch64-unknown-linux-gnu/lib/libproc_macro-bad4ae299678f43e.rmeta
 INFO rustc_metadata::locator rlib reading metadata from: /usr/local/rustup/toolchains/1.98.1-aarch64-unknown-linux-gnu/lib/rustlib/aarch64-unknown-linux-gnu/lib/libproc_macro-bad4ae299678f43e.rlib
 INFO rustc_metadata::locator rlib reading metadata from: /evidence/target/debug/deps/libproc_macro2-525a654ae62169e3.rlib
 INFO rustc_metadata::locator rlib reading metadata from: /evidence/target/debug/deps/libsyn-2efc2075a3c9e3dc.rlib
 INFO rustc_metadata::locator rlib reading metadata from: /evidence/target/debug/deps/libquote-606fa2a313934a69.rlib
 INFO rustc_metadata::locator lib candidate: /usr/local/rustup/toolchains/1.98.1-aarch64-unknown-linux-gnu/lib/rustlib/aarch64-unknown-linux-gnu/lib/libstd-96c9fe7a07d47cf2.rlib
 INFO rustc_metadata::locator lib candidate: /usr/local/rustup/toolchains/1.98.1-aarch64-unknown-linux-gnu/lib/rustlib/aarch64-unknown-linux-gnu/lib/libstd_detect-744cebc7daba8a68.rlib
 INFO rustc_metadata::locator lib candidate: /usr/local/rustup/toolchains/1.98.1-aarch64-unknown-linux-gnu/lib/rustlib/aarch64-unknown-linux-gnu/lib/libstd-96c9fe7a07d47cf2.rmeta
 INFO rustc_metadata::locator lib candidate: /usr/local/rustup/toolchains/1.98.1-aarch64-unknown-linux-gnu/lib/rustlib/aarch64-unknown-linux-gnu/lib/libstd_detect-744cebc7daba8a68.rmeta
 INFO rustc_metadata::locator lib candidate: /usr/local/rustup/toolchains/1.98.1-aarch64-unknown-linux-gnu/lib/rustlib/aarch64-unknown-linux-gnu/lib/libstd-96c9fe7a07d47cf2.so
 INFO rustc_metadata::locator rmeta reading metadata from: /usr/local/rustup/toolchains/1.98.1-aarch64-unknown-linux-gnu/lib/rustlib/aarch64-unknown-linux-gnu/lib/libstd-96c9fe7a07d47cf2.rmeta
 INFO rustc_metadata::locator rlib reading metadata from: /usr/local/rustup/toolchains/1.98.1-aarch64-unknown-linux-gnu/lib/rustlib/aarch64-unknown-linux-gnu/lib/libstd-96c9fe7a07d47cf2.rlib
 INFO rustc_metadata::locator dylib reading metadata from: /usr/local/rustup/toolchains/1.98.1-aarch64-unknown-linux-gnu/lib/rustlib/aarch64-unknown-linux-gnu/lib/libstd-96c9fe7a07d47cf2.so
 INFO rustc_metadata::locator rmeta reading metadata from: /usr/local/rustup/toolchains/1.98.1-aarch64-unknown-linux-gnu/lib/rustlib/aarch64-unknown-linux-gnu/lib/libstd_detect-744cebc7daba8a68.rmeta
 INFO rustc_metadata::locator Rejecting via crate name
 INFO rustc_metadata::locator metadata mismatch
 INFO rustc_metadata::locator rlib reading metadata from: /usr/local/rustup/toolchains/1.98.1-aarch64-unknown-linux-gnu/lib/rustlib/aarch64-unknown-linux-gnu/lib/libstd_detect-744cebc7daba8a68.rlib
 INFO rustc_metadata::locator Rejecting via crate name
 INFO rustc_metadata::locator metadata mismatch
 INFO rustc_metadata::locator lib candidate: /usr/local/rustup/toolchains/1.98.1-aarch64-unknown-linux-gnu/lib/rustlib/aarch64-unknown-linux-gnu/lib/libproc_macro-bad4ae299678f43e.rlib
 INFO rustc_metadata::locator lib candidate: /usr/local/rustup/toolchains/1.98.1-aarch64-unknown-linux-gnu/lib/rustlib/aarch64-unknown-linux-gnu/lib/libproc_macro-bad4ae299678f43e.rmeta
 INFO rustc_metadata::locator rmeta reading metadata from: /usr/local/rustup/toolchains/1.98.1-aarch64-unknown-linux-gnu/lib/rustlib/aarch64-unknown-linux-gnu/lib/libproc_macro-bad4ae299678f43e.rmeta
 INFO rustc_metadata::locator rlib reading metadata from: /usr/local/rustup/toolchains/1.98.1-aarch64-unknown-linux-gnu/lib/rustlib/aarch64-unknown-linux-gnu/lib/libproc_macro-bad4ae299678f43e.rlib
 INFO rustc_metadata::locator lib candidate: /usr/local/rustup/toolchains/1.98.1-aarch64-unknown-linux-gnu/lib/rustlib/aarch64-unknown-linux-gnu/lib/libpanic_unwind-84356f769662edfe.rlib
 INFO rustc_metadata::locator lib candidate: /usr/local/rustup/toolchains/1.98.1-aarch64-unknown-linux-gnu/lib/rustlib/aarch64-unknown-linux-gnu/lib/libpanic_unwind-84356f769662edfe.rmeta
 INFO rustc_metadata::locator rmeta reading metadata from: /usr/local/rustup/toolchains/1.98.1-aarch64-unknown-linux-gnu/lib/rustlib/aarch64-unknown-linux-gnu/lib/libpanic_unwind-84356f769662edfe.rmeta
 INFO rustc_metadata::locator rlib reading metadata from: /usr/local/rustup/toolchains/1.98.1-aarch64-unknown-linux-gnu/lib/rustlib/aarch64-unknown-linux-gnu/lib/libpanic_unwind-84356f769662edfe.rlib
   Compiling tokio v1.53.1
     Running `CARGO=/usr/local/rustup/toolchains/1.98.1-aarch64-unknown-linux-gnu/bin/cargo CARGO_CRATE_NAME=tokio CARGO_MANIFEST_DIR=/evidence/cargo-home/registry/src/index.crates.io-1949cf8c6b5b557f/tokio-1.53.1 CARGO_MANIFEST_PATH=/evidence/cargo-home/registry/src/index.crates.io-1949cf8c6b5b557f/tokio-1.53.1/Cargo.toml CARGO_PKG_AUTHORS='Tokio Contributors <team@tokio.rs>' CARGO_PKG_DESCRIPTION='An event-driven, non-blocking I/O platform for writing asynchronous I/O
backed applications.
' CARGO_PKG_HOMEPAGE='https://tokio.rs' CARGO_PKG_LICENSE=MIT CARGO_PKG_LICENSE_FILE='' CARGO_PKG_NAME=tokio CARGO_PKG_README=README.md CARGO_PKG_REPOSITORY='https://github.com/tokio-rs/tokio' CARGO_PKG_RUST_VERSION=1.71 CARGO_PKG_VERSION=1.53.1 CARGO_PKG_VERSION_MAJOR=1 CARGO_PKG_VERSION_MINOR=53 CARGO_PKG_VERSION_PATCH=1 CARGO_PKG_VERSION_PRE='' LD_LIBRARY_PATH='/evidence/target/debug/deps:/usr/local/rustup/toolchains/1.98.1-aarch64-unknown-linux-gnu/lib' /usr/local/rustup/toolchains/1.98.1-aarch64-unknown-linux-gnu/bin/rustc --crate-name tokio --edition=2021 /evidence/cargo-home/registry/src/index.crates.io-1949cf8c6b5b557f/tokio-1.53.1/src/lib.rs --error-format=json --json=diagnostic-rendered-ansi,artifacts,future-incompat --crate-type lib --emit=dep-info,metadata,link -C embed-bitcode=no -C debuginfo=2 --warn=unexpected_cfgs --check-cfg 'cfg(fuzzing)' --check-cfg 'cfg(loom)' --check-cfg 'cfg(mio_unsupported_force_poll_poll)' --check-cfg 'cfg(tokio_allow_from_blocking_fd)' --check-cfg 'cfg(tokio_internal_mt_counters)' --check-cfg 'cfg(tokio_no_parking_lot)' --check-cfg 'cfg(tokio_no_tuning_tests)' --check-cfg 'cfg(tokio_unstable)' --check-cfg 'cfg(target_os, values("cygwin"))' --cfg 'feature="default"' --cfg 'feature="libc"' --cfg 'feature="macros"' --cfg 'feature="mio"' --cfg 'feature="rt"' --cfg 'feature="signal"' --cfg 'feature="signal-hook-registry"' --cfg 'feature="time"' --cfg 'feature="tokio-macros"' --check-cfg 'cfg(docsrs,test)' --check-cfg 'cfg(feature, values("bytes", "default", "fs", "full", "io-std", "io-uring", "io-util", "libc", "macros", "mio", "net", "parking_lot", "process", "rt", "rt-multi-thread", "schedule-latency", "signal", "signal-hook-registry", "socket2", "sync", "taskdump", "test-util", "time", "tokio-macros", "tracing", "windows-sys"))' -C metadata=8e7a9849ece66b08 -C extra-filename=-044bf9ed74f19349 --out-dir /evidence/target/debug/deps -L dependency=/evidence/target/debug/deps --extern libc=/evidence/target/debug/deps/liblibc-289269b039bba117.rmeta --extern mio=/evidence/target/debug/deps/libmio-6deeece5184d3642.rmeta --extern pin_project_lite=/evidence/target/debug/deps/libpin_project_lite-128b649650ae9fd2.rmeta --extern signal_hook_registry=/evidence/target/debug/deps/libsignal_hook_registry-9e48a56de7ca3294.rmeta --extern tokio_macros=/evidence/target/debug/deps/libtokio_macros-fb39fdc61eb79b49.so --cap-lints warn`
 INFO rustc_metadata::locator lib candidate: /usr/local/rustup/toolchains/1.98.1-aarch64-unknown-linux-gnu/lib/rustlib/aarch64-unknown-linux-gnu/lib/libstd-96c9fe7a07d47cf2.rlib
 INFO rustc_metadata::locator lib candidate: /usr/local/rustup/toolchains/1.98.1-aarch64-unknown-linux-gnu/lib/rustlib/aarch64-unknown-linux-gnu/lib/libstd_detect-744cebc7daba8a68.rlib
 INFO rustc_metadata::locator lib candidate: /usr/local/rustup/toolchains/1.98.1-aarch64-unknown-linux-gnu/lib/rustlib/aarch64-unknown-linux-gnu/lib/libstd-96c9fe7a07d47cf2.rmeta
 INFO rustc_metadata::locator lib candidate: /usr/local/rustup/toolchains/1.98.1-aarch64-unknown-linux-gnu/lib/rustlib/aarch64-unknown-linux-gnu/lib/libstd_detect-744cebc7daba8a68.rmeta
 INFO rustc_metadata::locator lib candidate: /usr/local/rustup/toolchains/1.98.1-aarch64-unknown-linux-gnu/lib/rustlib/aarch64-unknown-linux-gnu/lib/libstd-96c9fe7a07d47cf2.so
 INFO rustc_metadata::locator rmeta reading metadata from: /usr/local/rustup/toolchains/1.98.1-aarch64-unknown-linux-gnu/lib/rustlib/aarch64-unknown-linux-gnu/lib/libstd-96c9fe7a07d47cf2.rmeta
 INFO rustc_metadata::locator rmeta reading metadata from: /usr/local/rustup/toolchains/1.98.1-aarch64-unknown-linux-gnu/lib/rustlib/aarch64-unknown-linux-gnu/lib/libstd_detect-744cebc7daba8a68.rmeta
 INFO rustc_metadata::locator Rejecting via crate name
 INFO rustc_metadata::locator metadata mismatch
 INFO rustc_metadata::locator rlib reading metadata from: /usr/local/rustup/toolchains/1.98.1-aarch64-unknown-linux-gnu/lib/rustlib/aarch64-unknown-linux-gnu/lib/libstd_detect-744cebc7daba8a68.rlib
 INFO rustc_metadata::locator Rejecting via crate name
 INFO rustc_metadata::locator metadata mismatch
 INFO rustc_metadata::locator lib candidate: /usr/local/rustup/toolchains/1.98.1-aarch64-unknown-linux-gnu/lib/rustlib/aarch64-unknown-linux-gnu/lib/libcore-276de952897abe1c.rlib
 INFO rustc_metadata::locator lib candidate: /usr/local/rustup/toolchains/1.98.1-aarch64-unknown-linux-gnu/lib/rustlib/aarch64-unknown-linux-gnu/lib/libcore-276de952897abe1c.rmeta
 INFO rustc_metadata::locator rmeta reading metadata from: /usr/local/rustup/toolchains/1.98.1-aarch64-unknown-linux-gnu/lib/rustlib/aarch64-unknown-linux-gnu/lib/libcore-276de952897abe1c.rmeta
 INFO rustc_metadata::locator lib candidate: /usr/local/rustup/toolchains/1.98.1-aarch64-unknown-linux-gnu/lib/rustlib/aarch64-unknown-linux-gnu/lib/liballoc-5ed91a8779ad9241.rlib
 INFO rustc_metadata::locator lib candidate: /usr/local/rustup/toolchains/1.98.1-aarch64-unknown-linux-gnu/lib/rustlib/aarch64-unknown-linux-gnu/lib/liballoc-5ed91a8779ad9241.rmeta
 INFO rustc_metadata::locator rmeta reading metadata from: /usr/local/rustup/toolchains/1.98.1-aarch64-unknown-linux-gnu/lib/rustlib/aarch64-unknown-linux-gnu/lib/liballoc-5ed91a8779ad9241.rmeta
 INFO rustc_metadata::locator lib candidate: /usr/local/rustup/toolchains/1.98.1-aarch64-unknown-linux-gnu/lib/rustlib/aarch64-unknown-linux-gnu/lib/libcompiler_builtins-bd0d6dc1a63d46e8.rlib
 INFO rustc_metadata::locator lib candidate: /usr/local/rustup/toolchains/1.98.1-aarch64-unknown-linux-gnu/lib/rustlib/aarch64-unknown-linux-gnu/lib/libcompiler_builtins-bd0d6dc1a63d46e8.rmeta
 INFO rustc_metadata::locator rmeta reading metadata from: /usr/local/rustup/toolchains/1.98.1-aarch64-unknown-linux-gnu/lib/rustlib/aarch64-unknown-linux-gnu/lib/libcompiler_builtins-bd0d6dc1a63d46e8.rmeta
 INFO rustc_metadata::locator lib candidate: /usr/local/rustup/toolchains/1.98.1-aarch64-unknown-linux-gnu/lib/rustlib/aarch64-unknown-linux-gnu/lib/liblibc-d4267515c636bbd5.rlib
 INFO rustc_metadata::locator lib candidate: /usr/local/rustup/toolchains/1.98.1-aarch64-unknown-linux-gnu/lib/rustlib/aarch64-unknown-linux-gnu/lib/liblibc-d4267515c636bbd5.rmeta
 INFO rustc_metadata::locator rmeta reading metadata from: /usr/local/rustup/toolchains/1.98.1-aarch64-unknown-linux-gnu/lib/rustlib/aarch64-unknown-linux-gnu/lib/liblibc-d4267515c636bbd5.rmeta
 INFO rustc_metadata::locator lib candidate: /usr/local/rustup/toolchains/1.98.1-aarch64-unknown-linux-gnu/lib/rustlib/aarch64-unknown-linux-gnu/lib/librustc_std_workspace_core-60f5aed5b0be39ba.rlib
 INFO rustc_metadata::locator lib candidate: /usr/local/rustup/toolchains/1.98.1-aarch64-unknown-linux-gnu/lib/rustlib/aarch64-unknown-linux-gnu/lib/librustc_std_workspace_core-60f5aed5b0be39ba.rmeta
 INFO rustc_metadata::locator rmeta reading metadata from: /usr/local/rustup/toolchains/1.98.1-aarch64-unknown-linux-gnu/lib/rustlib/aarch64-unknown-linux-gnu/lib/librustc_std_workspace_core-60f5aed5b0be39ba.rmeta
 INFO rustc_metadata::locator lib candidate: /usr/local/rustup/toolchains/1.98.1-aarch64-unknown-linux-gnu/lib/rustlib/aarch64-unknown-linux-gnu/lib/libunwind-0d91334590e8fac0.rlib
 INFO rustc_metadata::locator lib candidate: /usr/local/rustup/toolchains/1.98.1-aarch64-unknown-linux-gnu/lib/rustlib/aarch64-unknown-linux-gnu/lib/libunwind-0d91334590e8fac0.rmeta
 INFO rustc_metadata::locator rmeta reading metadata from: /usr/local/rustup/toolchains/1.98.1-aarch64-unknown-linux-gnu/lib/rustlib/aarch64-unknown-linux-gnu/lib/libunwind-0d91334590e8fac0.rmeta
 INFO rustc_metadata::locator lib candidate: /usr/local/rustup/toolchains/1.98.1-aarch64-unknown-linux-gnu/lib/rustlib/aarch64-unknown-linux-gnu/lib/libminiz_oxide-fd627a3cab0f8638.rlib
 INFO rustc_metadata::locator lib candidate: /usr/local/rustup/toolchains/1.98.1-aarch64-unknown-linux-gnu/lib/rustlib/aarch64-unknown-linux-gnu/lib/libminiz_oxide-fd627a3cab0f8638.rmeta
 INFO rustc_metadata::locator rmeta reading metadata from: /usr/local/rustup/toolchains/1.98.1-aarch64-unknown-linux-gnu/lib/rustlib/aarch64-unknown-linux-gnu/lib/libminiz_oxide-fd627a3cab0f8638.rmeta
 INFO rustc_metadata::locator lib candidate: /usr/local/rustup/toolchains/1.98.1-aarch64-unknown-linux-gnu/lib/rustlib/aarch64-unknown-linux-gnu/lib/libadler2-49f29a8856c93b22.rlib
 INFO rustc_metadata::locator lib candidate: /usr/local/rustup/toolchains/1.98.1-aarch64-unknown-linux-gnu/lib/rustlib/aarch64-unknown-linux-gnu/lib/libadler2-49f29a8856c93b22.rmeta
 INFO rustc_metadata::locator rmeta reading metadata from: /usr/local/rustup/toolchains/1.98.1-aarch64-unknown-linux-gnu/lib/rustlib/aarch64-unknown-linux-gnu/lib/libadler2-49f29a8856c93b22.rmeta
 INFO rustc_metadata::locator lib candidate: /usr/local/rustup/toolchains/1.98.1-aarch64-unknown-linux-gnu/lib/rustlib/aarch64-unknown-linux-gnu/lib/libhashbrown-59d69e789b093c2f.rlib
 INFO rustc_metadata::locator lib candidate: /usr/local/rustup/toolchains/1.98.1-aarch64-unknown-linux-gnu/lib/rustlib/aarch64-unknown-linux-gnu/lib/libhashbrown-59d69e789b093c2f.rmeta
 INFO rustc_metadata::locator rmeta reading metadata from: /usr/local/rustup/toolchains/1.98.1-aarch64-unknown-linux-gnu/lib/rustlib/aarch64-unknown-linux-gnu/lib/libhashbrown-59d69e789b093c2f.rmeta
 INFO rustc_metadata::locator lib candidate: /usr/local/rustup/toolchains/1.98.1-aarch64-unknown-linux-gnu/lib/rustlib/aarch64-unknown-linux-gnu/lib/librustc_std_workspace_alloc-21af30201253cbfb.rlib
 INFO rustc_metadata::locator lib candidate: /usr/local/rustup/toolchains/1.98.1-aarch64-unknown-linux-gnu/lib/rustlib/aarch64-unknown-linux-gnu/lib/librustc_std_workspace_alloc-21af30201253cbfb.rmeta
 INFO rustc_metadata::locator rmeta reading metadata from: /usr/local/rustup/toolchains/1.98.1-aarch64-unknown-linux-gnu/lib/rustlib/aarch64-unknown-linux-gnu/lib/librustc_std_workspace_alloc-21af30201253cbfb.rmeta
 INFO rustc_metadata::locator lib candidate: /usr/local/rustup/toolchains/1.98.1-aarch64-unknown-linux-gnu/lib/rustlib/aarch64-unknown-linux-gnu/lib/libstd_detect-744cebc7daba8a68.rlib
 INFO rustc_metadata::locator lib candidate: /usr/local/rustup/toolchains/1.98.1-aarch64-unknown-linux-gnu/lib/rustlib/aarch64-unknown-linux-gnu/lib/libstd_detect-744cebc7daba8a68.rmeta
 INFO rustc_metadata::locator rmeta reading metadata from: /usr/local/rustup/toolchains/1.98.1-aarch64-unknown-linux-gnu/lib/rustlib/aarch64-unknown-linux-gnu/lib/libstd_detect-744cebc7daba8a68.rmeta
 INFO rustc_metadata::locator lib candidate: /usr/local/rustup/toolchains/1.98.1-aarch64-unknown-linux-gnu/lib/rustlib/aarch64-unknown-linux-gnu/lib/librustc_demangle-4f11a1d3df1ceb19.rlib
 INFO rustc_metadata::locator lib candidate: /usr/local/rustup/toolchains/1.98.1-aarch64-unknown-linux-gnu/lib/rustlib/aarch64-unknown-linux-gnu/lib/librustc_demangle-4f11a1d3df1ceb19.rmeta
 INFO rustc_metadata::locator rmeta reading metadata from: /usr/local/rustup/toolchains/1.98.1-aarch64-unknown-linux-gnu/lib/rustlib/aarch64-unknown-linux-gnu/lib/librustc_demangle-4f11a1d3df1ceb19.rmeta
 INFO rustc_metadata::locator lib candidate: /usr/local/rustup/toolchains/1.98.1-aarch64-unknown-linux-gnu/lib/rustlib/aarch64-unknown-linux-gnu/lib/libcfg_if-4cb5d4e7ecc5ab9b.rlib
 INFO rustc_metadata::locator lib candidate: /usr/local/rustup/toolchains/1.98.1-aarch64-unknown-linux-gnu/lib/rustlib/aarch64-unknown-linux-gnu/lib/libcfg_if-4cb5d4e7ecc5ab9b.rmeta
 INFO rustc_metadata::locator rmeta reading metadata from: /usr/local/rustup/toolchains/1.98.1-aarch64-unknown-linux-gnu/lib/rustlib/aarch64-unknown-linux-gnu/lib/libcfg_if-4cb5d4e7ecc5ab9b.rmeta
 INFO rustc_metadata::locator lib candidate: /usr/local/rustup/toolchains/1.98.1-aarch64-unknown-linux-gnu/lib/rustlib/aarch64-unknown-linux-gnu/lib/libaddr2line-c9b51fa144ecb69d.rlib
 INFO rustc_metadata::locator lib candidate: /usr/local/rustup/toolchains/1.98.1-aarch64-unknown-linux-gnu/lib/rustlib/aarch64-unknown-linux-gnu/lib/libaddr2line-c9b51fa144ecb69d.rmeta
 INFO rustc_metadata::locator rmeta reading metadata from: /usr/local/rustup/toolchains/1.98.1-aarch64-unknown-linux-gnu/lib/rustlib/aarch64-unknown-linux-gnu/lib/libaddr2line-c9b51fa144ecb69d.rmeta
 INFO rustc_metadata::locator lib candidate: /usr/local/rustup/toolchains/1.98.1-aarch64-unknown-linux-gnu/lib/rustlib/aarch64-unknown-linux-gnu/lib/libgimli-f28aeee62441776d.rlib
 INFO rustc_metadata::locator lib candidate: /usr/local/rustup/toolchains/1.98.1-aarch64-unknown-linux-gnu/lib/rustlib/aarch64-unknown-linux-gnu/lib/libgimli-f28aeee62441776d.rmeta
 INFO rustc_metadata::locator rmeta reading metadata from: /usr/local/rustup/toolchains/1.98.1-aarch64-unknown-linux-gnu/lib/rustlib/aarch64-unknown-linux-gnu/lib/libgimli-f28aeee62441776d.rmeta
 INFO rustc_metadata::locator lib candidate: /usr/local/rustup/toolchains/1.98.1-aarch64-unknown-linux-gnu/lib/rustlib/aarch64-unknown-linux-gnu/lib/libobject-d659ca1c4445f0ff.rlib
 INFO rustc_metadata::locator lib candidate: /usr/local/rustup/toolchains/1.98.1-aarch64-unknown-linux-gnu/lib/rustlib/aarch64-unknown-linux-gnu/lib/libobject-d659ca1c4445f0ff.rmeta
 INFO rustc_metadata::locator rmeta reading metadata from: /usr/local/rustup/toolchains/1.98.1-aarch64-unknown-linux-gnu/lib/rustlib/aarch64-unknown-linux-gnu/lib/libobject-d659ca1c4445f0ff.rmeta
 INFO rustc_metadata::locator lib candidate: /usr/local/rustup/toolchains/1.98.1-aarch64-unknown-linux-gnu/lib/rustlib/aarch64-unknown-linux-gnu/lib/libmemchr-740af70dcfdcb340.rlib
 INFO rustc_metadata::locator lib candidate: /usr/local/rustup/toolchains/1.98.1-aarch64-unknown-linux-gnu/lib/rustlib/aarch64-unknown-linux-gnu/lib/libmemchr-740af70dcfdcb340.rmeta
 INFO rustc_metadata::locator rmeta reading metadata from: /usr/local/rustup/toolchains/1.98.1-aarch64-unknown-linux-gnu/lib/rustlib/aarch64-unknown-linux-gnu/lib/libmemchr-740af70dcfdcb340.rmeta
 INFO rustc_metadata::locator lib candidate: /usr/local/rustup/toolchains/1.98.1-aarch64-unknown-linux-gnu/lib/rustlib/aarch64-unknown-linux-gnu/lib/libpanic_unwind-84356f769662edfe.rlib
 INFO rustc_metadata::locator lib candidate: /usr/local/rustup/toolchains/1.98.1-aarch64-unknown-linux-gnu/lib/rustlib/aarch64-unknown-linux-gnu/lib/libpanic_unwind-84356f769662edfe.rmeta
 INFO rustc_metadata::locator rmeta reading metadata from: /usr/local/rustup/toolchains/1.98.1-aarch64-unknown-linux-gnu/lib/rustlib/aarch64-unknown-linux-gnu/lib/libpanic_unwind-84356f769662edfe.rmeta
 INFO rustc_metadata::locator lib candidate: /usr/local/rustup/toolchains/1.98.1-aarch64-unknown-linux-gnu/lib/rustlib/aarch64-unknown-linux-gnu/lib/libstd-96c9fe7a07d47cf2.rlib
 INFO rustc_metadata::locator lib candidate: /usr/local/rustup/toolchains/1.98.1-aarch64-unknown-linux-gnu/lib/rustlib/aarch64-unknown-linux-gnu/lib/libstd_detect-744cebc7daba8a68.rlib
 INFO rustc_metadata::locator lib candidate: /usr/local/rustup/toolchains/1.98.1-aarch64-unknown-linux-gnu/lib/rustlib/aarch64-unknown-linux-gnu/lib/libstd-96c9fe7a07d47cf2.rmeta
 INFO rustc_metadata::locator lib candidate: /usr/local/rustup/toolchains/1.98.1-aarch64-unknown-linux-gnu/lib/rustlib/aarch64-unknown-linux-gnu/lib/libstd_detect-744cebc7daba8a68.rmeta
 INFO rustc_metadata::locator lib candidate: /usr/local/rustup/toolchains/1.98.1-aarch64-unknown-linux-gnu/lib/rustlib/aarch64-unknown-linux-gnu/lib/libstd-96c9fe7a07d47cf2.so
 INFO rustc_metadata::locator rmeta reading metadata from: /usr/local/rustup/toolchains/1.98.1-aarch64-unknown-linux-gnu/lib/rustlib/aarch64-unknown-linux-gnu/lib/libstd-96c9fe7a07d47cf2.rmeta
 INFO rustc_metadata::locator rmeta reading metadata from: /usr/local/rustup/toolchains/1.98.1-aarch64-unknown-linux-gnu/lib/rustlib/aarch64-unknown-linux-gnu/lib/libstd_detect-744cebc7daba8a68.rmeta
 INFO rustc_metadata::locator Rejecting via crate name
 INFO rustc_metadata::locator metadata mismatch
 INFO rustc_metadata::locator rlib reading metadata from: /usr/local/rustup/toolchains/1.98.1-aarch64-unknown-linux-gnu/lib/rustlib/aarch64-unknown-linux-gnu/lib/libstd_detect-744cebc7daba8a68.rlib
 INFO rustc_metadata::locator Rejecting via crate name
 INFO rustc_metadata::locator metadata mismatch
 INFO rustc_metadata::locator rmeta reading metadata from: /evidence/target/debug/deps/libpin_project_lite-128b649650ae9fd2.rmeta
 INFO rustc_metadata::locator lib candidate: /usr/local/rustup/toolchains/1.98.1-aarch64-unknown-linux-gnu/lib/rustlib/aarch64-unknown-linux-gnu/lib/libcore-276de952897abe1c.rlib
 INFO rustc_metadata::locator lib candidate: /usr/local/rustup/toolchains/1.98.1-aarch64-unknown-linux-gnu/lib/rustlib/aarch64-unknown-linux-gnu/lib/libcore-276de952897abe1c.rmeta
 INFO rustc_metadata::locator rmeta reading metadata from: /usr/local/rustup/toolchains/1.98.1-aarch64-unknown-linux-gnu/lib/rustlib/aarch64-unknown-linux-gnu/lib/libcore-276de952897abe1c.rmeta
 INFO rustc_metadata::locator rmeta reading metadata from: /evidence/target/debug/deps/libmio-6deeece5184d3642.rmeta
 INFO rustc_metadata::locator lib candidate: /evidence/target/debug/deps/liblibc-289269b039bba117.rlib
 INFO rustc_metadata::locator lib candidate: /evidence/target/debug/deps/liblibc-289269b039bba117.rmeta
 INFO rustc_metadata::locator rmeta reading metadata from: /evidence/target/debug/deps/liblibc-289269b039bba117.rmeta
 INFO rustc_metadata::locator dylib reading metadata from: /evidence/target/debug/deps/libtokio_macros-fb39fdc61eb79b49.so
 INFO rustc_metadata::locator Rejecting via proc macro: expected false got true
 INFO rustc_metadata::locator metadata mismatch
 INFO rustc_metadata::locator dylib reading metadata from: /evidence/target/debug/deps/libtokio_macros-fb39fdc61eb79b49.so
 INFO rustc_metadata::locator lib candidate: /usr/local/rustup/toolchains/1.98.1-aarch64-unknown-linux-gnu/lib/rustlib/aarch64-unknown-linux-gnu/lib/libstd-96c9fe7a07d47cf2.rlib
 INFO rustc_metadata::locator lib candidate: /usr/local/rustup/toolchains/1.98.1-aarch64-unknown-linux-gnu/lib/rustlib/aarch64-unknown-linux-gnu/lib/libstd_detect-744cebc7daba8a68.rlib
 INFO rustc_metadata::locator lib candidate: /usr/local/rustup/toolchains/1.98.1-aarch64-unknown-linux-gnu/lib/rustlib/aarch64-unknown-linux-gnu/lib/libstd-96c9fe7a07d47cf2.rmeta
 INFO rustc_metadata::locator lib candidate: /usr/local/rustup/toolchains/1.98.1-aarch64-unknown-linux-gnu/lib/rustlib/aarch64-unknown-linux-gnu/lib/libstd_detect-744cebc7daba8a68.rmeta
 INFO rustc_metadata::locator lib candidate: /usr/local/rustup/toolchains/1.98.1-aarch64-unknown-linux-gnu/lib/rustlib/aarch64-unknown-linux-gnu/lib/libstd-96c9fe7a07d47cf2.so
 INFO rustc_metadata::locator rmeta reading metadata from: /usr/local/rustup/toolchains/1.98.1-aarch64-unknown-linux-gnu/lib/rustlib/aarch64-unknown-linux-gnu/lib/libstd-96c9fe7a07d47cf2.rmeta
 INFO rustc_metadata::locator rmeta reading metadata from: /usr/local/rustup/toolchains/1.98.1-aarch64-unknown-linux-gnu/lib/rustlib/aarch64-unknown-linux-gnu/lib/libstd_detect-744cebc7daba8a68.rmeta
 INFO rustc_metadata::locator Rejecting via crate name
 INFO rustc_metadata::locator metadata mismatch
 INFO rustc_metadata::locator rlib reading metadata from: /usr/local/rustup/toolchains/1.98.1-aarch64-unknown-linux-gnu/lib/rustlib/aarch64-unknown-linux-gnu/lib/libstd_detect-744cebc7daba8a68.rlib
 INFO rustc_metadata::locator Rejecting via crate name
 INFO rustc_metadata::locator metadata mismatch
 INFO rustc_metadata::locator rmeta reading metadata from: /evidence/target/debug/deps/libpin_project_lite-128b649650ae9fd2.rmeta
 INFO rustc_metadata::locator lib candidate: /usr/local/rustup/toolchains/1.98.1-aarch64-unknown-linux-gnu/lib/rustlib/aarch64-unknown-linux-gnu/lib/libcore-276de952897abe1c.rlib
 INFO rustc_metadata::locator lib candidate: /usr/local/rustup/toolchains/1.98.1-aarch64-unknown-linux-gnu/lib/rustlib/aarch64-unknown-linux-gnu/lib/libcore-276de952897abe1c.rmeta
 INFO rustc_metadata::locator rmeta reading metadata from: /usr/local/rustup/toolchains/1.98.1-aarch64-unknown-linux-gnu/lib/rustlib/aarch64-unknown-linux-gnu/lib/libcore-276de952897abe1c.rmeta
 INFO rustc_metadata::locator rmeta reading metadata from: /evidence/target/debug/deps/libmio-6deeece5184d3642.rmeta
 INFO rustc_metadata::locator dylib reading metadata from: /evidence/target/debug/deps/libtokio_macros-fb39fdc61eb79b49.so
 INFO rustc_metadata::locator Rejecting via proc macro: expected false got true
 INFO rustc_metadata::locator metadata mismatch
 INFO rustc_metadata::locator dylib reading metadata from: /evidence/target/debug/deps/libtokio_macros-fb39fdc61eb79b49.so
 INFO rustc_metadata::locator rmeta reading metadata from: /evidence/target/debug/deps/liblibc-289269b039bba117.rmeta
 INFO rustc_metadata::locator rmeta reading metadata from: /evidence/target/debug/deps/libsignal_hook_registry-9e48a56de7ca3294.rmeta
 INFO rustc_metadata::locator lib candidate: /evidence/target/debug/deps/liberrno-a38fc325b291caf3.rlib
 INFO rustc_metadata::locator lib candidate: /evidence/target/debug/deps/liberrno-a38fc325b291caf3.rmeta
 INFO rustc_metadata::locator rmeta reading metadata from: /evidence/target/debug/deps/liberrno-a38fc325b291caf3.rmeta
   Compiling thiserror v2.0.20
     Running `CARGO=/usr/local/rustup/toolchains/1.98.1-aarch64-unknown-linux-gnu/bin/cargo CARGO_CRATE_NAME=thiserror CARGO_MANIFEST_DIR=/evidence/cargo-home/registry/src/index.crates.io-1949cf8c6b5b557f/thiserror-2.0.20 CARGO_MANIFEST_PATH=/evidence/cargo-home/registry/src/index.crates.io-1949cf8c6b5b557f/thiserror-2.0.20/Cargo.toml CARGO_PKG_AUTHORS='David Tolnay <dtolnay@gmail.com>' CARGO_PKG_DESCRIPTION='derive(Error)' CARGO_PKG_HOMEPAGE='' CARGO_PKG_LICENSE='MIT OR Apache-2.0' CARGO_PKG_LICENSE_FILE='' CARGO_PKG_NAME=thiserror CARGO_PKG_README=README.md CARGO_PKG_REPOSITORY='https://github.com/dtolnay/thiserror' CARGO_PKG_RUST_VERSION=1.71 CARGO_PKG_VERSION=2.0.20 CARGO_PKG_VERSION_MAJOR=2 CARGO_PKG_VERSION_MINOR=0 CARGO_PKG_VERSION_PATCH=20 CARGO_PKG_VERSION_PRE='' LD_LIBRARY_PATH='/evidence/target/debug/deps:/usr/local/rustup/toolchains/1.98.1-aarch64-unknown-linux-gnu/lib' OUT_DIR=/evidence/target/debug/build/thiserror-f3020a75b7327350/out /usr/local/rustup/toolchains/1.98.1-aarch64-unknown-linux-gnu/bin/rustc --crate-name thiserror --edition=2021 /evidence/cargo-home/registry/src/index.crates.io-1949cf8c6b5b557f/thiserror-2.0.20/src/lib.rs --error-format=json --json=diagnostic-rendered-ansi,artifacts,future-incompat --crate-type lib --emit=dep-info,metadata,link -C embed-bitcode=no -C debuginfo=2 --cfg 'feature="default"' --cfg 'feature="std"' --check-cfg 'cfg(docsrs,test)' --check-cfg 'cfg(feature, values("default", "std"))' -C metadata=f9e9c059d686adb5 -C extra-filename=-07e31c065c104b48 --out-dir /evidence/target/debug/deps -L dependency=/evidence/target/debug/deps --extern thiserror_impl=/evidence/target/debug/deps/libthiserror_impl-4595eaec74c6974c.so --cap-lints warn --check-cfg 'cfg(error_generic_member_access)' --check-cfg 'cfg(thiserror_nightly_testing)' --check-cfg 'cfg(thiserror_no_backtrace_type)'`
 INFO rustc_metadata::locator lib candidate: /usr/local/rustup/toolchains/1.98.1-aarch64-unknown-linux-gnu/lib/rustlib/aarch64-unknown-linux-gnu/lib/libcore-276de952897abe1c.rlib
 INFO rustc_metadata::locator lib candidate: /usr/local/rustup/toolchains/1.98.1-aarch64-unknown-linux-gnu/lib/rustlib/aarch64-unknown-linux-gnu/lib/libcore-276de952897abe1c.rmeta
 INFO rustc_metadata::locator rmeta reading metadata from: /usr/local/rustup/toolchains/1.98.1-aarch64-unknown-linux-gnu/lib/rustlib/aarch64-unknown-linux-gnu/lib/libcore-276de952897abe1c.rmeta
 INFO rustc_metadata::locator lib candidate: /usr/local/rustup/toolchains/1.98.1-aarch64-unknown-linux-gnu/lib/rustlib/aarch64-unknown-linux-gnu/lib/libstd-96c9fe7a07d47cf2.rlib
 INFO rustc_metadata::locator lib candidate: /usr/local/rustup/toolchains/1.98.1-aarch64-unknown-linux-gnu/lib/rustlib/aarch64-unknown-linux-gnu/lib/libstd_detect-744cebc7daba8a68.rlib
 INFO rustc_metadata::locator lib candidate: /usr/local/rustup/toolchains/1.98.1-aarch64-unknown-linux-gnu/lib/rustlib/aarch64-unknown-linux-gnu/lib/libstd-96c9fe7a07d47cf2.rmeta
 INFO rustc_metadata::locator lib candidate: /usr/local/rustup/toolchains/1.98.1-aarch64-unknown-linux-gnu/lib/rustlib/aarch64-unknown-linux-gnu/lib/libstd_detect-744cebc7daba8a68.rmeta
 INFO rustc_metadata::locator lib candidate: /usr/local/rustup/toolchains/1.98.1-aarch64-unknown-linux-gnu/lib/rustlib/aarch64-unknown-linux-gnu/lib/libstd-96c9fe7a07d47cf2.so
 INFO rustc_metadata::locator rmeta reading metadata from: /usr/local/rustup/toolchains/1.98.1-aarch64-unknown-linux-gnu/lib/rustlib/aarch64-unknown-linux-gnu/lib/libstd-96c9fe7a07d47cf2.rmeta
 INFO rustc_metadata::locator rmeta reading metadata from: /usr/local/rustup/toolchains/1.98.1-aarch64-unknown-linux-gnu/lib/rustlib/aarch64-unknown-linux-gnu/lib/libstd_detect-744cebc7daba8a68.rmeta
 INFO rustc_metadata::locator Rejecting via crate name
 INFO rustc_metadata::locator metadata mismatch
 INFO rustc_metadata::locator rlib reading metadata from: /usr/local/rustup/toolchains/1.98.1-aarch64-unknown-linux-gnu/lib/rustlib/aarch64-unknown-linux-gnu/lib/libstd_detect-744cebc7daba8a68.rlib
 INFO rustc_metadata::locator Rejecting via crate name
 INFO rustc_metadata::locator metadata mismatch
 INFO rustc_metadata::locator lib candidate: /usr/local/rustup/toolchains/1.98.1-aarch64-unknown-linux-gnu/lib/rustlib/aarch64-unknown-linux-gnu/lib/liballoc-5ed91a8779ad9241.rlib
 INFO rustc_metadata::locator lib candidate: /usr/local/rustup/toolchains/1.98.1-aarch64-unknown-linux-gnu/lib/rustlib/aarch64-unknown-linux-gnu/lib/liballoc-5ed91a8779ad9241.rmeta
 INFO rustc_metadata::locator rmeta reading metadata from: /usr/local/rustup/toolchains/1.98.1-aarch64-unknown-linux-gnu/lib/rustlib/aarch64-unknown-linux-gnu/lib/liballoc-5ed91a8779ad9241.rmeta
 INFO rustc_metadata::locator lib candidate: /usr/local/rustup/toolchains/1.98.1-aarch64-unknown-linux-gnu/lib/rustlib/aarch64-unknown-linux-gnu/lib/libcompiler_builtins-bd0d6dc1a63d46e8.rlib
 INFO rustc_metadata::locator lib candidate: /usr/local/rustup/toolchains/1.98.1-aarch64-unknown-linux-gnu/lib/rustlib/aarch64-unknown-linux-gnu/lib/libcompiler_builtins-bd0d6dc1a63d46e8.rmeta
 INFO rustc_metadata::locator rmeta reading metadata from: /usr/local/rustup/toolchains/1.98.1-aarch64-unknown-linux-gnu/lib/rustlib/aarch64-unknown-linux-gnu/lib/libcompiler_builtins-bd0d6dc1a63d46e8.rmeta
 INFO rustc_metadata::locator lib candidate: /usr/local/rustup/toolchains/1.98.1-aarch64-unknown-linux-gnu/lib/rustlib/aarch64-unknown-linux-gnu/lib/liblibc-d4267515c636bbd5.rlib
 INFO rustc_metadata::locator lib candidate: /usr/local/rustup/toolchains/1.98.1-aarch64-unknown-linux-gnu/lib/rustlib/aarch64-unknown-linux-gnu/lib/liblibc-d4267515c636bbd5.rmeta
 INFO rustc_metadata::locator rmeta reading metadata from: /usr/local/rustup/toolchains/1.98.1-aarch64-unknown-linux-gnu/lib/rustlib/aarch64-unknown-linux-gnu/lib/liblibc-d4267515c636bbd5.rmeta
 INFO rustc_metadata::locator lib candidate: /usr/local/rustup/toolchains/1.98.1-aarch64-unknown-linux-gnu/lib/rustlib/aarch64-unknown-linux-gnu/lib/librustc_std_workspace_core-60f5aed5b0be39ba.rlib
 INFO rustc_metadata::locator lib candidate: /usr/local/rustup/toolchains/1.98.1-aarch64-unknown-linux-gnu/lib/rustlib/aarch64-unknown-linux-gnu/lib/librustc_std_workspace_core-60f5aed5b0be39ba.rmeta
 INFO rustc_metadata::locator rmeta reading metadata from: /usr/local/rustup/toolchains/1.98.1-aarch64-unknown-linux-gnu/lib/rustlib/aarch64-unknown-linux-gnu/lib/librustc_std_workspace_core-60f5aed5b0be39ba.rmeta
 INFO rustc_metadata::locator lib candidate: /usr/local/rustup/toolchains/1.98.1-aarch64-unknown-linux-gnu/lib/rustlib/aarch64-unknown-linux-gnu/lib/libunwind-0d91334590e8fac0.rlib
 INFO rustc_metadata::locator lib candidate: /usr/local/rustup/toolchains/1.98.1-aarch64-unknown-linux-gnu/lib/rustlib/aarch64-unknown-linux-gnu/lib/libunwind-0d91334590e8fac0.rmeta
 INFO rustc_metadata::locator rmeta reading metadata from: /usr/local/rustup/toolchains/1.98.1-aarch64-unknown-linux-gnu/lib/rustlib/aarch64-unknown-linux-gnu/lib/libunwind-0d91334590e8fac0.rmeta
 INFO rustc_metadata::locator lib candidate: /usr/local/rustup/toolchains/1.98.1-aarch64-unknown-linux-gnu/lib/rustlib/aarch64-unknown-linux-gnu/lib/libminiz_oxide-fd627a3cab0f8638.rlib
 INFO rustc_metadata::locator lib candidate: /usr/local/rustup/toolchains/1.98.1-aarch64-unknown-linux-gnu/lib/rustlib/aarch64-unknown-linux-gnu/lib/libminiz_oxide-fd627a3cab0f8638.rmeta
 INFO rustc_metadata::locator rmeta reading metadata from: /usr/local/rustup/toolchains/1.98.1-aarch64-unknown-linux-gnu/lib/rustlib/aarch64-unknown-linux-gnu/lib/libminiz_oxide-fd627a3cab0f8638.rmeta
 INFO rustc_metadata::locator lib candidate: /usr/local/rustup/toolchains/1.98.1-aarch64-unknown-linux-gnu/lib/rustlib/aarch64-unknown-linux-gnu/lib/libadler2-49f29a8856c93b22.rlib
 INFO rustc_metadata::locator lib candidate: /usr/local/rustup/toolchains/1.98.1-aarch64-unknown-linux-gnu/lib/rustlib/aarch64-unknown-linux-gnu/lib/libadler2-49f29a8856c93b22.rmeta
 INFO rustc_metadata::locator rmeta reading metadata from: /usr/local/rustup/toolchains/1.98.1-aarch64-unknown-linux-gnu/lib/rustlib/aarch64-unknown-linux-gnu/lib/libadler2-49f29a8856c93b22.rmeta
 INFO rustc_metadata::locator lib candidate: /usr/local/rustup/toolchains/1.98.1-aarch64-unknown-linux-gnu/lib/rustlib/aarch64-unknown-linux-gnu/lib/libhashbrown-59d69e789b093c2f.rlib
 INFO rustc_metadata::locator lib candidate: /usr/local/rustup/toolchains/1.98.1-aarch64-unknown-linux-gnu/lib/rustlib/aarch64-unknown-linux-gnu/lib/libhashbrown-59d69e789b093c2f.rmeta
 INFO rustc_metadata::locator rmeta reading metadata from: /usr/local/rustup/toolchains/1.98.1-aarch64-unknown-linux-gnu/lib/rustlib/aarch64-unknown-linux-gnu/lib/libhashbrown-59d69e789b093c2f.rmeta
 INFO rustc_metadata::locator lib candidate: /usr/local/rustup/toolchains/1.98.1-aarch64-unknown-linux-gnu/lib/rustlib/aarch64-unknown-linux-gnu/lib/librustc_std_workspace_alloc-21af30201253cbfb.rlib
 INFO rustc_metadata::locator lib candidate: /usr/local/rustup/toolchains/1.98.1-aarch64-unknown-linux-gnu/lib/rustlib/aarch64-unknown-linux-gnu/lib/librustc_std_workspace_alloc-21af30201253cbfb.rmeta
 INFO rustc_metadata::locator rmeta reading metadata from: /usr/local/rustup/toolchains/1.98.1-aarch64-unknown-linux-gnu/lib/rustlib/aarch64-unknown-linux-gnu/lib/librustc_std_workspace_alloc-21af30201253cbfb.rmeta
 INFO rustc_metadata::locator lib candidate: /usr/local/rustup/toolchains/1.98.1-aarch64-unknown-linux-gnu/lib/rustlib/aarch64-unknown-linux-gnu/lib/libstd_detect-744cebc7daba8a68.rlib
 INFO rustc_metadata::locator lib candidate: /usr/local/rustup/toolchains/1.98.1-aarch64-unknown-linux-gnu/lib/rustlib/aarch64-unknown-linux-gnu/lib/libstd_detect-744cebc7daba8a68.rmeta
 INFO rustc_metadata::locator rmeta reading metadata from: /usr/local/rustup/toolchains/1.98.1-aarch64-unknown-linux-gnu/lib/rustlib/aarch64-unknown-linux-gnu/lib/libstd_detect-744cebc7daba8a68.rmeta
 INFO rustc_metadata::locator lib candidate: /usr/local/rustup/toolchains/1.98.1-aarch64-unknown-linux-gnu/lib/rustlib/aarch64-unknown-linux-gnu/lib/librustc_demangle-4f11a1d3df1ceb19.rlib
 INFO rustc_metadata::locator lib candidate: /usr/local/rustup/toolchains/1.98.1-aarch64-unknown-linux-gnu/lib/rustlib/aarch64-unknown-linux-gnu/lib/librustc_demangle-4f11a1d3df1ceb19.rmeta
 INFO rustc_metadata::locator rmeta reading metadata from: /usr/local/rustup/toolchains/1.98.1-aarch64-unknown-linux-gnu/lib/rustlib/aarch64-unknown-linux-gnu/lib/librustc_demangle-4f11a1d3df1ceb19.rmeta
 INFO rustc_metadata::locator lib candidate: /usr/local/rustup/toolchains/1.98.1-aarch64-unknown-linux-gnu/lib/rustlib/aarch64-unknown-linux-gnu/lib/libcfg_if-4cb5d4e7ecc5ab9b.rlib
 INFO rustc_metadata::locator lib candidate: /usr/local/rustup/toolchains/1.98.1-aarch64-unknown-linux-gnu/lib/rustlib/aarch64-unknown-linux-gnu/lib/libcfg_if-4cb5d4e7ecc5ab9b.rmeta
 INFO rustc_metadata::locator rmeta reading metadata from: /usr/local/rustup/toolchains/1.98.1-aarch64-unknown-linux-gnu/lib/rustlib/aarch64-unknown-linux-gnu/lib/libcfg_if-4cb5d4e7ecc5ab9b.rmeta
 INFO rustc_metadata::locator lib candidate: /usr/local/rustup/toolchains/1.98.1-aarch64-unknown-linux-gnu/lib/rustlib/aarch64-unknown-linux-gnu/lib/libaddr2line-c9b51fa144ecb69d.rlib
 INFO rustc_metadata::locator lib candidate: /usr/local/rustup/toolchains/1.98.1-aarch64-unknown-linux-gnu/lib/rustlib/aarch64-unknown-linux-gnu/lib/libaddr2line-c9b51fa144ecb69d.rmeta
 INFO rustc_metadata::locator rmeta reading metadata from: /usr/local/rustup/toolchains/1.98.1-aarch64-unknown-linux-gnu/lib/rustlib/aarch64-unknown-linux-gnu/lib/libaddr2line-c9b51fa144ecb69d.rmeta
 INFO rustc_metadata::locator lib candidate: /usr/local/rustup/toolchains/1.98.1-aarch64-unknown-linux-gnu/lib/rustlib/aarch64-unknown-linux-gnu/lib/libgimli-f28aeee62441776d.rlib
 INFO rustc_metadata::locator lib candidate: /usr/local/rustup/toolchains/1.98.1-aarch64-unknown-linux-gnu/lib/rustlib/aarch64-unknown-linux-gnu/lib/libgimli-f28aeee62441776d.rmeta
 INFO rustc_metadata::locator rmeta reading metadata from: /usr/local/rustup/toolchains/1.98.1-aarch64-unknown-linux-gnu/lib/rustlib/aarch64-unknown-linux-gnu/lib/libgimli-f28aeee62441776d.rmeta
 INFO rustc_metadata::locator lib candidate: /usr/local/rustup/toolchains/1.98.1-aarch64-unknown-linux-gnu/lib/rustlib/aarch64-unknown-linux-gnu/lib/libobject-d659ca1c4445f0ff.rlib
 INFO rustc_metadata::locator lib candidate: /usr/local/rustup/toolchains/1.98.1-aarch64-unknown-linux-gnu/lib/rustlib/aarch64-unknown-linux-gnu/lib/libobject-d659ca1c4445f0ff.rmeta
 INFO rustc_metadata::locator rmeta reading metadata from: /usr/local/rustup/toolchains/1.98.1-aarch64-unknown-linux-gnu/lib/rustlib/aarch64-unknown-linux-gnu/lib/libobject-d659ca1c4445f0ff.rmeta
 INFO rustc_metadata::locator lib candidate: /usr/local/rustup/toolchains/1.98.1-aarch64-unknown-linux-gnu/lib/rustlib/aarch64-unknown-linux-gnu/lib/libmemchr-740af70dcfdcb340.rlib
 INFO rustc_metadata::locator lib candidate: /usr/local/rustup/toolchains/1.98.1-aarch64-unknown-linux-gnu/lib/rustlib/aarch64-unknown-linux-gnu/lib/libmemchr-740af70dcfdcb340.rmeta
 INFO rustc_metadata::locator rmeta reading metadata from: /usr/local/rustup/toolchains/1.98.1-aarch64-unknown-linux-gnu/lib/rustlib/aarch64-unknown-linux-gnu/lib/libmemchr-740af70dcfdcb340.rmeta
 INFO rustc_metadata::locator lib candidate: /usr/local/rustup/toolchains/1.98.1-aarch64-unknown-linux-gnu/lib/rustlib/aarch64-unknown-linux-gnu/lib/libpanic_unwind-84356f769662edfe.rlib
 INFO rustc_metadata::locator lib candidate: /usr/local/rustup/toolchains/1.98.1-aarch64-unknown-linux-gnu/lib/rustlib/aarch64-unknown-linux-gnu/lib/libpanic_unwind-84356f769662edfe.rmeta
 INFO rustc_metadata::locator rmeta reading metadata from: /usr/local/rustup/toolchains/1.98.1-aarch64-unknown-linux-gnu/lib/rustlib/aarch64-unknown-linux-gnu/lib/libpanic_unwind-84356f769662edfe.rmeta
 INFO rustc_metadata::locator lib candidate: /usr/local/rustup/toolchains/1.98.1-aarch64-unknown-linux-gnu/lib/rustlib/aarch64-unknown-linux-gnu/lib/libstd-96c9fe7a07d47cf2.rlib
 INFO rustc_metadata::locator lib candidate: /usr/local/rustup/toolchains/1.98.1-aarch64-unknown-linux-gnu/lib/rustlib/aarch64-unknown-linux-gnu/lib/libstd_detect-744cebc7daba8a68.rlib
 INFO rustc_metadata::locator lib candidate: /usr/local/rustup/toolchains/1.98.1-aarch64-unknown-linux-gnu/lib/rustlib/aarch64-unknown-linux-gnu/lib/libstd-96c9fe7a07d47cf2.rmeta
 INFO rustc_metadata::locator lib candidate: /usr/local/rustup/toolchains/1.98.1-aarch64-unknown-linux-gnu/lib/rustlib/aarch64-unknown-linux-gnu/lib/libstd_detect-744cebc7daba8a68.rmeta
 INFO rustc_metadata::locator lib candidate: /usr/local/rustup/toolchains/1.98.1-aarch64-unknown-linux-gnu/lib/rustlib/aarch64-unknown-linux-gnu/lib/libstd-96c9fe7a07d47cf2.so
 INFO rustc_metadata::locator rmeta reading metadata from: /usr/local/rustup/toolchains/1.98.1-aarch64-unknown-linux-gnu/lib/rustlib/aarch64-unknown-linux-gnu/lib/libstd-96c9fe7a07d47cf2.rmeta
 INFO rustc_metadata::locator rmeta reading metadata from: /usr/local/rustup/toolchains/1.98.1-aarch64-unknown-linux-gnu/lib/rustlib/aarch64-unknown-linux-gnu/lib/libstd_detect-744cebc7daba8a68.rmeta
 INFO rustc_metadata::locator Rejecting via crate name
 INFO rustc_metadata::locator metadata mismatch
 INFO rustc_metadata::locator rlib reading metadata from: /usr/local/rustup/toolchains/1.98.1-aarch64-unknown-linux-gnu/lib/rustlib/aarch64-unknown-linux-gnu/lib/libstd_detect-744cebc7daba8a68.rlib
 INFO rustc_metadata::locator Rejecting via crate name
 INFO rustc_metadata::locator metadata mismatch
 INFO rustc_metadata::locator dylib reading metadata from: /evidence/target/debug/deps/libthiserror_impl-4595eaec74c6974c.so
 INFO rustc_metadata::locator Rejecting via proc macro: expected false got true
 INFO rustc_metadata::locator metadata mismatch
 INFO rustc_metadata::locator dylib reading metadata from: /evidence/target/debug/deps/libthiserror_impl-4595eaec74c6974c.so
 INFO rustc_metadata::locator lib candidate: /usr/local/rustup/toolchains/1.98.1-aarch64-unknown-linux-gnu/lib/rustlib/aarch64-unknown-linux-gnu/lib/libcore-276de952897abe1c.rlib
 INFO rustc_metadata::locator lib candidate: /usr/local/rustup/toolchains/1.98.1-aarch64-unknown-linux-gnu/lib/rustlib/aarch64-unknown-linux-gnu/lib/libcore-276de952897abe1c.rmeta
 INFO rustc_metadata::locator rmeta reading metadata from: /usr/local/rustup/toolchains/1.98.1-aarch64-unknown-linux-gnu/lib/rustlib/aarch64-unknown-linux-gnu/lib/libcore-276de952897abe1c.rmeta
 INFO rustc_metadata::locator dylib reading metadata from: /evidence/target/debug/deps/libthiserror_impl-4595eaec74c6974c.so
 INFO rustc_metadata::locator Rejecting via proc macro: expected false got true
 INFO rustc_metadata::locator metadata mismatch
 INFO rustc_metadata::locator dylib reading metadata from: /evidence/target/debug/deps/libthiserror_impl-4595eaec74c6974c.so
   Compiling serde v1.0.229
     Running `CARGO=/usr/local/rustup/toolchains/1.98.1-aarch64-unknown-linux-gnu/bin/cargo CARGO_CRATE_NAME=serde CARGO_MANIFEST_DIR=/evidence/cargo-home/registry/src/index.crates.io-1949cf8c6b5b557f/serde-1.0.229 CARGO_MANIFEST_PATH=/evidence/cargo-home/registry/src/index.crates.io-1949cf8c6b5b557f/serde-1.0.229/Cargo.toml CARGO_PKG_AUTHORS='Erick Tryzelaar <erick.tryzelaar@gmail.com>:David Tolnay <dtolnay@gmail.com>' CARGO_PKG_DESCRIPTION='A generic serialization/deserialization framework' CARGO_PKG_HOMEPAGE='https://serde.rs' CARGO_PKG_LICENSE='MIT OR Apache-2.0' CARGO_PKG_LICENSE_FILE='' CARGO_PKG_NAME=serde CARGO_PKG_README=crates-io.md CARGO_PKG_REPOSITORY='https://github.com/serde-rs/serde' CARGO_PKG_RUST_VERSION=1.56 CARGO_PKG_VERSION=1.0.229 CARGO_PKG_VERSION_MAJOR=1 CARGO_PKG_VERSION_MINOR=0 CARGO_PKG_VERSION_PATCH=229 CARGO_PKG_VERSION_PRE='' LD_LIBRARY_PATH='/evidence/target/debug/deps:/usr/local/rustup/toolchains/1.98.1-aarch64-unknown-linux-gnu/lib' OUT_DIR=/evidence/target/debug/build/serde-044a8b6748b4d949/out /usr/local/rustup/toolchains/1.98.1-aarch64-unknown-linux-gnu/bin/rustc --crate-name serde --edition=2021 /evidence/cargo-home/registry/src/index.crates.io-1949cf8c6b5b557f/serde-1.0.229/src/lib.rs --error-format=json --json=diagnostic-rendered-ansi,artifacts,future-incompat --crate-type lib --emit=dep-info,metadata,link -C embed-bitcode=no -C debuginfo=2 --cfg 'feature="default"' --cfg 'feature="derive"' --cfg 'feature="serde_derive"' --cfg 'feature="std"' --check-cfg 'cfg(docsrs,test)' --check-cfg 'cfg(feature, values("alloc", "default", "derive", "rc", "serde_derive", "std", "unstable"))' -C metadata=016af6a4bae9848a -C extra-filename=-d6d8ecf1f3014f69 --out-dir /evidence/target/debug/deps -L dependency=/evidence/target/debug/deps --extern serde_core=/evidence/target/debug/deps/libserde_core-6f42655a3fc1afa3.rmeta --extern serde_derive=/evidence/target/debug/deps/libserde_derive-433728bc0d92981e.so --cap-lints warn --cfg if_docsrs_then_no_serde_core --check-cfg 'cfg(feature, values("result"))' --check-cfg 'cfg(if_docsrs_then_no_serde_core)' --check-cfg 'cfg(no_core_cstr)' --check-cfg 'cfg(no_core_error)' --check-cfg 'cfg(no_core_net)' --check-cfg 'cfg(no_core_num_saturating)' --check-cfg 'cfg(no_diagnostic_namespace)' --check-cfg 'cfg(no_serde_derive)' --check-cfg 'cfg(no_std_atomic)' --check-cfg 'cfg(no_std_atomic64)' --check-cfg 'cfg(no_target_has_atomic)'`
 INFO rustc_metadata::locator lib candidate: /usr/local/rustup/toolchains/1.98.1-aarch64-unknown-linux-gnu/lib/rustlib/aarch64-unknown-linux-gnu/lib/libstd-96c9fe7a07d47cf2.rlib
 INFO rustc_metadata::locator lib candidate: /usr/local/rustup/toolchains/1.98.1-aarch64-unknown-linux-gnu/lib/rustlib/aarch64-unknown-linux-gnu/lib/libstd_detect-744cebc7daba8a68.rlib
 INFO rustc_metadata::locator lib candidate: /usr/local/rustup/toolchains/1.98.1-aarch64-unknown-linux-gnu/lib/rustlib/aarch64-unknown-linux-gnu/lib/libstd-96c9fe7a07d47cf2.rmeta
 INFO rustc_metadata::locator lib candidate: /usr/local/rustup/toolchains/1.98.1-aarch64-unknown-linux-gnu/lib/rustlib/aarch64-unknown-linux-gnu/lib/libstd_detect-744cebc7daba8a68.rmeta
 INFO rustc_metadata::locator lib candidate: /usr/local/rustup/toolchains/1.98.1-aarch64-unknown-linux-gnu/lib/rustlib/aarch64-unknown-linux-gnu/lib/libstd-96c9fe7a07d47cf2.so
 INFO rustc_metadata::locator rmeta reading metadata from: /usr/local/rustup/toolchains/1.98.1-aarch64-unknown-linux-gnu/lib/rustlib/aarch64-unknown-linux-gnu/lib/libstd-96c9fe7a07d47cf2.rmeta
 INFO rustc_metadata::locator rmeta reading metadata from: /usr/local/rustup/toolchains/1.98.1-aarch64-unknown-linux-gnu/lib/rustlib/aarch64-unknown-linux-gnu/lib/libstd_detect-744cebc7daba8a68.rmeta
 INFO rustc_metadata::locator Rejecting via crate name
 INFO rustc_metadata::locator metadata mismatch
 INFO rustc_metadata::locator rlib reading metadata from: /usr/local/rustup/toolchains/1.98.1-aarch64-unknown-linux-gnu/lib/rustlib/aarch64-unknown-linux-gnu/lib/libstd_detect-744cebc7daba8a68.rlib
 INFO rustc_metadata::locator Rejecting via crate name
 INFO rustc_metadata::locator metadata mismatch
 INFO rustc_metadata::locator lib candidate: /usr/local/rustup/toolchains/1.98.1-aarch64-unknown-linux-gnu/lib/rustlib/aarch64-unknown-linux-gnu/lib/libcore-276de952897abe1c.rlib
 INFO rustc_metadata::locator lib candidate: /usr/local/rustup/toolchains/1.98.1-aarch64-unknown-linux-gnu/lib/rustlib/aarch64-unknown-linux-gnu/lib/libcore-276de952897abe1c.rmeta
 INFO rustc_metadata::locator rmeta reading metadata from: /usr/local/rustup/toolchains/1.98.1-aarch64-unknown-linux-gnu/lib/rustlib/aarch64-unknown-linux-gnu/lib/libcore-276de952897abe1c.rmeta
 INFO rustc_metadata::locator lib candidate: /usr/local/rustup/toolchains/1.98.1-aarch64-unknown-linux-gnu/lib/rustlib/aarch64-unknown-linux-gnu/lib/liballoc-5ed91a8779ad9241.rlib
 INFO rustc_metadata::locator lib candidate: /usr/local/rustup/toolchains/1.98.1-aarch64-unknown-linux-gnu/lib/rustlib/aarch64-unknown-linux-gnu/lib/liballoc-5ed91a8779ad9241.rmeta
 INFO rustc_metadata::locator rmeta reading metadata from: /usr/local/rustup/toolchains/1.98.1-aarch64-unknown-linux-gnu/lib/rustlib/aarch64-unknown-linux-gnu/lib/liballoc-5ed91a8779ad9241.rmeta
 INFO rustc_metadata::locator lib candidate: /usr/local/rustup/toolchains/1.98.1-aarch64-unknown-linux-gnu/lib/rustlib/aarch64-unknown-linux-gnu/lib/libcompiler_builtins-bd0d6dc1a63d46e8.rlib
 INFO rustc_metadata::locator lib candidate: /usr/local/rustup/toolchains/1.98.1-aarch64-unknown-linux-gnu/lib/rustlib/aarch64-unknown-linux-gnu/lib/libcompiler_builtins-bd0d6dc1a63d46e8.rmeta
 INFO rustc_metadata::locator rmeta reading metadata from: /usr/local/rustup/toolchains/1.98.1-aarch64-unknown-linux-gnu/lib/rustlib/aarch64-unknown-linux-gnu/lib/libcompiler_builtins-bd0d6dc1a63d46e8.rmeta
 INFO rustc_metadata::locator lib candidate: /usr/local/rustup/toolchains/1.98.1-aarch64-unknown-linux-gnu/lib/rustlib/aarch64-unknown-linux-gnu/lib/liblibc-d4267515c636bbd5.rlib
 INFO rustc_metadata::locator lib candidate: /usr/local/rustup/toolchains/1.98.1-aarch64-unknown-linux-gnu/lib/rustlib/aarch64-unknown-linux-gnu/lib/liblibc-d4267515c636bbd5.rmeta
 INFO rustc_metadata::locator rmeta reading metadata from: /usr/local/rustup/toolchains/1.98.1-aarch64-unknown-linux-gnu/lib/rustlib/aarch64-unknown-linux-gnu/lib/liblibc-d4267515c636bbd5.rmeta
 INFO rustc_metadata::locator lib candidate: /usr/local/rustup/toolchains/1.98.1-aarch64-unknown-linux-gnu/lib/rustlib/aarch64-unknown-linux-gnu/lib/librustc_std_workspace_core-60f5aed5b0be39ba.rlib
 INFO rustc_metadata::locator lib candidate: /usr/local/rustup/toolchains/1.98.1-aarch64-unknown-linux-gnu/lib/rustlib/aarch64-unknown-linux-gnu/lib/librustc_std_workspace_core-60f5aed5b0be39ba.rmeta
 INFO rustc_metadata::locator rmeta reading metadata from: /usr/local/rustup/toolchains/1.98.1-aarch64-unknown-linux-gnu/lib/rustlib/aarch64-unknown-linux-gnu/lib/librustc_std_workspace_core-60f5aed5b0be39ba.rmeta
 INFO rustc_metadata::locator lib candidate: /usr/local/rustup/toolchains/1.98.1-aarch64-unknown-linux-gnu/lib/rustlib/aarch64-unknown-linux-gnu/lib/libunwind-0d91334590e8fac0.rlib
 INFO rustc_metadata::locator lib candidate: /usr/local/rustup/toolchains/1.98.1-aarch64-unknown-linux-gnu/lib/rustlib/aarch64-unknown-linux-gnu/lib/libunwind-0d91334590e8fac0.rmeta
 INFO rustc_metadata::locator rmeta reading metadata from: /usr/local/rustup/toolchains/1.98.1-aarch64-unknown-linux-gnu/lib/rustlib/aarch64-unknown-linux-gnu/lib/libunwind-0d91334590e8fac0.rmeta
 INFO rustc_metadata::locator lib candidate: /usr/local/rustup/toolchains/1.98.1-aarch64-unknown-linux-gnu/lib/rustlib/aarch64-unknown-linux-gnu/lib/libminiz_oxide-fd627a3cab0f8638.rlib
 INFO rustc_metadata::locator lib candidate: /usr/local/rustup/toolchains/1.98.1-aarch64-unknown-linux-gnu/lib/rustlib/aarch64-unknown-linux-gnu/lib/libminiz_oxide-fd627a3cab0f8638.rmeta
 INFO rustc_metadata::locator rmeta reading metadata from: /usr/local/rustup/toolchains/1.98.1-aarch64-unknown-linux-gnu/lib/rustlib/aarch64-unknown-linux-gnu/lib/libminiz_oxide-fd627a3cab0f8638.rmeta
 INFO rustc_metadata::locator lib candidate: /usr/local/rustup/toolchains/1.98.1-aarch64-unknown-linux-gnu/lib/rustlib/aarch64-unknown-linux-gnu/lib/libadler2-49f29a8856c93b22.rlib
 INFO rustc_metadata::locator lib candidate: /usr/local/rustup/toolchains/1.98.1-aarch64-unknown-linux-gnu/lib/rustlib/aarch64-unknown-linux-gnu/lib/libadler2-49f29a8856c93b22.rmeta
 INFO rustc_metadata::locator rmeta reading metadata from: /usr/local/rustup/toolchains/1.98.1-aarch64-unknown-linux-gnu/lib/rustlib/aarch64-unknown-linux-gnu/lib/libadler2-49f29a8856c93b22.rmeta
 INFO rustc_metadata::locator lib candidate: /usr/local/rustup/toolchains/1.98.1-aarch64-unknown-linux-gnu/lib/rustlib/aarch64-unknown-linux-gnu/lib/libhashbrown-59d69e789b093c2f.rlib
 INFO rustc_metadata::locator lib candidate: /usr/local/rustup/toolchains/1.98.1-aarch64-unknown-linux-gnu/lib/rustlib/aarch64-unknown-linux-gnu/lib/libhashbrown-59d69e789b093c2f.rmeta
 INFO rustc_metadata::locator rmeta reading metadata from: /usr/local/rustup/toolchains/1.98.1-aarch64-unknown-linux-gnu/lib/rustlib/aarch64-unknown-linux-gnu/lib/libhashbrown-59d69e789b093c2f.rmeta
 INFO rustc_metadata::locator lib candidate: /usr/local/rustup/toolchains/1.98.1-aarch64-unknown-linux-gnu/lib/rustlib/aarch64-unknown-linux-gnu/lib/librustc_std_workspace_alloc-21af30201253cbfb.rlib
 INFO rustc_metadata::locator lib candidate: /usr/local/rustup/toolchains/1.98.1-aarch64-unknown-linux-gnu/lib/rustlib/aarch64-unknown-linux-gnu/lib/librustc_std_workspace_alloc-21af30201253cbfb.rmeta
 INFO rustc_metadata::locator rmeta reading metadata from: /usr/local/rustup/toolchains/1.98.1-aarch64-unknown-linux-gnu/lib/rustlib/aarch64-unknown-linux-gnu/lib/librustc_std_workspace_alloc-21af30201253cbfb.rmeta
 INFO rustc_metadata::locator lib candidate: /usr/local/rustup/toolchains/1.98.1-aarch64-unknown-linux-gnu/lib/rustlib/aarch64-unknown-linux-gnu/lib/libstd_detect-744cebc7daba8a68.rlib
 INFO rustc_metadata::locator lib candidate: /usr/local/rustup/toolchains/1.98.1-aarch64-unknown-linux-gnu/lib/rustlib/aarch64-unknown-linux-gnu/lib/libstd_detect-744cebc7daba8a68.rmeta
 INFO rustc_metadata::locator rmeta reading metadata from: /usr/local/rustup/toolchains/1.98.1-aarch64-unknown-linux-gnu/lib/rustlib/aarch64-unknown-linux-gnu/lib/libstd_detect-744cebc7daba8a68.rmeta
 INFO rustc_metadata::locator lib candidate: /usr/local/rustup/toolchains/1.98.1-aarch64-unknown-linux-gnu/lib/rustlib/aarch64-unknown-linux-gnu/lib/librustc_demangle-4f11a1d3df1ceb19.rlib
 INFO rustc_metadata::locator lib candidate: /usr/local/rustup/toolchains/1.98.1-aarch64-unknown-linux-gnu/lib/rustlib/aarch64-unknown-linux-gnu/lib/librustc_demangle-4f11a1d3df1ceb19.rmeta
 INFO rustc_metadata::locator rmeta reading metadata from: /usr/local/rustup/toolchains/1.98.1-aarch64-unknown-linux-gnu/lib/rustlib/aarch64-unknown-linux-gnu/lib/librustc_demangle-4f11a1d3df1ceb19.rmeta
 INFO rustc_metadata::locator lib candidate: /usr/local/rustup/toolchains/1.98.1-aarch64-unknown-linux-gnu/lib/rustlib/aarch64-unknown-linux-gnu/lib/libcfg_if-4cb5d4e7ecc5ab9b.rlib
 INFO rustc_metadata::locator lib candidate: /usr/local/rustup/toolchains/1.98.1-aarch64-unknown-linux-gnu/lib/rustlib/aarch64-unknown-linux-gnu/lib/libcfg_if-4cb5d4e7ecc5ab9b.rmeta
 INFO rustc_metadata::locator rmeta reading metadata from: /usr/local/rustup/toolchains/1.98.1-aarch64-unknown-linux-gnu/lib/rustlib/aarch64-unknown-linux-gnu/lib/libcfg_if-4cb5d4e7ecc5ab9b.rmeta
 INFO rustc_metadata::locator lib candidate: /usr/local/rustup/toolchains/1.98.1-aarch64-unknown-linux-gnu/lib/rustlib/aarch64-unknown-linux-gnu/lib/libaddr2line-c9b51fa144ecb69d.rlib
 INFO rustc_metadata::locator lib candidate: /usr/local/rustup/toolchains/1.98.1-aarch64-unknown-linux-gnu/lib/rustlib/aarch64-unknown-linux-gnu/lib/libaddr2line-c9b51fa144ecb69d.rmeta
 INFO rustc_metadata::locator rmeta reading metadata from: /usr/local/rustup/toolchains/1.98.1-aarch64-unknown-linux-gnu/lib/rustlib/aarch64-unknown-linux-gnu/lib/libaddr2line-c9b51fa144ecb69d.rmeta
 INFO rustc_metadata::locator lib candidate: /usr/local/rustup/toolchains/1.98.1-aarch64-unknown-linux-gnu/lib/rustlib/aarch64-unknown-linux-gnu/lib/libgimli-f28aeee62441776d.rlib
 INFO rustc_metadata::locator lib candidate: /usr/local/rustup/toolchains/1.98.1-aarch64-unknown-linux-gnu/lib/rustlib/aarch64-unknown-linux-gnu/lib/libgimli-f28aeee62441776d.rmeta
 INFO rustc_metadata::locator rmeta reading metadata from: /usr/local/rustup/toolchains/1.98.1-aarch64-unknown-linux-gnu/lib/rustlib/aarch64-unknown-linux-gnu/lib/libgimli-f28aeee62441776d.rmeta
 INFO rustc_metadata::locator lib candidate: /usr/local/rustup/toolchains/1.98.1-aarch64-unknown-linux-gnu/lib/rustlib/aarch64-unknown-linux-gnu/lib/libobject-d659ca1c4445f0ff.rlib
 INFO rustc_metadata::locator lib candidate: /usr/local/rustup/toolchains/1.98.1-aarch64-unknown-linux-gnu/lib/rustlib/aarch64-unknown-linux-gnu/lib/libobject-d659ca1c4445f0ff.rmeta
 INFO rustc_metadata::locator rmeta reading metadata from: /usr/local/rustup/toolchains/1.98.1-aarch64-unknown-linux-gnu/lib/rustlib/aarch64-unknown-linux-gnu/lib/libobject-d659ca1c4445f0ff.rmeta
 INFO rustc_metadata::locator lib candidate: /usr/local/rustup/toolchains/1.98.1-aarch64-unknown-linux-gnu/lib/rustlib/aarch64-unknown-linux-gnu/lib/libmemchr-740af70dcfdcb340.rlib
 INFO rustc_metadata::locator lib candidate: /usr/local/rustup/toolchains/1.98.1-aarch64-unknown-linux-gnu/lib/rustlib/aarch64-unknown-linux-gnu/lib/libmemchr-740af70dcfdcb340.rmeta
 INFO rustc_metadata::locator rmeta reading metadata from: /usr/local/rustup/toolchains/1.98.1-aarch64-unknown-linux-gnu/lib/rustlib/aarch64-unknown-linux-gnu/lib/libmemchr-740af70dcfdcb340.rmeta
 INFO rustc_metadata::locator lib candidate: /usr/local/rustup/toolchains/1.98.1-aarch64-unknown-linux-gnu/lib/rustlib/aarch64-unknown-linux-gnu/lib/libpanic_unwind-84356f769662edfe.rlib
 INFO rustc_metadata::locator lib candidate: /usr/local/rustup/toolchains/1.98.1-aarch64-unknown-linux-gnu/lib/rustlib/aarch64-unknown-linux-gnu/lib/libpanic_unwind-84356f769662edfe.rmeta
 INFO rustc_metadata::locator rmeta reading metadata from: /usr/local/rustup/toolchains/1.98.1-aarch64-unknown-linux-gnu/lib/rustlib/aarch64-unknown-linux-gnu/lib/libpanic_unwind-84356f769662edfe.rmeta
 INFO rustc_metadata::locator dylib reading metadata from: /evidence/target/debug/deps/libserde_derive-433728bc0d92981e.so
 INFO rustc_metadata::locator Rejecting via proc macro: expected false got true
 INFO rustc_metadata::locator metadata mismatch
 INFO rustc_metadata::locator dylib reading metadata from: /evidence/target/debug/deps/libserde_derive-433728bc0d92981e.so
 INFO rustc_metadata::locator rmeta reading metadata from: /evidence/target/debug/deps/libserde_core-6f42655a3fc1afa3.rmeta
 INFO rustc_metadata::locator lib candidate: /usr/local/rustup/toolchains/1.98.1-aarch64-unknown-linux-gnu/lib/rustlib/aarch64-unknown-linux-gnu/lib/libstd-96c9fe7a07d47cf2.rlib
 INFO rustc_metadata::locator lib candidate: /usr/local/rustup/toolchains/1.98.1-aarch64-unknown-linux-gnu/lib/rustlib/aarch64-unknown-linux-gnu/lib/libstd_detect-744cebc7daba8a68.rlib
 INFO rustc_metadata::locator lib candidate: /usr/local/rustup/toolchains/1.98.1-aarch64-unknown-linux-gnu/lib/rustlib/aarch64-unknown-linux-gnu/lib/libstd-96c9fe7a07d47cf2.rmeta
 INFO rustc_metadata::locator lib candidate: /usr/local/rustup/toolchains/1.98.1-aarch64-unknown-linux-gnu/lib/rustlib/aarch64-unknown-linux-gnu/lib/libstd_detect-744cebc7daba8a68.rmeta
 INFO rustc_metadata::locator lib candidate: /usr/local/rustup/toolchains/1.98.1-aarch64-unknown-linux-gnu/lib/rustlib/aarch64-unknown-linux-gnu/lib/libstd-96c9fe7a07d47cf2.so
 INFO rustc_metadata::locator rmeta reading metadata from: /usr/local/rustup/toolchains/1.98.1-aarch64-unknown-linux-gnu/lib/rustlib/aarch64-unknown-linux-gnu/lib/libstd-96c9fe7a07d47cf2.rmeta
 INFO rustc_metadata::locator rmeta reading metadata from: /usr/local/rustup/toolchains/1.98.1-aarch64-unknown-linux-gnu/lib/rustlib/aarch64-unknown-linux-gnu/lib/libstd_detect-744cebc7daba8a68.rmeta
 INFO rustc_metadata::locator Rejecting via crate name
 INFO rustc_metadata::locator metadata mismatch
 INFO rustc_metadata::locator rlib reading metadata from: /usr/local/rustup/toolchains/1.98.1-aarch64-unknown-linux-gnu/lib/rustlib/aarch64-unknown-linux-gnu/lib/libstd_detect-744cebc7daba8a68.rlib
 INFO rustc_metadata::locator Rejecting via crate name
 INFO rustc_metadata::locator metadata mismatch
 INFO rustc_metadata::locator dylib reading metadata from: /evidence/target/debug/deps/libserde_derive-433728bc0d92981e.so
 INFO rustc_metadata::locator Rejecting via proc macro: expected false got true
 INFO rustc_metadata::locator metadata mismatch
 INFO rustc_metadata::locator dylib reading metadata from: /evidence/target/debug/deps/libserde_derive-433728bc0d92981e.so
 INFO rustc_metadata::locator lib candidate: /usr/local/rustup/toolchains/1.98.1-aarch64-unknown-linux-gnu/lib/rustlib/aarch64-unknown-linux-gnu/lib/libstd-96c9fe7a07d47cf2.rlib
 INFO rustc_metadata::locator lib candidate: /usr/local/rustup/toolchains/1.98.1-aarch64-unknown-linux-gnu/lib/rustlib/aarch64-unknown-linux-gnu/lib/libstd_detect-744cebc7daba8a68.rlib
 INFO rustc_metadata::locator lib candidate: /usr/local/rustup/toolchains/1.98.1-aarch64-unknown-linux-gnu/lib/rustlib/aarch64-unknown-linux-gnu/lib/libstd-96c9fe7a07d47cf2.rmeta
 INFO rustc_metadata::locator lib candidate: /usr/local/rustup/toolchains/1.98.1-aarch64-unknown-linux-gnu/lib/rustlib/aarch64-unknown-linux-gnu/lib/libstd_detect-744cebc7daba8a68.rmeta
 INFO rustc_metadata::locator lib candidate: /usr/local/rustup/toolchains/1.98.1-aarch64-unknown-linux-gnu/lib/rustlib/aarch64-unknown-linux-gnu/lib/libstd-96c9fe7a07d47cf2.so
 INFO rustc_metadata::locator rmeta reading metadata from: /usr/local/rustup/toolchains/1.98.1-aarch64-unknown-linux-gnu/lib/rustlib/aarch64-unknown-linux-gnu/lib/libstd-96c9fe7a07d47cf2.rmeta
 INFO rustc_metadata::locator rmeta reading metadata from: /usr/local/rustup/toolchains/1.98.1-aarch64-unknown-linux-gnu/lib/rustlib/aarch64-unknown-linux-gnu/lib/libstd_detect-744cebc7daba8a68.rmeta
 INFO rustc_metadata::locator Rejecting via crate name
 INFO rustc_metadata::locator metadata mismatch
 INFO rustc_metadata::locator rlib reading metadata from: /usr/local/rustup/toolchains/1.98.1-aarch64-unknown-linux-gnu/lib/rustlib/aarch64-unknown-linux-gnu/lib/libstd_detect-744cebc7daba8a68.rlib
 INFO rustc_metadata::locator Rejecting via crate name
 INFO rustc_metadata::locator metadata mismatch
 INFO rustc_metadata::locator rmeta reading metadata from: /evidence/target/debug/deps/libserde_core-6f42655a3fc1afa3.rmeta
   Compiling serde_jcs v0.2.0
     Running `CARGO=/usr/local/rustup/toolchains/1.98.1-aarch64-unknown-linux-gnu/bin/cargo CARGO_CRATE_NAME=serde_jcs CARGO_MANIFEST_DIR=/evidence/cargo-home/registry/src/index.crates.io-1949cf8c6b5b557f/serde_jcs-0.2.0 CARGO_MANIFEST_PATH=/evidence/cargo-home/registry/src/index.crates.io-1949cf8c6b5b557f/serde_jcs-0.2.0/Cargo.toml CARGO_PKG_AUTHORS='l1h3r <5410284+l1h3r@users.noreply.github.com>' CARGO_PKG_DESCRIPTION='JSON Canonicalization Scheme (JCS) for Serde' CARGO_PKG_HOMEPAGE='https://github.com/l1h3r/serde_jcs' CARGO_PKG_LICENSE='MIT OR Apache-2.0' CARGO_PKG_LICENSE_FILE='' CARGO_PKG_NAME=serde_jcs CARGO_PKG_README=README.md CARGO_PKG_REPOSITORY='https://github.com/l1h3r/serde_jcs' CARGO_PKG_RUST_VERSION=1.85 CARGO_PKG_VERSION=0.2.0 CARGO_PKG_VERSION_MAJOR=0 CARGO_PKG_VERSION_MINOR=2 CARGO_PKG_VERSION_PATCH=0 CARGO_PKG_VERSION_PRE='' LD_LIBRARY_PATH='/evidence/target/debug/deps:/usr/local/rustup/toolchains/1.98.1-aarch64-unknown-linux-gnu/lib' /usr/local/rustup/toolchains/1.98.1-aarch64-unknown-linux-gnu/bin/rustc --crate-name serde_jcs --edition=2024 /evidence/cargo-home/registry/src/index.crates.io-1949cf8c6b5b557f/serde_jcs-0.2.0/src/lib.rs --error-format=json --json=diagnostic-rendered-ansi,artifacts,future-incompat --crate-type lib --emit=dep-info,metadata,link -C embed-bitcode=no -C debuginfo=2 --deny=warnings --deny=unused '--deny=clippy::suspicious' '--deny=clippy::style' --deny=rust-2024-compatibility --deny=rust-2021-compatibility --deny=rust-2018-idioms --deny=rust-2018-compatibility '--allow=clippy::restriction' --deny=refining-impl-trait '--deny=clippy::perf' '--deny=clippy::pedantic' '--allow=clippy::nursery' --deny=nonstandard-style --deny=let-underscore --deny=keyword-idents --deny=future-incompatible --deny=deprecated-safe '--deny=clippy::correctness' '--deny=clippy::complexity' '--deny=clippy::cargo' '--deny=rustdoc::unescaped_backticks' '--deny=rustdoc::redundant_explicit_links' '--deny=rustdoc::private_intra_doc_links' '--deny=rustdoc::private_doc_tests' '--deny=rustdoc::missing_crate_level_docs' '--deny=rustdoc::invalid_rust_codeblocks' '--deny=rustdoc::invalid_html_tags' '--deny=rustdoc::invalid_codeblock_attributes' '--deny=rustdoc::broken_intra_doc_links' '--deny=rustdoc::bare_urls' --check-cfg 'cfg(docsrs,test)' --check-cfg 'cfg(feature, values())' -C metadata=e02939d3837d1a17 -C extra-filename=-a7e9c10d7b08fa36 --out-dir /evidence/target/debug/deps -L dependency=/evidence/target/debug/deps --extern ryu_js=/evidence/target/debug/deps/libryu_js-4a94eac673420f44.rmeta --extern serde=/evidence/target/debug/deps/libserde-d6d8ecf1f3014f69.rmeta --extern serde_json=/evidence/target/debug/deps/libserde_json-11abb16a171c35d7.rmeta --cap-lints warn`
 INFO rustc_metadata::locator lib candidate: /usr/local/rustup/toolchains/1.98.1-aarch64-unknown-linux-gnu/lib/rustlib/aarch64-unknown-linux-gnu/lib/libstd-96c9fe7a07d47cf2.rlib
 INFO rustc_metadata::locator lib candidate: /usr/local/rustup/toolchains/1.98.1-aarch64-unknown-linux-gnu/lib/rustlib/aarch64-unknown-linux-gnu/lib/libstd_detect-744cebc7daba8a68.rlib
 INFO rustc_metadata::locator lib candidate: /usr/local/rustup/toolchains/1.98.1-aarch64-unknown-linux-gnu/lib/rustlib/aarch64-unknown-linux-gnu/lib/libstd-96c9fe7a07d47cf2.rmeta
 INFO rustc_metadata::locator lib candidate: /usr/local/rustup/toolchains/1.98.1-aarch64-unknown-linux-gnu/lib/rustlib/aarch64-unknown-linux-gnu/lib/libstd_detect-744cebc7daba8a68.rmeta
 INFO rustc_metadata::locator lib candidate: /usr/local/rustup/toolchains/1.98.1-aarch64-unknown-linux-gnu/lib/rustlib/aarch64-unknown-linux-gnu/lib/libstd-96c9fe7a07d47cf2.so
 INFO rustc_metadata::locator rmeta reading metadata from: /usr/local/rustup/toolchains/1.98.1-aarch64-unknown-linux-gnu/lib/rustlib/aarch64-unknown-linux-gnu/lib/libstd-96c9fe7a07d47cf2.rmeta
 INFO rustc_metadata::locator rmeta reading metadata from: /usr/local/rustup/toolchains/1.98.1-aarch64-unknown-linux-gnu/lib/rustlib/aarch64-unknown-linux-gnu/lib/libstd_detect-744cebc7daba8a68.rmeta
 INFO rustc_metadata::locator Rejecting via crate name
 INFO rustc_metadata::locator metadata mismatch
 INFO rustc_metadata::locator rlib reading metadata from: /usr/local/rustup/toolchains/1.98.1-aarch64-unknown-linux-gnu/lib/rustlib/aarch64-unknown-linux-gnu/lib/libstd_detect-744cebc7daba8a68.rlib
 INFO rustc_metadata::locator Rejecting via crate name
 INFO rustc_metadata::locator metadata mismatch
 INFO rustc_metadata::locator lib candidate: /usr/local/rustup/toolchains/1.98.1-aarch64-unknown-linux-gnu/lib/rustlib/aarch64-unknown-linux-gnu/lib/libcore-276de952897abe1c.rlib
 INFO rustc_metadata::locator lib candidate: /usr/local/rustup/toolchains/1.98.1-aarch64-unknown-linux-gnu/lib/rustlib/aarch64-unknown-linux-gnu/lib/libcore-276de952897abe1c.rmeta
 INFO rustc_metadata::locator rmeta reading metadata from: /usr/local/rustup/toolchains/1.98.1-aarch64-unknown-linux-gnu/lib/rustlib/aarch64-unknown-linux-gnu/lib/libcore-276de952897abe1c.rmeta
 INFO rustc_metadata::locator lib candidate: /usr/local/rustup/toolchains/1.98.1-aarch64-unknown-linux-gnu/lib/rustlib/aarch64-unknown-linux-gnu/lib/liballoc-5ed91a8779ad9241.rlib
 INFO rustc_metadata::locator lib candidate: /usr/local/rustup/toolchains/1.98.1-aarch64-unknown-linux-gnu/lib/rustlib/aarch64-unknown-linux-gnu/lib/liballoc-5ed91a8779ad9241.rmeta
 INFO rustc_metadata::locator rmeta reading metadata from: /usr/local/rustup/toolchains/1.98.1-aarch64-unknown-linux-gnu/lib/rustlib/aarch64-unknown-linux-gnu/lib/liballoc-5ed91a8779ad9241.rmeta
 INFO rustc_metadata::locator lib candidate: /usr/local/rustup/toolchains/1.98.1-aarch64-unknown-linux-gnu/lib/rustlib/aarch64-unknown-linux-gnu/lib/libcompiler_builtins-bd0d6dc1a63d46e8.rlib
 INFO rustc_metadata::locator lib candidate: /usr/local/rustup/toolchains/1.98.1-aarch64-unknown-linux-gnu/lib/rustlib/aarch64-unknown-linux-gnu/lib/libcompiler_builtins-bd0d6dc1a63d46e8.rmeta
 INFO rustc_metadata::locator rmeta reading metadata from: /usr/local/rustup/toolchains/1.98.1-aarch64-unknown-linux-gnu/lib/rustlib/aarch64-unknown-linux-gnu/lib/libcompiler_builtins-bd0d6dc1a63d46e8.rmeta
 INFO rustc_metadata::locator lib candidate: /usr/local/rustup/toolchains/1.98.1-aarch64-unknown-linux-gnu/lib/rustlib/aarch64-unknown-linux-gnu/lib/liblibc-d4267515c636bbd5.rlib
 INFO rustc_metadata::locator lib candidate: /usr/local/rustup/toolchains/1.98.1-aarch64-unknown-linux-gnu/lib/rustlib/aarch64-unknown-linux-gnu/lib/liblibc-d4267515c636bbd5.rmeta
 INFO rustc_metadata::locator rmeta reading metadata from: /usr/local/rustup/toolchains/1.98.1-aarch64-unknown-linux-gnu/lib/rustlib/aarch64-unknown-linux-gnu/lib/liblibc-d4267515c636bbd5.rmeta
 INFO rustc_metadata::locator lib candidate: /usr/local/rustup/toolchains/1.98.1-aarch64-unknown-linux-gnu/lib/rustlib/aarch64-unknown-linux-gnu/lib/librustc_std_workspace_core-60f5aed5b0be39ba.rlib
 INFO rustc_metadata::locator lib candidate: /usr/local/rustup/toolchains/1.98.1-aarch64-unknown-linux-gnu/lib/rustlib/aarch64-unknown-linux-gnu/lib/librustc_std_workspace_core-60f5aed5b0be39ba.rmeta
 INFO rustc_metadata::locator rmeta reading metadata from: /usr/local/rustup/toolchains/1.98.1-aarch64-unknown-linux-gnu/lib/rustlib/aarch64-unknown-linux-gnu/lib/librustc_std_workspace_core-60f5aed5b0be39ba.rmeta
 INFO rustc_metadata::locator lib candidate: /usr/local/rustup/toolchains/1.98.1-aarch64-unknown-linux-gnu/lib/rustlib/aarch64-unknown-linux-gnu/lib/libunwind-0d91334590e8fac0.rlib
 INFO rustc_metadata::locator lib candidate: /usr/local/rustup/toolchains/1.98.1-aarch64-unknown-linux-gnu/lib/rustlib/aarch64-unknown-linux-gnu/lib/libunwind-0d91334590e8fac0.rmeta
 INFO rustc_metadata::locator rmeta reading metadata from: /usr/local/rustup/toolchains/1.98.1-aarch64-unknown-linux-gnu/lib/rustlib/aarch64-unknown-linux-gnu/lib/libunwind-0d91334590e8fac0.rmeta
 INFO rustc_metadata::locator lib candidate: /usr/local/rustup/toolchains/1.98.1-aarch64-unknown-linux-gnu/lib/rustlib/aarch64-unknown-linux-gnu/lib/libminiz_oxide-fd627a3cab0f8638.rlib
 INFO rustc_metadata::locator lib candidate: /usr/local/rustup/toolchains/1.98.1-aarch64-unknown-linux-gnu/lib/rustlib/aarch64-unknown-linux-gnu/lib/libminiz_oxide-fd627a3cab0f8638.rmeta
 INFO rustc_metadata::locator rmeta reading metadata from: /usr/local/rustup/toolchains/1.98.1-aarch64-unknown-linux-gnu/lib/rustlib/aarch64-unknown-linux-gnu/lib/libminiz_oxide-fd627a3cab0f8638.rmeta
 INFO rustc_metadata::locator lib candidate: /usr/local/rustup/toolchains/1.98.1-aarch64-unknown-linux-gnu/lib/rustlib/aarch64-unknown-linux-gnu/lib/libadler2-49f29a8856c93b22.rlib
 INFO rustc_metadata::locator lib candidate: /usr/local/rustup/toolchains/1.98.1-aarch64-unknown-linux-gnu/lib/rustlib/aarch64-unknown-linux-gnu/lib/libadler2-49f29a8856c93b22.rmeta
 INFO rustc_metadata::locator rmeta reading metadata from: /usr/local/rustup/toolchains/1.98.1-aarch64-unknown-linux-gnu/lib/rustlib/aarch64-unknown-linux-gnu/lib/libadler2-49f29a8856c93b22.rmeta
 INFO rustc_metadata::locator lib candidate: /usr/local/rustup/toolchains/1.98.1-aarch64-unknown-linux-gnu/lib/rustlib/aarch64-unknown-linux-gnu/lib/libhashbrown-59d69e789b093c2f.rlib
 INFO rustc_metadata::locator lib candidate: /usr/local/rustup/toolchains/1.98.1-aarch64-unknown-linux-gnu/lib/rustlib/aarch64-unknown-linux-gnu/lib/libhashbrown-59d69e789b093c2f.rmeta
 INFO rustc_metadata::locator rmeta reading metadata from: /usr/local/rustup/toolchains/1.98.1-aarch64-unknown-linux-gnu/lib/rustlib/aarch64-unknown-linux-gnu/lib/libhashbrown-59d69e789b093c2f.rmeta
 INFO rustc_metadata::locator lib candidate: /usr/local/rustup/toolchains/1.98.1-aarch64-unknown-linux-gnu/lib/rustlib/aarch64-unknown-linux-gnu/lib/librustc_std_workspace_alloc-21af30201253cbfb.rlib
 INFO rustc_metadata::locator lib candidate: /usr/local/rustup/toolchains/1.98.1-aarch64-unknown-linux-gnu/lib/rustlib/aarch64-unknown-linux-gnu/lib/librustc_std_workspace_alloc-21af30201253cbfb.rmeta
 INFO rustc_metadata::locator rmeta reading metadata from: /usr/local/rustup/toolchains/1.98.1-aarch64-unknown-linux-gnu/lib/rustlib/aarch64-unknown-linux-gnu/lib/librustc_std_workspace_alloc-21af30201253cbfb.rmeta
 INFO rustc_metadata::locator lib candidate: /usr/local/rustup/toolchains/1.98.1-aarch64-unknown-linux-gnu/lib/rustlib/aarch64-unknown-linux-gnu/lib/libstd_detect-744cebc7daba8a68.rlib
 INFO rustc_metadata::locator lib candidate: /usr/local/rustup/toolchains/1.98.1-aarch64-unknown-linux-gnu/lib/rustlib/aarch64-unknown-linux-gnu/lib/libstd_detect-744cebc7daba8a68.rmeta
 INFO rustc_metadata::locator rmeta reading metadata from: /usr/local/rustup/toolchains/1.98.1-aarch64-unknown-linux-gnu/lib/rustlib/aarch64-unknown-linux-gnu/lib/libstd_detect-744cebc7daba8a68.rmeta
 INFO rustc_metadata::locator lib candidate: /usr/local/rustup/toolchains/1.98.1-aarch64-unknown-linux-gnu/lib/rustlib/aarch64-unknown-linux-gnu/lib/librustc_demangle-4f11a1d3df1ceb19.rlib
 INFO rustc_metadata::locator lib candidate: /usr/local/rustup/toolchains/1.98.1-aarch64-unknown-linux-gnu/lib/rustlib/aarch64-unknown-linux-gnu/lib/librustc_demangle-4f11a1d3df1ceb19.rmeta
 INFO rustc_metadata::locator rmeta reading metadata from: /usr/local/rustup/toolchains/1.98.1-aarch64-unknown-linux-gnu/lib/rustlib/aarch64-unknown-linux-gnu/lib/librustc_demangle-4f11a1d3df1ceb19.rmeta
 INFO rustc_metadata::locator lib candidate: /usr/local/rustup/toolchains/1.98.1-aarch64-unknown-linux-gnu/lib/rustlib/aarch64-unknown-linux-gnu/lib/libcfg_if-4cb5d4e7ecc5ab9b.rlib
 INFO rustc_metadata::locator lib candidate: /usr/local/rustup/toolchains/1.98.1-aarch64-unknown-linux-gnu/lib/rustlib/aarch64-unknown-linux-gnu/lib/libcfg_if-4cb5d4e7ecc5ab9b.rmeta
 INFO rustc_metadata::locator rmeta reading metadata from: /usr/local/rustup/toolchains/1.98.1-aarch64-unknown-linux-gnu/lib/rustlib/aarch64-unknown-linux-gnu/lib/libcfg_if-4cb5d4e7ecc5ab9b.rmeta
 INFO rustc_metadata::locator lib candidate: /usr/local/rustup/toolchains/1.98.1-aarch64-unknown-linux-gnu/lib/rustlib/aarch64-unknown-linux-gnu/lib/libaddr2line-c9b51fa144ecb69d.rlib
 INFO rustc_metadata::locator lib candidate: /usr/local/rustup/toolchains/1.98.1-aarch64-unknown-linux-gnu/lib/rustlib/aarch64-unknown-linux-gnu/lib/libaddr2line-c9b51fa144ecb69d.rmeta
 INFO rustc_metadata::locator rmeta reading metadata from: /usr/local/rustup/toolchains/1.98.1-aarch64-unknown-linux-gnu/lib/rustlib/aarch64-unknown-linux-gnu/lib/libaddr2line-c9b51fa144ecb69d.rmeta
 INFO rustc_metadata::locator lib candidate: /usr/local/rustup/toolchains/1.98.1-aarch64-unknown-linux-gnu/lib/rustlib/aarch64-unknown-linux-gnu/lib/libgimli-f28aeee62441776d.rlib
 INFO rustc_metadata::locator lib candidate: /usr/local/rustup/toolchains/1.98.1-aarch64-unknown-linux-gnu/lib/rustlib/aarch64-unknown-linux-gnu/lib/libgimli-f28aeee62441776d.rmeta
 INFO rustc_metadata::locator rmeta reading metadata from: /usr/local/rustup/toolchains/1.98.1-aarch64-unknown-linux-gnu/lib/rustlib/aarch64-unknown-linux-gnu/lib/libgimli-f28aeee62441776d.rmeta
 INFO rustc_metadata::locator lib candidate: /usr/local/rustup/toolchains/1.98.1-aarch64-unknown-linux-gnu/lib/rustlib/aarch64-unknown-linux-gnu/lib/libobject-d659ca1c4445f0ff.rlib
 INFO rustc_metadata::locator lib candidate: /usr/local/rustup/toolchains/1.98.1-aarch64-unknown-linux-gnu/lib/rustlib/aarch64-unknown-linux-gnu/lib/libobject-d659ca1c4445f0ff.rmeta
 INFO rustc_metadata::locator rmeta reading metadata from: /usr/local/rustup/toolchains/1.98.1-aarch64-unknown-linux-gnu/lib/rustlib/aarch64-unknown-linux-gnu/lib/libobject-d659ca1c4445f0ff.rmeta
 INFO rustc_metadata::locator lib candidate: /usr/local/rustup/toolchains/1.98.1-aarch64-unknown-linux-gnu/lib/rustlib/aarch64-unknown-linux-gnu/lib/libmemchr-740af70dcfdcb340.rlib
 INFO rustc_metadata::locator lib candidate: /usr/local/rustup/toolchains/1.98.1-aarch64-unknown-linux-gnu/lib/rustlib/aarch64-unknown-linux-gnu/lib/libmemchr-740af70dcfdcb340.rmeta
 INFO rustc_metadata::locator rmeta reading metadata from: /usr/local/rustup/toolchains/1.98.1-aarch64-unknown-linux-gnu/lib/rustlib/aarch64-unknown-linux-gnu/lib/libmemchr-740af70dcfdcb340.rmeta
 INFO rustc_metadata::locator lib candidate: /usr/local/rustup/toolchains/1.98.1-aarch64-unknown-linux-gnu/lib/rustlib/aarch64-unknown-linux-gnu/lib/libpanic_unwind-84356f769662edfe.rlib
 INFO rustc_metadata::locator lib candidate: /usr/local/rustup/toolchains/1.98.1-aarch64-unknown-linux-gnu/lib/rustlib/aarch64-unknown-linux-gnu/lib/libpanic_unwind-84356f769662edfe.rmeta
 INFO rustc_metadata::locator rmeta reading metadata from: /usr/local/rustup/toolchains/1.98.1-aarch64-unknown-linux-gnu/lib/rustlib/aarch64-unknown-linux-gnu/lib/libpanic_unwind-84356f769662edfe.rmeta
 INFO rustc_metadata::locator rmeta reading metadata from: /evidence/target/debug/deps/libryu_js-4a94eac673420f44.rmeta
 INFO rustc_metadata::locator rmeta reading metadata from: /evidence/target/debug/deps/libserde-d6d8ecf1f3014f69.rmeta
 INFO rustc_metadata::locator lib candidate: /evidence/target/debug/deps/libserde_derive-433728bc0d92981e.so
 INFO rustc_metadata::locator dylib reading metadata from: /evidence/target/debug/deps/libserde_derive-433728bc0d92981e.so
 INFO rustc_metadata::locator Rejecting via proc macro: expected false got true
 INFO rustc_metadata::locator metadata mismatch
 INFO rustc_metadata::locator lib candidate: /evidence/target/debug/deps/libserde_derive-433728bc0d92981e.so
 INFO rustc_metadata::locator lib candidate: /evidence/target/debug/deps/libserde_derive-433728bc0d92981e.so
 INFO rustc_metadata::locator dylib reading metadata from: /evidence/target/debug/deps/libserde_derive-433728bc0d92981e.so
 INFO rustc_metadata::locator lib candidate: /evidence/target/debug/deps/libserde_core-6f42655a3fc1afa3.rlib
 INFO rustc_metadata::locator lib candidate: /evidence/target/debug/deps/libserde_core-6f42655a3fc1afa3.rmeta
 INFO rustc_metadata::locator rmeta reading metadata from: /evidence/target/debug/deps/libserde_core-6f42655a3fc1afa3.rmeta
 INFO rustc_metadata::locator rmeta reading metadata from: /evidence/target/debug/deps/libserde_json-11abb16a171c35d7.rmeta
 INFO rustc_metadata::locator lib candidate: /evidence/target/debug/deps/libitoa-e102cd1e89c6b445.rlib
 INFO rustc_metadata::locator lib candidate: /evidence/target/debug/deps/libitoa-e102cd1e89c6b445.rmeta
 INFO rustc_metadata::locator rmeta reading metadata from: /evidence/target/debug/deps/libitoa-e102cd1e89c6b445.rmeta
 INFO rustc_metadata::locator lib candidate: /evidence/target/debug/deps/libzmij-a028af3cf5c0c27b.rlib
 INFO rustc_metadata::locator lib candidate: /evidence/target/debug/deps/libzmij-a028af3cf5c0c27b.rmeta
 INFO rustc_metadata::locator rmeta reading metadata from: /evidence/target/debug/deps/libzmij-a028af3cf5c0c27b.rmeta
 INFO rustc_metadata::locator lib candidate: /evidence/target/debug/deps/libmemchr-8362a2c5edc2d889.rlib
 INFO rustc_metadata::locator lib candidate: /evidence/target/debug/deps/libmemchr-8362a2c5edc2d889.rmeta
 INFO rustc_metadata::locator rmeta reading metadata from: /evidence/target/debug/deps/libmemchr-8362a2c5edc2d889.rmeta
 INFO rustc_metadata::locator lib candidate: /usr/local/rustup/toolchains/1.98.1-aarch64-unknown-linux-gnu/lib/rustlib/aarch64-unknown-linux-gnu/lib/libstd-96c9fe7a07d47cf2.rlib
 INFO rustc_metadata::locator lib candidate: /usr/local/rustup/toolchains/1.98.1-aarch64-unknown-linux-gnu/lib/rustlib/aarch64-unknown-linux-gnu/lib/libstd_detect-744cebc7daba8a68.rlib
 INFO rustc_metadata::locator lib candidate: /usr/local/rustup/toolchains/1.98.1-aarch64-unknown-linux-gnu/lib/rustlib/aarch64-unknown-linux-gnu/lib/libstd-96c9fe7a07d47cf2.rmeta
 INFO rustc_metadata::locator lib candidate: /usr/local/rustup/toolchains/1.98.1-aarch64-unknown-linux-gnu/lib/rustlib/aarch64-unknown-linux-gnu/lib/libstd_detect-744cebc7daba8a68.rmeta
 INFO rustc_metadata::locator lib candidate: /usr/local/rustup/toolchains/1.98.1-aarch64-unknown-linux-gnu/lib/rustlib/aarch64-unknown-linux-gnu/lib/libstd-96c9fe7a07d47cf2.so
 INFO rustc_metadata::locator rmeta reading metadata from: /usr/local/rustup/toolchains/1.98.1-aarch64-unknown-linux-gnu/lib/rustlib/aarch64-unknown-linux-gnu/lib/libstd-96c9fe7a07d47cf2.rmeta
 INFO rustc_metadata::locator rmeta reading metadata from: /usr/local/rustup/toolchains/1.98.1-aarch64-unknown-linux-gnu/lib/rustlib/aarch64-unknown-linux-gnu/lib/libstd_detect-744cebc7daba8a68.rmeta
 INFO rustc_metadata::locator Rejecting via crate name
 INFO rustc_metadata::locator metadata mismatch
 INFO rustc_metadata::locator rlib reading metadata from: /usr/local/rustup/toolchains/1.98.1-aarch64-unknown-linux-gnu/lib/rustlib/aarch64-unknown-linux-gnu/lib/libstd_detect-744cebc7daba8a68.rlib
 INFO rustc_metadata::locator Rejecting via crate name
 INFO rustc_metadata::locator metadata mismatch
 INFO rustc_metadata::locator rmeta reading metadata from: /evidence/target/debug/deps/libryu_js-4a94eac673420f44.rmeta
 INFO rustc_metadata::locator rmeta reading metadata from: /evidence/target/debug/deps/libserde-d6d8ecf1f3014f69.rmeta
 INFO rustc_metadata::locator rmeta reading metadata from: /evidence/target/debug/deps/libserde_json-11abb16a171c35d7.rmeta
 INFO rustc_metadata::locator lib candidate: /usr/local/rustup/toolchains/1.98.1-aarch64-unknown-linux-gnu/lib/rustlib/aarch64-unknown-linux-gnu/lib/libstd-96c9fe7a07d47cf2.rlib
 INFO rustc_metadata::locator lib candidate: /usr/local/rustup/toolchains/1.98.1-aarch64-unknown-linux-gnu/lib/rustlib/aarch64-unknown-linux-gnu/lib/libstd_detect-744cebc7daba8a68.rlib
 INFO rustc_metadata::locator lib candidate: /usr/local/rustup/toolchains/1.98.1-aarch64-unknown-linux-gnu/lib/rustlib/aarch64-unknown-linux-gnu/lib/libstd-96c9fe7a07d47cf2.rmeta
 INFO rustc_metadata::locator lib candidate: /usr/local/rustup/toolchains/1.98.1-aarch64-unknown-linux-gnu/lib/rustlib/aarch64-unknown-linux-gnu/lib/libstd_detect-744cebc7daba8a68.rmeta
 INFO rustc_metadata::locator lib candidate: /usr/local/rustup/toolchains/1.98.1-aarch64-unknown-linux-gnu/lib/rustlib/aarch64-unknown-linux-gnu/lib/libstd-96c9fe7a07d47cf2.so
 INFO rustc_metadata::locator rmeta reading metadata from: /usr/local/rustup/toolchains/1.98.1-aarch64-unknown-linux-gnu/lib/rustlib/aarch64-unknown-linux-gnu/lib/libstd-96c9fe7a07d47cf2.rmeta
 INFO rustc_metadata::locator rmeta reading metadata from: /usr/local/rustup/toolchains/1.98.1-aarch64-unknown-linux-gnu/lib/rustlib/aarch64-unknown-linux-gnu/lib/libstd_detect-744cebc7daba8a68.rmeta
 INFO rustc_metadata::locator Rejecting via crate name
 INFO rustc_metadata::locator metadata mismatch
 INFO rustc_metadata::locator rlib reading metadata from: /usr/local/rustup/toolchains/1.98.1-aarch64-unknown-linux-gnu/lib/rustlib/aarch64-unknown-linux-gnu/lib/libstd_detect-744cebc7daba8a68.rlib
 INFO rustc_metadata::locator Rejecting via crate name
 INFO rustc_metadata::locator metadata mismatch
   Compiling rx-domain v0.1.0 (/source/sdk/crates/rx-domain)
     Running `CARGO=/usr/local/rustup/toolchains/1.98.1-aarch64-unknown-linux-gnu/bin/cargo CARGO_CRATE_NAME=rx_domain CARGO_MANIFEST_DIR=/source/sdk/crates/rx-domain CARGO_MANIFEST_PATH=/source/sdk/crates/rx-domain/Cargo.toml CARGO_PKG_AUTHORS='' CARGO_PKG_DESCRIPTION='' CARGO_PKG_HOMEPAGE='' CARGO_PKG_LICENSE=Apache-2.0 CARGO_PKG_LICENSE_FILE='' CARGO_PKG_NAME=rx-domain CARGO_PKG_README='' CARGO_PKG_REPOSITORY='' CARGO_PKG_RUST_VERSION=1.98 CARGO_PKG_VERSION=0.1.0 CARGO_PKG_VERSION_MAJOR=0 CARGO_PKG_VERSION_MINOR=1 CARGO_PKG_VERSION_PATCH=0 CARGO_PKG_VERSION_PRE='' LD_LIBRARY_PATH='/evidence/target/debug/deps:/usr/local/rustup/toolchains/1.98.1-aarch64-unknown-linux-gnu/lib' /usr/local/rustup/toolchains/1.98.1-aarch64-unknown-linux-gnu/bin/rustc --crate-name rx_domain --edition=2024 sdk/crates/rx-domain/src/lib.rs --error-format=json --json=diagnostic-rendered-ansi,artifacts,future-incompat --crate-type lib --emit=dep-info,metadata,link -C embed-bitcode=no -C debuginfo=2 --forbid=unsafe_code '--warn=clippy::all' --check-cfg 'cfg(docsrs,test)' --check-cfg 'cfg(feature, values())' -C metadata=386954c5ad52706e -C extra-filename=-604adb34f600faa7 --out-dir /evidence/target/debug/deps -C incremental=/evidence/target/debug/incremental -L dependency=/evidence/target/debug/deps --extern serde=/evidence/target/debug/deps/libserde-d6d8ecf1f3014f69.rmeta --extern serde_jcs=/evidence/target/debug/deps/libserde_jcs-a7e9c10d7b08fa36.rmeta --extern serde_json=/evidence/target/debug/deps/libserde_json-11abb16a171c35d7.rmeta --extern sha2=/evidence/target/debug/deps/libsha2-87c2a29f79131b25.rmeta --extern thiserror=/evidence/target/debug/deps/libthiserror-07e31c065c104b48.rmeta --extern uuid=/evidence/target/debug/deps/libuuid-10bf73c9022f40b5.rmeta`
 INFO rustc_metadata::locator lib candidate: /usr/local/rustup/toolchains/1.98.1-aarch64-unknown-linux-gnu/lib/rustlib/aarch64-unknown-linux-gnu/lib/libstd-96c9fe7a07d47cf2.rlib
 INFO rustc_metadata::locator lib candidate: /usr/local/rustup/toolchains/1.98.1-aarch64-unknown-linux-gnu/lib/rustlib/aarch64-unknown-linux-gnu/lib/libstd_detect-744cebc7daba8a68.rlib
 INFO rustc_metadata::locator lib candidate: /usr/local/rustup/toolchains/1.98.1-aarch64-unknown-linux-gnu/lib/rustlib/aarch64-unknown-linux-gnu/lib/libstd-96c9fe7a07d47cf2.rmeta
 INFO rustc_metadata::locator lib candidate: /usr/local/rustup/toolchains/1.98.1-aarch64-unknown-linux-gnu/lib/rustlib/aarch64-unknown-linux-gnu/lib/libstd_detect-744cebc7daba8a68.rmeta
 INFO rustc_metadata::locator lib candidate: /usr/local/rustup/toolchains/1.98.1-aarch64-unknown-linux-gnu/lib/rustlib/aarch64-unknown-linux-gnu/lib/libstd-96c9fe7a07d47cf2.so
 INFO rustc_metadata::locator rmeta reading metadata from: /usr/local/rustup/toolchains/1.98.1-aarch64-unknown-linux-gnu/lib/rustlib/aarch64-unknown-linux-gnu/lib/libstd-96c9fe7a07d47cf2.rmeta
 INFO rustc_metadata::locator rmeta reading metadata from: /usr/local/rustup/toolchains/1.98.1-aarch64-unknown-linux-gnu/lib/rustlib/aarch64-unknown-linux-gnu/lib/libstd_detect-744cebc7daba8a68.rmeta
 INFO rustc_metadata::locator Rejecting via crate name
 INFO rustc_metadata::locator metadata mismatch
 INFO rustc_metadata::locator rlib reading metadata from: /usr/local/rustup/toolchains/1.98.1-aarch64-unknown-linux-gnu/lib/rustlib/aarch64-unknown-linux-gnu/lib/libstd_detect-744cebc7daba8a68.rlib
 INFO rustc_metadata::locator Rejecting via crate name
 INFO rustc_metadata::locator metadata mismatch
 INFO rustc_metadata::locator lib candidate: /usr/local/rustup/toolchains/1.98.1-aarch64-unknown-linux-gnu/lib/rustlib/aarch64-unknown-linux-gnu/lib/libcore-276de952897abe1c.rlib
 INFO rustc_metadata::locator lib candidate: /usr/local/rustup/toolchains/1.98.1-aarch64-unknown-linux-gnu/lib/rustlib/aarch64-unknown-linux-gnu/lib/libcore-276de952897abe1c.rmeta
 INFO rustc_metadata::locator rmeta reading metadata from: /usr/local/rustup/toolchains/1.98.1-aarch64-unknown-linux-gnu/lib/rustlib/aarch64-unknown-linux-gnu/lib/libcore-276de952897abe1c.rmeta
 INFO rustc_metadata::locator lib candidate: /usr/local/rustup/toolchains/1.98.1-aarch64-unknown-linux-gnu/lib/rustlib/aarch64-unknown-linux-gnu/lib/liballoc-5ed91a8779ad9241.rlib
 INFO rustc_metadata::locator lib candidate: /usr/local/rustup/toolchains/1.98.1-aarch64-unknown-linux-gnu/lib/rustlib/aarch64-unknown-linux-gnu/lib/liballoc-5ed91a8779ad9241.rmeta
 INFO rustc_metadata::locator rmeta reading metadata from: /usr/local/rustup/toolchains/1.98.1-aarch64-unknown-linux-gnu/lib/rustlib/aarch64-unknown-linux-gnu/lib/liballoc-5ed91a8779ad9241.rmeta
 INFO rustc_metadata::locator lib candidate: /usr/local/rustup/toolchains/1.98.1-aarch64-unknown-linux-gnu/lib/rustlib/aarch64-unknown-linux-gnu/lib/libcompiler_builtins-bd0d6dc1a63d46e8.rlib
 INFO rustc_metadata::locator lib candidate: /usr/local/rustup/toolchains/1.98.1-aarch64-unknown-linux-gnu/lib/rustlib/aarch64-unknown-linux-gnu/lib/libcompiler_builtins-bd0d6dc1a63d46e8.rmeta
 INFO rustc_metadata::locator rmeta reading metadata from: /usr/local/rustup/toolchains/1.98.1-aarch64-unknown-linux-gnu/lib/rustlib/aarch64-unknown-linux-gnu/lib/libcompiler_builtins-bd0d6dc1a63d46e8.rmeta
 INFO rustc_metadata::locator lib candidate: /usr/local/rustup/toolchains/1.98.1-aarch64-unknown-linux-gnu/lib/rustlib/aarch64-unknown-linux-gnu/lib/liblibc-d4267515c636bbd5.rlib
 INFO rustc_metadata::locator lib candidate: /usr/local/rustup/toolchains/1.98.1-aarch64-unknown-linux-gnu/lib/rustlib/aarch64-unknown-linux-gnu/lib/liblibc-d4267515c636bbd5.rmeta
 INFO rustc_metadata::locator rmeta reading metadata from: /usr/local/rustup/toolchains/1.98.1-aarch64-unknown-linux-gnu/lib/rustlib/aarch64-unknown-linux-gnu/lib/liblibc-d4267515c636bbd5.rmeta
 INFO rustc_metadata::locator lib candidate: /usr/local/rustup/toolchains/1.98.1-aarch64-unknown-linux-gnu/lib/rustlib/aarch64-unknown-linux-gnu/lib/librustc_std_workspace_core-60f5aed5b0be39ba.rlib
 INFO rustc_metadata::locator lib candidate: /usr/local/rustup/toolchains/1.98.1-aarch64-unknown-linux-gnu/lib/rustlib/aarch64-unknown-linux-gnu/lib/librustc_std_workspace_core-60f5aed5b0be39ba.rmeta
 INFO rustc_metadata::locator rmeta reading metadata from: /usr/local/rustup/toolchains/1.98.1-aarch64-unknown-linux-gnu/lib/rustlib/aarch64-unknown-linux-gnu/lib/librustc_std_workspace_core-60f5aed5b0be39ba.rmeta
 INFO rustc_metadata::locator lib candidate: /usr/local/rustup/toolchains/1.98.1-aarch64-unknown-linux-gnu/lib/rustlib/aarch64-unknown-linux-gnu/lib/libunwind-0d91334590e8fac0.rlib
 INFO rustc_metadata::locator lib candidate: /usr/local/rustup/toolchains/1.98.1-aarch64-unknown-linux-gnu/lib/rustlib/aarch64-unknown-linux-gnu/lib/libunwind-0d91334590e8fac0.rmeta
 INFO rustc_metadata::locator rmeta reading metadata from: /usr/local/rustup/toolchains/1.98.1-aarch64-unknown-linux-gnu/lib/rustlib/aarch64-unknown-linux-gnu/lib/libunwind-0d91334590e8fac0.rmeta
 INFO rustc_metadata::locator lib candidate: /usr/local/rustup/toolchains/1.98.1-aarch64-unknown-linux-gnu/lib/rustlib/aarch64-unknown-linux-gnu/lib/libminiz_oxide-fd627a3cab0f8638.rlib
 INFO rustc_metadata::locator lib candidate: /usr/local/rustup/toolchains/1.98.1-aarch64-unknown-linux-gnu/lib/rustlib/aarch64-unknown-linux-gnu/lib/libminiz_oxide-fd627a3cab0f8638.rmeta
 INFO rustc_metadata::locator rmeta reading metadata from: /usr/local/rustup/toolchains/1.98.1-aarch64-unknown-linux-gnu/lib/rustlib/aarch64-unknown-linux-gnu/lib/libminiz_oxide-fd627a3cab0f8638.rmeta
 INFO rustc_metadata::locator lib candidate: /usr/local/rustup/toolchains/1.98.1-aarch64-unknown-linux-gnu/lib/rustlib/aarch64-unknown-linux-gnu/lib/libadler2-49f29a8856c93b22.rlib
 INFO rustc_metadata::locator lib candidate: /usr/local/rustup/toolchains/1.98.1-aarch64-unknown-linux-gnu/lib/rustlib/aarch64-unknown-linux-gnu/lib/libadler2-49f29a8856c93b22.rmeta
 INFO rustc_metadata::locator rmeta reading metadata from: /usr/local/rustup/toolchains/1.98.1-aarch64-unknown-linux-gnu/lib/rustlib/aarch64-unknown-linux-gnu/lib/libadler2-49f29a8856c93b22.rmeta
 INFO rustc_metadata::locator lib candidate: /usr/local/rustup/toolchains/1.98.1-aarch64-unknown-linux-gnu/lib/rustlib/aarch64-unknown-linux-gnu/lib/libhashbrown-59d69e789b093c2f.rlib
 INFO rustc_metadata::locator lib candidate: /usr/local/rustup/toolchains/1.98.1-aarch64-unknown-linux-gnu/lib/rustlib/aarch64-unknown-linux-gnu/lib/libhashbrown-59d69e789b093c2f.rmeta
 INFO rustc_metadata::locator rmeta reading metadata from: /usr/local/rustup/toolchains/1.98.1-aarch64-unknown-linux-gnu/lib/rustlib/aarch64-unknown-linux-gnu/lib/libhashbrown-59d69e789b093c2f.rmeta
 INFO rustc_metadata::locator lib candidate: /usr/local/rustup/toolchains/1.98.1-aarch64-unknown-linux-gnu/lib/rustlib/aarch64-unknown-linux-gnu/lib/librustc_std_workspace_alloc-21af30201253cbfb.rlib
 INFO rustc_metadata::locator lib candidate: /usr/local/rustup/toolchains/1.98.1-aarch64-unknown-linux-gnu/lib/rustlib/aarch64-unknown-linux-gnu/lib/librustc_std_workspace_alloc-21af30201253cbfb.rmeta
 INFO rustc_metadata::locator rmeta reading metadata from: /usr/local/rustup/toolchains/1.98.1-aarch64-unknown-linux-gnu/lib/rustlib/aarch64-unknown-linux-gnu/lib/librustc_std_workspace_alloc-21af30201253cbfb.rmeta
 INFO rustc_metadata::locator lib candidate: /usr/local/rustup/toolchains/1.98.1-aarch64-unknown-linux-gnu/lib/rustlib/aarch64-unknown-linux-gnu/lib/libstd_detect-744cebc7daba8a68.rlib
 INFO rustc_metadata::locator lib candidate: /usr/local/rustup/toolchains/1.98.1-aarch64-unknown-linux-gnu/lib/rustlib/aarch64-unknown-linux-gnu/lib/libstd_detect-744cebc7daba8a68.rmeta
 INFO rustc_metadata::locator rmeta reading metadata from: /usr/local/rustup/toolchains/1.98.1-aarch64-unknown-linux-gnu/lib/rustlib/aarch64-unknown-linux-gnu/lib/libstd_detect-744cebc7daba8a68.rmeta
 INFO rustc_metadata::locator lib candidate: /usr/local/rustup/toolchains/1.98.1-aarch64-unknown-linux-gnu/lib/rustlib/aarch64-unknown-linux-gnu/lib/librustc_demangle-4f11a1d3df1ceb19.rlib
 INFO rustc_metadata::locator lib candidate: /usr/local/rustup/toolchains/1.98.1-aarch64-unknown-linux-gnu/lib/rustlib/aarch64-unknown-linux-gnu/lib/librustc_demangle-4f11a1d3df1ceb19.rmeta
 INFO rustc_metadata::locator rmeta reading metadata from: /usr/local/rustup/toolchains/1.98.1-aarch64-unknown-linux-gnu/lib/rustlib/aarch64-unknown-linux-gnu/lib/librustc_demangle-4f11a1d3df1ceb19.rmeta
 INFO rustc_metadata::locator lib candidate: /usr/local/rustup/toolchains/1.98.1-aarch64-unknown-linux-gnu/lib/rustlib/aarch64-unknown-linux-gnu/lib/libcfg_if-4cb5d4e7ecc5ab9b.rlib
 INFO rustc_metadata::locator lib candidate: /usr/local/rustup/toolchains/1.98.1-aarch64-unknown-linux-gnu/lib/rustlib/aarch64-unknown-linux-gnu/lib/libcfg_if-4cb5d4e7ecc5ab9b.rmeta
 INFO rustc_metadata::locator rmeta reading metadata from: /usr/local/rustup/toolchains/1.98.1-aarch64-unknown-linux-gnu/lib/rustlib/aarch64-unknown-linux-gnu/lib/libcfg_if-4cb5d4e7ecc5ab9b.rmeta
 INFO rustc_metadata::locator lib candidate: /usr/local/rustup/toolchains/1.98.1-aarch64-unknown-linux-gnu/lib/rustlib/aarch64-unknown-linux-gnu/lib/libaddr2line-c9b51fa144ecb69d.rlib
 INFO rustc_metadata::locator lib candidate: /usr/local/rustup/toolchains/1.98.1-aarch64-unknown-linux-gnu/lib/rustlib/aarch64-unknown-linux-gnu/lib/libaddr2line-c9b51fa144ecb69d.rmeta
 INFO rustc_metadata::locator rmeta reading metadata from: /usr/local/rustup/toolchains/1.98.1-aarch64-unknown-linux-gnu/lib/rustlib/aarch64-unknown-linux-gnu/lib/libaddr2line-c9b51fa144ecb69d.rmeta
 INFO rustc_metadata::locator lib candidate: /usr/local/rustup/toolchains/1.98.1-aarch64-unknown-linux-gnu/lib/rustlib/aarch64-unknown-linux-gnu/lib/libgimli-f28aeee62441776d.rlib
 INFO rustc_metadata::locator lib candidate: /usr/local/rustup/toolchains/1.98.1-aarch64-unknown-linux-gnu/lib/rustlib/aarch64-unknown-linux-gnu/lib/libgimli-f28aeee62441776d.rmeta
 INFO rustc_metadata::locator rmeta reading metadata from: /usr/local/rustup/toolchains/1.98.1-aarch64-unknown-linux-gnu/lib/rustlib/aarch64-unknown-linux-gnu/lib/libgimli-f28aeee62441776d.rmeta
 INFO rustc_metadata::locator lib candidate: /usr/local/rustup/toolchains/1.98.1-aarch64-unknown-linux-gnu/lib/rustlib/aarch64-unknown-linux-gnu/lib/libobject-d659ca1c4445f0ff.rlib
 INFO rustc_metadata::locator lib candidate: /usr/local/rustup/toolchains/1.98.1-aarch64-unknown-linux-gnu/lib/rustlib/aarch64-unknown-linux-gnu/lib/libobject-d659ca1c4445f0ff.rmeta
 INFO rustc_metadata::locator rmeta reading metadata from: /usr/local/rustup/toolchains/1.98.1-aarch64-unknown-linux-gnu/lib/rustlib/aarch64-unknown-linux-gnu/lib/libobject-d659ca1c4445f0ff.rmeta
 INFO rustc_metadata::locator lib candidate: /usr/local/rustup/toolchains/1.98.1-aarch64-unknown-linux-gnu/lib/rustlib/aarch64-unknown-linux-gnu/lib/libmemchr-740af70dcfdcb340.rlib
 INFO rustc_metadata::locator lib candidate: /usr/local/rustup/toolchains/1.98.1-aarch64-unknown-linux-gnu/lib/rustlib/aarch64-unknown-linux-gnu/lib/libmemchr-740af70dcfdcb340.rmeta
 INFO rustc_metadata::locator rmeta reading metadata from: /usr/local/rustup/toolchains/1.98.1-aarch64-unknown-linux-gnu/lib/rustlib/aarch64-unknown-linux-gnu/lib/libmemchr-740af70dcfdcb340.rmeta
 INFO rustc_metadata::locator lib candidate: /usr/local/rustup/toolchains/1.98.1-aarch64-unknown-linux-gnu/lib/rustlib/aarch64-unknown-linux-gnu/lib/libpanic_unwind-84356f769662edfe.rlib
 INFO rustc_metadata::locator lib candidate: /usr/local/rustup/toolchains/1.98.1-aarch64-unknown-linux-gnu/lib/rustlib/aarch64-unknown-linux-gnu/lib/libpanic_unwind-84356f769662edfe.rmeta
 INFO rustc_metadata::locator rmeta reading metadata from: /usr/local/rustup/toolchains/1.98.1-aarch64-unknown-linux-gnu/lib/rustlib/aarch64-unknown-linux-gnu/lib/libpanic_unwind-84356f769662edfe.rmeta
 INFO rustc_metadata::locator rmeta reading metadata from: /evidence/target/debug/deps/libserde-d6d8ecf1f3014f69.rmeta
 INFO rustc_metadata::locator lib candidate: /evidence/target/debug/deps/libserde_derive-433728bc0d92981e.so
 INFO rustc_metadata::locator dylib reading metadata from: /evidence/target/debug/deps/libserde_derive-433728bc0d92981e.so
 INFO rustc_metadata::locator Rejecting via proc macro: expected false got true
 INFO rustc_metadata::locator metadata mismatch
 INFO rustc_metadata::locator lib candidate: /evidence/target/debug/deps/libserde_derive-433728bc0d92981e.so
 INFO rustc_metadata::locator lib candidate: /evidence/target/debug/deps/libserde_derive-433728bc0d92981e.so
 INFO rustc_metadata::locator dylib reading metadata from: /evidence/target/debug/deps/libserde_derive-433728bc0d92981e.so
 INFO rustc_metadata::locator lib candidate: /evidence/target/debug/deps/libserde_core-6f42655a3fc1afa3.rlib
 INFO rustc_metadata::locator lib candidate: /evidence/target/debug/deps/libserde_core-6f42655a3fc1afa3.rmeta
 INFO rustc_metadata::locator rmeta reading metadata from: /evidence/target/debug/deps/libserde_core-6f42655a3fc1afa3.rmeta
 INFO rustc_metadata::locator lib candidate: /usr/local/rustup/toolchains/1.98.1-aarch64-unknown-linux-gnu/lib/rustlib/aarch64-unknown-linux-gnu/lib/libstd-96c9fe7a07d47cf2.rlib
 INFO rustc_metadata::locator lib candidate: /usr/local/rustup/toolchains/1.98.1-aarch64-unknown-linux-gnu/lib/rustlib/aarch64-unknown-linux-gnu/lib/libstd_detect-744cebc7daba8a68.rlib
 INFO rustc_metadata::locator lib candidate: /usr/local/rustup/toolchains/1.98.1-aarch64-unknown-linux-gnu/lib/rustlib/aarch64-unknown-linux-gnu/lib/libstd-96c9fe7a07d47cf2.rmeta
 INFO rustc_metadata::locator lib candidate: /usr/local/rustup/toolchains/1.98.1-aarch64-unknown-linux-gnu/lib/rustlib/aarch64-unknown-linux-gnu/lib/libstd_detect-744cebc7daba8a68.rmeta
 INFO rustc_metadata::locator lib candidate: /usr/local/rustup/toolchains/1.98.1-aarch64-unknown-linux-gnu/lib/rustlib/aarch64-unknown-linux-gnu/lib/libstd-96c9fe7a07d47cf2.so
 INFO rustc_metadata::locator rmeta reading metadata from: /usr/local/rustup/toolchains/1.98.1-aarch64-unknown-linux-gnu/lib/rustlib/aarch64-unknown-linux-gnu/lib/libstd-96c9fe7a07d47cf2.rmeta
 INFO rustc_metadata::locator rmeta reading metadata from: /usr/local/rustup/toolchains/1.98.1-aarch64-unknown-linux-gnu/lib/rustlib/aarch64-unknown-linux-gnu/lib/libstd_detect-744cebc7daba8a68.rmeta
 INFO rustc_metadata::locator Rejecting via crate name
 INFO rustc_metadata::locator metadata mismatch
 INFO rustc_metadata::locator rlib reading metadata from: /usr/local/rustup/toolchains/1.98.1-aarch64-unknown-linux-gnu/lib/rustlib/aarch64-unknown-linux-gnu/lib/libstd_detect-744cebc7daba8a68.rlib
 INFO rustc_metadata::locator Rejecting via crate name
 INFO rustc_metadata::locator metadata mismatch
 INFO rustc_metadata::locator rmeta reading metadata from: /evidence/target/debug/deps/libserde_json-11abb16a171c35d7.rmeta
 INFO rustc_metadata::locator lib candidate: /evidence/target/debug/deps/libitoa-e102cd1e89c6b445.rlib
 INFO rustc_metadata::locator lib candidate: /evidence/target/debug/deps/libitoa-e102cd1e89c6b445.rmeta
 INFO rustc_metadata::locator rmeta reading metadata from: /evidence/target/debug/deps/libitoa-e102cd1e89c6b445.rmeta
 INFO rustc_metadata::locator lib candidate: /evidence/target/debug/deps/libzmij-a028af3cf5c0c27b.rlib
 INFO rustc_metadata::locator lib candidate: /evidence/target/debug/deps/libzmij-a028af3cf5c0c27b.rmeta
 INFO rustc_metadata::locator rmeta reading metadata from: /evidence/target/debug/deps/libzmij-a028af3cf5c0c27b.rmeta
 INFO rustc_metadata::locator lib candidate: /evidence/target/debug/deps/libmemchr-8362a2c5edc2d889.rlib
 INFO rustc_metadata::locator lib candidate: /evidence/target/debug/deps/libmemchr-8362a2c5edc2d889.rmeta
 INFO rustc_metadata::locator rmeta reading metadata from: /evidence/target/debug/deps/libmemchr-8362a2c5edc2d889.rmeta
 INFO rustc_metadata::locator rmeta reading metadata from: /evidence/target/debug/deps/libsha2-87c2a29f79131b25.rmeta
 INFO rustc_metadata::locator lib candidate: /evidence/target/debug/deps/libdigest-2f251867783bd5a4.rlib
 INFO rustc_metadata::locator lib candidate: /evidence/target/debug/deps/libdigest-2f251867783bd5a4.rmeta
 INFO rustc_metadata::locator rmeta reading metadata from: /evidence/target/debug/deps/libdigest-2f251867783bd5a4.rmeta
 INFO rustc_metadata::locator lib candidate: /evidence/target/debug/deps/libcrypto_common-b0f7f891cf9945a7.rlib
 INFO rustc_metadata::locator lib candidate: /evidence/target/debug/deps/libcrypto_common-b0f7f891cf9945a7.rmeta
 INFO rustc_metadata::locator rmeta reading metadata from: /evidence/target/debug/deps/libcrypto_common-b0f7f891cf9945a7.rmeta
 INFO rustc_metadata::locator lib candidate: /evidence/target/debug/deps/libgeneric_array-9ab4e04c59dd2c19.rlib
 INFO rustc_metadata::locator lib candidate: /evidence/target/debug/deps/libgeneric_array-9ab4e04c59dd2c19.rmeta
 INFO rustc_metadata::locator rmeta reading metadata from: /evidence/target/debug/deps/libgeneric_array-9ab4e04c59dd2c19.rmeta
 INFO rustc_metadata::locator lib candidate: /evidence/target/debug/deps/libtypenum-0d86cd7943364998.rlib
 INFO rustc_metadata::locator lib candidate: /evidence/target/debug/deps/libtypenum-0d86cd7943364998.rmeta
 INFO rustc_metadata::locator rmeta reading metadata from: /evidence/target/debug/deps/libtypenum-0d86cd7943364998.rmeta
 INFO rustc_metadata::locator lib candidate: /evidence/target/debug/deps/libblock_buffer-ac617e59152c2d40.rlib
 INFO rustc_metadata::locator lib candidate: /evidence/target/debug/deps/libblock_buffer-ac617e59152c2d40.rmeta
 INFO rustc_metadata::locator rmeta reading metadata from: /evidence/target/debug/deps/libblock_buffer-ac617e59152c2d40.rmeta
 INFO rustc_metadata::locator lib candidate: /evidence/target/debug/deps/libcfg_if-351d99d93356e30d.rlib
 INFO rustc_metadata::locator lib candidate: /evidence/target/debug/deps/libcfg_if-351d99d93356e30d.rmeta
 INFO rustc_metadata::locator rmeta reading metadata from: /evidence/target/debug/deps/libcfg_if-351d99d93356e30d.rmeta
 INFO rustc_metadata::locator rmeta reading metadata from: /evidence/target/debug/deps/libserde-d6d8ecf1f3014f69.rmeta
 INFO rustc_metadata::locator rmeta reading metadata from: /evidence/target/debug/deps/libserde-d6d8ecf1f3014f69.rmeta
 INFO rustc_metadata::locator rmeta reading metadata from: /evidence/target/debug/deps/libserde-d6d8ecf1f3014f69.rmeta
 INFO rustc_metadata::locator rmeta reading metadata from: /evidence/target/debug/deps/libserde-d6d8ecf1f3014f69.rmeta
 INFO rustc_metadata::locator rmeta reading metadata from: /evidence/target/debug/deps/libserde-d6d8ecf1f3014f69.rmeta
 INFO rustc_metadata::locator rmeta reading metadata from: /evidence/target/debug/deps/libserde-d6d8ecf1f3014f69.rmeta
 INFO rustc_metadata::locator rmeta reading metadata from: /evidence/target/debug/deps/libserde-d6d8ecf1f3014f69.rmeta
 INFO rustc_metadata::locator rmeta reading metadata from: /evidence/target/debug/deps/libserde-d6d8ecf1f3014f69.rmeta
 INFO rustc_metadata::locator rmeta reading metadata from: /evidence/target/debug/deps/libserde-d6d8ecf1f3014f69.rmeta
 INFO rustc_metadata::locator rmeta reading metadata from: /evidence/target/debug/deps/libserde-d6d8ecf1f3014f69.rmeta
 INFO rustc_metadata::locator rmeta reading metadata from: /evidence/target/debug/deps/libserde-d6d8ecf1f3014f69.rmeta
 INFO rustc_metadata::locator rmeta reading metadata from: /evidence/target/debug/deps/libserde-d6d8ecf1f3014f69.rmeta
 INFO rustc_metadata::locator rmeta reading metadata from: /evidence/target/debug/deps/libserde-d6d8ecf1f3014f69.rmeta
 INFO rustc_metadata::locator rmeta reading metadata from: /evidence/target/debug/deps/libserde-d6d8ecf1f3014f69.rmeta
 INFO rustc_metadata::locator rmeta reading metadata from: /evidence/target/debug/deps/libserde-d6d8ecf1f3014f69.rmeta
 INFO rustc_metadata::locator rmeta reading metadata from: /evidence/target/debug/deps/libserde-d6d8ecf1f3014f69.rmeta
 INFO rustc_metadata::locator rmeta reading metadata from: /evidence/target/debug/deps/libserde-d6d8ecf1f3014f69.rmeta
 INFO rustc_metadata::locator rmeta reading metadata from: /evidence/target/debug/deps/libserde-d6d8ecf1f3014f69.rmeta
 INFO rustc_metadata::locator rmeta reading metadata from: /evidence/target/debug/deps/libserde-d6d8ecf1f3014f69.rmeta
 INFO rustc_metadata::locator rmeta reading metadata from: /evidence/target/debug/deps/libserde-d6d8ecf1f3014f69.rmeta
 INFO rustc_metadata::locator rmeta reading metadata from: /evidence/target/debug/deps/libserde-d6d8ecf1f3014f69.rmeta
 INFO rustc_metadata::locator rmeta reading metadata from: /evidence/target/debug/deps/libserde-d6d8ecf1f3014f69.rmeta
 INFO rustc_metadata::locator rmeta reading metadata from: /evidence/target/debug/deps/libserde-d6d8ecf1f3014f69.rmeta
 INFO rustc_metadata::locator rmeta reading metadata from: /evidence/target/debug/deps/libserde-d6d8ecf1f3014f69.rmeta
 INFO rustc_metadata::locator rmeta reading metadata from: /evidence/target/debug/deps/libserde-d6d8ecf1f3014f69.rmeta
 INFO rustc_metadata::locator rmeta reading metadata from: /evidence/target/debug/deps/libserde-d6d8ecf1f3014f69.rmeta
 INFO rustc_metadata::locator rmeta reading metadata from: /evidence/target/debug/deps/libserde-d6d8ecf1f3014f69.rmeta
 INFO rustc_metadata::locator rmeta reading metadata from: /evidence/target/debug/deps/libserde-d6d8ecf1f3014f69.rmeta
 INFO rustc_metadata::locator rmeta reading metadata from: /evidence/target/debug/deps/libserde-d6d8ecf1f3014f69.rmeta
 INFO rustc_metadata::locator rmeta reading metadata from: /evidence/target/debug/deps/libserde-d6d8ecf1f3014f69.rmeta
 INFO rustc_metadata::locator rmeta reading metadata from: /evidence/target/debug/deps/libserde-d6d8ecf1f3014f69.rmeta
 INFO rustc_metadata::locator rmeta reading metadata from: /evidence/target/debug/deps/libserde-d6d8ecf1f3014f69.rmeta
 INFO rustc_metadata::locator rmeta reading metadata from: /evidence/target/debug/deps/libserde-d6d8ecf1f3014f69.rmeta
 INFO rustc_metadata::locator rmeta reading metadata from: /evidence/target/debug/deps/libserde-d6d8ecf1f3014f69.rmeta
 INFO rustc_metadata::locator rmeta reading metadata from: /evidence/target/debug/deps/libserde-d6d8ecf1f3014f69.rmeta
 INFO rustc_metadata::locator rmeta reading metadata from: /evidence/target/debug/deps/libserde-d6d8ecf1f3014f69.rmeta
 INFO rustc_metadata::locator rmeta reading metadata from: /evidence/target/debug/deps/libserde-d6d8ecf1f3014f69.rmeta
 INFO rustc_metadata::locator rmeta reading metadata from: /evidence/target/debug/deps/libserde-d6d8ecf1f3014f69.rmeta
 INFO rustc_metadata::locator rmeta reading metadata from: /evidence/target/debug/deps/libserde-d6d8ecf1f3014f69.rmeta
 INFO rustc_metadata::locator rmeta reading metadata from: /evidence/target/debug/deps/libserde-d6d8ecf1f3014f69.rmeta
 INFO rustc_metadata::locator rmeta reading metadata from: /evidence/target/debug/deps/libserde-d6d8ecf1f3014f69.rmeta
 INFO rustc_metadata::locator rmeta reading metadata from: /evidence/target/debug/deps/libserde-d6d8ecf1f3014f69.rmeta
 INFO rustc_metadata::locator rmeta reading metadata from: /evidence/target/debug/deps/libserde-d6d8ecf1f3014f69.rmeta
 INFO rustc_metadata::locator rmeta reading metadata from: /evidence/target/debug/deps/libserde-d6d8ecf1f3014f69.rmeta
 INFO rustc_metadata::locator rmeta reading metadata from: /evidence/target/debug/deps/libserde-d6d8ecf1f3014f69.rmeta
 INFO rustc_metadata::locator rmeta reading metadata from: /evidence/target/debug/deps/libserde-d6d8ecf1f3014f69.rmeta
 INFO rustc_metadata::locator rmeta reading metadata from: /evidence/target/debug/deps/libserde-d6d8ecf1f3014f69.rmeta
 INFO rustc_metadata::locator rmeta reading metadata from: /evidence/target/debug/deps/libserde-d6d8ecf1f3014f69.rmeta
 INFO rustc_metadata::locator rmeta reading metadata from: /evidence/target/debug/deps/libserde-d6d8ecf1f3014f69.rmeta
 INFO rustc_metadata::locator rmeta reading metadata from: /evidence/target/debug/deps/libserde-d6d8ecf1f3014f69.rmeta
 INFO rustc_metadata::locator rmeta reading metadata from: /evidence/target/debug/deps/libserde-d6d8ecf1f3014f69.rmeta
 INFO rustc_metadata::locator rmeta reading metadata from: /evidence/target/debug/deps/libserde-d6d8ecf1f3014f69.rmeta
 INFO rustc_metadata::locator rmeta reading metadata from: /evidence/target/debug/deps/libserde-d6d8ecf1f3014f69.rmeta
 INFO rustc_metadata::locator rmeta reading metadata from: /evidence/target/debug/deps/libserde-d6d8ecf1f3014f69.rmeta
 INFO rustc_metadata::locator rmeta reading metadata from: /evidence/target/debug/deps/libserde-d6d8ecf1f3014f69.rmeta
 INFO rustc_metadata::locator rmeta reading metadata from: /evidence/target/debug/deps/libserde-d6d8ecf1f3014f69.rmeta
 INFO rustc_metadata::locator rmeta reading metadata from: /evidence/target/debug/deps/libserde-d6d8ecf1f3014f69.rmeta
 INFO rustc_metadata::locator rmeta reading metadata from: /evidence/target/debug/deps/libserde-d6d8ecf1f3014f69.rmeta
 INFO rustc_metadata::locator rmeta reading metadata from: /evidence/target/debug/deps/libserde-d6d8ecf1f3014f69.rmeta
 INFO rustc_metadata::locator rmeta reading metadata from: /evidence/target/debug/deps/libthiserror-07e31c065c104b48.rmeta
 INFO rustc_metadata::locator lib candidate: /evidence/target/debug/deps/libthiserror_impl-4595eaec74c6974c.so
 INFO rustc_metadata::locator dylib reading metadata from: /evidence/target/debug/deps/libthiserror_impl-4595eaec74c6974c.so
 INFO rustc_metadata::locator Rejecting via proc macro: expected false got true
 INFO rustc_metadata::locator metadata mismatch
 INFO rustc_metadata::locator lib candidate: /evidence/target/debug/deps/libthiserror_impl-4595eaec74c6974c.so
 INFO rustc_metadata::locator lib candidate: /evidence/target/debug/deps/libthiserror_impl-4595eaec74c6974c.so
 INFO rustc_metadata::locator dylib reading metadata from: /evidence/target/debug/deps/libthiserror_impl-4595eaec74c6974c.so
 INFO rustc_metadata::locator lib candidate: /usr/local/rustup/toolchains/1.98.1-aarch64-unknown-linux-gnu/lib/rustlib/aarch64-unknown-linux-gnu/lib/libcore-276de952897abe1c.rlib
 INFO rustc_metadata::locator lib candidate: /usr/local/rustup/toolchains/1.98.1-aarch64-unknown-linux-gnu/lib/rustlib/aarch64-unknown-linux-gnu/lib/libcore-276de952897abe1c.rmeta
 INFO rustc_metadata::locator rmeta reading metadata from: /usr/local/rustup/toolchains/1.98.1-aarch64-unknown-linux-gnu/lib/rustlib/aarch64-unknown-linux-gnu/lib/libcore-276de952897abe1c.rmeta
 INFO rustc_metadata::locator rmeta reading metadata from: /evidence/target/debug/deps/libserde-d6d8ecf1f3014f69.rmeta
 INFO rustc_metadata::locator rmeta reading metadata from: /evidence/target/debug/deps/libserde-d6d8ecf1f3014f69.rmeta
 INFO rustc_metadata::locator rmeta reading metadata from: /evidence/target/debug/deps/libserde-d6d8ecf1f3014f69.rmeta
 INFO rustc_metadata::locator rmeta reading metadata from: /evidence/target/debug/deps/libserde-d6d8ecf1f3014f69.rmeta
 INFO rustc_metadata::locator rmeta reading metadata from: /evidence/target/debug/deps/libserde-d6d8ecf1f3014f69.rmeta
 INFO rustc_metadata::locator rmeta reading metadata from: /evidence/target/debug/deps/libserde-d6d8ecf1f3014f69.rmeta
 INFO rustc_metadata::locator rmeta reading metadata from: /evidence/target/debug/deps/libserde-d6d8ecf1f3014f69.rmeta
 INFO rustc_metadata::locator rmeta reading metadata from: /evidence/target/debug/deps/libserde-d6d8ecf1f3014f69.rmeta
 INFO rustc_metadata::locator rmeta reading metadata from: /evidence/target/debug/deps/libserde-d6d8ecf1f3014f69.rmeta
 INFO rustc_metadata::locator rmeta reading metadata from: /evidence/target/debug/deps/libserde-d6d8ecf1f3014f69.rmeta
 INFO rustc_metadata::locator rmeta reading metadata from: /evidence/target/debug/deps/libserde-d6d8ecf1f3014f69.rmeta
 INFO rustc_metadata::locator rmeta reading metadata from: /evidence/target/debug/deps/libserde-d6d8ecf1f3014f69.rmeta
 INFO rustc_metadata::locator rmeta reading metadata from: /evidence/target/debug/deps/libserde-d6d8ecf1f3014f69.rmeta
 INFO rustc_metadata::locator rmeta reading metadata from: /evidence/target/debug/deps/libserde-d6d8ecf1f3014f69.rmeta
 INFO rustc_metadata::locator rmeta reading metadata from: /evidence/target/debug/deps/libserde-d6d8ecf1f3014f69.rmeta
 INFO rustc_metadata::locator rmeta reading metadata from: /evidence/target/debug/deps/libserde-d6d8ecf1f3014f69.rmeta
 INFO rustc_metadata::locator rmeta reading metadata from: /evidence/target/debug/deps/libserde-d6d8ecf1f3014f69.rmeta
 INFO rustc_metadata::locator rmeta reading metadata from: /evidence/target/debug/deps/libserde-d6d8ecf1f3014f69.rmeta
 INFO rustc_metadata::locator rmeta reading metadata from: /evidence/target/debug/deps/libserde-d6d8ecf1f3014f69.rmeta
 INFO rustc_metadata::locator rmeta reading metadata from: /evidence/target/debug/deps/libserde-d6d8ecf1f3014f69.rmeta
 INFO rustc_metadata::locator rmeta reading metadata from: /evidence/target/debug/deps/libserde-d6d8ecf1f3014f69.rmeta
 INFO rustc_metadata::locator rmeta reading metadata from: /evidence/target/debug/deps/libserde-d6d8ecf1f3014f69.rmeta
 INFO rustc_metadata::locator rmeta reading metadata from: /evidence/target/debug/deps/libserde-d6d8ecf1f3014f69.rmeta
 INFO rustc_metadata::locator rmeta reading metadata from: /evidence/target/debug/deps/libserde-d6d8ecf1f3014f69.rmeta
 INFO rustc_metadata::locator rmeta reading metadata from: /evidence/target/debug/deps/libserde-d6d8ecf1f3014f69.rmeta
 INFO rustc_metadata::locator rmeta reading metadata from: /evidence/target/debug/deps/libserde-d6d8ecf1f3014f69.rmeta
 INFO rustc_metadata::locator rmeta reading metadata from: /evidence/target/debug/deps/libserde-d6d8ecf1f3014f69.rmeta
 INFO rustc_metadata::locator rmeta reading metadata from: /evidence/target/debug/deps/libserde-d6d8ecf1f3014f69.rmeta
 INFO rustc_metadata::locator rmeta reading metadata from: /evidence/target/debug/deps/libserde-d6d8ecf1f3014f69.rmeta
 INFO rustc_metadata::locator rmeta reading metadata from: /evidence/target/debug/deps/libserde-d6d8ecf1f3014f69.rmeta
 INFO rustc_metadata::locator rmeta reading metadata from: /evidence/target/debug/deps/libserde-d6d8ecf1f3014f69.rmeta
 INFO rustc_metadata::locator rmeta reading metadata from: /evidence/target/debug/deps/libserde-d6d8ecf1f3014f69.rmeta
 INFO rustc_metadata::locator rmeta reading metadata from: /evidence/target/debug/deps/libserde-d6d8ecf1f3014f69.rmeta
 INFO rustc_metadata::locator rmeta reading metadata from: /evidence/target/debug/deps/libserde-d6d8ecf1f3014f69.rmeta
 INFO rustc_metadata::locator rmeta reading metadata from: /evidence/target/debug/deps/libserde-d6d8ecf1f3014f69.rmeta
 INFO rustc_metadata::locator rmeta reading metadata from: /evidence/target/debug/deps/libserde-d6d8ecf1f3014f69.rmeta
 INFO rustc_metadata::locator rmeta reading metadata from: /evidence/target/debug/deps/libserde-d6d8ecf1f3014f69.rmeta
 INFO rustc_metadata::locator lib candidate: /usr/local/rustup/toolchains/1.98.1-aarch64-unknown-linux-gnu/lib/rustlib/aarch64-unknown-linux-gnu/lib/libstd-96c9fe7a07d47cf2.rlib
 INFO rustc_metadata::locator lib candidate: /usr/local/rustup/toolchains/1.98.1-aarch64-unknown-linux-gnu/lib/rustlib/aarch64-unknown-linux-gnu/lib/libstd_detect-744cebc7daba8a68.rlib
 INFO rustc_metadata::locator lib candidate: /usr/local/rustup/toolchains/1.98.1-aarch64-unknown-linux-gnu/lib/rustlib/aarch64-unknown-linux-gnu/lib/libstd-96c9fe7a07d47cf2.rmeta
 INFO rustc_metadata::locator lib candidate: /usr/local/rustup/toolchains/1.98.1-aarch64-unknown-linux-gnu/lib/rustlib/aarch64-unknown-linux-gnu/lib/libstd_detect-744cebc7daba8a68.rmeta
 INFO rustc_metadata::locator lib candidate: /usr/local/rustup/toolchains/1.98.1-aarch64-unknown-linux-gnu/lib/rustlib/aarch64-unknown-linux-gnu/lib/libstd-96c9fe7a07d47cf2.so
 INFO rustc_metadata::locator rmeta reading metadata from: /usr/local/rustup/toolchains/1.98.1-aarch64-unknown-linux-gnu/lib/rustlib/aarch64-unknown-linux-gnu/lib/libstd-96c9fe7a07d47cf2.rmeta
 INFO rustc_metadata::locator rmeta reading metadata from: /usr/local/rustup/toolchains/1.98.1-aarch64-unknown-linux-gnu/lib/rustlib/aarch64-unknown-linux-gnu/lib/libstd_detect-744cebc7daba8a68.rmeta
 INFO rustc_metadata::locator Rejecting via crate name
 INFO rustc_metadata::locator metadata mismatch
 INFO rustc_metadata::locator rlib reading metadata from: /usr/local/rustup/toolchains/1.98.1-aarch64-unknown-linux-gnu/lib/rustlib/aarch64-unknown-linux-gnu/lib/libstd_detect-744cebc7daba8a68.rlib
 INFO rustc_metadata::locator Rejecting via crate name
 INFO rustc_metadata::locator metadata mismatch
 INFO rustc_metadata::locator rmeta reading metadata from: /evidence/target/debug/deps/libserde_json-11abb16a171c35d7.rmeta
 INFO rustc_metadata::locator rmeta reading metadata from: /evidence/target/debug/deps/libsha2-87c2a29f79131b25.rmeta
 INFO rustc_metadata::locator rmeta reading metadata from: /evidence/target/debug/deps/libthiserror-07e31c065c104b48.rmeta
 INFO rustc_metadata::locator lib candidate: /usr/local/rustup/toolchains/1.98.1-aarch64-unknown-linux-gnu/lib/rustlib/aarch64-unknown-linux-gnu/lib/libcore-276de952897abe1c.rlib
 INFO rustc_metadata::locator lib candidate: /usr/local/rustup/toolchains/1.98.1-aarch64-unknown-linux-gnu/lib/rustlib/aarch64-unknown-linux-gnu/lib/libcore-276de952897abe1c.rmeta
 INFO rustc_metadata::locator rmeta reading metadata from: /usr/local/rustup/toolchains/1.98.1-aarch64-unknown-linux-gnu/lib/rustlib/aarch64-unknown-linux-gnu/lib/libcore-276de952897abe1c.rmeta
 INFO rustc_metadata::locator rmeta reading metadata from: /evidence/target/debug/deps/libserde_jcs-a7e9c10d7b08fa36.rmeta
 INFO rustc_metadata::locator lib candidate: /evidence/target/debug/deps/libryu_js-4a94eac673420f44.rlib
 INFO rustc_metadata::locator lib candidate: /evidence/target/debug/deps/libryu_js-4a94eac673420f44.rmeta
 INFO rustc_metadata::locator rmeta reading metadata from: /evidence/target/debug/deps/libryu_js-4a94eac673420f44.rmeta
 INFO rustc_metadata::locator rmeta reading metadata from: /evidence/target/debug/deps/libuuid-10bf73c9022f40b5.rmeta
 INFO rustc_metadata::locator lib candidate: /evidence/target/debug/deps/libgetrandom-85bc01ee6776ef35.rlib
 INFO rustc_metadata::locator lib candidate: /evidence/target/debug/deps/libgetrandom-85bc01ee6776ef35.rmeta
 INFO rustc_metadata::locator rmeta reading metadata from: /evidence/target/debug/deps/libgetrandom-85bc01ee6776ef35.rmeta
 INFO rustc_metadata::locator lib candidate: /evidence/target/debug/deps/liblibc-289269b039bba117.rlib
 INFO rustc_metadata::locator lib candidate: /evidence/target/debug/deps/liblibc-289269b039bba117.rmeta
 INFO rustc_metadata::locator rmeta reading metadata from: /evidence/target/debug/deps/liblibc-289269b039bba117.rmeta
   Compiling rx-ports v0.1.0 (/source/sdk/crates/rx-ports)
     Running `CARGO=/usr/local/rustup/toolchains/1.98.1-aarch64-unknown-linux-gnu/bin/cargo CARGO_CRATE_NAME=rx_ports CARGO_MANIFEST_DIR=/source/sdk/crates/rx-ports CARGO_MANIFEST_PATH=/source/sdk/crates/rx-ports/Cargo.toml CARGO_PKG_AUTHORS='' CARGO_PKG_DESCRIPTION='' CARGO_PKG_HOMEPAGE='' CARGO_PKG_LICENSE=Apache-2.0 CARGO_PKG_LICENSE_FILE='' CARGO_PKG_NAME=rx-ports CARGO_PKG_README='' CARGO_PKG_REPOSITORY='' CARGO_PKG_RUST_VERSION='' CARGO_PKG_VERSION=0.1.0 CARGO_PKG_VERSION_MAJOR=0 CARGO_PKG_VERSION_MINOR=1 CARGO_PKG_VERSION_PATCH=0 CARGO_PKG_VERSION_PRE='' LD_LIBRARY_PATH='/evidence/target/debug/deps:/usr/local/rustup/toolchains/1.98.1-aarch64-unknown-linux-gnu/lib' /usr/local/rustup/toolchains/1.98.1-aarch64-unknown-linux-gnu/bin/rustc --crate-name rx_ports --edition=2024 sdk/crates/rx-ports/src/lib.rs --error-format=json --json=diagnostic-rendered-ansi,artifacts,future-incompat --crate-type lib --emit=dep-info,metadata,link -C embed-bitcode=no -C debuginfo=2 --forbid=unsafe_code '--warn=clippy::all' --check-cfg 'cfg(docsrs,test)' --check-cfg 'cfg(feature, values())' -C metadata=40d39b1d222f30a1 -C extra-filename=-4fb1315306ceee2b --out-dir /evidence/target/debug/deps -C incremental=/evidence/target/debug/incremental -L dependency=/evidence/target/debug/deps --extern rx_domain=/evidence/target/debug/deps/librx_domain-604adb34f600faa7.rmeta --extern serde=/evidence/target/debug/deps/libserde-d6d8ecf1f3014f69.rmeta --extern serde_json=/evidence/target/debug/deps/libserde_json-11abb16a171c35d7.rmeta --extern thiserror=/evidence/target/debug/deps/libthiserror-07e31c065c104b48.rmeta`
 INFO rustc_metadata::locator lib candidate: /usr/local/rustup/toolchains/1.98.1-aarch64-unknown-linux-gnu/lib/rustlib/aarch64-unknown-linux-gnu/lib/libstd-96c9fe7a07d47cf2.rlib
 INFO rustc_metadata::locator lib candidate: /usr/local/rustup/toolchains/1.98.1-aarch64-unknown-linux-gnu/lib/rustlib/aarch64-unknown-linux-gnu/lib/libstd_detect-744cebc7daba8a68.rlib
 INFO rustc_metadata::locator lib candidate: /usr/local/rustup/toolchains/1.98.1-aarch64-unknown-linux-gnu/lib/rustlib/aarch64-unknown-linux-gnu/lib/libstd-96c9fe7a07d47cf2.rmeta
 INFO rustc_metadata::locator lib candidate: /usr/local/rustup/toolchains/1.98.1-aarch64-unknown-linux-gnu/lib/rustlib/aarch64-unknown-linux-gnu/lib/libstd_detect-744cebc7daba8a68.rmeta
 INFO rustc_metadata::locator lib candidate: /usr/local/rustup/toolchains/1.98.1-aarch64-unknown-linux-gnu/lib/rustlib/aarch64-unknown-linux-gnu/lib/libstd-96c9fe7a07d47cf2.so
 INFO rustc_metadata::locator rmeta reading metadata from: /usr/local/rustup/toolchains/1.98.1-aarch64-unknown-linux-gnu/lib/rustlib/aarch64-unknown-linux-gnu/lib/libstd-96c9fe7a07d47cf2.rmeta
 INFO rustc_metadata::locator rmeta reading metadata from: /usr/local/rustup/toolchains/1.98.1-aarch64-unknown-linux-gnu/lib/rustlib/aarch64-unknown-linux-gnu/lib/libstd_detect-744cebc7daba8a68.rmeta
 INFO rustc_metadata::locator Rejecting via crate name
 INFO rustc_metadata::locator metadata mismatch
 INFO rustc_metadata::locator rlib reading metadata from: /usr/local/rustup/toolchains/1.98.1-aarch64-unknown-linux-gnu/lib/rustlib/aarch64-unknown-linux-gnu/lib/libstd_detect-744cebc7daba8a68.rlib
 INFO rustc_metadata::locator Rejecting via crate name
 INFO rustc_metadata::locator metadata mismatch
 INFO rustc_metadata::locator lib candidate: /usr/local/rustup/toolchains/1.98.1-aarch64-unknown-linux-gnu/lib/rustlib/aarch64-unknown-linux-gnu/lib/libcore-276de952897abe1c.rlib
 INFO rustc_metadata::locator lib candidate: /usr/local/rustup/toolchains/1.98.1-aarch64-unknown-linux-gnu/lib/rustlib/aarch64-unknown-linux-gnu/lib/libcore-276de952897abe1c.rmeta
 INFO rustc_metadata::locator rmeta reading metadata from: /usr/local/rustup/toolchains/1.98.1-aarch64-unknown-linux-gnu/lib/rustlib/aarch64-unknown-linux-gnu/lib/libcore-276de952897abe1c.rmeta
 INFO rustc_metadata::locator lib candidate: /usr/local/rustup/toolchains/1.98.1-aarch64-unknown-linux-gnu/lib/rustlib/aarch64-unknown-linux-gnu/lib/liballoc-5ed91a8779ad9241.rlib
 INFO rustc_metadata::locator lib candidate: /usr/local/rustup/toolchains/1.98.1-aarch64-unknown-linux-gnu/lib/rustlib/aarch64-unknown-linux-gnu/lib/liballoc-5ed91a8779ad9241.rmeta
 INFO rustc_metadata::locator rmeta reading metadata from: /usr/local/rustup/toolchains/1.98.1-aarch64-unknown-linux-gnu/lib/rustlib/aarch64-unknown-linux-gnu/lib/liballoc-5ed91a8779ad9241.rmeta
 INFO rustc_metadata::locator lib candidate: /usr/local/rustup/toolchains/1.98.1-aarch64-unknown-linux-gnu/lib/rustlib/aarch64-unknown-linux-gnu/lib/libcompiler_builtins-bd0d6dc1a63d46e8.rlib
 INFO rustc_metadata::locator lib candidate: /usr/local/rustup/toolchains/1.98.1-aarch64-unknown-linux-gnu/lib/rustlib/aarch64-unknown-linux-gnu/lib/libcompiler_builtins-bd0d6dc1a63d46e8.rmeta
 INFO rustc_metadata::locator rmeta reading metadata from: /usr/local/rustup/toolchains/1.98.1-aarch64-unknown-linux-gnu/lib/rustlib/aarch64-unknown-linux-gnu/lib/libcompiler_builtins-bd0d6dc1a63d46e8.rmeta
 INFO rustc_metadata::locator lib candidate: /usr/local/rustup/toolchains/1.98.1-aarch64-unknown-linux-gnu/lib/rustlib/aarch64-unknown-linux-gnu/lib/liblibc-d4267515c636bbd5.rlib
 INFO rustc_metadata::locator lib candidate: /usr/local/rustup/toolchains/1.98.1-aarch64-unknown-linux-gnu/lib/rustlib/aarch64-unknown-linux-gnu/lib/liblibc-d4267515c636bbd5.rmeta
 INFO rustc_metadata::locator rmeta reading metadata from: /usr/local/rustup/toolchains/1.98.1-aarch64-unknown-linux-gnu/lib/rustlib/aarch64-unknown-linux-gnu/lib/liblibc-d4267515c636bbd5.rmeta
 INFO rustc_metadata::locator lib candidate: /usr/local/rustup/toolchains/1.98.1-aarch64-unknown-linux-gnu/lib/rustlib/aarch64-unknown-linux-gnu/lib/librustc_std_workspace_core-60f5aed5b0be39ba.rlib
 INFO rustc_metadata::locator lib candidate: /usr/local/rustup/toolchains/1.98.1-aarch64-unknown-linux-gnu/lib/rustlib/aarch64-unknown-linux-gnu/lib/librustc_std_workspace_core-60f5aed5b0be39ba.rmeta
 INFO rustc_metadata::locator rmeta reading metadata from: /usr/local/rustup/toolchains/1.98.1-aarch64-unknown-linux-gnu/lib/rustlib/aarch64-unknown-linux-gnu/lib/librustc_std_workspace_core-60f5aed5b0be39ba.rmeta
 INFO rustc_metadata::locator lib candidate: /usr/local/rustup/toolchains/1.98.1-aarch64-unknown-linux-gnu/lib/rustlib/aarch64-unknown-linux-gnu/lib/libunwind-0d91334590e8fac0.rlib
 INFO rustc_metadata::locator lib candidate: /usr/local/rustup/toolchains/1.98.1-aarch64-unknown-linux-gnu/lib/rustlib/aarch64-unknown-linux-gnu/lib/libunwind-0d91334590e8fac0.rmeta
 INFO rustc_metadata::locator rmeta reading metadata from: /usr/local/rustup/toolchains/1.98.1-aarch64-unknown-linux-gnu/lib/rustlib/aarch64-unknown-linux-gnu/lib/libunwind-0d91334590e8fac0.rmeta
 INFO rustc_metadata::locator lib candidate: /usr/local/rustup/toolchains/1.98.1-aarch64-unknown-linux-gnu/lib/rustlib/aarch64-unknown-linux-gnu/lib/libminiz_oxide-fd627a3cab0f8638.rlib
 INFO rustc_metadata::locator lib candidate: /usr/local/rustup/toolchains/1.98.1-aarch64-unknown-linux-gnu/lib/rustlib/aarch64-unknown-linux-gnu/lib/libminiz_oxide-fd627a3cab0f8638.rmeta
 INFO rustc_metadata::locator rmeta reading metadata from: /usr/local/rustup/toolchains/1.98.1-aarch64-unknown-linux-gnu/lib/rustlib/aarch64-unknown-linux-gnu/lib/libminiz_oxide-fd627a3cab0f8638.rmeta
 INFO rustc_metadata::locator lib candidate: /usr/local/rustup/toolchains/1.98.1-aarch64-unknown-linux-gnu/lib/rustlib/aarch64-unknown-linux-gnu/lib/libadler2-49f29a8856c93b22.rlib
 INFO rustc_metadata::locator lib candidate: /usr/local/rustup/toolchains/1.98.1-aarch64-unknown-linux-gnu/lib/rustlib/aarch64-unknown-linux-gnu/lib/libadler2-49f29a8856c93b22.rmeta
 INFO rustc_metadata::locator rmeta reading metadata from: /usr/local/rustup/toolchains/1.98.1-aarch64-unknown-linux-gnu/lib/rustlib/aarch64-unknown-linux-gnu/lib/libadler2-49f29a8856c93b22.rmeta
 INFO rustc_metadata::locator lib candidate: /usr/local/rustup/toolchains/1.98.1-aarch64-unknown-linux-gnu/lib/rustlib/aarch64-unknown-linux-gnu/lib/libhashbrown-59d69e789b093c2f.rlib
 INFO rustc_metadata::locator lib candidate: /usr/local/rustup/toolchains/1.98.1-aarch64-unknown-linux-gnu/lib/rustlib/aarch64-unknown-linux-gnu/lib/libhashbrown-59d69e789b093c2f.rmeta
 INFO rustc_metadata::locator rmeta reading metadata from: /usr/local/rustup/toolchains/1.98.1-aarch64-unknown-linux-gnu/lib/rustlib/aarch64-unknown-linux-gnu/lib/libhashbrown-59d69e789b093c2f.rmeta
 INFO rustc_metadata::locator lib candidate: /usr/local/rustup/toolchains/1.98.1-aarch64-unknown-linux-gnu/lib/rustlib/aarch64-unknown-linux-gnu/lib/librustc_std_workspace_alloc-21af30201253cbfb.rlib
 INFO rustc_metadata::locator lib candidate: /usr/local/rustup/toolchains/1.98.1-aarch64-unknown-linux-gnu/lib/rustlib/aarch64-unknown-linux-gnu/lib/librustc_std_workspace_alloc-21af30201253cbfb.rmeta
 INFO rustc_metadata::locator rmeta reading metadata from: /usr/local/rustup/toolchains/1.98.1-aarch64-unknown-linux-gnu/lib/rustlib/aarch64-unknown-linux-gnu/lib/librustc_std_workspace_alloc-21af30201253cbfb.rmeta
 INFO rustc_metadata::locator lib candidate: /usr/local/rustup/toolchains/1.98.1-aarch64-unknown-linux-gnu/lib/rustlib/aarch64-unknown-linux-gnu/lib/libstd_detect-744cebc7daba8a68.rlib
 INFO rustc_metadata::locator lib candidate: /usr/local/rustup/toolchains/1.98.1-aarch64-unknown-linux-gnu/lib/rustlib/aarch64-unknown-linux-gnu/lib/libstd_detect-744cebc7daba8a68.rmeta
 INFO rustc_metadata::locator rmeta reading metadata from: /usr/local/rustup/toolchains/1.98.1-aarch64-unknown-linux-gnu/lib/rustlib/aarch64-unknown-linux-gnu/lib/libstd_detect-744cebc7daba8a68.rmeta
 INFO rustc_metadata::locator lib candidate: /usr/local/rustup/toolchains/1.98.1-aarch64-unknown-linux-gnu/lib/rustlib/aarch64-unknown-linux-gnu/lib/librustc_demangle-4f11a1d3df1ceb19.rlib
 INFO rustc_metadata::locator lib candidate: /usr/local/rustup/toolchains/1.98.1-aarch64-unknown-linux-gnu/lib/rustlib/aarch64-unknown-linux-gnu/lib/librustc_demangle-4f11a1d3df1ceb19.rmeta
 INFO rustc_metadata::locator rmeta reading metadata from: /usr/local/rustup/toolchains/1.98.1-aarch64-unknown-linux-gnu/lib/rustlib/aarch64-unknown-linux-gnu/lib/librustc_demangle-4f11a1d3df1ceb19.rmeta
 INFO rustc_metadata::locator lib candidate: /usr/local/rustup/toolchains/1.98.1-aarch64-unknown-linux-gnu/lib/rustlib/aarch64-unknown-linux-gnu/lib/libcfg_if-4cb5d4e7ecc5ab9b.rlib
 INFO rustc_metadata::locator lib candidate: /usr/local/rustup/toolchains/1.98.1-aarch64-unknown-linux-gnu/lib/rustlib/aarch64-unknown-linux-gnu/lib/libcfg_if-4cb5d4e7ecc5ab9b.rmeta
 INFO rustc_metadata::locator rmeta reading metadata from: /usr/local/rustup/toolchains/1.98.1-aarch64-unknown-linux-gnu/lib/rustlib/aarch64-unknown-linux-gnu/lib/libcfg_if-4cb5d4e7ecc5ab9b.rmeta
 INFO rustc_metadata::locator lib candidate: /usr/local/rustup/toolchains/1.98.1-aarch64-unknown-linux-gnu/lib/rustlib/aarch64-unknown-linux-gnu/lib/libaddr2line-c9b51fa144ecb69d.rlib
 INFO rustc_metadata::locator lib candidate: /usr/local/rustup/toolchains/1.98.1-aarch64-unknown-linux-gnu/lib/rustlib/aarch64-unknown-linux-gnu/lib/libaddr2line-c9b51fa144ecb69d.rmeta
 INFO rustc_metadata::locator rmeta reading metadata from: /usr/local/rustup/toolchains/1.98.1-aarch64-unknown-linux-gnu/lib/rustlib/aarch64-unknown-linux-gnu/lib/libaddr2line-c9b51fa144ecb69d.rmeta
 INFO rustc_metadata::locator lib candidate: /usr/local/rustup/toolchains/1.98.1-aarch64-unknown-linux-gnu/lib/rustlib/aarch64-unknown-linux-gnu/lib/libgimli-f28aeee62441776d.rlib
 INFO rustc_metadata::locator lib candidate: /usr/local/rustup/toolchains/1.98.1-aarch64-unknown-linux-gnu/lib/rustlib/aarch64-unknown-linux-gnu/lib/libgimli-f28aeee62441776d.rmeta
 INFO rustc_metadata::locator rmeta reading metadata from: /usr/local/rustup/toolchains/1.98.1-aarch64-unknown-linux-gnu/lib/rustlib/aarch64-unknown-linux-gnu/lib/libgimli-f28aeee62441776d.rmeta
 INFO rustc_metadata::locator lib candidate: /usr/local/rustup/toolchains/1.98.1-aarch64-unknown-linux-gnu/lib/rustlib/aarch64-unknown-linux-gnu/lib/libobject-d659ca1c4445f0ff.rlib
 INFO rustc_metadata::locator lib candidate: /usr/local/rustup/toolchains/1.98.1-aarch64-unknown-linux-gnu/lib/rustlib/aarch64-unknown-linux-gnu/lib/libobject-d659ca1c4445f0ff.rmeta
 INFO rustc_metadata::locator rmeta reading metadata from: /usr/local/rustup/toolchains/1.98.1-aarch64-unknown-linux-gnu/lib/rustlib/aarch64-unknown-linux-gnu/lib/libobject-d659ca1c4445f0ff.rmeta
 INFO rustc_metadata::locator lib candidate: /usr/local/rustup/toolchains/1.98.1-aarch64-unknown-linux-gnu/lib/rustlib/aarch64-unknown-linux-gnu/lib/libmemchr-740af70dcfdcb340.rlib
 INFO rustc_metadata::locator lib candidate: /usr/local/rustup/toolchains/1.98.1-aarch64-unknown-linux-gnu/lib/rustlib/aarch64-unknown-linux-gnu/lib/libmemchr-740af70dcfdcb340.rmeta
 INFO rustc_metadata::locator rmeta reading metadata from: /usr/local/rustup/toolchains/1.98.1-aarch64-unknown-linux-gnu/lib/rustlib/aarch64-unknown-linux-gnu/lib/libmemchr-740af70dcfdcb340.rmeta
 INFO rustc_metadata::locator lib candidate: /usr/local/rustup/toolchains/1.98.1-aarch64-unknown-linux-gnu/lib/rustlib/aarch64-unknown-linux-gnu/lib/libpanic_unwind-84356f769662edfe.rlib
 INFO rustc_metadata::locator lib candidate: /usr/local/rustup/toolchains/1.98.1-aarch64-unknown-linux-gnu/lib/rustlib/aarch64-unknown-linux-gnu/lib/libpanic_unwind-84356f769662edfe.rmeta
 INFO rustc_metadata::locator rmeta reading metadata from: /usr/local/rustup/toolchains/1.98.1-aarch64-unknown-linux-gnu/lib/rustlib/aarch64-unknown-linux-gnu/lib/libpanic_unwind-84356f769662edfe.rmeta
 INFO rustc_metadata::locator rmeta reading metadata from: /evidence/target/debug/deps/librx_domain-604adb34f600faa7.rmeta
 INFO rustc_metadata::locator lib candidate: /evidence/target/debug/deps/libserde-d6d8ecf1f3014f69.rlib
 INFO rustc_metadata::locator lib candidate: /evidence/target/debug/deps/libserde-d6d8ecf1f3014f69.rmeta
 INFO rustc_metadata::locator rmeta reading metadata from: /evidence/target/debug/deps/libserde-d6d8ecf1f3014f69.rmeta
 INFO rustc_metadata::locator lib candidate: /evidence/target/debug/deps/libserde_derive-433728bc0d92981e.so
 INFO rustc_metadata::locator dylib reading metadata from: /evidence/target/debug/deps/libserde_derive-433728bc0d92981e.so
 INFO rustc_metadata::locator Rejecting via proc macro: expected false got true
 INFO rustc_metadata::locator metadata mismatch
 INFO rustc_metadata::locator lib candidate: /evidence/target/debug/deps/libserde_derive-433728bc0d92981e.so
 INFO rustc_metadata::locator lib candidate: /evidence/target/debug/deps/libserde_derive-433728bc0d92981e.so
 INFO rustc_metadata::locator dylib reading metadata from: /evidence/target/debug/deps/libserde_derive-433728bc0d92981e.so
 INFO rustc_metadata::locator lib candidate: /evidence/target/debug/deps/libserde_core-6f42655a3fc1afa3.rlib
 INFO rustc_metadata::locator lib candidate: /evidence/target/debug/deps/libserde_core-6f42655a3fc1afa3.rmeta
 INFO rustc_metadata::locator rmeta reading metadata from: /evidence/target/debug/deps/libserde_core-6f42655a3fc1afa3.rmeta
 INFO rustc_metadata::locator lib candidate: /evidence/target/debug/deps/libserde_json-11abb16a171c35d7.rlib
 INFO rustc_metadata::locator lib candidate: /evidence/target/debug/deps/libserde_json-11abb16a171c35d7.rmeta
 INFO rustc_metadata::locator rmeta reading metadata from: /evidence/target/debug/deps/libserde_json-11abb16a171c35d7.rmeta
 INFO rustc_metadata::locator lib candidate: /evidence/target/debug/deps/libitoa-e102cd1e89c6b445.rlib
 INFO rustc_metadata::locator lib candidate: /evidence/target/debug/deps/libitoa-e102cd1e89c6b445.rmeta
 INFO rustc_metadata::locator rmeta reading metadata from: /evidence/target/debug/deps/libitoa-e102cd1e89c6b445.rmeta
 INFO rustc_metadata::locator lib candidate: /evidence/target/debug/deps/libzmij-a028af3cf5c0c27b.rlib
 INFO rustc_metadata::locator lib candidate: /evidence/target/debug/deps/libzmij-a028af3cf5c0c27b.rmeta
 INFO rustc_metadata::locator rmeta reading metadata from: /evidence/target/debug/deps/libzmij-a028af3cf5c0c27b.rmeta
 INFO rustc_metadata::locator lib candidate: /evidence/target/debug/deps/libmemchr-8362a2c5edc2d889.rlib
 INFO rustc_metadata::locator lib candidate: /evidence/target/debug/deps/libmemchr-8362a2c5edc2d889.rmeta
 INFO rustc_metadata::locator rmeta reading metadata from: /evidence/target/debug/deps/libmemchr-8362a2c5edc2d889.rmeta
 INFO rustc_metadata::locator lib candidate: /evidence/target/debug/deps/libsha2-87c2a29f79131b25.rlib
 INFO rustc_metadata::locator lib candidate: /evidence/target/debug/deps/libsha2-87c2a29f79131b25.rmeta
 INFO rustc_metadata::locator rmeta reading metadata from: /evidence/target/debug/deps/libsha2-87c2a29f79131b25.rmeta
 INFO rustc_metadata::locator lib candidate: /evidence/target/debug/deps/libdigest-2f251867783bd5a4.rlib
 INFO rustc_metadata::locator lib candidate: /evidence/target/debug/deps/libdigest-2f251867783bd5a4.rmeta
 INFO rustc_metadata::locator rmeta reading metadata from: /evidence/target/debug/deps/libdigest-2f251867783bd5a4.rmeta
 INFO rustc_metadata::locator lib candidate: /evidence/target/debug/deps/libcrypto_common-b0f7f891cf9945a7.rlib
 INFO rustc_metadata::locator lib candidate: /evidence/target/debug/deps/libcrypto_common-b0f7f891cf9945a7.rmeta
 INFO rustc_metadata::locator rmeta reading metadata from: /evidence/target/debug/deps/libcrypto_common-b0f7f891cf9945a7.rmeta
 INFO rustc_metadata::locator lib candidate: /evidence/target/debug/deps/libgeneric_array-9ab4e04c59dd2c19.rlib
 INFO rustc_metadata::locator lib candidate: /evidence/target/debug/deps/libgeneric_array-9ab4e04c59dd2c19.rmeta
 INFO rustc_metadata::locator rmeta reading metadata from: /evidence/target/debug/deps/libgeneric_array-9ab4e04c59dd2c19.rmeta
 INFO rustc_metadata::locator lib candidate: /evidence/target/debug/deps/libtypenum-0d86cd7943364998.rlib
 INFO rustc_metadata::locator lib candidate: /evidence/target/debug/deps/libtypenum-0d86cd7943364998.rmeta
 INFO rustc_metadata::locator rmeta reading metadata from: /evidence/target/debug/deps/libtypenum-0d86cd7943364998.rmeta
 INFO rustc_metadata::locator lib candidate: /evidence/target/debug/deps/libblock_buffer-ac617e59152c2d40.rlib
 INFO rustc_metadata::locator lib candidate: /evidence/target/debug/deps/libblock_buffer-ac617e59152c2d40.rmeta
 INFO rustc_metadata::locator rmeta reading metadata from: /evidence/target/debug/deps/libblock_buffer-ac617e59152c2d40.rmeta
 INFO rustc_metadata::locator lib candidate: /evidence/target/debug/deps/libcfg_if-351d99d93356e30d.rlib
 INFO rustc_metadata::locator lib candidate: /evidence/target/debug/deps/libcfg_if-351d99d93356e30d.rmeta
 INFO rustc_metadata::locator rmeta reading metadata from: /evidence/target/debug/deps/libcfg_if-351d99d93356e30d.rmeta
 INFO rustc_metadata::locator lib candidate: /evidence/target/debug/deps/libthiserror-07e31c065c104b48.rlib
 INFO rustc_metadata::locator lib candidate: /evidence/target/debug/deps/libthiserror-07e31c065c104b48.rmeta
 INFO rustc_metadata::locator rmeta reading metadata from: /evidence/target/debug/deps/libthiserror-07e31c065c104b48.rmeta
 INFO rustc_metadata::locator lib candidate: /evidence/target/debug/deps/libthiserror_impl-4595eaec74c6974c.so
 INFO rustc_metadata::locator dylib reading metadata from: /evidence/target/debug/deps/libthiserror_impl-4595eaec74c6974c.so
 INFO rustc_metadata::locator Rejecting via proc macro: expected false got true
 INFO rustc_metadata::locator metadata mismatch
 INFO rustc_metadata::locator lib candidate: /evidence/target/debug/deps/libthiserror_impl-4595eaec74c6974c.so
 INFO rustc_metadata::locator lib candidate: /evidence/target/debug/deps/libthiserror_impl-4595eaec74c6974c.so
 INFO rustc_metadata::locator dylib reading metadata from: /evidence/target/debug/deps/libthiserror_impl-4595eaec74c6974c.so
 INFO rustc_metadata::locator lib candidate: /evidence/target/debug/deps/libserde_jcs-a7e9c10d7b08fa36.rlib
 INFO rustc_metadata::locator lib candidate: /evidence/target/debug/deps/libserde_jcs-a7e9c10d7b08fa36.rmeta
 INFO rustc_metadata::locator rmeta reading metadata from: /evidence/target/debug/deps/libserde_jcs-a7e9c10d7b08fa36.rmeta
 INFO rustc_metadata::locator lib candidate: /evidence/target/debug/deps/libryu_js-4a94eac673420f44.rlib
 INFO rustc_metadata::locator lib candidate: /evidence/target/debug/deps/libryu_js-4a94eac673420f44.rmeta
 INFO rustc_metadata::locator rmeta reading metadata from: /evidence/target/debug/deps/libryu_js-4a94eac673420f44.rmeta
 INFO rustc_metadata::locator lib candidate: /evidence/target/debug/deps/libuuid-10bf73c9022f40b5.rlib
 INFO rustc_metadata::locator lib candidate: /evidence/target/debug/deps/libuuid-10bf73c9022f40b5.rmeta
 INFO rustc_metadata::locator rmeta reading metadata from: /evidence/target/debug/deps/libuuid-10bf73c9022f40b5.rmeta
 INFO rustc_metadata::locator lib candidate: /evidence/target/debug/deps/libgetrandom-85bc01ee6776ef35.rlib
 INFO rustc_metadata::locator lib candidate: /evidence/target/debug/deps/libgetrandom-85bc01ee6776ef35.rmeta
 INFO rustc_metadata::locator rmeta reading metadata from: /evidence/target/debug/deps/libgetrandom-85bc01ee6776ef35.rmeta
 INFO rustc_metadata::locator lib candidate: /evidence/target/debug/deps/liblibc-289269b039bba117.rlib
 INFO rustc_metadata::locator lib candidate: /evidence/target/debug/deps/liblibc-289269b039bba117.rmeta
 INFO rustc_metadata::locator rmeta reading metadata from: /evidence/target/debug/deps/liblibc-289269b039bba117.rmeta
 INFO rustc_metadata::locator rmeta reading metadata from: /evidence/target/debug/deps/libserde-d6d8ecf1f3014f69.rmeta
 INFO rustc_metadata::locator rmeta reading metadata from: /evidence/target/debug/deps/libserde_json-11abb16a171c35d7.rmeta
 INFO rustc_metadata::locator rmeta reading metadata from: /evidence/target/debug/deps/libthiserror-07e31c065c104b48.rmeta
 INFO rustc_metadata::locator lib candidate: /usr/local/rustup/toolchains/1.98.1-aarch64-unknown-linux-gnu/lib/rustlib/aarch64-unknown-linux-gnu/lib/libcore-276de952897abe1c.rlib
 INFO rustc_metadata::locator lib candidate: /usr/local/rustup/toolchains/1.98.1-aarch64-unknown-linux-gnu/lib/rustlib/aarch64-unknown-linux-gnu/lib/libcore-276de952897abe1c.rmeta
 INFO rustc_metadata::locator rmeta reading metadata from: /usr/local/rustup/toolchains/1.98.1-aarch64-unknown-linux-gnu/lib/rustlib/aarch64-unknown-linux-gnu/lib/libcore-276de952897abe1c.rmeta
 INFO rustc_metadata::locator rmeta reading metadata from: /evidence/target/debug/deps/libserde-d6d8ecf1f3014f69.rmeta
 INFO rustc_metadata::locator rmeta reading metadata from: /evidence/target/debug/deps/libserde-d6d8ecf1f3014f69.rmeta
 INFO rustc_metadata::locator rmeta reading metadata from: /evidence/target/debug/deps/libserde-d6d8ecf1f3014f69.rmeta
 INFO rustc_metadata::locator rmeta reading metadata from: /evidence/target/debug/deps/libserde-d6d8ecf1f3014f69.rmeta
 INFO rustc_metadata::locator rmeta reading metadata from: /evidence/target/debug/deps/libserde-d6d8ecf1f3014f69.rmeta
 INFO rustc_metadata::locator rmeta reading metadata from: /evidence/target/debug/deps/libserde-d6d8ecf1f3014f69.rmeta
 INFO rustc_metadata::locator rmeta reading metadata from: /evidence/target/debug/deps/libserde-d6d8ecf1f3014f69.rmeta
 INFO rustc_metadata::locator rmeta reading metadata from: /evidence/target/debug/deps/libserde-d6d8ecf1f3014f69.rmeta
 INFO rustc_metadata::locator rmeta reading metadata from: /evidence/target/debug/deps/libserde-d6d8ecf1f3014f69.rmeta
 INFO rustc_metadata::locator rmeta reading metadata from: /evidence/target/debug/deps/libserde-d6d8ecf1f3014f69.rmeta
 INFO rustc_metadata::locator rmeta reading metadata from: /evidence/target/debug/deps/librx_domain-604adb34f600faa7.rmeta
 INFO rustc_metadata::locator rmeta reading metadata from: /evidence/target/debug/deps/libserde-d6d8ecf1f3014f69.rmeta
 INFO rustc_metadata::locator rmeta reading metadata from: /evidence/target/debug/deps/libserde_json-11abb16a171c35d7.rmeta
 INFO rustc_metadata::locator rmeta reading metadata from: /evidence/target/debug/deps/libthiserror-07e31c065c104b48.rmeta
 INFO rustc_metadata::locator lib candidate: /usr/local/rustup/toolchains/1.98.1-aarch64-unknown-linux-gnu/lib/rustlib/aarch64-unknown-linux-gnu/lib/libcore-276de952897abe1c.rlib
 INFO rustc_metadata::locator lib candidate: /usr/local/rustup/toolchains/1.98.1-aarch64-unknown-linux-gnu/lib/rustlib/aarch64-unknown-linux-gnu/lib/libcore-276de952897abe1c.rmeta
 INFO rustc_metadata::locator rmeta reading metadata from: /usr/local/rustup/toolchains/1.98.1-aarch64-unknown-linux-gnu/lib/rustlib/aarch64-unknown-linux-gnu/lib/libcore-276de952897abe1c.rmeta
 INFO rustc_metadata::locator lib candidate: /usr/local/rustup/toolchains/1.98.1-aarch64-unknown-linux-gnu/lib/rustlib/aarch64-unknown-linux-gnu/lib/libstd-96c9fe7a07d47cf2.rlib
 INFO rustc_metadata::locator lib candidate: /usr/local/rustup/toolchains/1.98.1-aarch64-unknown-linux-gnu/lib/rustlib/aarch64-unknown-linux-gnu/lib/libstd_detect-744cebc7daba8a68.rlib
 INFO rustc_metadata::locator lib candidate: /usr/local/rustup/toolchains/1.98.1-aarch64-unknown-linux-gnu/lib/rustlib/aarch64-unknown-linux-gnu/lib/libstd-96c9fe7a07d47cf2.rmeta
 INFO rustc_metadata::locator lib candidate: /usr/local/rustup/toolchains/1.98.1-aarch64-unknown-linux-gnu/lib/rustlib/aarch64-unknown-linux-gnu/lib/libstd_detect-744cebc7daba8a68.rmeta
 INFO rustc_metadata::locator lib candidate: /usr/local/rustup/toolchains/1.98.1-aarch64-unknown-linux-gnu/lib/rustlib/aarch64-unknown-linux-gnu/lib/libstd-96c9fe7a07d47cf2.so
 INFO rustc_metadata::locator rmeta reading metadata from: /usr/local/rustup/toolchains/1.98.1-aarch64-unknown-linux-gnu/lib/rustlib/aarch64-unknown-linux-gnu/lib/libstd-96c9fe7a07d47cf2.rmeta
 INFO rustc_metadata::locator rmeta reading metadata from: /usr/local/rustup/toolchains/1.98.1-aarch64-unknown-linux-gnu/lib/rustlib/aarch64-unknown-linux-gnu/lib/libstd_detect-744cebc7daba8a68.rmeta
 INFO rustc_metadata::locator Rejecting via crate name
 INFO rustc_metadata::locator metadata mismatch
 INFO rustc_metadata::locator rlib reading metadata from: /usr/local/rustup/toolchains/1.98.1-aarch64-unknown-linux-gnu/lib/rustlib/aarch64-unknown-linux-gnu/lib/libstd_detect-744cebc7daba8a68.rlib
 INFO rustc_metadata::locator Rejecting via crate name
 INFO rustc_metadata::locator metadata mismatch
   Compiling rx-package v0.1.0 (/source/sdk/crates/rx-package)
   Compiling rx-service-status v0.1.0 (/source/runtime/rx-service-status)
     Running `CARGO=/usr/local/rustup/toolchains/1.98.1-aarch64-unknown-linux-gnu/bin/cargo CARGO_CRATE_NAME=rx_package CARGO_MANIFEST_DIR=/source/sdk/crates/rx-package CARGO_MANIFEST_PATH=/source/sdk/crates/rx-package/Cargo.toml CARGO_PKG_AUTHORS='' CARGO_PKG_DESCRIPTION='' CARGO_PKG_HOMEPAGE='' CARGO_PKG_LICENSE=Apache-2.0 CARGO_PKG_LICENSE_FILE='' CARGO_PKG_NAME=rx-package CARGO_PKG_README='' CARGO_PKG_REPOSITORY='' CARGO_PKG_RUST_VERSION='' CARGO_PKG_VERSION=0.1.0 CARGO_PKG_VERSION_MAJOR=0 CARGO_PKG_VERSION_MINOR=1 CARGO_PKG_VERSION_PATCH=0 CARGO_PKG_VERSION_PRE='' LD_LIBRARY_PATH='/evidence/target/debug/deps:/usr/local/rustup/toolchains/1.98.1-aarch64-unknown-linux-gnu/lib' /usr/local/rustup/toolchains/1.98.1-aarch64-unknown-linux-gnu/bin/rustc --crate-name rx_package --edition=2024 sdk/crates/rx-package/src/lib.rs --error-format=json --json=diagnostic-rendered-ansi,artifacts,future-incompat --crate-type lib --emit=dep-info,metadata,link -C embed-bitcode=no -C debuginfo=2 --forbid=unsafe_code '--warn=clippy::all' --check-cfg 'cfg(docsrs,test)' --check-cfg 'cfg(feature, values())' -C metadata=d2699c1c4a5db19a -C extra-filename=-26fea21b4d8d651b --out-dir /evidence/target/debug/deps -C incremental=/evidence/target/debug/incremental -L dependency=/evidence/target/debug/deps --extern cap_fs_ext=/evidence/target/debug/deps/libcap_fs_ext-81cc37eb885e2350.rmeta --extern cap_std=/evidence/target/debug/deps/libcap_std-1515949f44ca7d5f.rmeta --extern ed25519_dalek=/evidence/target/debug/deps/libed25519_dalek-f4dab47b8bae84fe.rmeta --extern rustix=/evidence/target/debug/deps/librustix-99c2fd42b5875ba2.rmeta --extern rx_domain=/evidence/target/debug/deps/librx_domain-604adb34f600faa7.rmeta --extern rx_ports=/evidence/target/debug/deps/librx_ports-4fb1315306ceee2b.rmeta --extern semver=/evidence/target/debug/deps/libsemver-fdb5d8adc8815b21.rmeta --extern serde=/evidence/target/debug/deps/libserde-d6d8ecf1f3014f69.rmeta --extern serde_json=/evidence/target/debug/deps/libserde_json-11abb16a171c35d7.rmeta --extern sha2=/evidence/target/debug/deps/libsha2-87c2a29f79131b25.rmeta --extern tempfile=/evidence/target/debug/deps/libtempfile-b38700c1d9fac7a9.rmeta --extern thiserror=/evidence/target/debug/deps/libthiserror-07e31c065c104b48.rmeta --extern uuid=/evidence/target/debug/deps/libuuid-10bf73c9022f40b5.rmeta`
     Running `CARGO=/usr/local/rustup/toolchains/1.98.1-aarch64-unknown-linux-gnu/bin/cargo CARGO_CRATE_NAME=rx_service_status CARGO_MANIFEST_DIR=/source/runtime/rx-service-status CARGO_MANIFEST_PATH=/source/runtime/rx-service-status/Cargo.toml CARGO_PKG_AUTHORS='' CARGO_PKG_DESCRIPTION='' CARGO_PKG_HOMEPAGE='' CARGO_PKG_LICENSE=Apache-2.0 CARGO_PKG_LICENSE_FILE='' CARGO_PKG_NAME=rx-service-status CARGO_PKG_README=README.md CARGO_PKG_REPOSITORY='' CARGO_PKG_RUST_VERSION='' CARGO_PKG_VERSION=0.1.0 CARGO_PKG_VERSION_MAJOR=0 CARGO_PKG_VERSION_MINOR=1 CARGO_PKG_VERSION_PATCH=0 CARGO_PKG_VERSION_PRE='' LD_LIBRARY_PATH='/evidence/target/debug/deps:/usr/local/rustup/toolchains/1.98.1-aarch64-unknown-linux-gnu/lib' /usr/local/rustup/toolchains/1.98.1-aarch64-unknown-linux-gnu/bin/rustc --crate-name rx_service_status --edition=2024 runtime/rx-service-status/src/lib.rs --error-format=json --json=diagnostic-rendered-ansi,artifacts,future-incompat --crate-type lib --emit=dep-info,metadata,link -C embed-bitcode=no -C debuginfo=2 --forbid=unsafe_code '--warn=clippy::all' --check-cfg 'cfg(docsrs,test)' --check-cfg 'cfg(feature, values())' -C metadata=1bba0b9c67e60a54 -C extra-filename=-090ec8556636269b --out-dir /evidence/target/debug/deps -C incremental=/evidence/target/debug/incremental -L dependency=/evidence/target/debug/deps --extern rustix=/evidence/target/debug/deps/librustix-99c2fd42b5875ba2.rmeta --extern rx_domain=/evidence/target/debug/deps/librx_domain-604adb34f600faa7.rmeta --extern rx_ports=/evidence/target/debug/deps/librx_ports-4fb1315306ceee2b.rmeta --extern serde=/evidence/target/debug/deps/libserde-d6d8ecf1f3014f69.rmeta --extern sha2=/evidence/target/debug/deps/libsha2-87c2a29f79131b25.rmeta --extern thiserror=/evidence/target/debug/deps/libthiserror-07e31c065c104b48.rmeta --extern uuid=/evidence/target/debug/deps/libuuid-10bf73c9022f40b5.rmeta`
 INFO rustc_metadata::locator lib candidate: /usr/local/rustup/toolchains/1.98.1-aarch64-unknown-linux-gnu/lib/rustlib/aarch64-unknown-linux-gnu/lib/libstd-96c9fe7a07d47cf2.rlib
 INFO rustc_metadata::locator lib candidate: /usr/local/rustup/toolchains/1.98.1-aarch64-unknown-linux-gnu/lib/rustlib/aarch64-unknown-linux-gnu/lib/libstd_detect-744cebc7daba8a68.rlib
 INFO rustc_metadata::locator lib candidate: /usr/local/rustup/toolchains/1.98.1-aarch64-unknown-linux-gnu/lib/rustlib/aarch64-unknown-linux-gnu/lib/libstd-96c9fe7a07d47cf2.rmeta
 INFO rustc_metadata::locator lib candidate: /usr/local/rustup/toolchains/1.98.1-aarch64-unknown-linux-gnu/lib/rustlib/aarch64-unknown-linux-gnu/lib/libstd_detect-744cebc7daba8a68.rmeta
 INFO rustc_metadata::locator lib candidate: /usr/local/rustup/toolchains/1.98.1-aarch64-unknown-linux-gnu/lib/rustlib/aarch64-unknown-linux-gnu/lib/libstd-96c9fe7a07d47cf2.so
 INFO rustc_metadata::locator rmeta reading metadata from: /usr/local/rustup/toolchains/1.98.1-aarch64-unknown-linux-gnu/lib/rustlib/aarch64-unknown-linux-gnu/lib/libstd-96c9fe7a07d47cf2.rmeta
 INFO rustc_metadata::locator rmeta reading metadata from: /usr/local/rustup/toolchains/1.98.1-aarch64-unknown-linux-gnu/lib/rustlib/aarch64-unknown-linux-gnu/lib/libstd_detect-744cebc7daba8a68.rmeta
 INFO rustc_metadata::locator Rejecting via crate name
 INFO rustc_metadata::locator metadata mismatch
 INFO rustc_metadata::locator rlib reading metadata from: /usr/local/rustup/toolchains/1.98.1-aarch64-unknown-linux-gnu/lib/rustlib/aarch64-unknown-linux-gnu/lib/libstd_detect-744cebc7daba8a68.rlib
 INFO rustc_metadata::locator Rejecting via crate name
 INFO rustc_metadata::locator metadata mismatch
 INFO rustc_metadata::locator lib candidate: /usr/local/rustup/toolchains/1.98.1-aarch64-unknown-linux-gnu/lib/rustlib/aarch64-unknown-linux-gnu/lib/libcore-276de952897abe1c.rlib
 INFO rustc_metadata::locator lib candidate: /usr/local/rustup/toolchains/1.98.1-aarch64-unknown-linux-gnu/lib/rustlib/aarch64-unknown-linux-gnu/lib/libcore-276de952897abe1c.rmeta
 INFO rustc_metadata::locator rmeta reading metadata from: /usr/local/rustup/toolchains/1.98.1-aarch64-unknown-linux-gnu/lib/rustlib/aarch64-unknown-linux-gnu/lib/libcore-276de952897abe1c.rmeta
 INFO rustc_metadata::locator lib candidate: /usr/local/rustup/toolchains/1.98.1-aarch64-unknown-linux-gnu/lib/rustlib/aarch64-unknown-linux-gnu/lib/liballoc-5ed91a8779ad9241.rlib
 INFO rustc_metadata::locator lib candidate: /usr/local/rustup/toolchains/1.98.1-aarch64-unknown-linux-gnu/lib/rustlib/aarch64-unknown-linux-gnu/lib/liballoc-5ed91a8779ad9241.rmeta
 INFO rustc_metadata::locator lib candidate: /usr/local/rustup/toolchains/1.98.1-aarch64-unknown-linux-gnu/lib/rustlib/aarch64-unknown-linux-gnu/lib/libstd-96c9fe7a07d47cf2.rlib
 INFO rustc_metadata::locator rmeta reading metadata from: /usr/local/rustup/toolchains/1.98.1-aarch64-unknown-linux-gnu/lib/rustlib/aarch64-unknown-linux-gnu/lib/liballoc-5ed91a8779ad9241.rmeta
 INFO rustc_metadata::locator lib candidate: /usr/local/rustup/toolchains/1.98.1-aarch64-unknown-linux-gnu/lib/rustlib/aarch64-unknown-linux-gnu/lib/libcompiler_builtins-bd0d6dc1a63d46e8.rlib
 INFO rustc_metadata::locator lib candidate: /usr/local/rustup/toolchains/1.98.1-aarch64-unknown-linux-gnu/lib/rustlib/aarch64-unknown-linux-gnu/lib/libstd_detect-744cebc7daba8a68.rlib
 INFO rustc_metadata::locator lib candidate: /usr/local/rustup/toolchains/1.98.1-aarch64-unknown-linux-gnu/lib/rustlib/aarch64-unknown-linux-gnu/lib/libcompiler_builtins-bd0d6dc1a63d46e8.rmeta
 INFO rustc_metadata::locator rmeta reading metadata from: /usr/local/rustup/toolchains/1.98.1-aarch64-unknown-linux-gnu/lib/rustlib/aarch64-unknown-linux-gnu/lib/libcompiler_builtins-bd0d6dc1a63d46e8.rmeta
 INFO rustc_metadata::locator lib candidate: /usr/local/rustup/toolchains/1.98.1-aarch64-unknown-linux-gnu/lib/rustlib/aarch64-unknown-linux-gnu/lib/libstd-96c9fe7a07d47cf2.rmeta
 INFO rustc_metadata::locator lib candidate: /usr/local/rustup/toolchains/1.98.1-aarch64-unknown-linux-gnu/lib/rustlib/aarch64-unknown-linux-gnu/lib/liblibc-d4267515c636bbd5.rlib
 INFO rustc_metadata::locator lib candidate: /usr/local/rustup/toolchains/1.98.1-aarch64-unknown-linux-gnu/lib/rustlib/aarch64-unknown-linux-gnu/lib/liblibc-d4267515c636bbd5.rmeta
 INFO rustc_metadata::locator lib candidate: /usr/local/rustup/toolchains/1.98.1-aarch64-unknown-linux-gnu/lib/rustlib/aarch64-unknown-linux-gnu/lib/libstd_detect-744cebc7daba8a68.rmeta
 INFO rustc_metadata::locator lib candidate: /usr/local/rustup/toolchains/1.98.1-aarch64-unknown-linux-gnu/lib/rustlib/aarch64-unknown-linux-gnu/lib/libstd-96c9fe7a07d47cf2.so
 INFO rustc_metadata::locator rmeta reading metadata from: /usr/local/rustup/toolchains/1.98.1-aarch64-unknown-linux-gnu/lib/rustlib/aarch64-unknown-linux-gnu/lib/liblibc-d4267515c636bbd5.rmeta
 INFO rustc_metadata::locator rmeta reading metadata from: /usr/local/rustup/toolchains/1.98.1-aarch64-unknown-linux-gnu/lib/rustlib/aarch64-unknown-linux-gnu/lib/libstd-96c9fe7a07d47cf2.rmeta
 INFO rustc_metadata::locator lib candidate: /usr/local/rustup/toolchains/1.98.1-aarch64-unknown-linux-gnu/lib/rustlib/aarch64-unknown-linux-gnu/lib/librustc_std_workspace_core-60f5aed5b0be39ba.rlib
 INFO rustc_metadata::locator rmeta reading metadata from: /usr/local/rustup/toolchains/1.98.1-aarch64-unknown-linux-gnu/lib/rustlib/aarch64-unknown-linux-gnu/lib/libstd_detect-744cebc7daba8a68.rmeta
 INFO rustc_metadata::locator lib candidate: /usr/local/rustup/toolchains/1.98.1-aarch64-unknown-linux-gnu/lib/rustlib/aarch64-unknown-linux-gnu/lib/librustc_std_workspace_core-60f5aed5b0be39ba.rmeta
 INFO rustc_metadata::locator Rejecting via crate name
 INFO rustc_metadata::locator rmeta reading metadata from: /usr/local/rustup/toolchains/1.98.1-aarch64-unknown-linux-gnu/lib/rustlib/aarch64-unknown-linux-gnu/lib/librustc_std_workspace_core-60f5aed5b0be39ba.rmeta
 INFO rustc_metadata::locator metadata mismatch
 INFO rustc_metadata::locator lib candidate: /usr/local/rustup/toolchains/1.98.1-aarch64-unknown-linux-gnu/lib/rustlib/aarch64-unknown-linux-gnu/lib/libunwind-0d91334590e8fac0.rlib
 INFO rustc_metadata::locator rlib reading metadata from: /usr/local/rustup/toolchains/1.98.1-aarch64-unknown-linux-gnu/lib/rustlib/aarch64-unknown-linux-gnu/lib/libstd_detect-744cebc7daba8a68.rlib
 INFO rustc_metadata::locator lib candidate: /usr/local/rustup/toolchains/1.98.1-aarch64-unknown-linux-gnu/lib/rustlib/aarch64-unknown-linux-gnu/lib/libunwind-0d91334590e8fac0.rmeta
 INFO rustc_metadata::locator Rejecting via crate name
 INFO rustc_metadata::locator rmeta reading metadata from: /usr/local/rustup/toolchains/1.98.1-aarch64-unknown-linux-gnu/lib/rustlib/aarch64-unknown-linux-gnu/lib/libunwind-0d91334590e8fac0.rmeta
 INFO rustc_metadata::locator lib candidate: /usr/local/rustup/toolchains/1.98.1-aarch64-unknown-linux-gnu/lib/rustlib/aarch64-unknown-linux-gnu/lib/libminiz_oxide-fd627a3cab0f8638.rlib
 INFO rustc_metadata::locator metadata mismatch
 INFO rustc_metadata::locator lib candidate: /usr/local/rustup/toolchains/1.98.1-aarch64-unknown-linux-gnu/lib/rustlib/aarch64-unknown-linux-gnu/lib/libcore-276de952897abe1c.rlib
 INFO rustc_metadata::locator lib candidate: /usr/local/rustup/toolchains/1.98.1-aarch64-unknown-linux-gnu/lib/rustlib/aarch64-unknown-linux-gnu/lib/libminiz_oxide-fd627a3cab0f8638.rmeta
 INFO rustc_metadata::locator lib candidate: /usr/local/rustup/toolchains/1.98.1-aarch64-unknown-linux-gnu/lib/rustlib/aarch64-unknown-linux-gnu/lib/libcore-276de952897abe1c.rmeta
 INFO rustc_metadata::locator rmeta reading metadata from: /usr/local/rustup/toolchains/1.98.1-aarch64-unknown-linux-gnu/lib/rustlib/aarch64-unknown-linux-gnu/lib/libminiz_oxide-fd627a3cab0f8638.rmeta
 INFO rustc_metadata::locator lib candidate: /usr/local/rustup/toolchains/1.98.1-aarch64-unknown-linux-gnu/lib/rustlib/aarch64-unknown-linux-gnu/lib/libadler2-49f29a8856c93b22.rlib
 INFO rustc_metadata::locator rmeta reading metadata from: /usr/local/rustup/toolchains/1.98.1-aarch64-unknown-linux-gnu/lib/rustlib/aarch64-unknown-linux-gnu/lib/libcore-276de952897abe1c.rmeta
 INFO rustc_metadata::locator lib candidate: /usr/local/rustup/toolchains/1.98.1-aarch64-unknown-linux-gnu/lib/rustlib/aarch64-unknown-linux-gnu/lib/liballoc-5ed91a8779ad9241.rlib
 INFO rustc_metadata::locator lib candidate: /usr/local/rustup/toolchains/1.98.1-aarch64-unknown-linux-gnu/lib/rustlib/aarch64-unknown-linux-gnu/lib/libadler2-49f29a8856c93b22.rmeta
 INFO rustc_metadata::locator lib candidate: /usr/local/rustup/toolchains/1.98.1-aarch64-unknown-linux-gnu/lib/rustlib/aarch64-unknown-linux-gnu/lib/liballoc-5ed91a8779ad9241.rmeta
 INFO rustc_metadata::locator rmeta reading metadata from: /usr/local/rustup/toolchains/1.98.1-aarch64-unknown-linux-gnu/lib/rustlib/aarch64-unknown-linux-gnu/lib/libadler2-49f29a8856c93b22.rmeta
 INFO rustc_metadata::locator rmeta reading metadata from: /usr/local/rustup/toolchains/1.98.1-aarch64-unknown-linux-gnu/lib/rustlib/aarch64-unknown-linux-gnu/lib/liballoc-5ed91a8779ad9241.rmeta
 INFO rustc_metadata::locator lib candidate: /usr/local/rustup/toolchains/1.98.1-aarch64-unknown-linux-gnu/lib/rustlib/aarch64-unknown-linux-gnu/lib/libhashbrown-59d69e789b093c2f.rlib
 INFO rustc_metadata::locator lib candidate: /usr/local/rustup/toolchains/1.98.1-aarch64-unknown-linux-gnu/lib/rustlib/aarch64-unknown-linux-gnu/lib/libhashbrown-59d69e789b093c2f.rmeta
 INFO rustc_metadata::locator lib candidate: /usr/local/rustup/toolchains/1.98.1-aarch64-unknown-linux-gnu/lib/rustlib/aarch64-unknown-linux-gnu/lib/libcompiler_builtins-bd0d6dc1a63d46e8.rlib
 INFO rustc_metadata::locator lib candidate: /usr/local/rustup/toolchains/1.98.1-aarch64-unknown-linux-gnu/lib/rustlib/aarch64-unknown-linux-gnu/lib/libcompiler_builtins-bd0d6dc1a63d46e8.rmeta
 INFO rustc_metadata::locator rmeta reading metadata from: /usr/local/rustup/toolchains/1.98.1-aarch64-unknown-linux-gnu/lib/rustlib/aarch64-unknown-linux-gnu/lib/libhashbrown-59d69e789b093c2f.rmeta
 INFO rustc_metadata::locator rmeta reading metadata from: /usr/local/rustup/toolchains/1.98.1-aarch64-unknown-linux-gnu/lib/rustlib/aarch64-unknown-linux-gnu/lib/libcompiler_builtins-bd0d6dc1a63d46e8.rmeta
 INFO rustc_metadata::locator lib candidate: /usr/local/rustup/toolchains/1.98.1-aarch64-unknown-linux-gnu/lib/rustlib/aarch64-unknown-linux-gnu/lib/librustc_std_workspace_alloc-21af30201253cbfb.rlib
 INFO rustc_metadata::locator lib candidate: /usr/local/rustup/toolchains/1.98.1-aarch64-unknown-linux-gnu/lib/rustlib/aarch64-unknown-linux-gnu/lib/liblibc-d4267515c636bbd5.rlib
 INFO rustc_metadata::locator lib candidate: /usr/local/rustup/toolchains/1.98.1-aarch64-unknown-linux-gnu/lib/rustlib/aarch64-unknown-linux-gnu/lib/librustc_std_workspace_alloc-21af30201253cbfb.rmeta
 INFO rustc_metadata::locator lib candidate: /usr/local/rustup/toolchains/1.98.1-aarch64-unknown-linux-gnu/lib/rustlib/aarch64-unknown-linux-gnu/lib/liblibc-d4267515c636bbd5.rmeta
 INFO rustc_metadata::locator rmeta reading metadata from: /usr/local/rustup/toolchains/1.98.1-aarch64-unknown-linux-gnu/lib/rustlib/aarch64-unknown-linux-gnu/lib/librustc_std_workspace_alloc-21af30201253cbfb.rmeta
 INFO rustc_metadata::locator rmeta reading metadata from: /usr/local/rustup/toolchains/1.98.1-aarch64-unknown-linux-gnu/lib/rustlib/aarch64-unknown-linux-gnu/lib/liblibc-d4267515c636bbd5.rmeta
 INFO rustc_metadata::locator lib candidate: /usr/local/rustup/toolchains/1.98.1-aarch64-unknown-linux-gnu/lib/rustlib/aarch64-unknown-linux-gnu/lib/libstd_detect-744cebc7daba8a68.rlib
 INFO rustc_metadata::locator lib candidate: /usr/local/rustup/toolchains/1.98.1-aarch64-unknown-linux-gnu/lib/rustlib/aarch64-unknown-linux-gnu/lib/librustc_std_workspace_core-60f5aed5b0be39ba.rlib
 INFO rustc_metadata::locator lib candidate: /usr/local/rustup/toolchains/1.98.1-aarch64-unknown-linux-gnu/lib/rustlib/aarch64-unknown-linux-gnu/lib/libstd_detect-744cebc7daba8a68.rmeta
 INFO rustc_metadata::locator rmeta reading metadata from: /usr/local/rustup/toolchains/1.98.1-aarch64-unknown-linux-gnu/lib/rustlib/aarch64-unknown-linux-gnu/lib/libstd_detect-744cebc7daba8a68.rmeta
 INFO rustc_metadata::locator lib candidate: /usr/local/rustup/toolchains/1.98.1-aarch64-unknown-linux-gnu/lib/rustlib/aarch64-unknown-linux-gnu/lib/librustc_std_workspace_core-60f5aed5b0be39ba.rmeta
 INFO rustc_metadata::locator lib candidate: /usr/local/rustup/toolchains/1.98.1-aarch64-unknown-linux-gnu/lib/rustlib/aarch64-unknown-linux-gnu/lib/librustc_demangle-4f11a1d3df1ceb19.rlib
 INFO rustc_metadata::locator rmeta reading metadata from: /usr/local/rustup/toolchains/1.98.1-aarch64-unknown-linux-gnu/lib/rustlib/aarch64-unknown-linux-gnu/lib/librustc_std_workspace_core-60f5aed5b0be39ba.rmeta
 INFO rustc_metadata::locator lib candidate: /usr/local/rustup/toolchains/1.98.1-aarch64-unknown-linux-gnu/lib/rustlib/aarch64-unknown-linux-gnu/lib/librustc_demangle-4f11a1d3df1ceb19.rmeta
 INFO rustc_metadata::locator lib candidate: /usr/local/rustup/toolchains/1.98.1-aarch64-unknown-linux-gnu/lib/rustlib/aarch64-unknown-linux-gnu/lib/libunwind-0d91334590e8fac0.rlib
 INFO rustc_metadata::locator rmeta reading metadata from: /usr/local/rustup/toolchains/1.98.1-aarch64-unknown-linux-gnu/lib/rustlib/aarch64-unknown-linux-gnu/lib/librustc_demangle-4f11a1d3df1ceb19.rmeta
 INFO rustc_metadata::locator lib candidate: /usr/local/rustup/toolchains/1.98.1-aarch64-unknown-linux-gnu/lib/rustlib/aarch64-unknown-linux-gnu/lib/libunwind-0d91334590e8fac0.rmeta
 INFO rustc_metadata::locator lib candidate: /usr/local/rustup/toolchains/1.98.1-aarch64-unknown-linux-gnu/lib/rustlib/aarch64-unknown-linux-gnu/lib/libcfg_if-4cb5d4e7ecc5ab9b.rlib
 INFO rustc_metadata::locator lib candidate: /usr/local/rustup/toolchains/1.98.1-aarch64-unknown-linux-gnu/lib/rustlib/aarch64-unknown-linux-gnu/lib/libcfg_if-4cb5d4e7ecc5ab9b.rmeta
 INFO rustc_metadata::locator rmeta reading metadata from: /usr/local/rustup/toolchains/1.98.1-aarch64-unknown-linux-gnu/lib/rustlib/aarch64-unknown-linux-gnu/lib/libunwind-0d91334590e8fac0.rmeta
 INFO rustc_metadata::locator rmeta reading metadata from: /usr/local/rustup/toolchains/1.98.1-aarch64-unknown-linux-gnu/lib/rustlib/aarch64-unknown-linux-gnu/lib/libcfg_if-4cb5d4e7ecc5ab9b.rmeta
 INFO rustc_metadata::locator lib candidate: /usr/local/rustup/toolchains/1.98.1-aarch64-unknown-linux-gnu/lib/rustlib/aarch64-unknown-linux-gnu/lib/libminiz_oxide-fd627a3cab0f8638.rlib
 INFO rustc_metadata::locator lib candidate: /usr/local/rustup/toolchains/1.98.1-aarch64-unknown-linux-gnu/lib/rustlib/aarch64-unknown-linux-gnu/lib/libminiz_oxide-fd627a3cab0f8638.rmeta
 INFO rustc_metadata::locator lib candidate: /usr/local/rustup/toolchains/1.98.1-aarch64-unknown-linux-gnu/lib/rustlib/aarch64-unknown-linux-gnu/lib/libaddr2line-c9b51fa144ecb69d.rlib
 INFO rustc_metadata::locator lib candidate: /usr/local/rustup/toolchains/1.98.1-aarch64-unknown-linux-gnu/lib/rustlib/aarch64-unknown-linux-gnu/lib/libaddr2line-c9b51fa144ecb69d.rmeta
 INFO rustc_metadata::locator rmeta reading metadata from: /usr/local/rustup/toolchains/1.98.1-aarch64-unknown-linux-gnu/lib/rustlib/aarch64-unknown-linux-gnu/lib/libminiz_oxide-fd627a3cab0f8638.rmeta
 INFO rustc_metadata::locator lib candidate: /usr/local/rustup/toolchains/1.98.1-aarch64-unknown-linux-gnu/lib/rustlib/aarch64-unknown-linux-gnu/lib/libadler2-49f29a8856c93b22.rlib
 INFO rustc_metadata::locator rmeta reading metadata from: /usr/local/rustup/toolchains/1.98.1-aarch64-unknown-linux-gnu/lib/rustlib/aarch64-unknown-linux-gnu/lib/libaddr2line-c9b51fa144ecb69d.rmeta
 INFO rustc_metadata::locator lib candidate: /usr/local/rustup/toolchains/1.98.1-aarch64-unknown-linux-gnu/lib/rustlib/aarch64-unknown-linux-gnu/lib/libgimli-f28aeee62441776d.rlib
 INFO rustc_metadata::locator lib candidate: /usr/local/rustup/toolchains/1.98.1-aarch64-unknown-linux-gnu/lib/rustlib/aarch64-unknown-linux-gnu/lib/libadler2-49f29a8856c93b22.rmeta
 INFO rustc_metadata::locator lib candidate: /usr/local/rustup/toolchains/1.98.1-aarch64-unknown-linux-gnu/lib/rustlib/aarch64-unknown-linux-gnu/lib/libgimli-f28aeee62441776d.rmeta
 INFO rustc_metadata::locator rmeta reading metadata from: /usr/local/rustup/toolchains/1.98.1-aarch64-unknown-linux-gnu/lib/rustlib/aarch64-unknown-linux-gnu/lib/libadler2-49f29a8856c93b22.rmeta
 INFO rustc_metadata::locator lib candidate: /usr/local/rustup/toolchains/1.98.1-aarch64-unknown-linux-gnu/lib/rustlib/aarch64-unknown-linux-gnu/lib/libhashbrown-59d69e789b093c2f.rlib
 INFO rustc_metadata::locator rmeta reading metadata from: /usr/local/rustup/toolchains/1.98.1-aarch64-unknown-linux-gnu/lib/rustlib/aarch64-unknown-linux-gnu/lib/libgimli-f28aeee62441776d.rmeta
 INFO rustc_metadata::locator lib candidate: /usr/local/rustup/toolchains/1.98.1-aarch64-unknown-linux-gnu/lib/rustlib/aarch64-unknown-linux-gnu/lib/libobject-d659ca1c4445f0ff.rlib
 INFO rustc_metadata::locator lib candidate: /usr/local/rustup/toolchains/1.98.1-aarch64-unknown-linux-gnu/lib/rustlib/aarch64-unknown-linux-gnu/lib/libhashbrown-59d69e789b093c2f.rmeta
 INFO rustc_metadata::locator lib candidate: /usr/local/rustup/toolchains/1.98.1-aarch64-unknown-linux-gnu/lib/rustlib/aarch64-unknown-linux-gnu/lib/libobject-d659ca1c4445f0ff.rmeta
 INFO rustc_metadata::locator rmeta reading metadata from: /usr/local/rustup/toolchains/1.98.1-aarch64-unknown-linux-gnu/lib/rustlib/aarch64-unknown-linux-gnu/lib/libhashbrown-59d69e789b093c2f.rmeta
 INFO rustc_metadata::locator rmeta reading metadata from: /usr/local/rustup/toolchains/1.98.1-aarch64-unknown-linux-gnu/lib/rustlib/aarch64-unknown-linux-gnu/lib/libobject-d659ca1c4445f0ff.rmeta
 INFO rustc_metadata::locator lib candidate: /usr/local/rustup/toolchains/1.98.1-aarch64-unknown-linux-gnu/lib/rustlib/aarch64-unknown-linux-gnu/lib/libmemchr-740af70dcfdcb340.rlib
 INFO rustc_metadata::locator lib candidate: /usr/local/rustup/toolchains/1.98.1-aarch64-unknown-linux-gnu/lib/rustlib/aarch64-unknown-linux-gnu/lib/librustc_std_workspace_alloc-21af30201253cbfb.rlib
 INFO rustc_metadata::locator lib candidate: /usr/local/rustup/toolchains/1.98.1-aarch64-unknown-linux-gnu/lib/rustlib/aarch64-unknown-linux-gnu/lib/libmemchr-740af70dcfdcb340.rmeta
 INFO rustc_metadata::locator lib candidate: /usr/local/rustup/toolchains/1.98.1-aarch64-unknown-linux-gnu/lib/rustlib/aarch64-unknown-linux-gnu/lib/librustc_std_workspace_alloc-21af30201253cbfb.rmeta
 INFO rustc_metadata::locator rmeta reading metadata from: /usr/local/rustup/toolchains/1.98.1-aarch64-unknown-linux-gnu/lib/rustlib/aarch64-unknown-linux-gnu/lib/libmemchr-740af70dcfdcb340.rmeta
 INFO rustc_metadata::locator rmeta reading metadata from: /usr/local/rustup/toolchains/1.98.1-aarch64-unknown-linux-gnu/lib/rustlib/aarch64-unknown-linux-gnu/lib/librustc_std_workspace_alloc-21af30201253cbfb.rmeta
 INFO rustc_metadata::locator lib candidate: /usr/local/rustup/toolchains/1.98.1-aarch64-unknown-linux-gnu/lib/rustlib/aarch64-unknown-linux-gnu/lib/libpanic_unwind-84356f769662edfe.rlib
 INFO rustc_metadata::locator lib candidate: /usr/local/rustup/toolchains/1.98.1-aarch64-unknown-linux-gnu/lib/rustlib/aarch64-unknown-linux-gnu/lib/libstd_detect-744cebc7daba8a68.rlib
 INFO rustc_metadata::locator lib candidate: /usr/local/rustup/toolchains/1.98.1-aarch64-unknown-linux-gnu/lib/rustlib/aarch64-unknown-linux-gnu/lib/libpanic_unwind-84356f769662edfe.rmeta
 INFO rustc_metadata::locator lib candidate: /usr/local/rustup/toolchains/1.98.1-aarch64-unknown-linux-gnu/lib/rustlib/aarch64-unknown-linux-gnu/lib/libstd_detect-744cebc7daba8a68.rmeta
 INFO rustc_metadata::locator rmeta reading metadata from: /usr/local/rustup/toolchains/1.98.1-aarch64-unknown-linux-gnu/lib/rustlib/aarch64-unknown-linux-gnu/lib/libpanic_unwind-84356f769662edfe.rmeta
 INFO rustc_metadata::locator rmeta reading metadata from: /usr/local/rustup/toolchains/1.98.1-aarch64-unknown-linux-gnu/lib/rustlib/aarch64-unknown-linux-gnu/lib/libstd_detect-744cebc7daba8a68.rmeta
 INFO rustc_metadata::locator lib candidate: /usr/local/rustup/toolchains/1.98.1-aarch64-unknown-linux-gnu/lib/rustlib/aarch64-unknown-linux-gnu/lib/librustc_demangle-4f11a1d3df1ceb19.rlib
 INFO rustc_metadata::locator rmeta reading metadata from: /evidence/target/debug/deps/librx_domain-604adb34f600faa7.rmeta
 INFO rustc_metadata::locator lib candidate: /usr/local/rustup/toolchains/1.98.1-aarch64-unknown-linux-gnu/lib/rustlib/aarch64-unknown-linux-gnu/lib/librustc_demangle-4f11a1d3df1ceb19.rmeta
 INFO rustc_metadata::locator lib candidate: /evidence/target/debug/deps/libserde-d6d8ecf1f3014f69.rlib
 INFO rustc_metadata::locator rmeta reading metadata from: /usr/local/rustup/toolchains/1.98.1-aarch64-unknown-linux-gnu/lib/rustlib/aarch64-unknown-linux-gnu/lib/librustc_demangle-4f11a1d3df1ceb19.rmeta
 INFO rustc_metadata::locator lib candidate: /evidence/target/debug/deps/libserde-d6d8ecf1f3014f69.rmeta
 INFO rustc_metadata::locator lib candidate: /usr/local/rustup/toolchains/1.98.1-aarch64-unknown-linux-gnu/lib/rustlib/aarch64-unknown-linux-gnu/lib/libcfg_if-4cb5d4e7ecc5ab9b.rlib
 INFO rustc_metadata::locator rmeta reading metadata from: /evidence/target/debug/deps/libserde-d6d8ecf1f3014f69.rmeta
 INFO rustc_metadata::locator lib candidate: /usr/local/rustup/toolchains/1.98.1-aarch64-unknown-linux-gnu/lib/rustlib/aarch64-unknown-linux-gnu/lib/libcfg_if-4cb5d4e7ecc5ab9b.rmeta
 INFO rustc_metadata::locator lib candidate: /evidence/target/debug/deps/libserde_derive-433728bc0d92981e.so
 INFO rustc_metadata::locator rmeta reading metadata from: /usr/local/rustup/toolchains/1.98.1-aarch64-unknown-linux-gnu/lib/rustlib/aarch64-unknown-linux-gnu/lib/libcfg_if-4cb5d4e7ecc5ab9b.rmeta
 INFO rustc_metadata::locator dylib reading metadata from: /evidence/target/debug/deps/libserde_derive-433728bc0d92981e.so
 INFO rustc_metadata::locator lib candidate: /usr/local/rustup/toolchains/1.98.1-aarch64-unknown-linux-gnu/lib/rustlib/aarch64-unknown-linux-gnu/lib/libaddr2line-c9b51fa144ecb69d.rlib
 INFO rustc_metadata::locator Rejecting via proc macro: expected false got true
 INFO rustc_metadata::locator lib candidate: /usr/local/rustup/toolchains/1.98.1-aarch64-unknown-linux-gnu/lib/rustlib/aarch64-unknown-linux-gnu/lib/libaddr2line-c9b51fa144ecb69d.rmeta
 INFO rustc_metadata::locator metadata mismatch
 INFO rustc_metadata::locator rmeta reading metadata from: /usr/local/rustup/toolchains/1.98.1-aarch64-unknown-linux-gnu/lib/rustlib/aarch64-unknown-linux-gnu/lib/libaddr2line-c9b51fa144ecb69d.rmeta
 INFO rustc_metadata::locator lib candidate: /evidence/target/debug/deps/libserde_derive-433728bc0d92981e.so
 INFO rustc_metadata::locator lib candidate: /evidence/target/debug/deps/libserde_derive-433728bc0d92981e.so
 INFO rustc_metadata::locator lib candidate: /usr/local/rustup/toolchains/1.98.1-aarch64-unknown-linux-gnu/lib/rustlib/aarch64-unknown-linux-gnu/lib/libgimli-f28aeee62441776d.rlib
 INFO rustc_metadata::locator dylib reading metadata from: /evidence/target/debug/deps/libserde_derive-433728bc0d92981e.so
 INFO rustc_metadata::locator lib candidate: /usr/local/rustup/toolchains/1.98.1-aarch64-unknown-linux-gnu/lib/rustlib/aarch64-unknown-linux-gnu/lib/libgimli-f28aeee62441776d.rmeta
 INFO rustc_metadata::locator lib candidate: /evidence/target/debug/deps/libserde_core-6f42655a3fc1afa3.rlib
 INFO rustc_metadata::locator rmeta reading metadata from: /usr/local/rustup/toolchains/1.98.1-aarch64-unknown-linux-gnu/lib/rustlib/aarch64-unknown-linux-gnu/lib/libgimli-f28aeee62441776d.rmeta
 INFO rustc_metadata::locator lib candidate: /evidence/target/debug/deps/libserde_core-6f42655a3fc1afa3.rmeta
 INFO rustc_metadata::locator lib candidate: /usr/local/rustup/toolchains/1.98.1-aarch64-unknown-linux-gnu/lib/rustlib/aarch64-unknown-linux-gnu/lib/libobject-d659ca1c4445f0ff.rlib
 INFO rustc_metadata::locator lib candidate: /usr/local/rustup/toolchains/1.98.1-aarch64-unknown-linux-gnu/lib/rustlib/aarch64-unknown-linux-gnu/lib/libobject-d659ca1c4445f0ff.rmeta
 INFO rustc_metadata::locator rmeta reading metadata from: /evidence/target/debug/deps/libserde_core-6f42655a3fc1afa3.rmeta
 INFO rustc_metadata::locator rmeta reading metadata from: /usr/local/rustup/toolchains/1.98.1-aarch64-unknown-linux-gnu/lib/rustlib/aarch64-unknown-linux-gnu/lib/libobject-d659ca1c4445f0ff.rmeta
 INFO rustc_metadata::locator lib candidate: /evidence/target/debug/deps/libserde_json-11abb16a171c35d7.rlib
 INFO rustc_metadata::locator lib candidate: /usr/local/rustup/toolchains/1.98.1-aarch64-unknown-linux-gnu/lib/rustlib/aarch64-unknown-linux-gnu/lib/libmemchr-740af70dcfdcb340.rlib
 INFO rustc_metadata::locator lib candidate: /evidence/target/debug/deps/libserde_json-11abb16a171c35d7.rmeta
 INFO rustc_metadata::locator rmeta reading metadata from: /evidence/target/debug/deps/libserde_json-11abb16a171c35d7.rmeta
 INFO rustc_metadata::locator lib candidate: /usr/local/rustup/toolchains/1.98.1-aarch64-unknown-linux-gnu/lib/rustlib/aarch64-unknown-linux-gnu/lib/libmemchr-740af70dcfdcb340.rmeta
 INFO rustc_metadata::locator lib candidate: /evidence/target/debug/deps/libitoa-e102cd1e89c6b445.rlib
 INFO rustc_metadata::locator rmeta reading metadata from: /usr/local/rustup/toolchains/1.98.1-aarch64-unknown-linux-gnu/lib/rustlib/aarch64-unknown-linux-gnu/lib/libmemchr-740af70dcfdcb340.rmeta
 INFO rustc_metadata::locator lib candidate: /usr/local/rustup/toolchains/1.98.1-aarch64-unknown-linux-gnu/lib/rustlib/aarch64-unknown-linux-gnu/lib/libpanic_unwind-84356f769662edfe.rlib
 INFO rustc_metadata::locator lib candidate: /evidence/target/debug/deps/libitoa-e102cd1e89c6b445.rmeta
 INFO rustc_metadata::locator rmeta reading metadata from: /evidence/target/debug/deps/libitoa-e102cd1e89c6b445.rmeta
 INFO rustc_metadata::locator lib candidate: /usr/local/rustup/toolchains/1.98.1-aarch64-unknown-linux-gnu/lib/rustlib/aarch64-unknown-linux-gnu/lib/libpanic_unwind-84356f769662edfe.rmeta
 INFO rustc_metadata::locator rmeta reading metadata from: /usr/local/rustup/toolchains/1.98.1-aarch64-unknown-linux-gnu/lib/rustlib/aarch64-unknown-linux-gnu/lib/libpanic_unwind-84356f769662edfe.rmeta
 INFO rustc_metadata::locator lib candidate: /evidence/target/debug/deps/libzmij-a028af3cf5c0c27b.rlib
 INFO rustc_metadata::locator lib candidate: /evidence/target/debug/deps/libzmij-a028af3cf5c0c27b.rmeta
 INFO rustc_metadata::locator rmeta reading metadata from: /evidence/target/debug/deps/libcap_fs_ext-81cc37eb885e2350.rmeta
 INFO rustc_metadata::locator lib candidate: /evidence/target/debug/deps/libcap_primitives-48bf6708e2a71608.rlib
 INFO rustc_metadata::locator rmeta reading metadata from: /evidence/target/debug/deps/libzmij-a028af3cf5c0c27b.rmeta
 INFO rustc_metadata::locator lib candidate: /evidence/target/debug/deps/libmemchr-8362a2c5edc2d889.rlib
 INFO rustc_metadata::locator lib candidate: /evidence/target/debug/deps/libcap_primitives-48bf6708e2a71608.rmeta
 INFO rustc_metadata::locator lib candidate: /evidence/target/debug/deps/libmemchr-8362a2c5edc2d889.rmeta
 INFO rustc_metadata::locator rmeta reading metadata from: /evidence/target/debug/deps/libcap_primitives-48bf6708e2a71608.rmeta
 INFO rustc_metadata::locator rmeta reading metadata from: /evidence/target/debug/deps/libmemchr-8362a2c5edc2d889.rmeta
 INFO rustc_metadata::locator lib candidate: /evidence/target/debug/deps/librustix-99c2fd42b5875ba2.rlib
 INFO rustc_metadata::locator lib candidate: /evidence/target/debug/deps/libsha2-87c2a29f79131b25.rlib
 INFO rustc_metadata::locator lib candidate: /evidence/target/debug/deps/librustix-99c2fd42b5875ba2.rmeta
 INFO rustc_metadata::locator lib candidate: /evidence/target/debug/deps/libsha2-87c2a29f79131b25.rmeta
 INFO rustc_metadata::locator rmeta reading metadata from: /evidence/target/debug/deps/librustix-99c2fd42b5875ba2.rmeta
 INFO rustc_metadata::locator rmeta reading metadata from: /evidence/target/debug/deps/libsha2-87c2a29f79131b25.rmeta
 INFO rustc_metadata::locator lib candidate: /evidence/target/debug/deps/liblinux_raw_sys-39deb64a3f2230ca.rlib
 INFO rustc_metadata::locator lib candidate: /evidence/target/debug/deps/libdigest-2f251867783bd5a4.rlib
 INFO rustc_metadata::locator lib candidate: /evidence/target/debug/deps/liblinux_raw_sys-39deb64a3f2230ca.rmeta
 INFO rustc_metadata::locator lib candidate: /evidence/target/debug/deps/libdigest-2f251867783bd5a4.rmeta
 INFO rustc_metadata::locator rmeta reading metadata from: /evidence/target/debug/deps/liblinux_raw_sys-39deb64a3f2230ca.rmeta
 INFO rustc_metadata::locator rmeta reading metadata from: /evidence/target/debug/deps/libdigest-2f251867783bd5a4.rmeta
 INFO rustc_metadata::locator lib candidate: /evidence/target/debug/deps/libbitflags-78c58f5cfbdecd4f.rlib
 INFO rustc_metadata::locator lib candidate: /evidence/target/debug/deps/libcrypto_common-b0f7f891cf9945a7.rlib
 INFO rustc_metadata::locator lib candidate: /evidence/target/debug/deps/libbitflags-78c58f5cfbdecd4f.rmeta
 INFO rustc_metadata::locator lib candidate: /evidence/target/debug/deps/libcrypto_common-b0f7f891cf9945a7.rmeta
 INFO rustc_metadata::locator rmeta reading metadata from: /evidence/target/debug/deps/libbitflags-78c58f5cfbdecd4f.rmeta
 INFO rustc_metadata::locator rmeta reading metadata from: /evidence/target/debug/deps/libcrypto_common-b0f7f891cf9945a7.rmeta
 INFO rustc_metadata::locator lib candidate: /evidence/target/debug/deps/libambient_authority-5b184d9ed50157fe.rlib
 INFO rustc_metadata::locator lib candidate: /evidence/target/debug/deps/libgeneric_array-9ab4e04c59dd2c19.rlib
 INFO rustc_metadata::locator lib candidate: /evidence/target/debug/deps/libambient_authority-5b184d9ed50157fe.rmeta
 INFO rustc_metadata::locator lib candidate: /evidence/target/debug/deps/libgeneric_array-9ab4e04c59dd2c19.rmeta
 INFO rustc_metadata::locator rmeta reading metadata from: /evidence/target/debug/deps/libambient_authority-5b184d9ed50157fe.rmeta
 INFO rustc_metadata::locator rmeta reading metadata from: /evidence/target/debug/deps/libgeneric_array-9ab4e04c59dd2c19.rmeta
 INFO rustc_metadata::locator lib candidate: /evidence/target/debug/deps/libio_lifetimes-c1ef7d17e7321cf4.rlib
 INFO rustc_metadata::locator lib candidate: /evidence/target/debug/deps/libtypenum-0d86cd7943364998.rlib
 INFO rustc_metadata::locator lib candidate: /evidence/target/debug/deps/libio_lifetimes-c1ef7d17e7321cf4.rmeta
 INFO rustc_metadata::locator lib candidate: /evidence/target/debug/deps/libtypenum-0d86cd7943364998.rmeta
 INFO rustc_metadata::locator rmeta reading metadata from: /evidence/target/debug/deps/libio_lifetimes-c1ef7d17e7321cf4.rmeta
 INFO rustc_metadata::locator rmeta reading metadata from: /evidence/target/debug/deps/libtypenum-0d86cd7943364998.rmeta
 INFO rustc_metadata::locator lib candidate: /evidence/target/debug/deps/libio_extras-1a406e7f31a34d97.rlib
 INFO rustc_metadata::locator lib candidate: /evidence/target/debug/deps/libblock_buffer-ac617e59152c2d40.rlib
 INFO rustc_metadata::locator lib candidate: /evidence/target/debug/deps/libio_extras-1a406e7f31a34d97.rmeta
 INFO rustc_metadata::locator lib candidate: /evidence/target/debug/deps/libblock_buffer-ac617e59152c2d40.rmeta
 INFO rustc_metadata::locator rmeta reading metadata from: /evidence/target/debug/deps/libio_extras-1a406e7f31a34d97.rmeta
 INFO rustc_metadata::locator rmeta reading metadata from: /evidence/target/debug/deps/libblock_buffer-ac617e59152c2d40.rmeta
 INFO rustc_metadata::locator lib candidate: /evidence/target/debug/deps/librustix_linux_procfs-8b64759b9ecb8c56.rlib
 INFO rustc_metadata::locator lib candidate: /evidence/target/debug/deps/libcfg_if-351d99d93356e30d.rlib
 INFO rustc_metadata::locator lib candidate: /evidence/target/debug/deps/librustix_linux_procfs-8b64759b9ecb8c56.rmeta
 INFO rustc_metadata::locator lib candidate: /evidence/target/debug/deps/libcfg_if-351d99d93356e30d.rmeta
 INFO rustc_metadata::locator rmeta reading metadata from: /evidence/target/debug/deps/librustix_linux_procfs-8b64759b9ecb8c56.rmeta
 INFO rustc_metadata::locator rmeta reading metadata from: /evidence/target/debug/deps/libcfg_if-351d99d93356e30d.rmeta
 INFO rustc_metadata::locator lib candidate: /evidence/target/debug/deps/libonce_cell-ffd422e11c4c1e92.rlib
 INFO rustc_metadata::locator lib candidate: /evidence/target/debug/deps/libthiserror-07e31c065c104b48.rlib
 INFO rustc_metadata::locator lib candidate: /evidence/target/debug/deps/libonce_cell-ffd422e11c4c1e92.rmeta
 INFO rustc_metadata::locator lib candidate: /evidence/target/debug/deps/libthiserror-07e31c065c104b48.rmeta
 INFO rustc_metadata::locator rmeta reading metadata from: /evidence/target/debug/deps/libonce_cell-ffd422e11c4c1e92.rmeta
 INFO rustc_metadata::locator lib candidate: /evidence/target/debug/deps/libmaybe_owned-6930e671efff6c8a.rlib
 INFO rustc_metadata::locator rmeta reading metadata from: /evidence/target/debug/deps/libthiserror-07e31c065c104b48.rmeta
 INFO rustc_metadata::locator lib candidate: /evidence/target/debug/deps/libmaybe_owned-6930e671efff6c8a.rmeta
 INFO rustc_metadata::locator lib candidate: /evidence/target/debug/deps/libthiserror_impl-4595eaec74c6974c.so
 INFO rustc_metadata::locator rmeta reading metadata from: /evidence/target/debug/deps/libmaybe_owned-6930e671efff6c8a.rmeta
 INFO rustc_metadata::locator dylib reading metadata from: /evidence/target/debug/deps/libthiserror_impl-4595eaec74c6974c.so
 INFO rustc_metadata::locator lib candidate: /evidence/target/debug/deps/libipnet-e1b868830d5d2970.rlib
 INFO rustc_metadata::locator Rejecting via proc macro: expected false got true
 INFO rustc_metadata::locator lib candidate: /evidence/target/debug/deps/libipnet-e1b868830d5d2970.rmeta
 INFO rustc_metadata::locator metadata mismatch
 INFO rustc_metadata::locator rmeta reading metadata from: /evidence/target/debug/deps/libipnet-e1b868830d5d2970.rmeta
 INFO rustc_metadata::locator lib candidate: /evidence/target/debug/deps/libthiserror_impl-4595eaec74c6974c.so
 INFO rustc_metadata::locator lib candidate: /evidence/target/debug/deps/libfs_set_times-a6a37d92d3efc37c.rlib
 INFO rustc_metadata::locator lib candidate: /evidence/target/debug/deps/libthiserror_impl-4595eaec74c6974c.so
 INFO rustc_metadata::locator lib candidate: /evidence/target/debug/deps/libfs_set_times-a6a37d92d3efc37c.rmeta
 INFO rustc_metadata::locator dylib reading metadata from: /evidence/target/debug/deps/libthiserror_impl-4595eaec74c6974c.so
 INFO rustc_metadata::locator rmeta reading metadata from: /evidence/target/debug/deps/libfs_set_times-a6a37d92d3efc37c.rmeta
 INFO rustc_metadata::locator lib candidate: /evidence/target/debug/deps/libserde_jcs-a7e9c10d7b08fa36.rlib
 INFO rustc_metadata::locator lib candidate: /evidence/target/debug/deps/libio_lifetimes-a8fe4e958e980692.rlib
 INFO rustc_metadata::locator lib candidate: /evidence/target/debug/deps/libserde_jcs-a7e9c10d7b08fa36.rmeta
 INFO rustc_metadata::locator lib candidate: /evidence/target/debug/deps/libio_lifetimes-a8fe4e958e980692.rmeta
 INFO rustc_metadata::locator rmeta reading metadata from: /evidence/target/debug/deps/libserde_jcs-a7e9c10d7b08fa36.rmeta
 INFO rustc_metadata::locator rmeta reading metadata from: /evidence/target/debug/deps/libio_lifetimes-a8fe4e958e980692.rmeta
 INFO rustc_metadata::locator lib candidate: /evidence/target/debug/deps/libryu_js-4a94eac673420f44.rlib
 INFO rustc_metadata::locator lib candidate: /evidence/target/debug/deps/libcap_std-1515949f44ca7d5f.rlib
 INFO rustc_metadata::locator lib candidate: /evidence/target/debug/deps/libryu_js-4a94eac673420f44.rmeta
 INFO rustc_metadata::locator lib candidate: /evidence/target/debug/deps/libcap_std-1515949f44ca7d5f.rmeta
 INFO rustc_metadata::locator rmeta reading metadata from: /evidence/target/debug/deps/libryu_js-4a94eac673420f44.rmeta
 INFO rustc_metadata::locator rmeta reading metadata from: /evidence/target/debug/deps/libcap_std-1515949f44ca7d5f.rmeta
 INFO rustc_metadata::locator lib candidate: /evidence/target/debug/deps/libuuid-10bf73c9022f40b5.rlib
 INFO rustc_metadata::locator rmeta reading metadata from: /evidence/target/debug/deps/libcap_std-1515949f44ca7d5f.rmeta
 INFO rustc_metadata::locator lib candidate: /evidence/target/debug/deps/libuuid-10bf73c9022f40b5.rmeta
 INFO rustc_metadata::locator lib candidate: /usr/local/rustup/toolchains/1.98.1-aarch64-unknown-linux-gnu/lib/rustlib/aarch64-unknown-linux-gnu/lib/libstd-96c9fe7a07d47cf2.rlib
 INFO rustc_metadata::locator rmeta reading metadata from: /evidence/target/debug/deps/libuuid-10bf73c9022f40b5.rmeta
 INFO rustc_metadata::locator lib candidate: /usr/local/rustup/toolchains/1.98.1-aarch64-unknown-linux-gnu/lib/rustlib/aarch64-unknown-linux-gnu/lib/libstd_detect-744cebc7daba8a68.rlib
 INFO rustc_metadata::locator lib candidate: /evidence/target/debug/deps/libgetrandom-85bc01ee6776ef35.rlib
 INFO rustc_metadata::locator lib candidate: /usr/local/rustup/toolchains/1.98.1-aarch64-unknown-linux-gnu/lib/rustlib/aarch64-unknown-linux-gnu/lib/libstd-96c9fe7a07d47cf2.rmeta
 INFO rustc_metadata::locator lib candidate: /evidence/target/debug/deps/libgetrandom-85bc01ee6776ef35.rmeta
 INFO rustc_metadata::locator lib candidate: /usr/local/rustup/toolchains/1.98.1-aarch64-unknown-linux-gnu/lib/rustlib/aarch64-unknown-linux-gnu/lib/libstd_detect-744cebc7daba8a68.rmeta
 INFO rustc_metadata::locator rmeta reading metadata from: /evidence/target/debug/deps/libgetrandom-85bc01ee6776ef35.rmeta
 INFO rustc_metadata::locator lib candidate: /usr/local/rustup/toolchains/1.98.1-aarch64-unknown-linux-gnu/lib/rustlib/aarch64-unknown-linux-gnu/lib/libstd-96c9fe7a07d47cf2.so
 INFO rustc_metadata::locator lib candidate: /evidence/target/debug/deps/liblibc-289269b039bba117.rlib
 INFO rustc_metadata::locator rmeta reading metadata from: /usr/local/rustup/toolchains/1.98.1-aarch64-unknown-linux-gnu/lib/rustlib/aarch64-unknown-linux-gnu/lib/libstd-96c9fe7a07d47cf2.rmeta
 INFO rustc_metadata::locator lib candidate: /evidence/target/debug/deps/liblibc-289269b039bba117.rmeta
 INFO rustc_metadata::locator rmeta reading metadata from: /usr/local/rustup/toolchains/1.98.1-aarch64-unknown-linux-gnu/lib/rustlib/aarch64-unknown-linux-gnu/lib/libstd_detect-744cebc7daba8a68.rmeta
 INFO rustc_metadata::locator rmeta reading metadata from: /evidence/target/debug/deps/liblibc-289269b039bba117.rmeta
 INFO rustc_metadata::locator Rejecting via crate name
 INFO rustc_metadata::locator lib candidate: /usr/local/rustup/toolchains/1.98.1-aarch64-unknown-linux-gnu/lib/rustlib/aarch64-unknown-linux-gnu/lib/libstd-96c9fe7a07d47cf2.rlib
 INFO rustc_metadata::locator metadata mismatch
 INFO rustc_metadata::locator lib candidate: /usr/local/rustup/toolchains/1.98.1-aarch64-unknown-linux-gnu/lib/rustlib/aarch64-unknown-linux-gnu/lib/libstd_detect-744cebc7daba8a68.rlib
 INFO rustc_metadata::locator rlib reading metadata from: /usr/local/rustup/toolchains/1.98.1-aarch64-unknown-linux-gnu/lib/rustlib/aarch64-unknown-linux-gnu/lib/libstd_detect-744cebc7daba8a68.rlib
 INFO rustc_metadata::locator lib candidate: /usr/local/rustup/toolchains/1.98.1-aarch64-unknown-linux-gnu/lib/rustlib/aarch64-unknown-linux-gnu/lib/libstd-96c9fe7a07d47cf2.rmeta
 INFO rustc_metadata::locator Rejecting via crate name
 INFO rustc_metadata::locator lib candidate: /usr/local/rustup/toolchains/1.98.1-aarch64-unknown-linux-gnu/lib/rustlib/aarch64-unknown-linux-gnu/lib/libstd_detect-744cebc7daba8a68.rmeta
 INFO rustc_metadata::locator metadata mismatch
 INFO rustc_metadata::locator lib candidate: /usr/local/rustup/toolchains/1.98.1-aarch64-unknown-linux-gnu/lib/rustlib/aarch64-unknown-linux-gnu/lib/libstd-96c9fe7a07d47cf2.so
 INFO rustc_metadata::locator rmeta reading metadata from: /evidence/target/debug/deps/librx_domain-604adb34f600faa7.rmeta
 INFO rustc_metadata::locator rmeta reading metadata from: /usr/local/rustup/toolchains/1.98.1-aarch64-unknown-linux-gnu/lib/rustlib/aarch64-unknown-linux-gnu/lib/libstd-96c9fe7a07d47cf2.rmeta
 INFO rustc_metadata::locator lib candidate: /evidence/target/debug/deps/libserde-d6d8ecf1f3014f69.rlib
 INFO rustc_metadata::locator rmeta reading metadata from: /usr/local/rustup/toolchains/1.98.1-aarch64-unknown-linux-gnu/lib/rustlib/aarch64-unknown-linux-gnu/lib/libstd_detect-744cebc7daba8a68.rmeta
 INFO rustc_metadata::locator lib candidate: /evidence/target/debug/deps/libserde-d6d8ecf1f3014f69.rmeta
 INFO rustc_metadata::locator Rejecting via crate name
 INFO rustc_metadata::locator rmeta reading metadata from: /evidence/target/debug/deps/libserde-d6d8ecf1f3014f69.rmeta
 INFO rustc_metadata::locator metadata mismatch
 INFO rustc_metadata::locator lib candidate: /evidence/target/debug/deps/libserde_derive-433728bc0d92981e.so
 INFO rustc_metadata::locator rlib reading metadata from: /usr/local/rustup/toolchains/1.98.1-aarch64-unknown-linux-gnu/lib/rustlib/aarch64-unknown-linux-gnu/lib/libstd_detect-744cebc7daba8a68.rlib
 INFO rustc_metadata::locator dylib reading metadata from: /evidence/target/debug/deps/libserde_derive-433728bc0d92981e.so
 INFO rustc_metadata::locator Rejecting via crate name
 INFO rustc_metadata::locator Rejecting via proc macro: expected false got true
 INFO rustc_metadata::locator metadata mismatch
 INFO rustc_metadata::locator metadata mismatch
 INFO rustc_metadata::locator rmeta reading metadata from: /evidence/target/debug/deps/libserde-d6d8ecf1f3014f69.rmeta
 INFO rustc_metadata::locator lib candidate: /evidence/target/debug/deps/libserde_derive-433728bc0d92981e.so
 INFO rustc_metadata::locator rmeta reading metadata from: /evidence/target/debug/deps/libsha2-87c2a29f79131b25.rmeta
 INFO rustc_metadata::locator lib candidate: /evidence/target/debug/deps/libserde_derive-433728bc0d92981e.so
 INFO rustc_metadata::locator rmeta reading metadata from: /evidence/target/debug/deps/libserde-d6d8ecf1f3014f69.rmeta
 INFO rustc_metadata::locator dylib reading metadata from: /evidence/target/debug/deps/libserde_derive-433728bc0d92981e.so
 INFO rustc_metadata::locator rmeta reading metadata from: /evidence/target/debug/deps/libthiserror-07e31c065c104b48.rmeta
 INFO rustc_metadata::locator lib candidate: /evidence/target/debug/deps/libserde_core-6f42655a3fc1afa3.rlib
 INFO rustc_metadata::locator lib candidate: /usr/local/rustup/toolchains/1.98.1-aarch64-unknown-linux-gnu/lib/rustlib/aarch64-unknown-linux-gnu/lib/libcore-276de952897abe1c.rlib
 INFO rustc_metadata::locator lib candidate: /evidence/target/debug/deps/libserde_core-6f42655a3fc1afa3.rmeta
 INFO rustc_metadata::locator lib candidate: /usr/local/rustup/toolchains/1.98.1-aarch64-unknown-linux-gnu/lib/rustlib/aarch64-unknown-linux-gnu/lib/libcore-276de952897abe1c.rmeta
 INFO rustc_metadata::locator rmeta reading metadata from: /usr/local/rustup/toolchains/1.98.1-aarch64-unknown-linux-gnu/lib/rustlib/aarch64-unknown-linux-gnu/lib/libcore-276de952897abe1c.rmeta
 INFO rustc_metadata::locator rmeta reading metadata from: /evidence/target/debug/deps/libserde_core-6f42655a3fc1afa3.rmeta
 INFO rustc_metadata::locator rmeta reading metadata from: /evidence/target/debug/deps/libserde-d6d8ecf1f3014f69.rmeta
 INFO rustc_metadata::locator lib candidate: /evidence/target/debug/deps/libserde_json-11abb16a171c35d7.rlib
 INFO rustc_metadata::locator rmeta reading metadata from: /evidence/target/debug/deps/libserde-d6d8ecf1f3014f69.rmeta
 INFO rustc_metadata::locator lib candidate: /evidence/target/debug/deps/libserde_json-11abb16a171c35d7.rmeta
 INFO rustc_metadata::locator rmeta reading metadata from: /evidence/target/debug/deps/libserde-d6d8ecf1f3014f69.rmeta
 INFO rustc_metadata::locator rmeta reading metadata from: /evidence/target/debug/deps/libserde_json-11abb16a171c35d7.rmeta
 INFO rustc_metadata::locator rmeta reading metadata from: /evidence/target/debug/deps/libserde-d6d8ecf1f3014f69.rmeta
 INFO rustc_metadata::locator lib candidate: /evidence/target/debug/deps/libitoa-e102cd1e89c6b445.rlib
 INFO rustc_metadata::locator lib candidate: /evidence/target/debug/deps/libitoa-e102cd1e89c6b445.rmeta
 INFO rustc_metadata::locator rmeta reading metadata from: /evidence/target/debug/deps/libserde-d6d8ecf1f3014f69.rmeta
 INFO rustc_metadata::locator rmeta reading metadata from: /evidence/target/debug/deps/libitoa-e102cd1e89c6b445.rmeta
 INFO rustc_metadata::locator rmeta reading metadata from: /evidence/target/debug/deps/libserde-d6d8ecf1f3014f69.rmeta
 INFO rustc_metadata::locator lib candidate: /evidence/target/debug/deps/libzmij-a028af3cf5c0c27b.rlib
 INFO rustc_metadata::locator lib candidate: /evidence/target/debug/deps/libzmij-a028af3cf5c0c27b.rmeta
 INFO rustc_metadata::locator rmeta reading metadata from: /evidence/target/debug/deps/libserde-d6d8ecf1f3014f69.rmeta
 INFO rustc_metadata::locator rmeta reading metadata from: /evidence/target/debug/deps/libserde-d6d8ecf1f3014f69.rmeta
 INFO rustc_metadata::locator rmeta reading metadata from: /evidence/target/debug/deps/libzmij-a028af3cf5c0c27b.rmeta
 INFO rustc_metadata::locator lib candidate: /evidence/target/debug/deps/libmemchr-8362a2c5edc2d889.rlib
 INFO rustc_metadata::locator rmeta reading metadata from: /evidence/target/debug/deps/libserde-d6d8ecf1f3014f69.rmeta
 INFO rustc_metadata::locator rmeta reading metadata from: /evidence/target/debug/deps/libserde-d6d8ecf1f3014f69.rmeta
 INFO rustc_metadata::locator lib candidate: /evidence/target/debug/deps/libmemchr-8362a2c5edc2d889.rmeta
 INFO rustc_metadata::locator rmeta reading metadata from: /evidence/target/debug/deps/libmemchr-8362a2c5edc2d889.rmeta
 INFO rustc_metadata::locator lib candidate: /evidence/target/debug/deps/libsha2-87c2a29f79131b25.rlib
 INFO rustc_metadata::locator lib candidate: /evidence/target/debug/deps/libsha2-87c2a29f79131b25.rmeta
 INFO rustc_metadata::locator rmeta reading metadata from: /evidence/target/debug/deps/librx_domain-604adb34f600faa7.rmeta
 INFO rustc_metadata::locator rmeta reading metadata from: /evidence/target/debug/deps/libsha2-87c2a29f79131b25.rmeta
 INFO rustc_metadata::locator lib candidate: /evidence/target/debug/deps/libdigest-2f251867783bd5a4.rlib
 INFO rustc_metadata::locator lib candidate: /usr/local/rustup/toolchains/1.98.1-aarch64-unknown-linux-gnu/lib/rustlib/aarch64-unknown-linux-gnu/lib/libstd-96c9fe7a07d47cf2.rlib
 INFO rustc_metadata::locator lib candidate: /evidence/target/debug/deps/libdigest-2f251867783bd5a4.rmeta
 INFO rustc_metadata::locator rmeta reading metadata from: /evidence/target/debug/deps/libdigest-2f251867783bd5a4.rmeta
 INFO rustc_metadata::locator lib candidate: /usr/local/rustup/toolchains/1.98.1-aarch64-unknown-linux-gnu/lib/rustlib/aarch64-unknown-linux-gnu/lib/libstd_detect-744cebc7daba8a68.rlib
 INFO rustc_metadata::locator lib candidate: /usr/local/rustup/toolchains/1.98.1-aarch64-unknown-linux-gnu/lib/rustlib/aarch64-unknown-linux-gnu/lib/libstd-96c9fe7a07d47cf2.rmeta
 INFO rustc_metadata::locator lib candidate: /evidence/target/debug/deps/libcrypto_common-b0f7f891cf9945a7.rlib
 INFO rustc_metadata::locator lib candidate: /evidence/target/debug/deps/libcrypto_common-b0f7f891cf9945a7.rmeta
 INFO rustc_metadata::locator lib candidate: /usr/local/rustup/toolchains/1.98.1-aarch64-unknown-linux-gnu/lib/rustlib/aarch64-unknown-linux-gnu/lib/libstd_detect-744cebc7daba8a68.rmeta
 INFO rustc_metadata::locator rmeta reading metadata from: /evidence/target/debug/deps/libcrypto_common-b0f7f891cf9945a7.rmeta
 INFO rustc_metadata::locator lib candidate: /usr/local/rustup/toolchains/1.98.1-aarch64-unknown-linux-gnu/lib/rustlib/aarch64-unknown-linux-gnu/lib/libstd-96c9fe7a07d47cf2.so
 INFO rustc_metadata::locator lib candidate: /evidence/target/debug/deps/libgeneric_array-9ab4e04c59dd2c19.rlib
 INFO rustc_metadata::locator rmeta reading metadata from: /usr/local/rustup/toolchains/1.98.1-aarch64-unknown-linux-gnu/lib/rustlib/aarch64-unknown-linux-gnu/lib/libstd-96c9fe7a07d47cf2.rmeta
 INFO rustc_metadata::locator lib candidate: /evidence/target/debug/deps/libgeneric_array-9ab4e04c59dd2c19.rmeta
 INFO rustc_metadata::locator rmeta reading metadata from: /usr/local/rustup/toolchains/1.98.1-aarch64-unknown-linux-gnu/lib/rustlib/aarch64-unknown-linux-gnu/lib/libstd_detect-744cebc7daba8a68.rmeta
 INFO rustc_metadata::locator rmeta reading metadata from: /evidence/target/debug/deps/libgeneric_array-9ab4e04c59dd2c19.rmeta
 INFO rustc_metadata::locator Rejecting via crate name
 INFO rustc_metadata::locator lib candidate: /evidence/target/debug/deps/libtypenum-0d86cd7943364998.rlib
 INFO rustc_metadata::locator metadata mismatch
 INFO rustc_metadata::locator rlib reading metadata from: /usr/local/rustup/toolchains/1.98.1-aarch64-unknown-linux-gnu/lib/rustlib/aarch64-unknown-linux-gnu/lib/libstd_detect-744cebc7daba8a68.rlib
 INFO rustc_metadata::locator lib candidate: /evidence/target/debug/deps/libtypenum-0d86cd7943364998.rmeta
 INFO rustc_metadata::locator Rejecting via crate name
 INFO rustc_metadata::locator rmeta reading metadata from: /evidence/target/debug/deps/libtypenum-0d86cd7943364998.rmeta
 INFO rustc_metadata::locator metadata mismatch
 INFO rustc_metadata::locator lib candidate: /evidence/target/debug/deps/libblock_buffer-ac617e59152c2d40.rlib
 INFO rustc_metadata::locator rmeta reading metadata from: /evidence/target/debug/deps/libserde-d6d8ecf1f3014f69.rmeta
 INFO rustc_metadata::locator lib candidate: /evidence/target/debug/deps/libblock_buffer-ac617e59152c2d40.rmeta
 INFO rustc_metadata::locator rmeta reading metadata from: /evidence/target/debug/deps/libblock_buffer-ac617e59152c2d40.rmeta
 INFO rustc_metadata::locator rmeta reading metadata from: /evidence/target/debug/deps/libsha2-87c2a29f79131b25.rmeta
 INFO rustc_metadata::locator rmeta reading metadata from: /evidence/target/debug/deps/libthiserror-07e31c065c104b48.rmeta
 INFO rustc_metadata::locator lib candidate: /evidence/target/debug/deps/libcfg_if-351d99d93356e30d.rlib
 INFO rustc_metadata::locator lib candidate: /usr/local/rustup/toolchains/1.98.1-aarch64-unknown-linux-gnu/lib/rustlib/aarch64-unknown-linux-gnu/lib/libcore-276de952897abe1c.rlib
 INFO rustc_metadata::locator lib candidate: /evidence/target/debug/deps/libcfg_if-351d99d93356e30d.rmeta
 INFO rustc_metadata::locator lib candidate: /usr/local/rustup/toolchains/1.98.1-aarch64-unknown-linux-gnu/lib/rustlib/aarch64-unknown-linux-gnu/lib/libcore-276de952897abe1c.rmeta
 INFO rustc_metadata::locator rmeta reading metadata from: /evidence/target/debug/deps/libcfg_if-351d99d93356e30d.rmeta
 INFO rustc_metadata::locator rmeta reading metadata from: /usr/local/rustup/toolchains/1.98.1-aarch64-unknown-linux-gnu/lib/rustlib/aarch64-unknown-linux-gnu/lib/libcore-276de952897abe1c.rmeta
 INFO rustc_metadata::locator lib candidate: /evidence/target/debug/deps/libthiserror-07e31c065c104b48.rlib
 INFO rustc_metadata::locator rmeta reading metadata from: /evidence/target/debug/deps/librustix-99c2fd42b5875ba2.rmeta
 INFO rustc_metadata::locator lib candidate: /evidence/target/debug/deps/libthiserror-07e31c065c104b48.rmeta
 INFO rustc_metadata::locator lib candidate: /evidence/target/debug/deps/liblinux_raw_sys-39deb64a3f2230ca.rlib
 INFO rustc_metadata::locator rmeta reading metadata from: /evidence/target/debug/deps/libthiserror-07e31c065c104b48.rmeta
 INFO rustc_metadata::locator lib candidate: /evidence/target/debug/deps/liblinux_raw_sys-39deb64a3f2230ca.rmeta
 INFO rustc_metadata::locator lib candidate: /evidence/target/debug/deps/libthiserror_impl-4595eaec74c6974c.so
 INFO rustc_metadata::locator rmeta reading metadata from: /evidence/target/debug/deps/liblinux_raw_sys-39deb64a3f2230ca.rmeta
 INFO rustc_metadata::locator dylib reading metadata from: /evidence/target/debug/deps/libthiserror_impl-4595eaec74c6974c.so
 INFO rustc_metadata::locator lib candidate: /evidence/target/debug/deps/libbitflags-78c58f5cfbdecd4f.rlib
 INFO rustc_metadata::locator Rejecting via proc macro: expected false got true
 INFO rustc_metadata::locator lib candidate: /evidence/target/debug/deps/libbitflags-78c58f5cfbdecd4f.rmeta
 INFO rustc_metadata::locator metadata mismatch
 INFO rustc_metadata::locator rmeta reading metadata from: /evidence/target/debug/deps/libbitflags-78c58f5cfbdecd4f.rmeta
 INFO rustc_metadata::locator lib candidate: /evidence/target/debug/deps/libthiserror_impl-4595eaec74c6974c.so
 INFO rustc_metadata::locator lib candidate: /evidence/target/debug/deps/libthiserror_impl-4595eaec74c6974c.so
 INFO rustc_metadata::locator dylib reading metadata from: /evidence/target/debug/deps/libthiserror_impl-4595eaec74c6974c.so
 INFO rustc_metadata::locator lib candidate: /evidence/target/debug/deps/libserde_jcs-a7e9c10d7b08fa36.rlib
 INFO rustc_metadata::locator lib candidate: /evidence/target/debug/deps/libserde_jcs-a7e9c10d7b08fa36.rmeta
 INFO rustc_metadata::locator rmeta reading metadata from: /evidence/target/debug/deps/libserde_jcs-a7e9c10d7b08fa36.rmeta
 INFO rustc_metadata::locator lib candidate: /evidence/target/debug/deps/libryu_js-4a94eac673420f44.rlib
 INFO rustc_metadata::locator lib candidate: /evidence/target/debug/deps/libryu_js-4a94eac673420f44.rmeta
 INFO rustc_metadata::locator rmeta reading metadata from: /evidence/target/debug/deps/libryu_js-4a94eac673420f44.rmeta
 INFO rustc_metadata::locator lib candidate: /evidence/target/debug/deps/libuuid-10bf73c9022f40b5.rlib
 INFO rustc_metadata::locator lib candidate: /evidence/target/debug/deps/libuuid-10bf73c9022f40b5.rmeta
 INFO rustc_metadata::locator rmeta reading metadata from: /evidence/target/debug/deps/libuuid-10bf73c9022f40b5.rmeta
 INFO rustc_metadata::locator rmeta reading metadata from: /evidence/target/debug/deps/libuuid-10bf73c9022f40b5.rmeta
 INFO rustc_metadata::locator lib candidate: /evidence/target/debug/deps/libgetrandom-85bc01ee6776ef35.rlib
 INFO rustc_metadata::locator lib candidate: /evidence/target/debug/deps/libgetrandom-85bc01ee6776ef35.rmeta
 INFO rustc_metadata::locator rmeta reading metadata from: /evidence/target/debug/deps/libgetrandom-85bc01ee6776ef35.rmeta
 INFO rustc_metadata::locator lib candidate: /evidence/target/debug/deps/liblibc-289269b039bba117.rlib
 INFO rustc_metadata::locator lib candidate: /evidence/target/debug/deps/liblibc-289269b039bba117.rmeta
 INFO rustc_metadata::locator rmeta reading metadata from: /evidence/target/debug/deps/liblibc-289269b039bba117.rmeta
 INFO rustc_metadata::locator rmeta reading metadata from: /evidence/target/debug/deps/libserde-d6d8ecf1f3014f69.rmeta
 INFO rustc_metadata::locator rmeta reading metadata from: /evidence/target/debug/deps/libed25519_dalek-f4dab47b8bae84fe.rmeta
 INFO rustc_metadata::locator lib candidate: /evidence/target/debug/deps/libed25519-0c10bc87a437ace4.rlib
 INFO rustc_metadata::locator lib candidate: /evidence/target/debug/deps/libed25519-0c10bc87a437ace4.rmeta
 INFO rustc_metadata::locator rmeta reading metadata from: /evidence/target/debug/deps/libed25519-0c10bc87a437ace4.rmeta
 INFO rustc_metadata::locator lib candidate: /evidence/target/debug/deps/libsignature-8f50d4aed0dc4930.rlib
 INFO rustc_metadata::locator lib candidate: /evidence/target/debug/deps/libsignature-8f50d4aed0dc4930.rmeta
 INFO rustc_metadata::locator rmeta reading metadata from: /evidence/target/debug/deps/libsignature-8f50d4aed0dc4930.rmeta
 INFO rustc_metadata::locator lib candidate: /evidence/target/debug/deps/libcurve25519_dalek-d21e31a2e64cdc3f.rlib
 INFO rustc_metadata::locator lib candidate: /evidence/target/debug/deps/libcurve25519_dalek-d21e31a2e64cdc3f.rmeta
 INFO rustc_metadata::locator rmeta reading metadata from: /evidence/target/debug/deps/libcurve25519_dalek-d21e31a2e64cdc3f.rmeta
 INFO rustc_metadata::locator rmeta reading metadata from: /evidence/target/debug/deps/librx_ports-4fb1315306ceee2b.rmeta
 INFO rustc_metadata::locator lib candidate: /evidence/target/debug/deps/libdigest-8c4c5624f911cdc8.rlib
 INFO rustc_metadata::locator lib candidate: /evidence/target/debug/deps/libdigest-8c4c5624f911cdc8.rmeta
 INFO rustc_metadata::locator rmeta reading metadata from: /evidence/target/debug/deps/libdigest-8c4c5624f911cdc8.rmeta
 INFO rustc_metadata::locator lib candidate: /evidence/target/debug/deps/libblock_buffer-caa6c6420f30fe81.rlib
 INFO rustc_metadata::locator lib candidate: /evidence/target/debug/deps/libblock_buffer-caa6c6420f30fe81.rmeta
 INFO rustc_metadata::locator rmeta reading metadata from: /evidence/target/debug/deps/libblock_buffer-caa6c6420f30fe81.rmeta
 INFO rustc_metadata::locator lib candidate: /evidence/target/debug/deps/libhybrid_array-23621187ae7f671b.rlib
 INFO rustc_metadata::locator lib candidate: /evidence/target/debug/deps/libhybrid_array-23621187ae7f671b.rmeta
 INFO rustc_metadata::locator rmeta reading metadata from: /evidence/target/debug/deps/libhybrid_array-23621187ae7f671b.rmeta
 INFO rustc_metadata::locator lib candidate: /evidence/target/debug/deps/libcrypto_common-974c5d9814b55439.rlib
 INFO rustc_metadata::locator lib candidate: /evidence/target/debug/deps/libcrypto_common-974c5d9814b55439.rmeta
 INFO rustc_metadata::locator rmeta reading metadata from: /evidence/target/debug/deps/libcrypto_common-974c5d9814b55439.rmeta
 INFO rustc_metadata::locator lib candidate: /evidence/target/debug/deps/libsubtle-191bfb3abf9fd829.rlib
 INFO rustc_metadata::locator lib candidate: /evidence/target/debug/deps/libsubtle-191bfb3abf9fd829.rmeta
 INFO rustc_metadata::locator rmeta reading metadata from: /evidence/target/debug/deps/libsubtle-191bfb3abf9fd829.rmeta
 INFO rustc_metadata::locator lib candidate: /evidence/target/debug/deps/libzeroize-cec3ceb8163a75e0.rlib
 INFO rustc_metadata::locator lib candidate: /evidence/target/debug/deps/libzeroize-cec3ceb8163a75e0.rmeta
 INFO rustc_metadata::locator rmeta reading metadata from: /evidence/target/debug/deps/libzeroize-cec3ceb8163a75e0.rmeta
 INFO rustc_metadata::locator lib candidate: /evidence/target/debug/deps/libsha2-9edbc87a5bc3d9a2.rlib
 INFO rustc_metadata::locator lib candidate: /evidence/target/debug/deps/libsha2-9edbc87a5bc3d9a2.rmeta
 INFO rustc_metadata::locator rmeta reading metadata from: /evidence/target/debug/deps/libsha2-9edbc87a5bc3d9a2.rmeta
 INFO rustc_metadata::locator lib candidate: /evidence/target/debug/deps/libcpufeatures-7ffd90a8a3c01f4b.rlib
 INFO rustc_metadata::locator lib candidate: /evidence/target/debug/deps/libcpufeatures-7ffd90a8a3c01f4b.rmeta
 INFO rustc_metadata::locator rmeta reading metadata from: /evidence/target/debug/deps/libcpufeatures-7ffd90a8a3c01f4b.rmeta
 INFO rustc_metadata::locator rmeta reading metadata from: /evidence/target/debug/deps/libsha2-87c2a29f79131b25.rmeta
 INFO rustc_metadata::locator rmeta reading metadata from: /evidence/target/debug/deps/librx_ports-4fb1315306ceee2b.rmeta
 INFO rustc_metadata::locator rmeta reading metadata from: /evidence/target/debug/deps/libserde_json-11abb16a171c35d7.rmeta
 INFO rustc_metadata::locator rmeta reading metadata from: /evidence/target/debug/deps/libserde-d6d8ecf1f3014f69.rmeta
 INFO rustc_metadata::locator rmeta reading metadata from: /evidence/target/debug/deps/libserde-d6d8ecf1f3014f69.rmeta
 INFO rustc_metadata::locator rmeta reading metadata from: /evidence/target/debug/deps/libserde-d6d8ecf1f3014f69.rmeta
 INFO rustc_metadata::locator rmeta reading metadata from: /evidence/target/debug/deps/libserde-d6d8ecf1f3014f69.rmeta
 INFO rustc_metadata::locator rmeta reading metadata from: /evidence/target/debug/deps/libserde-d6d8ecf1f3014f69.rmeta
 INFO rustc_metadata::locator rmeta reading metadata from: /evidence/target/debug/deps/libserde-d6d8ecf1f3014f69.rmeta
 INFO rustc_metadata::locator rmeta reading metadata from: /evidence/target/debug/deps/libserde-d6d8ecf1f3014f69.rmeta
 INFO rustc_metadata::locator rmeta reading metadata from: /evidence/target/debug/deps/libserde-d6d8ecf1f3014f69.rmeta
 INFO rustc_metadata::locator rmeta reading metadata from: /evidence/target/debug/deps/libserde-d6d8ecf1f3014f69.rmeta
 INFO rustc_metadata::locator rmeta reading metadata from: /evidence/target/debug/deps/libserde-d6d8ecf1f3014f69.rmeta
 INFO rustc_metadata::locator rmeta reading metadata from: /evidence/target/debug/deps/libserde-d6d8ecf1f3014f69.rmeta
 INFO rustc_metadata::locator rmeta reading metadata from: /evidence/target/debug/deps/libserde-d6d8ecf1f3014f69.rmeta
 INFO rustc_metadata::locator rmeta reading metadata from: /evidence/target/debug/deps/libserde-d6d8ecf1f3014f69.rmeta
 INFO rustc_metadata::locator rmeta reading metadata from: /evidence/target/debug/deps/libserde-d6d8ecf1f3014f69.rmeta
 INFO rustc_metadata::locator rmeta reading metadata from: /evidence/target/debug/deps/libserde-d6d8ecf1f3014f69.rmeta
 INFO rustc_metadata::locator rmeta reading metadata from: /evidence/target/debug/deps/libserde-d6d8ecf1f3014f69.rmeta
 INFO rustc_metadata::locator rmeta reading metadata from: /evidence/target/debug/deps/libserde-d6d8ecf1f3014f69.rmeta
 INFO rustc_metadata::locator rmeta reading metadata from: /evidence/target/debug/deps/libserde-d6d8ecf1f3014f69.rmeta
 INFO rustc_metadata::locator rmeta reading metadata from: /evidence/target/debug/deps/libserde-d6d8ecf1f3014f69.rmeta
 INFO rustc_metadata::locator rmeta reading metadata from: /evidence/target/debug/deps/libserde-d6d8ecf1f3014f69.rmeta
 INFO rustc_metadata::locator rmeta reading metadata from: /evidence/target/debug/deps/libserde-d6d8ecf1f3014f69.rmeta
 INFO rustc_metadata::locator rmeta reading metadata from: /evidence/target/debug/deps/libserde-d6d8ecf1f3014f69.rmeta
 INFO rustc_metadata::locator rmeta reading metadata from: /evidence/target/debug/deps/libserde-d6d8ecf1f3014f69.rmeta
 INFO rustc_metadata::locator rmeta reading metadata from: /evidence/target/debug/deps/libserde-d6d8ecf1f3014f69.rmeta
 INFO rustc_metadata::locator rmeta reading metadata from: /evidence/target/debug/deps/libserde-d6d8ecf1f3014f69.rmeta
 INFO rustc_metadata::locator rmeta reading metadata from: /evidence/target/debug/deps/libserde-d6d8ecf1f3014f69.rmeta
 INFO rustc_metadata::locator rmeta reading metadata from: /evidence/target/debug/deps/libserde-d6d8ecf1f3014f69.rmeta
 INFO rustc_metadata::locator rmeta reading metadata from: /evidence/target/debug/deps/libserde-d6d8ecf1f3014f69.rmeta
 INFO rustc_metadata::locator rmeta reading metadata from: /evidence/target/debug/deps/libserde-d6d8ecf1f3014f69.rmeta
 INFO rustc_metadata::locator rmeta reading metadata from: /evidence/target/debug/deps/libserde-d6d8ecf1f3014f69.rmeta
 INFO rustc_metadata::locator rmeta reading metadata from: /evidence/target/debug/deps/libserde-d6d8ecf1f3014f69.rmeta
 INFO rustc_metadata::locator rmeta reading metadata from: /evidence/target/debug/deps/libserde-d6d8ecf1f3014f69.rmeta
 INFO rustc_metadata::locator rmeta reading metadata from: /evidence/target/debug/deps/libthiserror-07e31c065c104b48.rmeta
 INFO rustc_metadata::locator lib candidate: /usr/local/rustup/toolchains/1.98.1-aarch64-unknown-linux-gnu/lib/rustlib/aarch64-unknown-linux-gnu/lib/libcore-276de952897abe1c.rlib
 INFO rustc_metadata::locator lib candidate: /usr/local/rustup/toolchains/1.98.1-aarch64-unknown-linux-gnu/lib/rustlib/aarch64-unknown-linux-gnu/lib/libcore-276de952897abe1c.rmeta
 INFO rustc_metadata::locator rmeta reading metadata from: /usr/local/rustup/toolchains/1.98.1-aarch64-unknown-linux-gnu/lib/rustlib/aarch64-unknown-linux-gnu/lib/libcore-276de952897abe1c.rmeta
 INFO rustc_metadata::locator rmeta reading metadata from: /evidence/target/debug/deps/libserde-d6d8ecf1f3014f69.rmeta
 INFO rustc_metadata::locator rmeta reading metadata from: /evidence/target/debug/deps/libserde-d6d8ecf1f3014f69.rmeta
 INFO rustc_metadata::locator rmeta reading metadata from: /evidence/target/debug/deps/libserde-d6d8ecf1f3014f69.rmeta
 INFO rustc_metadata::locator rmeta reading metadata from: /evidence/target/debug/deps/libserde-d6d8ecf1f3014f69.rmeta
 INFO rustc_metadata::locator rmeta reading metadata from: /evidence/target/debug/deps/libserde-d6d8ecf1f3014f69.rmeta
 INFO rustc_metadata::locator rmeta reading metadata from: /evidence/target/debug/deps/libserde-d6d8ecf1f3014f69.rmeta
 INFO rustc_metadata::locator rmeta reading metadata from: /evidence/target/debug/deps/libserde-d6d8ecf1f3014f69.rmeta
 INFO rustc_metadata::locator rmeta reading metadata from: /evidence/target/debug/deps/libserde-d6d8ecf1f3014f69.rmeta
 INFO rustc_metadata::locator rmeta reading metadata from: /evidence/target/debug/deps/libserde-d6d8ecf1f3014f69.rmeta
 INFO rustc_metadata::locator rmeta reading metadata from: /evidence/target/debug/deps/libserde-d6d8ecf1f3014f69.rmeta
 INFO rustc_metadata::locator rmeta reading metadata from: /evidence/target/debug/deps/libserde-d6d8ecf1f3014f69.rmeta
 INFO rustc_metadata::locator rmeta reading metadata from: /evidence/target/debug/deps/libserde-d6d8ecf1f3014f69.rmeta
 INFO rustc_metadata::locator rmeta reading metadata from: /evidence/target/debug/deps/libserde-d6d8ecf1f3014f69.rmeta
 INFO rustc_metadata::locator rmeta reading metadata from: /evidence/target/debug/deps/libserde-d6d8ecf1f3014f69.rmeta
 INFO rustc_metadata::locator rmeta reading metadata from: /evidence/target/debug/deps/libserde-d6d8ecf1f3014f69.rmeta
 INFO rustc_metadata::locator rmeta reading metadata from: /evidence/target/debug/deps/libserde-d6d8ecf1f3014f69.rmeta
 INFO rustc_metadata::locator rmeta reading metadata from: /evidence/target/debug/deps/libserde-d6d8ecf1f3014f69.rmeta
 INFO rustc_metadata::locator rmeta reading metadata from: /evidence/target/debug/deps/libserde-d6d8ecf1f3014f69.rmeta
 INFO rustc_metadata::locator rmeta reading metadata from: /evidence/target/debug/deps/libserde-d6d8ecf1f3014f69.rmeta
 INFO rustc_metadata::locator rmeta reading metadata from: /evidence/target/debug/deps/libserde-d6d8ecf1f3014f69.rmeta
 INFO rustc_metadata::locator rmeta reading metadata from: /evidence/target/debug/deps/libserde-d6d8ecf1f3014f69.rmeta
 INFO rustc_metadata::locator rmeta reading metadata from: /evidence/target/debug/deps/libserde-d6d8ecf1f3014f69.rmeta
 INFO rustc_metadata::locator rmeta reading metadata from: /evidence/target/debug/deps/libserde-d6d8ecf1f3014f69.rmeta
 INFO rustc_metadata::locator rmeta reading metadata from: /evidence/target/debug/deps/libserde-d6d8ecf1f3014f69.rmeta
 INFO rustc_metadata::locator rmeta reading metadata from: /evidence/target/debug/deps/libserde-d6d8ecf1f3014f69.rmeta
 INFO rustc_metadata::locator rmeta reading metadata from: /evidence/target/debug/deps/libserde-d6d8ecf1f3014f69.rmeta
 INFO rustc_metadata::locator rmeta reading metadata from: /evidence/target/debug/deps/libserde-d6d8ecf1f3014f69.rmeta
 INFO rustc_metadata::locator rmeta reading metadata from: /evidence/target/debug/deps/libserde-d6d8ecf1f3014f69.rmeta
 INFO rustc_metadata::locator rmeta reading metadata from: /evidence/target/debug/deps/libserde-d6d8ecf1f3014f69.rmeta
 INFO rustc_metadata::locator rmeta reading metadata from: /evidence/target/debug/deps/libserde-d6d8ecf1f3014f69.rmeta
 INFO rustc_metadata::locator rmeta reading metadata from: /evidence/target/debug/deps/libserde-d6d8ecf1f3014f69.rmeta
 INFO rustc_metadata::locator rmeta reading metadata from: /evidence/target/debug/deps/libserde-d6d8ecf1f3014f69.rmeta
 INFO rustc_metadata::locator rmeta reading metadata from: /evidence/target/debug/deps/libserde-d6d8ecf1f3014f69.rmeta
 INFO rustc_metadata::locator rmeta reading metadata from: /evidence/target/debug/deps/libserde-d6d8ecf1f3014f69.rmeta
 INFO rustc_metadata::locator rmeta reading metadata from: /evidence/target/debug/deps/libserde-d6d8ecf1f3014f69.rmeta
 INFO rustc_metadata::locator rmeta reading metadata from: /evidence/target/debug/deps/libserde-d6d8ecf1f3014f69.rmeta
 INFO rustc_metadata::locator rmeta reading metadata from: /evidence/target/debug/deps/libserde-d6d8ecf1f3014f69.rmeta
 INFO rustc_metadata::locator rmeta reading metadata from: /evidence/target/debug/deps/libcap_fs_ext-81cc37eb885e2350.rmeta
 INFO rustc_metadata::locator rmeta reading metadata from: /evidence/target/debug/deps/libcap_std-1515949f44ca7d5f.rmeta
 INFO rustc_metadata::locator lib candidate: /usr/local/rustup/toolchains/1.98.1-aarch64-unknown-linux-gnu/lib/rustlib/aarch64-unknown-linux-gnu/lib/libstd-96c9fe7a07d47cf2.rlib
 INFO rustc_metadata::locator lib candidate: /usr/local/rustup/toolchains/1.98.1-aarch64-unknown-linux-gnu/lib/rustlib/aarch64-unknown-linux-gnu/lib/libstd_detect-744cebc7daba8a68.rlib
 INFO rustc_metadata::locator lib candidate: /usr/local/rustup/toolchains/1.98.1-aarch64-unknown-linux-gnu/lib/rustlib/aarch64-unknown-linux-gnu/lib/libstd-96c9fe7a07d47cf2.rmeta
 INFO rustc_metadata::locator lib candidate: /usr/local/rustup/toolchains/1.98.1-aarch64-unknown-linux-gnu/lib/rustlib/aarch64-unknown-linux-gnu/lib/libstd_detect-744cebc7daba8a68.rmeta
 INFO rustc_metadata::locator lib candidate: /usr/local/rustup/toolchains/1.98.1-aarch64-unknown-linux-gnu/lib/rustlib/aarch64-unknown-linux-gnu/lib/libstd-96c9fe7a07d47cf2.so
 INFO rustc_metadata::locator rmeta reading metadata from: /usr/local/rustup/toolchains/1.98.1-aarch64-unknown-linux-gnu/lib/rustlib/aarch64-unknown-linux-gnu/lib/libstd-96c9fe7a07d47cf2.rmeta
 INFO rustc_metadata::locator rmeta reading metadata from: /usr/local/rustup/toolchains/1.98.1-aarch64-unknown-linux-gnu/lib/rustlib/aarch64-unknown-linux-gnu/lib/libstd_detect-744cebc7daba8a68.rmeta
 INFO rustc_metadata::locator Rejecting via crate name
 INFO rustc_metadata::locator metadata mismatch
 INFO rustc_metadata::locator rlib reading metadata from: /usr/local/rustup/toolchains/1.98.1-aarch64-unknown-linux-gnu/lib/rustlib/aarch64-unknown-linux-gnu/lib/libstd_detect-744cebc7daba8a68.rlib
 INFO rustc_metadata::locator Rejecting via crate name
 INFO rustc_metadata::locator metadata mismatch
 INFO rustc_metadata::locator rmeta reading metadata from: /evidence/target/debug/deps/librx_domain-604adb34f600faa7.rmeta
 INFO rustc_metadata::locator rmeta reading metadata from: /evidence/target/debug/deps/libserde-d6d8ecf1f3014f69.rmeta
 INFO rustc_metadata::locator rmeta reading metadata from: /evidence/target/debug/deps/libed25519_dalek-f4dab47b8bae84fe.rmeta
 INFO rustc_metadata::locator rmeta reading metadata from: /evidence/target/debug/deps/libsha2-87c2a29f79131b25.rmeta
 INFO rustc_metadata::locator rmeta reading metadata from: /evidence/target/debug/deps/librx_ports-4fb1315306ceee2b.rmeta
 INFO rustc_metadata::locator rmeta reading metadata from: /evidence/target/debug/deps/libserde_json-11abb16a171c35d7.rmeta
 INFO rustc_metadata::locator rmeta reading metadata from: /evidence/target/debug/deps/libthiserror-07e31c065c104b48.rmeta
 INFO rustc_metadata::locator lib candidate: /usr/local/rustup/toolchains/1.98.1-aarch64-unknown-linux-gnu/lib/rustlib/aarch64-unknown-linux-gnu/lib/libcore-276de952897abe1c.rlib
 INFO rustc_metadata::locator lib candidate: /usr/local/rustup/toolchains/1.98.1-aarch64-unknown-linux-gnu/lib/rustlib/aarch64-unknown-linux-gnu/lib/libcore-276de952897abe1c.rmeta
 INFO rustc_metadata::locator rmeta reading metadata from: /usr/local/rustup/toolchains/1.98.1-aarch64-unknown-linux-gnu/lib/rustlib/aarch64-unknown-linux-gnu/lib/libcore-276de952897abe1c.rmeta
 INFO rustc_metadata::locator rmeta reading metadata from: /evidence/target/debug/deps/librustix-99c2fd42b5875ba2.rmeta
 INFO rustc_metadata::locator rmeta reading metadata from: /evidence/target/debug/deps/libtempfile-b38700c1d9fac7a9.rmeta
 INFO rustc_metadata::locator lib candidate: /evidence/target/debug/deps/libfastrand-bb19cc68fc148705.rlib
 INFO rustc_metadata::locator lib candidate: /evidence/target/debug/deps/libfastrand-bb19cc68fc148705.rmeta
 INFO rustc_metadata::locator rmeta reading metadata from: /evidence/target/debug/deps/libfastrand-bb19cc68fc148705.rmeta
 INFO rustc_metadata::locator rmeta reading metadata from: /evidence/target/debug/deps/libsemver-fdb5d8adc8815b21.rmeta
 INFO rustc_metadata::locator rmeta reading metadata from: /evidence/target/debug/deps/libuuid-10bf73c9022f40b5.rmeta
[libsqlite3-sys 0.38.2] cargo:rerun-if-env-changed=AR_aarch64-unknown-linux-gnu
[libsqlite3-sys 0.38.2] AR_aarch64-unknown-linux-gnu = None
[libsqlite3-sys 0.38.2] cargo:rerun-if-env-changed=AR_aarch64_unknown_linux_gnu
[libsqlite3-sys 0.38.2] AR_aarch64_unknown_linux_gnu = None
[libsqlite3-sys 0.38.2] cargo:rerun-if-env-changed=HOST_AR
[libsqlite3-sys 0.38.2] HOST_AR = None
[libsqlite3-sys 0.38.2] cargo:rerun-if-env-changed=AR
[libsqlite3-sys 0.38.2] AR = None
[libsqlite3-sys 0.38.2] cargo:rerun-if-env-changed=ARFLAGS
[libsqlite3-sys 0.38.2] ARFLAGS = None
[libsqlite3-sys 0.38.2] cargo:rerun-if-env-changed=HOST_ARFLAGS
[libsqlite3-sys 0.38.2] HOST_ARFLAGS = None
[libsqlite3-sys 0.38.2] cargo:rerun-if-env-changed=ARFLAGS_aarch64_unknown_linux_gnu
[libsqlite3-sys 0.38.2] ARFLAGS_aarch64_unknown_linux_gnu = None
[libsqlite3-sys 0.38.2] cargo:rerun-if-env-changed=ARFLAGS_aarch64-unknown-linux-gnu
[libsqlite3-sys 0.38.2] ARFLAGS_aarch64-unknown-linux-gnu = None
[libsqlite3-sys 0.38.2] cargo:rerun-if-env-changed=AR_aarch64-unknown-linux-gnu
[libsqlite3-sys 0.38.2] AR_aarch64-unknown-linux-gnu = None
[libsqlite3-sys 0.38.2] cargo:rerun-if-env-changed=AR_aarch64_unknown_linux_gnu
[libsqlite3-sys 0.38.2] AR_aarch64_unknown_linux_gnu = None
[libsqlite3-sys 0.38.2] cargo:rerun-if-env-changed=HOST_AR
[libsqlite3-sys 0.38.2] HOST_AR = None
[libsqlite3-sys 0.38.2] cargo:rerun-if-env-changed=AR
[libsqlite3-sys 0.38.2] AR = None
[libsqlite3-sys 0.38.2] cargo:rerun-if-env-changed=ARFLAGS
[libsqlite3-sys 0.38.2] ARFLAGS = None
[libsqlite3-sys 0.38.2] cargo:rerun-if-env-changed=HOST_ARFLAGS
[libsqlite3-sys 0.38.2] HOST_ARFLAGS = None
[libsqlite3-sys 0.38.2] cargo:rerun-if-env-changed=ARFLAGS_aarch64_unknown_linux_gnu
[libsqlite3-sys 0.38.2] ARFLAGS_aarch64_unknown_linux_gnu = None
[libsqlite3-sys 0.38.2] cargo:rerun-if-env-changed=ARFLAGS_aarch64-unknown-linux-gnu
[libsqlite3-sys 0.38.2] ARFLAGS_aarch64-unknown-linux-gnu = None
   Compiling rx-solution-catalog v0.1.0 (/source/runtime/rx-solution-catalog)
     Running `CARGO=/usr/local/rustup/toolchains/1.98.1-aarch64-unknown-linux-gnu/bin/cargo CARGO_CRATE_NAME=rx_solution_catalog CARGO_MANIFEST_DIR=/source/runtime/rx-solution-catalog CARGO_MANIFEST_PATH=/source/runtime/rx-solution-catalog/Cargo.toml CARGO_PKG_AUTHORS='' CARGO_PKG_DESCRIPTION='' CARGO_PKG_HOMEPAGE='' CARGO_PKG_LICENSE=Apache-2.0 CARGO_PKG_LICENSE_FILE='' CARGO_PKG_NAME=rx-solution-catalog CARGO_PKG_README=README.md CARGO_PKG_REPOSITORY='' CARGO_PKG_RUST_VERSION='' CARGO_PKG_VERSION=0.1.0 CARGO_PKG_VERSION_MAJOR=0 CARGO_PKG_VERSION_MINOR=1 CARGO_PKG_VERSION_PATCH=0 CARGO_PKG_VERSION_PRE='' LD_LIBRARY_PATH='/evidence/target/debug/deps:/usr/local/rustup/toolchains/1.98.1-aarch64-unknown-linux-gnu/lib' /usr/local/rustup/toolchains/1.98.1-aarch64-unknown-linux-gnu/bin/rustc --crate-name rx_solution_catalog --edition=2024 runtime/rx-solution-catalog/src/lib.rs --error-format=json --json=diagnostic-rendered-ansi,artifacts,future-incompat --crate-type lib --emit=dep-info,metadata,link -C embed-bitcode=no -C debuginfo=2 --forbid=unsafe_code '--warn=clippy::all' --check-cfg 'cfg(docsrs,test)' --check-cfg 'cfg(feature, values())' -C metadata=01861587a9875688 -C extra-filename=-5e4212b4a7b19a39 --out-dir /evidence/target/debug/deps -C incremental=/evidence/target/debug/incremental -L dependency=/evidence/target/debug/deps --extern rx_domain=/evidence/target/debug/deps/librx_domain-604adb34f600faa7.rmeta --extern rx_package=/evidence/target/debug/deps/librx_package-26fea21b4d8d651b.rmeta --extern serde=/evidence/target/debug/deps/libserde-d6d8ecf1f3014f69.rmeta --extern serde_json=/evidence/target/debug/deps/libserde_json-11abb16a171c35d7.rmeta --extern thiserror=/evidence/target/debug/deps/libthiserror-07e31c065c104b48.rmeta`
 INFO rustc_metadata::locator lib candidate: /usr/local/rustup/toolchains/1.98.1-aarch64-unknown-linux-gnu/lib/rustlib/aarch64-unknown-linux-gnu/lib/libstd-96c9fe7a07d47cf2.rlib
 INFO rustc_metadata::locator lib candidate: /usr/local/rustup/toolchains/1.98.1-aarch64-unknown-linux-gnu/lib/rustlib/aarch64-unknown-linux-gnu/lib/libstd_detect-744cebc7daba8a68.rlib
 INFO rustc_metadata::locator lib candidate: /usr/local/rustup/toolchains/1.98.1-aarch64-unknown-linux-gnu/lib/rustlib/aarch64-unknown-linux-gnu/lib/libstd-96c9fe7a07d47cf2.rmeta
 INFO rustc_metadata::locator lib candidate: /usr/local/rustup/toolchains/1.98.1-aarch64-unknown-linux-gnu/lib/rustlib/aarch64-unknown-linux-gnu/lib/libstd_detect-744cebc7daba8a68.rmeta
 INFO rustc_metadata::locator lib candidate: /usr/local/rustup/toolchains/1.98.1-aarch64-unknown-linux-gnu/lib/rustlib/aarch64-unknown-linux-gnu/lib/libstd-96c9fe7a07d47cf2.so
 INFO rustc_metadata::locator rmeta reading metadata from: /usr/local/rustup/toolchains/1.98.1-aarch64-unknown-linux-gnu/lib/rustlib/aarch64-unknown-linux-gnu/lib/libstd-96c9fe7a07d47cf2.rmeta
 INFO rustc_metadata::locator rmeta reading metadata from: /usr/local/rustup/toolchains/1.98.1-aarch64-unknown-linux-gnu/lib/rustlib/aarch64-unknown-linux-gnu/lib/libstd_detect-744cebc7daba8a68.rmeta
 INFO rustc_metadata::locator Rejecting via crate name
 INFO rustc_metadata::locator metadata mismatch
 INFO rustc_metadata::locator rlib reading metadata from: /usr/local/rustup/toolchains/1.98.1-aarch64-unknown-linux-gnu/lib/rustlib/aarch64-unknown-linux-gnu/lib/libstd_detect-744cebc7daba8a68.rlib
 INFO rustc_metadata::locator Rejecting via crate name
 INFO rustc_metadata::locator metadata mismatch
 INFO rustc_metadata::locator lib candidate: /usr/local/rustup/toolchains/1.98.1-aarch64-unknown-linux-gnu/lib/rustlib/aarch64-unknown-linux-gnu/lib/libcore-276de952897abe1c.rlib
 INFO rustc_metadata::locator lib candidate: /usr/local/rustup/toolchains/1.98.1-aarch64-unknown-linux-gnu/lib/rustlib/aarch64-unknown-linux-gnu/lib/libcore-276de952897abe1c.rmeta
 INFO rustc_metadata::locator rmeta reading metadata from: /usr/local/rustup/toolchains/1.98.1-aarch64-unknown-linux-gnu/lib/rustlib/aarch64-unknown-linux-gnu/lib/libcore-276de952897abe1c.rmeta
 INFO rustc_metadata::locator lib candidate: /usr/local/rustup/toolchains/1.98.1-aarch64-unknown-linux-gnu/lib/rustlib/aarch64-unknown-linux-gnu/lib/liballoc-5ed91a8779ad9241.rlib
 INFO rustc_metadata::locator lib candidate: /usr/local/rustup/toolchains/1.98.1-aarch64-unknown-linux-gnu/lib/rustlib/aarch64-unknown-linux-gnu/lib/liballoc-5ed91a8779ad9241.rmeta
 INFO rustc_metadata::locator rmeta reading metadata from: /usr/local/rustup/toolchains/1.98.1-aarch64-unknown-linux-gnu/lib/rustlib/aarch64-unknown-linux-gnu/lib/liballoc-5ed91a8779ad9241.rmeta
 INFO rustc_metadata::locator lib candidate: /usr/local/rustup/toolchains/1.98.1-aarch64-unknown-linux-gnu/lib/rustlib/aarch64-unknown-linux-gnu/lib/libcompiler_builtins-bd0d6dc1a63d46e8.rlib
 INFO rustc_metadata::locator lib candidate: /usr/local/rustup/toolchains/1.98.1-aarch64-unknown-linux-gnu/lib/rustlib/aarch64-unknown-linux-gnu/lib/libcompiler_builtins-bd0d6dc1a63d46e8.rmeta
 INFO rustc_metadata::locator rmeta reading metadata from: /usr/local/rustup/toolchains/1.98.1-aarch64-unknown-linux-gnu/lib/rustlib/aarch64-unknown-linux-gnu/lib/libcompiler_builtins-bd0d6dc1a63d46e8.rmeta
 INFO rustc_metadata::locator lib candidate: /usr/local/rustup/toolchains/1.98.1-aarch64-unknown-linux-gnu/lib/rustlib/aarch64-unknown-linux-gnu/lib/liblibc-d4267515c636bbd5.rlib
 INFO rustc_metadata::locator lib candidate: /usr/local/rustup/toolchains/1.98.1-aarch64-unknown-linux-gnu/lib/rustlib/aarch64-unknown-linux-gnu/lib/liblibc-d4267515c636bbd5.rmeta
 INFO rustc_metadata::locator rmeta reading metadata from: /usr/local/rustup/toolchains/1.98.1-aarch64-unknown-linux-gnu/lib/rustlib/aarch64-unknown-linux-gnu/lib/liblibc-d4267515c636bbd5.rmeta
 INFO rustc_metadata::locator lib candidate: /usr/local/rustup/toolchains/1.98.1-aarch64-unknown-linux-gnu/lib/rustlib/aarch64-unknown-linux-gnu/lib/librustc_std_workspace_core-60f5aed5b0be39ba.rlib
 INFO rustc_metadata::locator lib candidate: /usr/local/rustup/toolchains/1.98.1-aarch64-unknown-linux-gnu/lib/rustlib/aarch64-unknown-linux-gnu/lib/librustc_std_workspace_core-60f5aed5b0be39ba.rmeta
 INFO rustc_metadata::locator rmeta reading metadata from: /usr/local/rustup/toolchains/1.98.1-aarch64-unknown-linux-gnu/lib/rustlib/aarch64-unknown-linux-gnu/lib/librustc_std_workspace_core-60f5aed5b0be39ba.rmeta
 INFO rustc_metadata::locator lib candidate: /usr/local/rustup/toolchains/1.98.1-aarch64-unknown-linux-gnu/lib/rustlib/aarch64-unknown-linux-gnu/lib/libunwind-0d91334590e8fac0.rlib
 INFO rustc_metadata::locator lib candidate: /usr/local/rustup/toolchains/1.98.1-aarch64-unknown-linux-gnu/lib/rustlib/aarch64-unknown-linux-gnu/lib/libunwind-0d91334590e8fac0.rmeta
 INFO rustc_metadata::locator rmeta reading metadata from: /usr/local/rustup/toolchains/1.98.1-aarch64-unknown-linux-gnu/lib/rustlib/aarch64-unknown-linux-gnu/lib/libunwind-0d91334590e8fac0.rmeta
 INFO rustc_metadata::locator lib candidate: /usr/local/rustup/toolchains/1.98.1-aarch64-unknown-linux-gnu/lib/rustlib/aarch64-unknown-linux-gnu/lib/libminiz_oxide-fd627a3cab0f8638.rlib
 INFO rustc_metadata::locator lib candidate: /usr/local/rustup/toolchains/1.98.1-aarch64-unknown-linux-gnu/lib/rustlib/aarch64-unknown-linux-gnu/lib/libminiz_oxide-fd627a3cab0f8638.rmeta
 INFO rustc_metadata::locator rmeta reading metadata from: /usr/local/rustup/toolchains/1.98.1-aarch64-unknown-linux-gnu/lib/rustlib/aarch64-unknown-linux-gnu/lib/libminiz_oxide-fd627a3cab0f8638.rmeta
 INFO rustc_metadata::locator lib candidate: /usr/local/rustup/toolchains/1.98.1-aarch64-unknown-linux-gnu/lib/rustlib/aarch64-unknown-linux-gnu/lib/libadler2-49f29a8856c93b22.rlib
 INFO rustc_metadata::locator lib candidate: /usr/local/rustup/toolchains/1.98.1-aarch64-unknown-linux-gnu/lib/rustlib/aarch64-unknown-linux-gnu/lib/libadler2-49f29a8856c93b22.rmeta
 INFO rustc_metadata::locator rmeta reading metadata from: /usr/local/rustup/toolchains/1.98.1-aarch64-unknown-linux-gnu/lib/rustlib/aarch64-unknown-linux-gnu/lib/libadler2-49f29a8856c93b22.rmeta
 INFO rustc_metadata::locator lib candidate: /usr/local/rustup/toolchains/1.98.1-aarch64-unknown-linux-gnu/lib/rustlib/aarch64-unknown-linux-gnu/lib/libhashbrown-59d69e789b093c2f.rlib
 INFO rustc_metadata::locator lib candidate: /usr/local/rustup/toolchains/1.98.1-aarch64-unknown-linux-gnu/lib/rustlib/aarch64-unknown-linux-gnu/lib/libhashbrown-59d69e789b093c2f.rmeta
 INFO rustc_metadata::locator rmeta reading metadata from: /usr/local/rustup/toolchains/1.98.1-aarch64-unknown-linux-gnu/lib/rustlib/aarch64-unknown-linux-gnu/lib/libhashbrown-59d69e789b093c2f.rmeta
 INFO rustc_metadata::locator lib candidate: /usr/local/rustup/toolchains/1.98.1-aarch64-unknown-linux-gnu/lib/rustlib/aarch64-unknown-linux-gnu/lib/librustc_std_workspace_alloc-21af30201253cbfb.rlib
 INFO rustc_metadata::locator lib candidate: /usr/local/rustup/toolchains/1.98.1-aarch64-unknown-linux-gnu/lib/rustlib/aarch64-unknown-linux-gnu/lib/librustc_std_workspace_alloc-21af30201253cbfb.rmeta
 INFO rustc_metadata::locator rmeta reading metadata from: /usr/local/rustup/toolchains/1.98.1-aarch64-unknown-linux-gnu/lib/rustlib/aarch64-unknown-linux-gnu/lib/librustc_std_workspace_alloc-21af30201253cbfb.rmeta
 INFO rustc_metadata::locator lib candidate: /usr/local/rustup/toolchains/1.98.1-aarch64-unknown-linux-gnu/lib/rustlib/aarch64-unknown-linux-gnu/lib/libstd_detect-744cebc7daba8a68.rlib
 INFO rustc_metadata::locator lib candidate: /usr/local/rustup/toolchains/1.98.1-aarch64-unknown-linux-gnu/lib/rustlib/aarch64-unknown-linux-gnu/lib/libstd_detect-744cebc7daba8a68.rmeta
 INFO rustc_metadata::locator rmeta reading metadata from: /usr/local/rustup/toolchains/1.98.1-aarch64-unknown-linux-gnu/lib/rustlib/aarch64-unknown-linux-gnu/lib/libstd_detect-744cebc7daba8a68.rmeta
 INFO rustc_metadata::locator lib candidate: /usr/local/rustup/toolchains/1.98.1-aarch64-unknown-linux-gnu/lib/rustlib/aarch64-unknown-linux-gnu/lib/librustc_demangle-4f11a1d3df1ceb19.rlib
 INFO rustc_metadata::locator lib candidate: /usr/local/rustup/toolchains/1.98.1-aarch64-unknown-linux-gnu/lib/rustlib/aarch64-unknown-linux-gnu/lib/librustc_demangle-4f11a1d3df1ceb19.rmeta
 INFO rustc_metadata::locator rmeta reading metadata from: /usr/local/rustup/toolchains/1.98.1-aarch64-unknown-linux-gnu/lib/rustlib/aarch64-unknown-linux-gnu/lib/librustc_demangle-4f11a1d3df1ceb19.rmeta
 INFO rustc_metadata::locator lib candidate: /usr/local/rustup/toolchains/1.98.1-aarch64-unknown-linux-gnu/lib/rustlib/aarch64-unknown-linux-gnu/lib/libcfg_if-4cb5d4e7ecc5ab9b.rlib
 INFO rustc_metadata::locator lib candidate: /usr/local/rustup/toolchains/1.98.1-aarch64-unknown-linux-gnu/lib/rustlib/aarch64-unknown-linux-gnu/lib/libcfg_if-4cb5d4e7ecc5ab9b.rmeta
 INFO rustc_metadata::locator rmeta reading metadata from: /usr/local/rustup/toolchains/1.98.1-aarch64-unknown-linux-gnu/lib/rustlib/aarch64-unknown-linux-gnu/lib/libcfg_if-4cb5d4e7ecc5ab9b.rmeta
 INFO rustc_metadata::locator lib candidate: /usr/local/rustup/toolchains/1.98.1-aarch64-unknown-linux-gnu/lib/rustlib/aarch64-unknown-linux-gnu/lib/libaddr2line-c9b51fa144ecb69d.rlib
 INFO rustc_metadata::locator lib candidate: /usr/local/rustup/toolchains/1.98.1-aarch64-unknown-linux-gnu/lib/rustlib/aarch64-unknown-linux-gnu/lib/libaddr2line-c9b51fa144ecb69d.rmeta
 INFO rustc_metadata::locator rmeta reading metadata from: /usr/local/rustup/toolchains/1.98.1-aarch64-unknown-linux-gnu/lib/rustlib/aarch64-unknown-linux-gnu/lib/libaddr2line-c9b51fa144ecb69d.rmeta
 INFO rustc_metadata::locator lib candidate: /usr/local/rustup/toolchains/1.98.1-aarch64-unknown-linux-gnu/lib/rustlib/aarch64-unknown-linux-gnu/lib/libgimli-f28aeee62441776d.rlib
 INFO rustc_metadata::locator lib candidate: /usr/local/rustup/toolchains/1.98.1-aarch64-unknown-linux-gnu/lib/rustlib/aarch64-unknown-linux-gnu/lib/libgimli-f28aeee62441776d.rmeta
 INFO rustc_metadata::locator rmeta reading metadata from: /usr/local/rustup/toolchains/1.98.1-aarch64-unknown-linux-gnu/lib/rustlib/aarch64-unknown-linux-gnu/lib/libgimli-f28aeee62441776d.rmeta
 INFO rustc_metadata::locator lib candidate: /usr/local/rustup/toolchains/1.98.1-aarch64-unknown-linux-gnu/lib/rustlib/aarch64-unknown-linux-gnu/lib/libobject-d659ca1c4445f0ff.rlib
 INFO rustc_metadata::locator lib candidate: /usr/local/rustup/toolchains/1.98.1-aarch64-unknown-linux-gnu/lib/rustlib/aarch64-unknown-linux-gnu/lib/libobject-d659ca1c4445f0ff.rmeta
 INFO rustc_metadata::locator rmeta reading metadata from: /usr/local/rustup/toolchains/1.98.1-aarch64-unknown-linux-gnu/lib/rustlib/aarch64-unknown-linux-gnu/lib/libobject-d659ca1c4445f0ff.rmeta
 INFO rustc_metadata::locator lib candidate: /usr/local/rustup/toolchains/1.98.1-aarch64-unknown-linux-gnu/lib/rustlib/aarch64-unknown-linux-gnu/lib/libmemchr-740af70dcfdcb340.rlib
 INFO rustc_metadata::locator lib candidate: /usr/local/rustup/toolchains/1.98.1-aarch64-unknown-linux-gnu/lib/rustlib/aarch64-unknown-linux-gnu/lib/libmemchr-740af70dcfdcb340.rmeta
 INFO rustc_metadata::locator rmeta reading metadata from: /usr/local/rustup/toolchains/1.98.1-aarch64-unknown-linux-gnu/lib/rustlib/aarch64-unknown-linux-gnu/lib/libmemchr-740af70dcfdcb340.rmeta
 INFO rustc_metadata::locator lib candidate: /usr/local/rustup/toolchains/1.98.1-aarch64-unknown-linux-gnu/lib/rustlib/aarch64-unknown-linux-gnu/lib/libpanic_unwind-84356f769662edfe.rlib
 INFO rustc_metadata::locator lib candidate: /usr/local/rustup/toolchains/1.98.1-aarch64-unknown-linux-gnu/lib/rustlib/aarch64-unknown-linux-gnu/lib/libpanic_unwind-84356f769662edfe.rmeta
 INFO rustc_metadata::locator rmeta reading metadata from: /usr/local/rustup/toolchains/1.98.1-aarch64-unknown-linux-gnu/lib/rustlib/aarch64-unknown-linux-gnu/lib/libpanic_unwind-84356f769662edfe.rmeta
 INFO rustc_metadata::locator rmeta reading metadata from: /evidence/target/debug/deps/librx_domain-604adb34f600faa7.rmeta
 INFO rustc_metadata::locator lib candidate: /evidence/target/debug/deps/libserde-d6d8ecf1f3014f69.rlib
 INFO rustc_metadata::locator lib candidate: /evidence/target/debug/deps/libserde-d6d8ecf1f3014f69.rmeta
 INFO rustc_metadata::locator rmeta reading metadata from: /evidence/target/debug/deps/libserde-d6d8ecf1f3014f69.rmeta
 INFO rustc_metadata::locator lib candidate: /evidence/target/debug/deps/libserde_derive-433728bc0d92981e.so
 INFO rustc_metadata::locator dylib reading metadata from: /evidence/target/debug/deps/libserde_derive-433728bc0d92981e.so
 INFO rustc_metadata::locator Rejecting via proc macro: expected false got true
 INFO rustc_metadata::locator metadata mismatch
 INFO rustc_metadata::locator lib candidate: /evidence/target/debug/deps/libserde_derive-433728bc0d92981e.so
 INFO rustc_metadata::locator lib candidate: /evidence/target/debug/deps/libserde_derive-433728bc0d92981e.so
 INFO rustc_metadata::locator dylib reading metadata from: /evidence/target/debug/deps/libserde_derive-433728bc0d92981e.so
 INFO rustc_metadata::locator lib candidate: /evidence/target/debug/deps/libserde_core-6f42655a3fc1afa3.rlib
 INFO rustc_metadata::locator lib candidate: /evidence/target/debug/deps/libserde_core-6f42655a3fc1afa3.rmeta
 INFO rustc_metadata::locator rmeta reading metadata from: /evidence/target/debug/deps/libserde_core-6f42655a3fc1afa3.rmeta
 INFO rustc_metadata::locator lib candidate: /evidence/target/debug/deps/libserde_json-11abb16a171c35d7.rlib
 INFO rustc_metadata::locator lib candidate: /evidence/target/debug/deps/libserde_json-11abb16a171c35d7.rmeta
 INFO rustc_metadata::locator rmeta reading metadata from: /evidence/target/debug/deps/libserde_json-11abb16a171c35d7.rmeta
 INFO rustc_metadata::locator lib candidate: /evidence/target/debug/deps/libitoa-e102cd1e89c6b445.rlib
 INFO rustc_metadata::locator lib candidate: /evidence/target/debug/deps/libitoa-e102cd1e89c6b445.rmeta
 INFO rustc_metadata::locator rmeta reading metadata from: /evidence/target/debug/deps/libitoa-e102cd1e89c6b445.rmeta
 INFO rustc_metadata::locator lib candidate: /evidence/target/debug/deps/libzmij-a028af3cf5c0c27b.rlib
 INFO rustc_metadata::locator lib candidate: /evidence/target/debug/deps/libzmij-a028af3cf5c0c27b.rmeta
 INFO rustc_metadata::locator rmeta reading metadata from: /evidence/target/debug/deps/libzmij-a028af3cf5c0c27b.rmeta
 INFO rustc_metadata::locator lib candidate: /evidence/target/debug/deps/libmemchr-8362a2c5edc2d889.rlib
 INFO rustc_metadata::locator lib candidate: /evidence/target/debug/deps/libmemchr-8362a2c5edc2d889.rmeta
 INFO rustc_metadata::locator rmeta reading metadata from: /evidence/target/debug/deps/libmemchr-8362a2c5edc2d889.rmeta
 INFO rustc_metadata::locator lib candidate: /evidence/target/debug/deps/libsha2-87c2a29f79131b25.rlib
 INFO rustc_metadata::locator lib candidate: /evidence/target/debug/deps/libsha2-87c2a29f79131b25.rmeta
 INFO rustc_metadata::locator rmeta reading metadata from: /evidence/target/debug/deps/libsha2-87c2a29f79131b25.rmeta
 INFO rustc_metadata::locator lib candidate: /evidence/target/debug/deps/libdigest-2f251867783bd5a4.rlib
 INFO rustc_metadata::locator lib candidate: /evidence/target/debug/deps/libdigest-2f251867783bd5a4.rmeta
 INFO rustc_metadata::locator rmeta reading metadata from: /evidence/target/debug/deps/libdigest-2f251867783bd5a4.rmeta
 INFO rustc_metadata::locator lib candidate: /evidence/target/debug/deps/libcrypto_common-b0f7f891cf9945a7.rlib
 INFO rustc_metadata::locator lib candidate: /evidence/target/debug/deps/libcrypto_common-b0f7f891cf9945a7.rmeta
 INFO rustc_metadata::locator rmeta reading metadata from: /evidence/target/debug/deps/libcrypto_common-b0f7f891cf9945a7.rmeta
 INFO rustc_metadata::locator lib candidate: /evidence/target/debug/deps/libgeneric_array-9ab4e04c59dd2c19.rlib
 INFO rustc_metadata::locator lib candidate: /evidence/target/debug/deps/libgeneric_array-9ab4e04c59dd2c19.rmeta
 INFO rustc_metadata::locator rmeta reading metadata from: /evidence/target/debug/deps/libgeneric_array-9ab4e04c59dd2c19.rmeta
 INFO rustc_metadata::locator lib candidate: /evidence/target/debug/deps/libtypenum-0d86cd7943364998.rlib
 INFO rustc_metadata::locator lib candidate: /evidence/target/debug/deps/libtypenum-0d86cd7943364998.rmeta
 INFO rustc_metadata::locator rmeta reading metadata from: /evidence/target/debug/deps/libtypenum-0d86cd7943364998.rmeta
 INFO rustc_metadata::locator lib candidate: /evidence/target/debug/deps/libblock_buffer-ac617e59152c2d40.rlib
 INFO rustc_metadata::locator lib candidate: /evidence/target/debug/deps/libblock_buffer-ac617e59152c2d40.rmeta
 INFO rustc_metadata::locator rmeta reading metadata from: /evidence/target/debug/deps/libblock_buffer-ac617e59152c2d40.rmeta
 INFO rustc_metadata::locator lib candidate: /evidence/target/debug/deps/libcfg_if-351d99d93356e30d.rlib
 INFO rustc_metadata::locator lib candidate: /evidence/target/debug/deps/libcfg_if-351d99d93356e30d.rmeta
 INFO rustc_metadata::locator rmeta reading metadata from: /evidence/target/debug/deps/libcfg_if-351d99d93356e30d.rmeta
 INFO rustc_metadata::locator lib candidate: /evidence/target/debug/deps/libthiserror-07e31c065c104b48.rlib
 INFO rustc_metadata::locator lib candidate: /evidence/target/debug/deps/libthiserror-07e31c065c104b48.rmeta
 INFO rustc_metadata::locator rmeta reading metadata from: /evidence/target/debug/deps/libthiserror-07e31c065c104b48.rmeta
 INFO rustc_metadata::locator lib candidate: /evidence/target/debug/deps/libthiserror_impl-4595eaec74c6974c.so
 INFO rustc_metadata::locator dylib reading metadata from: /evidence/target/debug/deps/libthiserror_impl-4595eaec74c6974c.so
 INFO rustc_metadata::locator Rejecting via proc macro: expected false got true
 INFO rustc_metadata::locator metadata mismatch
 INFO rustc_metadata::locator lib candidate: /evidence/target/debug/deps/libthiserror_impl-4595eaec74c6974c.so
 INFO rustc_metadata::locator lib candidate: /evidence/target/debug/deps/libthiserror_impl-4595eaec74c6974c.so
 INFO rustc_metadata::locator dylib reading metadata from: /evidence/target/debug/deps/libthiserror_impl-4595eaec74c6974c.so
 INFO rustc_metadata::locator lib candidate: /evidence/target/debug/deps/libserde_jcs-a7e9c10d7b08fa36.rlib
 INFO rustc_metadata::locator lib candidate: /evidence/target/debug/deps/libserde_jcs-a7e9c10d7b08fa36.rmeta
 INFO rustc_metadata::locator rmeta reading metadata from: /evidence/target/debug/deps/libserde_jcs-a7e9c10d7b08fa36.rmeta
 INFO rustc_metadata::locator lib candidate: /evidence/target/debug/deps/libryu_js-4a94eac673420f44.rlib
 INFO rustc_metadata::locator lib candidate: /evidence/target/debug/deps/libryu_js-4a94eac673420f44.rmeta
 INFO rustc_metadata::locator rmeta reading metadata from: /evidence/target/debug/deps/libryu_js-4a94eac673420f44.rmeta
 INFO rustc_metadata::locator lib candidate: /evidence/target/debug/deps/libuuid-10bf73c9022f40b5.rlib
 INFO rustc_metadata::locator lib candidate: /evidence/target/debug/deps/libuuid-10bf73c9022f40b5.rmeta
 INFO rustc_metadata::locator rmeta reading metadata from: /evidence/target/debug/deps/libuuid-10bf73c9022f40b5.rmeta
 INFO rustc_metadata::locator lib candidate: /evidence/target/debug/deps/libgetrandom-85bc01ee6776ef35.rlib
 INFO rustc_metadata::locator lib candidate: /evidence/target/debug/deps/libgetrandom-85bc01ee6776ef35.rmeta
 INFO rustc_metadata::locator rmeta reading metadata from: /evidence/target/debug/deps/libgetrandom-85bc01ee6776ef35.rmeta
 INFO rustc_metadata::locator lib candidate: /evidence/target/debug/deps/liblibc-289269b039bba117.rlib
 INFO rustc_metadata::locator lib candidate: /evidence/target/debug/deps/liblibc-289269b039bba117.rmeta
 INFO rustc_metadata::locator rmeta reading metadata from: /evidence/target/debug/deps/liblibc-289269b039bba117.rmeta
 INFO rustc_metadata::locator rmeta reading metadata from: /evidence/target/debug/deps/librx_package-26fea21b4d8d651b.rmeta
 INFO rustc_metadata::locator lib candidate: /evidence/target/debug/deps/libcap_fs_ext-81cc37eb885e2350.rlib
 INFO rustc_metadata::locator lib candidate: /evidence/target/debug/deps/libcap_fs_ext-81cc37eb885e2350.rmeta
 INFO rustc_metadata::locator rmeta reading metadata from: /evidence/target/debug/deps/libcap_fs_ext-81cc37eb885e2350.rmeta
 INFO rustc_metadata::locator lib candidate: /evidence/target/debug/deps/libcap_primitives-48bf6708e2a71608.rlib
 INFO rustc_metadata::locator lib candidate: /evidence/target/debug/deps/libcap_primitives-48bf6708e2a71608.rmeta
 INFO rustc_metadata::locator rmeta reading metadata from: /evidence/target/debug/deps/libcap_primitives-48bf6708e2a71608.rmeta
 INFO rustc_metadata::locator lib candidate: /evidence/target/debug/deps/librustix-99c2fd42b5875ba2.rlib
 INFO rustc_metadata::locator lib candidate: /evidence/target/debug/deps/librustix-99c2fd42b5875ba2.rmeta
 INFO rustc_metadata::locator rmeta reading metadata from: /evidence/target/debug/deps/librustix-99c2fd42b5875ba2.rmeta
 INFO rustc_metadata::locator lib candidate: /evidence/target/debug/deps/liblinux_raw_sys-39deb64a3f2230ca.rlib
 INFO rustc_metadata::locator lib candidate: /evidence/target/debug/deps/liblinux_raw_sys-39deb64a3f2230ca.rmeta
 INFO rustc_metadata::locator rmeta reading metadata from: /evidence/target/debug/deps/liblinux_raw_sys-39deb64a3f2230ca.rmeta
 INFO rustc_metadata::locator lib candidate: /evidence/target/debug/deps/libbitflags-78c58f5cfbdecd4f.rlib
 INFO rustc_metadata::locator lib candidate: /evidence/target/debug/deps/libbitflags-78c58f5cfbdecd4f.rmeta
 INFO rustc_metadata::locator rmeta reading metadata from: /evidence/target/debug/deps/libbitflags-78c58f5cfbdecd4f.rmeta
 INFO rustc_metadata::locator lib candidate: /evidence/target/debug/deps/libambient_authority-5b184d9ed50157fe.rlib
 INFO rustc_metadata::locator lib candidate: /evidence/target/debug/deps/libambient_authority-5b184d9ed50157fe.rmeta
 INFO rustc_metadata::locator rmeta reading metadata from: /evidence/target/debug/deps/libambient_authority-5b184d9ed50157fe.rmeta
 INFO rustc_metadata::locator lib candidate: /evidence/target/debug/deps/libio_lifetimes-c1ef7d17e7321cf4.rlib
 INFO rustc_metadata::locator lib candidate: /evidence/target/debug/deps/libio_lifetimes-c1ef7d17e7321cf4.rmeta
 INFO rustc_metadata::locator rmeta reading metadata from: /evidence/target/debug/deps/libio_lifetimes-c1ef7d17e7321cf4.rmeta
 INFO rustc_metadata::locator lib candidate: /evidence/target/debug/deps/libio_extras-1a406e7f31a34d97.rlib
 INFO rustc_metadata::locator lib candidate: /evidence/target/debug/deps/libio_extras-1a406e7f31a34d97.rmeta
 INFO rustc_metadata::locator rmeta reading metadata from: /evidence/target/debug/deps/libio_extras-1a406e7f31a34d97.rmeta
 INFO rustc_metadata::locator lib candidate: /evidence/target/debug/deps/librustix_linux_procfs-8b64759b9ecb8c56.rlib
 INFO rustc_metadata::locator lib candidate: /evidence/target/debug/deps/librustix_linux_procfs-8b64759b9ecb8c56.rmeta
 INFO rustc_metadata::locator rmeta reading metadata from: /evidence/target/debug/deps/librustix_linux_procfs-8b64759b9ecb8c56.rmeta
 INFO rustc_metadata::locator lib candidate: /evidence/target/debug/deps/libonce_cell-ffd422e11c4c1e92.rlib
 INFO rustc_metadata::locator lib candidate: /evidence/target/debug/deps/libonce_cell-ffd422e11c4c1e92.rmeta
 INFO rustc_metadata::locator rmeta reading metadata from: /evidence/target/debug/deps/libonce_cell-ffd422e11c4c1e92.rmeta
 INFO rustc_metadata::locator lib candidate: /evidence/target/debug/deps/libmaybe_owned-6930e671efff6c8a.rlib
 INFO rustc_metadata::locator lib candidate: /evidence/target/debug/deps/libmaybe_owned-6930e671efff6c8a.rmeta
 INFO rustc_metadata::locator rmeta reading metadata from: /evidence/target/debug/deps/libmaybe_owned-6930e671efff6c8a.rmeta
 INFO rustc_metadata::locator lib candidate: /evidence/target/debug/deps/libipnet-e1b868830d5d2970.rlib
 INFO rustc_metadata::locator lib candidate: /evidence/target/debug/deps/libipnet-e1b868830d5d2970.rmeta
 INFO rustc_metadata::locator rmeta reading metadata from: /evidence/target/debug/deps/libipnet-e1b868830d5d2970.rmeta
 INFO rustc_metadata::locator lib candidate: /evidence/target/debug/deps/libfs_set_times-a6a37d92d3efc37c.rlib
 INFO rustc_metadata::locator lib candidate: /evidence/target/debug/deps/libfs_set_times-a6a37d92d3efc37c.rmeta
 INFO rustc_metadata::locator rmeta reading metadata from: /evidence/target/debug/deps/libfs_set_times-a6a37d92d3efc37c.rmeta
 INFO rustc_metadata::locator lib candidate: /evidence/target/debug/deps/libio_lifetimes-a8fe4e958e980692.rlib
 INFO rustc_metadata::locator lib candidate: /evidence/target/debug/deps/libio_lifetimes-a8fe4e958e980692.rmeta
 INFO rustc_metadata::locator rmeta reading metadata from: /evidence/target/debug/deps/libio_lifetimes-a8fe4e958e980692.rmeta
 INFO rustc_metadata::locator lib candidate: /evidence/target/debug/deps/libcap_std-1515949f44ca7d5f.rlib
 INFO rustc_metadata::locator lib candidate: /evidence/target/debug/deps/libcap_std-1515949f44ca7d5f.rmeta
 INFO rustc_metadata::locator rmeta reading metadata from: /evidence/target/debug/deps/libcap_std-1515949f44ca7d5f.rmeta
 INFO rustc_metadata::locator lib candidate: /evidence/target/debug/deps/libed25519_dalek-f4dab47b8bae84fe.rlib
 INFO rustc_metadata::locator lib candidate: /evidence/target/debug/deps/libed25519_dalek-f4dab47b8bae84fe.rmeta
 INFO rustc_metadata::locator rmeta reading metadata from: /evidence/target/debug/deps/libed25519_dalek-f4dab47b8bae84fe.rmeta
 INFO rustc_metadata::locator lib candidate: /evidence/target/debug/deps/libed25519-0c10bc87a437ace4.rlib
 INFO rustc_metadata::locator lib candidate: /evidence/target/debug/deps/libed25519-0c10bc87a437ace4.rmeta
 INFO rustc_metadata::locator rmeta reading metadata from: /evidence/target/debug/deps/libed25519-0c10bc87a437ace4.rmeta
 INFO rustc_metadata::locator lib candidate: /evidence/target/debug/deps/libsignature-8f50d4aed0dc4930.rlib
 INFO rustc_metadata::locator lib candidate: /evidence/target/debug/deps/libsignature-8f50d4aed0dc4930.rmeta
 INFO rustc_metadata::locator rmeta reading metadata from: /evidence/target/debug/deps/libsignature-8f50d4aed0dc4930.rmeta
 INFO rustc_metadata::locator lib candidate: /evidence/target/debug/deps/libcurve25519_dalek-d21e31a2e64cdc3f.rlib
 INFO rustc_metadata::locator lib candidate: /evidence/target/debug/deps/libcurve25519_dalek-d21e31a2e64cdc3f.rmeta
 INFO rustc_metadata::locator rmeta reading metadata from: /evidence/target/debug/deps/libcurve25519_dalek-d21e31a2e64cdc3f.rmeta
 INFO rustc_metadata::locator lib candidate: /evidence/target/debug/deps/libdigest-8c4c5624f911cdc8.rlib
 INFO rustc_metadata::locator lib candidate: /evidence/target/debug/deps/libdigest-8c4c5624f911cdc8.rmeta
 INFO rustc_metadata::locator rmeta reading metadata from: /evidence/target/debug/deps/libdigest-8c4c5624f911cdc8.rmeta
 INFO rustc_metadata::locator lib candidate: /evidence/target/debug/deps/libblock_buffer-caa6c6420f30fe81.rlib
 INFO rustc_metadata::locator lib candidate: /evidence/target/debug/deps/libblock_buffer-caa6c6420f30fe81.rmeta
 INFO rustc_metadata::locator rmeta reading metadata from: /evidence/target/debug/deps/libblock_buffer-caa6c6420f30fe81.rmeta
 INFO rustc_metadata::locator lib candidate: /evidence/target/debug/deps/libhybrid_array-23621187ae7f671b.rlib
 INFO rustc_metadata::locator lib candidate: /evidence/target/debug/deps/libhybrid_array-23621187ae7f671b.rmeta
 INFO rustc_metadata::locator rmeta reading metadata from: /evidence/target/debug/deps/libhybrid_array-23621187ae7f671b.rmeta
 INFO rustc_metadata::locator lib candidate: /evidence/target/debug/deps/libcrypto_common-974c5d9814b55439.rlib
 INFO rustc_metadata::locator lib candidate: /evidence/target/debug/deps/libcrypto_common-974c5d9814b55439.rmeta
 INFO rustc_metadata::locator rmeta reading metadata from: /evidence/target/debug/deps/libcrypto_common-974c5d9814b55439.rmeta
 INFO rustc_metadata::locator lib candidate: /evidence/target/debug/deps/libsubtle-191bfb3abf9fd829.rlib
 INFO rustc_metadata::locator lib candidate: /evidence/target/debug/deps/libsubtle-191bfb3abf9fd829.rmeta
 INFO rustc_metadata::locator rmeta reading metadata from: /evidence/target/debug/deps/libsubtle-191bfb3abf9fd829.rmeta
 INFO rustc_metadata::locator lib candidate: /evidence/target/debug/deps/libzeroize-cec3ceb8163a75e0.rlib
 INFO rustc_metadata::locator lib candidate: /evidence/target/debug/deps/libzeroize-cec3ceb8163a75e0.rmeta
 INFO rustc_metadata::locator rmeta reading metadata from: /evidence/target/debug/deps/libzeroize-cec3ceb8163a75e0.rmeta
 INFO rustc_metadata::locator lib candidate: /evidence/target/debug/deps/libsha2-9edbc87a5bc3d9a2.rlib
 INFO rustc_metadata::locator lib candidate: /evidence/target/debug/deps/libsha2-9edbc87a5bc3d9a2.rmeta
 INFO rustc_metadata::locator rmeta reading metadata from: /evidence/target/debug/deps/libsha2-9edbc87a5bc3d9a2.rmeta
 INFO rustc_metadata::locator lib candidate: /evidence/target/debug/deps/libcpufeatures-7ffd90a8a3c01f4b.rlib
 INFO rustc_metadata::locator lib candidate: /evidence/target/debug/deps/libcpufeatures-7ffd90a8a3c01f4b.rmeta
 INFO rustc_metadata::locator rmeta reading metadata from: /evidence/target/debug/deps/libcpufeatures-7ffd90a8a3c01f4b.rmeta
 INFO rustc_metadata::locator lib candidate: /evidence/target/debug/deps/librx_ports-4fb1315306ceee2b.rlib
 INFO rustc_metadata::locator lib candidate: /evidence/target/debug/deps/librx_ports-4fb1315306ceee2b.rmeta
 INFO rustc_metadata::locator rmeta reading metadata from: /evidence/target/debug/deps/librx_ports-4fb1315306ceee2b.rmeta
 INFO rustc_metadata::locator lib candidate: /evidence/target/debug/deps/libtempfile-b38700c1d9fac7a9.rlib
 INFO rustc_metadata::locator lib candidate: /evidence/target/debug/deps/libtempfile-b38700c1d9fac7a9.rmeta
 INFO rustc_metadata::locator rmeta reading metadata from: /evidence/target/debug/deps/libtempfile-b38700c1d9fac7a9.rmeta
 INFO rustc_metadata::locator lib candidate: /evidence/target/debug/deps/libfastrand-bb19cc68fc148705.rlib
 INFO rustc_metadata::locator lib candidate: /evidence/target/debug/deps/libfastrand-bb19cc68fc148705.rmeta
 INFO rustc_metadata::locator rmeta reading metadata from: /evidence/target/debug/deps/libfastrand-bb19cc68fc148705.rmeta
 INFO rustc_metadata::locator lib candidate: /evidence/target/debug/deps/libsemver-fdb5d8adc8815b21.rlib
 INFO rustc_metadata::locator lib candidate: /evidence/target/debug/deps/libsemver-fdb5d8adc8815b21.rmeta
 INFO rustc_metadata::locator rmeta reading metadata from: /evidence/target/debug/deps/libsemver-fdb5d8adc8815b21.rmeta
 INFO rustc_metadata::locator rmeta reading metadata from: /evidence/target/debug/deps/libserde-d6d8ecf1f3014f69.rmeta
 INFO rustc_metadata::locator lib candidate: /usr/local/rustup/toolchains/1.98.1-aarch64-unknown-linux-gnu/lib/rustlib/aarch64-unknown-linux-gnu/lib/libstd-96c9fe7a07d47cf2.rlib
 INFO rustc_metadata::locator lib candidate: /usr/local/rustup/toolchains/1.98.1-aarch64-unknown-linux-gnu/lib/rustlib/aarch64-unknown-linux-gnu/lib/libstd_detect-744cebc7daba8a68.rlib
 INFO rustc_metadata::locator lib candidate: /usr/local/rustup/toolchains/1.98.1-aarch64-unknown-linux-gnu/lib/rustlib/aarch64-unknown-linux-gnu/lib/libstd-96c9fe7a07d47cf2.rmeta
 INFO rustc_metadata::locator lib candidate: /usr/local/rustup/toolchains/1.98.1-aarch64-unknown-linux-gnu/lib/rustlib/aarch64-unknown-linux-gnu/lib/libstd_detect-744cebc7daba8a68.rmeta
 INFO rustc_metadata::locator lib candidate: /usr/local/rustup/toolchains/1.98.1-aarch64-unknown-linux-gnu/lib/rustlib/aarch64-unknown-linux-gnu/lib/libstd-96c9fe7a07d47cf2.so
 INFO rustc_metadata::locator rmeta reading metadata from: /usr/local/rustup/toolchains/1.98.1-aarch64-unknown-linux-gnu/lib/rustlib/aarch64-unknown-linux-gnu/lib/libstd-96c9fe7a07d47cf2.rmeta
 INFO rustc_metadata::locator rmeta reading metadata from: /usr/local/rustup/toolchains/1.98.1-aarch64-unknown-linux-gnu/lib/rustlib/aarch64-unknown-linux-gnu/lib/libstd_detect-744cebc7daba8a68.rmeta
 INFO rustc_metadata::locator Rejecting via crate name
 INFO rustc_metadata::locator metadata mismatch
 INFO rustc_metadata::locator rlib reading metadata from: /usr/local/rustup/toolchains/1.98.1-aarch64-unknown-linux-gnu/lib/rustlib/aarch64-unknown-linux-gnu/lib/libstd_detect-744cebc7daba8a68.rlib
 INFO rustc_metadata::locator Rejecting via crate name
 INFO rustc_metadata::locator metadata mismatch
 INFO rustc_metadata::locator rmeta reading metadata from: /evidence/target/debug/deps/libserde-d6d8ecf1f3014f69.rmeta
 INFO rustc_metadata::locator rmeta reading metadata from: /evidence/target/debug/deps/libserde-d6d8ecf1f3014f69.rmeta
 INFO rustc_metadata::locator rmeta reading metadata from: /evidence/target/debug/deps/libserde-d6d8ecf1f3014f69.rmeta
 INFO rustc_metadata::locator rmeta reading metadata from: /evidence/target/debug/deps/libserde-d6d8ecf1f3014f69.rmeta
 INFO rustc_metadata::locator rmeta reading metadata from: /evidence/target/debug/deps/libserde-d6d8ecf1f3014f69.rmeta
 INFO rustc_metadata::locator rmeta reading metadata from: /evidence/target/debug/deps/libserde-d6d8ecf1f3014f69.rmeta
 INFO rustc_metadata::locator rmeta reading metadata from: /evidence/target/debug/deps/libserde-d6d8ecf1f3014f69.rmeta
 INFO rustc_metadata::locator rmeta reading metadata from: /evidence/target/debug/deps/libserde-d6d8ecf1f3014f69.rmeta
 INFO rustc_metadata::locator rmeta reading metadata from: /evidence/target/debug/deps/libserde-d6d8ecf1f3014f69.rmeta
 INFO rustc_metadata::locator rmeta reading metadata from: /evidence/target/debug/deps/libserde-d6d8ecf1f3014f69.rmeta
 INFO rustc_metadata::locator rmeta reading metadata from: /evidence/target/debug/deps/libserde-d6d8ecf1f3014f69.rmeta
 INFO rustc_metadata::locator rmeta reading metadata from: /evidence/target/debug/deps/libserde-d6d8ecf1f3014f69.rmeta
 INFO rustc_metadata::locator rmeta reading metadata from: /evidence/target/debug/deps/libserde-d6d8ecf1f3014f69.rmeta
 INFO rustc_metadata::locator rmeta reading metadata from: /evidence/target/debug/deps/libserde-d6d8ecf1f3014f69.rmeta
 INFO rustc_metadata::locator rmeta reading metadata from: /evidence/target/debug/deps/libserde-d6d8ecf1f3014f69.rmeta
 INFO rustc_metadata::locator rmeta reading metadata from: /evidence/target/debug/deps/libserde-d6d8ecf1f3014f69.rmeta
 INFO rustc_metadata::locator rmeta reading metadata from: /evidence/target/debug/deps/libserde-d6d8ecf1f3014f69.rmeta
 INFO rustc_metadata::locator rmeta reading metadata from: /evidence/target/debug/deps/libserde-d6d8ecf1f3014f69.rmeta
 INFO rustc_metadata::locator rmeta reading metadata from: /evidence/target/debug/deps/libserde-d6d8ecf1f3014f69.rmeta
 INFO rustc_metadata::locator rmeta reading metadata from: /evidence/target/debug/deps/libserde-d6d8ecf1f3014f69.rmeta
 INFO rustc_metadata::locator rmeta reading metadata from: /evidence/target/debug/deps/libthiserror-07e31c065c104b48.rmeta
 INFO rustc_metadata::locator lib candidate: /usr/local/rustup/toolchains/1.98.1-aarch64-unknown-linux-gnu/lib/rustlib/aarch64-unknown-linux-gnu/lib/libcore-276de952897abe1c.rlib
 INFO rustc_metadata::locator lib candidate: /usr/local/rustup/toolchains/1.98.1-aarch64-unknown-linux-gnu/lib/rustlib/aarch64-unknown-linux-gnu/lib/libcore-276de952897abe1c.rmeta
 INFO rustc_metadata::locator rmeta reading metadata from: /usr/local/rustup/toolchains/1.98.1-aarch64-unknown-linux-gnu/lib/rustlib/aarch64-unknown-linux-gnu/lib/libcore-276de952897abe1c.rmeta
 INFO rustc_metadata::locator rmeta reading metadata from: /evidence/target/debug/deps/librx_domain-604adb34f600faa7.rmeta
 INFO rustc_metadata::locator rmeta reading metadata from: /evidence/target/debug/deps/librx_package-26fea21b4d8d651b.rmeta
 INFO rustc_metadata::locator rmeta reading metadata from: /evidence/target/debug/deps/libserde-d6d8ecf1f3014f69.rmeta
 INFO rustc_metadata::locator lib candidate: /usr/local/rustup/toolchains/1.98.1-aarch64-unknown-linux-gnu/lib/rustlib/aarch64-unknown-linux-gnu/lib/libstd-96c9fe7a07d47cf2.rlib
 INFO rustc_metadata::locator lib candidate: /usr/local/rustup/toolchains/1.98.1-aarch64-unknown-linux-gnu/lib/rustlib/aarch64-unknown-linux-gnu/lib/libstd_detect-744cebc7daba8a68.rlib
 INFO rustc_metadata::locator lib candidate: /usr/local/rustup/toolchains/1.98.1-aarch64-unknown-linux-gnu/lib/rustlib/aarch64-unknown-linux-gnu/lib/libstd-96c9fe7a07d47cf2.rmeta
 INFO rustc_metadata::locator lib candidate: /usr/local/rustup/toolchains/1.98.1-aarch64-unknown-linux-gnu/lib/rustlib/aarch64-unknown-linux-gnu/lib/libstd_detect-744cebc7daba8a68.rmeta
 INFO rustc_metadata::locator lib candidate: /usr/local/rustup/toolchains/1.98.1-aarch64-unknown-linux-gnu/lib/rustlib/aarch64-unknown-linux-gnu/lib/libstd-96c9fe7a07d47cf2.so
 INFO rustc_metadata::locator rmeta reading metadata from: /usr/local/rustup/toolchains/1.98.1-aarch64-unknown-linux-gnu/lib/rustlib/aarch64-unknown-linux-gnu/lib/libstd-96c9fe7a07d47cf2.rmeta
 INFO rustc_metadata::locator rmeta reading metadata from: /usr/local/rustup/toolchains/1.98.1-aarch64-unknown-linux-gnu/lib/rustlib/aarch64-unknown-linux-gnu/lib/libstd_detect-744cebc7daba8a68.rmeta
 INFO rustc_metadata::locator Rejecting via crate name
 INFO rustc_metadata::locator metadata mismatch
 INFO rustc_metadata::locator rlib reading metadata from: /usr/local/rustup/toolchains/1.98.1-aarch64-unknown-linux-gnu/lib/rustlib/aarch64-unknown-linux-gnu/lib/libstd_detect-744cebc7daba8a68.rlib
 INFO rustc_metadata::locator Rejecting via crate name
 INFO rustc_metadata::locator metadata mismatch
 INFO rustc_metadata::locator rmeta reading metadata from: /evidence/target/debug/deps/libthiserror-07e31c065c104b48.rmeta
 INFO rustc_metadata::locator lib candidate: /usr/local/rustup/toolchains/1.98.1-aarch64-unknown-linux-gnu/lib/rustlib/aarch64-unknown-linux-gnu/lib/libcore-276de952897abe1c.rlib
 INFO rustc_metadata::locator lib candidate: /usr/local/rustup/toolchains/1.98.1-aarch64-unknown-linux-gnu/lib/rustlib/aarch64-unknown-linux-gnu/lib/libcore-276de952897abe1c.rmeta
 INFO rustc_metadata::locator rmeta reading metadata from: /usr/local/rustup/toolchains/1.98.1-aarch64-unknown-linux-gnu/lib/rustlib/aarch64-unknown-linux-gnu/lib/libcore-276de952897abe1c.rmeta
 INFO rustc_metadata::locator rmeta reading metadata from: /evidence/target/debug/deps/libserde_json-11abb16a171c35d7.rmeta
[libsqlite3-sys 0.38.2] cargo:rustc-link-lib=static=sqlite3
[libsqlite3-sys 0.38.2] cargo:rustc-link-search=native=/evidence/target/debug/build/libsqlite3-sys-4f80f2c42769dc07/out
[libsqlite3-sys 0.38.2] cargo:lib_dir=/evidence/target/debug/build/libsqlite3-sys-4f80f2c42769dc07/out
     Running `CARGO=/usr/local/rustup/toolchains/1.98.1-aarch64-unknown-linux-gnu/bin/cargo CARGO_CRATE_NAME=libsqlite3_sys CARGO_MANIFEST_DIR=/evidence/cargo-home/registry/src/index.crates.io-1949cf8c6b5b557f/libsqlite3-sys-0.38.2 CARGO_MANIFEST_PATH=/evidence/cargo-home/registry/src/index.crates.io-1949cf8c6b5b557f/libsqlite3-sys-0.38.2/Cargo.toml CARGO_PKG_AUTHORS='The rusqlite developers' CARGO_PKG_DESCRIPTION='Native bindings to the libsqlite3 library' CARGO_PKG_HOMEPAGE='' CARGO_PKG_LICENSE=MIT CARGO_PKG_LICENSE_FILE='' CARGO_PKG_NAME=libsqlite3-sys CARGO_PKG_README=README.md CARGO_PKG_REPOSITORY='https://github.com/rusqlite/rusqlite' CARGO_PKG_RUST_VERSION='' CARGO_PKG_VERSION=0.38.2 CARGO_PKG_VERSION_MAJOR=0 CARGO_PKG_VERSION_MINOR=38 CARGO_PKG_VERSION_PATCH=2 CARGO_PKG_VERSION_PRE='' LD_LIBRARY_PATH='/evidence/target/debug/deps:/usr/local/rustup/toolchains/1.98.1-aarch64-unknown-linux-gnu/lib' OUT_DIR=/evidence/target/debug/build/libsqlite3-sys-4f80f2c42769dc07/out /usr/local/rustup/toolchains/1.98.1-aarch64-unknown-linux-gnu/bin/rustc --crate-name libsqlite3_sys --edition=2021 /evidence/cargo-home/registry/src/index.crates.io-1949cf8c6b5b557f/libsqlite3-sys-0.38.2/src/lib.rs --error-format=json --json=diagnostic-rendered-ansi,artifacts,future-incompat --crate-type lib --emit=dep-info,metadata,link -C embed-bitcode=no -C debuginfo=2 --cfg 'feature="bundled"' --cfg 'feature="bundled_bindings"' --cfg 'feature="cc"' --cfg 'feature="default"' --cfg 'feature="min_sqlite_version_3_34_1"' --cfg 'feature="pkg-config"' --cfg 'feature="vcpkg"' --check-cfg 'cfg(docsrs,test)' --check-cfg 'cfg(feature, values("bindgen", "buildtime_bindgen", "bundled", "bundled-sqlcipher", "bundled-sqlcipher-vendored-openssl", "bundled-windows", "bundled_bindings", "cc", "column_metadata", "default", "in_gecko", "loadable_extension", "min_sqlite_version_3_34_1", "openssl-sys", "pkg-config", "prettyplease", "preupdate_hook", "quote", "session", "sqlcipher", "syn", "unlock_notify", "vcpkg", "wasm32-wasi-vfs", "with-asan"))' -C metadata=66b5ddcfc0f6b89d -C extra-filename=-fa101a01a8f434c6 --out-dir /evidence/target/debug/deps -L dependency=/evidence/target/debug/deps --cap-lints warn -L native=/evidence/target/debug/build/libsqlite3-sys-4f80f2c42769dc07/out -l static=sqlite3`
 INFO rustc_metadata::locator lib candidate: /usr/local/rustup/toolchains/1.98.1-aarch64-unknown-linux-gnu/lib/rustlib/aarch64-unknown-linux-gnu/lib/libcore-276de952897abe1c.rlib
 INFO rustc_metadata::locator lib candidate: /usr/local/rustup/toolchains/1.98.1-aarch64-unknown-linux-gnu/lib/rustlib/aarch64-unknown-linux-gnu/lib/libcore-276de952897abe1c.rmeta
 INFO rustc_metadata::locator rmeta reading metadata from: /usr/local/rustup/toolchains/1.98.1-aarch64-unknown-linux-gnu/lib/rustlib/aarch64-unknown-linux-gnu/lib/libcore-276de952897abe1c.rmeta
 INFO rustc_metadata::locator lib candidate: /usr/local/rustup/toolchains/1.98.1-aarch64-unknown-linux-gnu/lib/rustlib/aarch64-unknown-linux-gnu/lib/libcore-276de952897abe1c.rlib
 INFO rustc_metadata::locator lib candidate: /usr/local/rustup/toolchains/1.98.1-aarch64-unknown-linux-gnu/lib/rustlib/aarch64-unknown-linux-gnu/lib/libcore-276de952897abe1c.rmeta
 INFO rustc_metadata::locator rmeta reading metadata from: /usr/local/rustup/toolchains/1.98.1-aarch64-unknown-linux-gnu/lib/rustlib/aarch64-unknown-linux-gnu/lib/libcore-276de952897abe1c.rmeta
 INFO rustc_metadata::locator lib candidate: /usr/local/rustup/toolchains/1.98.1-aarch64-unknown-linux-gnu/lib/rustlib/aarch64-unknown-linux-gnu/lib/libcore-276de952897abe1c.rlib
 INFO rustc_metadata::locator lib candidate: /usr/local/rustup/toolchains/1.98.1-aarch64-unknown-linux-gnu/lib/rustlib/aarch64-unknown-linux-gnu/lib/libcore-276de952897abe1c.rmeta
 INFO rustc_metadata::locator rmeta reading metadata from: /usr/local/rustup/toolchains/1.98.1-aarch64-unknown-linux-gnu/lib/rustlib/aarch64-unknown-linux-gnu/lib/libcore-276de952897abe1c.rmeta
 INFO rustc_metadata::locator lib candidate: /usr/local/rustup/toolchains/1.98.1-aarch64-unknown-linux-gnu/lib/rustlib/aarch64-unknown-linux-gnu/lib/libcompiler_builtins-bd0d6dc1a63d46e8.rlib
 INFO rustc_metadata::locator lib candidate: /usr/local/rustup/toolchains/1.98.1-aarch64-unknown-linux-gnu/lib/rustlib/aarch64-unknown-linux-gnu/lib/libcompiler_builtins-bd0d6dc1a63d46e8.rmeta
 INFO rustc_metadata::locator rmeta reading metadata from: /usr/local/rustup/toolchains/1.98.1-aarch64-unknown-linux-gnu/lib/rustlib/aarch64-unknown-linux-gnu/lib/libcompiler_builtins-bd0d6dc1a63d46e8.rmeta
   Compiling rusqlite v0.40.2
     Running `CARGO=/usr/local/rustup/toolchains/1.98.1-aarch64-unknown-linux-gnu/bin/cargo CARGO_CRATE_NAME=rusqlite CARGO_MANIFEST_DIR=/evidence/cargo-home/registry/src/index.crates.io-1949cf8c6b5b557f/rusqlite-0.40.2 CARGO_MANIFEST_PATH=/evidence/cargo-home/registry/src/index.crates.io-1949cf8c6b5b557f/rusqlite-0.40.2/Cargo.toml CARGO_PKG_AUTHORS='The rusqlite developers' CARGO_PKG_DESCRIPTION='Ergonomic wrapper for SQLite' CARGO_PKG_HOMEPAGE='' CARGO_PKG_LICENSE=MIT CARGO_PKG_LICENSE_FILE='' CARGO_PKG_NAME=rusqlite CARGO_PKG_README=README.md CARGO_PKG_REPOSITORY='https://github.com/rusqlite/rusqlite' CARGO_PKG_RUST_VERSION='' CARGO_PKG_VERSION=0.40.2 CARGO_PKG_VERSION_MAJOR=0 CARGO_PKG_VERSION_MINOR=40 CARGO_PKG_VERSION_PATCH=2 CARGO_PKG_VERSION_PRE='' LD_LIBRARY_PATH='/evidence/target/debug/deps:/usr/local/rustup/toolchains/1.98.1-aarch64-unknown-linux-gnu/lib' /usr/local/rustup/toolchains/1.98.1-aarch64-unknown-linux-gnu/bin/rustc --crate-name rusqlite --edition=2021 /evidence/cargo-home/registry/src/index.crates.io-1949cf8c6b5b557f/rusqlite-0.40.2/src/lib.rs --error-format=json --json=diagnostic-rendered-ansi,artifacts,future-incompat --crate-type lib --emit=dep-info,metadata,link -C embed-bitcode=no -C debuginfo=2 '--warn=clippy::unused_trait_names' '--warn=clippy::unnecessary_semicolon' '--warn=clippy::semicolon_if_nothing_returned' '--warn=clippy::ref_option' --cfg 'feature="backup"' --cfg 'feature="bundled"' --cfg 'feature="cache"' --cfg 'feature="default"' --cfg 'feature="ffi-sqlite-wasm-rs"' --cfg 'feature="hashlink"' --cfg 'feature="modern_sqlite"' --check-cfg 'cfg(docsrs,test)' --check-cfg 'cfg(feature, values("array", "backup", "blob", "buildtime_bindgen", "bundled", "bundled-full", "bundled-sqlcipher", "bundled-sqlcipher-vendored-openssl", "bundled-windows", "cache", "chrono", "collation", "column_decltype", "column_metadata", "csv", "csvtab", "default", "extra_check", "fallible_uint", "ffi-sqlite-wasm-rs", "functions", "hashlink", "hooks", "i128_blob", "in_gecko", "jiff", "libsqlite3-sys", "limits", "load_extension", "loadable_extension", "modern-full", "modern_sqlite", "pointer", "preupdate_hook", "rusqlite-macros", "serde_json", "serialize", "series", "session", "sqlcipher", "time", "trace", "unlock_notify", "url", "uuid", "vtab", "wasm32-wasi-vfs", "window", "with-asan"))' -C metadata=0b8388b2f67ca49b -C extra-filename=-3b427659af6e04d7 --out-dir /evidence/target/debug/deps -L dependency=/evidence/target/debug/deps --extern bitflags=/evidence/target/debug/deps/libbitflags-78c58f5cfbdecd4f.rmeta --extern fallible_iterator=/evidence/target/debug/deps/libfallible_iterator-df3754dc8841f3cd.rmeta --extern fallible_streaming_iterator=/evidence/target/debug/deps/libfallible_streaming_iterator-95b74a03303b316f.rmeta --extern hashlink=/evidence/target/debug/deps/libhashlink-2576bb39cf95ce8f.rmeta --extern libsqlite3_sys=/evidence/target/debug/deps/liblibsqlite3_sys-fa101a01a8f434c6.rmeta --extern smallvec=/evidence/target/debug/deps/libsmallvec-bf2a713eef285846.rmeta --cap-lints warn -L native=/evidence/target/debug/build/libsqlite3-sys-4f80f2c42769dc07/out`
 INFO rustc_metadata::locator lib candidate: /usr/local/rustup/toolchains/1.98.1-aarch64-unknown-linux-gnu/lib/rustlib/aarch64-unknown-linux-gnu/lib/libstd-96c9fe7a07d47cf2.rlib
 INFO rustc_metadata::locator lib candidate: /usr/local/rustup/toolchains/1.98.1-aarch64-unknown-linux-gnu/lib/rustlib/aarch64-unknown-linux-gnu/lib/libstd_detect-744cebc7daba8a68.rlib
 INFO rustc_metadata::locator lib candidate: /usr/local/rustup/toolchains/1.98.1-aarch64-unknown-linux-gnu/lib/rustlib/aarch64-unknown-linux-gnu/lib/libstd-96c9fe7a07d47cf2.rmeta
 INFO rustc_metadata::locator lib candidate: /usr/local/rustup/toolchains/1.98.1-aarch64-unknown-linux-gnu/lib/rustlib/aarch64-unknown-linux-gnu/lib/libstd_detect-744cebc7daba8a68.rmeta
 INFO rustc_metadata::locator lib candidate: /usr/local/rustup/toolchains/1.98.1-aarch64-unknown-linux-gnu/lib/rustlib/aarch64-unknown-linux-gnu/lib/libstd-96c9fe7a07d47cf2.so
 INFO rustc_metadata::locator rmeta reading metadata from: /usr/local/rustup/toolchains/1.98.1-aarch64-unknown-linux-gnu/lib/rustlib/aarch64-unknown-linux-gnu/lib/libstd-96c9fe7a07d47cf2.rmeta
 INFO rustc_metadata::locator rmeta reading metadata from: /usr/local/rustup/toolchains/1.98.1-aarch64-unknown-linux-gnu/lib/rustlib/aarch64-unknown-linux-gnu/lib/libstd_detect-744cebc7daba8a68.rmeta
 INFO rustc_metadata::locator Rejecting via crate name
 INFO rustc_metadata::locator metadata mismatch
 INFO rustc_metadata::locator rlib reading metadata from: /usr/local/rustup/toolchains/1.98.1-aarch64-unknown-linux-gnu/lib/rustlib/aarch64-unknown-linux-gnu/lib/libstd_detect-744cebc7daba8a68.rlib
 INFO rustc_metadata::locator Rejecting via crate name
 INFO rustc_metadata::locator metadata mismatch
 INFO rustc_metadata::locator lib candidate: /usr/local/rustup/toolchains/1.98.1-aarch64-unknown-linux-gnu/lib/rustlib/aarch64-unknown-linux-gnu/lib/libcore-276de952897abe1c.rlib
 INFO rustc_metadata::locator lib candidate: /usr/local/rustup/toolchains/1.98.1-aarch64-unknown-linux-gnu/lib/rustlib/aarch64-unknown-linux-gnu/lib/libcore-276de952897abe1c.rmeta
 INFO rustc_metadata::locator rmeta reading metadata from: /usr/local/rustup/toolchains/1.98.1-aarch64-unknown-linux-gnu/lib/rustlib/aarch64-unknown-linux-gnu/lib/libcore-276de952897abe1c.rmeta
 INFO rustc_metadata::locator lib candidate: /usr/local/rustup/toolchains/1.98.1-aarch64-unknown-linux-gnu/lib/rustlib/aarch64-unknown-linux-gnu/lib/liballoc-5ed91a8779ad9241.rlib
 INFO rustc_metadata::locator lib candidate: /usr/local/rustup/toolchains/1.98.1-aarch64-unknown-linux-gnu/lib/rustlib/aarch64-unknown-linux-gnu/lib/liballoc-5ed91a8779ad9241.rmeta
 INFO rustc_metadata::locator rmeta reading metadata from: /usr/local/rustup/toolchains/1.98.1-aarch64-unknown-linux-gnu/lib/rustlib/aarch64-unknown-linux-gnu/lib/liballoc-5ed91a8779ad9241.rmeta
 INFO rustc_metadata::locator lib candidate: /usr/local/rustup/toolchains/1.98.1-aarch64-unknown-linux-gnu/lib/rustlib/aarch64-unknown-linux-gnu/lib/libcompiler_builtins-bd0d6dc1a63d46e8.rlib
 INFO rustc_metadata::locator lib candidate: /usr/local/rustup/toolchains/1.98.1-aarch64-unknown-linux-gnu/lib/rustlib/aarch64-unknown-linux-gnu/lib/libcompiler_builtins-bd0d6dc1a63d46e8.rmeta
 INFO rustc_metadata::locator rmeta reading metadata from: /usr/local/rustup/toolchains/1.98.1-aarch64-unknown-linux-gnu/lib/rustlib/aarch64-unknown-linux-gnu/lib/libcompiler_builtins-bd0d6dc1a63d46e8.rmeta
 INFO rustc_metadata::locator lib candidate: /usr/local/rustup/toolchains/1.98.1-aarch64-unknown-linux-gnu/lib/rustlib/aarch64-unknown-linux-gnu/lib/liblibc-d4267515c636bbd5.rlib
 INFO rustc_metadata::locator lib candidate: /usr/local/rustup/toolchains/1.98.1-aarch64-unknown-linux-gnu/lib/rustlib/aarch64-unknown-linux-gnu/lib/liblibc-d4267515c636bbd5.rmeta
 INFO rustc_metadata::locator rmeta reading metadata from: /usr/local/rustup/toolchains/1.98.1-aarch64-unknown-linux-gnu/lib/rustlib/aarch64-unknown-linux-gnu/lib/liblibc-d4267515c636bbd5.rmeta
 INFO rustc_metadata::locator lib candidate: /usr/local/rustup/toolchains/1.98.1-aarch64-unknown-linux-gnu/lib/rustlib/aarch64-unknown-linux-gnu/lib/librustc_std_workspace_core-60f5aed5b0be39ba.rlib
 INFO rustc_metadata::locator lib candidate: /usr/local/rustup/toolchains/1.98.1-aarch64-unknown-linux-gnu/lib/rustlib/aarch64-unknown-linux-gnu/lib/librustc_std_workspace_core-60f5aed5b0be39ba.rmeta
 INFO rustc_metadata::locator rmeta reading metadata from: /usr/local/rustup/toolchains/1.98.1-aarch64-unknown-linux-gnu/lib/rustlib/aarch64-unknown-linux-gnu/lib/librustc_std_workspace_core-60f5aed5b0be39ba.rmeta
 INFO rustc_metadata::locator lib candidate: /usr/local/rustup/toolchains/1.98.1-aarch64-unknown-linux-gnu/lib/rustlib/aarch64-unknown-linux-gnu/lib/libunwind-0d91334590e8fac0.rlib
 INFO rustc_metadata::locator lib candidate: /usr/local/rustup/toolchains/1.98.1-aarch64-unknown-linux-gnu/lib/rustlib/aarch64-unknown-linux-gnu/lib/libunwind-0d91334590e8fac0.rmeta
 INFO rustc_metadata::locator rmeta reading metadata from: /usr/local/rustup/toolchains/1.98.1-aarch64-unknown-linux-gnu/lib/rustlib/aarch64-unknown-linux-gnu/lib/libunwind-0d91334590e8fac0.rmeta
 INFO rustc_metadata::locator lib candidate: /usr/local/rustup/toolchains/1.98.1-aarch64-unknown-linux-gnu/lib/rustlib/aarch64-unknown-linux-gnu/lib/libminiz_oxide-fd627a3cab0f8638.rlib
 INFO rustc_metadata::locator lib candidate: /usr/local/rustup/toolchains/1.98.1-aarch64-unknown-linux-gnu/lib/rustlib/aarch64-unknown-linux-gnu/lib/libminiz_oxide-fd627a3cab0f8638.rmeta
 INFO rustc_metadata::locator rmeta reading metadata from: /usr/local/rustup/toolchains/1.98.1-aarch64-unknown-linux-gnu/lib/rustlib/aarch64-unknown-linux-gnu/lib/libminiz_oxide-fd627a3cab0f8638.rmeta
 INFO rustc_metadata::locator lib candidate: /usr/local/rustup/toolchains/1.98.1-aarch64-unknown-linux-gnu/lib/rustlib/aarch64-unknown-linux-gnu/lib/libadler2-49f29a8856c93b22.rlib
 INFO rustc_metadata::locator lib candidate: /usr/local/rustup/toolchains/1.98.1-aarch64-unknown-linux-gnu/lib/rustlib/aarch64-unknown-linux-gnu/lib/libadler2-49f29a8856c93b22.rmeta
 INFO rustc_metadata::locator rmeta reading metadata from: /usr/local/rustup/toolchains/1.98.1-aarch64-unknown-linux-gnu/lib/rustlib/aarch64-unknown-linux-gnu/lib/libadler2-49f29a8856c93b22.rmeta
 INFO rustc_metadata::locator lib candidate: /usr/local/rustup/toolchains/1.98.1-aarch64-unknown-linux-gnu/lib/rustlib/aarch64-unknown-linux-gnu/lib/libhashbrown-59d69e789b093c2f.rlib
 INFO rustc_metadata::locator lib candidate: /usr/local/rustup/toolchains/1.98.1-aarch64-unknown-linux-gnu/lib/rustlib/aarch64-unknown-linux-gnu/lib/libhashbrown-59d69e789b093c2f.rmeta
 INFO rustc_metadata::locator rmeta reading metadata from: /usr/local/rustup/toolchains/1.98.1-aarch64-unknown-linux-gnu/lib/rustlib/aarch64-unknown-linux-gnu/lib/libhashbrown-59d69e789b093c2f.rmeta
 INFO rustc_metadata::locator lib candidate: /usr/local/rustup/toolchains/1.98.1-aarch64-unknown-linux-gnu/lib/rustlib/aarch64-unknown-linux-gnu/lib/librustc_std_workspace_alloc-21af30201253cbfb.rlib
 INFO rustc_metadata::locator lib candidate: /usr/local/rustup/toolchains/1.98.1-aarch64-unknown-linux-gnu/lib/rustlib/aarch64-unknown-linux-gnu/lib/librustc_std_workspace_alloc-21af30201253cbfb.rmeta
 INFO rustc_metadata::locator rmeta reading metadata from: /usr/local/rustup/toolchains/1.98.1-aarch64-unknown-linux-gnu/lib/rustlib/aarch64-unknown-linux-gnu/lib/librustc_std_workspace_alloc-21af30201253cbfb.rmeta
 INFO rustc_metadata::locator lib candidate: /usr/local/rustup/toolchains/1.98.1-aarch64-unknown-linux-gnu/lib/rustlib/aarch64-unknown-linux-gnu/lib/libstd_detect-744cebc7daba8a68.rlib
 INFO rustc_metadata::locator lib candidate: /usr/local/rustup/toolchains/1.98.1-aarch64-unknown-linux-gnu/lib/rustlib/aarch64-unknown-linux-gnu/lib/libstd_detect-744cebc7daba8a68.rmeta
 INFO rustc_metadata::locator rmeta reading metadata from: /usr/local/rustup/toolchains/1.98.1-aarch64-unknown-linux-gnu/lib/rustlib/aarch64-unknown-linux-gnu/lib/libstd_detect-744cebc7daba8a68.rmeta
 INFO rustc_metadata::locator lib candidate: /usr/local/rustup/toolchains/1.98.1-aarch64-unknown-linux-gnu/lib/rustlib/aarch64-unknown-linux-gnu/lib/librustc_demangle-4f11a1d3df1ceb19.rlib
 INFO rustc_metadata::locator lib candidate: /usr/local/rustup/toolchains/1.98.1-aarch64-unknown-linux-gnu/lib/rustlib/aarch64-unknown-linux-gnu/lib/librustc_demangle-4f11a1d3df1ceb19.rmeta
 INFO rustc_metadata::locator rmeta reading metadata from: /usr/local/rustup/toolchains/1.98.1-aarch64-unknown-linux-gnu/lib/rustlib/aarch64-unknown-linux-gnu/lib/librustc_demangle-4f11a1d3df1ceb19.rmeta
 INFO rustc_metadata::locator lib candidate: /usr/local/rustup/toolchains/1.98.1-aarch64-unknown-linux-gnu/lib/rustlib/aarch64-unknown-linux-gnu/lib/libcfg_if-4cb5d4e7ecc5ab9b.rlib
 INFO rustc_metadata::locator lib candidate: /usr/local/rustup/toolchains/1.98.1-aarch64-unknown-linux-gnu/lib/rustlib/aarch64-unknown-linux-gnu/lib/libcfg_if-4cb5d4e7ecc5ab9b.rmeta
 INFO rustc_metadata::locator rmeta reading metadata from: /usr/local/rustup/toolchains/1.98.1-aarch64-unknown-linux-gnu/lib/rustlib/aarch64-unknown-linux-gnu/lib/libcfg_if-4cb5d4e7ecc5ab9b.rmeta
 INFO rustc_metadata::locator lib candidate: /usr/local/rustup/toolchains/1.98.1-aarch64-unknown-linux-gnu/lib/rustlib/aarch64-unknown-linux-gnu/lib/libaddr2line-c9b51fa144ecb69d.rlib
 INFO rustc_metadata::locator lib candidate: /usr/local/rustup/toolchains/1.98.1-aarch64-unknown-linux-gnu/lib/rustlib/aarch64-unknown-linux-gnu/lib/libaddr2line-c9b51fa144ecb69d.rmeta
 INFO rustc_metadata::locator rmeta reading metadata from: /usr/local/rustup/toolchains/1.98.1-aarch64-unknown-linux-gnu/lib/rustlib/aarch64-unknown-linux-gnu/lib/libaddr2line-c9b51fa144ecb69d.rmeta
 INFO rustc_metadata::locator lib candidate: /usr/local/rustup/toolchains/1.98.1-aarch64-unknown-linux-gnu/lib/rustlib/aarch64-unknown-linux-gnu/lib/libgimli-f28aeee62441776d.rlib
 INFO rustc_metadata::locator lib candidate: /usr/local/rustup/toolchains/1.98.1-aarch64-unknown-linux-gnu/lib/rustlib/aarch64-unknown-linux-gnu/lib/libgimli-f28aeee62441776d.rmeta
 INFO rustc_metadata::locator rmeta reading metadata from: /usr/local/rustup/toolchains/1.98.1-aarch64-unknown-linux-gnu/lib/rustlib/aarch64-unknown-linux-gnu/lib/libgimli-f28aeee62441776d.rmeta
 INFO rustc_metadata::locator lib candidate: /usr/local/rustup/toolchains/1.98.1-aarch64-unknown-linux-gnu/lib/rustlib/aarch64-unknown-linux-gnu/lib/libobject-d659ca1c4445f0ff.rlib
 INFO rustc_metadata::locator lib candidate: /usr/local/rustup/toolchains/1.98.1-aarch64-unknown-linux-gnu/lib/rustlib/aarch64-unknown-linux-gnu/lib/libobject-d659ca1c4445f0ff.rmeta
 INFO rustc_metadata::locator rmeta reading metadata from: /usr/local/rustup/toolchains/1.98.1-aarch64-unknown-linux-gnu/lib/rustlib/aarch64-unknown-linux-gnu/lib/libobject-d659ca1c4445f0ff.rmeta
 INFO rustc_metadata::locator lib candidate: /usr/local/rustup/toolchains/1.98.1-aarch64-unknown-linux-gnu/lib/rustlib/aarch64-unknown-linux-gnu/lib/libmemchr-740af70dcfdcb340.rlib
 INFO rustc_metadata::locator lib candidate: /usr/local/rustup/toolchains/1.98.1-aarch64-unknown-linux-gnu/lib/rustlib/aarch64-unknown-linux-gnu/lib/libmemchr-740af70dcfdcb340.rmeta
 INFO rustc_metadata::locator rmeta reading metadata from: /usr/local/rustup/toolchains/1.98.1-aarch64-unknown-linux-gnu/lib/rustlib/aarch64-unknown-linux-gnu/lib/libmemchr-740af70dcfdcb340.rmeta
 INFO rustc_metadata::locator lib candidate: /usr/local/rustup/toolchains/1.98.1-aarch64-unknown-linux-gnu/lib/rustlib/aarch64-unknown-linux-gnu/lib/libpanic_unwind-84356f769662edfe.rlib
 INFO rustc_metadata::locator lib candidate: /usr/local/rustup/toolchains/1.98.1-aarch64-unknown-linux-gnu/lib/rustlib/aarch64-unknown-linux-gnu/lib/libpanic_unwind-84356f769662edfe.rmeta
 INFO rustc_metadata::locator rmeta reading metadata from: /usr/local/rustup/toolchains/1.98.1-aarch64-unknown-linux-gnu/lib/rustlib/aarch64-unknown-linux-gnu/lib/libpanic_unwind-84356f769662edfe.rmeta
 INFO rustc_metadata::locator rmeta reading metadata from: /evidence/target/debug/deps/libfallible_iterator-df3754dc8841f3cd.rmeta
 INFO rustc_metadata::locator rmeta reading metadata from: /evidence/target/debug/deps/libfallible_streaming_iterator-95b74a03303b316f.rmeta
 INFO rustc_metadata::locator rmeta reading metadata from: /evidence/target/debug/deps/liblibsqlite3_sys-fa101a01a8f434c6.rmeta
 INFO rustc_metadata::locator lib candidate: /usr/local/rustup/toolchains/1.98.1-aarch64-unknown-linux-gnu/lib/rustlib/aarch64-unknown-linux-gnu/lib/libstd-96c9fe7a07d47cf2.rlib
 INFO rustc_metadata::locator lib candidate: /usr/local/rustup/toolchains/1.98.1-aarch64-unknown-linux-gnu/lib/rustlib/aarch64-unknown-linux-gnu/lib/libstd_detect-744cebc7daba8a68.rlib
 INFO rustc_metadata::locator lib candidate: /usr/local/rustup/toolchains/1.98.1-aarch64-unknown-linux-gnu/lib/rustlib/aarch64-unknown-linux-gnu/lib/libstd-96c9fe7a07d47cf2.rmeta
 INFO rustc_metadata::locator lib candidate: /usr/local/rustup/toolchains/1.98.1-aarch64-unknown-linux-gnu/lib/rustlib/aarch64-unknown-linux-gnu/lib/libstd_detect-744cebc7daba8a68.rmeta
 INFO rustc_metadata::locator lib candidate: /usr/local/rustup/toolchains/1.98.1-aarch64-unknown-linux-gnu/lib/rustlib/aarch64-unknown-linux-gnu/lib/libstd-96c9fe7a07d47cf2.so
 INFO rustc_metadata::locator rmeta reading metadata from: /usr/local/rustup/toolchains/1.98.1-aarch64-unknown-linux-gnu/lib/rustlib/aarch64-unknown-linux-gnu/lib/libstd-96c9fe7a07d47cf2.rmeta
 INFO rustc_metadata::locator rmeta reading metadata from: /usr/local/rustup/toolchains/1.98.1-aarch64-unknown-linux-gnu/lib/rustlib/aarch64-unknown-linux-gnu/lib/libstd_detect-744cebc7daba8a68.rmeta
 INFO rustc_metadata::locator Rejecting via crate name
 INFO rustc_metadata::locator metadata mismatch
 INFO rustc_metadata::locator rlib reading metadata from: /usr/local/rustup/toolchains/1.98.1-aarch64-unknown-linux-gnu/lib/rustlib/aarch64-unknown-linux-gnu/lib/libstd_detect-744cebc7daba8a68.rlib
 INFO rustc_metadata::locator Rejecting via crate name
 INFO rustc_metadata::locator metadata mismatch
 INFO rustc_metadata::locator rmeta reading metadata from: /evidence/target/debug/deps/libhashlink-2576bb39cf95ce8f.rmeta
 INFO rustc_metadata::locator lib candidate: /evidence/target/debug/deps/libhashbrown-524905c6d9ffb340.rlib
 INFO rustc_metadata::locator lib candidate: /evidence/target/debug/deps/libhashbrown-524905c6d9ffb340.rmeta
 INFO rustc_metadata::locator rmeta reading metadata from: /evidence/target/debug/deps/libhashbrown-524905c6d9ffb340.rmeta
 INFO rustc_metadata::locator lib candidate: /evidence/target/debug/deps/libfoldhash-b155e1a4134d8a92.rlib
 INFO rustc_metadata::locator lib candidate: /evidence/target/debug/deps/libfoldhash-b155e1a4134d8a92.rmeta
 INFO rustc_metadata::locator rmeta reading metadata from: /evidence/target/debug/deps/libfoldhash-b155e1a4134d8a92.rmeta
 INFO rustc_metadata::locator rmeta reading metadata from: /evidence/target/debug/deps/libsmallvec-bf2a713eef285846.rmeta
 INFO rustc_metadata::locator rmeta reading metadata from: /evidence/target/debug/deps/libbitflags-78c58f5cfbdecd4f.rmeta
 INFO rustc_metadata::locator lib candidate: /usr/local/rustup/toolchains/1.98.1-aarch64-unknown-linux-gnu/lib/rustlib/aarch64-unknown-linux-gnu/lib/libstd-96c9fe7a07d47cf2.rlib
 INFO rustc_metadata::locator lib candidate: /usr/local/rustup/toolchains/1.98.1-aarch64-unknown-linux-gnu/lib/rustlib/aarch64-unknown-linux-gnu/lib/libstd_detect-744cebc7daba8a68.rlib
 INFO rustc_metadata::locator lib candidate: /usr/local/rustup/toolchains/1.98.1-aarch64-unknown-linux-gnu/lib/rustlib/aarch64-unknown-linux-gnu/lib/libstd-96c9fe7a07d47cf2.rmeta
 INFO rustc_metadata::locator lib candidate: /usr/local/rustup/toolchains/1.98.1-aarch64-unknown-linux-gnu/lib/rustlib/aarch64-unknown-linux-gnu/lib/libstd_detect-744cebc7daba8a68.rmeta
 INFO rustc_metadata::locator lib candidate: /usr/local/rustup/toolchains/1.98.1-aarch64-unknown-linux-gnu/lib/rustlib/aarch64-unknown-linux-gnu/lib/libstd-96c9fe7a07d47cf2.so
 INFO rustc_metadata::locator rmeta reading metadata from: /usr/local/rustup/toolchains/1.98.1-aarch64-unknown-linux-gnu/lib/rustlib/aarch64-unknown-linux-gnu/lib/libstd-96c9fe7a07d47cf2.rmeta
 INFO rustc_metadata::locator rmeta reading metadata from: /usr/local/rustup/toolchains/1.98.1-aarch64-unknown-linux-gnu/lib/rustlib/aarch64-unknown-linux-gnu/lib/libstd_detect-744cebc7daba8a68.rmeta
 INFO rustc_metadata::locator Rejecting via crate name
 INFO rustc_metadata::locator metadata mismatch
 INFO rustc_metadata::locator rlib reading metadata from: /usr/local/rustup/toolchains/1.98.1-aarch64-unknown-linux-gnu/lib/rustlib/aarch64-unknown-linux-gnu/lib/libstd_detect-744cebc7daba8a68.rlib
 INFO rustc_metadata::locator Rejecting via crate name
 INFO rustc_metadata::locator metadata mismatch
 INFO rustc_metadata::locator rmeta reading metadata from: /evidence/target/debug/deps/libhashlink-2576bb39cf95ce8f.rmeta
 INFO rustc_metadata::locator rmeta reading metadata from: /evidence/target/debug/deps/libfallible_iterator-df3754dc8841f3cd.rmeta
 INFO rustc_metadata::locator rmeta reading metadata from: /evidence/target/debug/deps/libfallible_streaming_iterator-95b74a03303b316f.rmeta
 INFO rustc_metadata::locator rmeta reading metadata from: /evidence/target/debug/deps/libsmallvec-bf2a713eef285846.rmeta
 INFO rustc_metadata::locator rmeta reading metadata from: /evidence/target/debug/deps/liblibsqlite3_sys-fa101a01a8f434c6.rmeta
 INFO rustc_metadata::locator rmeta reading metadata from: /evidence/target/debug/deps/libbitflags-78c58f5cfbdecd4f.rmeta
   Compiling rx-storage v0.1.0 (/source/sdk/crates/rx-storage)
     Running `CARGO=/usr/local/rustup/toolchains/1.98.1-aarch64-unknown-linux-gnu/bin/cargo CARGO_CRATE_NAME=rx_storage CARGO_MANIFEST_DIR=/source/sdk/crates/rx-storage CARGO_MANIFEST_PATH=/source/sdk/crates/rx-storage/Cargo.toml CARGO_PKG_AUTHORS='' CARGO_PKG_DESCRIPTION='' CARGO_PKG_HOMEPAGE='' CARGO_PKG_LICENSE=Apache-2.0 CARGO_PKG_LICENSE_FILE='' CARGO_PKG_NAME=rx-storage CARGO_PKG_README='' CARGO_PKG_REPOSITORY='' CARGO_PKG_RUST_VERSION='' CARGO_PKG_VERSION=0.1.0 CARGO_PKG_VERSION_MAJOR=0 CARGO_PKG_VERSION_MINOR=1 CARGO_PKG_VERSION_PATCH=0 CARGO_PKG_VERSION_PRE='' LD_LIBRARY_PATH='/evidence/target/debug/deps:/usr/local/rustup/toolchains/1.98.1-aarch64-unknown-linux-gnu/lib' /usr/local/rustup/toolchains/1.98.1-aarch64-unknown-linux-gnu/bin/rustc --crate-name rx_storage --edition=2024 sdk/crates/rx-storage/src/lib.rs --error-format=json --json=diagnostic-rendered-ansi,artifacts,future-incompat --crate-type lib --emit=dep-info,metadata,link -C embed-bitcode=no -C debuginfo=2 --forbid=unsafe_code '--warn=clippy::all' --check-cfg 'cfg(docsrs,test)' --check-cfg 'cfg(feature, values())' -C metadata=1c2282febb509643 -C extra-filename=-ae99c231a105c93d --out-dir /evidence/target/debug/deps -C incremental=/evidence/target/debug/incremental -L dependency=/evidence/target/debug/deps --extern rusqlite=/evidence/target/debug/deps/librusqlite-3b427659af6e04d7.rmeta --extern rustix=/evidence/target/debug/deps/librustix-99c2fd42b5875ba2.rmeta --extern rx_domain=/evidence/target/debug/deps/librx_domain-604adb34f600faa7.rmeta --extern rx_ports=/evidence/target/debug/deps/librx_ports-4fb1315306ceee2b.rmeta --extern serde=/evidence/target/debug/deps/libserde-d6d8ecf1f3014f69.rmeta --extern serde_json=/evidence/target/debug/deps/libserde_json-11abb16a171c35d7.rmeta -L native=/evidence/target/debug/build/libsqlite3-sys-4f80f2c42769dc07/out`
 INFO rustc_metadata::locator lib candidate: /usr/local/rustup/toolchains/1.98.1-aarch64-unknown-linux-gnu/lib/rustlib/aarch64-unknown-linux-gnu/lib/libstd-96c9fe7a07d47cf2.rlib
 INFO rustc_metadata::locator lib candidate: /usr/local/rustup/toolchains/1.98.1-aarch64-unknown-linux-gnu/lib/rustlib/aarch64-unknown-linux-gnu/lib/libstd_detect-744cebc7daba8a68.rlib
 INFO rustc_metadata::locator lib candidate: /usr/local/rustup/toolchains/1.98.1-aarch64-unknown-linux-gnu/lib/rustlib/aarch64-unknown-linux-gnu/lib/libstd-96c9fe7a07d47cf2.rmeta
 INFO rustc_metadata::locator lib candidate: /usr/local/rustup/toolchains/1.98.1-aarch64-unknown-linux-gnu/lib/rustlib/aarch64-unknown-linux-gnu/lib/libstd_detect-744cebc7daba8a68.rmeta
 INFO rustc_metadata::locator lib candidate: /usr/local/rustup/toolchains/1.98.1-aarch64-unknown-linux-gnu/lib/rustlib/aarch64-unknown-linux-gnu/lib/libstd-96c9fe7a07d47cf2.so
 INFO rustc_metadata::locator rmeta reading metadata from: /usr/local/rustup/toolchains/1.98.1-aarch64-unknown-linux-gnu/lib/rustlib/aarch64-unknown-linux-gnu/lib/libstd-96c9fe7a07d47cf2.rmeta
 INFO rustc_metadata::locator rmeta reading metadata from: /usr/local/rustup/toolchains/1.98.1-aarch64-unknown-linux-gnu/lib/rustlib/aarch64-unknown-linux-gnu/lib/libstd_detect-744cebc7daba8a68.rmeta
 INFO rustc_metadata::locator Rejecting via crate name
 INFO rustc_metadata::locator metadata mismatch
 INFO rustc_metadata::locator rlib reading metadata from: /usr/local/rustup/toolchains/1.98.1-aarch64-unknown-linux-gnu/lib/rustlib/aarch64-unknown-linux-gnu/lib/libstd_detect-744cebc7daba8a68.rlib
 INFO rustc_metadata::locator Rejecting via crate name
 INFO rustc_metadata::locator metadata mismatch
 INFO rustc_metadata::locator lib candidate: /usr/local/rustup/toolchains/1.98.1-aarch64-unknown-linux-gnu/lib/rustlib/aarch64-unknown-linux-gnu/lib/libcore-276de952897abe1c.rlib
 INFO rustc_metadata::locator lib candidate: /usr/local/rustup/toolchains/1.98.1-aarch64-unknown-linux-gnu/lib/rustlib/aarch64-unknown-linux-gnu/lib/libcore-276de952897abe1c.rmeta
 INFO rustc_metadata::locator rmeta reading metadata from: /usr/local/rustup/toolchains/1.98.1-aarch64-unknown-linux-gnu/lib/rustlib/aarch64-unknown-linux-gnu/lib/libcore-276de952897abe1c.rmeta
 INFO rustc_metadata::locator lib candidate: /usr/local/rustup/toolchains/1.98.1-aarch64-unknown-linux-gnu/lib/rustlib/aarch64-unknown-linux-gnu/lib/liballoc-5ed91a8779ad9241.rlib
 INFO rustc_metadata::locator lib candidate: /usr/local/rustup/toolchains/1.98.1-aarch64-unknown-linux-gnu/lib/rustlib/aarch64-unknown-linux-gnu/lib/liballoc-5ed91a8779ad9241.rmeta
 INFO rustc_metadata::locator rmeta reading metadata from: /usr/local/rustup/toolchains/1.98.1-aarch64-unknown-linux-gnu/lib/rustlib/aarch64-unknown-linux-gnu/lib/liballoc-5ed91a8779ad9241.rmeta
 INFO rustc_metadata::locator lib candidate: /usr/local/rustup/toolchains/1.98.1-aarch64-unknown-linux-gnu/lib/rustlib/aarch64-unknown-linux-gnu/lib/libcompiler_builtins-bd0d6dc1a63d46e8.rlib
 INFO rustc_metadata::locator lib candidate: /usr/local/rustup/toolchains/1.98.1-aarch64-unknown-linux-gnu/lib/rustlib/aarch64-unknown-linux-gnu/lib/libcompiler_builtins-bd0d6dc1a63d46e8.rmeta
 INFO rustc_metadata::locator rmeta reading metadata from: /usr/local/rustup/toolchains/1.98.1-aarch64-unknown-linux-gnu/lib/rustlib/aarch64-unknown-linux-gnu/lib/libcompiler_builtins-bd0d6dc1a63d46e8.rmeta
 INFO rustc_metadata::locator lib candidate: /usr/local/rustup/toolchains/1.98.1-aarch64-unknown-linux-gnu/lib/rustlib/aarch64-unknown-linux-gnu/lib/liblibc-d4267515c636bbd5.rlib
 INFO rustc_metadata::locator lib candidate: /usr/local/rustup/toolchains/1.98.1-aarch64-unknown-linux-gnu/lib/rustlib/aarch64-unknown-linux-gnu/lib/liblibc-d4267515c636bbd5.rmeta
 INFO rustc_metadata::locator rmeta reading metadata from: /usr/local/rustup/toolchains/1.98.1-aarch64-unknown-linux-gnu/lib/rustlib/aarch64-unknown-linux-gnu/lib/liblibc-d4267515c636bbd5.rmeta
 INFO rustc_metadata::locator lib candidate: /usr/local/rustup/toolchains/1.98.1-aarch64-unknown-linux-gnu/lib/rustlib/aarch64-unknown-linux-gnu/lib/librustc_std_workspace_core-60f5aed5b0be39ba.rlib
 INFO rustc_metadata::locator lib candidate: /usr/local/rustup/toolchains/1.98.1-aarch64-unknown-linux-gnu/lib/rustlib/aarch64-unknown-linux-gnu/lib/librustc_std_workspace_core-60f5aed5b0be39ba.rmeta
 INFO rustc_metadata::locator rmeta reading metadata from: /usr/local/rustup/toolchains/1.98.1-aarch64-unknown-linux-gnu/lib/rustlib/aarch64-unknown-linux-gnu/lib/librustc_std_workspace_core-60f5aed5b0be39ba.rmeta
 INFO rustc_metadata::locator lib candidate: /usr/local/rustup/toolchains/1.98.1-aarch64-unknown-linux-gnu/lib/rustlib/aarch64-unknown-linux-gnu/lib/libunwind-0d91334590e8fac0.rlib
 INFO rustc_metadata::locator lib candidate: /usr/local/rustup/toolchains/1.98.1-aarch64-unknown-linux-gnu/lib/rustlib/aarch64-unknown-linux-gnu/lib/libunwind-0d91334590e8fac0.rmeta
 INFO rustc_metadata::locator rmeta reading metadata from: /usr/local/rustup/toolchains/1.98.1-aarch64-unknown-linux-gnu/lib/rustlib/aarch64-unknown-linux-gnu/lib/libunwind-0d91334590e8fac0.rmeta
 INFO rustc_metadata::locator lib candidate: /usr/local/rustup/toolchains/1.98.1-aarch64-unknown-linux-gnu/lib/rustlib/aarch64-unknown-linux-gnu/lib/libminiz_oxide-fd627a3cab0f8638.rlib
 INFO rustc_metadata::locator lib candidate: /usr/local/rustup/toolchains/1.98.1-aarch64-unknown-linux-gnu/lib/rustlib/aarch64-unknown-linux-gnu/lib/libminiz_oxide-fd627a3cab0f8638.rmeta
 INFO rustc_metadata::locator rmeta reading metadata from: /usr/local/rustup/toolchains/1.98.1-aarch64-unknown-linux-gnu/lib/rustlib/aarch64-unknown-linux-gnu/lib/libminiz_oxide-fd627a3cab0f8638.rmeta
 INFO rustc_metadata::locator lib candidate: /usr/local/rustup/toolchains/1.98.1-aarch64-unknown-linux-gnu/lib/rustlib/aarch64-unknown-linux-gnu/lib/libadler2-49f29a8856c93b22.rlib
 INFO rustc_metadata::locator lib candidate: /usr/local/rustup/toolchains/1.98.1-aarch64-unknown-linux-gnu/lib/rustlib/aarch64-unknown-linux-gnu/lib/libadler2-49f29a8856c93b22.rmeta
 INFO rustc_metadata::locator rmeta reading metadata from: /usr/local/rustup/toolchains/1.98.1-aarch64-unknown-linux-gnu/lib/rustlib/aarch64-unknown-linux-gnu/lib/libadler2-49f29a8856c93b22.rmeta
 INFO rustc_metadata::locator lib candidate: /usr/local/rustup/toolchains/1.98.1-aarch64-unknown-linux-gnu/lib/rustlib/aarch64-unknown-linux-gnu/lib/libhashbrown-59d69e789b093c2f.rlib
 INFO rustc_metadata::locator lib candidate: /usr/local/rustup/toolchains/1.98.1-aarch64-unknown-linux-gnu/lib/rustlib/aarch64-unknown-linux-gnu/lib/libhashbrown-59d69e789b093c2f.rmeta
 INFO rustc_metadata::locator rmeta reading metadata from: /usr/local/rustup/toolchains/1.98.1-aarch64-unknown-linux-gnu/lib/rustlib/aarch64-unknown-linux-gnu/lib/libhashbrown-59d69e789b093c2f.rmeta
 INFO rustc_metadata::locator lib candidate: /usr/local/rustup/toolchains/1.98.1-aarch64-unknown-linux-gnu/lib/rustlib/aarch64-unknown-linux-gnu/lib/librustc_std_workspace_alloc-21af30201253cbfb.rlib
 INFO rustc_metadata::locator lib candidate: /usr/local/rustup/toolchains/1.98.1-aarch64-unknown-linux-gnu/lib/rustlib/aarch64-unknown-linux-gnu/lib/librustc_std_workspace_alloc-21af30201253cbfb.rmeta
 INFO rustc_metadata::locator rmeta reading metadata from: /usr/local/rustup/toolchains/1.98.1-aarch64-unknown-linux-gnu/lib/rustlib/aarch64-unknown-linux-gnu/lib/librustc_std_workspace_alloc-21af30201253cbfb.rmeta
 INFO rustc_metadata::locator lib candidate: /usr/local/rustup/toolchains/1.98.1-aarch64-unknown-linux-gnu/lib/rustlib/aarch64-unknown-linux-gnu/lib/libstd_detect-744cebc7daba8a68.rlib
 INFO rustc_metadata::locator lib candidate: /usr/local/rustup/toolchains/1.98.1-aarch64-unknown-linux-gnu/lib/rustlib/aarch64-unknown-linux-gnu/lib/libstd_detect-744cebc7daba8a68.rmeta
 INFO rustc_metadata::locator rmeta reading metadata from: /usr/local/rustup/toolchains/1.98.1-aarch64-unknown-linux-gnu/lib/rustlib/aarch64-unknown-linux-gnu/lib/libstd_detect-744cebc7daba8a68.rmeta
 INFO rustc_metadata::locator lib candidate: /usr/local/rustup/toolchains/1.98.1-aarch64-unknown-linux-gnu/lib/rustlib/aarch64-unknown-linux-gnu/lib/librustc_demangle-4f11a1d3df1ceb19.rlib
 INFO rustc_metadata::locator lib candidate: /usr/local/rustup/toolchains/1.98.1-aarch64-unknown-linux-gnu/lib/rustlib/aarch64-unknown-linux-gnu/lib/librustc_demangle-4f11a1d3df1ceb19.rmeta
 INFO rustc_metadata::locator rmeta reading metadata from: /usr/local/rustup/toolchains/1.98.1-aarch64-unknown-linux-gnu/lib/rustlib/aarch64-unknown-linux-gnu/lib/librustc_demangle-4f11a1d3df1ceb19.rmeta
 INFO rustc_metadata::locator lib candidate: /usr/local/rustup/toolchains/1.98.1-aarch64-unknown-linux-gnu/lib/rustlib/aarch64-unknown-linux-gnu/lib/libcfg_if-4cb5d4e7ecc5ab9b.rlib
 INFO rustc_metadata::locator lib candidate: /usr/local/rustup/toolchains/1.98.1-aarch64-unknown-linux-gnu/lib/rustlib/aarch64-unknown-linux-gnu/lib/libcfg_if-4cb5d4e7ecc5ab9b.rmeta
 INFO rustc_metadata::locator rmeta reading metadata from: /usr/local/rustup/toolchains/1.98.1-aarch64-unknown-linux-gnu/lib/rustlib/aarch64-unknown-linux-gnu/lib/libcfg_if-4cb5d4e7ecc5ab9b.rmeta
 INFO rustc_metadata::locator lib candidate: /usr/local/rustup/toolchains/1.98.1-aarch64-unknown-linux-gnu/lib/rustlib/aarch64-unknown-linux-gnu/lib/libaddr2line-c9b51fa144ecb69d.rlib
 INFO rustc_metadata::locator lib candidate: /usr/local/rustup/toolchains/1.98.1-aarch64-unknown-linux-gnu/lib/rustlib/aarch64-unknown-linux-gnu/lib/libaddr2line-c9b51fa144ecb69d.rmeta
 INFO rustc_metadata::locator rmeta reading metadata from: /usr/local/rustup/toolchains/1.98.1-aarch64-unknown-linux-gnu/lib/rustlib/aarch64-unknown-linux-gnu/lib/libaddr2line-c9b51fa144ecb69d.rmeta
 INFO rustc_metadata::locator lib candidate: /usr/local/rustup/toolchains/1.98.1-aarch64-unknown-linux-gnu/lib/rustlib/aarch64-unknown-linux-gnu/lib/libgimli-f28aeee62441776d.rlib
 INFO rustc_metadata::locator lib candidate: /usr/local/rustup/toolchains/1.98.1-aarch64-unknown-linux-gnu/lib/rustlib/aarch64-unknown-linux-gnu/lib/libgimli-f28aeee62441776d.rmeta
 INFO rustc_metadata::locator rmeta reading metadata from: /usr/local/rustup/toolchains/1.98.1-aarch64-unknown-linux-gnu/lib/rustlib/aarch64-unknown-linux-gnu/lib/libgimli-f28aeee62441776d.rmeta
 INFO rustc_metadata::locator lib candidate: /usr/local/rustup/toolchains/1.98.1-aarch64-unknown-linux-gnu/lib/rustlib/aarch64-unknown-linux-gnu/lib/libobject-d659ca1c4445f0ff.rlib
 INFO rustc_metadata::locator lib candidate: /usr/local/rustup/toolchains/1.98.1-aarch64-unknown-linux-gnu/lib/rustlib/aarch64-unknown-linux-gnu/lib/libobject-d659ca1c4445f0ff.rmeta
 INFO rustc_metadata::locator rmeta reading metadata from: /usr/local/rustup/toolchains/1.98.1-aarch64-unknown-linux-gnu/lib/rustlib/aarch64-unknown-linux-gnu/lib/libobject-d659ca1c4445f0ff.rmeta
 INFO rustc_metadata::locator lib candidate: /usr/local/rustup/toolchains/1.98.1-aarch64-unknown-linux-gnu/lib/rustlib/aarch64-unknown-linux-gnu/lib/libmemchr-740af70dcfdcb340.rlib
 INFO rustc_metadata::locator lib candidate: /usr/local/rustup/toolchains/1.98.1-aarch64-unknown-linux-gnu/lib/rustlib/aarch64-unknown-linux-gnu/lib/libmemchr-740af70dcfdcb340.rmeta
 INFO rustc_metadata::locator rmeta reading metadata from: /usr/local/rustup/toolchains/1.98.1-aarch64-unknown-linux-gnu/lib/rustlib/aarch64-unknown-linux-gnu/lib/libmemchr-740af70dcfdcb340.rmeta
 INFO rustc_metadata::locator lib candidate: /usr/local/rustup/toolchains/1.98.1-aarch64-unknown-linux-gnu/lib/rustlib/aarch64-unknown-linux-gnu/lib/libpanic_unwind-84356f769662edfe.rlib
 INFO rustc_metadata::locator lib candidate: /usr/local/rustup/toolchains/1.98.1-aarch64-unknown-linux-gnu/lib/rustlib/aarch64-unknown-linux-gnu/lib/libpanic_unwind-84356f769662edfe.rmeta
 INFO rustc_metadata::locator rmeta reading metadata from: /usr/local/rustup/toolchains/1.98.1-aarch64-unknown-linux-gnu/lib/rustlib/aarch64-unknown-linux-gnu/lib/libpanic_unwind-84356f769662edfe.rmeta
 INFO rustc_metadata::locator rmeta reading metadata from: /evidence/target/debug/deps/librx_ports-4fb1315306ceee2b.rmeta
 INFO rustc_metadata::locator lib candidate: /evidence/target/debug/deps/librx_domain-604adb34f600faa7.rlib
 INFO rustc_metadata::locator lib candidate: /evidence/target/debug/deps/librx_domain-604adb34f600faa7.rmeta
 INFO rustc_metadata::locator rmeta reading metadata from: /evidence/target/debug/deps/librx_domain-604adb34f600faa7.rmeta
 INFO rustc_metadata::locator lib candidate: /evidence/target/debug/deps/libserde-d6d8ecf1f3014f69.rlib
 INFO rustc_metadata::locator lib candidate: /evidence/target/debug/deps/libserde-d6d8ecf1f3014f69.rmeta
 INFO rustc_metadata::locator rmeta reading metadata from: /evidence/target/debug/deps/libserde-d6d8ecf1f3014f69.rmeta
 INFO rustc_metadata::locator lib candidate: /evidence/target/debug/deps/libserde_derive-433728bc0d92981e.so
 INFO rustc_metadata::locator dylib reading metadata from: /evidence/target/debug/deps/libserde_derive-433728bc0d92981e.so
 INFO rustc_metadata::locator Rejecting via proc macro: expected false got true
 INFO rustc_metadata::locator metadata mismatch
 INFO rustc_metadata::locator lib candidate: /evidence/target/debug/deps/libserde_derive-433728bc0d92981e.so
 INFO rustc_metadata::locator lib candidate: /evidence/target/debug/deps/libserde_derive-433728bc0d92981e.so
 INFO rustc_metadata::locator dylib reading metadata from: /evidence/target/debug/deps/libserde_derive-433728bc0d92981e.so
 INFO rustc_metadata::locator lib candidate: /evidence/target/debug/deps/libserde_core-6f42655a3fc1afa3.rlib
 INFO rustc_metadata::locator lib candidate: /evidence/target/debug/deps/libserde_core-6f42655a3fc1afa3.rmeta
 INFO rustc_metadata::locator rmeta reading metadata from: /evidence/target/debug/deps/libserde_core-6f42655a3fc1afa3.rmeta
 INFO rustc_metadata::locator lib candidate: /evidence/target/debug/deps/libserde_json-11abb16a171c35d7.rlib
 INFO rustc_metadata::locator lib candidate: /evidence/target/debug/deps/libserde_json-11abb16a171c35d7.rmeta
 INFO rustc_metadata::locator rmeta reading metadata from: /evidence/target/debug/deps/libserde_json-11abb16a171c35d7.rmeta
 INFO rustc_metadata::locator lib candidate: /evidence/target/debug/deps/libitoa-e102cd1e89c6b445.rlib
 INFO rustc_metadata::locator lib candidate: /evidence/target/debug/deps/libitoa-e102cd1e89c6b445.rmeta
 INFO rustc_metadata::locator rmeta reading metadata from: /evidence/target/debug/deps/libitoa-e102cd1e89c6b445.rmeta
 INFO rustc_metadata::locator lib candidate: /evidence/target/debug/deps/libzmij-a028af3cf5c0c27b.rlib
 INFO rustc_metadata::locator lib candidate: /evidence/target/debug/deps/libzmij-a028af3cf5c0c27b.rmeta
 INFO rustc_metadata::locator rmeta reading metadata from: /evidence/target/debug/deps/libzmij-a028af3cf5c0c27b.rmeta
 INFO rustc_metadata::locator lib candidate: /evidence/target/debug/deps/libmemchr-8362a2c5edc2d889.rlib
 INFO rustc_metadata::locator lib candidate: /evidence/target/debug/deps/libmemchr-8362a2c5edc2d889.rmeta
 INFO rustc_metadata::locator rmeta reading metadata from: /evidence/target/debug/deps/libmemchr-8362a2c5edc2d889.rmeta
 INFO rustc_metadata::locator lib candidate: /evidence/target/debug/deps/libsha2-87c2a29f79131b25.rlib
 INFO rustc_metadata::locator lib candidate: /evidence/target/debug/deps/libsha2-87c2a29f79131b25.rmeta
 INFO rustc_metadata::locator rmeta reading metadata from: /evidence/target/debug/deps/libsha2-87c2a29f79131b25.rmeta
 INFO rustc_metadata::locator lib candidate: /evidence/target/debug/deps/libdigest-2f251867783bd5a4.rlib
 INFO rustc_metadata::locator lib candidate: /evidence/target/debug/deps/libdigest-2f251867783bd5a4.rmeta
 INFO rustc_metadata::locator rmeta reading metadata from: /evidence/target/debug/deps/libdigest-2f251867783bd5a4.rmeta
 INFO rustc_metadata::locator lib candidate: /evidence/target/debug/deps/libcrypto_common-b0f7f891cf9945a7.rlib
 INFO rustc_metadata::locator lib candidate: /evidence/target/debug/deps/libcrypto_common-b0f7f891cf9945a7.rmeta
 INFO rustc_metadata::locator rmeta reading metadata from: /evidence/target/debug/deps/libcrypto_common-b0f7f891cf9945a7.rmeta
 INFO rustc_metadata::locator lib candidate: /evidence/target/debug/deps/libgeneric_array-9ab4e04c59dd2c19.rlib
 INFO rustc_metadata::locator lib candidate: /evidence/target/debug/deps/libgeneric_array-9ab4e04c59dd2c19.rmeta
 INFO rustc_metadata::locator rmeta reading metadata from: /evidence/target/debug/deps/libgeneric_array-9ab4e04c59dd2c19.rmeta
 INFO rustc_metadata::locator lib candidate: /evidence/target/debug/deps/libtypenum-0d86cd7943364998.rlib
 INFO rustc_metadata::locator lib candidate: /evidence/target/debug/deps/libtypenum-0d86cd7943364998.rmeta
 INFO rustc_metadata::locator rmeta reading metadata from: /evidence/target/debug/deps/libtypenum-0d86cd7943364998.rmeta
 INFO rustc_metadata::locator lib candidate: /evidence/target/debug/deps/libblock_buffer-ac617e59152c2d40.rlib
 INFO rustc_metadata::locator lib candidate: /evidence/target/debug/deps/libblock_buffer-ac617e59152c2d40.rmeta
 INFO rustc_metadata::locator rmeta reading metadata from: /evidence/target/debug/deps/libblock_buffer-ac617e59152c2d40.rmeta
 INFO rustc_metadata::locator lib candidate: /evidence/target/debug/deps/libcfg_if-351d99d93356e30d.rlib
 INFO rustc_metadata::locator lib candidate: /evidence/target/debug/deps/libcfg_if-351d99d93356e30d.rmeta
 INFO rustc_metadata::locator rmeta reading metadata from: /evidence/target/debug/deps/libcfg_if-351d99d93356e30d.rmeta
 INFO rustc_metadata::locator lib candidate: /evidence/target/debug/deps/libthiserror-07e31c065c104b48.rlib
 INFO rustc_metadata::locator lib candidate: /evidence/target/debug/deps/libthiserror-07e31c065c104b48.rmeta
 INFO rustc_metadata::locator rmeta reading metadata from: /evidence/target/debug/deps/libthiserror-07e31c065c104b48.rmeta
 INFO rustc_metadata::locator lib candidate: /evidence/target/debug/deps/libthiserror_impl-4595eaec74c6974c.so
 INFO rustc_metadata::locator dylib reading metadata from: /evidence/target/debug/deps/libthiserror_impl-4595eaec74c6974c.so
 INFO rustc_metadata::locator Rejecting via proc macro: expected false got true
 INFO rustc_metadata::locator metadata mismatch
 INFO rustc_metadata::locator lib candidate: /evidence/target/debug/deps/libthiserror_impl-4595eaec74c6974c.so
 INFO rustc_metadata::locator lib candidate: /evidence/target/debug/deps/libthiserror_impl-4595eaec74c6974c.so
 INFO rustc_metadata::locator dylib reading metadata from: /evidence/target/debug/deps/libthiserror_impl-4595eaec74c6974c.so
 INFO rustc_metadata::locator lib candidate: /evidence/target/debug/deps/libserde_jcs-a7e9c10d7b08fa36.rlib
 INFO rustc_metadata::locator lib candidate: /evidence/target/debug/deps/libserde_jcs-a7e9c10d7b08fa36.rmeta
 INFO rustc_metadata::locator rmeta reading metadata from: /evidence/target/debug/deps/libserde_jcs-a7e9c10d7b08fa36.rmeta
 INFO rustc_metadata::locator lib candidate: /evidence/target/debug/deps/libryu_js-4a94eac673420f44.rlib
 INFO rustc_metadata::locator lib candidate: /evidence/target/debug/deps/libryu_js-4a94eac673420f44.rmeta
 INFO rustc_metadata::locator rmeta reading metadata from: /evidence/target/debug/deps/libryu_js-4a94eac673420f44.rmeta
 INFO rustc_metadata::locator lib candidate: /evidence/target/debug/deps/libuuid-10bf73c9022f40b5.rlib
 INFO rustc_metadata::locator lib candidate: /evidence/target/debug/deps/libuuid-10bf73c9022f40b5.rmeta
 INFO rustc_metadata::locator rmeta reading metadata from: /evidence/target/debug/deps/libuuid-10bf73c9022f40b5.rmeta
 INFO rustc_metadata::locator lib candidate: /evidence/target/debug/deps/libgetrandom-85bc01ee6776ef35.rlib
 INFO rustc_metadata::locator lib candidate: /evidence/target/debug/deps/libgetrandom-85bc01ee6776ef35.rmeta
 INFO rustc_metadata::locator rmeta reading metadata from: /evidence/target/debug/deps/libgetrandom-85bc01ee6776ef35.rmeta
 INFO rustc_metadata::locator lib candidate: /evidence/target/debug/deps/liblibc-289269b039bba117.rlib
 INFO rustc_metadata::locator lib candidate: /evidence/target/debug/deps/liblibc-289269b039bba117.rmeta
 INFO rustc_metadata::locator rmeta reading metadata from: /evidence/target/debug/deps/liblibc-289269b039bba117.rmeta
 INFO rustc_metadata::locator lib candidate: /usr/local/rustup/toolchains/1.98.1-aarch64-unknown-linux-gnu/lib/rustlib/aarch64-unknown-linux-gnu/lib/libstd-96c9fe7a07d47cf2.rlib
 INFO rustc_metadata::locator lib candidate: /usr/local/rustup/toolchains/1.98.1-aarch64-unknown-linux-gnu/lib/rustlib/aarch64-unknown-linux-gnu/lib/libstd_detect-744cebc7daba8a68.rlib
 INFO rustc_metadata::locator lib candidate: /usr/local/rustup/toolchains/1.98.1-aarch64-unknown-linux-gnu/lib/rustlib/aarch64-unknown-linux-gnu/lib/libstd-96c9fe7a07d47cf2.rmeta
 INFO rustc_metadata::locator lib candidate: /usr/local/rustup/toolchains/1.98.1-aarch64-unknown-linux-gnu/lib/rustlib/aarch64-unknown-linux-gnu/lib/libstd_detect-744cebc7daba8a68.rmeta
 INFO rustc_metadata::locator lib candidate: /usr/local/rustup/toolchains/1.98.1-aarch64-unknown-linux-gnu/lib/rustlib/aarch64-unknown-linux-gnu/lib/libstd-96c9fe7a07d47cf2.so
 INFO rustc_metadata::locator rmeta reading metadata from: /usr/local/rustup/toolchains/1.98.1-aarch64-unknown-linux-gnu/lib/rustlib/aarch64-unknown-linux-gnu/lib/libstd-96c9fe7a07d47cf2.rmeta
 INFO rustc_metadata::locator rmeta reading metadata from: /usr/local/rustup/toolchains/1.98.1-aarch64-unknown-linux-gnu/lib/rustlib/aarch64-unknown-linux-gnu/lib/libstd_detect-744cebc7daba8a68.rmeta
 INFO rustc_metadata::locator Rejecting via crate name
 INFO rustc_metadata::locator metadata mismatch
 INFO rustc_metadata::locator rlib reading metadata from: /usr/local/rustup/toolchains/1.98.1-aarch64-unknown-linux-gnu/lib/rustlib/aarch64-unknown-linux-gnu/lib/libstd_detect-744cebc7daba8a68.rlib
 INFO rustc_metadata::locator Rejecting via crate name
 INFO rustc_metadata::locator metadata mismatch
 INFO rustc_metadata::locator rmeta reading metadata from: /evidence/target/debug/deps/librusqlite-3b427659af6e04d7.rmeta
 INFO rustc_metadata::locator lib candidate: /evidence/target/debug/deps/libfallible_iterator-df3754dc8841f3cd.rlib
 INFO rustc_metadata::locator lib candidate: /evidence/target/debug/deps/libfallible_iterator-df3754dc8841f3cd.rmeta
 INFO rustc_metadata::locator rmeta reading metadata from: /evidence/target/debug/deps/libfallible_iterator-df3754dc8841f3cd.rmeta
 INFO rustc_metadata::locator lib candidate: /evidence/target/debug/deps/libfallible_streaming_iterator-95b74a03303b316f.rlib
 INFO rustc_metadata::locator lib candidate: /evidence/target/debug/deps/libfallible_streaming_iterator-95b74a03303b316f.rmeta
 INFO rustc_metadata::locator rmeta reading metadata from: /evidence/target/debug/deps/libfallible_streaming_iterator-95b74a03303b316f.rmeta
 INFO rustc_metadata::locator lib candidate: /evidence/target/debug/deps/liblibsqlite3_sys-fa101a01a8f434c6.rlib
 INFO rustc_metadata::locator lib candidate: /evidence/target/debug/deps/liblibsqlite3_sys-fa101a01a8f434c6.rmeta
 INFO rustc_metadata::locator rmeta reading metadata from: /evidence/target/debug/deps/liblibsqlite3_sys-fa101a01a8f434c6.rmeta
 INFO rustc_metadata::locator lib candidate: /evidence/target/debug/deps/libhashlink-2576bb39cf95ce8f.rlib
 INFO rustc_metadata::locator lib candidate: /evidence/target/debug/deps/libhashlink-2576bb39cf95ce8f.rmeta
 INFO rustc_metadata::locator rmeta reading metadata from: /evidence/target/debug/deps/libhashlink-2576bb39cf95ce8f.rmeta
 INFO rustc_metadata::locator lib candidate: /evidence/target/debug/deps/libhashbrown-524905c6d9ffb340.rlib
 INFO rustc_metadata::locator lib candidate: /evidence/target/debug/deps/libhashbrown-524905c6d9ffb340.rmeta
 INFO rustc_metadata::locator rmeta reading metadata from: /evidence/target/debug/deps/libhashbrown-524905c6d9ffb340.rmeta
 INFO rustc_metadata::locator lib candidate: /evidence/target/debug/deps/libfoldhash-b155e1a4134d8a92.rlib
 INFO rustc_metadata::locator lib candidate: /evidence/target/debug/deps/libfoldhash-b155e1a4134d8a92.rmeta
 INFO rustc_metadata::locator rmeta reading metadata from: /evidence/target/debug/deps/libfoldhash-b155e1a4134d8a92.rmeta
 INFO rustc_metadata::locator lib candidate: /evidence/target/debug/deps/libsmallvec-bf2a713eef285846.rlib
 INFO rustc_metadata::locator lib candidate: /evidence/target/debug/deps/libsmallvec-bf2a713eef285846.rmeta
 INFO rustc_metadata::locator rmeta reading metadata from: /evidence/target/debug/deps/libsmallvec-bf2a713eef285846.rmeta
 INFO rustc_metadata::locator lib candidate: /evidence/target/debug/deps/libbitflags-78c58f5cfbdecd4f.rlib
 INFO rustc_metadata::locator lib candidate: /evidence/target/debug/deps/libbitflags-78c58f5cfbdecd4f.rmeta
 INFO rustc_metadata::locator rmeta reading metadata from: /evidence/target/debug/deps/libbitflags-78c58f5cfbdecd4f.rmeta
 INFO rustc_metadata::locator rmeta reading metadata from: /evidence/target/debug/deps/librx_domain-604adb34f600faa7.rmeta
 INFO rustc_metadata::locator rmeta reading metadata from: /evidence/target/debug/deps/libserde-d6d8ecf1f3014f69.rmeta
 INFO rustc_metadata::locator rmeta reading metadata from: /evidence/target/debug/deps/librx_ports-4fb1315306ceee2b.rmeta
 INFO rustc_metadata::locator lib candidate: /usr/local/rustup/toolchains/1.98.1-aarch64-unknown-linux-gnu/lib/rustlib/aarch64-unknown-linux-gnu/lib/libstd-96c9fe7a07d47cf2.rlib
 INFO rustc_metadata::locator lib candidate: /usr/local/rustup/toolchains/1.98.1-aarch64-unknown-linux-gnu/lib/rustlib/aarch64-unknown-linux-gnu/lib/libstd_detect-744cebc7daba8a68.rlib
 INFO rustc_metadata::locator lib candidate: /usr/local/rustup/toolchains/1.98.1-aarch64-unknown-linux-gnu/lib/rustlib/aarch64-unknown-linux-gnu/lib/libstd-96c9fe7a07d47cf2.rmeta
 INFO rustc_metadata::locator lib candidate: /usr/local/rustup/toolchains/1.98.1-aarch64-unknown-linux-gnu/lib/rustlib/aarch64-unknown-linux-gnu/lib/libstd_detect-744cebc7daba8a68.rmeta
 INFO rustc_metadata::locator lib candidate: /usr/local/rustup/toolchains/1.98.1-aarch64-unknown-linux-gnu/lib/rustlib/aarch64-unknown-linux-gnu/lib/libstd-96c9fe7a07d47cf2.so
 INFO rustc_metadata::locator rmeta reading metadata from: /usr/local/rustup/toolchains/1.98.1-aarch64-unknown-linux-gnu/lib/rustlib/aarch64-unknown-linux-gnu/lib/libstd-96c9fe7a07d47cf2.rmeta
 INFO rustc_metadata::locator rmeta reading metadata from: /usr/local/rustup/toolchains/1.98.1-aarch64-unknown-linux-gnu/lib/rustlib/aarch64-unknown-linux-gnu/lib/libstd_detect-744cebc7daba8a68.rmeta
 INFO rustc_metadata::locator Rejecting via crate name
 INFO rustc_metadata::locator metadata mismatch
 INFO rustc_metadata::locator rlib reading metadata from: /usr/local/rustup/toolchains/1.98.1-aarch64-unknown-linux-gnu/lib/rustlib/aarch64-unknown-linux-gnu/lib/libstd_detect-744cebc7daba8a68.rlib
 INFO rustc_metadata::locator Rejecting via crate name
 INFO rustc_metadata::locator metadata mismatch
 INFO rustc_metadata::locator rmeta reading metadata from: /evidence/target/debug/deps/librusqlite-3b427659af6e04d7.rmeta
 INFO rustc_metadata::locator rmeta reading metadata from: /evidence/target/debug/deps/librx_domain-604adb34f600faa7.rmeta
 INFO rustc_metadata::locator rmeta reading metadata from: /evidence/target/debug/deps/libserde-d6d8ecf1f3014f69.rmeta
 INFO rustc_metadata::locator rmeta reading metadata from: /evidence/target/debug/deps/librustix-99c2fd42b5875ba2.rmeta
 INFO rustc_metadata::locator lib candidate: /evidence/target/debug/deps/liblinux_raw_sys-39deb64a3f2230ca.rlib
 INFO rustc_metadata::locator lib candidate: /evidence/target/debug/deps/liblinux_raw_sys-39deb64a3f2230ca.rmeta
 INFO rustc_metadata::locator rmeta reading metadata from: /evidence/target/debug/deps/liblinux_raw_sys-39deb64a3f2230ca.rmeta
   Compiling rx-supervisor v0.1.0 (/source/runtime/rx-supervisor)
     Running `CARGO=/usr/local/rustup/toolchains/1.98.1-aarch64-unknown-linux-gnu/bin/cargo CARGO_CRATE_NAME=rx_supervisor CARGO_MANIFEST_DIR=/source/runtime/rx-supervisor CARGO_MANIFEST_PATH=/source/runtime/rx-supervisor/Cargo.toml CARGO_PKG_AUTHORS='' CARGO_PKG_DESCRIPTION='' CARGO_PKG_HOMEPAGE='' CARGO_PKG_LICENSE=Apache-2.0 CARGO_PKG_LICENSE_FILE='' CARGO_PKG_NAME=rx-supervisor CARGO_PKG_README=README.md CARGO_PKG_REPOSITORY='' CARGO_PKG_RUST_VERSION='' CARGO_PKG_VERSION=0.1.0 CARGO_PKG_VERSION_MAJOR=0 CARGO_PKG_VERSION_MINOR=1 CARGO_PKG_VERSION_PATCH=0 CARGO_PKG_VERSION_PRE='' CARGO_PRIMARY_PACKAGE=1 LD_LIBRARY_PATH='/evidence/target/debug/deps:/usr/local/rustup/toolchains/1.98.1-aarch64-unknown-linux-gnu/lib' /usr/local/rustup/toolchains/1.98.1-aarch64-unknown-linux-gnu/bin/rustc --crate-name rx_supervisor --edition=2024 runtime/rx-supervisor/src/lib.rs --error-format=json --json=diagnostic-rendered-ansi,artifacts,future-incompat --crate-type lib --emit=dep-info,metadata,link -C embed-bitcode=no -C debuginfo=2 --forbid=unsafe_code '--warn=clippy::all' --check-cfg 'cfg(docsrs,test)' --check-cfg 'cfg(feature, values())' -C metadata=722e0686b6d1385f -C extra-filename=-786f072476d4c073 --out-dir /evidence/target/debug/deps -C incremental=/evidence/target/debug/incremental -L dependency=/evidence/target/debug/deps --extern rustix=/evidence/target/debug/deps/librustix-99c2fd42b5875ba2.rmeta --extern rx_domain=/evidence/target/debug/deps/librx_domain-604adb34f600faa7.rmeta --extern rx_package=/evidence/target/debug/deps/librx_package-26fea21b4d8d651b.rmeta --extern rx_ports=/evidence/target/debug/deps/librx_ports-4fb1315306ceee2b.rmeta --extern rx_service_status=/evidence/target/debug/deps/librx_service_status-090ec8556636269b.rmeta --extern rx_solution_catalog=/evidence/target/debug/deps/librx_solution_catalog-5e4212b4a7b19a39.rmeta --extern rx_storage=/evidence/target/debug/deps/librx_storage-ae99c231a105c93d.rmeta --extern serde=/evidence/target/debug/deps/libserde-d6d8ecf1f3014f69.rmeta --extern serde_json=/evidence/target/debug/deps/libserde_json-11abb16a171c35d7.rmeta --extern sha2=/evidence/target/debug/deps/libsha2-87c2a29f79131b25.rmeta --extern thiserror=/evidence/target/debug/deps/libthiserror-07e31c065c104b48.rmeta --extern tokio=/evidence/target/debug/deps/libtokio-044bf9ed74f19349.rmeta --extern uuid=/evidence/target/debug/deps/libuuid-10bf73c9022f40b5.rmeta -L native=/evidence/target/debug/build/libsqlite3-sys-4f80f2c42769dc07/out`
 INFO rustc_metadata::locator lib candidate: /usr/local/rustup/toolchains/1.98.1-aarch64-unknown-linux-gnu/lib/rustlib/aarch64-unknown-linux-gnu/lib/libstd-96c9fe7a07d47cf2.rlib
 INFO rustc_metadata::locator lib candidate: /usr/local/rustup/toolchains/1.98.1-aarch64-unknown-linux-gnu/lib/rustlib/aarch64-unknown-linux-gnu/lib/libstd_detect-744cebc7daba8a68.rlib
 INFO rustc_metadata::locator lib candidate: /usr/local/rustup/toolchains/1.98.1-aarch64-unknown-linux-gnu/lib/rustlib/aarch64-unknown-linux-gnu/lib/libstd-96c9fe7a07d47cf2.rmeta
 INFO rustc_metadata::locator lib candidate: /usr/local/rustup/toolchains/1.98.1-aarch64-unknown-linux-gnu/lib/rustlib/aarch64-unknown-linux-gnu/lib/libstd_detect-744cebc7daba8a68.rmeta
 INFO rustc_metadata::locator lib candidate: /usr/local/rustup/toolchains/1.98.1-aarch64-unknown-linux-gnu/lib/rustlib/aarch64-unknown-linux-gnu/lib/libstd-96c9fe7a07d47cf2.so
 INFO rustc_metadata::locator rmeta reading metadata from: /usr/local/rustup/toolchains/1.98.1-aarch64-unknown-linux-gnu/lib/rustlib/aarch64-unknown-linux-gnu/lib/libstd-96c9fe7a07d47cf2.rmeta
 INFO rustc_metadata::locator rmeta reading metadata from: /usr/local/rustup/toolchains/1.98.1-aarch64-unknown-linux-gnu/lib/rustlib/aarch64-unknown-linux-gnu/lib/libstd_detect-744cebc7daba8a68.rmeta
 INFO rustc_metadata::locator Rejecting via crate name
 INFO rustc_metadata::locator metadata mismatch
 INFO rustc_metadata::locator rlib reading metadata from: /usr/local/rustup/toolchains/1.98.1-aarch64-unknown-linux-gnu/lib/rustlib/aarch64-unknown-linux-gnu/lib/libstd_detect-744cebc7daba8a68.rlib
 INFO rustc_metadata::locator Rejecting via crate name
 INFO rustc_metadata::locator metadata mismatch
 INFO rustc_metadata::locator lib candidate: /usr/local/rustup/toolchains/1.98.1-aarch64-unknown-linux-gnu/lib/rustlib/aarch64-unknown-linux-gnu/lib/libcore-276de952897abe1c.rlib
 INFO rustc_metadata::locator lib candidate: /usr/local/rustup/toolchains/1.98.1-aarch64-unknown-linux-gnu/lib/rustlib/aarch64-unknown-linux-gnu/lib/libcore-276de952897abe1c.rmeta
 INFO rustc_metadata::locator rmeta reading metadata from: /usr/local/rustup/toolchains/1.98.1-aarch64-unknown-linux-gnu/lib/rustlib/aarch64-unknown-linux-gnu/lib/libcore-276de952897abe1c.rmeta
 INFO rustc_metadata::locator lib candidate: /usr/local/rustup/toolchains/1.98.1-aarch64-unknown-linux-gnu/lib/rustlib/aarch64-unknown-linux-gnu/lib/liballoc-5ed91a8779ad9241.rlib
 INFO rustc_metadata::locator lib candidate: /usr/local/rustup/toolchains/1.98.1-aarch64-unknown-linux-gnu/lib/rustlib/aarch64-unknown-linux-gnu/lib/liballoc-5ed91a8779ad9241.rmeta
 INFO rustc_metadata::locator rmeta reading metadata from: /usr/local/rustup/toolchains/1.98.1-aarch64-unknown-linux-gnu/lib/rustlib/aarch64-unknown-linux-gnu/lib/liballoc-5ed91a8779ad9241.rmeta
 INFO rustc_metadata::locator lib candidate: /usr/local/rustup/toolchains/1.98.1-aarch64-unknown-linux-gnu/lib/rustlib/aarch64-unknown-linux-gnu/lib/libcompiler_builtins-bd0d6dc1a63d46e8.rlib
 INFO rustc_metadata::locator lib candidate: /usr/local/rustup/toolchains/1.98.1-aarch64-unknown-linux-gnu/lib/rustlib/aarch64-unknown-linux-gnu/lib/libcompiler_builtins-bd0d6dc1a63d46e8.rmeta
 INFO rustc_metadata::locator rmeta reading metadata from: /usr/local/rustup/toolchains/1.98.1-aarch64-unknown-linux-gnu/lib/rustlib/aarch64-unknown-linux-gnu/lib/libcompiler_builtins-bd0d6dc1a63d46e8.rmeta
 INFO rustc_metadata::locator lib candidate: /usr/local/rustup/toolchains/1.98.1-aarch64-unknown-linux-gnu/lib/rustlib/aarch64-unknown-linux-gnu/lib/liblibc-d4267515c636bbd5.rlib
 INFO rustc_metadata::locator lib candidate: /usr/local/rustup/toolchains/1.98.1-aarch64-unknown-linux-gnu/lib/rustlib/aarch64-unknown-linux-gnu/lib/liblibc-d4267515c636bbd5.rmeta
 INFO rustc_metadata::locator rmeta reading metadata from: /usr/local/rustup/toolchains/1.98.1-aarch64-unknown-linux-gnu/lib/rustlib/aarch64-unknown-linux-gnu/lib/liblibc-d4267515c636bbd5.rmeta
 INFO rustc_metadata::locator lib candidate: /usr/local/rustup/toolchains/1.98.1-aarch64-unknown-linux-gnu/lib/rustlib/aarch64-unknown-linux-gnu/lib/librustc_std_workspace_core-60f5aed5b0be39ba.rlib
 INFO rustc_metadata::locator lib candidate: /usr/local/rustup/toolchains/1.98.1-aarch64-unknown-linux-gnu/lib/rustlib/aarch64-unknown-linux-gnu/lib/librustc_std_workspace_core-60f5aed5b0be39ba.rmeta
 INFO rustc_metadata::locator rmeta reading metadata from: /usr/local/rustup/toolchains/1.98.1-aarch64-unknown-linux-gnu/lib/rustlib/aarch64-unknown-linux-gnu/lib/librustc_std_workspace_core-60f5aed5b0be39ba.rmeta
 INFO rustc_metadata::locator lib candidate: /usr/local/rustup/toolchains/1.98.1-aarch64-unknown-linux-gnu/lib/rustlib/aarch64-unknown-linux-gnu/lib/libunwind-0d91334590e8fac0.rlib
 INFO rustc_metadata::locator lib candidate: /usr/local/rustup/toolchains/1.98.1-aarch64-unknown-linux-gnu/lib/rustlib/aarch64-unknown-linux-gnu/lib/libunwind-0d91334590e8fac0.rmeta
 INFO rustc_metadata::locator rmeta reading metadata from: /usr/local/rustup/toolchains/1.98.1-aarch64-unknown-linux-gnu/lib/rustlib/aarch64-unknown-linux-gnu/lib/libunwind-0d91334590e8fac0.rmeta
 INFO rustc_metadata::locator lib candidate: /usr/local/rustup/toolchains/1.98.1-aarch64-unknown-linux-gnu/lib/rustlib/aarch64-unknown-linux-gnu/lib/libminiz_oxide-fd627a3cab0f8638.rlib
 INFO rustc_metadata::locator lib candidate: /usr/local/rustup/toolchains/1.98.1-aarch64-unknown-linux-gnu/lib/rustlib/aarch64-unknown-linux-gnu/lib/libminiz_oxide-fd627a3cab0f8638.rmeta
 INFO rustc_metadata::locator rmeta reading metadata from: /usr/local/rustup/toolchains/1.98.1-aarch64-unknown-linux-gnu/lib/rustlib/aarch64-unknown-linux-gnu/lib/libminiz_oxide-fd627a3cab0f8638.rmeta
 INFO rustc_metadata::locator lib candidate: /usr/local/rustup/toolchains/1.98.1-aarch64-unknown-linux-gnu/lib/rustlib/aarch64-unknown-linux-gnu/lib/libadler2-49f29a8856c93b22.rlib
 INFO rustc_metadata::locator lib candidate: /usr/local/rustup/toolchains/1.98.1-aarch64-unknown-linux-gnu/lib/rustlib/aarch64-unknown-linux-gnu/lib/libadler2-49f29a8856c93b22.rmeta
 INFO rustc_metadata::locator rmeta reading metadata from: /usr/local/rustup/toolchains/1.98.1-aarch64-unknown-linux-gnu/lib/rustlib/aarch64-unknown-linux-gnu/lib/libadler2-49f29a8856c93b22.rmeta
 INFO rustc_metadata::locator lib candidate: /usr/local/rustup/toolchains/1.98.1-aarch64-unknown-linux-gnu/lib/rustlib/aarch64-unknown-linux-gnu/lib/libhashbrown-59d69e789b093c2f.rlib
 INFO rustc_metadata::locator lib candidate: /usr/local/rustup/toolchains/1.98.1-aarch64-unknown-linux-gnu/lib/rustlib/aarch64-unknown-linux-gnu/lib/libhashbrown-59d69e789b093c2f.rmeta
 INFO rustc_metadata::locator rmeta reading metadata from: /usr/local/rustup/toolchains/1.98.1-aarch64-unknown-linux-gnu/lib/rustlib/aarch64-unknown-linux-gnu/lib/libhashbrown-59d69e789b093c2f.rmeta
 INFO rustc_metadata::locator lib candidate: /usr/local/rustup/toolchains/1.98.1-aarch64-unknown-linux-gnu/lib/rustlib/aarch64-unknown-linux-gnu/lib/librustc_std_workspace_alloc-21af30201253cbfb.rlib
 INFO rustc_metadata::locator lib candidate: /usr/local/rustup/toolchains/1.98.1-aarch64-unknown-linux-gnu/lib/rustlib/aarch64-unknown-linux-gnu/lib/librustc_std_workspace_alloc-21af30201253cbfb.rmeta
 INFO rustc_metadata::locator rmeta reading metadata from: /usr/local/rustup/toolchains/1.98.1-aarch64-unknown-linux-gnu/lib/rustlib/aarch64-unknown-linux-gnu/lib/librustc_std_workspace_alloc-21af30201253cbfb.rmeta
 INFO rustc_metadata::locator lib candidate: /usr/local/rustup/toolchains/1.98.1-aarch64-unknown-linux-gnu/lib/rustlib/aarch64-unknown-linux-gnu/lib/libstd_detect-744cebc7daba8a68.rlib
 INFO rustc_metadata::locator lib candidate: /usr/local/rustup/toolchains/1.98.1-aarch64-unknown-linux-gnu/lib/rustlib/aarch64-unknown-linux-gnu/lib/libstd_detect-744cebc7daba8a68.rmeta
 INFO rustc_metadata::locator rmeta reading metadata from: /usr/local/rustup/toolchains/1.98.1-aarch64-unknown-linux-gnu/lib/rustlib/aarch64-unknown-linux-gnu/lib/libstd_detect-744cebc7daba8a68.rmeta
 INFO rustc_metadata::locator lib candidate: /usr/local/rustup/toolchains/1.98.1-aarch64-unknown-linux-gnu/lib/rustlib/aarch64-unknown-linux-gnu/lib/librustc_demangle-4f11a1d3df1ceb19.rlib
 INFO rustc_metadata::locator lib candidate: /usr/local/rustup/toolchains/1.98.1-aarch64-unknown-linux-gnu/lib/rustlib/aarch64-unknown-linux-gnu/lib/librustc_demangle-4f11a1d3df1ceb19.rmeta
 INFO rustc_metadata::locator rmeta reading metadata from: /usr/local/rustup/toolchains/1.98.1-aarch64-unknown-linux-gnu/lib/rustlib/aarch64-unknown-linux-gnu/lib/librustc_demangle-4f11a1d3df1ceb19.rmeta
 INFO rustc_metadata::locator lib candidate: /usr/local/rustup/toolchains/1.98.1-aarch64-unknown-linux-gnu/lib/rustlib/aarch64-unknown-linux-gnu/lib/libcfg_if-4cb5d4e7ecc5ab9b.rlib
 INFO rustc_metadata::locator lib candidate: /usr/local/rustup/toolchains/1.98.1-aarch64-unknown-linux-gnu/lib/rustlib/aarch64-unknown-linux-gnu/lib/libcfg_if-4cb5d4e7ecc5ab9b.rmeta
 INFO rustc_metadata::locator rmeta reading metadata from: /usr/local/rustup/toolchains/1.98.1-aarch64-unknown-linux-gnu/lib/rustlib/aarch64-unknown-linux-gnu/lib/libcfg_if-4cb5d4e7ecc5ab9b.rmeta
 INFO rustc_metadata::locator lib candidate: /usr/local/rustup/toolchains/1.98.1-aarch64-unknown-linux-gnu/lib/rustlib/aarch64-unknown-linux-gnu/lib/libaddr2line-c9b51fa144ecb69d.rlib
 INFO rustc_metadata::locator lib candidate: /usr/local/rustup/toolchains/1.98.1-aarch64-unknown-linux-gnu/lib/rustlib/aarch64-unknown-linux-gnu/lib/libaddr2line-c9b51fa144ecb69d.rmeta
 INFO rustc_metadata::locator rmeta reading metadata from: /usr/local/rustup/toolchains/1.98.1-aarch64-unknown-linux-gnu/lib/rustlib/aarch64-unknown-linux-gnu/lib/libaddr2line-c9b51fa144ecb69d.rmeta
 INFO rustc_metadata::locator lib candidate: /usr/local/rustup/toolchains/1.98.1-aarch64-unknown-linux-gnu/lib/rustlib/aarch64-unknown-linux-gnu/lib/libgimli-f28aeee62441776d.rlib
 INFO rustc_metadata::locator lib candidate: /usr/local/rustup/toolchains/1.98.1-aarch64-unknown-linux-gnu/lib/rustlib/aarch64-unknown-linux-gnu/lib/libgimli-f28aeee62441776d.rmeta
 INFO rustc_metadata::locator rmeta reading metadata from: /usr/local/rustup/toolchains/1.98.1-aarch64-unknown-linux-gnu/lib/rustlib/aarch64-unknown-linux-gnu/lib/libgimli-f28aeee62441776d.rmeta
 INFO rustc_metadata::locator lib candidate: /usr/local/rustup/toolchains/1.98.1-aarch64-unknown-linux-gnu/lib/rustlib/aarch64-unknown-linux-gnu/lib/libobject-d659ca1c4445f0ff.rlib
 INFO rustc_metadata::locator lib candidate: /usr/local/rustup/toolchains/1.98.1-aarch64-unknown-linux-gnu/lib/rustlib/aarch64-unknown-linux-gnu/lib/libobject-d659ca1c4445f0ff.rmeta
 INFO rustc_metadata::locator rmeta reading metadata from: /usr/local/rustup/toolchains/1.98.1-aarch64-unknown-linux-gnu/lib/rustlib/aarch64-unknown-linux-gnu/lib/libobject-d659ca1c4445f0ff.rmeta
 INFO rustc_metadata::locator lib candidate: /usr/local/rustup/toolchains/1.98.1-aarch64-unknown-linux-gnu/lib/rustlib/aarch64-unknown-linux-gnu/lib/libmemchr-740af70dcfdcb340.rlib
 INFO rustc_metadata::locator lib candidate: /usr/local/rustup/toolchains/1.98.1-aarch64-unknown-linux-gnu/lib/rustlib/aarch64-unknown-linux-gnu/lib/libmemchr-740af70dcfdcb340.rmeta
 INFO rustc_metadata::locator rmeta reading metadata from: /usr/local/rustup/toolchains/1.98.1-aarch64-unknown-linux-gnu/lib/rustlib/aarch64-unknown-linux-gnu/lib/libmemchr-740af70dcfdcb340.rmeta
 INFO rustc_metadata::locator lib candidate: /usr/local/rustup/toolchains/1.98.1-aarch64-unknown-linux-gnu/lib/rustlib/aarch64-unknown-linux-gnu/lib/libpanic_unwind-84356f769662edfe.rlib
 INFO rustc_metadata::locator lib candidate: /usr/local/rustup/toolchains/1.98.1-aarch64-unknown-linux-gnu/lib/rustlib/aarch64-unknown-linux-gnu/lib/libpanic_unwind-84356f769662edfe.rmeta
 INFO rustc_metadata::locator rmeta reading metadata from: /usr/local/rustup/toolchains/1.98.1-aarch64-unknown-linux-gnu/lib/rustlib/aarch64-unknown-linux-gnu/lib/libpanic_unwind-84356f769662edfe.rmeta
 INFO rustc_metadata::locator rmeta reading metadata from: /evidence/target/debug/deps/librx_domain-604adb34f600faa7.rmeta
 INFO rustc_metadata::locator lib candidate: /evidence/target/debug/deps/libserde-d6d8ecf1f3014f69.rlib
 INFO rustc_metadata::locator lib candidate: /evidence/target/debug/deps/libserde-d6d8ecf1f3014f69.rmeta
 INFO rustc_metadata::locator rmeta reading metadata from: /evidence/target/debug/deps/libserde-d6d8ecf1f3014f69.rmeta
 INFO rustc_metadata::locator lib candidate: /evidence/target/debug/deps/libserde_derive-433728bc0d92981e.so
 INFO rustc_metadata::locator dylib reading metadata from: /evidence/target/debug/deps/libserde_derive-433728bc0d92981e.so
 INFO rustc_metadata::locator Rejecting via proc macro: expected false got true
 INFO rustc_metadata::locator metadata mismatch
 INFO rustc_metadata::locator lib candidate: /evidence/target/debug/deps/libserde_derive-433728bc0d92981e.so
 INFO rustc_metadata::locator lib candidate: /evidence/target/debug/deps/libserde_derive-433728bc0d92981e.so
 INFO rustc_metadata::locator dylib reading metadata from: /evidence/target/debug/deps/libserde_derive-433728bc0d92981e.so
 INFO rustc_metadata::locator lib candidate: /evidence/target/debug/deps/libserde_core-6f42655a3fc1afa3.rlib
 INFO rustc_metadata::locator lib candidate: /evidence/target/debug/deps/libserde_core-6f42655a3fc1afa3.rmeta
 INFO rustc_metadata::locator rmeta reading metadata from: /evidence/target/debug/deps/libserde_core-6f42655a3fc1afa3.rmeta
 INFO rustc_metadata::locator lib candidate: /evidence/target/debug/deps/libserde_json-11abb16a171c35d7.rlib
 INFO rustc_metadata::locator lib candidate: /evidence/target/debug/deps/libserde_json-11abb16a171c35d7.rmeta
 INFO rustc_metadata::locator rmeta reading metadata from: /evidence/target/debug/deps/libserde_json-11abb16a171c35d7.rmeta
 INFO rustc_metadata::locator lib candidate: /evidence/target/debug/deps/libitoa-e102cd1e89c6b445.rlib
 INFO rustc_metadata::locator lib candidate: /evidence/target/debug/deps/libitoa-e102cd1e89c6b445.rmeta
 INFO rustc_metadata::locator rmeta reading metadata from: /evidence/target/debug/deps/libitoa-e102cd1e89c6b445.rmeta
 INFO rustc_metadata::locator lib candidate: /evidence/target/debug/deps/libzmij-a028af3cf5c0c27b.rlib
 INFO rustc_metadata::locator lib candidate: /evidence/target/debug/deps/libzmij-a028af3cf5c0c27b.rmeta
 INFO rustc_metadata::locator rmeta reading metadata from: /evidence/target/debug/deps/libzmij-a028af3cf5c0c27b.rmeta
 INFO rustc_metadata::locator lib candidate: /evidence/target/debug/deps/libmemchr-8362a2c5edc2d889.rlib
 INFO rustc_metadata::locator lib candidate: /evidence/target/debug/deps/libmemchr-8362a2c5edc2d889.rmeta
 INFO rustc_metadata::locator rmeta reading metadata from: /evidence/target/debug/deps/libmemchr-8362a2c5edc2d889.rmeta
 INFO rustc_metadata::locator lib candidate: /evidence/target/debug/deps/libsha2-87c2a29f79131b25.rlib
 INFO rustc_metadata::locator lib candidate: /evidence/target/debug/deps/libsha2-87c2a29f79131b25.rmeta
 INFO rustc_metadata::locator rmeta reading metadata from: /evidence/target/debug/deps/libsha2-87c2a29f79131b25.rmeta
 INFO rustc_metadata::locator lib candidate: /evidence/target/debug/deps/libdigest-2f251867783bd5a4.rlib
 INFO rustc_metadata::locator lib candidate: /evidence/target/debug/deps/libdigest-2f251867783bd5a4.rmeta
 INFO rustc_metadata::locator rmeta reading metadata from: /evidence/target/debug/deps/libdigest-2f251867783bd5a4.rmeta
 INFO rustc_metadata::locator lib candidate: /evidence/target/debug/deps/libcrypto_common-b0f7f891cf9945a7.rlib
 INFO rustc_metadata::locator lib candidate: /evidence/target/debug/deps/libcrypto_common-b0f7f891cf9945a7.rmeta
 INFO rustc_metadata::locator rmeta reading metadata from: /evidence/target/debug/deps/libcrypto_common-b0f7f891cf9945a7.rmeta
 INFO rustc_metadata::locator lib candidate: /evidence/target/debug/deps/libgeneric_array-9ab4e04c59dd2c19.rlib
 INFO rustc_metadata::locator lib candidate: /evidence/target/debug/deps/libgeneric_array-9ab4e04c59dd2c19.rmeta
 INFO rustc_metadata::locator rmeta reading metadata from: /evidence/target/debug/deps/libgeneric_array-9ab4e04c59dd2c19.rmeta
 INFO rustc_metadata::locator lib candidate: /evidence/target/debug/deps/libtypenum-0d86cd7943364998.rlib
 INFO rustc_metadata::locator lib candidate: /evidence/target/debug/deps/libtypenum-0d86cd7943364998.rmeta
 INFO rustc_metadata::locator rmeta reading metadata from: /evidence/target/debug/deps/libtypenum-0d86cd7943364998.rmeta
 INFO rustc_metadata::locator lib candidate: /evidence/target/debug/deps/libblock_buffer-ac617e59152c2d40.rlib
 INFO rustc_metadata::locator lib candidate: /evidence/target/debug/deps/libblock_buffer-ac617e59152c2d40.rmeta
 INFO rustc_metadata::locator rmeta reading metadata from: /evidence/target/debug/deps/libblock_buffer-ac617e59152c2d40.rmeta
 INFO rustc_metadata::locator lib candidate: /evidence/target/debug/deps/libcfg_if-351d99d93356e30d.rlib
 INFO rustc_metadata::locator lib candidate: /evidence/target/debug/deps/libcfg_if-351d99d93356e30d.rmeta
 INFO rustc_metadata::locator rmeta reading metadata from: /evidence/target/debug/deps/libcfg_if-351d99d93356e30d.rmeta
 INFO rustc_metadata::locator lib candidate: /evidence/target/debug/deps/libthiserror-07e31c065c104b48.rlib
 INFO rustc_metadata::locator lib candidate: /evidence/target/debug/deps/libthiserror-07e31c065c104b48.rmeta
 INFO rustc_metadata::locator rmeta reading metadata from: /evidence/target/debug/deps/libthiserror-07e31c065c104b48.rmeta
 INFO rustc_metadata::locator lib candidate: /evidence/target/debug/deps/libthiserror_impl-4595eaec74c6974c.so
 INFO rustc_metadata::locator dylib reading metadata from: /evidence/target/debug/deps/libthiserror_impl-4595eaec74c6974c.so
 INFO rustc_metadata::locator Rejecting via proc macro: expected false got true
 INFO rustc_metadata::locator metadata mismatch
 INFO rustc_metadata::locator lib candidate: /evidence/target/debug/deps/libthiserror_impl-4595eaec74c6974c.so
 INFO rustc_metadata::locator lib candidate: /evidence/target/debug/deps/libthiserror_impl-4595eaec74c6974c.so
 INFO rustc_metadata::locator dylib reading metadata from: /evidence/target/debug/deps/libthiserror_impl-4595eaec74c6974c.so
 INFO rustc_metadata::locator lib candidate: /evidence/target/debug/deps/libserde_jcs-a7e9c10d7b08fa36.rlib
 INFO rustc_metadata::locator lib candidate: /evidence/target/debug/deps/libserde_jcs-a7e9c10d7b08fa36.rmeta
 INFO rustc_metadata::locator rmeta reading metadata from: /evidence/target/debug/deps/libserde_jcs-a7e9c10d7b08fa36.rmeta
 INFO rustc_metadata::locator lib candidate: /evidence/target/debug/deps/libryu_js-4a94eac673420f44.rlib
 INFO rustc_metadata::locator lib candidate: /evidence/target/debug/deps/libryu_js-4a94eac673420f44.rmeta
 INFO rustc_metadata::locator rmeta reading metadata from: /evidence/target/debug/deps/libryu_js-4a94eac673420f44.rmeta
 INFO rustc_metadata::locator lib candidate: /evidence/target/debug/deps/libuuid-10bf73c9022f40b5.rlib
 INFO rustc_metadata::locator lib candidate: /evidence/target/debug/deps/libuuid-10bf73c9022f40b5.rmeta
 INFO rustc_metadata::locator rmeta reading metadata from: /evidence/target/debug/deps/libuuid-10bf73c9022f40b5.rmeta
 INFO rustc_metadata::locator lib candidate: /evidence/target/debug/deps/libgetrandom-85bc01ee6776ef35.rlib
 INFO rustc_metadata::locator lib candidate: /evidence/target/debug/deps/libgetrandom-85bc01ee6776ef35.rmeta
 INFO rustc_metadata::locator rmeta reading metadata from: /evidence/target/debug/deps/libgetrandom-85bc01ee6776ef35.rmeta
 INFO rustc_metadata::locator lib candidate: /evidence/target/debug/deps/liblibc-289269b039bba117.rlib
 INFO rustc_metadata::locator lib candidate: /evidence/target/debug/deps/liblibc-289269b039bba117.rmeta
 INFO rustc_metadata::locator rmeta reading metadata from: /evidence/target/debug/deps/liblibc-289269b039bba117.rmeta
 INFO rustc_metadata::locator lib candidate: /usr/local/rustup/toolchains/1.98.1-aarch64-unknown-linux-gnu/lib/rustlib/aarch64-unknown-linux-gnu/lib/libstd-96c9fe7a07d47cf2.rlib
 INFO rustc_metadata::locator lib candidate: /usr/local/rustup/toolchains/1.98.1-aarch64-unknown-linux-gnu/lib/rustlib/aarch64-unknown-linux-gnu/lib/libstd_detect-744cebc7daba8a68.rlib
 INFO rustc_metadata::locator lib candidate: /usr/local/rustup/toolchains/1.98.1-aarch64-unknown-linux-gnu/lib/rustlib/aarch64-unknown-linux-gnu/lib/libstd-96c9fe7a07d47cf2.rmeta
 INFO rustc_metadata::locator lib candidate: /usr/local/rustup/toolchains/1.98.1-aarch64-unknown-linux-gnu/lib/rustlib/aarch64-unknown-linux-gnu/lib/libstd_detect-744cebc7daba8a68.rmeta
 INFO rustc_metadata::locator lib candidate: /usr/local/rustup/toolchains/1.98.1-aarch64-unknown-linux-gnu/lib/rustlib/aarch64-unknown-linux-gnu/lib/libstd-96c9fe7a07d47cf2.so
 INFO rustc_metadata::locator rmeta reading metadata from: /usr/local/rustup/toolchains/1.98.1-aarch64-unknown-linux-gnu/lib/rustlib/aarch64-unknown-linux-gnu/lib/libstd-96c9fe7a07d47cf2.rmeta
 INFO rustc_metadata::locator rmeta reading metadata from: /usr/local/rustup/toolchains/1.98.1-aarch64-unknown-linux-gnu/lib/rustlib/aarch64-unknown-linux-gnu/lib/libstd_detect-744cebc7daba8a68.rmeta
 INFO rustc_metadata::locator Rejecting via crate name
 INFO rustc_metadata::locator metadata mismatch
 INFO rustc_metadata::locator rlib reading metadata from: /usr/local/rustup/toolchains/1.98.1-aarch64-unknown-linux-gnu/lib/rustlib/aarch64-unknown-linux-gnu/lib/libstd_detect-744cebc7daba8a68.rlib
 INFO rustc_metadata::locator Rejecting via crate name
 INFO rustc_metadata::locator metadata mismatch
 INFO rustc_metadata::locator rmeta reading metadata from: /evidence/target/debug/deps/libserde-d6d8ecf1f3014f69.rmeta
 INFO rustc_metadata::locator rmeta reading metadata from: /evidence/target/debug/deps/librx_package-26fea21b4d8d651b.rmeta
 INFO rustc_metadata::locator lib candidate: /evidence/target/debug/deps/libcap_fs_ext-81cc37eb885e2350.rlib
 INFO rustc_metadata::locator lib candidate: /evidence/target/debug/deps/libcap_fs_ext-81cc37eb885e2350.rmeta
 INFO rustc_metadata::locator rmeta reading metadata from: /evidence/target/debug/deps/libcap_fs_ext-81cc37eb885e2350.rmeta
 INFO rustc_metadata::locator lib candidate: /evidence/target/debug/deps/libcap_primitives-48bf6708e2a71608.rlib
 INFO rustc_metadata::locator lib candidate: /evidence/target/debug/deps/libcap_primitives-48bf6708e2a71608.rmeta
 INFO rustc_metadata::locator rmeta reading metadata from: /evidence/target/debug/deps/libcap_primitives-48bf6708e2a71608.rmeta
 INFO rustc_metadata::locator lib candidate: /evidence/target/debug/deps/librustix-99c2fd42b5875ba2.rlib
 INFO rustc_metadata::locator lib candidate: /evidence/target/debug/deps/librustix-99c2fd42b5875ba2.rmeta
 INFO rustc_metadata::locator rmeta reading metadata from: /evidence/target/debug/deps/librustix-99c2fd42b5875ba2.rmeta
 INFO rustc_metadata::locator lib candidate: /evidence/target/debug/deps/liblinux_raw_sys-39deb64a3f2230ca.rlib
 INFO rustc_metadata::locator lib candidate: /evidence/target/debug/deps/liblinux_raw_sys-39deb64a3f2230ca.rmeta
 INFO rustc_metadata::locator rmeta reading metadata from: /evidence/target/debug/deps/liblinux_raw_sys-39deb64a3f2230ca.rmeta
 INFO rustc_metadata::locator lib candidate: /evidence/target/debug/deps/libbitflags-78c58f5cfbdecd4f.rlib
 INFO rustc_metadata::locator lib candidate: /evidence/target/debug/deps/libbitflags-78c58f5cfbdecd4f.rmeta
 INFO rustc_metadata::locator rmeta reading metadata from: /evidence/target/debug/deps/libbitflags-78c58f5cfbdecd4f.rmeta
 INFO rustc_metadata::locator lib candidate: /evidence/target/debug/deps/libambient_authority-5b184d9ed50157fe.rlib
 INFO rustc_metadata::locator lib candidate: /evidence/target/debug/deps/libambient_authority-5b184d9ed50157fe.rmeta
 INFO rustc_metadata::locator rmeta reading metadata from: /evidence/target/debug/deps/libambient_authority-5b184d9ed50157fe.rmeta
 INFO rustc_metadata::locator lib candidate: /evidence/target/debug/deps/libio_lifetimes-c1ef7d17e7321cf4.rlib
 INFO rustc_metadata::locator lib candidate: /evidence/target/debug/deps/libio_lifetimes-c1ef7d17e7321cf4.rmeta
 INFO rustc_metadata::locator rmeta reading metadata from: /evidence/target/debug/deps/libio_lifetimes-c1ef7d17e7321cf4.rmeta
 INFO rustc_metadata::locator lib candidate: /evidence/target/debug/deps/libio_extras-1a406e7f31a34d97.rlib
 INFO rustc_metadata::locator lib candidate: /evidence/target/debug/deps/libio_extras-1a406e7f31a34d97.rmeta
 INFO rustc_metadata::locator rmeta reading metadata from: /evidence/target/debug/deps/libio_extras-1a406e7f31a34d97.rmeta
 INFO rustc_metadata::locator lib candidate: /evidence/target/debug/deps/librustix_linux_procfs-8b64759b9ecb8c56.rlib
 INFO rustc_metadata::locator lib candidate: /evidence/target/debug/deps/librustix_linux_procfs-8b64759b9ecb8c56.rmeta
 INFO rustc_metadata::locator rmeta reading metadata from: /evidence/target/debug/deps/librustix_linux_procfs-8b64759b9ecb8c56.rmeta
 INFO rustc_metadata::locator lib candidate: /evidence/target/debug/deps/libonce_cell-ffd422e11c4c1e92.rlib
 INFO rustc_metadata::locator lib candidate: /evidence/target/debug/deps/libonce_cell-ffd422e11c4c1e92.rmeta
 INFO rustc_metadata::locator rmeta reading metadata from: /evidence/target/debug/deps/libonce_cell-ffd422e11c4c1e92.rmeta
 INFO rustc_metadata::locator lib candidate: /evidence/target/debug/deps/libmaybe_owned-6930e671efff6c8a.rlib
 INFO rustc_metadata::locator lib candidate: /evidence/target/debug/deps/libmaybe_owned-6930e671efff6c8a.rmeta
 INFO rustc_metadata::locator rmeta reading metadata from: /evidence/target/debug/deps/libmaybe_owned-6930e671efff6c8a.rmeta
 INFO rustc_metadata::locator lib candidate: /evidence/target/debug/deps/libipnet-e1b868830d5d2970.rlib
 INFO rustc_metadata::locator lib candidate: /evidence/target/debug/deps/libipnet-e1b868830d5d2970.rmeta
 INFO rustc_metadata::locator rmeta reading metadata from: /evidence/target/debug/deps/libipnet-e1b868830d5d2970.rmeta
 INFO rustc_metadata::locator lib candidate: /evidence/target/debug/deps/libfs_set_times-a6a37d92d3efc37c.rlib
 INFO rustc_metadata::locator lib candidate: /evidence/target/debug/deps/libfs_set_times-a6a37d92d3efc37c.rmeta
 INFO rustc_metadata::locator rmeta reading metadata from: /evidence/target/debug/deps/libfs_set_times-a6a37d92d3efc37c.rmeta
 INFO rustc_metadata::locator lib candidate: /evidence/target/debug/deps/libio_lifetimes-a8fe4e958e980692.rlib
 INFO rustc_metadata::locator lib candidate: /evidence/target/debug/deps/libio_lifetimes-a8fe4e958e980692.rmeta
 INFO rustc_metadata::locator rmeta reading metadata from: /evidence/target/debug/deps/libio_lifetimes-a8fe4e958e980692.rmeta
 INFO rustc_metadata::locator lib candidate: /evidence/target/debug/deps/libcap_std-1515949f44ca7d5f.rlib
 INFO rustc_metadata::locator lib candidate: /evidence/target/debug/deps/libcap_std-1515949f44ca7d5f.rmeta
 INFO rustc_metadata::locator rmeta reading metadata from: /evidence/target/debug/deps/libcap_std-1515949f44ca7d5f.rmeta
 INFO rustc_metadata::locator lib candidate: /evidence/target/debug/deps/libed25519_dalek-f4dab47b8bae84fe.rlib
 INFO rustc_metadata::locator lib candidate: /evidence/target/debug/deps/libed25519_dalek-f4dab47b8bae84fe.rmeta
 INFO rustc_metadata::locator rmeta reading metadata from: /evidence/target/debug/deps/libed25519_dalek-f4dab47b8bae84fe.rmeta
 INFO rustc_metadata::locator lib candidate: /evidence/target/debug/deps/libed25519-0c10bc87a437ace4.rlib
 INFO rustc_metadata::locator lib candidate: /evidence/target/debug/deps/libed25519-0c10bc87a437ace4.rmeta
 INFO rustc_metadata::locator rmeta reading metadata from: /evidence/target/debug/deps/libed25519-0c10bc87a437ace4.rmeta
 INFO rustc_metadata::locator lib candidate: /evidence/target/debug/deps/libsignature-8f50d4aed0dc4930.rlib
 INFO rustc_metadata::locator lib candidate: /evidence/target/debug/deps/libsignature-8f50d4aed0dc4930.rmeta
 INFO rustc_metadata::locator rmeta reading metadata from: /evidence/target/debug/deps/libsignature-8f50d4aed0dc4930.rmeta
 INFO rustc_metadata::locator lib candidate: /evidence/target/debug/deps/libcurve25519_dalek-d21e31a2e64cdc3f.rlib
 INFO rustc_metadata::locator lib candidate: /evidence/target/debug/deps/libcurve25519_dalek-d21e31a2e64cdc3f.rmeta
 INFO rustc_metadata::locator rmeta reading metadata from: /evidence/target/debug/deps/libcurve25519_dalek-d21e31a2e64cdc3f.rmeta
 INFO rustc_metadata::locator lib candidate: /evidence/target/debug/deps/libdigest-8c4c5624f911cdc8.rlib
 INFO rustc_metadata::locator lib candidate: /evidence/target/debug/deps/libdigest-8c4c5624f911cdc8.rmeta
 INFO rustc_metadata::locator rmeta reading metadata from: /evidence/target/debug/deps/libdigest-8c4c5624f911cdc8.rmeta
 INFO rustc_metadata::locator lib candidate: /evidence/target/debug/deps/libblock_buffer-caa6c6420f30fe81.rlib
 INFO rustc_metadata::locator lib candidate: /evidence/target/debug/deps/libblock_buffer-caa6c6420f30fe81.rmeta
 INFO rustc_metadata::locator rmeta reading metadata from: /evidence/target/debug/deps/libblock_buffer-caa6c6420f30fe81.rmeta
 INFO rustc_metadata::locator lib candidate: /evidence/target/debug/deps/libhybrid_array-23621187ae7f671b.rlib
 INFO rustc_metadata::locator lib candidate: /evidence/target/debug/deps/libhybrid_array-23621187ae7f671b.rmeta
 INFO rustc_metadata::locator rmeta reading metadata from: /evidence/target/debug/deps/libhybrid_array-23621187ae7f671b.rmeta
 INFO rustc_metadata::locator lib candidate: /evidence/target/debug/deps/libcrypto_common-974c5d9814b55439.rlib
 INFO rustc_metadata::locator lib candidate: /evidence/target/debug/deps/libcrypto_common-974c5d9814b55439.rmeta
 INFO rustc_metadata::locator rmeta reading metadata from: /evidence/target/debug/deps/libcrypto_common-974c5d9814b55439.rmeta
 INFO rustc_metadata::locator lib candidate: /evidence/target/debug/deps/libsubtle-191bfb3abf9fd829.rlib
 INFO rustc_metadata::locator lib candidate: /evidence/target/debug/deps/libsubtle-191bfb3abf9fd829.rmeta
 INFO rustc_metadata::locator rmeta reading metadata from: /evidence/target/debug/deps/libsubtle-191bfb3abf9fd829.rmeta
 INFO rustc_metadata::locator lib candidate: /evidence/target/debug/deps/libzeroize-cec3ceb8163a75e0.rlib
 INFO rustc_metadata::locator lib candidate: /evidence/target/debug/deps/libzeroize-cec3ceb8163a75e0.rmeta
 INFO rustc_metadata::locator rmeta reading metadata from: /evidence/target/debug/deps/libzeroize-cec3ceb8163a75e0.rmeta
 INFO rustc_metadata::locator lib candidate: /evidence/target/debug/deps/libsha2-9edbc87a5bc3d9a2.rlib
 INFO rustc_metadata::locator lib candidate: /evidence/target/debug/deps/libsha2-9edbc87a5bc3d9a2.rmeta
 INFO rustc_metadata::locator rmeta reading metadata from: /evidence/target/debug/deps/libsha2-9edbc87a5bc3d9a2.rmeta
 INFO rustc_metadata::locator lib candidate: /evidence/target/debug/deps/libcpufeatures-7ffd90a8a3c01f4b.rlib
 INFO rustc_metadata::locator lib candidate: /evidence/target/debug/deps/libcpufeatures-7ffd90a8a3c01f4b.rmeta
 INFO rustc_metadata::locator rmeta reading metadata from: /evidence/target/debug/deps/libcpufeatures-7ffd90a8a3c01f4b.rmeta
 INFO rustc_metadata::locator lib candidate: /evidence/target/debug/deps/librx_ports-4fb1315306ceee2b.rlib
 INFO rustc_metadata::locator lib candidate: /evidence/target/debug/deps/librx_ports-4fb1315306ceee2b.rmeta
 INFO rustc_metadata::locator rmeta reading metadata from: /evidence/target/debug/deps/librx_ports-4fb1315306ceee2b.rmeta
 INFO rustc_metadata::locator lib candidate: /evidence/target/debug/deps/libtempfile-b38700c1d9fac7a9.rlib
 INFO rustc_metadata::locator lib candidate: /evidence/target/debug/deps/libtempfile-b38700c1d9fac7a9.rmeta
 INFO rustc_metadata::locator rmeta reading metadata from: /evidence/target/debug/deps/libtempfile-b38700c1d9fac7a9.rmeta
 INFO rustc_metadata::locator lib candidate: /evidence/target/debug/deps/libfastrand-bb19cc68fc148705.rlib
 INFO rustc_metadata::locator lib candidate: /evidence/target/debug/deps/libfastrand-bb19cc68fc148705.rmeta
 INFO rustc_metadata::locator rmeta reading metadata from: /evidence/target/debug/deps/libfastrand-bb19cc68fc148705.rmeta
 INFO rustc_metadata::locator lib candidate: /evidence/target/debug/deps/libsemver-fdb5d8adc8815b21.rlib
 INFO rustc_metadata::locator lib candidate: /evidence/target/debug/deps/libsemver-fdb5d8adc8815b21.rmeta
 INFO rustc_metadata::locator rmeta reading metadata from: /evidence/target/debug/deps/libsemver-fdb5d8adc8815b21.rmeta
 INFO rustc_metadata::locator rmeta reading metadata from: /evidence/target/debug/deps/libserde_json-11abb16a171c35d7.rmeta
 INFO rustc_metadata::locator rmeta reading metadata from: /evidence/target/debug/deps/librx_ports-4fb1315306ceee2b.rmeta
 INFO rustc_metadata::locator rmeta reading metadata from: /evidence/target/debug/deps/librx_storage-ae99c231a105c93d.rmeta
 INFO rustc_metadata::locator lib candidate: /evidence/target/debug/deps/librusqlite-3b427659af6e04d7.rlib
 INFO rustc_metadata::locator lib candidate: /evidence/target/debug/deps/librusqlite-3b427659af6e04d7.rmeta
 INFO rustc_metadata::locator rmeta reading metadata from: /evidence/target/debug/deps/librusqlite-3b427659af6e04d7.rmeta
 INFO rustc_metadata::locator lib candidate: /evidence/target/debug/deps/libfallible_iterator-df3754dc8841f3cd.rlib
 INFO rustc_metadata::locator lib candidate: /evidence/target/debug/deps/libfallible_iterator-df3754dc8841f3cd.rmeta
 INFO rustc_metadata::locator rmeta reading metadata from: /evidence/target/debug/deps/libfallible_iterator-df3754dc8841f3cd.rmeta
 INFO rustc_metadata::locator lib candidate: /evidence/target/debug/deps/libfallible_streaming_iterator-95b74a03303b316f.rlib
 INFO rustc_metadata::locator lib candidate: /evidence/target/debug/deps/libfallible_streaming_iterator-95b74a03303b316f.rmeta
 INFO rustc_metadata::locator rmeta reading metadata from: /evidence/target/debug/deps/libfallible_streaming_iterator-95b74a03303b316f.rmeta
 INFO rustc_metadata::locator lib candidate: /evidence/target/debug/deps/liblibsqlite3_sys-fa101a01a8f434c6.rlib
 INFO rustc_metadata::locator lib candidate: /evidence/target/debug/deps/liblibsqlite3_sys-fa101a01a8f434c6.rmeta
 INFO rustc_metadata::locator rmeta reading metadata from: /evidence/target/debug/deps/liblibsqlite3_sys-fa101a01a8f434c6.rmeta
 INFO rustc_metadata::locator lib candidate: /evidence/target/debug/deps/libhashlink-2576bb39cf95ce8f.rlib
 INFO rustc_metadata::locator lib candidate: /evidence/target/debug/deps/libhashlink-2576bb39cf95ce8f.rmeta
 INFO rustc_metadata::locator rmeta reading metadata from: /evidence/target/debug/deps/libhashlink-2576bb39cf95ce8f.rmeta
 INFO rustc_metadata::locator lib candidate: /evidence/target/debug/deps/libhashbrown-524905c6d9ffb340.rlib
 INFO rustc_metadata::locator lib candidate: /evidence/target/debug/deps/libhashbrown-524905c6d9ffb340.rmeta
 INFO rustc_metadata::locator rmeta reading metadata from: /evidence/target/debug/deps/libhashbrown-524905c6d9ffb340.rmeta
 INFO rustc_metadata::locator lib candidate: /evidence/target/debug/deps/libfoldhash-b155e1a4134d8a92.rlib
 INFO rustc_metadata::locator lib candidate: /evidence/target/debug/deps/libfoldhash-b155e1a4134d8a92.rmeta
 INFO rustc_metadata::locator rmeta reading metadata from: /evidence/target/debug/deps/libfoldhash-b155e1a4134d8a92.rmeta
 INFO rustc_metadata::locator lib candidate: /evidence/target/debug/deps/libsmallvec-bf2a713eef285846.rlib
 INFO rustc_metadata::locator lib candidate: /evidence/target/debug/deps/libsmallvec-bf2a713eef285846.rmeta
 INFO rustc_metadata::locator rmeta reading metadata from: /evidence/target/debug/deps/libsmallvec-bf2a713eef285846.rmeta
 INFO rustc_metadata::locator rmeta reading metadata from: /evidence/target/debug/deps/librx_service_status-090ec8556636269b.rmeta
 INFO rustc_metadata::locator rmeta reading metadata from: /evidence/target/debug/deps/librx_solution_catalog-5e4212b4a7b19a39.rmeta
 INFO rustc_metadata::locator rmeta reading metadata from: /evidence/target/debug/deps/libsha2-87c2a29f79131b25.rmeta
 INFO rustc_metadata::locator rmeta reading metadata from: /evidence/target/debug/deps/librustix-99c2fd42b5875ba2.rmeta
 INFO rustc_metadata::locator rmeta reading metadata from: /evidence/target/debug/deps/libserde-d6d8ecf1f3014f69.rmeta
 INFO rustc_metadata::locator rmeta reading metadata from: /evidence/target/debug/deps/libserde-d6d8ecf1f3014f69.rmeta
 INFO rustc_metadata::locator rmeta reading metadata from: /evidence/target/debug/deps/libserde-d6d8ecf1f3014f69.rmeta
 INFO rustc_metadata::locator rmeta reading metadata from: /evidence/target/debug/deps/libserde-d6d8ecf1f3014f69.rmeta
 INFO rustc_metadata::locator rmeta reading metadata from: /evidence/target/debug/deps/libserde-d6d8ecf1f3014f69.rmeta
 INFO rustc_metadata::locator rmeta reading metadata from: /evidence/target/debug/deps/libserde-d6d8ecf1f3014f69.rmeta
 INFO rustc_metadata::locator rmeta reading metadata from: /evidence/target/debug/deps/libserde-d6d8ecf1f3014f69.rmeta
 INFO rustc_metadata::locator rmeta reading metadata from: /evidence/target/debug/deps/libserde-d6d8ecf1f3014f69.rmeta
 INFO rustc_metadata::locator rmeta reading metadata from: /evidence/target/debug/deps/libserde-d6d8ecf1f3014f69.rmeta
 INFO rustc_metadata::locator rmeta reading metadata from: /evidence/target/debug/deps/libserde-d6d8ecf1f3014f69.rmeta
 INFO rustc_metadata::locator rmeta reading metadata from: /evidence/target/debug/deps/libserde-d6d8ecf1f3014f69.rmeta
 INFO rustc_metadata::locator rmeta reading metadata from: /evidence/target/debug/deps/libserde-d6d8ecf1f3014f69.rmeta
 INFO rustc_metadata::locator rmeta reading metadata from: /evidence/target/debug/deps/libserde-d6d8ecf1f3014f69.rmeta
 INFO rustc_metadata::locator rmeta reading metadata from: /evidence/target/debug/deps/libserde-d6d8ecf1f3014f69.rmeta
 INFO rustc_metadata::locator rmeta reading metadata from: /evidence/target/debug/deps/libserde-d6d8ecf1f3014f69.rmeta
 INFO rustc_metadata::locator rmeta reading metadata from: /evidence/target/debug/deps/libserde-d6d8ecf1f3014f69.rmeta
 INFO rustc_metadata::locator rmeta reading metadata from: /evidence/target/debug/deps/libserde-d6d8ecf1f3014f69.rmeta
 INFO rustc_metadata::locator rmeta reading metadata from: /evidence/target/debug/deps/libserde-d6d8ecf1f3014f69.rmeta
 INFO rustc_metadata::locator rmeta reading metadata from: /evidence/target/debug/deps/libserde-d6d8ecf1f3014f69.rmeta
 INFO rustc_metadata::locator rmeta reading metadata from: /evidence/target/debug/deps/libserde-d6d8ecf1f3014f69.rmeta
 INFO rustc_metadata::locator rmeta reading metadata from: /evidence/target/debug/deps/libserde-d6d8ecf1f3014f69.rmeta
 INFO rustc_metadata::locator rmeta reading metadata from: /evidence/target/debug/deps/libserde-d6d8ecf1f3014f69.rmeta
 INFO rustc_metadata::locator rmeta reading metadata from: /evidence/target/debug/deps/libserde-d6d8ecf1f3014f69.rmeta
 INFO rustc_metadata::locator rmeta reading metadata from: /evidence/target/debug/deps/libserde-d6d8ecf1f3014f69.rmeta
 INFO rustc_metadata::locator rmeta reading metadata from: /evidence/target/debug/deps/libserde-d6d8ecf1f3014f69.rmeta
 INFO rustc_metadata::locator rmeta reading metadata from: /evidence/target/debug/deps/libserde-d6d8ecf1f3014f69.rmeta
 INFO rustc_metadata::locator rmeta reading metadata from: /evidence/target/debug/deps/libserde-d6d8ecf1f3014f69.rmeta
 INFO rustc_metadata::locator rmeta reading metadata from: /evidence/target/debug/deps/libserde-d6d8ecf1f3014f69.rmeta
 INFO rustc_metadata::locator rmeta reading metadata from: /evidence/target/debug/deps/libserde-d6d8ecf1f3014f69.rmeta
 INFO rustc_metadata::locator rmeta reading metadata from: /evidence/target/debug/deps/libserde-d6d8ecf1f3014f69.rmeta
 INFO rustc_metadata::locator rmeta reading metadata from: /evidence/target/debug/deps/libserde-d6d8ecf1f3014f69.rmeta
 INFO rustc_metadata::locator rmeta reading metadata from: /evidence/target/debug/deps/libserde-d6d8ecf1f3014f69.rmeta
 INFO rustc_metadata::locator rmeta reading metadata from: /evidence/target/debug/deps/libserde-d6d8ecf1f3014f69.rmeta
 INFO rustc_metadata::locator rmeta reading metadata from: /evidence/target/debug/deps/libtokio-044bf9ed74f19349.rmeta
 INFO rustc_metadata::locator lib candidate: /evidence/target/debug/deps/libpin_project_lite-128b649650ae9fd2.rlib
 INFO rustc_metadata::locator lib candidate: /evidence/target/debug/deps/libpin_project_lite-128b649650ae9fd2.rmeta
 INFO rustc_metadata::locator rmeta reading metadata from: /evidence/target/debug/deps/libpin_project_lite-128b649650ae9fd2.rmeta
 INFO rustc_metadata::locator lib candidate: /evidence/target/debug/deps/libmio-6deeece5184d3642.rlib
 INFO rustc_metadata::locator lib candidate: /evidence/target/debug/deps/libmio-6deeece5184d3642.rmeta
 INFO rustc_metadata::locator rmeta reading metadata from: /evidence/target/debug/deps/libmio-6deeece5184d3642.rmeta
 INFO rustc_metadata::locator lib candidate: /evidence/target/debug/deps/libtokio_macros-fb39fdc61eb79b49.so
 INFO rustc_metadata::locator dylib reading metadata from: /evidence/target/debug/deps/libtokio_macros-fb39fdc61eb79b49.so
 INFO rustc_metadata::locator Rejecting via proc macro: expected false got true
 INFO rustc_metadata::locator metadata mismatch
 INFO rustc_metadata::locator lib candidate: /evidence/target/debug/deps/libtokio_macros-fb39fdc61eb79b49.so
 INFO rustc_metadata::locator lib candidate: /evidence/target/debug/deps/libtokio_macros-fb39fdc61eb79b49.so
 INFO rustc_metadata::locator dylib reading metadata from: /evidence/target/debug/deps/libtokio_macros-fb39fdc61eb79b49.so
 INFO rustc_metadata::locator lib candidate: /evidence/target/debug/deps/libsignal_hook_registry-9e48a56de7ca3294.rlib
 INFO rustc_metadata::locator lib candidate: /evidence/target/debug/deps/libsignal_hook_registry-9e48a56de7ca3294.rmeta
 INFO rustc_metadata::locator rmeta reading metadata from: /evidence/target/debug/deps/libsignal_hook_registry-9e48a56de7ca3294.rmeta
 INFO rustc_metadata::locator lib candidate: /evidence/target/debug/deps/liberrno-a38fc325b291caf3.rlib
 INFO rustc_metadata::locator lib candidate: /evidence/target/debug/deps/liberrno-a38fc325b291caf3.rmeta
 INFO rustc_metadata::locator rmeta reading metadata from: /evidence/target/debug/deps/liberrno-a38fc325b291caf3.rmeta
 INFO rustc_metadata::locator rmeta reading metadata from: /evidence/target/debug/deps/libserde-d6d8ecf1f3014f69.rmeta
 INFO rustc_metadata::locator rmeta reading metadata from: /evidence/target/debug/deps/libserde-d6d8ecf1f3014f69.rmeta
 INFO rustc_metadata::locator rmeta reading metadata from: /evidence/target/debug/deps/libserde-d6d8ecf1f3014f69.rmeta
 INFO rustc_metadata::locator rmeta reading metadata from: /evidence/target/debug/deps/libserde-d6d8ecf1f3014f69.rmeta
 INFO rustc_metadata::locator rmeta reading metadata from: /evidence/target/debug/deps/libserde-d6d8ecf1f3014f69.rmeta
 INFO rustc_metadata::locator rmeta reading metadata from: /evidence/target/debug/deps/libserde-d6d8ecf1f3014f69.rmeta
 INFO rustc_metadata::locator rmeta reading metadata from: /evidence/target/debug/deps/libserde-d6d8ecf1f3014f69.rmeta
 INFO rustc_metadata::locator rmeta reading metadata from: /evidence/target/debug/deps/libserde-d6d8ecf1f3014f69.rmeta
 INFO rustc_metadata::locator rmeta reading metadata from: /evidence/target/debug/deps/libserde-d6d8ecf1f3014f69.rmeta
 INFO rustc_metadata::locator rmeta reading metadata from: /evidence/target/debug/deps/libserde-d6d8ecf1f3014f69.rmeta
 INFO rustc_metadata::locator rmeta reading metadata from: /evidence/target/debug/deps/libserde-d6d8ecf1f3014f69.rmeta
 INFO rustc_metadata::locator rmeta reading metadata from: /evidence/target/debug/deps/libserde-d6d8ecf1f3014f69.rmeta
 INFO rustc_metadata::locator rmeta reading metadata from: /evidence/target/debug/deps/libserde-d6d8ecf1f3014f69.rmeta
 INFO rustc_metadata::locator rmeta reading metadata from: /evidence/target/debug/deps/libserde-d6d8ecf1f3014f69.rmeta
 INFO rustc_metadata::locator rmeta reading metadata from: /evidence/target/debug/deps/libserde-d6d8ecf1f3014f69.rmeta
 INFO rustc_metadata::locator rmeta reading metadata from: /evidence/target/debug/deps/libserde-d6d8ecf1f3014f69.rmeta
 INFO rustc_metadata::locator rmeta reading metadata from: /evidence/target/debug/deps/libserde-d6d8ecf1f3014f69.rmeta
 INFO rustc_metadata::locator rmeta reading metadata from: /evidence/target/debug/deps/libserde-d6d8ecf1f3014f69.rmeta
 INFO rustc_metadata::locator rmeta reading metadata from: /evidence/target/debug/deps/libserde-d6d8ecf1f3014f69.rmeta
 INFO rustc_metadata::locator rmeta reading metadata from: /evidence/target/debug/deps/libserde-d6d8ecf1f3014f69.rmeta
 INFO rustc_metadata::locator rmeta reading metadata from: /evidence/target/debug/deps/libserde-d6d8ecf1f3014f69.rmeta
 INFO rustc_metadata::locator rmeta reading metadata from: /evidence/target/debug/deps/libserde-d6d8ecf1f3014f69.rmeta
 INFO rustc_metadata::locator rmeta reading metadata from: /evidence/target/debug/deps/libserde-d6d8ecf1f3014f69.rmeta
 INFO rustc_metadata::locator rmeta reading metadata from: /evidence/target/debug/deps/libserde-d6d8ecf1f3014f69.rmeta
 INFO rustc_metadata::locator rmeta reading metadata from: /evidence/target/debug/deps/libserde-d6d8ecf1f3014f69.rmeta
 INFO rustc_metadata::locator rmeta reading metadata from: /evidence/target/debug/deps/libserde-d6d8ecf1f3014f69.rmeta
 INFO rustc_metadata::locator rmeta reading metadata from: /evidence/target/debug/deps/libserde-d6d8ecf1f3014f69.rmeta
 INFO rustc_metadata::locator rmeta reading metadata from: /evidence/target/debug/deps/libserde-d6d8ecf1f3014f69.rmeta
 INFO rustc_metadata::locator rmeta reading metadata from: /evidence/target/debug/deps/libserde-d6d8ecf1f3014f69.rmeta
 INFO rustc_metadata::locator rmeta reading metadata from: /evidence/target/debug/deps/libserde-d6d8ecf1f3014f69.rmeta
 INFO rustc_metadata::locator rmeta reading metadata from: /evidence/target/debug/deps/libserde-d6d8ecf1f3014f69.rmeta
 INFO rustc_metadata::locator rmeta reading metadata from: /evidence/target/debug/deps/libserde-d6d8ecf1f3014f69.rmeta
 INFO rustc_metadata::locator rmeta reading metadata from: /evidence/target/debug/deps/libserde-d6d8ecf1f3014f69.rmeta
 INFO rustc_metadata::locator rmeta reading metadata from: /evidence/target/debug/deps/libserde-d6d8ecf1f3014f69.rmeta
 INFO rustc_metadata::locator rmeta reading metadata from: /evidence/target/debug/deps/libserde-d6d8ecf1f3014f69.rmeta
 INFO rustc_metadata::locator rmeta reading metadata from: /evidence/target/debug/deps/libserde-d6d8ecf1f3014f69.rmeta
 INFO rustc_metadata::locator rmeta reading metadata from: /evidence/target/debug/deps/libserde-d6d8ecf1f3014f69.rmeta
 INFO rustc_metadata::locator rmeta reading metadata from: /evidence/target/debug/deps/libserde-d6d8ecf1f3014f69.rmeta
 INFO rustc_metadata::locator rmeta reading metadata from: /evidence/target/debug/deps/libserde-d6d8ecf1f3014f69.rmeta
 INFO rustc_metadata::locator rmeta reading metadata from: /evidence/target/debug/deps/libserde-d6d8ecf1f3014f69.rmeta
 INFO rustc_metadata::locator rmeta reading metadata from: /evidence/target/debug/deps/libserde-d6d8ecf1f3014f69.rmeta
 INFO rustc_metadata::locator rmeta reading metadata from: /evidence/target/debug/deps/libserde-d6d8ecf1f3014f69.rmeta
 INFO rustc_metadata::locator rmeta reading metadata from: /evidence/target/debug/deps/libserde-d6d8ecf1f3014f69.rmeta
 INFO rustc_metadata::locator rmeta reading metadata from: /evidence/target/debug/deps/libserde-d6d8ecf1f3014f69.rmeta
 INFO rustc_metadata::locator rmeta reading metadata from: /evidence/target/debug/deps/libserde-d6d8ecf1f3014f69.rmeta
 INFO rustc_metadata::locator rmeta reading metadata from: /evidence/target/debug/deps/libserde-d6d8ecf1f3014f69.rmeta
 INFO rustc_metadata::locator rmeta reading metadata from: /evidence/target/debug/deps/libserde-d6d8ecf1f3014f69.rmeta
 INFO rustc_metadata::locator rmeta reading metadata from: /evidence/target/debug/deps/libserde-d6d8ecf1f3014f69.rmeta
 INFO rustc_metadata::locator rmeta reading metadata from: /evidence/target/debug/deps/libserde-d6d8ecf1f3014f69.rmeta
 INFO rustc_metadata::locator rmeta reading metadata from: /evidence/target/debug/deps/libserde-d6d8ecf1f3014f69.rmeta
 INFO rustc_metadata::locator rmeta reading metadata from: /evidence/target/debug/deps/libserde-d6d8ecf1f3014f69.rmeta
 INFO rustc_metadata::locator rmeta reading metadata from: /evidence/target/debug/deps/libserde-d6d8ecf1f3014f69.rmeta
 INFO rustc_metadata::locator rmeta reading metadata from: /evidence/target/debug/deps/libserde-d6d8ecf1f3014f69.rmeta
 INFO rustc_metadata::locator rmeta reading metadata from: /evidence/target/debug/deps/libserde-d6d8ecf1f3014f69.rmeta
 INFO rustc_metadata::locator rmeta reading metadata from: /evidence/target/debug/deps/libserde-d6d8ecf1f3014f69.rmeta
 INFO rustc_metadata::locator rmeta reading metadata from: /evidence/target/debug/deps/libserde-d6d8ecf1f3014f69.rmeta
 INFO rustc_metadata::locator rmeta reading metadata from: /evidence/target/debug/deps/libserde-d6d8ecf1f3014f69.rmeta
 INFO rustc_metadata::locator rmeta reading metadata from: /evidence/target/debug/deps/libserde-d6d8ecf1f3014f69.rmeta
 INFO rustc_metadata::locator rmeta reading metadata from: /evidence/target/debug/deps/libserde-d6d8ecf1f3014f69.rmeta
 INFO rustc_metadata::locator rmeta reading metadata from: /evidence/target/debug/deps/libserde-d6d8ecf1f3014f69.rmeta
 INFO rustc_metadata::locator rmeta reading metadata from: /evidence/target/debug/deps/libserde-d6d8ecf1f3014f69.rmeta
 INFO rustc_metadata::locator rmeta reading metadata from: /evidence/target/debug/deps/libserde-d6d8ecf1f3014f69.rmeta
 INFO rustc_metadata::locator rmeta reading metadata from: /evidence/target/debug/deps/libserde-d6d8ecf1f3014f69.rmeta
 INFO rustc_metadata::locator rmeta reading metadata from: /evidence/target/debug/deps/libserde-d6d8ecf1f3014f69.rmeta
 INFO rustc_metadata::locator rmeta reading metadata from: /evidence/target/debug/deps/libserde-d6d8ecf1f3014f69.rmeta
 INFO rustc_metadata::locator rmeta reading metadata from: /evidence/target/debug/deps/libserde-d6d8ecf1f3014f69.rmeta
 INFO rustc_metadata::locator rmeta reading metadata from: /evidence/target/debug/deps/libserde-d6d8ecf1f3014f69.rmeta
 INFO rustc_metadata::locator rmeta reading metadata from: /evidence/target/debug/deps/libserde-d6d8ecf1f3014f69.rmeta
 INFO rustc_metadata::locator rmeta reading metadata from: /evidence/target/debug/deps/libserde-d6d8ecf1f3014f69.rmeta
 INFO rustc_metadata::locator rmeta reading metadata from: /evidence/target/debug/deps/libserde-d6d8ecf1f3014f69.rmeta
 INFO rustc_metadata::locator rmeta reading metadata from: /evidence/target/debug/deps/libserde-d6d8ecf1f3014f69.rmeta
 INFO rustc_metadata::locator rmeta reading metadata from: /evidence/target/debug/deps/libserde-d6d8ecf1f3014f69.rmeta
 INFO rustc_metadata::locator rmeta reading metadata from: /evidence/target/debug/deps/libserde-d6d8ecf1f3014f69.rmeta
 INFO rustc_metadata::locator rmeta reading metadata from: /evidence/target/debug/deps/libserde-d6d8ecf1f3014f69.rmeta
 INFO rustc_metadata::locator rmeta reading metadata from: /evidence/target/debug/deps/libserde-d6d8ecf1f3014f69.rmeta
 INFO rustc_metadata::locator rmeta reading metadata from: /evidence/target/debug/deps/libserde-d6d8ecf1f3014f69.rmeta
 INFO rustc_metadata::locator rmeta reading metadata from: /evidence/target/debug/deps/libserde-d6d8ecf1f3014f69.rmeta
 INFO rustc_metadata::locator rmeta reading metadata from: /evidence/target/debug/deps/libserde-d6d8ecf1f3014f69.rmeta
 INFO rustc_metadata::locator rmeta reading metadata from: /evidence/target/debug/deps/libserde-d6d8ecf1f3014f69.rmeta
 INFO rustc_metadata::locator rmeta reading metadata from: /evidence/target/debug/deps/libserde-d6d8ecf1f3014f69.rmeta
 INFO rustc_metadata::locator rmeta reading metadata from: /evidence/target/debug/deps/libserde-d6d8ecf1f3014f69.rmeta
 INFO rustc_metadata::locator rmeta reading metadata from: /evidence/target/debug/deps/libserde-d6d8ecf1f3014f69.rmeta
 INFO rustc_metadata::locator rmeta reading metadata from: /evidence/target/debug/deps/libserde-d6d8ecf1f3014f69.rmeta
 INFO rustc_metadata::locator rmeta reading metadata from: /evidence/target/debug/deps/libserde-d6d8ecf1f3014f69.rmeta
 INFO rustc_metadata::locator rmeta reading metadata from: /evidence/target/debug/deps/libserde-d6d8ecf1f3014f69.rmeta
 INFO rustc_metadata::locator rmeta reading metadata from: /evidence/target/debug/deps/libserde-d6d8ecf1f3014f69.rmeta
 INFO rustc_metadata::locator rmeta reading metadata from: /evidence/target/debug/deps/libserde-d6d8ecf1f3014f69.rmeta
 INFO rustc_metadata::locator rmeta reading metadata from: /evidence/target/debug/deps/libserde-d6d8ecf1f3014f69.rmeta
 INFO rustc_metadata::locator rmeta reading metadata from: /evidence/target/debug/deps/libserde-d6d8ecf1f3014f69.rmeta
 INFO rustc_metadata::locator rmeta reading metadata from: /evidence/target/debug/deps/libserde-d6d8ecf1f3014f69.rmeta
 INFO rustc_metadata::locator rmeta reading metadata from: /evidence/target/debug/deps/libserde-d6d8ecf1f3014f69.rmeta
 INFO rustc_metadata::locator rmeta reading metadata from: /evidence/target/debug/deps/libserde-d6d8ecf1f3014f69.rmeta
 INFO rustc_metadata::locator rmeta reading metadata from: /evidence/target/debug/deps/libserde-d6d8ecf1f3014f69.rmeta
 INFO rustc_metadata::locator rmeta reading metadata from: /evidence/target/debug/deps/libserde-d6d8ecf1f3014f69.rmeta
 INFO rustc_metadata::locator rmeta reading metadata from: /evidence/target/debug/deps/libserde-d6d8ecf1f3014f69.rmeta
 INFO rustc_metadata::locator rmeta reading metadata from: /evidence/target/debug/deps/libserde-d6d8ecf1f3014f69.rmeta
 INFO rustc_metadata::locator rmeta reading metadata from: /evidence/target/debug/deps/libserde-d6d8ecf1f3014f69.rmeta
 INFO rustc_metadata::locator rmeta reading metadata from: /evidence/target/debug/deps/libserde-d6d8ecf1f3014f69.rmeta
 INFO rustc_metadata::locator rmeta reading metadata from: /evidence/target/debug/deps/libserde-d6d8ecf1f3014f69.rmeta
 INFO rustc_metadata::locator rmeta reading metadata from: /evidence/target/debug/deps/libserde-d6d8ecf1f3014f69.rmeta
 INFO rustc_metadata::locator rmeta reading metadata from: /evidence/target/debug/deps/libserde-d6d8ecf1f3014f69.rmeta
 INFO rustc_metadata::locator rmeta reading metadata from: /evidence/target/debug/deps/libserde-d6d8ecf1f3014f69.rmeta
 INFO rustc_metadata::locator rmeta reading metadata from: /evidence/target/debug/deps/libserde-d6d8ecf1f3014f69.rmeta
 INFO rustc_metadata::locator rmeta reading metadata from: /evidence/target/debug/deps/libserde-d6d8ecf1f3014f69.rmeta
 INFO rustc_metadata::locator rmeta reading metadata from: /evidence/target/debug/deps/libserde-d6d8ecf1f3014f69.rmeta
 INFO rustc_metadata::locator rmeta reading metadata from: /evidence/target/debug/deps/libserde-d6d8ecf1f3014f69.rmeta
 INFO rustc_metadata::locator rmeta reading metadata from: /evidence/target/debug/deps/libserde-d6d8ecf1f3014f69.rmeta
 INFO rustc_metadata::locator rmeta reading metadata from: /evidence/target/debug/deps/libserde-d6d8ecf1f3014f69.rmeta
 INFO rustc_metadata::locator rmeta reading metadata from: /evidence/target/debug/deps/libserde-d6d8ecf1f3014f69.rmeta
 INFO rustc_metadata::locator rmeta reading metadata from: /evidence/target/debug/deps/libserde-d6d8ecf1f3014f69.rmeta
 INFO rustc_metadata::locator rmeta reading metadata from: /evidence/target/debug/deps/libserde-d6d8ecf1f3014f69.rmeta
 INFO rustc_metadata::locator rmeta reading metadata from: /evidence/target/debug/deps/libserde-d6d8ecf1f3014f69.rmeta
 INFO rustc_metadata::locator rmeta reading metadata from: /evidence/target/debug/deps/libserde-d6d8ecf1f3014f69.rmeta
 INFO rustc_metadata::locator rmeta reading metadata from: /evidence/target/debug/deps/libserde-d6d8ecf1f3014f69.rmeta
 INFO rustc_metadata::locator rmeta reading metadata from: /evidence/target/debug/deps/libserde-d6d8ecf1f3014f69.rmeta
 INFO rustc_metadata::locator rmeta reading metadata from: /evidence/target/debug/deps/libserde-d6d8ecf1f3014f69.rmeta
 INFO rustc_metadata::locator rmeta reading metadata from: /evidence/target/debug/deps/libserde-d6d8ecf1f3014f69.rmeta
 INFO rustc_metadata::locator rmeta reading metadata from: /evidence/target/debug/deps/libserde-d6d8ecf1f3014f69.rmeta
 INFO rustc_metadata::locator rmeta reading metadata from: /evidence/target/debug/deps/libserde-d6d8ecf1f3014f69.rmeta
 INFO rustc_metadata::locator rmeta reading metadata from: /evidence/target/debug/deps/libserde-d6d8ecf1f3014f69.rmeta
 INFO rustc_metadata::locator rmeta reading metadata from: /evidence/target/debug/deps/libserde-d6d8ecf1f3014f69.rmeta
 INFO rustc_metadata::locator rmeta reading metadata from: /evidence/target/debug/deps/libserde-d6d8ecf1f3014f69.rmeta
 INFO rustc_metadata::locator rmeta reading metadata from: /evidence/target/debug/deps/libserde-d6d8ecf1f3014f69.rmeta
 INFO rustc_metadata::locator rmeta reading metadata from: /evidence/target/debug/deps/libserde-d6d8ecf1f3014f69.rmeta
 INFO rustc_metadata::locator rmeta reading metadata from: /evidence/target/debug/deps/libserde-d6d8ecf1f3014f69.rmeta
 INFO rustc_metadata::locator rmeta reading metadata from: /evidence/target/debug/deps/libserde-d6d8ecf1f3014f69.rmeta
 INFO rustc_metadata::locator rmeta reading metadata from: /evidence/target/debug/deps/libserde-d6d8ecf1f3014f69.rmeta
 INFO rustc_metadata::locator rmeta reading metadata from: /evidence/target/debug/deps/libserde-d6d8ecf1f3014f69.rmeta
 INFO rustc_metadata::locator rmeta reading metadata from: /evidence/target/debug/deps/libserde-d6d8ecf1f3014f69.rmeta
 INFO rustc_metadata::locator rmeta reading metadata from: /evidence/target/debug/deps/libserde-d6d8ecf1f3014f69.rmeta
 INFO rustc_metadata::locator rmeta reading metadata from: /evidence/target/debug/deps/libserde-d6d8ecf1f3014f69.rmeta
 INFO rustc_metadata::locator rmeta reading metadata from: /evidence/target/debug/deps/libserde-d6d8ecf1f3014f69.rmeta
 INFO rustc_metadata::locator rmeta reading metadata from: /evidence/target/debug/deps/libserde-d6d8ecf1f3014f69.rmeta
 INFO rustc_metadata::locator rmeta reading metadata from: /evidence/target/debug/deps/libserde-d6d8ecf1f3014f69.rmeta
 INFO rustc_metadata::locator rmeta reading metadata from: /evidence/target/debug/deps/libserde-d6d8ecf1f3014f69.rmeta
 INFO rustc_metadata::locator rmeta reading metadata from: /evidence/target/debug/deps/libserde-d6d8ecf1f3014f69.rmeta
 INFO rustc_metadata::locator rmeta reading metadata from: /evidence/target/debug/deps/libserde-d6d8ecf1f3014f69.rmeta
 INFO rustc_metadata::locator rmeta reading metadata from: /evidence/target/debug/deps/libserde-d6d8ecf1f3014f69.rmeta
 INFO rustc_metadata::locator rmeta reading metadata from: /evidence/target/debug/deps/libserde-d6d8ecf1f3014f69.rmeta
 INFO rustc_metadata::locator rmeta reading metadata from: /evidence/target/debug/deps/libserde-d6d8ecf1f3014f69.rmeta
 INFO rustc_metadata::locator rmeta reading metadata from: /evidence/target/debug/deps/libserde-d6d8ecf1f3014f69.rmeta
 INFO rustc_metadata::locator rmeta reading metadata from: /evidence/target/debug/deps/libserde-d6d8ecf1f3014f69.rmeta
 INFO rustc_metadata::locator rmeta reading metadata from: /evidence/target/debug/deps/libthiserror-07e31c065c104b48.rmeta
 INFO rustc_metadata::locator lib candidate: /usr/local/rustup/toolchains/1.98.1-aarch64-unknown-linux-gnu/lib/rustlib/aarch64-unknown-linux-gnu/lib/libcore-276de952897abe1c.rlib
 INFO rustc_metadata::locator lib candidate: /usr/local/rustup/toolchains/1.98.1-aarch64-unknown-linux-gnu/lib/rustlib/aarch64-unknown-linux-gnu/lib/libcore-276de952897abe1c.rmeta
 INFO rustc_metadata::locator rmeta reading metadata from: /usr/local/rustup/toolchains/1.98.1-aarch64-unknown-linux-gnu/lib/rustlib/aarch64-unknown-linux-gnu/lib/libcore-276de952897abe1c.rmeta
 INFO rustc_metadata::locator rmeta reading metadata from: /evidence/target/debug/deps/libserde-d6d8ecf1f3014f69.rmeta
 INFO rustc_metadata::locator rmeta reading metadata from: /evidence/target/debug/deps/libserde-d6d8ecf1f3014f69.rmeta
 INFO rustc_metadata::locator rmeta reading metadata from: /evidence/target/debug/deps/libserde-d6d8ecf1f3014f69.rmeta
 INFO rustc_metadata::locator rmeta reading metadata from: /evidence/target/debug/deps/libserde-d6d8ecf1f3014f69.rmeta
 INFO rustc_metadata::locator rmeta reading metadata from: /evidence/target/debug/deps/libserde-d6d8ecf1f3014f69.rmeta
 INFO rustc_metadata::locator rmeta reading metadata from: /evidence/target/debug/deps/librx_domain-604adb34f600faa7.rmeta
 INFO rustc_metadata::locator lib candidate: /usr/local/rustup/toolchains/1.98.1-aarch64-unknown-linux-gnu/lib/rustlib/aarch64-unknown-linux-gnu/lib/libstd-96c9fe7a07d47cf2.rlib
 INFO rustc_metadata::locator lib candidate: /usr/local/rustup/toolchains/1.98.1-aarch64-unknown-linux-gnu/lib/rustlib/aarch64-unknown-linux-gnu/lib/libstd_detect-744cebc7daba8a68.rlib
 INFO rustc_metadata::locator lib candidate: /usr/local/rustup/toolchains/1.98.1-aarch64-unknown-linux-gnu/lib/rustlib/aarch64-unknown-linux-gnu/lib/libstd-96c9fe7a07d47cf2.rmeta
 INFO rustc_metadata::locator lib candidate: /usr/local/rustup/toolchains/1.98.1-aarch64-unknown-linux-gnu/lib/rustlib/aarch64-unknown-linux-gnu/lib/libstd_detect-744cebc7daba8a68.rmeta
 INFO rustc_metadata::locator lib candidate: /usr/local/rustup/toolchains/1.98.1-aarch64-unknown-linux-gnu/lib/rustlib/aarch64-unknown-linux-gnu/lib/libstd-96c9fe7a07d47cf2.so
 INFO rustc_metadata::locator rmeta reading metadata from: /usr/local/rustup/toolchains/1.98.1-aarch64-unknown-linux-gnu/lib/rustlib/aarch64-unknown-linux-gnu/lib/libstd-96c9fe7a07d47cf2.rmeta
 INFO rustc_metadata::locator rmeta reading metadata from: /usr/local/rustup/toolchains/1.98.1-aarch64-unknown-linux-gnu/lib/rustlib/aarch64-unknown-linux-gnu/lib/libstd_detect-744cebc7daba8a68.rmeta
 INFO rustc_metadata::locator Rejecting via crate name
 INFO rustc_metadata::locator metadata mismatch
 INFO rustc_metadata::locator rlib reading metadata from: /usr/local/rustup/toolchains/1.98.1-aarch64-unknown-linux-gnu/lib/rustlib/aarch64-unknown-linux-gnu/lib/libstd_detect-744cebc7daba8a68.rlib
 INFO rustc_metadata::locator Rejecting via crate name
 INFO rustc_metadata::locator metadata mismatch
 INFO rustc_metadata::locator rmeta reading metadata from: /evidence/target/debug/deps/libserde-d6d8ecf1f3014f69.rmeta
 INFO rustc_metadata::locator rmeta reading metadata from: /evidence/target/debug/deps/librx_package-26fea21b4d8d651b.rmeta
 INFO rustc_metadata::locator rmeta reading metadata from: /evidence/target/debug/deps/libserde_json-11abb16a171c35d7.rmeta
 INFO rustc_metadata::locator rmeta reading metadata from: /evidence/target/debug/deps/librx_ports-4fb1315306ceee2b.rmeta
 INFO rustc_metadata::locator rmeta reading metadata from: /evidence/target/debug/deps/librx_storage-ae99c231a105c93d.rmeta
 INFO rustc_metadata::locator rmeta reading metadata from: /evidence/target/debug/deps/librx_service_status-090ec8556636269b.rmeta
 INFO rustc_metadata::locator rmeta reading metadata from: /evidence/target/debug/deps/librx_solution_catalog-5e4212b4a7b19a39.rmeta
 INFO rustc_metadata::locator rmeta reading metadata from: /evidence/target/debug/deps/libsha2-87c2a29f79131b25.rmeta
 INFO rustc_metadata::locator rmeta reading metadata from: /evidence/target/debug/deps/librustix-99c2fd42b5875ba2.rmeta
 INFO rustc_metadata::locator rmeta reading metadata from: /evidence/target/debug/deps/libthiserror-07e31c065c104b48.rmeta
 INFO rustc_metadata::locator rmeta reading metadata from: /evidence/target/debug/deps/libtokio-044bf9ed74f19349.rmeta
 INFO rustc_metadata::locator lib candidate: /usr/local/rustup/toolchains/1.98.1-aarch64-unknown-linux-gnu/lib/rustlib/aarch64-unknown-linux-gnu/lib/libcore-276de952897abe1c.rlib
 INFO rustc_metadata::locator lib candidate: /usr/local/rustup/toolchains/1.98.1-aarch64-unknown-linux-gnu/lib/rustlib/aarch64-unknown-linux-gnu/lib/libcore-276de952897abe1c.rmeta
 INFO rustc_metadata::locator rmeta reading metadata from: /usr/local/rustup/toolchains/1.98.1-aarch64-unknown-linux-gnu/lib/rustlib/aarch64-unknown-linux-gnu/lib/libcore-276de952897abe1c.rmeta
 INFO rustc_metadata::locator rmeta reading metadata from: /evidence/target/debug/deps/libuuid-10bf73c9022f40b5.rmeta
     Running `CARGO=/usr/local/rustup/toolchains/1.98.1-aarch64-unknown-linux-gnu/bin/cargo CARGO_BIN_NAME=rx-solutionsd CARGO_CRATE_NAME=rx_solutionsd CARGO_MANIFEST_DIR=/source/runtime/rx-supervisor CARGO_MANIFEST_PATH=/source/runtime/rx-supervisor/Cargo.toml CARGO_PKG_AUTHORS='' CARGO_PKG_DESCRIPTION='' CARGO_PKG_HOMEPAGE='' CARGO_PKG_LICENSE=Apache-2.0 CARGO_PKG_LICENSE_FILE='' CARGO_PKG_NAME=rx-supervisor CARGO_PKG_README=README.md CARGO_PKG_REPOSITORY='' CARGO_PKG_RUST_VERSION='' CARGO_PKG_VERSION=0.1.0 CARGO_PKG_VERSION_MAJOR=0 CARGO_PKG_VERSION_MINOR=1 CARGO_PKG_VERSION_PATCH=0 CARGO_PKG_VERSION_PRE='' CARGO_PRIMARY_PACKAGE=1 LD_LIBRARY_PATH='/evidence/target/debug/deps:/usr/local/rustup/toolchains/1.98.1-aarch64-unknown-linux-gnu/lib' /usr/local/rustup/toolchains/1.98.1-aarch64-unknown-linux-gnu/bin/rustc --crate-name rx_solutionsd --edition=2024 runtime/rx-supervisor/src/bin/rx-solutionsd.rs --error-format=json --json=diagnostic-rendered-ansi,artifacts,future-incompat --crate-type bin --emit=dep-info,link -C embed-bitcode=no -C debuginfo=2 --forbid=unsafe_code '--warn=clippy::all' --check-cfg 'cfg(docsrs,test)' --check-cfg 'cfg(feature, values())' -C metadata=91a61c8c22f4adc8 -C extra-filename=-1510702d8760f161 --out-dir /evidence/target/debug/deps -C incremental=/evidence/target/debug/incremental -L dependency=/evidence/target/debug/deps --extern rustix=/evidence/target/debug/deps/librustix-99c2fd42b5875ba2.rlib --extern rx_domain=/evidence/target/debug/deps/librx_domain-604adb34f600faa7.rlib --extern rx_package=/evidence/target/debug/deps/librx_package-26fea21b4d8d651b.rlib --extern rx_ports=/evidence/target/debug/deps/librx_ports-4fb1315306ceee2b.rlib --extern rx_service_status=/evidence/target/debug/deps/librx_service_status-090ec8556636269b.rlib --extern rx_solution_catalog=/evidence/target/debug/deps/librx_solution_catalog-5e4212b4a7b19a39.rlib --extern rx_storage=/evidence/target/debug/deps/librx_storage-ae99c231a105c93d.rlib --extern rx_supervisor=/evidence/target/debug/deps/librx_supervisor-786f072476d4c073.rlib --extern serde=/evidence/target/debug/deps/libserde-d6d8ecf1f3014f69.rlib --extern serde_json=/evidence/target/debug/deps/libserde_json-11abb16a171c35d7.rlib --extern sha2=/evidence/target/debug/deps/libsha2-87c2a29f79131b25.rlib --extern thiserror=/evidence/target/debug/deps/libthiserror-07e31c065c104b48.rlib --extern tokio=/evidence/target/debug/deps/libtokio-044bf9ed74f19349.rlib --extern uuid=/evidence/target/debug/deps/libuuid-10bf73c9022f40b5.rlib -L native=/evidence/target/debug/build/libsqlite3-sys-4f80f2c42769dc07/out`
 INFO rustc_metadata::locator lib candidate: /usr/local/rustup/toolchains/1.98.1-aarch64-unknown-linux-gnu/lib/rustlib/aarch64-unknown-linux-gnu/lib/libstd-96c9fe7a07d47cf2.rlib
 INFO rustc_metadata::locator lib candidate: /usr/local/rustup/toolchains/1.98.1-aarch64-unknown-linux-gnu/lib/rustlib/aarch64-unknown-linux-gnu/lib/libstd_detect-744cebc7daba8a68.rlib
 INFO rustc_metadata::locator lib candidate: /usr/local/rustup/toolchains/1.98.1-aarch64-unknown-linux-gnu/lib/rustlib/aarch64-unknown-linux-gnu/lib/libstd-96c9fe7a07d47cf2.rmeta
 INFO rustc_metadata::locator lib candidate: /usr/local/rustup/toolchains/1.98.1-aarch64-unknown-linux-gnu/lib/rustlib/aarch64-unknown-linux-gnu/lib/libstd_detect-744cebc7daba8a68.rmeta
 INFO rustc_metadata::locator lib candidate: /usr/local/rustup/toolchains/1.98.1-aarch64-unknown-linux-gnu/lib/rustlib/aarch64-unknown-linux-gnu/lib/libstd-96c9fe7a07d47cf2.so
 INFO rustc_metadata::locator rmeta reading metadata from: /usr/local/rustup/toolchains/1.98.1-aarch64-unknown-linux-gnu/lib/rustlib/aarch64-unknown-linux-gnu/lib/libstd-96c9fe7a07d47cf2.rmeta
 INFO rustc_metadata::locator rlib reading metadata from: /usr/local/rustup/toolchains/1.98.1-aarch64-unknown-linux-gnu/lib/rustlib/aarch64-unknown-linux-gnu/lib/libstd-96c9fe7a07d47cf2.rlib
 INFO rustc_metadata::locator dylib reading metadata from: /usr/local/rustup/toolchains/1.98.1-aarch64-unknown-linux-gnu/lib/rustlib/aarch64-unknown-linux-gnu/lib/libstd-96c9fe7a07d47cf2.so
 INFO rustc_metadata::locator rmeta reading metadata from: /usr/local/rustup/toolchains/1.98.1-aarch64-unknown-linux-gnu/lib/rustlib/aarch64-unknown-linux-gnu/lib/libstd_detect-744cebc7daba8a68.rmeta
 INFO rustc_metadata::locator Rejecting via crate name
 INFO rustc_metadata::locator metadata mismatch
 INFO rustc_metadata::locator rlib reading metadata from: /usr/local/rustup/toolchains/1.98.1-aarch64-unknown-linux-gnu/lib/rustlib/aarch64-unknown-linux-gnu/lib/libstd_detect-744cebc7daba8a68.rlib
 INFO rustc_metadata::locator Rejecting via crate name
 INFO rustc_metadata::locator metadata mismatch
 INFO rustc_metadata::locator lib candidate: /usr/local/rustup/toolchains/1.98.1-aarch64-unknown-linux-gnu/lib/rustlib/aarch64-unknown-linux-gnu/lib/libcore-276de952897abe1c.rlib
 INFO rustc_metadata::locator lib candidate: /usr/local/rustup/toolchains/1.98.1-aarch64-unknown-linux-gnu/lib/rustlib/aarch64-unknown-linux-gnu/lib/libcore-276de952897abe1c.rmeta
 INFO rustc_metadata::locator rmeta reading metadata from: /usr/local/rustup/toolchains/1.98.1-aarch64-unknown-linux-gnu/lib/rustlib/aarch64-unknown-linux-gnu/lib/libcore-276de952897abe1c.rmeta
 INFO rustc_metadata::locator rlib reading metadata from: /usr/local/rustup/toolchains/1.98.1-aarch64-unknown-linux-gnu/lib/rustlib/aarch64-unknown-linux-gnu/lib/libcore-276de952897abe1c.rlib
 INFO rustc_metadata::locator lib candidate: /usr/local/rustup/toolchains/1.98.1-aarch64-unknown-linux-gnu/lib/rustlib/aarch64-unknown-linux-gnu/lib/liballoc-5ed91a8779ad9241.rlib
 INFO rustc_metadata::locator lib candidate: /usr/local/rustup/toolchains/1.98.1-aarch64-unknown-linux-gnu/lib/rustlib/aarch64-unknown-linux-gnu/lib/liballoc-5ed91a8779ad9241.rmeta
 INFO rustc_metadata::locator rmeta reading metadata from: /usr/local/rustup/toolchains/1.98.1-aarch64-unknown-linux-gnu/lib/rustlib/aarch64-unknown-linux-gnu/lib/liballoc-5ed91a8779ad9241.rmeta
 INFO rustc_metadata::locator rlib reading metadata from: /usr/local/rustup/toolchains/1.98.1-aarch64-unknown-linux-gnu/lib/rustlib/aarch64-unknown-linux-gnu/lib/liballoc-5ed91a8779ad9241.rlib
 INFO rustc_metadata::locator lib candidate: /usr/local/rustup/toolchains/1.98.1-aarch64-unknown-linux-gnu/lib/rustlib/aarch64-unknown-linux-gnu/lib/libcompiler_builtins-bd0d6dc1a63d46e8.rlib
 INFO rustc_metadata::locator lib candidate: /usr/local/rustup/toolchains/1.98.1-aarch64-unknown-linux-gnu/lib/rustlib/aarch64-unknown-linux-gnu/lib/libcompiler_builtins-bd0d6dc1a63d46e8.rmeta
 INFO rustc_metadata::locator rmeta reading metadata from: /usr/local/rustup/toolchains/1.98.1-aarch64-unknown-linux-gnu/lib/rustlib/aarch64-unknown-linux-gnu/lib/libcompiler_builtins-bd0d6dc1a63d46e8.rmeta
 INFO rustc_metadata::locator rlib reading metadata from: /usr/local/rustup/toolchains/1.98.1-aarch64-unknown-linux-gnu/lib/rustlib/aarch64-unknown-linux-gnu/lib/libcompiler_builtins-bd0d6dc1a63d46e8.rlib
 INFO rustc_metadata::locator lib candidate: /usr/local/rustup/toolchains/1.98.1-aarch64-unknown-linux-gnu/lib/rustlib/aarch64-unknown-linux-gnu/lib/liblibc-d4267515c636bbd5.rlib
 INFO rustc_metadata::locator lib candidate: /usr/local/rustup/toolchains/1.98.1-aarch64-unknown-linux-gnu/lib/rustlib/aarch64-unknown-linux-gnu/lib/liblibc-d4267515c636bbd5.rmeta
 INFO rustc_metadata::locator rmeta reading metadata from: /usr/local/rustup/toolchains/1.98.1-aarch64-unknown-linux-gnu/lib/rustlib/aarch64-unknown-linux-gnu/lib/liblibc-d4267515c636bbd5.rmeta
 INFO rustc_metadata::locator rlib reading metadata from: /usr/local/rustup/toolchains/1.98.1-aarch64-unknown-linux-gnu/lib/rustlib/aarch64-unknown-linux-gnu/lib/liblibc-d4267515c636bbd5.rlib
 INFO rustc_metadata::locator lib candidate: /usr/local/rustup/toolchains/1.98.1-aarch64-unknown-linux-gnu/lib/rustlib/aarch64-unknown-linux-gnu/lib/librustc_std_workspace_core-60f5aed5b0be39ba.rlib
 INFO rustc_metadata::locator lib candidate: /usr/local/rustup/toolchains/1.98.1-aarch64-unknown-linux-gnu/lib/rustlib/aarch64-unknown-linux-gnu/lib/librustc_std_workspace_core-60f5aed5b0be39ba.rmeta
 INFO rustc_metadata::locator rmeta reading metadata from: /usr/local/rustup/toolchains/1.98.1-aarch64-unknown-linux-gnu/lib/rustlib/aarch64-unknown-linux-gnu/lib/librustc_std_workspace_core-60f5aed5b0be39ba.rmeta
 INFO rustc_metadata::locator rlib reading metadata from: /usr/local/rustup/toolchains/1.98.1-aarch64-unknown-linux-gnu/lib/rustlib/aarch64-unknown-linux-gnu/lib/librustc_std_workspace_core-60f5aed5b0be39ba.rlib
 INFO rustc_metadata::locator lib candidate: /usr/local/rustup/toolchains/1.98.1-aarch64-unknown-linux-gnu/lib/rustlib/aarch64-unknown-linux-gnu/lib/libunwind-0d91334590e8fac0.rlib
 INFO rustc_metadata::locator lib candidate: /usr/local/rustup/toolchains/1.98.1-aarch64-unknown-linux-gnu/lib/rustlib/aarch64-unknown-linux-gnu/lib/libunwind-0d91334590e8fac0.rmeta
 INFO rustc_metadata::locator rmeta reading metadata from: /usr/local/rustup/toolchains/1.98.1-aarch64-unknown-linux-gnu/lib/rustlib/aarch64-unknown-linux-gnu/lib/libunwind-0d91334590e8fac0.rmeta
 INFO rustc_metadata::locator rlib reading metadata from: /usr/local/rustup/toolchains/1.98.1-aarch64-unknown-linux-gnu/lib/rustlib/aarch64-unknown-linux-gnu/lib/libunwind-0d91334590e8fac0.rlib
 INFO rustc_metadata::locator lib candidate: /usr/local/rustup/toolchains/1.98.1-aarch64-unknown-linux-gnu/lib/rustlib/aarch64-unknown-linux-gnu/lib/libminiz_oxide-fd627a3cab0f8638.rlib
 INFO rustc_metadata::locator lib candidate: /usr/local/rustup/toolchains/1.98.1-aarch64-unknown-linux-gnu/lib/rustlib/aarch64-unknown-linux-gnu/lib/libminiz_oxide-fd627a3cab0f8638.rmeta
 INFO rustc_metadata::locator rmeta reading metadata from: /usr/local/rustup/toolchains/1.98.1-aarch64-unknown-linux-gnu/lib/rustlib/aarch64-unknown-linux-gnu/lib/libminiz_oxide-fd627a3cab0f8638.rmeta
 INFO rustc_metadata::locator rlib reading metadata from: /usr/local/rustup/toolchains/1.98.1-aarch64-unknown-linux-gnu/lib/rustlib/aarch64-unknown-linux-gnu/lib/libminiz_oxide-fd627a3cab0f8638.rlib
 INFO rustc_metadata::locator lib candidate: /usr/local/rustup/toolchains/1.98.1-aarch64-unknown-linux-gnu/lib/rustlib/aarch64-unknown-linux-gnu/lib/libadler2-49f29a8856c93b22.rlib
 INFO rustc_metadata::locator lib candidate: /usr/local/rustup/toolchains/1.98.1-aarch64-unknown-linux-gnu/lib/rustlib/aarch64-unknown-linux-gnu/lib/libadler2-49f29a8856c93b22.rmeta
 INFO rustc_metadata::locator rmeta reading metadata from: /usr/local/rustup/toolchains/1.98.1-aarch64-unknown-linux-gnu/lib/rustlib/aarch64-unknown-linux-gnu/lib/libadler2-49f29a8856c93b22.rmeta
 INFO rustc_metadata::locator rlib reading metadata from: /usr/local/rustup/toolchains/1.98.1-aarch64-unknown-linux-gnu/lib/rustlib/aarch64-unknown-linux-gnu/lib/libadler2-49f29a8856c93b22.rlib
 INFO rustc_metadata::locator lib candidate: /usr/local/rustup/toolchains/1.98.1-aarch64-unknown-linux-gnu/lib/rustlib/aarch64-unknown-linux-gnu/lib/libhashbrown-59d69e789b093c2f.rlib
 INFO rustc_metadata::locator lib candidate: /usr/local/rustup/toolchains/1.98.1-aarch64-unknown-linux-gnu/lib/rustlib/aarch64-unknown-linux-gnu/lib/libhashbrown-59d69e789b093c2f.rmeta
 INFO rustc_metadata::locator rmeta reading metadata from: /usr/local/rustup/toolchains/1.98.1-aarch64-unknown-linux-gnu/lib/rustlib/aarch64-unknown-linux-gnu/lib/libhashbrown-59d69e789b093c2f.rmeta
 INFO rustc_metadata::locator rlib reading metadata from: /usr/local/rustup/toolchains/1.98.1-aarch64-unknown-linux-gnu/lib/rustlib/aarch64-unknown-linux-gnu/lib/libhashbrown-59d69e789b093c2f.rlib
 INFO rustc_metadata::locator lib candidate: /usr/local/rustup/toolchains/1.98.1-aarch64-unknown-linux-gnu/lib/rustlib/aarch64-unknown-linux-gnu/lib/librustc_std_workspace_alloc-21af30201253cbfb.rlib
 INFO rustc_metadata::locator lib candidate: /usr/local/rustup/toolchains/1.98.1-aarch64-unknown-linux-gnu/lib/rustlib/aarch64-unknown-linux-gnu/lib/librustc_std_workspace_alloc-21af30201253cbfb.rmeta
 INFO rustc_metadata::locator rmeta reading metadata from: /usr/local/rustup/toolchains/1.98.1-aarch64-unknown-linux-gnu/lib/rustlib/aarch64-unknown-linux-gnu/lib/librustc_std_workspace_alloc-21af30201253cbfb.rmeta
 INFO rustc_metadata::locator rlib reading metadata from: /usr/local/rustup/toolchains/1.98.1-aarch64-unknown-linux-gnu/lib/rustlib/aarch64-unknown-linux-gnu/lib/librustc_std_workspace_alloc-21af30201253cbfb.rlib
 INFO rustc_metadata::locator lib candidate: /usr/local/rustup/toolchains/1.98.1-aarch64-unknown-linux-gnu/lib/rustlib/aarch64-unknown-linux-gnu/lib/libstd_detect-744cebc7daba8a68.rlib
 INFO rustc_metadata::locator lib candidate: /usr/local/rustup/toolchains/1.98.1-aarch64-unknown-linux-gnu/lib/rustlib/aarch64-unknown-linux-gnu/lib/libstd_detect-744cebc7daba8a68.rmeta
 INFO rustc_metadata::locator rmeta reading metadata from: /usr/local/rustup/toolchains/1.98.1-aarch64-unknown-linux-gnu/lib/rustlib/aarch64-unknown-linux-gnu/lib/libstd_detect-744cebc7daba8a68.rmeta
 INFO rustc_metadata::locator rlib reading metadata from: /usr/local/rustup/toolchains/1.98.1-aarch64-unknown-linux-gnu/lib/rustlib/aarch64-unknown-linux-gnu/lib/libstd_detect-744cebc7daba8a68.rlib
 INFO rustc_metadata::locator lib candidate: /usr/local/rustup/toolchains/1.98.1-aarch64-unknown-linux-gnu/lib/rustlib/aarch64-unknown-linux-gnu/lib/librustc_demangle-4f11a1d3df1ceb19.rlib
 INFO rustc_metadata::locator lib candidate: /usr/local/rustup/toolchains/1.98.1-aarch64-unknown-linux-gnu/lib/rustlib/aarch64-unknown-linux-gnu/lib/librustc_demangle-4f11a1d3df1ceb19.rmeta
 INFO rustc_metadata::locator rmeta reading metadata from: /usr/local/rustup/toolchains/1.98.1-aarch64-unknown-linux-gnu/lib/rustlib/aarch64-unknown-linux-gnu/lib/librustc_demangle-4f11a1d3df1ceb19.rmeta
 INFO rustc_metadata::locator rlib reading metadata from: /usr/local/rustup/toolchains/1.98.1-aarch64-unknown-linux-gnu/lib/rustlib/aarch64-unknown-linux-gnu/lib/librustc_demangle-4f11a1d3df1ceb19.rlib
 INFO rustc_metadata::locator lib candidate: /usr/local/rustup/toolchains/1.98.1-aarch64-unknown-linux-gnu/lib/rustlib/aarch64-unknown-linux-gnu/lib/libcfg_if-4cb5d4e7ecc5ab9b.rlib
 INFO rustc_metadata::locator lib candidate: /usr/local/rustup/toolchains/1.98.1-aarch64-unknown-linux-gnu/lib/rustlib/aarch64-unknown-linux-gnu/lib/libcfg_if-4cb5d4e7ecc5ab9b.rmeta
 INFO rustc_metadata::locator rmeta reading metadata from: /usr/local/rustup/toolchains/1.98.1-aarch64-unknown-linux-gnu/lib/rustlib/aarch64-unknown-linux-gnu/lib/libcfg_if-4cb5d4e7ecc5ab9b.rmeta
 INFO rustc_metadata::locator rlib reading metadata from: /usr/local/rustup/toolchains/1.98.1-aarch64-unknown-linux-gnu/lib/rustlib/aarch64-unknown-linux-gnu/lib/libcfg_if-4cb5d4e7ecc5ab9b.rlib
 INFO rustc_metadata::locator lib candidate: /usr/local/rustup/toolchains/1.98.1-aarch64-unknown-linux-gnu/lib/rustlib/aarch64-unknown-linux-gnu/lib/libaddr2line-c9b51fa144ecb69d.rlib
 INFO rustc_metadata::locator lib candidate: /usr/local/rustup/toolchains/1.98.1-aarch64-unknown-linux-gnu/lib/rustlib/aarch64-unknown-linux-gnu/lib/libaddr2line-c9b51fa144ecb69d.rmeta
 INFO rustc_metadata::locator rmeta reading metadata from: /usr/local/rustup/toolchains/1.98.1-aarch64-unknown-linux-gnu/lib/rustlib/aarch64-unknown-linux-gnu/lib/libaddr2line-c9b51fa144ecb69d.rmeta
 INFO rustc_metadata::locator rlib reading metadata from: /usr/local/rustup/toolchains/1.98.1-aarch64-unknown-linux-gnu/lib/rustlib/aarch64-unknown-linux-gnu/lib/libaddr2line-c9b51fa144ecb69d.rlib
 INFO rustc_metadata::locator lib candidate: /usr/local/rustup/toolchains/1.98.1-aarch64-unknown-linux-gnu/lib/rustlib/aarch64-unknown-linux-gnu/lib/libgimli-f28aeee62441776d.rlib
 INFO rustc_metadata::locator lib candidate: /usr/local/rustup/toolchains/1.98.1-aarch64-unknown-linux-gnu/lib/rustlib/aarch64-unknown-linux-gnu/lib/libgimli-f28aeee62441776d.rmeta
 INFO rustc_metadata::locator rmeta reading metadata from: /usr/local/rustup/toolchains/1.98.1-aarch64-unknown-linux-gnu/lib/rustlib/aarch64-unknown-linux-gnu/lib/libgimli-f28aeee62441776d.rmeta
 INFO rustc_metadata::locator rlib reading metadata from: /usr/local/rustup/toolchains/1.98.1-aarch64-unknown-linux-gnu/lib/rustlib/aarch64-unknown-linux-gnu/lib/libgimli-f28aeee62441776d.rlib
 INFO rustc_metadata::locator lib candidate: /usr/local/rustup/toolchains/1.98.1-aarch64-unknown-linux-gnu/lib/rustlib/aarch64-unknown-linux-gnu/lib/libobject-d659ca1c4445f0ff.rlib
 INFO rustc_metadata::locator lib candidate: /usr/local/rustup/toolchains/1.98.1-aarch64-unknown-linux-gnu/lib/rustlib/aarch64-unknown-linux-gnu/lib/libobject-d659ca1c4445f0ff.rmeta
 INFO rustc_metadata::locator rmeta reading metadata from: /usr/local/rustup/toolchains/1.98.1-aarch64-unknown-linux-gnu/lib/rustlib/aarch64-unknown-linux-gnu/lib/libobject-d659ca1c4445f0ff.rmeta
 INFO rustc_metadata::locator rlib reading metadata from: /usr/local/rustup/toolchains/1.98.1-aarch64-unknown-linux-gnu/lib/rustlib/aarch64-unknown-linux-gnu/lib/libobject-d659ca1c4445f0ff.rlib
 INFO rustc_metadata::locator lib candidate: /usr/local/rustup/toolchains/1.98.1-aarch64-unknown-linux-gnu/lib/rustlib/aarch64-unknown-linux-gnu/lib/libmemchr-740af70dcfdcb340.rlib
 INFO rustc_metadata::locator lib candidate: /usr/local/rustup/toolchains/1.98.1-aarch64-unknown-linux-gnu/lib/rustlib/aarch64-unknown-linux-gnu/lib/libmemchr-740af70dcfdcb340.rmeta
 INFO rustc_metadata::locator rmeta reading metadata from: /usr/local/rustup/toolchains/1.98.1-aarch64-unknown-linux-gnu/lib/rustlib/aarch64-unknown-linux-gnu/lib/libmemchr-740af70dcfdcb340.rmeta
 INFO rustc_metadata::locator rlib reading metadata from: /usr/local/rustup/toolchains/1.98.1-aarch64-unknown-linux-gnu/lib/rustlib/aarch64-unknown-linux-gnu/lib/libmemchr-740af70dcfdcb340.rlib
 INFO rustc_metadata::locator lib candidate: /usr/local/rustup/toolchains/1.98.1-aarch64-unknown-linux-gnu/lib/rustlib/aarch64-unknown-linux-gnu/lib/libpanic_unwind-84356f769662edfe.rlib
 INFO rustc_metadata::locator lib candidate: /usr/local/rustup/toolchains/1.98.1-aarch64-unknown-linux-gnu/lib/rustlib/aarch64-unknown-linux-gnu/lib/libpanic_unwind-84356f769662edfe.rmeta
 INFO rustc_metadata::locator rmeta reading metadata from: /usr/local/rustup/toolchains/1.98.1-aarch64-unknown-linux-gnu/lib/rustlib/aarch64-unknown-linux-gnu/lib/libpanic_unwind-84356f769662edfe.rmeta
 INFO rustc_metadata::locator rlib reading metadata from: /usr/local/rustup/toolchains/1.98.1-aarch64-unknown-linux-gnu/lib/rustlib/aarch64-unknown-linux-gnu/lib/libpanic_unwind-84356f769662edfe.rlib
 INFO rustc_metadata::locator rlib reading metadata from: /evidence/target/debug/deps/librx_domain-604adb34f600faa7.rlib
 INFO rustc_metadata::locator lib candidate: /evidence/target/debug/deps/libserde-d6d8ecf1f3014f69.rlib
 INFO rustc_metadata::locator lib candidate: /evidence/target/debug/deps/libserde-d6d8ecf1f3014f69.rmeta
 INFO rustc_metadata::locator rmeta reading metadata from: /evidence/target/debug/deps/libserde-d6d8ecf1f3014f69.rmeta
 INFO rustc_metadata::locator rlib reading metadata from: /evidence/target/debug/deps/libserde-d6d8ecf1f3014f69.rlib
 INFO rustc_metadata::locator lib candidate: /evidence/target/debug/deps/libserde_derive-433728bc0d92981e.so
 INFO rustc_metadata::locator dylib reading metadata from: /evidence/target/debug/deps/libserde_derive-433728bc0d92981e.so
 INFO rustc_metadata::locator Rejecting via proc macro: expected false got true
 INFO rustc_metadata::locator metadata mismatch
 INFO rustc_metadata::locator lib candidate: /evidence/target/debug/deps/libserde_derive-433728bc0d92981e.so
 INFO rustc_metadata::locator lib candidate: /evidence/target/debug/deps/libserde_derive-433728bc0d92981e.so
 INFO rustc_metadata::locator dylib reading metadata from: /evidence/target/debug/deps/libserde_derive-433728bc0d92981e.so
 INFO rustc_metadata::locator lib candidate: /evidence/target/debug/deps/libserde_core-6f42655a3fc1afa3.rlib
 INFO rustc_metadata::locator lib candidate: /evidence/target/debug/deps/libserde_core-6f42655a3fc1afa3.rmeta
 INFO rustc_metadata::locator rmeta reading metadata from: /evidence/target/debug/deps/libserde_core-6f42655a3fc1afa3.rmeta
 INFO rustc_metadata::locator rlib reading metadata from: /evidence/target/debug/deps/libserde_core-6f42655a3fc1afa3.rlib
 INFO rustc_metadata::locator lib candidate: /evidence/target/debug/deps/libserde_json-11abb16a171c35d7.rlib
 INFO rustc_metadata::locator lib candidate: /evidence/target/debug/deps/libserde_json-11abb16a171c35d7.rmeta
 INFO rustc_metadata::locator rmeta reading metadata from: /evidence/target/debug/deps/libserde_json-11abb16a171c35d7.rmeta
 INFO rustc_metadata::locator rlib reading metadata from: /evidence/target/debug/deps/libserde_json-11abb16a171c35d7.rlib
 INFO rustc_metadata::locator lib candidate: /evidence/target/debug/deps/libitoa-e102cd1e89c6b445.rlib
 INFO rustc_metadata::locator lib candidate: /evidence/target/debug/deps/libitoa-e102cd1e89c6b445.rmeta
 INFO rustc_metadata::locator rmeta reading metadata from: /evidence/target/debug/deps/libitoa-e102cd1e89c6b445.rmeta
 INFO rustc_metadata::locator rlib reading metadata from: /evidence/target/debug/deps/libitoa-e102cd1e89c6b445.rlib
 INFO rustc_metadata::locator lib candidate: /evidence/target/debug/deps/libzmij-a028af3cf5c0c27b.rlib
 INFO rustc_metadata::locator lib candidate: /evidence/target/debug/deps/libzmij-a028af3cf5c0c27b.rmeta
 INFO rustc_metadata::locator rmeta reading metadata from: /evidence/target/debug/deps/libzmij-a028af3cf5c0c27b.rmeta
 INFO rustc_metadata::locator rlib reading metadata from: /evidence/target/debug/deps/libzmij-a028af3cf5c0c27b.rlib
 INFO rustc_metadata::locator lib candidate: /evidence/target/debug/deps/libmemchr-8362a2c5edc2d889.rlib
 INFO rustc_metadata::locator lib candidate: /evidence/target/debug/deps/libmemchr-8362a2c5edc2d889.rmeta
 INFO rustc_metadata::locator rmeta reading metadata from: /evidence/target/debug/deps/libmemchr-8362a2c5edc2d889.rmeta
 INFO rustc_metadata::locator rlib reading metadata from: /evidence/target/debug/deps/libmemchr-8362a2c5edc2d889.rlib
 INFO rustc_metadata::locator lib candidate: /evidence/target/debug/deps/libsha2-87c2a29f79131b25.rlib
 INFO rustc_metadata::locator lib candidate: /evidence/target/debug/deps/libsha2-87c2a29f79131b25.rmeta
 INFO rustc_metadata::locator rmeta reading metadata from: /evidence/target/debug/deps/libsha2-87c2a29f79131b25.rmeta
 INFO rustc_metadata::locator rlib reading metadata from: /evidence/target/debug/deps/libsha2-87c2a29f79131b25.rlib
 INFO rustc_metadata::locator lib candidate: /evidence/target/debug/deps/libdigest-2f251867783bd5a4.rlib
 INFO rustc_metadata::locator lib candidate: /evidence/target/debug/deps/libdigest-2f251867783bd5a4.rmeta
 INFO rustc_metadata::locator rmeta reading metadata from: /evidence/target/debug/deps/libdigest-2f251867783bd5a4.rmeta
 INFO rustc_metadata::locator rlib reading metadata from: /evidence/target/debug/deps/libdigest-2f251867783bd5a4.rlib
 INFO rustc_metadata::locator lib candidate: /evidence/target/debug/deps/libcrypto_common-b0f7f891cf9945a7.rlib
 INFO rustc_metadata::locator lib candidate: /evidence/target/debug/deps/libcrypto_common-b0f7f891cf9945a7.rmeta
 INFO rustc_metadata::locator rmeta reading metadata from: /evidence/target/debug/deps/libcrypto_common-b0f7f891cf9945a7.rmeta
 INFO rustc_metadata::locator rlib reading metadata from: /evidence/target/debug/deps/libcrypto_common-b0f7f891cf9945a7.rlib
 INFO rustc_metadata::locator lib candidate: /evidence/target/debug/deps/libgeneric_array-9ab4e04c59dd2c19.rlib
 INFO rustc_metadata::locator lib candidate: /evidence/target/debug/deps/libgeneric_array-9ab4e04c59dd2c19.rmeta
 INFO rustc_metadata::locator rmeta reading metadata from: /evidence/target/debug/deps/libgeneric_array-9ab4e04c59dd2c19.rmeta
 INFO rustc_metadata::locator rlib reading metadata from: /evidence/target/debug/deps/libgeneric_array-9ab4e04c59dd2c19.rlib
 INFO rustc_metadata::locator lib candidate: /evidence/target/debug/deps/libtypenum-0d86cd7943364998.rlib
 INFO rustc_metadata::locator lib candidate: /evidence/target/debug/deps/libtypenum-0d86cd7943364998.rmeta
 INFO rustc_metadata::locator rmeta reading metadata from: /evidence/target/debug/deps/libtypenum-0d86cd7943364998.rmeta
 INFO rustc_metadata::locator rlib reading metadata from: /evidence/target/debug/deps/libtypenum-0d86cd7943364998.rlib
 INFO rustc_metadata::locator lib candidate: /evidence/target/debug/deps/libblock_buffer-ac617e59152c2d40.rlib
 INFO rustc_metadata::locator lib candidate: /evidence/target/debug/deps/libblock_buffer-ac617e59152c2d40.rmeta
 INFO rustc_metadata::locator rmeta reading metadata from: /evidence/target/debug/deps/libblock_buffer-ac617e59152c2d40.rmeta
 INFO rustc_metadata::locator rlib reading metadata from: /evidence/target/debug/deps/libblock_buffer-ac617e59152c2d40.rlib
 INFO rustc_metadata::locator lib candidate: /evidence/target/debug/deps/libcfg_if-351d99d93356e30d.rlib
 INFO rustc_metadata::locator lib candidate: /evidence/target/debug/deps/libcfg_if-351d99d93356e30d.rmeta
 INFO rustc_metadata::locator rmeta reading metadata from: /evidence/target/debug/deps/libcfg_if-351d99d93356e30d.rmeta
 INFO rustc_metadata::locator rlib reading metadata from: /evidence/target/debug/deps/libcfg_if-351d99d93356e30d.rlib
 INFO rustc_metadata::locator lib candidate: /evidence/target/debug/deps/libthiserror-07e31c065c104b48.rlib
 INFO rustc_metadata::locator lib candidate: /evidence/target/debug/deps/libthiserror-07e31c065c104b48.rmeta
 INFO rustc_metadata::locator rmeta reading metadata from: /evidence/target/debug/deps/libthiserror-07e31c065c104b48.rmeta
 INFO rustc_metadata::locator rlib reading metadata from: /evidence/target/debug/deps/libthiserror-07e31c065c104b48.rlib
 INFO rustc_metadata::locator lib candidate: /evidence/target/debug/deps/libthiserror_impl-4595eaec74c6974c.so
 INFO rustc_metadata::locator dylib reading metadata from: /evidence/target/debug/deps/libthiserror_impl-4595eaec74c6974c.so
 INFO rustc_metadata::locator Rejecting via proc macro: expected false got true
 INFO rustc_metadata::locator metadata mismatch
 INFO rustc_metadata::locator lib candidate: /evidence/target/debug/deps/libthiserror_impl-4595eaec74c6974c.so
 INFO rustc_metadata::locator lib candidate: /evidence/target/debug/deps/libthiserror_impl-4595eaec74c6974c.so
 INFO rustc_metadata::locator dylib reading metadata from: /evidence/target/debug/deps/libthiserror_impl-4595eaec74c6974c.so
 INFO rustc_metadata::locator lib candidate: /evidence/target/debug/deps/libserde_jcs-a7e9c10d7b08fa36.rlib
 INFO rustc_metadata::locator lib candidate: /evidence/target/debug/deps/libserde_jcs-a7e9c10d7b08fa36.rmeta
 INFO rustc_metadata::locator rmeta reading metadata from: /evidence/target/debug/deps/libserde_jcs-a7e9c10d7b08fa36.rmeta
 INFO rustc_metadata::locator rlib reading metadata from: /evidence/target/debug/deps/libserde_jcs-a7e9c10d7b08fa36.rlib
 INFO rustc_metadata::locator lib candidate: /evidence/target/debug/deps/libryu_js-4a94eac673420f44.rlib
 INFO rustc_metadata::locator lib candidate: /evidence/target/debug/deps/libryu_js-4a94eac673420f44.rmeta
 INFO rustc_metadata::locator rmeta reading metadata from: /evidence/target/debug/deps/libryu_js-4a94eac673420f44.rmeta
 INFO rustc_metadata::locator rlib reading metadata from: /evidence/target/debug/deps/libryu_js-4a94eac673420f44.rlib
 INFO rustc_metadata::locator lib candidate: /evidence/target/debug/deps/libuuid-10bf73c9022f40b5.rlib
 INFO rustc_metadata::locator lib candidate: /evidence/target/debug/deps/libuuid-10bf73c9022f40b5.rmeta
 INFO rustc_metadata::locator rmeta reading metadata from: /evidence/target/debug/deps/libuuid-10bf73c9022f40b5.rmeta
 INFO rustc_metadata::locator rlib reading metadata from: /evidence/target/debug/deps/libuuid-10bf73c9022f40b5.rlib
 INFO rustc_metadata::locator lib candidate: /evidence/target/debug/deps/libgetrandom-85bc01ee6776ef35.rlib
 INFO rustc_metadata::locator lib candidate: /evidence/target/debug/deps/libgetrandom-85bc01ee6776ef35.rmeta
 INFO rustc_metadata::locator rmeta reading metadata from: /evidence/target/debug/deps/libgetrandom-85bc01ee6776ef35.rmeta
 INFO rustc_metadata::locator rlib reading metadata from: /evidence/target/debug/deps/libgetrandom-85bc01ee6776ef35.rlib
 INFO rustc_metadata::locator lib candidate: /evidence/target/debug/deps/liblibc-289269b039bba117.rlib
 INFO rustc_metadata::locator lib candidate: /evidence/target/debug/deps/liblibc-289269b039bba117.rmeta
 INFO rustc_metadata::locator rmeta reading metadata from: /evidence/target/debug/deps/liblibc-289269b039bba117.rmeta
 INFO rustc_metadata::locator rlib reading metadata from: /evidence/target/debug/deps/liblibc-289269b039bba117.rlib
 INFO rustc_metadata::locator rlib reading metadata from: /evidence/target/debug/deps/librx_package-26fea21b4d8d651b.rlib
 INFO rustc_metadata::locator lib candidate: /evidence/target/debug/deps/libcap_fs_ext-81cc37eb885e2350.rlib
 INFO rustc_metadata::locator lib candidate: /evidence/target/debug/deps/libcap_fs_ext-81cc37eb885e2350.rmeta
 INFO rustc_metadata::locator rmeta reading metadata from: /evidence/target/debug/deps/libcap_fs_ext-81cc37eb885e2350.rmeta
 INFO rustc_metadata::locator rlib reading metadata from: /evidence/target/debug/deps/libcap_fs_ext-81cc37eb885e2350.rlib
 INFO rustc_metadata::locator lib candidate: /evidence/target/debug/deps/libcap_primitives-48bf6708e2a71608.rlib
 INFO rustc_metadata::locator lib candidate: /evidence/target/debug/deps/libcap_primitives-48bf6708e2a71608.rmeta
 INFO rustc_metadata::locator rmeta reading metadata from: /evidence/target/debug/deps/libcap_primitives-48bf6708e2a71608.rmeta
 INFO rustc_metadata::locator rlib reading metadata from: /evidence/target/debug/deps/libcap_primitives-48bf6708e2a71608.rlib
 INFO rustc_metadata::locator lib candidate: /evidence/target/debug/deps/librustix-99c2fd42b5875ba2.rlib
 INFO rustc_metadata::locator lib candidate: /evidence/target/debug/deps/librustix-99c2fd42b5875ba2.rmeta
 INFO rustc_metadata::locator rmeta reading metadata from: /evidence/target/debug/deps/librustix-99c2fd42b5875ba2.rmeta
 INFO rustc_metadata::locator rlib reading metadata from: /evidence/target/debug/deps/librustix-99c2fd42b5875ba2.rlib
 INFO rustc_metadata::locator lib candidate: /evidence/target/debug/deps/liblinux_raw_sys-39deb64a3f2230ca.rlib
 INFO rustc_metadata::locator lib candidate: /evidence/target/debug/deps/liblinux_raw_sys-39deb64a3f2230ca.rmeta
 INFO rustc_metadata::locator rmeta reading metadata from: /evidence/target/debug/deps/liblinux_raw_sys-39deb64a3f2230ca.rmeta
 INFO rustc_metadata::locator rlib reading metadata from: /evidence/target/debug/deps/liblinux_raw_sys-39deb64a3f2230ca.rlib
 INFO rustc_metadata::locator lib candidate: /evidence/target/debug/deps/libbitflags-78c58f5cfbdecd4f.rlib
 INFO rustc_metadata::locator lib candidate: /evidence/target/debug/deps/libbitflags-78c58f5cfbdecd4f.rmeta
 INFO rustc_metadata::locator rmeta reading metadata from: /evidence/target/debug/deps/libbitflags-78c58f5cfbdecd4f.rmeta
 INFO rustc_metadata::locator rlib reading metadata from: /evidence/target/debug/deps/libbitflags-78c58f5cfbdecd4f.rlib
 INFO rustc_metadata::locator lib candidate: /evidence/target/debug/deps/libambient_authority-5b184d9ed50157fe.rlib
 INFO rustc_metadata::locator lib candidate: /evidence/target/debug/deps/libambient_authority-5b184d9ed50157fe.rmeta
 INFO rustc_metadata::locator rmeta reading metadata from: /evidence/target/debug/deps/libambient_authority-5b184d9ed50157fe.rmeta
 INFO rustc_metadata::locator rlib reading metadata from: /evidence/target/debug/deps/libambient_authority-5b184d9ed50157fe.rlib
 INFO rustc_metadata::locator lib candidate: /evidence/target/debug/deps/libio_lifetimes-c1ef7d17e7321cf4.rlib
 INFO rustc_metadata::locator lib candidate: /evidence/target/debug/deps/libio_lifetimes-c1ef7d17e7321cf4.rmeta
 INFO rustc_metadata::locator rmeta reading metadata from: /evidence/target/debug/deps/libio_lifetimes-c1ef7d17e7321cf4.rmeta
 INFO rustc_metadata::locator rlib reading metadata from: /evidence/target/debug/deps/libio_lifetimes-c1ef7d17e7321cf4.rlib
 INFO rustc_metadata::locator lib candidate: /evidence/target/debug/deps/libio_extras-1a406e7f31a34d97.rlib
 INFO rustc_metadata::locator lib candidate: /evidence/target/debug/deps/libio_extras-1a406e7f31a34d97.rmeta
 INFO rustc_metadata::locator rmeta reading metadata from: /evidence/target/debug/deps/libio_extras-1a406e7f31a34d97.rmeta
 INFO rustc_metadata::locator rlib reading metadata from: /evidence/target/debug/deps/libio_extras-1a406e7f31a34d97.rlib
 INFO rustc_metadata::locator lib candidate: /evidence/target/debug/deps/librustix_linux_procfs-8b64759b9ecb8c56.rlib
 INFO rustc_metadata::locator lib candidate: /evidence/target/debug/deps/librustix_linux_procfs-8b64759b9ecb8c56.rmeta
 INFO rustc_metadata::locator rmeta reading metadata from: /evidence/target/debug/deps/librustix_linux_procfs-8b64759b9ecb8c56.rmeta
 INFO rustc_metadata::locator rlib reading metadata from: /evidence/target/debug/deps/librustix_linux_procfs-8b64759b9ecb8c56.rlib
 INFO rustc_metadata::locator lib candidate: /evidence/target/debug/deps/libonce_cell-ffd422e11c4c1e92.rlib
 INFO rustc_metadata::locator lib candidate: /evidence/target/debug/deps/libonce_cell-ffd422e11c4c1e92.rmeta
 INFO rustc_metadata::locator rmeta reading metadata from: /evidence/target/debug/deps/libonce_cell-ffd422e11c4c1e92.rmeta
 INFO rustc_metadata::locator rlib reading metadata from: /evidence/target/debug/deps/libonce_cell-ffd422e11c4c1e92.rlib
 INFO rustc_metadata::locator lib candidate: /evidence/target/debug/deps/libmaybe_owned-6930e671efff6c8a.rlib
 INFO rustc_metadata::locator lib candidate: /evidence/target/debug/deps/libmaybe_owned-6930e671efff6c8a.rmeta
 INFO rustc_metadata::locator rmeta reading metadata from: /evidence/target/debug/deps/libmaybe_owned-6930e671efff6c8a.rmeta
 INFO rustc_metadata::locator rlib reading metadata from: /evidence/target/debug/deps/libmaybe_owned-6930e671efff6c8a.rlib
 INFO rustc_metadata::locator lib candidate: /evidence/target/debug/deps/libipnet-e1b868830d5d2970.rlib
 INFO rustc_metadata::locator lib candidate: /evidence/target/debug/deps/libipnet-e1b868830d5d2970.rmeta
 INFO rustc_metadata::locator rmeta reading metadata from: /evidence/target/debug/deps/libipnet-e1b868830d5d2970.rmeta
 INFO rustc_metadata::locator rlib reading metadata from: /evidence/target/debug/deps/libipnet-e1b868830d5d2970.rlib
 INFO rustc_metadata::locator lib candidate: /evidence/target/debug/deps/libfs_set_times-a6a37d92d3efc37c.rlib
 INFO rustc_metadata::locator lib candidate: /evidence/target/debug/deps/libfs_set_times-a6a37d92d3efc37c.rmeta
 INFO rustc_metadata::locator rmeta reading metadata from: /evidence/target/debug/deps/libfs_set_times-a6a37d92d3efc37c.rmeta
 INFO rustc_metadata::locator rlib reading metadata from: /evidence/target/debug/deps/libfs_set_times-a6a37d92d3efc37c.rlib
 INFO rustc_metadata::locator lib candidate: /evidence/target/debug/deps/libio_lifetimes-a8fe4e958e980692.rlib
 INFO rustc_metadata::locator lib candidate: /evidence/target/debug/deps/libio_lifetimes-a8fe4e958e980692.rmeta
 INFO rustc_metadata::locator rmeta reading metadata from: /evidence/target/debug/deps/libio_lifetimes-a8fe4e958e980692.rmeta
 INFO rustc_metadata::locator rlib reading metadata from: /evidence/target/debug/deps/libio_lifetimes-a8fe4e958e980692.rlib
 INFO rustc_metadata::locator lib candidate: /evidence/target/debug/deps/libcap_std-1515949f44ca7d5f.rlib
 INFO rustc_metadata::locator lib candidate: /evidence/target/debug/deps/libcap_std-1515949f44ca7d5f.rmeta
 INFO rustc_metadata::locator rmeta reading metadata from: /evidence/target/debug/deps/libcap_std-1515949f44ca7d5f.rmeta
 INFO rustc_metadata::locator rlib reading metadata from: /evidence/target/debug/deps/libcap_std-1515949f44ca7d5f.rlib
 INFO rustc_metadata::locator lib candidate: /evidence/target/debug/deps/libed25519_dalek-f4dab47b8bae84fe.rlib
 INFO rustc_metadata::locator lib candidate: /evidence/target/debug/deps/libed25519_dalek-f4dab47b8bae84fe.rmeta
 INFO rustc_metadata::locator rmeta reading metadata from: /evidence/target/debug/deps/libed25519_dalek-f4dab47b8bae84fe.rmeta
 INFO rustc_metadata::locator rlib reading metadata from: /evidence/target/debug/deps/libed25519_dalek-f4dab47b8bae84fe.rlib
 INFO rustc_metadata::locator lib candidate: /evidence/target/debug/deps/libed25519-0c10bc87a437ace4.rlib
 INFO rustc_metadata::locator lib candidate: /evidence/target/debug/deps/libed25519-0c10bc87a437ace4.rmeta
 INFO rustc_metadata::locator rmeta reading metadata from: /evidence/target/debug/deps/libed25519-0c10bc87a437ace4.rmeta
 INFO rustc_metadata::locator rlib reading metadata from: /evidence/target/debug/deps/libed25519-0c10bc87a437ace4.rlib
 INFO rustc_metadata::locator lib candidate: /evidence/target/debug/deps/libsignature-8f50d4aed0dc4930.rlib
 INFO rustc_metadata::locator lib candidate: /evidence/target/debug/deps/libsignature-8f50d4aed0dc4930.rmeta
 INFO rustc_metadata::locator rmeta reading metadata from: /evidence/target/debug/deps/libsignature-8f50d4aed0dc4930.rmeta
 INFO rustc_metadata::locator rlib reading metadata from: /evidence/target/debug/deps/libsignature-8f50d4aed0dc4930.rlib
 INFO rustc_metadata::locator lib candidate: /evidence/target/debug/deps/libcurve25519_dalek-d21e31a2e64cdc3f.rlib
 INFO rustc_metadata::locator lib candidate: /evidence/target/debug/deps/libcurve25519_dalek-d21e31a2e64cdc3f.rmeta
 INFO rustc_metadata::locator rmeta reading metadata from: /evidence/target/debug/deps/libcurve25519_dalek-d21e31a2e64cdc3f.rmeta
 INFO rustc_metadata::locator rlib reading metadata from: /evidence/target/debug/deps/libcurve25519_dalek-d21e31a2e64cdc3f.rlib
 INFO rustc_metadata::locator lib candidate: /evidence/target/debug/deps/libdigest-8c4c5624f911cdc8.rlib
 INFO rustc_metadata::locator lib candidate: /evidence/target/debug/deps/libdigest-8c4c5624f911cdc8.rmeta
 INFO rustc_metadata::locator rmeta reading metadata from: /evidence/target/debug/deps/libdigest-8c4c5624f911cdc8.rmeta
 INFO rustc_metadata::locator rlib reading metadata from: /evidence/target/debug/deps/libdigest-8c4c5624f911cdc8.rlib
 INFO rustc_metadata::locator lib candidate: /evidence/target/debug/deps/libblock_buffer-caa6c6420f30fe81.rlib
 INFO rustc_metadata::locator lib candidate: /evidence/target/debug/deps/libblock_buffer-caa6c6420f30fe81.rmeta
 INFO rustc_metadata::locator rmeta reading metadata from: /evidence/target/debug/deps/libblock_buffer-caa6c6420f30fe81.rmeta
 INFO rustc_metadata::locator rlib reading metadata from: /evidence/target/debug/deps/libblock_buffer-caa6c6420f30fe81.rlib
 INFO rustc_metadata::locator lib candidate: /evidence/target/debug/deps/libhybrid_array-23621187ae7f671b.rlib
 INFO rustc_metadata::locator lib candidate: /evidence/target/debug/deps/libhybrid_array-23621187ae7f671b.rmeta
 INFO rustc_metadata::locator rmeta reading metadata from: /evidence/target/debug/deps/libhybrid_array-23621187ae7f671b.rmeta
 INFO rustc_metadata::locator rlib reading metadata from: /evidence/target/debug/deps/libhybrid_array-23621187ae7f671b.rlib
 INFO rustc_metadata::locator lib candidate: /evidence/target/debug/deps/libcrypto_common-974c5d9814b55439.rlib
 INFO rustc_metadata::locator lib candidate: /evidence/target/debug/deps/libcrypto_common-974c5d9814b55439.rmeta
 INFO rustc_metadata::locator rmeta reading metadata from: /evidence/target/debug/deps/libcrypto_common-974c5d9814b55439.rmeta
 INFO rustc_metadata::locator rlib reading metadata from: /evidence/target/debug/deps/libcrypto_common-974c5d9814b55439.rlib
 INFO rustc_metadata::locator lib candidate: /evidence/target/debug/deps/libsubtle-191bfb3abf9fd829.rlib
 INFO rustc_metadata::locator lib candidate: /evidence/target/debug/deps/libsubtle-191bfb3abf9fd829.rmeta
 INFO rustc_metadata::locator rmeta reading metadata from: /evidence/target/debug/deps/libsubtle-191bfb3abf9fd829.rmeta
 INFO rustc_metadata::locator rlib reading metadata from: /evidence/target/debug/deps/libsubtle-191bfb3abf9fd829.rlib
 INFO rustc_metadata::locator lib candidate: /evidence/target/debug/deps/libzeroize-cec3ceb8163a75e0.rlib
 INFO rustc_metadata::locator lib candidate: /evidence/target/debug/deps/libzeroize-cec3ceb8163a75e0.rmeta
 INFO rustc_metadata::locator rmeta reading metadata from: /evidence/target/debug/deps/libzeroize-cec3ceb8163a75e0.rmeta
 INFO rustc_metadata::locator rlib reading metadata from: /evidence/target/debug/deps/libzeroize-cec3ceb8163a75e0.rlib
 INFO rustc_metadata::locator lib candidate: /evidence/target/debug/deps/libsha2-9edbc87a5bc3d9a2.rlib
 INFO rustc_metadata::locator lib candidate: /evidence/target/debug/deps/libsha2-9edbc87a5bc3d9a2.rmeta
 INFO rustc_metadata::locator rmeta reading metadata from: /evidence/target/debug/deps/libsha2-9edbc87a5bc3d9a2.rmeta
 INFO rustc_metadata::locator rlib reading metadata from: /evidence/target/debug/deps/libsha2-9edbc87a5bc3d9a2.rlib
 INFO rustc_metadata::locator lib candidate: /evidence/target/debug/deps/libcpufeatures-7ffd90a8a3c01f4b.rlib
 INFO rustc_metadata::locator lib candidate: /evidence/target/debug/deps/libcpufeatures-7ffd90a8a3c01f4b.rmeta
 INFO rustc_metadata::locator rmeta reading metadata from: /evidence/target/debug/deps/libcpufeatures-7ffd90a8a3c01f4b.rmeta
 INFO rustc_metadata::locator rlib reading metadata from: /evidence/target/debug/deps/libcpufeatures-7ffd90a8a3c01f4b.rlib
 INFO rustc_metadata::locator lib candidate: /evidence/target/debug/deps/librx_ports-4fb1315306ceee2b.rlib
 INFO rustc_metadata::locator lib candidate: /evidence/target/debug/deps/librx_ports-4fb1315306ceee2b.rmeta
 INFO rustc_metadata::locator rmeta reading metadata from: /evidence/target/debug/deps/librx_ports-4fb1315306ceee2b.rmeta
 INFO rustc_metadata::locator rlib reading metadata from: /evidence/target/debug/deps/librx_ports-4fb1315306ceee2b.rlib
 INFO rustc_metadata::locator lib candidate: /evidence/target/debug/deps/libtempfile-b38700c1d9fac7a9.rlib
 INFO rustc_metadata::locator lib candidate: /evidence/target/debug/deps/libtempfile-b38700c1d9fac7a9.rmeta
 INFO rustc_metadata::locator rmeta reading metadata from: /evidence/target/debug/deps/libtempfile-b38700c1d9fac7a9.rmeta
 INFO rustc_metadata::locator rlib reading metadata from: /evidence/target/debug/deps/libtempfile-b38700c1d9fac7a9.rlib
 INFO rustc_metadata::locator lib candidate: /evidence/target/debug/deps/libfastrand-bb19cc68fc148705.rlib
 INFO rustc_metadata::locator lib candidate: /evidence/target/debug/deps/libfastrand-bb19cc68fc148705.rmeta
 INFO rustc_metadata::locator rmeta reading metadata from: /evidence/target/debug/deps/libfastrand-bb19cc68fc148705.rmeta
 INFO rustc_metadata::locator rlib reading metadata from: /evidence/target/debug/deps/libfastrand-bb19cc68fc148705.rlib
 INFO rustc_metadata::locator lib candidate: /evidence/target/debug/deps/libsemver-fdb5d8adc8815b21.rlib
 INFO rustc_metadata::locator lib candidate: /evidence/target/debug/deps/libsemver-fdb5d8adc8815b21.rmeta
 INFO rustc_metadata::locator rmeta reading metadata from: /evidence/target/debug/deps/libsemver-fdb5d8adc8815b21.rmeta
 INFO rustc_metadata::locator rlib reading metadata from: /evidence/target/debug/deps/libsemver-fdb5d8adc8815b21.rlib
 INFO rustc_metadata::locator rlib reading metadata from: /evidence/target/debug/deps/librx_solution_catalog-5e4212b4a7b19a39.rlib
 INFO rustc_metadata::locator rlib reading metadata from: /evidence/target/debug/deps/librx_storage-ae99c231a105c93d.rlib
 INFO rustc_metadata::locator lib candidate: /evidence/target/debug/deps/librusqlite-3b427659af6e04d7.rlib
 INFO rustc_metadata::locator lib candidate: /evidence/target/debug/deps/librusqlite-3b427659af6e04d7.rmeta
 INFO rustc_metadata::locator rmeta reading metadata from: /evidence/target/debug/deps/librusqlite-3b427659af6e04d7.rmeta
 INFO rustc_metadata::locator rlib reading metadata from: /evidence/target/debug/deps/librusqlite-3b427659af6e04d7.rlib
 INFO rustc_metadata::locator lib candidate: /evidence/target/debug/deps/libfallible_iterator-df3754dc8841f3cd.rlib
 INFO rustc_metadata::locator lib candidate: /evidence/target/debug/deps/libfallible_iterator-df3754dc8841f3cd.rmeta
 INFO rustc_metadata::locator rmeta reading metadata from: /evidence/target/debug/deps/libfallible_iterator-df3754dc8841f3cd.rmeta
 INFO rustc_metadata::locator rlib reading metadata from: /evidence/target/debug/deps/libfallible_iterator-df3754dc8841f3cd.rlib
 INFO rustc_metadata::locator lib candidate: /evidence/target/debug/deps/libfallible_streaming_iterator-95b74a03303b316f.rlib
 INFO rustc_metadata::locator lib candidate: /evidence/target/debug/deps/libfallible_streaming_iterator-95b74a03303b316f.rmeta
 INFO rustc_metadata::locator rmeta reading metadata from: /evidence/target/debug/deps/libfallible_streaming_iterator-95b74a03303b316f.rmeta
 INFO rustc_metadata::locator rlib reading metadata from: /evidence/target/debug/deps/libfallible_streaming_iterator-95b74a03303b316f.rlib
 INFO rustc_metadata::locator lib candidate: /evidence/target/debug/deps/liblibsqlite3_sys-fa101a01a8f434c6.rlib
 INFO rustc_metadata::locator lib candidate: /evidence/target/debug/deps/liblibsqlite3_sys-fa101a01a8f434c6.rmeta
 INFO rustc_metadata::locator rmeta reading metadata from: /evidence/target/debug/deps/liblibsqlite3_sys-fa101a01a8f434c6.rmeta
 INFO rustc_metadata::locator rlib reading metadata from: /evidence/target/debug/deps/liblibsqlite3_sys-fa101a01a8f434c6.rlib
 INFO rustc_metadata::locator lib candidate: /evidence/target/debug/deps/libhashlink-2576bb39cf95ce8f.rlib
 INFO rustc_metadata::locator lib candidate: /evidence/target/debug/deps/libhashlink-2576bb39cf95ce8f.rmeta
 INFO rustc_metadata::locator rmeta reading metadata from: /evidence/target/debug/deps/libhashlink-2576bb39cf95ce8f.rmeta
 INFO rustc_metadata::locator rlib reading metadata from: /evidence/target/debug/deps/libhashlink-2576bb39cf95ce8f.rlib
 INFO rustc_metadata::locator lib candidate: /evidence/target/debug/deps/libhashbrown-524905c6d9ffb340.rlib
 INFO rustc_metadata::locator lib candidate: /evidence/target/debug/deps/libhashbrown-524905c6d9ffb340.rmeta
 INFO rustc_metadata::locator rmeta reading metadata from: /evidence/target/debug/deps/libhashbrown-524905c6d9ffb340.rmeta
 INFO rustc_metadata::locator rlib reading metadata from: /evidence/target/debug/deps/libhashbrown-524905c6d9ffb340.rlib
 INFO rustc_metadata::locator lib candidate: /evidence/target/debug/deps/libfoldhash-b155e1a4134d8a92.rlib
 INFO rustc_metadata::locator lib candidate: /evidence/target/debug/deps/libfoldhash-b155e1a4134d8a92.rmeta
 INFO rustc_metadata::locator rmeta reading metadata from: /evidence/target/debug/deps/libfoldhash-b155e1a4134d8a92.rmeta
 INFO rustc_metadata::locator rlib reading metadata from: /evidence/target/debug/deps/libfoldhash-b155e1a4134d8a92.rlib
 INFO rustc_metadata::locator lib candidate: /evidence/target/debug/deps/libsmallvec-bf2a713eef285846.rlib
 INFO rustc_metadata::locator lib candidate: /evidence/target/debug/deps/libsmallvec-bf2a713eef285846.rmeta
 INFO rustc_metadata::locator rmeta reading metadata from: /evidence/target/debug/deps/libsmallvec-bf2a713eef285846.rmeta
 INFO rustc_metadata::locator rlib reading metadata from: /evidence/target/debug/deps/libsmallvec-bf2a713eef285846.rlib
 INFO rustc_metadata::locator rlib reading metadata from: /evidence/target/debug/deps/librx_supervisor-786f072476d4c073.rlib
 INFO rustc_metadata::locator lib candidate: /evidence/target/debug/deps/librx_service_status-090ec8556636269b.rlib
 INFO rustc_metadata::locator lib candidate: /evidence/target/debug/deps/librx_service_status-090ec8556636269b.rmeta
 INFO rustc_metadata::locator rmeta reading metadata from: /evidence/target/debug/deps/librx_service_status-090ec8556636269b.rmeta
 INFO rustc_metadata::locator rlib reading metadata from: /evidence/target/debug/deps/librx_service_status-090ec8556636269b.rlib
 INFO rustc_metadata::locator lib candidate: /evidence/target/debug/deps/libtokio-044bf9ed74f19349.rlib
 INFO rustc_metadata::locator lib candidate: /evidence/target/debug/deps/libtokio-044bf9ed74f19349.rmeta
 INFO rustc_metadata::locator rmeta reading metadata from: /evidence/target/debug/deps/libtokio-044bf9ed74f19349.rmeta
 INFO rustc_metadata::locator rlib reading metadata from: /evidence/target/debug/deps/libtokio-044bf9ed74f19349.rlib
 INFO rustc_metadata::locator lib candidate: /evidence/target/debug/deps/libpin_project_lite-128b649650ae9fd2.rlib
 INFO rustc_metadata::locator lib candidate: /evidence/target/debug/deps/libpin_project_lite-128b649650ae9fd2.rmeta
 INFO rustc_metadata::locator rmeta reading metadata from: /evidence/target/debug/deps/libpin_project_lite-128b649650ae9fd2.rmeta
 INFO rustc_metadata::locator rlib reading metadata from: /evidence/target/debug/deps/libpin_project_lite-128b649650ae9fd2.rlib
 INFO rustc_metadata::locator lib candidate: /evidence/target/debug/deps/libmio-6deeece5184d3642.rlib
 INFO rustc_metadata::locator lib candidate: /evidence/target/debug/deps/libmio-6deeece5184d3642.rmeta
 INFO rustc_metadata::locator rmeta reading metadata from: /evidence/target/debug/deps/libmio-6deeece5184d3642.rmeta
 INFO rustc_metadata::locator rlib reading metadata from: /evidence/target/debug/deps/libmio-6deeece5184d3642.rlib
 INFO rustc_metadata::locator lib candidate: /evidence/target/debug/deps/libtokio_macros-fb39fdc61eb79b49.so
 INFO rustc_metadata::locator dylib reading metadata from: /evidence/target/debug/deps/libtokio_macros-fb39fdc61eb79b49.so
 INFO rustc_metadata::locator Rejecting via proc macro: expected false got true
 INFO rustc_metadata::locator metadata mismatch
 INFO rustc_metadata::locator lib candidate: /evidence/target/debug/deps/libtokio_macros-fb39fdc61eb79b49.so
 INFO rustc_metadata::locator lib candidate: /evidence/target/debug/deps/libtokio_macros-fb39fdc61eb79b49.so
 INFO rustc_metadata::locator dylib reading metadata from: /evidence/target/debug/deps/libtokio_macros-fb39fdc61eb79b49.so
 INFO rustc_metadata::locator lib candidate: /evidence/target/debug/deps/libsignal_hook_registry-9e48a56de7ca3294.rlib
 INFO rustc_metadata::locator lib candidate: /evidence/target/debug/deps/libsignal_hook_registry-9e48a56de7ca3294.rmeta
 INFO rustc_metadata::locator rmeta reading metadata from: /evidence/target/debug/deps/libsignal_hook_registry-9e48a56de7ca3294.rmeta
 INFO rustc_metadata::locator rlib reading metadata from: /evidence/target/debug/deps/libsignal_hook_registry-9e48a56de7ca3294.rlib
 INFO rustc_metadata::locator lib candidate: /evidence/target/debug/deps/liberrno-a38fc325b291caf3.rlib
 INFO rustc_metadata::locator lib candidate: /evidence/target/debug/deps/liberrno-a38fc325b291caf3.rmeta
 INFO rustc_metadata::locator rmeta reading metadata from: /evidence/target/debug/deps/liberrno-a38fc325b291caf3.rmeta
 INFO rustc_metadata::locator rlib reading metadata from: /evidence/target/debug/deps/liberrno-a38fc325b291caf3.rlib
 INFO rustc_metadata::locator rlib reading metadata from: /evidence/target/debug/deps/libserde-d6d8ecf1f3014f69.rlib
 INFO rustc_metadata::locator lib candidate: /usr/local/rustup/toolchains/1.98.1-aarch64-unknown-linux-gnu/lib/rustlib/aarch64-unknown-linux-gnu/lib/libstd-96c9fe7a07d47cf2.rlib
 INFO rustc_metadata::locator lib candidate: /usr/local/rustup/toolchains/1.98.1-aarch64-unknown-linux-gnu/lib/rustlib/aarch64-unknown-linux-gnu/lib/libstd_detect-744cebc7daba8a68.rlib
 INFO rustc_metadata::locator lib candidate: /usr/local/rustup/toolchains/1.98.1-aarch64-unknown-linux-gnu/lib/rustlib/aarch64-unknown-linux-gnu/lib/libstd-96c9fe7a07d47cf2.rmeta
 INFO rustc_metadata::locator lib candidate: /usr/local/rustup/toolchains/1.98.1-aarch64-unknown-linux-gnu/lib/rustlib/aarch64-unknown-linux-gnu/lib/libstd_detect-744cebc7daba8a68.rmeta
 INFO rustc_metadata::locator lib candidate: /usr/local/rustup/toolchains/1.98.1-aarch64-unknown-linux-gnu/lib/rustlib/aarch64-unknown-linux-gnu/lib/libstd-96c9fe7a07d47cf2.so
 INFO rustc_metadata::locator rmeta reading metadata from: /usr/local/rustup/toolchains/1.98.1-aarch64-unknown-linux-gnu/lib/rustlib/aarch64-unknown-linux-gnu/lib/libstd-96c9fe7a07d47cf2.rmeta
 INFO rustc_metadata::locator rlib reading metadata from: /usr/local/rustup/toolchains/1.98.1-aarch64-unknown-linux-gnu/lib/rustlib/aarch64-unknown-linux-gnu/lib/libstd-96c9fe7a07d47cf2.rlib
 INFO rustc_metadata::locator dylib reading metadata from: /usr/local/rustup/toolchains/1.98.1-aarch64-unknown-linux-gnu/lib/rustlib/aarch64-unknown-linux-gnu/lib/libstd-96c9fe7a07d47cf2.so
 INFO rustc_metadata::locator rmeta reading metadata from: /usr/local/rustup/toolchains/1.98.1-aarch64-unknown-linux-gnu/lib/rustlib/aarch64-unknown-linux-gnu/lib/libstd_detect-744cebc7daba8a68.rmeta
 INFO rustc_metadata::locator Rejecting via crate name
 INFO rustc_metadata::locator metadata mismatch
 INFO rustc_metadata::locator rlib reading metadata from: /usr/local/rustup/toolchains/1.98.1-aarch64-unknown-linux-gnu/lib/rustlib/aarch64-unknown-linux-gnu/lib/libstd_detect-744cebc7daba8a68.rlib
 INFO rustc_metadata::locator Rejecting via crate name
 INFO rustc_metadata::locator metadata mismatch
 INFO rustc_metadata::locator rlib reading metadata from: /evidence/target/debug/deps/libserde-d6d8ecf1f3014f69.rlib
 INFO rustc_metadata::locator rlib reading metadata from: /evidence/target/debug/deps/libtokio-044bf9ed74f19349.rlib
 INFO rustc_metadata::locator rlib reading metadata from: /evidence/target/debug/deps/libserde_json-11abb16a171c35d7.rlib
 INFO rustc_metadata::locator rlib reading metadata from: /evidence/target/debug/deps/librx_domain-604adb34f600faa7.rlib
 INFO rustc_metadata::locator rlib reading metadata from: /evidence/target/debug/deps/librx_package-26fea21b4d8d651b.rlib
 INFO rustc_metadata::locator rlib reading metadata from: /evidence/target/debug/deps/librx_solution_catalog-5e4212b4a7b19a39.rlib
 INFO rustc_metadata::locator rlib reading metadata from: /evidence/target/debug/deps/librx_storage-ae99c231a105c93d.rlib
 INFO rustc_metadata::locator rlib reading metadata from: /evidence/target/debug/deps/librx_supervisor-786f072476d4c073.rlib
 INFO rustc_metadata::locator rlib reading metadata from: /evidence/target/debug/deps/libserde-d6d8ecf1f3014f69.rlib
 INFO rustc_metadata::locator lib candidate: /usr/local/rustup/toolchains/1.98.1-aarch64-unknown-linux-gnu/lib/rustlib/aarch64-unknown-linux-gnu/lib/libstd-96c9fe7a07d47cf2.rlib
 INFO rustc_metadata::locator lib candidate: /usr/local/rustup/toolchains/1.98.1-aarch64-unknown-linux-gnu/lib/rustlib/aarch64-unknown-linux-gnu/lib/libstd_detect-744cebc7daba8a68.rlib
 INFO rustc_metadata::locator lib candidate: /usr/local/rustup/toolchains/1.98.1-aarch64-unknown-linux-gnu/lib/rustlib/aarch64-unknown-linux-gnu/lib/libstd-96c9fe7a07d47cf2.rmeta
 INFO rustc_metadata::locator lib candidate: /usr/local/rustup/toolchains/1.98.1-aarch64-unknown-linux-gnu/lib/rustlib/aarch64-unknown-linux-gnu/lib/libstd_detect-744cebc7daba8a68.rmeta
 INFO rustc_metadata::locator lib candidate: /usr/local/rustup/toolchains/1.98.1-aarch64-unknown-linux-gnu/lib/rustlib/aarch64-unknown-linux-gnu/lib/libstd-96c9fe7a07d47cf2.so
 INFO rustc_metadata::locator rmeta reading metadata from: /usr/local/rustup/toolchains/1.98.1-aarch64-unknown-linux-gnu/lib/rustlib/aarch64-unknown-linux-gnu/lib/libstd-96c9fe7a07d47cf2.rmeta
 INFO rustc_metadata::locator rlib reading metadata from: /usr/local/rustup/toolchains/1.98.1-aarch64-unknown-linux-gnu/lib/rustlib/aarch64-unknown-linux-gnu/lib/libstd-96c9fe7a07d47cf2.rlib
 INFO rustc_metadata::locator dylib reading metadata from: /usr/local/rustup/toolchains/1.98.1-aarch64-unknown-linux-gnu/lib/rustlib/aarch64-unknown-linux-gnu/lib/libstd-96c9fe7a07d47cf2.so
 INFO rustc_metadata::locator rmeta reading metadata from: /usr/local/rustup/toolchains/1.98.1-aarch64-unknown-linux-gnu/lib/rustlib/aarch64-unknown-linux-gnu/lib/libstd_detect-744cebc7daba8a68.rmeta
 INFO rustc_metadata::locator Rejecting via crate name
 INFO rustc_metadata::locator metadata mismatch
 INFO rustc_metadata::locator rlib reading metadata from: /usr/local/rustup/toolchains/1.98.1-aarch64-unknown-linux-gnu/lib/rustlib/aarch64-unknown-linux-gnu/lib/libstd_detect-744cebc7daba8a68.rlib
 INFO rustc_metadata::locator Rejecting via crate name
 INFO rustc_metadata::locator metadata mismatch
 INFO rustc_metadata::locator rlib reading metadata from: /evidence/target/debug/deps/libtokio-044bf9ed74f19349.rlib
 INFO rustc_metadata::locator rlib reading metadata from: /evidence/target/debug/deps/libserde_json-11abb16a171c35d7.rlib
 INFO rustc_metadata::locator rlib reading metadata from: /evidence/target/debug/deps/librx_service_status-090ec8556636269b.rlib
 INFO rustc_metadata::locator lib candidate: /usr/local/rustup/toolchains/1.98.1-aarch64-unknown-linux-gnu/lib/rustlib/aarch64-unknown-linux-gnu/lib/libcore-276de952897abe1c.rlib
 INFO rustc_metadata::locator lib candidate: /usr/local/rustup/toolchains/1.98.1-aarch64-unknown-linux-gnu/lib/rustlib/aarch64-unknown-linux-gnu/lib/libcore-276de952897abe1c.rmeta
 INFO rustc_metadata::locator rmeta reading metadata from: /usr/local/rustup/toolchains/1.98.1-aarch64-unknown-linux-gnu/lib/rustlib/aarch64-unknown-linux-gnu/lib/libcore-276de952897abe1c.rmeta
 INFO rustc_metadata::locator rlib reading metadata from: /usr/local/rustup/toolchains/1.98.1-aarch64-unknown-linux-gnu/lib/rustlib/aarch64-unknown-linux-gnu/lib/libcore-276de952897abe1c.rlib
 INFO rustc_metadata::locator lib candidate: /usr/local/rustup/toolchains/1.98.1-aarch64-unknown-linux-gnu/lib/rustlib/aarch64-unknown-linux-gnu/lib/libpanic_unwind-84356f769662edfe.rlib
 INFO rustc_metadata::locator lib candidate: /usr/local/rustup/toolchains/1.98.1-aarch64-unknown-linux-gnu/lib/rustlib/aarch64-unknown-linux-gnu/lib/libpanic_unwind-84356f769662edfe.rmeta
 INFO rustc_metadata::locator rmeta reading metadata from: /usr/local/rustup/toolchains/1.98.1-aarch64-unknown-linux-gnu/lib/rustlib/aarch64-unknown-linux-gnu/lib/libpanic_unwind-84356f769662edfe.rmeta
 INFO rustc_metadata::locator rlib reading metadata from: /usr/local/rustup/toolchains/1.98.1-aarch64-unknown-linux-gnu/lib/rustlib/aarch64-unknown-linux-gnu/lib/libpanic_unwind-84356f769662edfe.rlib
    Finished `dev` profile [unoptimized + debuginfo] target(s) in 9.18s
