#0 building with "desktop-linux" instance using docker driver

#1 [internal] load build definition from Solutions.Dockerfile
#1 transferring dockerfile: 7.78kB done
#1 DONE 0.0s

#2 [internal] load metadata for docker.io/library/rust:1.98.1-bookworm@sha256:9a73a5088750b4c95158ab26629c854c3d6fc4b173cb7bc8079ad252d8ed7bfa
#2 DONE 0.0s

#3 [context dhi] load .dockerignore
#3 transferring dhi: 2B done
#3 DONE 0.0s

#4 [context btcpp] load .dockerignore
#4 transferring btcpp: 2B done
#4 DONE 0.0s

#5 [internal] load metadata for docker.io/library/node:26.5.0-bookworm-slim@sha256:2d49d876e96237d76de412761cf05dbfe5aee325cc4406a4d41d5824c5bb8beb
#5 ...

#6 [internal] load metadata for docker.io/library/ros:jazzy-ros-base@sha256:386d06ec6d4188f731bae5678e07b4cb64a4e4d4152090c0bd1f881dcf7706f5
#6 DONE 1.2s

#5 [internal] load metadata for docker.io/library/node:26.5.0-bookworm-slim@sha256:2d49d876e96237d76de412761cf05dbfe5aee325cc4406a4d41d5824c5bb8beb
#5 DONE 1.7s

#7 [rust-build  1/18] FROM docker.io/library/rust:1.98.1-bookworm@sha256:9a73a5088750b4c95158ab26629c854c3d6fc4b173cb7bc8079ad252d8ed7bfa
#7 resolve docker.io/library/rust:1.98.1-bookworm@sha256:9a73a5088750b4c95158ab26629c854c3d6fc4b173cb7bc8079ad252d8ed7bfa 0.0s done
#7 DONE 0.0s

#8 [native-dependencies 1/2] FROM docker.io/library/ros:jazzy-ros-base@sha256:386d06ec6d4188f731bae5678e07b4cb64a4e4d4152090c0bd1f881dcf7706f5
#8 resolve docker.io/library/ros:jazzy-ros-base@sha256:386d06ec6d4188f731bae5678e07b4cb64a4e4d4152090c0bd1f881dcf7706f5 0.0s done
#8 CACHED

#9 [internal] load build context
#9 transferring context: 735.40kB 0.0s done
#9 DONE 0.1s

#10 [ui-build 1/6] FROM docker.io/library/node:26.5.0-bookworm-slim@sha256:2d49d876e96237d76de412761cf05dbfe5aee325cc4406a4d41d5824c5bb8beb
#10 resolve docker.io/library/node:26.5.0-bookworm-slim@sha256:2d49d876e96237d76de412761cf05dbfe5aee325cc4406a4d41d5824c5bb8beb 0.0s done
#10 ...

#11 [context btcpp] load from client
#11 transferring btcpp: 1.20kB done
#11 DONE 0.1s

#12 [context dhi] load from client
#12 transferring dhi: 11.49kB done
#12 DONE 0.1s

#13 [context btcpp] load from client
#13 transferring btcpp: 935B done
#13 DONE 0.1s

#14 [context btcpp] load from client
#14 transferring btcpp: 1.13kB done
#14 DONE 0.1s

#15 [context btcpp] load from client
#15 transferring btcpp: 1.21kB done
#15 DONE 0.1s

#16 [context dhi] load from client
#16 transferring dhi: 11.51kB done
#16 DONE 0.1s

#17 [context btcpp] load from client
#17 transferring btcpp: 2.77kB done
#17 DONE 0.1s

#18 [context btcpp] load from client
#18 transferring btcpp: 1.45kB done
#18 DONE 0.1s

#19 [context btcpp] load from client
#19 transferring btcpp: 4.22MB 0.1s done
#19 DONE 0.1s

#20 [rust-build 11/18] COPY native/dhi ./native/dhi
#20 CACHED

#21 [rust-build  9/18] COPY native/dynamixel ./native/dynamixel
#21 CACHED

#22 [rust-build  2/18] WORKDIR /src
#22 CACHED

#23 [rust-build  7/18] COPY catalogs ./catalogs
#23 CACHED

#24 [rust-build  3/18] COPY Cargo.toml Cargo.lock ./
#24 CACHED

#25 [rust-build 10/18] COPY native/support ./native/support
#25 CACHED

#26 [rust-build  6/18] COPY drivers ./drivers
#26 CACHED

#27 [rust-build  5/18] COPY runtime ./runtime
#27 CACHED

#28 [rust-build 14/18] COPY native/open-manipulator ./native/open-manipulator
#28 CACHED

#29 [rust-build 16/18] COPY interfaces ./interfaces
#29 CACHED

#30 [rust-build 13/18] COPY native/ai-sapiens ./native/ai-sapiens
#30 CACHED

#31 [rust-build 15/18] COPY dependencies ./dependencies
#31 CACHED

#32 [rust-build 12/18] COPY native/ai-worker ./native/ai-worker
#32 CACHED

#33 [rust-build  4/18] COPY sdk ./sdk
#33 CACHED

#34 [rust-build  8/18] COPY native/ros-jtc ./native/ros-jtc
#34 CACHED

#35 [rust-build 17/18] COPY deployment/local-skills/host_runner.py deployment/local-skills/python_environment.py ./deployment/local-skills/
#35 CACHED

#10 [ui-build 1/6] FROM docker.io/library/node:26.5.0-bookworm-slim@sha256:2d49d876e96237d76de412761cf05dbfe5aee325cc4406a4d41d5824c5bb8beb
#10 sha256:9d0ab12eefb038ebb632a68745a8785c432b54217ab02e134391ca3c28c28fbf 0B / 447B 0.2s
#10 sha256:6fa843ac8222d2ab54b950ca3253a461dd16d663d0275ad8c433953d892780f8 0B / 55.00MB 0.2s
#10 sha256:7d79facd9550b22663a303ca356d7cca9273f1990738c2de9a251cf2944683e7 0B / 3.31kB 0.2s
#10 sha256:53bb9e501f1803aca595be8d902a62cea6bf4d996ce6f7dfe16c1c97be343e6c 0B / 28.12MB 0.2s
#10 ...

#36 [context dhi] load from client
#36 transferring dhi: 15.11MB 0.3s done
#36 DONE 0.4s

#10 [ui-build 1/6] FROM docker.io/library/node:26.5.0-bookworm-slim@sha256:2d49d876e96237d76de412761cf05dbfe5aee325cc4406a4d41d5824c5bb8beb
#10 sha256:9d0ab12eefb038ebb632a68745a8785c432b54217ab02e134391ca3c28c28fbf 447B / 447B 0.2s done
#10 sha256:6fa843ac8222d2ab54b950ca3253a461dd16d663d0275ad8c433953d892780f8 19.92MB / 55.00MB 0.6s
#10 sha256:6fa843ac8222d2ab54b950ca3253a461dd16d663d0275ad8c433953d892780f8 33.55MB / 55.00MB 0.8s
#10 sha256:7d79facd9550b22663a303ca356d7cca9273f1990738c2de9a251cf2944683e7 3.31kB / 3.31kB 0.6s done
#10 sha256:6fa843ac8222d2ab54b950ca3253a461dd16d663d0275ad8c433953d892780f8 40.89MB / 55.00MB 0.9s
#10 sha256:53bb9e501f1803aca595be8d902a62cea6bf4d996ce6f7dfe16c1c97be343e6c 3.15MB / 28.12MB 0.8s
#10 sha256:53bb9e501f1803aca595be8d902a62cea6bf4d996ce6f7dfe16c1c97be343e6c 11.53MB / 28.12MB 0.9s
#10 sha256:6fa843ac8222d2ab54b950ca3253a461dd16d663d0275ad8c433953d892780f8 47.19MB / 55.00MB 1.1s
#10 sha256:53bb9e501f1803aca595be8d902a62cea6bf4d996ce6f7dfe16c1c97be343e6c 28.12MB / 28.12MB 1.1s done
#10 sha256:6fa843ac8222d2ab54b950ca3253a461dd16d663d0275ad8c433953d892780f8 55.00MB / 55.00MB 1.2s done
#10 extracting sha256:53bb9e501f1803aca595be8d902a62cea6bf4d996ce6f7dfe16c1c97be343e6c
#10 extracting sha256:53bb9e501f1803aca595be8d902a62cea6bf4d996ce6f7dfe16c1c97be343e6c 0.3s done
#10 DONE 1.5s

#37 [native-dependencies 2/2] RUN apt-get update && apt-get install -y --no-install-recommends     build-essential cmake ninja-build ca-certificates python3     nlohmann-json3-dev libzmq3-dev libsqlite3-dev     ros-jazzy-rclcpp ros-jazzy-control-msgs ros-jazzy-controller-manager-msgs     ros-jazzy-action-msgs ros-jazzy-joint-trajectory-controller     ros-jazzy-controller-manager=4.48.0-1noble.20260904.013127     ros-jazzy-position-controllers ros-jazzy-rmw-zenoh-cpp     && mkdir -p /opt/rx/manifests     && dpkg-query -W -f='${Package}\t${Version}\t${Architecture}\n' | sort > /opt/rx/manifests/native-packages.tsv     && rm -rf /var/lib/apt/lists/*
#37 1.062 Get:1 http://packages.ros.org/ros2/ubuntu noble InRelease [4676 B]
#37 1.272 Get:2 http://packages.ros.org/ros2/ubuntu noble/main Sources [2171 kB]
#37 1.727 Get:3 http://ports.ubuntu.com/ubuntu-ports noble InRelease [256 kB]
#37 ...

#10 [ui-build 1/6] FROM docker.io/library/node:26.5.0-bookworm-slim@sha256:2d49d876e96237d76de412761cf05dbfe5aee325cc4406a4d41d5824c5bb8beb
#10 extracting sha256:7d79facd9550b22663a303ca356d7cca9273f1990738c2de9a251cf2944683e7 done
#10 extracting sha256:6fa843ac8222d2ab54b950ca3253a461dd16d663d0275ad8c433953d892780f8 0.5s done
#10 DONE 2.1s

#10 [ui-build 1/6] FROM docker.io/library/node:26.5.0-bookworm-slim@sha256:2d49d876e96237d76de412761cf05dbfe5aee325cc4406a4d41d5824c5bb8beb
#10 extracting sha256:9d0ab12eefb038ebb632a68745a8785c432b54217ab02e134391ca3c28c28fbf done
#10 DONE 2.1s

#38 [ui-build 2/6] WORKDIR /src
#38 DONE 0.2s

#39 [rust-build 18/18] RUN --mount=type=cache,id=rx-solutions-registry,target=/usr/local/cargo/registry     --mount=type=cache,id=rx-solutions-release,target=/src/target     cargo build --release --locked --workspace && mkdir -p /out && cp target/release/rx-hostd target/release/rx-executor-service target/release/rx-process-compile target/release/rx-solutionsd target/release/rx-process-package target/release/rx-device-package /out/
#39 0.310    Compiling rustix v1.1.4
#39 ...

#40 [ui-build 3/6] COPY apps/operator/package.json apps/operator/package-lock.json ./
#40 DONE 0.0s

#41 [ui-build 4/6] RUN npm ci
#41 1.579 
#41 1.579 added 57 packages, and audited 58 packages in 1s
#41 1.579 
#41 1.579 20 packages are looking for funding
#41 1.579   run `npm fund` for details
#41 1.580 
#41 1.580 found 0 vulnerabilities
#41 1.580 npm notice
#41 1.580 npm notice New major version of npm available! 11.17.0 -> 12.2.0
#41 1.580 npm notice Changelog: https://github.com/npm/cli/releases/tag/v12.2.0
#41 1.580 npm notice To update run: npm install -g npm@12.2.0
#41 1.580 npm notice
#41 DONE 1.7s

#37 [native-dependencies 2/2] RUN apt-get update && apt-get install -y --no-install-recommends     build-essential cmake ninja-build ca-certificates python3     nlohmann-json3-dev libzmq3-dev libsqlite3-dev     ros-jazzy-rclcpp ros-jazzy-control-msgs ros-jazzy-controller-manager-msgs     ros-jazzy-action-msgs ros-jazzy-joint-trajectory-controller     ros-jazzy-controller-manager=4.48.0-1noble.20260904.013127     ros-jazzy-position-controllers ros-jazzy-rmw-zenoh-cpp     && mkdir -p /opt/rx/manifests     && dpkg-query -W -f='${Package}\t${Version}\t${Architecture}\n' | sort > /opt/rx/manifests/native-packages.tsv     && rm -rf /var/lib/apt/lists/*
#37 2.614 Get:4 http://packages.ros.org/ros2/ubuntu noble/main arm64 Packages [2037 kB]
#37 3.332 Get:5 http://ports.ubuntu.com/ubuntu-ports noble-updates InRelease [126 kB]
#37 3.724 Get:6 http://ports.ubuntu.com/ubuntu-ports noble-backports InRelease [126 kB]
#37 ...

#42 [ui-build 5/6] COPY apps/operator/ ./
#42 DONE 0.0s

#37 [native-dependencies 2/2] RUN apt-get update && apt-get install -y --no-install-recommends     build-essential cmake ninja-build ca-certificates python3     nlohmann-json3-dev libzmq3-dev libsqlite3-dev     ros-jazzy-rclcpp ros-jazzy-control-msgs ros-jazzy-controller-manager-msgs     ros-jazzy-action-msgs ros-jazzy-joint-trajectory-controller     ros-jazzy-controller-manager=4.48.0-1noble.20260904.013127     ros-jazzy-position-controllers ros-jazzy-rmw-zenoh-cpp     && mkdir -p /opt/rx/manifests     && dpkg-query -W -f='${Package}\t${Version}\t${Architecture}\n' | sort > /opt/rx/manifests/native-packages.tsv     && rm -rf /var/lib/apt/lists/*
#37 4.116 Get:7 http://ports.ubuntu.com/ubuntu-ports noble-security InRelease [126 kB]
#37 4.509 Get:8 http://ports.ubuntu.com/ubuntu-ports noble/multiverse arm64 Packages [274 kB]
#37 4.746 Get:9 http://ports.ubuntu.com/ubuntu-ports noble/main arm64 Packages [1776 kB]
#37 5.470 Get:10 http://ports.ubuntu.com/ubuntu-ports noble/restricted arm64 Packages [113 kB]
#37 5.489 Get:11 http://ports.ubuntu.com/ubuntu-ports noble/universe arm64 Packages [19.0 MB]
#37 ...

#43 [ui-build 6/6] RUN npm run build
#43 0.192 
#43 0.192 > @rx/operator@0.1.0 build
#43 0.192 > tsc --noEmit && vite build && node tools/build-bundle.mjs dist
#43 0.192 
#43 2.279 vite v8.2.2 building client environment for production...
#43 2.289 transforming...
#43 2.548 ✓ 140 modules transformed.
#43 2.656 rendering chunks...
#43 2.716 computing gzip size...
#43 2.721 dist/index.html                                                     0.45 kB │ gzip:   0.29 kB
#43 2.721 dist/assets/ibm-plex-sans-kr-latin-ext-500-normal-BYGwY8Sr.woff     1.51 kB
#43 2.721 dist/assets/ibm-plex-sans-kr-latin-ext-400-normal-BdSmf8qi.woff     1.51 kB
#43 2.721 dist/assets/ibm-plex-sans-kr-latin-ext-600-normal-BIoLTTrT.woff     1.52 kB
#43 2.721 dist/assets/ibm-plex-sans-kr-95-500-normal-yg9AsfDC.woff            1.76 kB
#43 2.721 dist/assets/ibm-plex-sans-kr-95-600-normal-DiDFTR9Q.woff            1.77 kB
#43 2.721 dist/assets/ibm-plex-sans-kr-95-400-normal-BR6ElHWu.woff            1.78 kB
#43 2.721 dist/assets/ibm-plex-sans-kr-95-400-normal-CXzGt2L1.woff2           2.44 kB
#43 2.721 dist/assets/ibm-plex-sans-kr-95-500-normal-CwbOeWyD.woff2           2.44 kB
#43 2.721 dist/assets/ibm-plex-sans-kr-latin-ext-400-normal-C-1ywfZu.woff2    2.50 kB
#43 2.721 dist/assets/ibm-plex-sans-kr-95-600-normal-CzslQFpy.woff2           2.51 kB
#43 2.721 dist/assets/ibm-plex-sans-kr-latin-ext-600-normal-CwjUnNuf.woff2    2.54 kB
#43 2.721 dist/assets/ibm-plex-sans-kr-latin-ext-500-normal-C8K5qbyi.woff2    2.56 kB
#43 2.721 dist/assets/ibm-plex-sans-kr-65-400-normal-BLI3xZEh.woff            2.93 kB
#43 2.721 dist/assets/ibm-plex-sans-kr-65-500-normal-DeZUxdRN.woff            2.95 kB
#43 2.721 dist/assets/ibm-plex-sans-kr-65-600-normal-DVDtx_Xg.woff            2.96 kB
#43 2.721 dist/assets/ibm-plex-sans-kr-65-400-normal-DnzyhmoU.woff2           3.93 kB
#43 2.721 dist/assets/ibm-plex-sans-kr-99-400-normal-DKb2WQ2R.woff            3.93 kB
#43 2.721 dist/assets/ibm-plex-sans-kr-99-500-normal-HPdjitvo.woff            3.98 kB
#43 2.721 dist/assets/ibm-plex-sans-kr-99-600-normal-C-L_eISe.woff            4.03 kB
#43 2.721 dist/assets/ibm-plex-sans-kr-65-500-normal-nL2tz1fq.woff2           4.05 kB
#43 2.721 dist/assets/ibm-plex-sans-kr-65-600-normal-CuB_ApqX.woff2           4.12 kB
#43 2.721 dist/assets/ibm-plex-sans-kr-96-600-normal-E6j9XpvP.woff            4.29 kB
#43 2.721 dist/assets/ibm-plex-sans-kr-96-400-normal-m9r3xH18.woff            4.35 kB
#43 2.721 dist/assets/ibm-plex-sans-kr-96-500-normal-DOFBEi4W.woff            4.36 kB
#43 2.721 dist/assets/ibm-plex-sans-kr-96-600-normal-qnNrW3Df.woff2           4.60 kB
#43 2.721 dist/assets/ibm-plex-sans-kr-96-400-normal-DqxPcneT.woff2           4.71 kB
#43 2.721 dist/assets/ibm-plex-sans-kr-96-500-normal-BTbACruS.woff2           4.85 kB
#43 2.721 dist/assets/ibm-plex-sans-kr-93-400-normal-5J6UR9CM.woff2           4.98 kB
#43 2.721 dist/assets/ibm-plex-sans-kr-93-500-normal-CYfF4l4d.woff2           5.00 kB
#43 2.721 dist/assets/ibm-plex-sans-kr-99-400-normal-COuj214s.woff2           5.04 kB
#43 2.721 dist/assets/ibm-plex-sans-kr-99-500-normal-Dz27KSuo.woff2           5.11 kB
#43 2.721 dist/assets/ibm-plex-sans-kr-93-600-normal-C3ObUrek.woff2           5.11 kB
#43 2.721 dist/assets/ibm-plex-sans-kr-93-500-normal-Cdd0aOxJ.woff            5.15 kB
#43 2.721 dist/assets/ibm-plex-sans-kr-93-400-normal-Cdi-IBra.woff            5.16 kB
#43 2.721 dist/assets/ibm-plex-sans-kr-99-600-normal-j_ccRvHi.woff2           5.18 kB
#43 2.721 dist/assets/ibm-plex-sans-kr-93-600-normal-4KzAAJzD.woff            5.28 kB
#43 2.721 dist/assets/ibm-plex-sans-kr-101-600-normal-DOUVV8ig.woff           5.77 kB
#43 2.721 dist/assets/ibm-plex-sans-kr-101-500-normal-Dt55yHJE.woff           5.79 kB
#43 2.721 dist/assets/ibm-plex-sans-kr-0-400-normal-COdVePwF.woff2            5.84 kB
#43 2.721 dist/assets/ibm-plex-sans-kr-0-500-normal-ZOw-Oe4Z.woff2            5.87 kB
#43 2.721 dist/assets/ibm-plex-sans-kr-101-400-normal-DQN8MKOE.woff           5.87 kB
#43 2.721 dist/assets/ibm-plex-sans-kr-98-400-normal-D-_zohjb.woff            5.96 kB
#43 2.721 dist/assets/ibm-plex-sans-kr-100-600-normal-ZYmKSXu1.woff           5.97 kB
#43 2.721 dist/assets/ibm-plex-sans-kr-0-600-normal-DuzcAQdo.woff2            5.98 kB
#43 2.721 dist/assets/ibm-plex-sans-kr-98-500-normal-CtGPk__x.woff            5.98 kB
#43 2.721 dist/assets/ibm-plex-sans-kr-98-600-normal-CizO16Ew.woff            6.01 kB
#43 2.721 dist/assets/ibm-plex-sans-kr-100-500-normal-CYmhs-uc.woff           6.02 kB
#43 2.721 dist/assets/ibm-plex-sans-kr-98-400-normal-CyxDRXqs.woff2           6.04 kB
#43 2.721 dist/assets/ibm-plex-sans-kr-100-400-normal-BQdwTqgb.woff           6.07 kB
#43 2.721 dist/assets/ibm-plex-sans-kr-0-500-normal-aGZllF0U.woff             6.16 kB
#43 2.721 dist/assets/ibm-plex-sans-kr-0-400-normal-DEF_oZFa.woff             6.16 kB
#43 2.721 dist/assets/ibm-plex-sans-kr-98-500-normal-PEz79xhx.woff2           6.17 kB
#43 2.721 dist/assets/ibm-plex-sans-kr-0-600-normal-DLXpb0hq.woff             6.21 kB
#43 2.721 dist/assets/ibm-plex-sans-kr-98-600-normal-D-SBD5Hk.woff2           6.22 kB
#43 2.721 dist/assets/ibm-plex-sans-kr-97-400-normal-DOlHHts_.woff2           6.48 kB
#43 2.721 dist/assets/ibm-plex-sans-kr-97-500-normal-C_F2h3q_.woff2           6.53 kB
#43 2.721 dist/assets/ibm-plex-sans-kr-97-600-normal-CHxkMEAU.woff2           6.55 kB
#43 2.721 dist/assets/ibm-plex-sans-kr-102-600-normal-BIIL4Btv.woff           6.69 kB
#43 2.721 dist/assets/ibm-plex-sans-kr-102-500-normal-CW45f5lP.woff           6.73 kB
#43 2.721 dist/assets/ibm-plex-sans-kr-97-400-normal-TWLDWHgL.woff            6.75 kB
#43 2.721 dist/assets/ibm-plex-sans-kr-97-500-normal-BAgq0JpV.woff            6.77 kB
#43 2.721 dist/assets/ibm-plex-sans-kr-97-600-normal-CXVo40nf.woff            6.78 kB
#43 2.721 dist/assets/ibm-plex-sans-kr-102-400-normal-DHfan8x-.woff           6.81 kB
#43 2.721 dist/assets/ibm-plex-sans-kr-104-500-normal-DA4R5HED.woff           7.06 kB
#43 2.721 dist/assets/ibm-plex-sans-kr-104-600-normal-DbfrFOKo.woff           7.08 kB
#43 2.721 dist/assets/ibm-plex-sans-kr-104-400-normal-kn3L8mkz.woff           7.09 kB
#43 2.721 dist/assets/ibm-plex-sans-kr-103-600-normal-BKXxr4Vf.woff           7.30 kB
#43 2.721 dist/assets/ibm-plex-sans-kr-103-500-normal-W1XFNDU3.woff           7.34 kB
#43 2.721 dist/assets/ibm-plex-sans-kr-103-400-normal-BQNnzD7b.woff           7.48 kB
#43 2.721 dist/assets/ibm-plex-sans-kr-105-600-normal-DU6215sy.woff           8.09 kB
#43 2.721 dist/assets/ibm-plex-sans-kr-105-500-normal-DU0dswGg.woff           8.13 kB
#43 2.721 dist/assets/ibm-plex-sans-kr-105-400-normal-D20hKn8x.woff           8.14 kB
#43 2.721 dist/assets/ibm-plex-sans-kr-101-400-normal-CwhtzdGH.woff2          8.45 kB
#43 2.721 dist/assets/ibm-plex-sans-kr-118-500-normal-CDUCZo4L.woff           8.48 kB
#43 2.721 dist/assets/ibm-plex-sans-kr-118-400-normal-BvkVX0xm.woff           8.49 kB
#43 2.721 dist/assets/ibm-plex-sans-kr-117-500-normal-CZylu9y6.woff           8.60 kB
#43 2.721 dist/assets/ibm-plex-sans-kr-118-600-normal-BKNr8HaE.woff           8.61 kB
#43 2.721 dist/assets/ibm-plex-sans-kr-106-600-normal-CIkK4pwL.woff           8.63 kB
#43 2.721 dist/assets/ibm-plex-sans-kr-117-600-normal-BUVowAmE.woff           8.64 kB
#43 2.721 dist/assets/ibm-plex-sans-kr-94-400-normal-CsJn1kPf.woff2           8.66 kB
#43 2.721 dist/assets/ibm-plex-sans-kr-117-400-normal-CAkrqKEd.woff           8.67 kB
#43 2.721 dist/assets/ibm-plex-sans-kr-106-500-normal-B9LKd6uR.woff           8.69 kB
#43 2.721 dist/assets/ibm-plex-sans-kr-94-500-normal-DAIKdeR_.woff2           8.80 kB
#43 2.721 dist/assets/ibm-plex-sans-kr-106-400-normal-DRimGseV.woff           8.81 kB
#43 2.721 dist/assets/ibm-plex-sans-kr-94-600-normal-BqkCATJS.woff2           8.83 kB
#43 2.721 dist/assets/ibm-plex-sans-kr-100-400-normal-3DeNbFry.woff2          8.89 kB
#43 2.721 dist/assets/ibm-plex-sans-kr-101-600-normal-Cf7HWvBM.woff2          8.94 kB
#43 2.721 dist/assets/ibm-plex-sans-kr-101-500-normal-D3ziJXl9.woff2          9.04 kB
#43 2.721 dist/assets/ibm-plex-sans-kr-112-600-normal-lS3UdozO.woff           9.43 kB
#43 2.721 dist/assets/ibm-plex-sans-kr-112-500-normal-CfQwtfnO.woff           9.48 kB
#43 2.721 dist/assets/ibm-plex-sans-kr-115-500-normal-iyItw9QE.woff           9.52 kB
#43 2.721 dist/assets/ibm-plex-sans-kr-116-500-normal-CLkvTRzN.woff           9.57 kB
#43 2.721 dist/assets/ibm-plex-sans-kr-112-400-normal-B8TcbMdb.woff           9.60 kB
#43 2.721 dist/assets/ibm-plex-sans-kr-116-600-normal-2NuQXMn5.woff           9.61 kB
#43 2.721 dist/assets/ibm-plex-sans-kr-94-400-normal-CLS33fqM.woff            9.62 kB
#43 2.721 dist/assets/ibm-plex-sans-kr-115-600-normal-c6nUiZEv.woff           9.62 kB
#43 2.721 dist/assets/ibm-plex-sans-kr-115-400-normal-CM7tVCiU.woff           9.63 kB
#43 2.721 dist/assets/ibm-plex-sans-kr-100-600-normal-CcI0wmDd.woff2          9.64 kB
#43 2.721 dist/assets/ibm-plex-sans-kr-116-400-normal-BCjvaIwI.woff           9.66 kB
#43 2.721 dist/assets/ibm-plex-sans-kr-102-400-normal-BC0mCFX2.woff2          9.67 kB
#43 2.721 dist/assets/ibm-plex-sans-kr-107-600-normal-IB6GFZTf.woff           9.67 kB
#43 2.721 dist/assets/ibm-plex-sans-kr-108-600-normal-C5FnASlc.woff           9.67 kB
#43 2.721 dist/assets/ibm-plex-sans-kr-94-500-normal-sf6j_mxe.woff            9.72 kB
#43 2.721 dist/assets/ibm-plex-sans-kr-107-500-normal-B8C6z9mf.woff           9.75 kB
#43 2.721 dist/assets/ibm-plex-sans-kr-94-600-normal-DGs8D_d9.woff            9.76 kB
#43 2.721 dist/assets/ibm-plex-sans-kr-108-500-normal-CAKLebRT.woff           9.78 kB
#43 2.721 dist/assets/ibm-plex-sans-kr-38-600-normal-Dln3mVPi.woff            9.80 kB
#43 2.721 dist/assets/ibm-plex-sans-kr-108-400-normal-D7nsD7Wm.woff           9.81 kB
#43 2.721 dist/assets/ibm-plex-sans-kr-113-600-normal-C_RUWM8I.woff           9.82 kB
#43 2.721 dist/assets/ibm-plex-sans-kr-107-400-normal-9_m442uC.woff           9.82 kB
#43 2.721 dist/assets/ibm-plex-sans-kr-114-500-normal-DwbHpjAF.woff           9.83 kB
#43 2.721 dist/assets/ibm-plex-sans-kr-114-600-normal-BKj6RBZ7.woff           9.88 kB
#43 2.721 dist/assets/ibm-plex-sans-kr-113-400-normal-DlThbTsi.woff           9.88 kB
#43 2.721 dist/assets/ibm-plex-sans-kr-113-500-normal-DYUtiDlk.woff           9.88 kB
#43 2.721 dist/assets/ibm-plex-sans-kr-38-500-normal-DPBjbA25.woff            9.89 kB
#43 2.721 dist/assets/ibm-plex-sans-kr-38-400-normal-B4UIE9Zj.woff            9.93 kB
#43 2.721 dist/assets/ibm-plex-sans-kr-110-500-normal-BNbXS7l_.woff           9.94 kB
#43 2.721 dist/assets/ibm-plex-sans-kr-110-600-normal-ReaqIn5m.woff           9.95 kB
#43 2.721 dist/assets/ibm-plex-sans-kr-114-400-normal-5bMSGSar.woff           9.97 kB
#43 2.721 dist/assets/ibm-plex-sans-kr-100-500-normal-DRrgX_RY.woff2          9.99 kB
#43 2.721 dist/assets/ibm-plex-sans-kr-111-500-normal-yMGVhWWr.woff          10.03 kB
#43 2.721 dist/assets/ibm-plex-sans-kr-41-400-normal-Ce6_8B6O.woff           10.03 kB
#43 2.721 dist/assets/ibm-plex-sans-kr-11-500-normal-BuJhjvIH.woff           10.04 kB
#43 2.721 dist/assets/ibm-plex-sans-kr-110-400-normal-D259vsJ_.woff          10.04 kB
#43 2.721 dist/assets/ibm-plex-sans-kr-111-600-normal-2DkYfPPb.woff          10.04 kB
#43 2.721 dist/assets/ibm-plex-sans-kr-41-500-normal-DiLp_0kR.woff           10.05 kB
#43 2.721 dist/assets/ibm-plex-sans-kr-109-600-normal-CG9-PeCF.woff          10.08 kB
#43 2.721 dist/assets/ibm-plex-sans-kr-109-500-normal-BnWOOl51.woff          10.13 kB
#43 2.721 dist/assets/ibm-plex-sans-kr-111-400-normal-BqppHOeA.woff          10.14 kB
#43 2.721 dist/assets/ibm-plex-sans-kr-109-400-normal-Ch-uxywT.woff          10.19 kB
#43 2.721 dist/assets/ibm-plex-sans-kr-11-400-normal-CN_UQa3U.woff           10.20 kB
#43 2.721 dist/assets/ibm-plex-sans-kr-104-400-normal-BrHR60F5.woff2         10.20 kB
#43 2.721 dist/assets/ibm-plex-sans-kr-102-500-normal-BmX3x0t4.woff2         10.27 kB
#43 2.721 dist/assets/ibm-plex-sans-kr-41-600-normal-Df3Wep6L.woff           10.28 kB
#43 2.721 dist/assets/ibm-plex-sans-kr-102-600-normal-CN8RaHGd.woff2         10.28 kB
#43 2.721 dist/assets/ibm-plex-sans-kr-11-600-normal-BUarw7E5.woff           10.28 kB
#43 2.721 dist/assets/ibm-plex-sans-kr-64-500-normal-CdK6D4vh.woff           10.50 kB
#43 2.721 dist/assets/ibm-plex-sans-kr-38-400-normal-CLr3K58D.woff2          10.53 kB
#43 2.721 dist/assets/ibm-plex-sans-kr-64-400-normal-DhttFBeF.woff           10.53 kB
#43 2.721 dist/assets/ibm-plex-sans-kr-11-400-normal-DY57wkwV.woff2          10.54 kB
#43 2.721 dist/assets/ibm-plex-sans-kr-2-600-normal-BBWiOGe2.woff            10.56 kB
#43 2.721 dist/assets/ibm-plex-sans-kr-2-500-normal-CSqMQxgI.woff            10.65 kB
#43 2.721 dist/assets/ibm-plex-sans-kr-8-600-normal-BJjl00Le.woff            10.66 kB
#43 2.721 dist/assets/ibm-plex-sans-kr-8-500-normal-BSA0Y_vv.woff            10.71 kB
#43 2.721 dist/assets/ibm-plex-sans-kr-103-400-normal-CYHfi_5o.woff2         10.72 kB
#43 2.721 dist/assets/ibm-plex-sans-kr-2-400-normal-ZCEqhetZ.woff            10.73 kB
#43 2.721 dist/assets/ibm-plex-sans-kr-41-400-normal-THO3jy3s.woff2          10.73 kB
#43 2.721 dist/assets/ibm-plex-sans-kr-11-600-normal-Ds-mjTNk.woff2          10.74 kB
#43 2.721 dist/assets/ibm-plex-sans-kr-38-600-normal-Uy8tuoQH.woff2          10.78 kB
#43 2.721 dist/assets/ibm-plex-sans-kr-8-400-normal-BmMhoS32.woff2           10.80 kB
#43 2.721 dist/assets/ibm-plex-sans-kr-64-400-normal-BoOvEFVR.woff2          10.86 kB
#43 2.721 dist/assets/ibm-plex-sans-kr-8-400-normal-Ci0W5IWz.woff            10.86 kB
#43 2.721 dist/assets/ibm-plex-sans-kr-11-500-normal-dR3lXot0.woff2          10.92 kB
#43 2.721 dist/assets/ibm-plex-sans-kr-38-500-normal-KdQq52D1.woff2          10.92 kB
#43 2.721 dist/assets/ibm-plex-sans-kr-8-600-normal-B0rxBWNc.woff2           10.93 kB
#43 2.721 dist/assets/ibm-plex-sans-kr-44-400-normal-BPQ_BGOm.woff           10.96 kB
#43 2.721 dist/assets/ibm-plex-sans-kr-44-500-normal-CKASaSWW.woff           11.00 kB
#43 2.721 dist/assets/ibm-plex-sans-kr-64-600-normal-DnHS-nmP.woff           11.02 kB
#43 2.721 dist/assets/ibm-plex-sans-kr-48-500-normal-BFJwbsKF.woff           11.03 kB
#43 2.721 dist/assets/ibm-plex-sans-kr-61-400-normal-Ci1tC2DE.woff           11.08 kB
#43 2.721 dist/assets/ibm-plex-sans-kr-44-400-normal-BvoXxhh-.woff2          11.13 kB
#43 2.721 dist/assets/ibm-plex-sans-kr-48-400-normal-5VJWa5C8.woff           11.14 kB
#43 2.721 dist/assets/ibm-plex-sans-kr-104-500-normal-DHbM5qs4.woff2         11.15 kB
#43 2.721 dist/assets/ibm-plex-sans-kr-10-500-normal-4KY48fu0.woff           11.17 kB
#43 2.721 dist/assets/ibm-plex-sans-kr-2-400-normal-CnxhIj-f.woff2           11.17 kB
#43 2.721 dist/assets/ibm-plex-sans-kr-51-500-normal-kawlUwcv.woff           11.17 kB
#43 2.721 dist/assets/ibm-plex-sans-kr-58-400-normal-i71EDyfV.woff2          11.17 kB
#43 2.721 dist/assets/ibm-plex-sans-kr-51-600-normal-DCKOx3do.woff           11.18 kB
#43 2.721 dist/assets/ibm-plex-sans-kr-48-600-normal-DAbbVYEi.woff           11.19 kB
#43 2.721 dist/assets/ibm-plex-sans-kr-58-400-normal-DqIzdKrV.woff           11.20 kB
#43 2.721 dist/assets/ibm-plex-sans-kr-104-600-normal-DHHBh9NH.woff2         11.24 kB
#43 2.721 dist/assets/ibm-plex-sans-kr-58-500-normal-D5AnMdIq.woff           11.27 kB
#43 2.721 dist/assets/ibm-plex-sans-kr-61-500-normal-BWi6Ha-w.woff           11.27 kB
#43 2.721 dist/assets/ibm-plex-sans-kr-8-500-normal-UU4QCA8B.woff2           11.27 kB
#43 2.721 dist/assets/ibm-plex-sans-kr-10-600-normal-DIq7Gv9V.woff           11.28 kB
#43 2.721 dist/assets/ibm-plex-sans-kr-48-400-normal-CBCdCJJN.woff2          11.30 kB
#43 2.721 dist/assets/ibm-plex-sans-kr-61-600-normal-BZxjTCO5.woff           11.30 kB
#43 2.721 dist/assets/ibm-plex-sans-kr-10-400-normal-BOnpTeYv.woff2          11.31 kB
#43 2.721 dist/assets/ibm-plex-sans-kr-44-600-normal-B1vhjtxY.woff           11.31 kB
#43 2.721 dist/assets/ibm-plex-sans-kr-58-600-normal-Bpgq8MX2.woff           11.32 kB
#43 2.721 dist/assets/ibm-plex-sans-kr-10-400-normal-CRn7_mZz.woff           11.33 kB
#43 2.721 dist/assets/ibm-plex-sans-kr-51-400-normal-Nb_ATV55.woff           11.33 kB
#43 2.721 dist/assets/ibm-plex-sans-kr-51-400-normal-CI8zKOiq.woff2          11.41 kB
#43 2.721 dist/assets/ibm-plex-sans-kr-103-600-normal-8oNp3a_g.woff2         11.43 kB
#43 2.721 dist/assets/ibm-plex-sans-kr-41-500-normal-CoKUeK1m.woff2          11.43 kB
#43 2.721 dist/assets/ibm-plex-sans-kr-41-600-normal-Ck2K5Ulf.woff2          11.46 kB
#43 2.721 dist/assets/ibm-plex-sans-kr-53-400-normal-uFBOSatZ.woff2          11.52 kB
#43 2.721 dist/assets/ibm-plex-sans-kr-51-600-normal-D1q9iZG9.woff2          11.54 kB
#43 2.721 dist/assets/ibm-plex-sans-kr-45-600-normal-D74kcLg1.woff           11.56 kB
#43 2.721 dist/assets/ibm-plex-sans-kr-55-400-normal-DACpgdpL.woff           11.57 kB
#43 2.721 dist/assets/ibm-plex-sans-kr-10-500-normal-ycH3xAAg.woff2          11.60 kB
#43 2.721 dist/assets/ibm-plex-sans-kr-58-600-normal-Bqgrv0lo.woff2          11.60 kB
#43 2.721 dist/assets/ibm-plex-sans-kr-103-500-normal-2RWRnHUp.woff2         11.62 kB
#43 2.721 dist/assets/ibm-plex-sans-kr-45-400-normal-BN1x-JCl.woff           11.63 kB
#43 2.721 dist/assets/ibm-plex-sans-kr-45-500-normal-CSR2L3Yg.woff           11.63 kB
#43 2.721 dist/assets/ibm-plex-sans-kr-64-500-normal-CgK0jDrR.woff2          11.64 kB
#43 2.721 dist/assets/ibm-plex-sans-kr-55-600-normal-CNKcN-Ig.woff           11.65 kB
#43 2.721 dist/assets/ibm-plex-sans-kr-55-500-normal-Bk4ZO-Yx.woff           11.66 kB
#43 2.721 dist/assets/ibm-plex-sans-kr-48-600-normal-QEQJ2vNg.woff2          11.68 kB
#43 2.721 dist/assets/ibm-plex-sans-kr-119-400-normal-BVAYXEqw.woff          11.68 kB
#43 2.721 dist/assets/ibm-plex-sans-kr-50-400-normal-wVEmJJbn.woff2          11.68 kB
#43 2.721 dist/assets/ibm-plex-sans-kr-105-400-normal-BY6JiZG_.woff2         11.71 kB
#43 2.721 dist/assets/ibm-plex-sans-kr-25-400-normal-CSCHltyB.woff           11.71 kB
#43 2.721 dist/assets/ibm-plex-sans-kr-45-400-normal-DMKz6H_F.woff2          11.72 kB
#43 2.721 dist/assets/ibm-plex-sans-kr-51-500-normal-B3Qlfb5-.woff2          11.72 kB
#43 2.721 dist/assets/ibm-plex-sans-kr-44-500-normal-CnrBiW8T.woff2          11.75 kB
#43 2.721 dist/assets/ibm-plex-sans-kr-2-500-normal-CCn-pwD2.woff2           11.75 kB
#43 2.721 dist/assets/ibm-plex-sans-kr-61-400-normal-DnyFjM_B.woff2          11.76 kB
#43 2.721 dist/assets/ibm-plex-sans-kr-25-500-normal-DAuTWcSe.woff           11.78 kB
#43 2.721 dist/assets/ibm-plex-sans-kr-25-600-normal-ClJ2q6nT.woff           11.79 kB
#43 2.721 dist/assets/ibm-plex-sans-kr-47-500-normal-BWfN8bqy.woff           11.79 kB
#43 2.721 dist/assets/ibm-plex-sans-kr-53-600-normal-3e73VLox.woff2          11.81 kB
#43 2.721 dist/assets/ibm-plex-sans-kr-18-400-normal-Bs1zlN0G.woff2          11.81 kB
#43 2.721 dist/assets/ibm-plex-sans-kr-54-400-normal-DShvO3nx.woff           11.82 kB
#43 2.721 dist/assets/ibm-plex-sans-kr-44-600-normal-B1scqjS5.woff2          11.82 kB
#43 2.721 dist/assets/ibm-plex-sans-kr-54-600-normal-HSAnxCQg.woff           11.83 kB
#43 2.721 dist/assets/ibm-plex-sans-kr-58-500-normal-BFNTZIBF.woff2          11.85 kB
#43 2.721 dist/assets/ibm-plex-sans-kr-54-500-normal-DjX9ImWQ.woff           11.86 kB
#43 2.721 dist/assets/ibm-plex-sans-kr-50-400-normal-DSyr09Pi.woff           11.86 kB
#43 2.721 dist/assets/ibm-plex-sans-kr-48-500-normal-B2EKWItw.woff2          11.87 kB
#43 2.721 dist/assets/ibm-plex-sans-kr-15-400-normal-CBiEIaz5.woff2          11.88 kB
#43 2.721 dist/assets/ibm-plex-sans-kr-18-500-normal-CNuq5r-l.woff           11.88 kB
#43 2.721 dist/assets/ibm-plex-sans-kr-47-600-normal-CxMB4f1K.woff           11.88 kB
#43 2.721 dist/assets/ibm-plex-sans-kr-40-500-normal-BuazCxCP.woff           11.90 kB
#43 2.721 dist/assets/ibm-plex-sans-kr-55-400-normal-BIBVbLNo.woff2          11.90 kB
#43 2.721 dist/assets/ibm-plex-sans-kr-36-400-normal-BT6SwwtR.woff2          11.91 kB
#43 2.721 dist/assets/ibm-plex-sans-kr-56-400-normal-D6a133Nk.woff           11.91 kB
#43 2.721 dist/assets/ibm-plex-sans-kr-56-400-normal-E_0UP4jm.woff2          11.93 kB
#43 2.721 dist/assets/ibm-plex-sans-kr-118-400-normal-CPvF_U24.woff2         11.93 kB
#43 2.721 dist/assets/ibm-plex-sans-kr-6-400-normal-CTPxjOYB.woff2           11.93 kB
#43 2.721 dist/assets/ibm-plex-sans-kr-47-400-normal-BHD-6hCF.woff           11.94 kB
#43 2.721 dist/assets/ibm-plex-sans-kr-50-500-normal-Bxw81ACJ.woff           11.97 kB
#43 2.721 dist/assets/ibm-plex-sans-kr-53-500-normal-Cf9lqm0Z.woff           11.97 kB
#43 2.721 dist/assets/ibm-plex-sans-kr-56-500-normal-BxiWtQ63.woff           11.98 kB
#43 2.721 dist/assets/ibm-plex-sans-kr-53-400-normal-BPlmQmyN.woff           12.00 kB
#43 2.721 dist/assets/ibm-plex-sans-kr-15-400-normal-D-mZ9inR.woff           12.00 kB
#43 2.721 dist/assets/ibm-plex-sans-kr-18-600-normal-C0tjZHt0.woff           12.00 kB
#43 2.721 dist/assets/ibm-plex-sans-kr-53-600-normal-CHFWjDbo.woff           12.00 kB
#43 2.721 dist/assets/ibm-plex-sans-kr-6-400-normal-AY_mybA2.woff            12.02 kB
#43 2.721 dist/assets/ibm-plex-sans-kr-40-600-normal-D79iYZbh.woff           12.02 kB
#43 2.721 dist/assets/ibm-plex-sans-kr-64-600-normal-DdDi5wpQ.woff2          12.03 kB
#43 2.721 dist/assets/ibm-plex-sans-kr-46-400-normal-K8yMYku4.woff           12.04 kB
#43 2.721 dist/assets/ibm-plex-sans-kr-18-400-normal-BTtbRNyU.woff           12.04 kB
#43 2.721 dist/assets/ibm-plex-sans-kr-50-600-normal-DwlyYo3O.woff           12.04 kB
#43 2.721 dist/assets/ibm-plex-sans-kr-40-400-normal-BJCaISym.woff           12.05 kB
#43 2.721 dist/assets/ibm-plex-sans-kr-46-600-normal-Yu7W5Ur_.woff           12.06 kB
#43 2.721 dist/assets/ibm-plex-sans-kr-47-400-normal-DapCxPvn.woff2          12.06 kB
#43 2.721 dist/assets/ibm-plex-sans-kr-6-600-normal-oGadQOpD.woff            12.06 kB
#43 2.721 dist/assets/ibm-plex-sans-kr-46-500-normal-7ktFSJad.woff           12.07 kB
#43 2.721 dist/assets/ibm-plex-sans-kr-15-600-normal-Dl-orC8M.woff           12.08 kB
#43 2.721 dist/assets/ibm-plex-sans-kr-53-500-normal-CTkqgr8Q.woff2          12.08 kB
#43 2.721 dist/assets/ibm-plex-sans-kr-2-600-normal-i3phtpOA.woff2           12.09 kB
#43 2.721 dist/assets/ibm-plex-sans-kr-54-400-normal-B_JBM8HP.woff2          12.09 kB
#43 2.721 dist/assets/ibm-plex-sans-kr-61-500-normal-BHfyY8C5.woff2          12.09 kB
#43 2.721 dist/assets/ibm-plex-sans-kr-10-600-normal-BAjKvcG-.woff2          12.12 kB
#43 2.721 dist/assets/ibm-plex-sans-kr-15-500-normal-BJiRyHxF.woff           12.13 kB
#43 2.721 dist/assets/ibm-plex-sans-kr-50-600-normal-CNwgbPME.woff2          12.13 kB
#43 2.721 dist/assets/ibm-plex-sans-kr-56-600-normal-hzikha37.woff           12.13 kB
#43 2.721 dist/assets/ibm-plex-sans-kr-57-600-normal-BR6Du0PQ.woff           12.14 kB
#43 2.721 dist/assets/ibm-plex-sans-kr-6-500-normal-Dke2b5Bz.woff            12.15 kB
#43 2.721 dist/assets/ibm-plex-sans-kr-36-500-normal-B1iFWDLF.woff2          12.17 kB
#43 2.721 dist/assets/ibm-plex-sans-kr-57-500-normal-BtBoxULz.woff           12.17 kB
#43 2.721 dist/assets/ibm-plex-sans-kr-5-600-normal-vSSmYEgt.woff            12.18 kB
#43 2.721 dist/assets/ibm-plex-sans-kr-52-500-normal-CBaFAE5p.woff           12.18 kB
#43 2.721 dist/assets/ibm-plex-sans-kr-57-400-normal-CBQftTJt.woff           12.18 kB
#43 2.721 dist/assets/ibm-plex-sans-kr-52-400-normal-DgbfUacv.woff           12.20 kB
#43 2.721 dist/assets/ibm-plex-sans-kr-25-400-normal-C5hUXC4y.woff2          12.20 kB
#43 2.721 dist/assets/ibm-plex-sans-kr-18-500-normal-BWeF5dyd.woff2          12.24 kB
#43 2.721 dist/assets/ibm-plex-sans-kr-36-600-normal-kFFPHZH9.woff2          12.24 kB
#43 2.721 dist/assets/ibm-plex-sans-kr-61-600-normal-ChG7s6jj.woff2          12.24 kB
#43 2.721 dist/assets/ibm-plex-sans-kr-50-500-normal-B90Dmlwo.woff2          12.25 kB
#43 2.721 dist/assets/ibm-plex-sans-kr-28-500-normal-BspvdxR3.woff           12.27 kB
#43 2.721 dist/assets/ibm-plex-sans-kr-28-400-normal-DNnelfuN.woff           12.29 kB
#43 2.721 dist/assets/ibm-plex-sans-kr-42-600-normal-BIw3yp_o.woff           12.29 kB
#43 2.721 dist/assets/ibm-plex-sans-kr-43-500-normal-B_MM_0i3.woff           12.29 kB
#43 2.721 dist/assets/ibm-plex-sans-kr-5-500-normal-L-1Rm88n.woff            12.30 kB
#43 2.721 dist/assets/ibm-plex-sans-kr-42-500-normal-Y6rzavLQ.woff           12.30 kB
#43 2.721 dist/assets/ibm-plex-sans-kr-52-600-normal-DpEHO2lx.woff           12.31 kB
#43 2.721 dist/assets/ibm-plex-sans-kr-47-500-normal-CJrfuNV6.woff2          12.32 kB
#43 2.721 dist/assets/ibm-plex-sans-kr-43-400-normal-rklqUmDh.woff           12.33 kB
#43 2.721 dist/assets/ibm-plex-sans-kr-42-400-normal-mWRC9cE4.woff           12.36 kB
#43 2.721 dist/assets/ibm-plex-sans-kr-43-600-normal-Dl6BB-Lj.woff           12.36 kB
#43 2.721 dist/assets/ibm-plex-sans-kr-12-400-normal-AF35YmmH.woff2          12.37 kB
#43 2.721 dist/assets/ibm-plex-sans-kr-37-400-normal-BiWBJPQ7.woff2          12.40 kB
#43 2.721 dist/assets/ibm-plex-sans-kr-5-400-normal-BBWPbJ8R.woff2           12.40 kB
#43 2.721 dist/assets/ibm-plex-sans-kr-5-400-normal-B1Nb7Dqt.woff            12.42 kB
#43 2.721 dist/assets/ibm-plex-sans-kr-55-600-normal-ByArDHHI.woff2          12.42 kB
#43 2.721 dist/assets/ibm-plex-sans-kr-56-600-normal-DScuu4Uu.woff2          12.42 kB
#43 2.721 dist/assets/ibm-plex-sans-kr-31-600-normal-DWFfqfVJ.woff2          12.43 kB
#43 2.721 dist/assets/ibm-plex-sans-kr-54-600-normal-CIir-_6C.woff2          12.43 kB
#43 2.721 dist/assets/ibm-plex-sans-kr-63-500-normal-EwyND2AG.woff           12.43 kB
#43 2.721 dist/assets/ibm-plex-sans-kr-35-600-normal-M066d6gr.woff           12.44 kB
#43 2.721 dist/assets/ibm-plex-sans-kr-49-400-normal-BENNdZwd.woff2          12.44 kB
#43 2.721 dist/assets/ibm-plex-sans-kr-46-400-normal-Z0YZvJMA.woff2          12.45 kB
#43 2.721 dist/assets/ibm-plex-sans-kr-6-600-normal-CdfPYwdk.woff2           12.45 kB
#43 2.721 dist/assets/ibm-plex-sans-kr-31-500-normal-nX_pe9VE.woff2          12.46 kB
#43 2.721 dist/assets/ibm-plex-sans-kr-37-500-normal-B-MNJEe6.woff2          12.46 kB
#43 2.721 dist/assets/ibm-plex-sans-kr-57-400-normal-F8LL-J5_.woff2          12.46 kB
#43 2.721 dist/assets/ibm-plex-sans-kr-31-400-normal-DhPplA2S.woff2          12.48 kB
#43 2.721 dist/assets/ibm-plex-sans-kr-7-400-normal-CDkAi-IU.woff2           12.48 kB
#43 2.721 dist/assets/ibm-plex-sans-kr-47-600-normal-tmv6xC_z.woff2          12.48 kB
#43 2.721 dist/assets/ibm-plex-sans-kr-6-500-normal-UElWVruj.woff2           12.48 kB
#43 2.721 dist/assets/ibm-plex-sans-kr-34-400-normal-BFI-kcuc.woff           12.49 kB
#43 2.721 dist/assets/ibm-plex-sans-kr-28-600-normal-BeDPvyp8.woff           12.51 kB
#43 2.721 dist/assets/ibm-plex-sans-kr-9-500-normal-C6DRVnCw.woff            12.51 kB
#43 2.721 dist/assets/ibm-plex-sans-kr-15-500-normal-BWepl2fS.woff2          12.52 kB
#43 2.721 dist/assets/ibm-plex-sans-kr-37-600-normal-Cvgtdz7H.woff           12.52 kB
#43 2.721 dist/assets/ibm-plex-sans-kr-45-600-normal-DNXvxDIf.woff2          12.52 kB
#43 2.721 dist/assets/ibm-plex-sans-kr-9-400-normal-CeBwsqAD.woff            12.52 kB
#43 2.721 dist/assets/ibm-plex-sans-kr-39-600-normal-DHmemGdc.woff           12.54 kB
#43 2.721 dist/assets/ibm-plex-sans-kr-63-400-normal-Bi-DePsy.woff           12.54 kB
#43 2.721 dist/assets/ibm-plex-sans-kr-9-600-normal-DWoOSbq5.woff            12.54 kB
#43 2.721 dist/assets/ibm-plex-sans-kr-45-500-normal-uti_Zlfe.woff2          12.55 kB
#43 2.721 dist/assets/ibm-plex-sans-kr-36-400-normal-Cd-eoA5H.woff           12.56 kB
#43 2.721 dist/assets/ibm-plex-sans-kr-39-400-normal-WTG9_11D.woff           12.56 kB
#43 2.721 dist/assets/ibm-plex-sans-kr-34-600-normal-Dkhx4lxu.woff           12.56 kB
#43 2.721 dist/assets/ibm-plex-sans-kr-35-400-normal-D8XpW-jV.woff           12.56 kB
#43 2.721 dist/assets/ibm-plex-sans-kr-49-400-normal-DrUErJVA.woff           12.56 kB
#43 2.721 dist/assets/ibm-plex-sans-kr-63-600-normal-DXp5U46T.woff           12.56 kB
#43 2.721 dist/assets/ibm-plex-sans-kr-35-400-normal-CHpiv9C7.woff2          12.57 kB
#43 2.721 dist/assets/ibm-plex-sans-kr-37-400-normal-Bj7jp-Iz.woff           12.57 kB
#43 2.721 dist/assets/ibm-plex-sans-kr-34-500-normal-CFjeJ1tN.woff           12.58 kB
#43 2.721 dist/assets/ibm-plex-sans-kr-7-500-normal-DHoZsm8z.woff            12.58 kB
#43 2.721 dist/assets/ibm-plex-sans-kr-56-500-normal-CpmKpo0e.woff2          12.58 kB
#43 2.721 dist/assets/ibm-plex-sans-kr-23-400-normal-CUhld-kf.woff2          12.58 kB
#43 2.721 dist/assets/ibm-plex-sans-kr-37-500-normal-B6-fjph3.woff           12.60 kB
#43 2.721 dist/assets/ibm-plex-sans-kr-37-600-normal-CnPg-4RZ.woff2          12.60 kB
#43 2.721 dist/assets/ibm-plex-sans-kr-28-400-normal-Bwghrgjh.woff2          12.62 kB
#43 2.721 dist/assets/ibm-plex-sans-kr-106-400-normal-CKM4EqLH.woff2         12.62 kB
#43 2.721 dist/assets/ibm-plex-sans-kr-35-500-normal-DxaJNFWV.woff           12.63 kB
#43 2.721 dist/assets/ibm-plex-sans-kr-39-500-normal-C8uyz1B3.woff           12.63 kB
#43 2.721 dist/assets/ibm-plex-sans-kr-12-500-normal-CRJzzWQI.woff2          12.64 kB
#43 2.721 dist/assets/ibm-plex-sans-kr-18-600-normal-3CkcYQgr.woff2          12.64 kB
#43 2.721 dist/assets/ibm-plex-sans-kr-52-400-normal-Dqrwgacb.woff2          12.64 kB
#43 2.721 dist/assets/ibm-plex-sans-kr-54-500-normal-B5hzExpm.woff2          12.65 kB
#43 2.721 dist/assets/ibm-plex-sans-kr-12-400-normal-J5xWG5gS.woff           12.65 kB
#43 2.721 dist/assets/ibm-plex-sans-kr-12-500-normal-CZNo5Xam.woff           12.65 kB
#43 2.721 dist/assets/ibm-plex-sans-kr-55-500-normal-Bd7gnpgG.woff2          12.66 kB
#43 2.721 dist/assets/ibm-plex-sans-kr-49-600-normal-DHvPm2NF.woff           12.67 kB
#43 2.721 dist/assets/ibm-plex-sans-kr-118-600-normal-SYUuQfwq.woff2         12.68 kB
#43 2.721 dist/assets/ibm-plex-sans-kr-7-600-normal-CeGVp1rD.woff            12.69 kB
#43 2.721 dist/assets/ibm-plex-sans-kr-12-600-normal-Cdi7mG90.woff           12.70 kB
#43 2.721 dist/assets/ibm-plex-sans-kr-7-400-normal-VZ_YUdPy.woff            12.71 kB
#43 2.721 dist/assets/ibm-plex-sans-kr-36-600-normal-DsGroCqE.woff           12.72 kB
#43 2.721 dist/assets/ibm-plex-sans-kr-12-600-normal-Ba8rnT7_.woff2          12.72 kB
#43 2.721 dist/assets/ibm-plex-sans-kr-7-600-normal-Dh7JSXz4.woff2           12.72 kB
#43 2.721 dist/assets/ibm-plex-sans-kr-36-500-normal-brkbKZcZ.woff           12.74 kB
#43 2.721 dist/assets/ibm-plex-sans-kr-15-600-normal-CAapLUyl.woff2          12.74 kB
#43 2.721 dist/assets/ibm-plex-sans-kr-119-400-normal-CF0EWuft.woff2         12.75 kB
#43 2.721 dist/assets/ibm-plex-sans-kr-31-400-normal-BnpH2dyr.woff           12.75 kB
#43 2.721 dist/assets/ibm-plex-sans-kr-31-500-normal-BX-CPZrW.woff           12.75 kB
#43 2.721 dist/assets/ibm-plex-sans-kr-118-500-normal-bGPKLk2B.woff2         12.76 kB
#43 2.721 dist/assets/ibm-plex-sans-kr-43-400-normal-DofKP3XM.woff2          12.76 kB
#43 2.721 dist/assets/ibm-plex-sans-kr-31-600-normal-BDIwmQD2.woff           12.76 kB
#43 2.721 dist/assets/ibm-plex-sans-kr-25-600-normal-CpgWTSx7.woff2          12.77 kB
#43 2.721 dist/assets/ibm-plex-sans-kr-49-500-normal-7q_oMxUd.woff           12.80 kB
#43 2.721 dist/assets/ibm-plex-sans-kr-40-400-normal-DxlOKNb6.woff2          12.82 kB
#43 2.721 dist/assets/ibm-plex-sans-kr-57-600-normal-CQ1redVd.woff2          12.82 kB
#43 2.721 dist/assets/ibm-plex-sans-kr-14-400-normal-DPe2AXol.woff           12.83 kB
#43 2.721 dist/assets/ibm-plex-sans-kr-35-600-normal-CD4ArYzM.woff2          12.87 kB
#43 2.721 dist/assets/ibm-plex-sans-kr-52-600-normal-HtoGXJPD.woff2          12.90 kB
#43 2.721 dist/assets/ibm-plex-sans-kr-5-600-normal-BV1Q-ya9.woff2           12.91 kB
#43 2.721 dist/assets/ibm-plex-sans-kr-14-600-normal-BZRywIXe.woff           12.92 kB
#43 2.721 dist/assets/ibm-plex-sans-kr-117-400-normal-Bqi1rgUh.woff2         12.92 kB
#43 2.721 dist/assets/ibm-plex-sans-kr-34-400-normal-b_F-aCuz.woff2          12.93 kB
#43 2.721 dist/assets/ibm-plex-sans-kr-57-500-normal-B4IoHQu1.woff2          12.98 kB
#43 2.721 dist/assets/ibm-plex-sans-kr-5-500-normal-BAnyZ6Z-.woff2           13.01 kB
#43 2.721 dist/assets/ibm-plex-sans-kr-35-500-normal-cydu_WKV.woff2          13.01 kB
#43 2.721 dist/assets/ibm-plex-sans-kr-119-500-normal-Df4yrjnE.woff          13.02 kB
#43 2.721 dist/assets/ibm-plex-sans-kr-13-400-normal-CpXdOOTc.woff2          13.02 kB
#43 2.721 dist/assets/ibm-plex-sans-kr-23-500-normal-CCfThX_w.woff2          13.03 kB
#43 2.721 dist/assets/ibm-plex-sans-kr-49-600-normal-B9kwAyIi.woff2          13.03 kB
#43 2.721 dist/assets/ibm-plex-sans-kr-14-500-normal-Y4UlonKU.woff           13.04 kB
#43 2.721 dist/assets/ibm-plex-sans-kr-7-500-normal-CoHWPa7p.woff2           13.04 kB
#43 2.721 dist/assets/ibm-plex-sans-kr-59-600-normal-BuQf4YmM.woff           13.07 kB
#43 2.721 dist/assets/ibm-plex-sans-kr-25-500-normal-Dx_nna5V.woff2          13.08 kB
#43 2.721 dist/assets/ibm-plex-sans-kr-42-400-normal-Cgyyi6Mk.woff2          13.10 kB
#43 2.721 dist/assets/ibm-plex-sans-kr-23-600-normal-CR-CWSvQ.woff2          13.11 kB
#43 2.721 dist/assets/ibm-plex-sans-kr-52-500-normal-PI1BlAgy.woff2          13.12 kB
#43 2.721 dist/assets/ibm-plex-sans-kr-105-500-normal-CwEuw_bU.woff2         13.14 kB
#43 2.721 dist/assets/ibm-plex-sans-kr-105-600-normal-Bdo6QjXy.woff2         13.14 kB
#43 2.721 dist/assets/ibm-plex-sans-kr-119-600-normal-CSej5QVJ.woff          13.14 kB
#43 2.721 dist/assets/ibm-plex-sans-kr-14-400-normal-C-oyfrUa.woff2          13.15 kB
#43 2.721 dist/assets/ibm-plex-sans-kr-13-400-normal-eM8eMXyQ.woff           13.16 kB
#43 2.721 dist/assets/ibm-plex-sans-kr-43-600-normal-BPJjrS1c.woff2          13.16 kB
#43 2.721 dist/assets/ibm-plex-sans-kr-23-400-normal-DTBYTMn7.woff           13.17 kB
#43 2.721 dist/assets/ibm-plex-sans-kr-17-400-normal-BDhrvRnL.woff2          13.18 kB
#43 2.721 dist/assets/ibm-plex-sans-kr-46-500-normal-DSzZPjD2.woff2          13.19 kB
#43 2.721 dist/assets/ibm-plex-sans-kr-49-500-normal-BN2Nz7gV.woff2          13.19 kB
#43 2.721 dist/assets/ibm-plex-sans-kr-40-500-normal-BCFCRCdk.woff2          13.22 kB
#43 2.721 dist/assets/ibm-plex-sans-kr-63-400-normal-DbEg4X6i.woff2          13.24 kB
#43 2.721 dist/assets/ibm-plex-sans-kr-23-500-normal-B9nBP66o.woff           13.26 kB
#43 2.721 dist/assets/ibm-plex-sans-kr-40-600-normal-DyMFY3yG.woff2          13.28 kB
#43 2.721 dist/assets/ibm-plex-sans-kr-28-500-normal-Kfg687Jz.woff2          13.29 kB
#43 2.721 dist/assets/ibm-plex-sans-kr-62-400-normal-BIF8JT4K.woff2          13.30 kB
#43 2.721 dist/assets/ibm-plex-sans-kr-28-600-normal-BBQsSgWd.woff2          13.30 kB
#43 2.721 dist/assets/ibm-plex-sans-kr-42-600-normal-CgHlrSUg.woff2          13.30 kB
#43 2.721 dist/assets/ibm-plex-sans-kr-13-500-normal-DNr72JYY.woff           13.32 kB
#43 2.721 dist/assets/ibm-plex-sans-kr-23-600-normal-Cq5mpPr_.woff           13.32 kB
#43 2.721 dist/assets/ibm-plex-sans-kr-59-500-normal-CyiP_8_L.woff           13.33 kB
#43 2.721 dist/assets/ibm-plex-sans-kr-60-400-normal-CEDE9rS0.woff           13.34 kB
#43 2.721 dist/assets/ibm-plex-sans-kr-59-400-normal-BHAiqXEM.woff2          13.36 kB
#43 2.721 dist/assets/ibm-plex-sans-kr-62-400-normal-BMQQOADr.woff           13.38 kB
#43 2.721 dist/assets/ibm-plex-sans-kr-59-400-normal-B-8F2Uet.woff           13.39 kB
#43 2.721 dist/assets/ibm-plex-sans-kr-62-500-normal-DbYRmfJO.woff           13.39 kB
#43 2.721 dist/assets/ibm-plex-sans-kr-9-400-normal-DJinq116.woff2           13.39 kB
#43 2.721 dist/assets/ibm-plex-sans-kr-60-500-normal-Bs-OK-6m.woff           13.39 kB
#43 2.721 dist/assets/ibm-plex-sans-kr-13-600-normal-DXBEl0OU.woff           13.40 kB
#43 2.721 dist/assets/ibm-plex-sans-kr-17-500-normal-BI9iG84Y.woff           13.40 kB
#43 2.721 dist/assets/ibm-plex-sans-kr-4-600-normal-BGAcZoa5.woff            13.41 kB
#43 2.721 dist/assets/ibm-plex-sans-kr-43-500-normal-DYkscpdQ.woff2          13.45 kB
#43 2.721 dist/assets/ibm-plex-sans-kr-62-600-normal-BwPZY4No.woff           13.45 kB
#43 2.721 dist/assets/ibm-plex-sans-kr-17-400-normal-BOjgDpon.woff           13.46 kB
#43 2.721 dist/assets/ibm-plex-sans-kr-60-400-normal-z5dDoQx9.woff2          13.50 kB
#43 2.721 dist/assets/ibm-plex-sans-kr-60-600-normal-OLqttnKu.woff           13.57 kB
#43 2.721 dist/assets/ibm-plex-sans-kr-34-500-normal-JswnezOz.woff2          13.58 kB
#43 2.721 dist/assets/ibm-plex-sans-kr-59-500-normal-Ddlt4yS6.woff2          13.58 kB
#43 2.721 dist/assets/ibm-plex-sans-kr-4-500-normal-CZSxnr6K.woff            13.59 kB
#43 2.721 dist/assets/ibm-plex-sans-kr-59-600-normal-B-CGe3sL.woff2          13.60 kB
#43 2.721 dist/assets/ibm-plex-sans-kr-34-600-normal-BwgNjnnm.woff2          13.62 kB
#43 2.721 dist/assets/ibm-plex-sans-kr-4-400-normal-1GfpLFeR.woff            13.66 kB
#43 2.721 dist/assets/ibm-plex-sans-kr-62-500-normal-lDNHneib.woff2          13.67 kB
#43 2.721 dist/assets/ibm-plex-sans-kr-22-400-normal-3CnvMMD7.woff2          13.68 kB
#43 2.721 dist/assets/ibm-plex-sans-kr-22-600-normal-bBSJai_o.woff           13.68 kB
#43 2.721 dist/assets/ibm-plex-sans-kr-39-400-normal-BzR2eDWi.woff2          13.68 kB
#43 2.721 dist/assets/ibm-plex-sans-kr-27-500-normal-CPgbZ_eJ.woff           13.72 kB
#43 2.721 dist/assets/ibm-plex-sans-kr-17-600-normal-uD_8VqjX.woff           13.73 kB
#43 2.721 dist/assets/ibm-plex-sans-kr-26-600-normal-bxA4bluv.woff           13.73 kB
#43 2.721 dist/assets/ibm-plex-sans-kr-119-600-normal-CWNURXbv.woff2         13.74 kB
#43 2.721 dist/assets/ibm-plex-sans-kr-14-600-normal-BEKBLOkr.woff2          13.76 kB
#43 2.721 dist/assets/ibm-plex-sans-kr-106-600-normal-o84Tuavw.woff2         13.77 kB
#43 2.721 dist/assets/ibm-plex-sans-kr-62-600-normal-CCy9m1Yi.woff2          13.77 kB
#43 2.721 dist/assets/ibm-plex-sans-kr-13-500-normal-DVkNF81I.woff2          13.80 kB
#43 2.721 dist/assets/ibm-plex-sans-kr-42-500-normal-DceQ0siJ.woff2          13.81 kB
#43 2.721 dist/assets/ibm-plex-sans-kr-106-500-normal-waJW03NJ.woff2         13.81 kB
#43 2.721 dist/assets/ibm-plex-sans-kr-17-500-normal-B5RrK24I.woff2          13.82 kB
#43 2.721 dist/assets/ibm-plex-sans-kr-22-400-normal-TNl1bUeL.woff           13.82 kB
#43 2.721 dist/assets/ibm-plex-sans-kr-119-500-normal-CJJ-meqF.woff2         13.82 kB
#43 2.721 dist/assets/ibm-plex-sans-kr-22-600-normal-B4PQFGba.woff2          13.85 kB
#43 2.721 dist/assets/ibm-plex-sans-kr-46-600-normal-CfEBl86K.woff2          13.86 kB
#43 2.721 dist/assets/ibm-plex-sans-kr-16-400-normal-CKSk9toV.woff2          13.86 kB
#43 2.721 dist/assets/ibm-plex-sans-kr-26-400-normal-BDNWBg-b.woff           13.86 kB
#43 2.721 dist/assets/ibm-plex-sans-kr-63-500-normal-DnCEtrzT.woff2          13.88 kB
#43 2.721 dist/assets/ibm-plex-sans-kr-22-500-normal-B4MFCOia.woff           13.90 kB
#43 2.721 dist/assets/ibm-plex-sans-kr-27-600-normal-C07c5If1.woff           13.90 kB
#43 2.721 dist/assets/ibm-plex-sans-kr-27-400-normal-Dy5-YEOY.woff           13.92 kB
#43 2.721 dist/assets/ibm-plex-sans-kr-26-500-normal-BKPcd-dF.woff           13.93 kB
#43 2.721 dist/assets/ibm-plex-sans-kr-latin-400-normal-7kwLL-e3.woff        13.94 kB
#43 2.721 dist/assets/ibm-plex-sans-kr-63-600-normal-B_hznMYb.woff2          13.96 kB
#43 2.721 dist/assets/ibm-plex-sans-kr-24-500-normal-Cv5QDDSV.woff           14.02 kB
#43 2.721 dist/assets/ibm-plex-sans-kr-16-400-normal-DNGmaJIL.woff           14.06 kB
#43 2.721 dist/assets/ibm-plex-sans-kr-112-400-normal-BJLUyYDo.woff2         14.07 kB
#43 2.721 dist/assets/ibm-plex-sans-kr-60-500-normal-Dt1XTT7t.woff2          14.08 kB
#43 2.721 dist/assets/ibm-plex-sans-kr-16-600-normal-DDZagcz1.woff           14.13 kB
#43 2.721 dist/assets/ibm-plex-sans-kr-117-500-normal-B8S6P0qk.woff2         14.14 kB
#43 2.721 dist/assets/ibm-plex-sans-kr-14-500-normal-C6PSB_z7.woff2          14.16 kB
#43 2.721 dist/assets/ibm-plex-sans-kr-16-500-normal-CmCp5IpX.woff           14.17 kB
#43 2.721 dist/assets/ibm-plex-sans-kr-117-600-normal-CVV1AoIy.woff2         14.18 kB
#43 2.721 dist/assets/ibm-plex-sans-kr-24-400-normal-DDVUYQLq.woff           14.20 kB
#43 2.721 dist/assets/ibm-plex-sans-kr-60-600-normal-Bl94dFYa.woff2          14.22 kB
#43 2.721 dist/assets/ibm-plex-sans-kr-22-500-normal-9RYlHGVt.woff2          14.25 kB
#43 2.721 dist/assets/ibm-plex-sans-kr-115-400-normal-6-qa9Uj4.woff2         14.26 kB
#43 2.721 dist/assets/ibm-plex-sans-kr-39-600-normal-DxNgVy70.woff2          14.28 kB
#43 2.721 dist/assets/ibm-plex-sans-kr-4-400-normal-BSOJFi3M.woff2           14.32 kB
#43 2.721 dist/assets/ibm-plex-sans-kr-116-400-normal-CPQAppG5.woff2         14.34 kB
#43 2.721 dist/assets/ibm-plex-sans-kr-13-600-normal-ON8tPSnT.woff2          14.35 kB
#43 2.721 dist/assets/ibm-plex-sans-kr-33-500-normal-DrcDIvwW.woff           14.35 kB
#43 2.721 dist/assets/ibm-plex-sans-kr-107-400-normal-DFBsPAhk.woff2         14.36 kB
#43 2.721 dist/assets/ibm-plex-sans-kr-24-600-normal-DL0LF1av.woff           14.37 kB
#43 2.721 dist/assets/ibm-plex-sans-kr-114-400-normal-Bpqw4_PX.woff2         14.38 kB
#43 2.721 dist/assets/ibm-plex-sans-kr-39-500-normal-CeHGwbYp.woff2          14.40 kB
#43 2.721 dist/assets/ibm-plex-sans-kr-33-400-normal-BEJcB5Pj.woff           14.40 kB
#43 2.721 dist/assets/ibm-plex-sans-kr-21-400-normal-Cv3FeIij.woff2          14.42 kB
#43 2.721 dist/assets/ibm-plex-sans-kr-108-400-normal-DbmD_Owd.woff2         14.42 kB
#43 2.721 dist/assets/ibm-plex-sans-kr-33-600-normal-Dk43PWfK.woff           14.43 kB
#43 2.721 dist/assets/ibm-plex-sans-kr-3-400-normal-01r-uCGK.woff            14.44 kB
#43 2.721 dist/assets/ibm-plex-sans-kr-3-600-normal-OOnXi3dj.woff            14.46 kB
#43 2.721 dist/assets/ibm-plex-sans-kr-3-500-normal-BF7AAfCm.woff            14.50 kB
#43 2.721 dist/assets/ibm-plex-sans-kr-33-400-normal-DOnua0XC.woff2          14.50 kB
#43 2.721 dist/assets/ibm-plex-sans-kr-24-400-normal-BCEQWDh5.woff2          14.51 kB
#43 2.721 dist/assets/ibm-plex-sans-kr-21-600-normal-CJHvMuEH.woff2          14.52 kB
#43 2.721 dist/assets/ibm-plex-sans-kr-109-400-normal-ChZ2CLi-.woff2         14.64 kB
#43 2.721 dist/assets/ibm-plex-sans-kr-9-500-normal-C3WEWxiq.woff2           14.66 kB
#43 2.721 dist/assets/ibm-plex-sans-kr-113-400-normal-CEDRAc_f.woff2         14.74 kB
#43 2.721 dist/assets/ibm-plex-sans-kr-29-400-normal-gP3qcvie.woff2          14.76 kB
#43 2.721 dist/assets/ibm-plex-sans-kr-29-600-normal-Dn9kzegM.woff2          14.76 kB
#43 2.721 dist/assets/ibm-plex-sans-kr-21-500-normal-Bq99UyTU.woff2          14.80 kB
#43 2.721 dist/assets/ibm-plex-sans-kr-19-600-normal-DcS6irVl.woff2          14.81 kB
#43 2.721 dist/assets/ibm-plex-sans-kr-21-400-normal-Dml5TFym.woff           14.82 kB
#43 2.721 dist/assets/ibm-plex-sans-kr-110-400-normal-DvUF8GMi.woff2         14.85 kB
#43 2.721 dist/assets/ibm-plex-sans-kr-111-400-normal-DaCXFUcH.woff2         14.87 kB
#43 2.721 dist/assets/ibm-plex-sans-kr-19-400-normal-CCVU2G9b.woff2          14.91 kB
#43 2.721 dist/assets/ibm-plex-sans-kr-32-500-normal-BFr0uy16.woff           14.92 kB
#43 2.721 dist/assets/ibm-plex-sans-kr-21-500-normal-DNGhvuIq.woff           14.93 kB
#43 2.721 dist/assets/ibm-plex-sans-kr-32-400-normal-GRBsq_TQ.woff           14.95 kB
#43 2.721 dist/assets/ibm-plex-sans-kr-29-600-normal-B0Nsm10J.woff           14.97 kB
#43 2.721 dist/assets/ibm-plex-sans-kr-32-600-normal-qBGKeeZh.woff           14.99 kB
#43 2.721 dist/assets/ibm-plex-sans-kr-32-400-normal-BkNndOiq.woff2          15.01 kB
#43 2.721 dist/assets/ibm-plex-sans-kr-33-600-normal-_9rnVtrt.woff2          15.04 kB
#43 2.721 dist/assets/ibm-plex-sans-kr-9-600-normal-DraA-1Zl.woff2           15.06 kB
#43 2.721 dist/assets/ibm-plex-sans-kr-4-500-normal-DYhdxHR-.woff2           15.07 kB
#43 2.721 dist/assets/ibm-plex-sans-kr-21-600-normal-ChXV0eBj.woff           15.10 kB
#43 2.721 dist/assets/ibm-plex-sans-kr-29-500-normal-BsGS2LIm.woff2          15.10 kB
#43 2.721 dist/assets/ibm-plex-sans-kr-latin-400-normal-Bc7vhvxM.woff2       15.11 kB
#43 2.721 dist/assets/ibm-plex-sans-kr-30-500-normal-C_KfcsGa.woff2          15.12 kB
#43 2.721 dist/assets/ibm-plex-sans-kr-29-400-normal-Dj7VksMf.woff           15.12 kB
#43 2.721 dist/assets/ibm-plex-sans-kr-30-600-normal-CHYuKtvD.woff           15.16 kB
#43 2.721 dist/assets/ibm-plex-sans-kr-4-600-normal-DP-OzMv8.woff2           15.16 kB
#43 2.721 dist/assets/ibm-plex-sans-kr-30-400-normal-D9W6fT0U.woff2          15.18 kB
#43 2.721 dist/assets/ibm-plex-sans-kr-26-400-normal-BnV7FV79.woff2          15.18 kB
#43 2.721 dist/assets/ibm-plex-sans-kr-17-600-normal-BeTmwP_K.woff2          15.22 kB
#43 2.721 dist/assets/ibm-plex-sans-kr-19-500-normal-lytT2cFM.woff2          15.24 kB
#43 2.721 dist/assets/ibm-plex-sans-kr-16-500-normal-CDsqjPM5.woff2          15.24 kB
#43 2.721 dist/assets/ibm-plex-sans-kr-30-500-normal-D4wCcu5D.woff           15.26 kB
#43 2.721 dist/assets/ibm-plex-sans-kr-3-400-normal-MpgNCYqt.woff2           15.28 kB
#43 2.721 dist/assets/ibm-plex-sans-kr-30-400-normal-4H84KBjL.woff           15.28 kB
#43 2.721 dist/assets/ibm-plex-sans-kr-32-500-normal-xYF7ztoJ.woff2          15.30 kB
#43 2.721 dist/assets/ibm-plex-sans-kr-115-500-normal-HzYFTBDK.woff2         15.31 kB
#43 2.721 dist/assets/ibm-plex-sans-kr-24-500-normal-xY0ze7De.woff2          15.31 kB
#43 2.721 dist/assets/ibm-plex-sans-kr-29-500-normal-DrYYhV-u.woff           15.34 kB
#43 2.721 dist/assets/ibm-plex-sans-kr-32-600-normal-Dc31ixSD.woff2          15.34 kB
#43 2.721 dist/assets/ibm-plex-sans-kr-33-500-normal-C9zC6FjO.woff2          15.34 kB
#43 2.721 dist/assets/ibm-plex-sans-kr-27-400-normal-B5ZhKYLO.woff2          15.44 kB
#43 2.721 dist/assets/ibm-plex-sans-kr-30-600-normal-DAX8ENIb.woff2          15.44 kB
#43 2.721 dist/assets/ibm-plex-sans-kr-116-600-normal-pwYieqoq.woff2         15.45 kB
#43 2.721 dist/assets/ibm-plex-sans-kr-24-600-normal-DyaIQrhK.woff2          15.50 kB
#43 2.721 dist/assets/ibm-plex-sans-kr-112-500-normal-CZCyW_ny.woff2         15.56 kB
#43 2.721 dist/assets/ibm-plex-sans-kr-latin-500-normal-DMi_vAK3.woff        15.58 kB
#43 2.721 dist/assets/ibm-plex-sans-kr-20-400-normal-2BRpmgCV.woff2          15.66 kB
#43 2.721 dist/assets/ibm-plex-sans-kr-116-500-normal-BARxh3Ni.woff2         15.67 kB
#43 2.721 dist/assets/ibm-plex-sans-kr-108-600-normal-Cz9v4gjx.woff2         15.69 kB
#43 2.721 dist/assets/ibm-plex-sans-kr-20-600-normal-CKeHRgKb.woff           15.69 kB
#43 2.721 dist/assets/ibm-plex-sans-kr-19-600-normal-w0hsbhoe.woff           15.70 kB
#43 2.721 dist/assets/ibm-plex-sans-kr-latin-600-normal-yks4z4wu.woff        15.72 kB
#43 2.721 dist/assets/ibm-plex-sans-kr-108-500-normal-CdP8F2Jv.woff2         15.77 kB
#43 2.721 dist/assets/ibm-plex-sans-kr-26-600-normal-BQpAkNz5.woff2          15.79 kB
#43 2.721 dist/assets/ibm-plex-sans-kr-115-600-normal-CokKDsRY.woff2         15.81 kB
#43 2.721 dist/assets/ibm-plex-sans-kr-19-400-normal-dcW_ilWW.woff           15.82 kB
#43 2.721 dist/assets/ibm-plex-sans-kr-112-600-normal-nFX-cMXi.woff2         15.84 kB
#43 2.721 dist/assets/ibm-plex-sans-kr-19-500-normal-33mABreN.woff           15.86 kB
#43 2.721 dist/assets/ibm-plex-sans-kr-20-400-normal-B2cWSh78.woff           15.86 kB
#43 2.721 dist/assets/ibm-plex-sans-kr-27-600-normal-C6bVD75P.woff2          15.92 kB
#43 2.721 dist/assets/ibm-plex-sans-kr-20-500-normal-CrfFBvwl.woff           15.93 kB
#43 2.721 dist/assets/ibm-plex-sans-kr-27-500-normal-Bqt-c90l.woff2          15.94 kB
#43 2.721 dist/assets/ibm-plex-sans-kr-107-500-normal-CywikKdj.woff2         16.02 kB
#43 2.721 dist/assets/ibm-plex-sans-kr-114-600-normal-CjRp-Iz4.woff2         16.05 kB
#43 2.721 dist/assets/ibm-plex-sans-kr-107-600-normal-Bj6Oga3u.woff2         16.12 kB
#43 2.721 dist/assets/ibm-plex-sans-kr-113-600-normal-Dhfyy0ky.woff2         16.14 kB
#43 2.721 dist/assets/ibm-plex-sans-kr-20-600-normal-CXFU6tjk.woff2          16.15 kB
#43 2.721 dist/assets/ibm-plex-sans-kr-110-600-normal-CisRgCMg.woff2         16.26 kB
#43 2.721 dist/assets/ibm-plex-sans-kr-114-500-normal-D4nP60kj.woff2         16.28 kB
#43 2.721 dist/assets/ibm-plex-sans-kr-latin-500-normal-2SdHzE3p.woff2       16.30 kB
#43 2.721 dist/assets/ibm-plex-sans-kr-110-500-normal-HZkWM0xD.woff2         16.34 kB
#43 2.721 dist/assets/ibm-plex-sans-kr-111-600-normal-DN6cN55_.woff2         16.34 kB
#43 2.721 dist/assets/ibm-plex-sans-kr-109-600-normal-BkGpNJKI.woff2         16.39 kB
#43 2.721 dist/assets/ibm-plex-sans-kr-113-500-normal-DJQiET6F.woff2         16.39 kB
#43 2.721 dist/assets/ibm-plex-sans-kr-111-500-normal-B2z91AWP.woff2         16.51 kB
#43 2.721 dist/assets/ibm-plex-sans-kr-20-500-normal-mnpVtiHU.woff2          16.53 kB
#43 2.721 dist/assets/ibm-plex-sans-kr-26-500-normal-DXCDkot3.woff2          16.57 kB
#43 2.721 dist/assets/ibm-plex-sans-kr-latin-600-normal-n-2PV5Ut.woff2       16.59 kB
#43 2.721 dist/assets/ibm-plex-sans-kr-16-600-normal-DloGa7SL.woff2          16.62 kB
#43 2.721 dist/assets/ibm-plex-sans-kr-109-500-normal-Dm0Ank3e.woff2         16.64 kB
#43 2.721 dist/assets/ibm-plex-sans-kr-3-500-normal-C-bo63NS.woff2           17.16 kB
#43 2.721 dist/assets/ibm-plex-sans-kr-3-600-normal-CuyoBBEp.woff2           17.65 kB
#43 2.721 dist/assets/index-z7WyhjN_.css                                    188.28 kB │ gzip:  54.84 kB
#43 2.721 dist/assets/index-WmV_6c6c.js                                     490.05 kB │ gzip: 140.21 kB
#43 2.721 
#43 2.723 ✓ built in 444ms
#43 2.901 {"manifest":"operator-bundle.json","sha256":"37ce55aa9f6bef0246c83237e18e6504c2ebf237aec8084800ed1ff79f269e40","files":567,"content_bytes":7287750}
#43 DONE 2.9s

#37 [native-dependencies 2/2] RUN apt-get update && apt-get install -y --no-install-recommends     build-essential cmake ninja-build ca-certificates python3     nlohmann-json3-dev libzmq3-dev libsqlite3-dev     ros-jazzy-rclcpp ros-jazzy-control-msgs ros-jazzy-controller-manager-msgs     ros-jazzy-action-msgs ros-jazzy-joint-trajectory-controller     ros-jazzy-controller-manager=4.48.0-1noble.20260904.013127     ros-jazzy-position-controllers ros-jazzy-rmw-zenoh-cpp     && mkdir -p /opt/rx/manifests     && dpkg-query -W -f='${Package}\t${Version}\t${Architecture}\n' | sort > /opt/rx/manifests/native-packages.tsv     && rm -rf /var/lib/apt/lists/*
#37 6.938 Get:12 http://ports.ubuntu.com/ubuntu-ports noble-updates/main arm64 Packages [1729 kB]
#37 7.079 Get:13 http://ports.ubuntu.com/ubuntu-ports noble-updates/universe arm64 Packages [2201 kB]
#37 7.207 Get:14 http://ports.ubuntu.com/ubuntu-ports noble-updates/restricted arm64 Packages [3082 kB]
#37 7.441 Get:15 http://ports.ubuntu.com/ubuntu-ports noble-updates/multiverse arm64 Packages [94.8 kB]
#37 7.448 Get:16 http://ports.ubuntu.com/ubuntu-ports noble-backports/multiverse arm64 Packages [671 B]
#37 7.448 Get:17 http://ports.ubuntu.com/ubuntu-ports noble-backports/main arm64 Packages [49.0 kB]
#37 7.451 Get:18 http://ports.ubuntu.com/ubuntu-ports noble-backports/universe arm64 Packages [36.3 kB]
#37 7.453 Get:19 http://ports.ubuntu.com/ubuntu-ports noble-security/restricted arm64 Packages [2886 kB]
#37 7.648 Get:20 http://ports.ubuntu.com/ubuntu-ports noble-security/multiverse arm64 Packages [89.7 kB]
#37 7.654 Get:21 http://ports.ubuntu.com/ubuntu-ports noble-security/main arm64 Packages [1384 kB]
#37 7.748 Get:22 http://ports.ubuntu.com/ubuntu-ports noble-security/universe arm64 Packages [1624 kB]
#37 7.905 Fetched 39.2 MB in 8s (5222 kB/s)
#37 7.905 Reading package lists...
#37 8.434 Reading package lists...
#37 9.193 Building dependency tree...
#37 9.347 Reading state information...
#37 9.521 build-essential is already the newest version (12.10ubuntu1).
#37 9.521 cmake is already the newest version (3.28.3-1build7).
#37 9.521 cmake set to manually installed.
#37 9.521 ca-certificates is already the newest version (20260601~24.04.1).
#37 9.521 python3 is already the newest version (3.12.3-0ubuntu2.1).
#37 9.521 python3 set to manually installed.
#37 9.521 The following additional packages will be installed:
#37 9.521   comerr-dev icu-devtools krb5-multidev libboost-dev libboost1.83-dev
#37 9.521   libbsd-dev libcap-dev libdw-dev libdw1t64 libedit2 libelf-dev libelf1t64
#37 9.521   libexpected-dev libgssapi-krb5-2 libgssrpc4t64 libicu-dev libk5crypto3
#37 9.521   libkadm5clnt-mit12 libkadm5srv-mit12 libkdb5-10t64 libkrb5-3 libkrb5-dev
#37 9.521   libkrb5support0 liblzma-dev libmd-dev libncurses6 libnorm-dev libnorm1t64
#37 9.522   libpgm-5.3-0t64 libpgm-dev libruby libruby3.2 libsodium-dev libsodium23
#37 9.522   libsqlite3-0 liburdfdom-headers-dev libxml2 libxml2-dev libxml2-utils
#37 9.522   libzmq5 python3-filelock python3-jinja2 python3-markupsafe python3-typeguard
#37 9.522   rake ros-jazzy-angles ros-jazzy-backward-ros ros-jazzy-control-toolbox
#37 9.522   ros-jazzy-controller-interface ros-jazzy-diagnostic-updater
#37 9.522   ros-jazzy-filters ros-jazzy-forward-command-controller
#37 9.522   ros-jazzy-generate-parameter-library ros-jazzy-generate-parameter-library-py
#37 9.522   ros-jazzy-gz-cmake-vendor ros-jazzy-gz-math-vendor ros-jazzy-gz-tools-vendor
#37 9.522   ros-jazzy-gz-utils-vendor ros-jazzy-hardware-interface
#37 9.522   ros-jazzy-joint-limits ros-jazzy-pal-statistics
#37 9.522   ros-jazzy-pal-statistics-msgs ros-jazzy-parameter-traits
#37 9.522   ros-jazzy-realtime-tools ros-jazzy-rsl ros-jazzy-sdformat-urdf
#37 9.522   ros-jazzy-sdformat-vendor ros-jazzy-tcb-span ros-jazzy-tl-expected
#37 9.522   ros-jazzy-zenoh-cpp-vendor ruby ruby-net-telnet ruby-rubygems ruby-sdbm
#37 9.522   ruby-webrick ruby-xmlrpc ruby3.2 rubygems-integration
#37 9.523 Suggested packages:
#37 9.523   doc-base krb5-doc libboost-doc libboost1.83-doc libboost-atomic1.83-dev
#37 9.523   libboost-chrono1.83-dev libboost-container1.83-dev libboost-context1.83-dev
#37 9.523   libboost-contract1.83-dev libboost-coroutine1.83-dev
#37 9.523   libboost-date-time1.83-dev libboost-exception1.83-dev libboost-fiber1.83-dev
#37 9.523   libboost-filesystem1.83-dev libboost-graph-parallel1.83-dev
#37 9.523   libboost-graph1.83-dev libboost-iostreams1.83-dev libboost-json1.83-dev
#37 9.523   libboost-locale1.83-dev libboost-log1.83-dev libboost-math1.83-dev
#37 9.523   libboost-mpi-python1.83-dev libboost-mpi1.83-dev libboost-nowide1.83-dev
#37 9.523   libboost-numpy1.83-dev libboost-program-options1.83-dev
#37 9.523   libboost-python1.83-dev libboost-random1.83-dev libboost-regex1.83-dev
#37 9.523   libboost-serialization1.83-dev libboost-stacktrace1.83-dev
#37 9.523   libboost-system1.83-dev libboost-test1.83-dev libboost-thread1.83-dev
#37 9.523   libboost-timer1.83-dev libboost-type-erasure1.83-dev libboost-url1.83-dev
#37 9.523   libboost-wave1.83-dev libboost1.83-tools-dev libmpfrc++-dev libntl-dev
#37 9.523   manpages-dev krb5-user icu-doc liblzma-doc libnorm-doc sqlite3-doc
#37 9.523   python-jinja2-doc ri ruby-dev bundler
#37 9.523 Recommended packages:
#37 9.523   krb5-locales libgpm2 cppzmq-dev python3-babel zip fonts-lato
#37 9.629 The following NEW packages will be installed:
#37 9.629   comerr-dev icu-devtools krb5-multidev libboost-dev libboost1.83-dev
#37 9.629   libbsd-dev libcap-dev libdw-dev libdw1t64 libedit2 libelf-dev libelf1t64
#37 9.629   libexpected-dev libgssrpc4t64 libicu-dev libkadm5clnt-mit12
#37 9.629   libkadm5srv-mit12 libkdb5-10t64 libkrb5-dev liblzma-dev libmd-dev
#37 9.629   libncurses6 libnorm-dev libnorm1t64 libpgm-5.3-0t64 libpgm-dev libruby
#37 9.629   libruby3.2 libsodium-dev libsodium23 liburdfdom-headers-dev libxml2-dev
#37 9.629   libzmq3-dev libzmq5 ninja-build nlohmann-json3-dev python3-filelock
#37 9.629   python3-jinja2 python3-markupsafe python3-typeguard rake ros-jazzy-angles
#37 9.629   ros-jazzy-backward-ros ros-jazzy-control-msgs ros-jazzy-control-toolbox
#37 9.629   ros-jazzy-controller-interface ros-jazzy-controller-manager
#37 9.629   ros-jazzy-controller-manager-msgs ros-jazzy-diagnostic-updater
#37 9.629   ros-jazzy-filters ros-jazzy-forward-command-controller
#37 9.629   ros-jazzy-generate-parameter-library ros-jazzy-generate-parameter-library-py
#37 9.629   ros-jazzy-gz-cmake-vendor ros-jazzy-gz-math-vendor ros-jazzy-gz-tools-vendor
#37 9.629   ros-jazzy-gz-utils-vendor ros-jazzy-hardware-interface
#37 9.629   ros-jazzy-joint-limits ros-jazzy-joint-trajectory-controller
#37 9.629   ros-jazzy-pal-statistics ros-jazzy-pal-statistics-msgs
#37 9.629   ros-jazzy-parameter-traits ros-jazzy-position-controllers
#37 9.629   ros-jazzy-realtime-tools ros-jazzy-rmw-zenoh-cpp ros-jazzy-rsl
#37 9.629   ros-jazzy-sdformat-urdf ros-jazzy-sdformat-vendor ros-jazzy-tcb-span
#37 9.629   ros-jazzy-tl-expected ros-jazzy-zenoh-cpp-vendor ruby ruby-net-telnet
#37 9.629   ruby-rubygems ruby-sdbm ruby-webrick ruby-xmlrpc ruby3.2
#37 9.629   rubygems-integration
#37 9.630 The following packages will be upgraded:
#37 9.630   libgssapi-krb5-2 libk5crypto3 libkrb5-3 libkrb5support0 libsqlite3-0
#37 9.630   libsqlite3-dev libxml2 libxml2-utils ros-jazzy-action-msgs ros-jazzy-rclcpp
#37 9.987 10 upgraded, 80 newly installed, 0 to remove and 139 not upgraded.
#37 9.987 Need to get 54.2 MB of archives.
#37 9.987 After this operation, 372 MB of additional disk space will be used.
#37 9.987 Get:1 http://packages.ros.org/ros2/ubuntu noble/main arm64 ros-jazzy-action-msgs arm64 2.0.4-1noble.20260902.015428 [101 kB]
#37 10.25 Get:2 http://ports.ubuntu.com/ubuntu-ports noble-updates/main arm64 libelf1t64 arm64 0.190-1.1ubuntu0.1 [58.4 kB]
#37 10.49 Get:3 http://packages.ros.org/ros2/ubuntu noble/main arm64 ros-jazzy-angles arm64 1.16.1-1noble.20260305.211211 [13.9 kB]
#37 10.49 Get:4 http://packages.ros.org/ros2/ubuntu noble/main arm64 ros-jazzy-backward-ros arm64 1.0.8-1noble.20260225.223902 [53.2 kB]
#37 10.49 Get:5 http://packages.ros.org/ros2/ubuntu noble/main arm64 ros-jazzy-control-msgs arm64 5.9.0-1noble.20260902.141921 [896 kB]
#37 10.99 Get:6 http://packages.ros.org/ros2/ubuntu noble/main arm64 ros-jazzy-rclcpp arm64 28.1.22-1noble.20260902.143108 [794 kB]
#37 11.16 Get:7 http://packages.ros.org/ros2/ubuntu noble/main arm64 ros-jazzy-filters arm64 2.2.2-1noble.20260902.212531 [77.2 kB]
#37 11.16 Get:8 http://packages.ros.org/ros2/ubuntu noble/main arm64 ros-jazzy-generate-parameter-library-py arm64 0.7.6-1noble.20260810.141423 [58.1 kB]
#37 11.16 Get:9 http://packages.ros.org/ros2/ubuntu noble/main arm64 ros-jazzy-tcb-span arm64 1.3.2-1noble.20260618.161441 [11.0 kB]
#37 11.16 Get:10 http://packages.ros.org/ros2/ubuntu noble/main arm64 ros-jazzy-rsl arm64 1.3.0-1noble.20260902.144906 [18.2 kB]
#37 11.16 Get:11 http://packages.ros.org/ros2/ubuntu noble/main arm64 ros-jazzy-tl-expected arm64 1.3.2-1noble.20260618.161523 [17.5 kB]
#37 11.16 Get:12 http://packages.ros.org/ros2/ubuntu noble/main arm64 ros-jazzy-parameter-traits arm64 0.7.6-1noble.20260902.145236 [10.5 kB]
#37 11.16 Get:13 http://packages.ros.org/ros2/ubuntu noble/main arm64 ros-jazzy-generate-parameter-library arm64 0.7.6-1noble.20260902.151613 [9538 B]
#37 11.16 Get:14 http://packages.ros.org/ros2/ubuntu noble/main arm64 ros-jazzy-realtime-tools arm64 3.12.0-1noble.20260903.200958 [51.8 kB]
#37 11.16 Get:15 http://packages.ros.org/ros2/ubuntu noble/main arm64 ros-jazzy-control-toolbox arm64 4.11.1-1noble.20260903.201502 [186 kB]
#37 11.24 Get:16 http://ports.ubuntu.com/ubuntu-ports noble-updates/main arm64 libgssapi-krb5-2 arm64 1.20.1-6ubuntu2.10 [142 kB]
#37 11.33 Get:17 http://packages.ros.org/ros2/ubuntu noble/main arm64 ros-jazzy-joint-limits arm64 4.48.0-1noble.20260903.202131 [77.0 kB]
#37 11.33 Get:18 http://packages.ros.org/ros2/ubuntu noble/main arm64 ros-jazzy-pal-statistics-msgs arm64 2.8.2-1noble.20260902.130553 [83.1 kB]
#37 11.33 Get:19 http://packages.ros.org/ros2/ubuntu noble/main arm64 ros-jazzy-pal-statistics arm64 2.8.2-1noble.20260902.174848 [100 kB]
#37 11.33 Get:20 http://packages.ros.org/ros2/ubuntu noble/main arm64 ros-jazzy-gz-cmake-vendor arm64 0.0.12-1noble.20260618.172935 [198 kB]
#37 11.33 Get:21 http://packages.ros.org/ros2/ubuntu noble/main arm64 ros-jazzy-gz-utils-vendor arm64 0.0.5-1noble.20260618.173450 [102 kB]
#37 11.33 Get:22 http://packages.ros.org/ros2/ubuntu noble/main arm64 ros-jazzy-gz-math-vendor arm64 0.0.11-1noble.20260903.201031 [969 kB]
#37 11.34 Get:23 http://packages.ros.org/ros2/ubuntu noble/main arm64 ros-jazzy-gz-tools-vendor arm64 0.0.8-1noble.20260820.170736 [30.3 kB]
#37 11.34 Get:24 http://packages.ros.org/ros2/ubuntu noble/main arm64 ros-jazzy-sdformat-vendor arm64 0.0.14-1noble.20260904.005216 [1143 kB]
#37 11.50 Get:25 http://packages.ros.org/ros2/ubuntu noble/main arm64 ros-jazzy-sdformat-urdf arm64 1.0.2-1noble.20260904.010733 [45.3 kB]
#37 11.50 Get:26 http://packages.ros.org/ros2/ubuntu noble/main arm64 ros-jazzy-hardware-interface arm64 4.48.0-1noble.20260904.011033 [333 kB]
#37 11.50 Get:27 http://packages.ros.org/ros2/ubuntu noble/main arm64 ros-jazzy-controller-interface arm64 4.48.0-1noble.20260904.011627 [89.8 kB]
#37 11.50 Get:28 http://packages.ros.org/ros2/ubuntu noble/main arm64 ros-jazzy-controller-manager-msgs arm64 4.48.0-1noble.20260903.022424 [396 kB]
#37 11.51 Get:29 http://packages.ros.org/ros2/ubuntu noble/main arm64 ros-jazzy-diagnostic-updater arm64 4.2.7-1noble.20260902.152037 [107 kB]
#37 11.51 Get:30 http://packages.ros.org/ros2/ubuntu noble/main arm64 ros-jazzy-controller-manager arm64 4.48.0-1noble.20260904.013127 [482 kB]
#37 11.51 Get:31 http://packages.ros.org/ros2/ubuntu noble/main arm64 ros-jazzy-forward-command-controller arm64 4.42.1-1noble.20260904.013248 [124 kB]
#37 11.52 Get:32 http://packages.ros.org/ros2/ubuntu noble/main arm64 ros-jazzy-joint-trajectory-controller arm64 4.42.1-1noble.20260904.012550 [309 kB]
#37 11.52 Get:33 http://packages.ros.org/ros2/ubuntu noble/main arm64 ros-jazzy-position-controllers arm64 4.42.1-1noble.20260904.020046 [23.0 kB]
#37 11.66 Get:34 http://packages.ros.org/ros2/ubuntu noble/main arm64 ros-jazzy-zenoh-cpp-vendor arm64 0.2.10-1noble.20260722.215603 [9968 kB]
#37 11.77 Get:35 http://ports.ubuntu.com/ubuntu-ports noble-updates/main arm64 libkrb5-3 arm64 1.20.1-6ubuntu2.10 [350 kB]
#37 12.01 Get:36 http://packages.ros.org/ros2/ubuntu noble/main arm64 ros-jazzy-rmw-zenoh-cpp arm64 0.2.10-1noble.20260902.013751 [189 kB]
#37 12.25 Get:37 http://ports.ubuntu.com/ubuntu-ports noble-updates/main arm64 libkrb5support0 arm64 1.20.1-6ubuntu2.10 [35.4 kB]
#37 12.27 Get:38 http://ports.ubuntu.com/ubuntu-ports noble-updates/main arm64 libk5crypto3 arm64 1.20.1-6ubuntu2.10 [85.8 kB]
#37 12.37 Get:39 http://ports.ubuntu.com/ubuntu-ports noble-updates/main arm64 libsqlite3-dev arm64 3.45.1-1ubuntu2.8 [916 kB]
#37 12.79 Get:40 http://ports.ubuntu.com/ubuntu-ports noble-updates/main arm64 libsqlite3-0 arm64 3.45.1-1ubuntu2.8 [691 kB]
#37 ...

#39 [rust-build 18/18] RUN --mount=type=cache,id=rx-solutions-registry,target=/usr/local/cargo/registry     --mount=type=cache,id=rx-solutions-release,target=/src/target     cargo build --release --locked --workspace && mkdir -p /out && cp target/release/rx-hostd target/release/rx-executor-service target/release/rx-process-compile target/release/rx-solutionsd target/release/rx-process-package target/release/rx-device-package /out/
#39 2.710    Compiling tokio v1.53.1
#39 7.830    Compiling uuid v1.26.1
#39 8.058    Compiling rx-domain v0.1.0 (/src/sdk/crates/rx-domain)
#39 10.99    Compiling tokio-util v0.7.19
#39 11.34    Compiling fs-set-times v0.20.3
#39 11.39    Compiling rustix-linux-procfs v0.1.1
#39 11.50    Compiling cap-primitives v4.0.3
#39 12.08    Compiling rx-ports v0.1.0 (/src/sdk/crates/rx-ports)
#39 12.15    Compiling cap-std v4.0.3
#39 12.25    Compiling tempfile v3.27.0
#39 12.61    Compiling h2 v0.4.19
#39 ...

#37 [native-dependencies 2/2] RUN apt-get update && apt-get install -y --no-install-recommends     build-essential cmake ninja-build ca-certificates python3     nlohmann-json3-dev libzmq3-dev libsqlite3-dev     ros-jazzy-rclcpp ros-jazzy-control-msgs ros-jazzy-controller-manager-msgs     ros-jazzy-action-msgs ros-jazzy-joint-trajectory-controller     ros-jazzy-controller-manager=4.48.0-1noble.20260904.013127     ros-jazzy-position-controllers ros-jazzy-rmw-zenoh-cpp     && mkdir -p /opt/rx/manifests     && dpkg-query -W -f='${Package}\t${Version}\t${Architecture}\n' | sort > /opt/rx/manifests/native-packages.tsv     && rm -rf /var/lib/apt/lists/*
#37 13.01 Get:41 http://ports.ubuntu.com/ubuntu-ports noble-updates/main arm64 libxml2 arm64 2.9.14+dfsg-1.3ubuntu3.9 [737 kB]
#37 13.14 Get:42 http://ports.ubuntu.com/ubuntu-ports noble/main arm64 libedit2 arm64 3.1-20230828-1build1 [97.5 kB]
#37 13.15 Get:43 http://ports.ubuntu.com/ubuntu-ports noble-updates/main arm64 libncurses6 arm64 6.4+20240113-1ubuntu2.2 [110 kB]
#37 13.16 Get:44 http://ports.ubuntu.com/ubuntu-ports noble-updates/main arm64 icu-devtools arm64 74.2-1ubuntu3.1 [209 kB]
#37 13.19 Get:45 http://ports.ubuntu.com/ubuntu-ports noble-updates/main arm64 comerr-dev arm64 2.1-1.47.0-2.4~exp1ubuntu4.1 [44.1 kB]
#37 13.19 Get:46 http://ports.ubuntu.com/ubuntu-ports noble-updates/main arm64 libgssrpc4t64 arm64 1.20.1-6ubuntu2.10 [57.9 kB]
#37 13.20 Get:47 http://ports.ubuntu.com/ubuntu-ports noble-updates/main arm64 libkadm5clnt-mit12 arm64 1.20.1-6ubuntu2.10 [39.9 kB]
#37 13.20 Get:48 http://ports.ubuntu.com/ubuntu-ports noble-updates/main arm64 libkdb5-10t64 arm64 1.20.1-6ubuntu2.10 [40.5 kB]
#37 13.21 Get:49 http://ports.ubuntu.com/ubuntu-ports noble-updates/main arm64 libkadm5srv-mit12 arm64 1.20.1-6ubuntu2.10 [53.4 kB]
#37 13.31 Get:50 http://ports.ubuntu.com/ubuntu-ports noble-updates/main arm64 krb5-multidev arm64 1.20.1-6ubuntu2.10 [125 kB]
#37 13.43 Get:51 http://ports.ubuntu.com/ubuntu-ports noble-updates/main arm64 libboost1.83-dev arm64 1.83.0-2.1ubuntu3.2 [10.7 MB]
#37 14.23 Get:52 http://ports.ubuntu.com/ubuntu-ports noble/main arm64 libboost-dev arm64 1.83.0.1ubuntu2 [4308 B]
#37 14.23 Get:53 http://ports.ubuntu.com/ubuntu-ports noble-updates/main arm64 libmd-dev arm64 1.1.0-2build1.1 [43.3 kB]
#37 14.23 Get:54 http://ports.ubuntu.com/ubuntu-ports noble-updates/main arm64 libbsd-dev arm64 0.12.1-1build1.1 [170 kB]
#37 14.24 Get:55 http://ports.ubuntu.com/ubuntu-ports noble-updates/main arm64 libcap-dev arm64 1:2.66-5ubuntu2.4 [507 kB]
#37 14.33 Get:56 http://ports.ubuntu.com/ubuntu-ports noble-updates/main arm64 libelf-dev arm64 0.190-1.1ubuntu0.1 [72.2 kB]
#37 14.34 Get:57 http://ports.ubuntu.com/ubuntu-ports noble-updates/main arm64 libdw1t64 arm64 0.190-1.1ubuntu0.1 [258 kB]
#37 14.35 Get:58 http://ports.ubuntu.com/ubuntu-ports noble-updates/main arm64 liblzma-dev arm64 5.6.1+really5.4.5-1ubuntu0.3 [178 kB]
#37 14.37 Get:59 http://ports.ubuntu.com/ubuntu-ports noble-updates/main arm64 libdw-dev arm64 0.190-1.1ubuntu0.1 [341 kB]
#37 14.39 Get:60 http://ports.ubuntu.com/ubuntu-ports noble/universe arm64 libexpected-dev all 1.1.0-2 [19.1 kB]
#37 14.53 Get:61 http://ports.ubuntu.com/ubuntu-ports noble-updates/main arm64 libicu-dev arm64 74.2-1ubuntu3.1 [11.9 MB]
#37 15.24 Get:62 http://ports.ubuntu.com/ubuntu-ports noble/universe arm64 libnorm1t64 arm64 1.5.9+dfsg-3.1build1 [150 kB]
#37 15.24 Get:63 http://ports.ubuntu.com/ubuntu-ports noble-updates/main arm64 libxml2-dev arm64 2.9.14+dfsg-1.3ubuntu3.9 [800 kB]
#37 15.43 Get:64 http://ports.ubuntu.com/ubuntu-ports noble/universe arm64 libnorm-dev arm64 1.5.9+dfsg-3.1build1 [433 kB]
#37 15.44 Get:65 http://ports.ubuntu.com/ubuntu-ports noble/universe arm64 libpgm-5.3-0t64 arm64 5.3.128~dfsg-2.1build1 [162 kB]
#37 15.44 Get:66 http://ports.ubuntu.com/ubuntu-ports noble/universe arm64 libpgm-dev arm64 5.3.128~dfsg-2.1build1 [222 kB]
#37 15.45 Get:67 http://ports.ubuntu.com/ubuntu-ports noble/main arm64 rubygems-integration all 1.18 [5336 B]
#37 15.45 Get:68 http://ports.ubuntu.com/ubuntu-ports noble-updates/main arm64 ruby3.2 arm64 3.2.3-1ubuntu0.24.04.8 [50.8 kB]
#37 15.45 Get:69 http://ports.ubuntu.com/ubuntu-ports noble/main arm64 ruby-rubygems all 3.4.20-1 [238 kB]
#37 15.45 Get:70 http://ports.ubuntu.com/ubuntu-ports noble/main arm64 ruby arm64 1:3.2~ubuntu1 [3466 B]
#37 15.53 Get:71 http://ports.ubuntu.com/ubuntu-ports noble/main arm64 rake all 13.0.6-3 [61.6 kB]
#37 15.54 Get:72 http://ports.ubuntu.com/ubuntu-ports noble/main arm64 ruby-net-telnet all 0.2.0-1 [13.3 kB]
#37 15.72 Get:73 http://ports.ubuntu.com/ubuntu-ports noble-updates/main arm64 ruby-webrick all 1.8.1-1ubuntu0.2 [53.0 kB]
#37 15.73 Get:74 http://ports.ubuntu.com/ubuntu-ports noble/main arm64 ruby-xmlrpc all 0.3.2-2 [24.8 kB]
#37 15.74 Get:75 http://ports.ubuntu.com/ubuntu-ports noble/main arm64 ruby-sdbm arm64 1.0.0-5build4 [15.7 kB]
#37 15.74 Get:76 http://ports.ubuntu.com/ubuntu-ports noble-updates/main arm64 libruby3.2 arm64 3.2.3-1ubuntu0.24.04.8 [5331 kB]
#37 16.12 Get:77 http://ports.ubuntu.com/ubuntu-ports noble/main arm64 libruby arm64 1:3.2~ubuntu1 [4694 B]
#37 16.12 Get:78 http://ports.ubuntu.com/ubuntu-ports noble-updates/main arm64 libsodium23 arm64 1.0.18-1ubuntu0.24.04.1 [119 kB]
#37 16.13 Get:79 http://ports.ubuntu.com/ubuntu-ports noble-updates/main arm64 libsodium-dev arm64 1.0.18-1ubuntu0.24.04.1 [140 kB]
#37 16.14 Get:80 http://ports.ubuntu.com/ubuntu-ports noble-updates/main arm64 libxml2-utils arm64 2.9.14+dfsg-1.3ubuntu3.9 [39.1 kB]
#37 16.14 Get:81 http://ports.ubuntu.com/ubuntu-ports noble/universe arm64 libzmq5 arm64 4.3.5-1build2 [247 kB]
#37 16.16 Get:82 http://ports.ubuntu.com/ubuntu-ports noble-updates/main arm64 libkrb5-dev arm64 1.20.1-6ubuntu2.10 [11.9 kB]
#37 16.16 Get:83 http://ports.ubuntu.com/ubuntu-ports noble/universe arm64 libzmq3-dev arm64 4.3.5-1build2 [539 kB]
#37 16.20 Get:84 http://ports.ubuntu.com/ubuntu-ports noble/universe arm64 ninja-build arm64 1.11.1-2 [125 kB]
#37 16.21 Get:85 http://ports.ubuntu.com/ubuntu-ports noble/universe arm64 nlohmann-json3-dev all 3.11.3-1 [190 kB]
#37 16.41 Get:86 http://ports.ubuntu.com/ubuntu-ports noble/universe arm64 python3-filelock all 3.13.1-1 [10.8 kB]
#37 16.41 Get:87 http://ports.ubuntu.com/ubuntu-ports noble/main arm64 python3-markupsafe arm64 2.1.5-1build2 [12.5 kB]
#37 16.42 Get:88 http://ports.ubuntu.com/ubuntu-ports noble-updates/main arm64 python3-jinja2 all 3.1.2-1ubuntu1.3 [108 kB]
#37 16.43 Get:89 http://ports.ubuntu.com/ubuntu-ports noble/universe arm64 python3-typeguard all 4.1.5-1 [32.7 kB]
#37 16.43 Get:90 http://ports.ubuntu.com/ubuntu-ports noble/universe arm64 liburdfdom-headers-dev all 1.0.5-3 [14.1 kB]
#37 16.55 debconf: delaying package configuration, since apt-utils is not installed
#37 16.57 Fetched 54.2 MB in 7s (7986 kB/s)
#37 16.59 Selecting previously unselected package libelf1t64:arm64.
#37 16.59 (Reading database ... (Reading database ... 5%(Reading database ... 10%(Reading database ... 15%(Reading database ... 20%(Reading database ... 25%(Reading database ... 30%(Reading database ... 35%(Reading database ... 40%(Reading database ... 45%(Reading database ... 50%(Reading database ... 55%(Reading database ... 60%(Reading database ... 65%(Reading database ... 70%(Reading database ... 75%(Reading database ... 80%(Reading database ... 85%(Reading database ... 90%(Reading database ... 95%(Reading database ... 100%(Reading database ... 40170 files and directories currently installed.)
#37 16.66 Preparing to unpack .../00-libelf1t64_0.190-1.1ubuntu0.1_arm64.deb ...
#37 16.66 Unpacking libelf1t64:arm64 (0.190-1.1ubuntu0.1) ...
#37 16.68 Preparing to unpack .../01-libgssapi-krb5-2_1.20.1-6ubuntu2.10_arm64.deb ...
#37 16.68 Unpacking libgssapi-krb5-2:arm64 (1.20.1-6ubuntu2.10) over (1.20.1-6ubuntu2.8) ...
#37 16.70 Preparing to unpack .../02-libkrb5-3_1.20.1-6ubuntu2.10_arm64.deb ...
#37 16.70 Unpacking libkrb5-3:arm64 (1.20.1-6ubuntu2.10) over (1.20.1-6ubuntu2.8) ...
#37 16.72 Preparing to unpack .../03-libkrb5support0_1.20.1-6ubuntu2.10_arm64.deb ...
#37 16.72 Unpacking libkrb5support0:arm64 (1.20.1-6ubuntu2.10) over (1.20.1-6ubuntu2.8) ...
#37 16.74 Preparing to unpack .../04-libk5crypto3_1.20.1-6ubuntu2.10_arm64.deb ...
#37 16.74 Unpacking libk5crypto3:arm64 (1.20.1-6ubuntu2.10) over (1.20.1-6ubuntu2.8) ...
#37 16.75 Preparing to unpack .../05-libsqlite3-dev_3.45.1-1ubuntu2.8_arm64.deb ...
#37 16.75 Unpacking libsqlite3-dev:arm64 (3.45.1-1ubuntu2.8) over (3.45.1-1ubuntu2.7) ...
#37 16.78 Preparing to unpack .../06-libsqlite3-0_3.45.1-1ubuntu2.8_arm64.deb ...
#37 16.78 Unpacking libsqlite3-0:arm64 (3.45.1-1ubuntu2.8) over (3.45.1-1ubuntu2.7) ...
#37 16.81 Preparing to unpack .../07-libxml2_2.9.14+dfsg-1.3ubuntu3.9_arm64.deb ...
#37 16.81 Unpacking libxml2:arm64 (2.9.14+dfsg-1.3ubuntu3.9) over (2.9.14+dfsg-1.3ubuntu3.8) ...
#37 16.83 Selecting previously unselected package libedit2:arm64.
#37 16.84 Preparing to unpack .../08-libedit2_3.1-20230828-1build1_arm64.deb ...
#37 16.84 Unpacking libedit2:arm64 (3.1-20230828-1build1) ...
#37 16.84 Selecting previously unselected package libncurses6:arm64.
#37 16.85 Preparing to unpack .../09-libncurses6_6.4+20240113-1ubuntu2.2_arm64.deb ...
#37 16.85 Unpacking libncurses6:arm64 (6.4+20240113-1ubuntu2.2) ...
#37 16.86 Selecting previously unselected package icu-devtools.
#37 16.86 Preparing to unpack .../10-icu-devtools_74.2-1ubuntu3.1_arm64.deb ...
#37 16.86 Unpacking icu-devtools (74.2-1ubuntu3.1) ...
#37 16.87 Selecting previously unselected package comerr-dev:arm64.
#37 16.87 Preparing to unpack .../11-comerr-dev_2.1-1.47.0-2.4~exp1ubuntu4.1_arm64.deb ...
#37 16.87 Unpacking comerr-dev:arm64 (2.1-1.47.0-2.4~exp1ubuntu4.1) ...
#37 16.88 Selecting previously unselected package libgssrpc4t64:arm64.
#37 16.89 Preparing to unpack .../12-libgssrpc4t64_1.20.1-6ubuntu2.10_arm64.deb ...
#37 16.89 Unpacking libgssrpc4t64:arm64 (1.20.1-6ubuntu2.10) ...
#37 16.90 Selecting previously unselected package libkadm5clnt-mit12:arm64.
#37 16.90 Preparing to unpack .../13-libkadm5clnt-mit12_1.20.1-6ubuntu2.10_arm64.deb ...
#37 16.90 Unpacking libkadm5clnt-mit12:arm64 (1.20.1-6ubuntu2.10) ...
#37 16.91 Selecting previously unselected package libkdb5-10t64:arm64.
#37 16.91 Preparing to unpack .../14-libkdb5-10t64_1.20.1-6ubuntu2.10_arm64.deb ...
#37 16.91 Unpacking libkdb5-10t64:arm64 (1.20.1-6ubuntu2.10) ...
#37 16.92 Selecting previously unselected package libkadm5srv-mit12:arm64.
#37 16.92 Preparing to unpack .../15-libkadm5srv-mit12_1.20.1-6ubuntu2.10_arm64.deb ...
#37 16.92 Unpacking libkadm5srv-mit12:arm64 (1.20.1-6ubuntu2.10) ...
#37 16.93 Selecting previously unselected package krb5-multidev:arm64.
#37 16.93 Preparing to unpack .../16-krb5-multidev_1.20.1-6ubuntu2.10_arm64.deb ...
#37 16.93 Unpacking krb5-multidev:arm64 (1.20.1-6ubuntu2.10) ...
#37 16.95 Selecting previously unselected package libboost1.83-dev:arm64.
#37 16.95 Preparing to unpack .../17-libboost1.83-dev_1.83.0-2.1ubuntu3.2_arm64.deb ...
#37 16.95 Unpacking libboost1.83-dev:arm64 (1.83.0-2.1ubuntu3.2) ...
#37 17.79 Selecting previously unselected package libboost-dev:arm64.
#37 17.79 Preparing to unpack .../18-libboost-dev_1.83.0.1ubuntu2_arm64.deb ...
#37 17.80 Unpacking libboost-dev:arm64 (1.83.0.1ubuntu2) ...
#37 17.80 Selecting previously unselected package libmd-dev:arm64.
#37 17.81 Preparing to unpack .../19-libmd-dev_1.1.0-2build1.1_arm64.deb ...
#37 17.81 Unpacking libmd-dev:arm64 (1.1.0-2build1.1) ...
#37 17.82 Selecting previously unselected package libbsd-dev:arm64.
#37 17.82 Preparing to unpack .../20-libbsd-dev_0.12.1-1build1.1_arm64.deb ...
#37 17.82 Unpacking libbsd-dev:arm64 (0.12.1-1build1.1) ...
#37 17.83 Selecting previously unselected package libcap-dev:arm64.
#37 17.83 Preparing to unpack .../21-libcap-dev_1%3a2.66-5ubuntu2.4_arm64.deb ...
#37 17.84 Unpacking libcap-dev:arm64 (1:2.66-5ubuntu2.4) ...
#37 17.85 Selecting previously unselected package libelf-dev:arm64.
#37 17.85 Preparing to unpack .../22-libelf-dev_0.190-1.1ubuntu0.1_arm64.deb ...
#37 17.85 Unpacking libelf-dev:arm64 (0.190-1.1ubuntu0.1) ...
#37 17.86 Selecting previously unselected package libdw1t64:arm64.
#37 17.87 Preparing to unpack .../23-libdw1t64_0.190-1.1ubuntu0.1_arm64.deb ...
#37 17.87 Unpacking libdw1t64:arm64 (0.190-1.1ubuntu0.1) ...
#37 17.88 Selecting previously unselected package liblzma-dev:arm64.
#37 17.88 Preparing to unpack .../24-liblzma-dev_5.6.1+really5.4.5-1ubuntu0.3_arm64.deb ...
#37 17.88 Unpacking liblzma-dev:arm64 (5.6.1+really5.4.5-1ubuntu0.3) ...
#37 17.89 Selecting previously unselected package libdw-dev:arm64.
#37 17.89 Preparing to unpack .../25-libdw-dev_0.190-1.1ubuntu0.1_arm64.deb ...
#37 17.89 Unpacking libdw-dev:arm64 (0.190-1.1ubuntu0.1) ...
#37 17.91 Selecting previously unselected package libexpected-dev.
#37 17.91 Preparing to unpack .../26-libexpected-dev_1.1.0-2_all.deb ...
#37 17.91 Unpacking libexpected-dev (1.1.0-2) ...
#37 17.92 Selecting previously unselected package libicu-dev:arm64.
#37 17.92 Preparing to unpack .../27-libicu-dev_74.2-1ubuntu3.1_arm64.deb ...
#37 17.92 Unpacking libicu-dev:arm64 (74.2-1ubuntu3.1) ...
#37 18.06 Selecting previously unselected package libnorm1t64:arm64.
#37 18.06 Preparing to unpack .../28-libnorm1t64_1.5.9+dfsg-3.1build1_arm64.deb ...
#37 18.06 Unpacking libnorm1t64:arm64 (1.5.9+dfsg-3.1build1) ...
#37 18.07 Selecting previously unselected package libxml2-dev:arm64.
#37 18.07 Preparing to unpack .../29-libxml2-dev_2.9.14+dfsg-1.3ubuntu3.9_arm64.deb ...
#37 18.07 Unpacking libxml2-dev:arm64 (2.9.14+dfsg-1.3ubuntu3.9) ...
#37 18.09 Selecting previously unselected package libnorm-dev:arm64.
#37 18.09 Preparing to unpack .../30-libnorm-dev_1.5.9+dfsg-3.1build1_arm64.deb ...
#37 18.09 Unpacking libnorm-dev:arm64 (1.5.9+dfsg-3.1build1) ...
#37 18.11 Selecting previously unselected package libpgm-5.3-0t64:arm64.
#37 18.11 Preparing to unpack .../31-libpgm-5.3-0t64_5.3.128~dfsg-2.1build1_arm64.deb ...
#37 18.11 Unpacking libpgm-5.3-0t64:arm64 (5.3.128~dfsg-2.1build1) ...
#37 18.12 Selecting previously unselected package libpgm-dev:arm64.
#37 18.12 Preparing to unpack .../32-libpgm-dev_5.3.128~dfsg-2.1build1_arm64.deb ...
#37 18.12 Unpacking libpgm-dev:arm64 (5.3.128~dfsg-2.1build1) ...
#37 18.13 Selecting previously unselected package rubygems-integration.
#37 18.14 Preparing to unpack .../33-rubygems-integration_1.18_all.deb ...
#37 18.14 Unpacking rubygems-integration (1.18) ...
#37 18.15 Selecting previously unselected package ruby3.2.
#37 18.15 Preparing to unpack .../34-ruby3.2_3.2.3-1ubuntu0.24.04.8_arm64.deb ...
#37 18.15 Unpacking ruby3.2 (3.2.3-1ubuntu0.24.04.8) ...
#37 18.16 Selecting previously unselected package ruby-rubygems.
#37 18.16 Preparing to unpack .../35-ruby-rubygems_3.4.20-1_all.deb ...
#37 18.16 Unpacking ruby-rubygems (3.4.20-1) ...
#37 18.18 Selecting previously unselected package ruby.
#37 18.18 Preparing to unpack .../36-ruby_1%3a3.2~ubuntu1_arm64.deb ...
#37 18.19 Unpacking ruby (1:3.2~ubuntu1) ...
#37 18.20 Selecting previously unselected package rake.
#37 18.20 Preparing to unpack .../37-rake_13.0.6-3_all.deb ...
#37 18.20 Unpacking rake (13.0.6-3) ...
#37 18.22 Selecting previously unselected package ruby-net-telnet.
#37 18.22 Preparing to unpack .../38-ruby-net-telnet_0.2.0-1_all.deb ...
#37 18.22 Unpacking ruby-net-telnet (0.2.0-1) ...
#37 18.23 Selecting previously unselected package ruby-webrick.
#37 18.23 Preparing to unpack .../39-ruby-webrick_1.8.1-1ubuntu0.2_all.deb ...
#37 18.23 Unpacking ruby-webrick (1.8.1-1ubuntu0.2) ...
#37 18.24 Selecting previously unselected package ruby-xmlrpc.
#37 18.24 Preparing to unpack .../40-ruby-xmlrpc_0.3.2-2_all.deb ...
#37 18.24 Unpacking ruby-xmlrpc (0.3.2-2) ...
#37 18.25 Selecting previously unselected package ruby-sdbm:arm64.
#37 18.25 Preparing to unpack .../41-ruby-sdbm_1.0.0-5build4_arm64.deb ...
#37 18.26 Unpacking ruby-sdbm:arm64 (1.0.0-5build4) ...
#37 18.26 Selecting previously unselected package libruby3.2:arm64.
#37 18.27 Preparing to unpack .../42-libruby3.2_3.2.3-1ubuntu0.24.04.8_arm64.deb ...
#37 18.27 Unpacking libruby3.2:arm64 (3.2.3-1ubuntu0.24.04.8) ...
#37 18.50 Selecting previously unselected package libruby:arm64.
#37 18.50 Preparing to unpack .../43-libruby_1%3a3.2~ubuntu1_arm64.deb ...
#37 18.50 Unpacking libruby:arm64 (1:3.2~ubuntu1) ...
#37 18.51 Selecting previously unselected package libsodium23:arm64.
#37 18.52 Preparing to unpack .../44-libsodium23_1.0.18-1ubuntu0.24.04.1_arm64.deb ...
#37 18.52 Unpacking libsodium23:arm64 (1.0.18-1ubuntu0.24.04.1) ...
#37 18.53 Selecting previously unselected package libsodium-dev:arm64.
#37 18.53 Preparing to unpack .../45-libsodium-dev_1.0.18-1ubuntu0.24.04.1_arm64.deb ...
#37 18.53 Unpacking libsodium-dev:arm64 (1.0.18-1ubuntu0.24.04.1) ...
#37 18.55 Preparing to unpack .../46-libxml2-utils_2.9.14+dfsg-1.3ubuntu3.9_arm64.deb ...
#37 18.55 Unpacking libxml2-utils (2.9.14+dfsg-1.3ubuntu3.9) over (2.9.14+dfsg-1.3ubuntu3.8) ...
#37 18.56 Selecting previously unselected package libzmq5:arm64.
#37 18.57 Preparing to unpack .../47-libzmq5_4.3.5-1build2_arm64.deb ...
#37 18.57 Unpacking libzmq5:arm64 (4.3.5-1build2) ...
#37 18.58 Selecting previously unselected package libkrb5-dev:arm64.
#37 18.58 Preparing to unpack .../48-libkrb5-dev_1.20.1-6ubuntu2.10_arm64.deb ...
#37 18.58 Unpacking libkrb5-dev:arm64 (1.20.1-6ubuntu2.10) ...
#37 18.59 Selecting previously unselected package libzmq3-dev:arm64.
#37 18.60 Preparing to unpack .../49-libzmq3-dev_4.3.5-1build2_arm64.deb ...
#37 18.60 Unpacking libzmq3-dev:arm64 (4.3.5-1build2) ...
#37 18.61 Selecting previously unselected package ninja-build.
#37 18.62 Preparing to unpack .../50-ninja-build_1.11.1-2_arm64.deb ...
#37 18.62 Unpacking ninja-build (1.11.1-2) ...
#37 18.63 Selecting previously unselected package nlohmann-json3-dev.
#37 18.63 Preparing to unpack .../51-nlohmann-json3-dev_3.11.3-1_all.deb ...
#37 18.63 Unpacking nlohmann-json3-dev (3.11.3-1) ...
#37 18.65 Selecting previously unselected package python3-filelock.
#37 18.66 Preparing to unpack .../52-python3-filelock_3.13.1-1_all.deb ...
#37 18.66 Unpacking python3-filelock (3.13.1-1) ...
#37 18.67 Selecting previously unselected package python3-markupsafe.
#37 18.67 Preparing to unpack .../53-python3-markupsafe_2.1.5-1build2_arm64.deb ...
#37 18.67 Unpacking python3-markupsafe (2.1.5-1build2) ...
#37 18.68 Selecting previously unselected package python3-jinja2.
#37 18.68 Preparing to unpack .../54-python3-jinja2_3.1.2-1ubuntu1.3_all.deb ...
#37 18.68 Unpacking python3-jinja2 (3.1.2-1ubuntu1.3) ...
#37 18.69 Selecting previously unselected package python3-typeguard.
#37 18.70 Preparing to unpack .../55-python3-typeguard_4.1.5-1_all.deb ...
#37 18.70 Unpacking python3-typeguard (4.1.5-1) ...
#37 18.71 Preparing to unpack .../56-ros-jazzy-action-msgs_2.0.4-1noble.20260902.015428_arm64.deb ...
#37 18.71 Unpacking ros-jazzy-action-msgs (2.0.4-1noble.20260902.015428) over (2.0.4-1noble.20260612.052535) ...
#37 18.81 Selecting previously unselected package ros-jazzy-angles.
#37 18.82 Preparing to unpack .../57-ros-jazzy-angles_1.16.1-1noble.20260305.211211_arm64.deb ...
#37 18.82 Unpacking ros-jazzy-angles (1.16.1-1noble.20260305.211211) ...
#37 18.83 Selecting previously unselected package ros-jazzy-backward-ros.
#37 18.83 Preparing to unpack .../58-ros-jazzy-backward-ros_1.0.8-1noble.20260225.223902_arm64.deb ...
#37 18.83 Unpacking ros-jazzy-backward-ros (1.0.8-1noble.20260225.223902) ...
#37 18.84 Selecting previously unselected package ros-jazzy-control-msgs.
#37 18.84 Preparing to unpack .../59-ros-jazzy-control-msgs_5.9.0-1noble.20260902.141921_arm64.deb ...
#37 18.84 Unpacking ros-jazzy-control-msgs (5.9.0-1noble.20260902.141921) ...
#37 18.94 Preparing to unpack .../60-ros-jazzy-rclcpp_28.1.22-1noble.20260902.143108_arm64.deb ...
#37 18.94 Unpacking ros-jazzy-rclcpp (28.1.22-1noble.20260902.143108) over (28.1.21-1noble.20260612.095833) ...
#37 19.08 Selecting previously unselected package ros-jazzy-filters.
#37 19.08 Preparing to unpack .../61-ros-jazzy-filters_2.2.2-1noble.20260902.212531_arm64.deb ...
#37 19.08 Unpacking ros-jazzy-filters (2.2.2-1noble.20260902.212531) ...
#37 19.09 Selecting previously unselected package ros-jazzy-generate-parameter-library-py.
#37 19.10 Preparing to unpack .../62-ros-jazzy-generate-parameter-library-py_0.7.6-1noble.20260810.141423_arm64.deb ...
#37 19.10 Unpacking ros-jazzy-generate-parameter-library-py (0.7.6-1noble.20260810.141423) ...
#37 19.11 Selecting previously unselected package ros-jazzy-tcb-span.
#37 19.11 Preparing to unpack .../63-ros-jazzy-tcb-span_1.3.2-1noble.20260618.161441_arm64.deb ...
#37 19.11 Unpacking ros-jazzy-tcb-span (1.3.2-1noble.20260618.161441) ...
#37 19.12 Selecting previously unselected package ros-jazzy-rsl.
#37 19.12 Preparing to unpack .../64-ros-jazzy-rsl_1.3.0-1noble.20260902.144906_arm64.deb ...
#37 19.12 Unpacking ros-jazzy-rsl (1.3.0-1noble.20260902.144906) ...
#37 19.13 Selecting previously unselected package ros-jazzy-tl-expected.
#37 19.14 Preparing to unpack .../65-ros-jazzy-tl-expected_1.3.2-1noble.20260618.161523_arm64.deb ...
#37 19.14 Unpacking ros-jazzy-tl-expected (1.3.2-1noble.20260618.161523) ...
#37 19.15 Selecting previously unselected package ros-jazzy-parameter-traits.
#37 19.15 Preparing to unpack .../66-ros-jazzy-parameter-traits_0.7.6-1noble.20260902.145236_arm64.deb ...
#37 19.15 Unpacking ros-jazzy-parameter-traits (0.7.6-1noble.20260902.145236) ...
#37 19.16 Selecting previously unselected package ros-jazzy-generate-parameter-library.
#37 19.17 Preparing to unpack .../67-ros-jazzy-generate-parameter-library_0.7.6-1noble.20260902.151613_arm64.deb ...
#37 19.17 Unpacking ros-jazzy-generate-parameter-library (0.7.6-1noble.20260902.151613) ...
#37 19.18 Selecting previously unselected package ros-jazzy-realtime-tools.
#37 19.18 Preparing to unpack .../68-ros-jazzy-realtime-tools_3.12.0-1noble.20260903.200958_arm64.deb ...
#37 19.18 Unpacking ros-jazzy-realtime-tools (3.12.0-1noble.20260903.200958) ...
#37 19.19 Selecting previously unselected package ros-jazzy-control-toolbox.
#37 19.19 Preparing to unpack .../69-ros-jazzy-control-toolbox_4.11.1-1noble.20260903.201502_arm64.deb ...
#37 19.19 Unpacking ros-jazzy-control-toolbox (4.11.1-1noble.20260903.201502) ...
#37 19.20 Selecting previously unselected package ros-jazzy-joint-limits.
#37 19.21 Preparing to unpack .../70-ros-jazzy-joint-limits_4.48.0-1noble.20260903.202131_arm64.deb ...
#37 19.21 Unpacking ros-jazzy-joint-limits (4.48.0-1noble.20260903.202131) ...
#37 19.22 Selecting previously unselected package ros-jazzy-pal-statistics-msgs.
#37 19.22 Preparing to unpack .../71-ros-jazzy-pal-statistics-msgs_2.8.2-1noble.20260902.130553_arm64.deb ...
#37 19.22 Unpacking ros-jazzy-pal-statistics-msgs (2.8.2-1noble.20260902.130553) ...
#37 19.24 Selecting previously unselected package ros-jazzy-pal-statistics.
#37 19.24 Preparing to unpack .../72-ros-jazzy-pal-statistics_2.8.2-1noble.20260902.174848_arm64.deb ...
#37 19.24 Unpacking ros-jazzy-pal-statistics (2.8.2-1noble.20260902.174848) ...
#37 19.25 Selecting previously unselected package ros-jazzy-gz-cmake-vendor.
#37 19.26 Preparing to unpack .../73-ros-jazzy-gz-cmake-vendor_0.0.12-1noble.20260618.172935_arm64.deb ...
#37 19.26 Unpacking ros-jazzy-gz-cmake-vendor (0.0.12-1noble.20260618.172935) ...
#37 19.28 Selecting previously unselected package ros-jazzy-gz-utils-vendor.
#37 19.28 Preparing to unpack .../74-ros-jazzy-gz-utils-vendor_0.0.5-1noble.20260618.173450_arm64.deb ...
#37 19.29 Unpacking ros-jazzy-gz-utils-vendor (0.0.5-1noble.20260618.173450) ...
#37 19.30 Selecting previously unselected package ros-jazzy-gz-math-vendor.
#37 19.30 Preparing to unpack .../75-ros-jazzy-gz-math-vendor_0.0.11-1noble.20260903.201031_arm64.deb ...
#37 19.30 Unpacking ros-jazzy-gz-math-vendor (0.0.11-1noble.20260903.201031) ...
#37 19.33 Selecting previously unselected package ros-jazzy-gz-tools-vendor.
#37 19.33 Preparing to unpack .../76-ros-jazzy-gz-tools-vendor_0.0.8-1noble.20260820.170736_arm64.deb ...
#37 19.33 Unpacking ros-jazzy-gz-tools-vendor (0.0.8-1noble.20260820.170736) ...
#37 19.35 Selecting previously unselected package ros-jazzy-sdformat-vendor.
#37 19.35 Preparing to unpack .../77-ros-jazzy-sdformat-vendor_0.0.14-1noble.20260904.005216_arm64.deb ...
#37 19.35 Unpacking ros-jazzy-sdformat-vendor (0.0.14-1noble.20260904.005216) ...
#37 19.42 Selecting previously unselected package liburdfdom-headers-dev.
#37 19.42 Preparing to unpack .../78-liburdfdom-headers-dev_1.0.5-3_all.deb ...
#37 19.42 Unpacking liburdfdom-headers-dev (1.0.5-3) ...
#37 19.43 Selecting previously unselected package ros-jazzy-sdformat-urdf.
#37 19.44 Preparing to unpack .../79-ros-jazzy-sdformat-urdf_1.0.2-1noble.20260904.010733_arm64.deb ...
#37 19.44 Unpacking ros-jazzy-sdformat-urdf (1.0.2-1noble.20260904.010733) ...
#37 19.45 Selecting previously unselected package ros-jazzy-hardware-interface.
#37 19.45 Preparing to unpack .../80-ros-jazzy-hardware-interface_4.48.0-1noble.20260904.011033_arm64.deb ...
#37 19.45 Unpacking ros-jazzy-hardware-interface (4.48.0-1noble.20260904.011033) ...
#37 19.47 Selecting previously unselected package ros-jazzy-controller-interface.
#37 19.47 Preparing to unpack .../81-ros-jazzy-controller-interface_4.48.0-1noble.20260904.011627_arm64.deb ...
#37 19.47 Unpacking ros-jazzy-controller-interface (4.48.0-1noble.20260904.011627) ...
#37 19.48 Selecting previously unselected package ros-jazzy-controller-manager-msgs.
#37 19.48 Preparing to unpack .../82-ros-jazzy-controller-manager-msgs_4.48.0-1noble.20260903.022424_arm64.deb ...
#37 19.48 Unpacking ros-jazzy-controller-manager-msgs (4.48.0-1noble.20260903.022424) ...
#37 19.52 Selecting previously unselected package ros-jazzy-diagnostic-updater.
#37 19.52 Preparing to unpack .../83-ros-jazzy-diagnostic-updater_4.2.7-1noble.20260902.152037_arm64.deb ...
#37 19.52 Unpacking ros-jazzy-diagnostic-updater (4.2.7-1noble.20260902.152037) ...
#37 19.53 Selecting previously unselected package ros-jazzy-controller-manager.
#37 19.54 Preparing to unpack .../84-ros-jazzy-controller-manager_4.48.0-1noble.20260904.013127_arm64.deb ...
#37 19.54 Unpacking ros-jazzy-controller-manager (4.48.0-1noble.20260904.013127) ...
#37 19.55 Selecting previously unselected package ros-jazzy-forward-command-controller.
#37 19.55 Preparing to unpack .../85-ros-jazzy-forward-command-controller_4.42.1-1noble.20260904.013248_arm64.deb ...
#37 19.55 Unpacking ros-jazzy-forward-command-controller (4.42.1-1noble.20260904.013248) ...
#37 19.56 Selecting previously unselected package ros-jazzy-joint-trajectory-controller.
#37 19.57 Preparing to unpack .../86-ros-jazzy-joint-trajectory-controller_4.42.1-1noble.20260904.012550_arm64.deb ...
#37 19.57 Unpacking ros-jazzy-joint-trajectory-controller (4.42.1-1noble.20260904.012550) ...
#37 19.58 Selecting previously unselected package ros-jazzy-position-controllers.
#37 19.58 Preparing to unpack .../87-ros-jazzy-position-controllers_4.42.1-1noble.20260904.020046_arm64.deb ...
#37 19.58 Unpacking ros-jazzy-position-controllers (4.42.1-1noble.20260904.020046) ...
#37 19.59 Selecting previously unselected package ros-jazzy-zenoh-cpp-vendor.
#37 19.59 Preparing to unpack .../88-ros-jazzy-zenoh-cpp-vendor_0.2.10-1noble.20260722.215603_arm64.deb ...
#37 19.59 Unpacking ros-jazzy-zenoh-cpp-vendor (0.2.10-1noble.20260722.215603) ...
#37 19.87 Selecting previously unselected package ros-jazzy-rmw-zenoh-cpp.
#37 19.87 Preparing to unpack .../89-ros-jazzy-rmw-zenoh-cpp_0.2.10-1noble.20260902.013751_arm64.deb ...
#37 19.87 Unpacking ros-jazzy-rmw-zenoh-cpp (0.2.10-1noble.20260902.013751) ...
#37 19.90 Setting up libnorm1t64:arm64 (1.5.9+dfsg-3.1build1) ...
#37 19.90 Setting up ros-jazzy-rclcpp (28.1.22-1noble.20260902.143108) ...
#37 19.90 Setting up libboost1.83-dev:arm64 (1.83.0-2.1ubuntu3.2) ...
#37 19.90 Setting up python3-filelock (3.13.1-1) ...
#37 19.99 Setting up libsodium23:arm64 (1.0.18-1ubuntu0.24.04.1) ...
#37 19.99 Setting up libedit2:arm64 (3.1-20230828-1build1) ...
#37 20.00 Setting up libsqlite3-0:arm64 (3.45.1-1ubuntu2.8) ...
#37 20.00 Setting up python3-typeguard (4.1.5-1) ...
#37 20.04 Setting up ros-jazzy-action-msgs (2.0.4-1noble.20260902.015428) ...
#37 20.05 Setting up ros-jazzy-diagnostic-updater (4.2.7-1noble.20260902.152037) ...
#37 20.05 Setting up ros-jazzy-gz-cmake-vendor (0.0.12-1noble.20260618.172935) ...
#37 20.05 Setting up rubygems-integration (1.18) ...
#37 20.05 Setting up python3-markupsafe (2.1.5-1build2) ...
#37 20.09 Setting up ninja-build (1.11.1-2) ...
#37 20.09 Setting up libelf1t64:arm64 (0.190-1.1ubuntu0.1) ...
#37 20.10 Setting up libkrb5support0:arm64 (1.20.1-6ubuntu2.10) ...
#37 20.10 Setting up libdw1t64:arm64 (0.190-1.1ubuntu0.1) ...
#37 20.10 Setting up ros-jazzy-tcb-span (1.3.2-1noble.20260618.161441) ...
#37 20.10 Setting up libpgm-5.3-0t64:arm64 (5.3.128~dfsg-2.1build1) ...
#37 20.10 Setting up python3-jinja2 (3.1.2-1ubuntu1.3) ...
#37 20.18 Setting up libexpected-dev (1.1.0-2) ...
#37 20.18 Setting up libsqlite3-dev:arm64 (3.45.1-1ubuntu2.8) ...
#37 20.19 Setting up libpgm-dev:arm64 (5.3.128~dfsg-2.1build1) ...
#37 20.19 Setting up ros-jazzy-rsl (1.3.0-1noble.20260902.144906) ...
#37 20.19 Setting up libncurses6:arm64 (6.4+20240113-1ubuntu2.2) ...
#37 20.19 Setting up ruby-net-telnet (0.2.0-1) ...
#37 20.19 Setting up comerr-dev:arm64 (2.1-1.47.0-2.4~exp1ubuntu4.1) ...
#37 20.20 Setting up libelf-dev:arm64 (0.190-1.1ubuntu0.1) ...
#37 20.20 Setting up icu-devtools (74.2-1ubuntu3.1) ...
#37 20.20 Setting up ros-jazzy-controller-manager-msgs (4.48.0-1noble.20260903.022424) ...
#37 20.20 Setting up libsodium-dev:arm64 (1.0.18-1ubuntu0.24.04.1) ...
#37 20.20 Setting up libk5crypto3:arm64 (1.20.1-6ubuntu2.10) ...
#37 20.21 Setting up ruby-webrick (1.8.1-1ubuntu0.2) ...
#37 20.21 Setting up liblzma-dev:arm64 (5.6.1+really5.4.5-1ubuntu0.3) ...
#37 20.21 Setting up ros-jazzy-generate-parameter-library-py (0.7.6-1noble.20260810.141423) ...
#37 20.21 Setting up ros-jazzy-zenoh-cpp-vendor (0.2.10-1noble.20260722.215603) ...
#37 20.21 Setting up ros-jazzy-pal-statistics-msgs (2.8.2-1noble.20260902.130553) ...
#37 20.22 Setting up libmd-dev:arm64 (1.1.0-2build1.1) ...
#37 20.22 Setting up ros-jazzy-tl-expected (1.3.2-1noble.20260618.161523) ...
#37 20.22 Setting up libkrb5-3:arm64 (1.20.1-6ubuntu2.10) ...
#37 20.22 Setting up libboost-dev:arm64 (1.83.0.1ubuntu2) ...
#37 20.22 Setting up nlohmann-json3-dev (3.11.3-1) ...
#37 20.23 Setting up ros-jazzy-pal-statistics (2.8.2-1noble.20260902.174848) ...
#37 20.23 Setting up libcap-dev:arm64 (1:2.66-5ubuntu2.4) ...
#37 20.23 Setting up libicu-dev:arm64 (74.2-1ubuntu3.1) ...
#37 20.23 Setting up ruby-xmlrpc (0.3.2-2) ...
#37 20.23 Setting up libxml2:arm64 (2.9.14+dfsg-1.3ubuntu3.9) ...
#37 20.24 Setting up libbsd-dev:arm64 (0.12.1-1build1.1) ...
#37 20.24 Setting up ros-jazzy-angles (1.16.1-1noble.20260305.211211) ...
#37 20.24 Setting up ros-jazzy-gz-utils-vendor (0.0.5-1noble.20260618.173450) ...
#37 20.24 Setting up liburdfdom-headers-dev (1.0.5-3) ...
#37 20.24 Setting up ros-jazzy-filters (2.2.2-1noble.20260902.212531) ...
#37 20.25 Setting up ros-jazzy-control-msgs (5.9.0-1noble.20260902.141921) ...
#37 20.25 Setting up libdw-dev:arm64 (0.190-1.1ubuntu0.1) ...
#37 20.25 Setting up ros-jazzy-gz-math-vendor (0.0.11-1noble.20260903.201031) ...
#37 20.25 Setting up libxml2-dev:arm64 (2.9.14+dfsg-1.3ubuntu3.9) ...
#37 20.25 Setting up ros-jazzy-parameter-traits (0.7.6-1noble.20260902.145236) ...
#37 20.26 Setting up libgssapi-krb5-2:arm64 (1.20.1-6ubuntu2.10) ...
#37 20.26 Setting up ros-jazzy-realtime-tools (3.12.0-1noble.20260903.200958) ...
#37 20.26 Setting up ros-jazzy-rmw-zenoh-cpp (0.2.10-1noble.20260902.013751) ...
#37 20.26 Setting up libxml2-utils (2.9.14+dfsg-1.3ubuntu3.9) ...
#37 20.27 Setting up ros-jazzy-backward-ros (1.0.8-1noble.20260225.223902) ...
#37 20.27 Setting up libzmq5:arm64 (4.3.5-1build2) ...
#37 20.27 Setting up libnorm-dev:arm64 (1.5.9+dfsg-3.1build1) ...
#37 20.27 Setting up ros-jazzy-generate-parameter-library (0.7.6-1noble.20260902.151613) ...
#37 20.27 Setting up libgssrpc4t64:arm64 (1.20.1-6ubuntu2.10) ...
#37 20.28 Setting up ros-jazzy-joint-limits (4.48.0-1noble.20260903.202131) ...
#37 20.28 Setting up libkadm5clnt-mit12:arm64 (1.20.1-6ubuntu2.10) ...
#37 20.28 Setting up ros-jazzy-control-toolbox (4.11.1-1noble.20260903.201502) ...
#37 20.28 Setting up libkdb5-10t64:arm64 (1.20.1-6ubuntu2.10) ...
#37 20.28 Setting up libkadm5srv-mit12:arm64 (1.20.1-6ubuntu2.10) ...
#37 20.29 Setting up krb5-multidev:arm64 (1.20.1-6ubuntu2.10) ...
#37 20.29 Setting up libkrb5-dev:arm64 (1.20.1-6ubuntu2.10) ...
#37 20.29 Setting up libzmq3-dev:arm64 (4.3.5-1build2) ...
#37 20.29 Setting up libruby:arm64 (1:3.2~ubuntu1) ...
#37 20.30 Setting up ruby-rubygems (3.4.20-1) ...
#37 20.30 Setting up rake (13.0.6-3) ...
#37 20.30 Setting up ruby-sdbm:arm64 (1.0.0-5build4) ...
#37 20.30 Setting up libruby3.2:arm64 (3.2.3-1ubuntu0.24.04.8) ...
#37 20.31 Setting up ruby3.2 (3.2.3-1ubuntu0.24.04.8) ...
#37 20.31 Setting up ruby (1:3.2~ubuntu1) ...
#37 20.31 Setting up ros-jazzy-gz-tools-vendor (0.0.8-1noble.20260820.170736) ...
#37 20.32 Setting up ros-jazzy-sdformat-vendor (0.0.14-1noble.20260904.005216) ...
#37 20.32 Setting up ros-jazzy-sdformat-urdf (1.0.2-1noble.20260904.010733) ...
#37 20.32 Setting up ros-jazzy-hardware-interface (4.48.0-1noble.20260904.011033) ...
#37 20.33 Setting up ros-jazzy-controller-interface (4.48.0-1noble.20260904.011627) ...
#37 20.33 Setting up ros-jazzy-forward-command-controller (4.42.1-1noble.20260904.013248) ...
#37 20.33 Setting up ros-jazzy-position-controllers (4.42.1-1noble.20260904.020046) ...
#37 20.33 Setting up ros-jazzy-controller-manager (4.48.0-1noble.20260904.013127) ...
#37 20.34 Setting up ros-jazzy-joint-trajectory-controller (4.42.1-1noble.20260904.012550) ...
#37 20.34 Processing triggers for libc-bin (2.39-0ubuntu8.8) ...
#37 DONE 20.6s

#39 [rust-build 18/18] RUN --mount=type=cache,id=rx-solutions-registry,target=/usr/local/cargo/registry     --mount=type=cache,id=rx-solutions-release,target=/src/target     cargo build --release --locked --workspace && mkdir -p /out && cp target/release/rx-hostd target/release/rx-executor-service target/release/rx-process-compile target/release/rx-solutionsd target/release/rx-process-package target/release/rx-device-package /out/
#39 14.78    Compiling cap-fs-ext v4.0.3
#39 14.81    Compiling hyper v1.11.1
#39 16.42    Compiling rx-package v0.1.0 (/src/sdk/crates/rx-package)
#39 ...

#44 [dynamixel-build 1/2] COPY native/dynamixel /dynamixel/
#44 DONE 0.1s

#45 [runtime  1/33] COPY LICENSE NOTICE /opt/rx/
#45 DONE 0.1s

#46 [runtime  2/33] COPY --from=btcpp /LICENSE /opt/rx/licenses/BehaviorTree.CPP/LICENSE
#46 DONE 0.0s

#47 [ros-jtc-build 1/3] COPY native/ros-jtc /ros-jtc/
#47 DONE 0.1s

#48 [bt-build 1/3] COPY --from=btcpp / /btcpp/
#48 DONE 0.1s

#49 [ros-jtc-build 2/3] COPY catalogs/device-support.v1.json /catalogs/device-support.v1.json
#49 DONE 0.1s

#50 [bt-build 2/3] COPY native/executor /executor/
#50 DONE 0.1s

#51 [runtime  3/33] COPY --from=btcpp /3rdparty/tinyxml2/LICENSE.txt /opt/rx/licenses/tinyxml2/LICENSE.txt
#51 DONE 0.0s

#52 [runtime  4/33] COPY --from=btcpp /3rdparty/minitrace/LICENSE /opt/rx/licenses/minitrace/LICENSE
#52 DONE 0.0s

#53 [bt-build 3/3] RUN --network=none cmake -S /executor -B /bt-build -G Ninja -DCMAKE_BUILD_TYPE=Release -DBTCPP_SOURCE=/btcpp -DRX_BUILD_TEST_HARNESS=OFF     && cmake --build /bt-build --target rx-bt-engine -j1
#53 ...

#54 [runtime  5/33] COPY --from=btcpp /3rdparty/lexy/LICENSE /opt/rx/licenses/lexy/LICENSE
#54 DONE 0.0s

#55 [dhi-build 1/6] COPY --from=dhi / /dhi-input/
#55 DONE 0.3s

#56 [runtime  6/33] COPY --from=btcpp /3rdparty/minicoro/LICENSE /opt/rx/licenses/minicoro/LICENSE
#56 DONE 0.0s

#57 [dhi-build 2/6] COPY native/dhi/dependencies.json /source/native/dhi/dependencies.json
#57 DONE 0.0s

#58 [runtime  7/33] COPY --from=btcpp /3rdparty/cppzmq/LICENSE /opt/rx/licenses/cppzmq/LICENSE
#58 DONE 0.0s

#59 [dhi-build 3/6] COPY tools/prepare_dhi_sources.py /source/tools/prepare_dhi_sources.py
#59 DONE 0.0s

#53 [bt-build 3/3] RUN --network=none cmake -S /executor -B /bt-build -G Ninja -DCMAKE_BUILD_TYPE=Release -DBTCPP_SOURCE=/btcpp -DRX_BUILD_TEST_HARNESS=OFF     && cmake --build /bt-build --target rx-bt-engine -j1
#53 0.165 -- The CXX compiler identification is GNU 13.3.0
#53 0.177 -- Detecting CXX compiler ABI info
#53 0.211 -- Detecting CXX compiler ABI info - done
#53 0.216 -- Check for working CXX compiler: /usr/bin/c++ - skipped
#53 0.216 -- Detecting CXX compile features
#53 0.217 -- Detecting CXX compile features - done
#53 0.277 -- The C compiler identification is GNU 13.3.0
#53 0.284 -- Detecting C compiler ABI info
#53 0.314 -- Detecting C compiler ABI info - done
#53 0.318 -- Check for working C compiler: /usr/bin/cc - skipped
#53 0.318 -- Detecting C compile features
#53 0.319 -- Detecting C compile features - done
#53 0.321 -- ------------------------------------------
#53 0.321 -- BehaviorTree is being built without AMENT.
#53 0.321 -- ------------------------------------------
#53 0.323 -- Performing Test CMAKE_HAVE_LIBC_PTHREAD
#53 0.353 -- Performing Test CMAKE_HAVE_LIBC_PTHREAD - Success
#53 0.354 -- Found Threads: TRUE  
#53 0.358 -- BTCPP_EXTRA_LIBRARIES: 
#53 0.358 -- BTCPP_LIB_DESTINATION:   lib 
#53 0.358 -- BTCPP_INCLUDE_DESTINATION: include 
#53 0.359 -- BUILD_TESTING:   OFF 
#53 0.362 -- Configuring done (0.3s)
#53 0.367 -- Generating done (0.0s)
#53 0.369 -- Build files have been written to: /bt-build
#53 3.283 [1/52] Building CXX object CMakeFiles/rx_bt_executor.dir/runtime.cpp.o
#53 ...

#60 [dynamixel-build 2/2] RUN --network=none cmake -S /dynamixel -B /dynamixel-build -DCMAKE_BUILD_TYPE=Release     && cmake --build /dynamixel-build --target rx-dynamixel-ping -j1
#60 0.245 -- The CXX compiler identification is GNU 13.3.0
#60 0.257 -- Detecting CXX compiler ABI info
#60 0.303 -- Detecting CXX compiler ABI info - done
#60 0.307 -- Check for working CXX compiler: /usr/bin/c++ - skipped
#60 0.307 -- Detecting CXX compile features
#60 0.308 -- Detecting CXX compile features - done
#60 0.309 -- Found nlohmann_json: /usr/share/cmake/nlohmann_json/nlohmann_jsonConfig.cmake (found suitable version "3.11.3", minimum required is "3.10") 
#60 0.310 -- Configuring done (0.2s)
#60 0.312 -- Generating done (0.0s)
#60 0.312 -- Build files have been written to: /dynamixel-build
#60 0.337 [ 33%] Building CXX object CMakeFiles/rx-dynamixel-ping.dir/helper.cpp.o
#60 4.005 [ 66%] Building CXX object CMakeFiles/rx-dynamixel-ping.dir/vendor/protocol2_packet_handler.cpp.o
#60 4.339 [100%] Linking CXX executable rx-dynamixel-ping
#60 4.386 [100%] Built target rx-dynamixel-ping
#60 DONE 4.4s

#61 [dhi-build 4/6] RUN --network=none python3 /source/tools/prepare_dhi_sources.py --check --output /dhi-input     && source /opt/ros/jazzy/setup.bash     && colcon build --merge-install --base-paths /dhi-input/src --build-base /dhi-build --install-base /opt/rx/dhi        --packages-select dynamixel_sdk dynamixel_interfaces dynamixel_hardware_interface        --executor sequential --event-handlers console_direct+        --cmake-args -DCMAKE_BUILD_TYPE=Release -DBUILD_TESTING=OFF
#61 0.167 {"verified_files": 1797}
#61 0.649 Starting >>> dynamixel_interfaces
#61 0.700 -- The C compiler identification is GNU 13.3.0
#61 0.734 -- The CXX compiler identification is GNU 13.3.0
#61 0.743 -- Detecting C compiler ABI info
#61 0.877 -- Detecting C compiler ABI info - done
#61 0.882 -- Check for working C compiler: /usr/bin/cc - skipped
#61 0.882 -- Detecting C compile features
#61 0.882 -- Detecting C compile features - done
#61 0.886 -- Detecting CXX compiler ABI info
#61 0.945 -- Detecting CXX compiler ABI info - done
#61 0.950 -- Check for working CXX compiler: /usr/bin/c++ - skipped
#61 0.950 -- Detecting CXX compile features
#61 0.950 -- Detecting CXX compile features - done
#61 0.951 -- Found ament_cmake: 2.5.6 (/opt/ros/jazzy/share/ament_cmake/cmake)
#61 1.026 -- Found Python3: /usr/bin/python3 (found version "3.12.3") found components: Interpreter 
#61 1.084 -- Found std_msgs: 5.3.8 (/opt/ros/jazzy/share/std_msgs/cmake)
#61 1.099 -- Found rosidl_generator_c: 4.6.9 (/opt/ros/jazzy/share/rosidl_generator_c/cmake)
#61 1.107 -- Found rosidl_generator_cpp: 4.6.9 (/opt/ros/jazzy/share/rosidl_generator_cpp/cmake)
#61 1.114 -- Using all available rosidl_typesupport_c: rosidl_typesupport_fastrtps_c;rosidl_typesupport_introspection_c
#61 1.123 -- Using all available rosidl_typesupport_cpp: rosidl_typesupport_fastrtps_cpp;rosidl_typesupport_introspection_cpp
#61 1.138 -- Found geometry_msgs: 5.3.8 (/opt/ros/jazzy/share/geometry_msgs/cmake)
#61 1.146 -- Found rosidl_default_generators: 1.6.1 (/opt/ros/jazzy/share/rosidl_default_generators/cmake)
#61 1.160 -- Found rosidl_adapter: 4.6.9 (/opt/ros/jazzy/share/rosidl_adapter/cmake)
#61 1.586 -- Found ament_cmake_ros: 0.12.1 (/opt/ros/jazzy/share/ament_cmake_ros/cmake)
#61 2.157 -- Using all available rosidl_typesupport_c: rosidl_typesupport_fastrtps_c;rosidl_typesupport_introspection_c
#61 2.364 -- Using all available rosidl_typesupport_cpp: rosidl_typesupport_fastrtps_cpp;rosidl_typesupport_introspection_cpp
#61 2.367 -- Found python_cmake_module: 0.11.1 (/opt/ros/jazzy/share/python_cmake_module/cmake)
#61 2.441 -- Found PythonExtra: /usr/bin/python3  
#61 2.816 -- Found Python3: /usr/bin/python3 (found version "3.12.3") found components: Interpreter Development NumPy Development.Module Development.Embed 
#61 2.908 -- Found Python3: /usr/bin/python3 (found version "3.12.3") found components: Interpreter 
#61 2.920 -- Configuring done (2.3s)
#61 2.971 -- Generating done (0.0s)
#61 2.984 -- Build files have been written to: /dhi-build/dynamixel_interfaces
#61 3.051 [  1%] Generating Rust code for ROS interfaces
#61 3.395 [  1%] Built target dynamixel_interfaces__rs
#61 3.408 [  3%] Generating type hashes for ROS interfaces
#61 3.603 [  3%] Built target dynamixel_interfaces__rosidl_generator_type_description
#61 3.609 [  4%] Generating C code for ROS interfaces
#61 3.967 [  6%] Building C object CMakeFiles/dynamixel_interfaces__rosidl_generator_c.dir/rosidl_generator_c/dynamixel_interfaces/msg/detail/dynamixel_state__description.c.o
#61 4.032 [  7%] Building C object CMakeFiles/dynamixel_interfaces__rosidl_generator_c.dir/rosidl_generator_c/dynamixel_interfaces/msg/detail/dynamixel_state__functions.c.o
#61 4.106 [  9%] Building C object CMakeFiles/dynamixel_interfaces__rosidl_generator_c.dir/rosidl_generator_c/dynamixel_interfaces/msg/detail/dynamixel_state__type_support.c.o
#61 4.131 [ 10%] Building C object CMakeFiles/dynamixel_interfaces__rosidl_generator_c.dir/rosidl_generator_c/dynamixel_interfaces/srv/detail/get_data_from_dxl__description.c.o
#61 4.201 [ 12%] Building C object CMakeFiles/dynamixel_interfaces__rosidl_generator_c.dir/rosidl_generator_c/dynamixel_interfaces/srv/detail/get_data_from_dxl__functions.c.o
#61 4.315 [ 13%] Building C object CMakeFiles/dynamixel_interfaces__rosidl_generator_c.dir/rosidl_generator_c/dynamixel_interfaces/srv/detail/get_data_from_dxl__type_support.c.o
#61 4.342 [ 15%] Building C object CMakeFiles/dynamixel_interfaces__rosidl_generator_c.dir/rosidl_generator_c/dynamixel_interfaces/srv/detail/set_data_to_dxl__description.c.o
#61 4.381 [ 16%] Building C object CMakeFiles/dynamixel_interfaces__rosidl_generator_c.dir/rosidl_generator_c/dynamixel_interfaces/srv/detail/set_data_to_dxl__functions.c.o
#61 4.494 [ 18%] Building C object CMakeFiles/dynamixel_interfaces__rosidl_generator_c.dir/rosidl_generator_c/dynamixel_interfaces/srv/detail/set_data_to_dxl__type_support.c.o
#61 4.518 [ 20%] Building C object CMakeFiles/dynamixel_interfaces__rosidl_generator_c.dir/rosidl_generator_c/dynamixel_interfaces/srv/detail/reboot_dxl__description.c.o
#61 4.555 [ 21%] Building C object CMakeFiles/dynamixel_interfaces__rosidl_generator_c.dir/rosidl_generator_c/dynamixel_interfaces/srv/detail/reboot_dxl__functions.c.o
#61 4.652 [ 23%] Building C object CMakeFiles/dynamixel_interfaces__rosidl_generator_c.dir/rosidl_generator_c/dynamixel_interfaces/srv/detail/reboot_dxl__type_support.c.o
#61 4.680 [ 24%] Linking C shared library libdynamixel_interfaces__rosidl_generator_c.so
#61 4.705 [ 24%] Built target dynamixel_interfaces__rosidl_generator_c
#61 4.710 [ 26%] Generating C type support for eProsima Fast-RTPS
#61 5.082 [ 27%] Building CXX object CMakeFiles/dynamixel_interfaces__rosidl_typesupport_fastrtps_c.dir/rosidl_typesupport_fastrtps_c/dynamixel_interfaces/msg/detail/dynamixel_state__type_support_c.cpp.o
#61 5.417 [ 29%] Building CXX object CMakeFiles/dynamixel_interfaces__rosidl_typesupport_fastrtps_c.dir/rosidl_typesupport_fastrtps_c/dynamixel_interfaces/srv/detail/get_data_from_dxl__type_support_c.cpp.o
#61 5.729 [ 30%] Building CXX object CMakeFiles/dynamixel_interfaces__rosidl_typesupport_fastrtps_c.dir/rosidl_typesupport_fastrtps_c/dynamixel_interfaces/srv/detail/set_data_to_dxl__type_support_c.cpp.o
#61 6.014 [ 32%] Building CXX object CMakeFiles/dynamixel_interfaces__rosidl_typesupport_fastrtps_c.dir/rosidl_typesupport_fastrtps_c/dynamixel_interfaces/srv/detail/reboot_dxl__type_support_c.cpp.o
#61 6.299 [ 33%] Linking CXX shared library libdynamixel_interfaces__rosidl_typesupport_fastrtps_c.so
#61 6.339 [ 33%] Built target dynamixel_interfaces__rosidl_typesupport_fastrtps_c
#61 6.349 [ 35%] Generating C++ code for ROS interfaces
#61 6.649 [ 35%] Built target dynamixel_interfaces__cpp
#61 6.654 [ 36%] Generating C++ type support for eProsima Fast-RTPS
#61 6.961 [ 38%] Building CXX object CMakeFiles/dynamixel_interfaces__rosidl_typesupport_fastrtps_cpp.dir/rosidl_typesupport_fastrtps_cpp/dynamixel_interfaces/msg/detail/dds_fastrtps/dynamixel_state__type_support.cpp.o
#61 7.483 [ 40%] Building CXX object CMakeFiles/dynamixel_interfaces__rosidl_typesupport_fastrtps_cpp.dir/rosidl_typesupport_fastrtps_cpp/dynamixel_interfaces/srv/detail/dds_fastrtps/get_data_from_dxl__type_support.cpp.o
#61 7.872 [ 41%] Building CXX object CMakeFiles/dynamixel_interfaces__rosidl_typesupport_fastrtps_cpp.dir/rosidl_typesupport_fastrtps_cpp/dynamixel_interfaces/srv/detail/dds_fastrtps/set_data_to_dxl__type_support.cpp.o
#61 8.283 [ 43%] Building CXX object CMakeFiles/dynamixel_interfaces__rosidl_typesupport_fastrtps_cpp.dir/rosidl_typesupport_fastrtps_cpp/dynamixel_interfaces/srv/detail/dds_fastrtps/reboot_dxl__type_support.cpp.o
#61 8.716 [ 44%] Linking CXX shared library libdynamixel_interfaces__rosidl_typesupport_fastrtps_cpp.so
#61 8.755 [ 44%] Built target dynamixel_interfaces__rosidl_typesupport_fastrtps_cpp
#61 8.761 [ 46%] Generating C introspection for ROS interfaces
#61 9.067 [ 47%] Building C object CMakeFiles/dynamixel_interfaces__rosidl_typesupport_introspection_c.dir/rosidl_typesupport_introspection_c/dynamixel_interfaces/msg/detail/dynamixel_state__type_support.c.o
#61 9.109 [ 49%] Building C object CMakeFiles/dynamixel_interfaces__rosidl_typesupport_introspection_c.dir/rosidl_typesupport_introspection_c/dynamixel_interfaces/srv/detail/get_data_from_dxl__type_support.c.o
#61 9.144 [ 50%] Building C object CMakeFiles/dynamixel_interfaces__rosidl_typesupport_introspection_c.dir/rosidl_typesupport_introspection_c/dynamixel_interfaces/srv/detail/set_data_to_dxl__type_support.c.o
#61 9.178 [ 52%] Building C object CMakeFiles/dynamixel_interfaces__rosidl_typesupport_introspection_c.dir/rosidl_typesupport_introspection_c/dynamixel_interfaces/srv/detail/reboot_dxl__type_support.c.o
#61 9.211 [ 53%] Linking C shared library libdynamixel_interfaces__rosidl_typesupport_introspection_c.so
#61 9.235 [ 53%] Built target dynamixel_interfaces__rosidl_typesupport_introspection_c
#61 9.241 [ 55%] Generating C type support dispatch for ROS interfaces
#61 9.450 [ 56%] Building CXX object CMakeFiles/dynamixel_interfaces__rosidl_typesupport_c.dir/rosidl_typesupport_c/dynamixel_interfaces/msg/dynamixel_state__type_support.cpp.o
#61 9.483 [ 58%] Building CXX object CMakeFiles/dynamixel_interfaces__rosidl_typesupport_c.dir/rosidl_typesupport_c/dynamixel_interfaces/srv/get_data_from_dxl__type_support.cpp.o
#61 9.666 [ 60%] Building CXX object CMakeFiles/dynamixel_interfaces__rosidl_typesupport_c.dir/rosidl_typesupport_c/dynamixel_interfaces/srv/set_data_to_dxl__type_support.cpp.o
#61 9.742 [ 61%] Building CXX object CMakeFiles/dynamixel_interfaces__rosidl_typesupport_c.dir/rosidl_typesupport_c/dynamixel_interfaces/srv/reboot_dxl__type_support.cpp.o
#61 9.811 [ 63%] Linking CXX shared library libdynamixel_interfaces__rosidl_typesupport_c.so
#61 9.850 [ 63%] Built target dynamixel_interfaces__rosidl_typesupport_c
#61 9.857 [ 64%] Generating C++ introspection for ROS interfaces
#61 ...

#62 [ros-jtc-build 3/3] RUN --network=none source /opt/ros/jazzy/setup.bash     && cmake -S /ros-jtc -B /ros-jtc-build -G Ninja -DCMAKE_BUILD_TYPE=Release -DRX_CATALOG=/catalogs/device-support.v1.json     && cmake --build /ros-jtc-build --target rx-ros-jtc-bridge -j1
#62 0.428 -- The CXX compiler identification is GNU 13.3.0
#62 0.439 -- Detecting CXX compiler ABI info
#62 0.478 -- Detecting CXX compiler ABI info - done
#62 0.483 -- Check for working CXX compiler: /usr/bin/c++ - skipped
#62 0.484 -- Detecting CXX compile features
#62 0.484 -- Detecting CXX compile features - done
#62 0.488 -- Found ament_cmake: 2.5.6 (/opt/ros/jazzy/share/ament_cmake/cmake)
#62 0.566 -- Found Python3: /usr/bin/python3 (found version "3.12.3") found components: Interpreter 
#62 0.641 -- Found rclcpp: 28.1.22 (/opt/ros/jazzy/share/rclcpp/cmake)
#62 0.680 -- Found rosidl_generator_c: 4.6.9 (/opt/ros/jazzy/share/rosidl_generator_c/cmake)
#62 0.696 -- Found rosidl_generator_cpp: 4.6.9 (/opt/ros/jazzy/share/rosidl_generator_cpp/cmake)
#62 0.711 -- Using all available rosidl_typesupport_c: rosidl_typesupport_fastrtps_c;rosidl_typesupport_introspection_c
#62 0.723 -- Using all available rosidl_typesupport_cpp: rosidl_typesupport_fastrtps_cpp;rosidl_typesupport_introspection_cpp
#62 0.788 -- Found rmw_implementation_cmake: 7.3.3 (/opt/ros/jazzy/share/rmw_implementation_cmake/cmake)
#62 0.791 -- Found rmw_fastrtps_cpp: 8.4.4 (/opt/ros/jazzy/share/rmw_fastrtps_cpp/cmake)
#62 0.846 -- Found OpenSSL: /usr/lib/aarch64-linux-gnu/libcrypto.so (found version "3.0.13")  
#62 0.856 -- Found FastRTPS: /opt/ros/jazzy/include (Required is at least version "2.13") 
#62 0.870 -- Using RMW implementation 'rmw_fastrtps_cpp' as default
#62 0.939 -- Found control_msgs: 5.9.0 (/opt/ros/jazzy/share/control_msgs/cmake)
#62 1.048 -- Found controller_manager_msgs: 4.48.0 (/opt/ros/jazzy/share/controller_manager_msgs/cmake)
#62 1.077 -- Found nlohmann_json: /usr/share/cmake/nlohmann_json/nlohmann_jsonConfig.cmake (found version "3.11.3") 
#62 1.079 -- Configuring done (0.7s)
#62 1.088 -- Generating done (0.0s)
#62 1.092 -- Build files have been written to: /ros-jtc-build
#62 ...

#61 [dhi-build 4/6] RUN --network=none python3 /source/tools/prepare_dhi_sources.py --check --output /dhi-input     && source /opt/ros/jazzy/setup.bash     && colcon build --merge-install --base-paths /dhi-input/src --build-base /dhi-build --install-base /opt/rx/dhi        --packages-select dynamixel_sdk dynamixel_interfaces dynamixel_hardware_interface        --executor sequential --event-handlers console_direct+        --cmake-args -DCMAKE_BUILD_TYPE=Release -DBUILD_TESTING=OFF
#61 10.10 [ 66%] Building CXX object CMakeFiles/dynamixel_interfaces__rosidl_typesupport_introspection_cpp.dir/rosidl_typesupport_introspection_cpp/dynamixel_interfaces/msg/detail/dynamixel_state__type_support.cpp.o
#61 10.36 [ 67%] Building CXX object CMakeFiles/dynamixel_interfaces__rosidl_typesupport_introspection_cpp.dir/rosidl_typesupport_introspection_cpp/dynamixel_interfaces/srv/detail/get_data_from_dxl__type_support.cpp.o
#61 10.67 [ 69%] Building CXX object CMakeFiles/dynamixel_interfaces__rosidl_typesupport_introspection_cpp.dir/rosidl_typesupport_introspection_cpp/dynamixel_interfaces/srv/detail/set_data_to_dxl__type_support.cpp.o
#61 10.96 [ 70%] Building CXX object CMakeFiles/dynamixel_interfaces__rosidl_typesupport_introspection_cpp.dir/rosidl_typesupport_introspection_cpp/dynamixel_interfaces/srv/detail/reboot_dxl__type_support.cpp.o
#61 11.29 [ 72%] Linking CXX shared library libdynamixel_interfaces__rosidl_typesupport_introspection_cpp.so
#61 11.35 [ 72%] Built target dynamixel_interfaces__rosidl_typesupport_introspection_cpp
#61 11.36 [ 73%] Generating C++ type support dispatch for ROS interfaces
#61 11.63 [ 75%] Building CXX object CMakeFiles/dynamixel_interfaces__rosidl_typesupport_cpp.dir/rosidl_typesupport_cpp/dynamixel_interfaces/msg/dynamixel_state__type_support.cpp.o
#61 11.78 [ 76%] Building CXX object CMakeFiles/dynamixel_interfaces__rosidl_typesupport_cpp.dir/rosidl_typesupport_cpp/dynamixel_interfaces/srv/get_data_from_dxl__type_support.cpp.o
#61 ...

#62 [ros-jtc-build 3/3] RUN --network=none source /opt/ros/jazzy/setup.bash     && cmake -S /ros-jtc -B /ros-jtc-build -G Ninja -DCMAKE_BUILD_TYPE=Release -DRX_CATALOG=/catalogs/device-support.v1.json     && cmake --build /ros-jtc-build --target rx-ros-jtc-bridge -j1
#62 11.99 [1/2] Building CXX object CMakeFiles/rx-ros-jtc-bridge.dir/bridge.cpp.o
#62 12.14 [2/2] Linking CXX executable rx-ros-jtc-bridge
#62 DONE 12.2s

#61 [dhi-build 4/6] RUN --network=none python3 /source/tools/prepare_dhi_sources.py --check --output /dhi-input     && source /opt/ros/jazzy/setup.bash     && colcon build --merge-install --base-paths /dhi-input/src --build-base /dhi-build --install-base /opt/rx/dhi        --packages-select dynamixel_sdk dynamixel_interfaces dynamixel_hardware_interface        --executor sequential --event-handlers console_direct+        --cmake-args -DCMAKE_BUILD_TYPE=Release -DBUILD_TESTING=OFF
#61 12.00 [ 78%] Building CXX object CMakeFiles/dynamixel_interfaces__rosidl_typesupport_cpp.dir/rosidl_typesupport_cpp/dynamixel_interfaces/srv/set_data_to_dxl__type_support.cpp.o
#61 12.18 [ 80%] Building CXX object CMakeFiles/dynamixel_interfaces__rosidl_typesupport_cpp.dir/rosidl_typesupport_cpp/dynamixel_interfaces/srv/reboot_dxl__type_support.cpp.o
#61 12.34 [ 81%] Linking CXX shared library libdynamixel_interfaces__rosidl_typesupport_cpp.so
#61 12.37 [ 81%] Built target dynamixel_interfaces__rosidl_typesupport_cpp
#61 12.38 [ 81%] Built target dynamixel_interfaces
#61 12.39 [ 81%] Built target ament_cmake_python_copy_dynamixel_interfaces
#61 12.47 running egg_info
#61 12.47 creating dynamixel_interfaces.egg-info
#61 12.47 writing dynamixel_interfaces.egg-info/PKG-INFO
#61 12.47 writing dependency_links to dynamixel_interfaces.egg-info/dependency_links.txt
#61 12.47 writing top-level names to dynamixel_interfaces.egg-info/top_level.txt
#61 12.47 writing manifest file 'dynamixel_interfaces.egg-info/SOURCES.txt'
#61 12.48 reading manifest file 'dynamixel_interfaces.egg-info/SOURCES.txt'
#61 12.48 writing manifest file 'dynamixel_interfaces.egg-info/SOURCES.txt'
#61 12.50 [ 81%] Built target ament_cmake_python_build_dynamixel_interfaces_egg
#61 12.50 [ 83%] Generating Python code for ROS interfaces
#61 ...

#39 [rust-build 18/18] RUN --mount=type=cache,id=rx-solutions-registry,target=/usr/local/cargo/registry     --mount=type=cache,id=rx-solutions-release,target=/src/target     cargo build --release --locked --workspace && mkdir -p /out && cp target/release/rx-hostd target/release/rx-executor-service target/release/rx-process-compile target/release/rx-solutionsd target/release/rx-process-package target/release/rx-device-package /out/
#39 23.37    Compiling hyper-util v0.1.20
#39 24.70    Compiling tower v0.5.3
#39 25.16    Compiling axum v0.8.9
#39 27.59    Compiling hyper-timeout v0.5.2
#39 27.66    Compiling tokio-rustls v0.26.5
#39 27.96    Compiling tokio-stream v0.1.19
#39 28.21    Compiling tonic v0.14.6
#39 ...

#61 [dhi-build 4/6] RUN --network=none python3 /source/tools/prepare_dhi_sources.py --check --output /dhi-input     && source /opt/ros/jazzy/setup.bash     && colcon build --merge-install --base-paths /dhi-input/src --build-base /dhi-build --install-base /opt/rx/dhi        --packages-select dynamixel_sdk dynamixel_interfaces dynamixel_hardware_interface        --executor sequential --event-handlers console_direct+        --cmake-args -DCMAKE_BUILD_TYPE=Release -DBUILD_TESTING=OFF
#61 12.98 [ 83%] Built target dynamixel_interfaces__py
#61 12.99 [ 84%] Building C object CMakeFiles/dynamixel_interfaces__rosidl_generator_py.dir/rosidl_generator_py/dynamixel_interfaces/msg/_dynamixel_state_s.c.o
#61 13.14 [ 86%] Building C object CMakeFiles/dynamixel_interfaces__rosidl_generator_py.dir/rosidl_generator_py/dynamixel_interfaces/srv/_get_data_from_dxl_s.c.o
#61 13.25 [ 87%] Building C object CMakeFiles/dynamixel_interfaces__rosidl_generator_py.dir/rosidl_generator_py/dynamixel_interfaces/srv/_set_data_to_dxl_s.c.o
#61 13.35 [ 89%] Building C object CMakeFiles/dynamixel_interfaces__rosidl_generator_py.dir/rosidl_generator_py/dynamixel_interfaces/srv/_reboot_dxl_s.c.o
#61 13.46 [ 90%] Linking C shared library libdynamixel_interfaces__rosidl_generator_py.so
#61 13.48 [ 90%] Built target dynamixel_interfaces__rosidl_generator_py
#61 13.49 [ 92%] Building C object CMakeFiles/dynamixel_interfaces_s__rosidl_typesupport_fastrtps_c.dir/rosidl_generator_py/dynamixel_interfaces/_dynamixel_interfaces_s.ep.rosidl_typesupport_fastrtps_c.c.o
#61 13.60 [ 93%] Linking C shared module rosidl_generator_py/dynamixel_interfaces/dynamixel_interfaces_s__rosidl_typesupport_fastrtps_c.so
#61 13.61 [ 93%] Built target dynamixel_interfaces_s__rosidl_typesupport_fastrtps_c
#61 13.62 [ 95%] Building C object CMakeFiles/dynamixel_interfaces_s__rosidl_typesupport_introspection_c.dir/rosidl_generator_py/dynamixel_interfaces/_dynamixel_interfaces_s.ep.rosidl_typesupport_introspection_c.c.o
#61 13.72 [ 96%] Linking C shared module rosidl_generator_py/dynamixel_interfaces/dynamixel_interfaces_s__rosidl_typesupport_introspection_c.so
#61 13.74 [ 96%] Built target dynamixel_interfaces_s__rosidl_typesupport_introspection_c
#61 13.74 [ 98%] Building C object CMakeFiles/dynamixel_interfaces_s__rosidl_typesupport_c.dir/rosidl_generator_py/dynamixel_interfaces/_dynamixel_interfaces_s.ep.rosidl_typesupport_c.c.o
#61 13.86 [100%] Linking C shared module rosidl_generator_py/dynamixel_interfaces/dynamixel_interfaces_s__rosidl_typesupport_c.so
#61 13.87 [100%] Built target dynamixel_interfaces_s__rosidl_typesupport_c
#61 13.88 -- Install configuration: "Release"
#61 13.88 -- Installing: /opt/rx/dhi/share/ament_index/resource_index/rosidl_interfaces/dynamixel_interfaces
#61 13.88 -- Installing: /opt/rx/dhi/share/dynamixel_interfaces/msg/DynamixelState.json
#61 13.88 -- Installing: /opt/rx/dhi/share/dynamixel_interfaces/srv/GetDataFromDxl.json
#61 13.88 -- Installing: /opt/rx/dhi/share/dynamixel_interfaces/srv/SetDataToDxl.json
#61 13.88 -- Installing: /opt/rx/dhi/share/dynamixel_interfaces/srv/RebootDxl.json
#61 13.88 -- Installing: /opt/rx/dhi/include/dynamixel_interfaces/dynamixel_interfaces
#61 13.88 -- Installing: /opt/rx/dhi/include/dynamixel_interfaces/dynamixel_interfaces/srv
#61 13.88 -- Installing: /opt/rx/dhi/include/dynamixel_interfaces/dynamixel_interfaces/srv/reboot_dxl.h
#61 13.88 -- Installing: /opt/rx/dhi/include/dynamixel_interfaces/dynamixel_interfaces/srv/detail
#61 13.88 -- Installing: /opt/rx/dhi/include/dynamixel_interfaces/dynamixel_interfaces/srv/detail/reboot_dxl__struct.h
#61 13.88 -- Installing: /opt/rx/dhi/include/dynamixel_interfaces/dynamixel_interfaces/srv/detail/reboot_dxl__type_support.h
#61 13.88 -- Installing: /opt/rx/dhi/include/dynamixel_interfaces/dynamixel_interfaces/srv/detail/get_data_from_dxl__struct.h
#61 13.88 -- Installing: /opt/rx/dhi/include/dynamixel_interfaces/dynamixel_interfaces/srv/detail/set_data_to_dxl__struct.h
#61 13.88 -- Installing: /opt/rx/dhi/include/dynamixel_interfaces/dynamixel_interfaces/srv/detail/reboot_dxl__description.c
#61 13.88 -- Installing: /opt/rx/dhi/include/dynamixel_interfaces/dynamixel_interfaces/srv/detail/get_data_from_dxl__type_support.h
#61 13.88 -- Installing: /opt/rx/dhi/include/dynamixel_interfaces/dynamixel_interfaces/srv/detail/get_data_from_dxl__description.c
#61 13.88 -- Installing: /opt/rx/dhi/include/dynamixel_interfaces/dynamixel_interfaces/srv/detail/get_data_from_dxl__functions.h
#61 13.89 -- Installing: /opt/rx/dhi/include/dynamixel_interfaces/dynamixel_interfaces/srv/detail/reboot_dxl__functions.h
#61 13.89 -- Installing: /opt/rx/dhi/include/dynamixel_interfaces/dynamixel_interfaces/srv/detail/reboot_dxl__type_support.c
#61 13.89 -- Installing: /opt/rx/dhi/include/dynamixel_interfaces/dynamixel_interfaces/srv/detail/get_data_from_dxl__type_support.c
#61 13.89 -- Installing: /opt/rx/dhi/include/dynamixel_interfaces/dynamixel_interfaces/srv/detail/set_data_to_dxl__functions.h
#61 13.89 -- Installing: /opt/rx/dhi/include/dynamixel_interfaces/dynamixel_interfaces/srv/detail/set_data_to_dxl__type_support.c
#61 13.89 -- Installing: /opt/rx/dhi/include/dynamixel_interfaces/dynamixel_interfaces/srv/detail/set_data_to_dxl__description.c
#61 13.89 -- Installing: /opt/rx/dhi/include/dynamixel_interfaces/dynamixel_interfaces/srv/detail/set_data_to_dxl__functions.c
#61 13.89 -- Installing: /opt/rx/dhi/include/dynamixel_interfaces/dynamixel_interfaces/srv/detail/get_data_from_dxl__functions.c
#61 13.89 -- Installing: /opt/rx/dhi/include/dynamixel_interfaces/dynamixel_interfaces/srv/detail/set_data_to_dxl__type_support.h
#61 13.89 -- Installing: /opt/rx/dhi/include/dynamixel_interfaces/dynamixel_interfaces/srv/detail/reboot_dxl__functions.c
#61 13.89 -- Installing: /opt/rx/dhi/include/dynamixel_interfaces/dynamixel_interfaces/srv/set_data_to_dxl.h
#61 13.89 -- Installing: /opt/rx/dhi/include/dynamixel_interfaces/dynamixel_interfaces/srv/get_data_from_dxl.h
#61 13.89 -- Installing: /opt/rx/dhi/include/dynamixel_interfaces/dynamixel_interfaces/msg
#61 13.89 -- Installing: /opt/rx/dhi/include/dynamixel_interfaces/dynamixel_interfaces/msg/dynamixel_state.h
#61 13.89 -- Installing: /opt/rx/dhi/include/dynamixel_interfaces/dynamixel_interfaces/msg/detail
#61 13.89 -- Installing: /opt/rx/dhi/include/dynamixel_interfaces/dynamixel_interfaces/msg/detail/dynamixel_state__functions.h
#61 13.89 -- Installing: /opt/rx/dhi/include/dynamixel_interfaces/dynamixel_interfaces/msg/detail/dynamixel_state__struct.h
#61 13.89 -- Installing: /opt/rx/dhi/include/dynamixel_interfaces/dynamixel_interfaces/msg/detail/dynamixel_state__description.c
#61 13.89 -- Installing: /opt/rx/dhi/include/dynamixel_interfaces/dynamixel_interfaces/msg/detail/dynamixel_state__type_support.h
#61 13.89 -- Installing: /opt/rx/dhi/include/dynamixel_interfaces/dynamixel_interfaces/msg/detail/dynamixel_state__functions.c
#61 13.89 -- Installing: /opt/rx/dhi/include/dynamixel_interfaces/dynamixel_interfaces/msg/detail/dynamixel_state__type_support.c
#61 13.89 -- Installing: /opt/rx/dhi/include/dynamixel_interfaces/dynamixel_interfaces/msg/rosidl_generator_c__visibility_control.h
#61 13.89 -- Installing: /opt/rx/dhi/share/dynamixel_interfaces/environment/library_path.sh
#61 13.89 -- Installing: /opt/rx/dhi/share/dynamixel_interfaces/environment/library_path.dsv
#61 13.89 -- Installing: /opt/rx/dhi/lib/libdynamixel_interfaces__rosidl_generator_c.so
#61 13.89 -- Set non-toolchain portion of runtime path of "/opt/rx/dhi/lib/libdynamixel_interfaces__rosidl_generator_c.so" to ""
#61 13.89 -- Up-to-date: /opt/rx/dhi/include/dynamixel_interfaces/dynamixel_interfaces
#61 13.89 -- Up-to-date: /opt/rx/dhi/include/dynamixel_interfaces/dynamixel_interfaces/srv
#61 13.89 -- Up-to-date: /opt/rx/dhi/include/dynamixel_interfaces/dynamixel_interfaces/srv/detail
#61 13.89 -- Installing: /opt/rx/dhi/include/dynamixel_interfaces/dynamixel_interfaces/srv/detail/set_data_to_dxl__rosidl_typesupport_fastrtps_c.h
#61 13.89 -- Installing: /opt/rx/dhi/include/dynamixel_interfaces/dynamixel_interfaces/srv/detail/reboot_dxl__rosidl_typesupport_fastrtps_c.h
#61 13.89 -- Installing: /opt/rx/dhi/include/dynamixel_interfaces/dynamixel_interfaces/srv/detail/get_data_from_dxl__rosidl_typesupport_fastrtps_c.h
#61 13.89 -- Up-to-date: /opt/rx/dhi/include/dynamixel_interfaces/dynamixel_interfaces/msg
#61 13.89 -- Up-to-date: /opt/rx/dhi/include/dynamixel_interfaces/dynamixel_interfaces/msg/detail
#61 13.89 -- Installing: /opt/rx/dhi/include/dynamixel_interfaces/dynamixel_interfaces/msg/detail/dynamixel_state__rosidl_typesupport_fastrtps_c.h
#61 13.89 -- Installing: /opt/rx/dhi/include/dynamixel_interfaces/dynamixel_interfaces/msg/rosidl_typesupport_fastrtps_c__visibility_control.h
#61 13.89 -- Installing: /opt/rx/dhi/lib/libdynamixel_interfaces__rosidl_typesupport_fastrtps_c.so
#61 13.89 -- Set non-toolchain portion of runtime path of "/opt/rx/dhi/lib/libdynamixel_interfaces__rosidl_typesupport_fastrtps_c.so" to ""
#61 13.89 -- Up-to-date: /opt/rx/dhi/include/dynamixel_interfaces/dynamixel_interfaces
#61 13.89 -- Up-to-date: /opt/rx/dhi/include/dynamixel_interfaces/dynamixel_interfaces/srv
#61 13.89 -- Up-to-date: /opt/rx/dhi/include/dynamixel_interfaces/dynamixel_interfaces/srv/detail
#61 13.89 -- Installing: /opt/rx/dhi/include/dynamixel_interfaces/dynamixel_interfaces/srv/detail/reboot_dxl__type_support.hpp
#61 13.89 -- Installing: /opt/rx/dhi/include/dynamixel_interfaces/dynamixel_interfaces/srv/detail/set_data_to_dxl__type_support.hpp
#61 13.89 -- Installing: /opt/rx/dhi/include/dynamixel_interfaces/dynamixel_interfaces/srv/detail/set_data_to_dxl__traits.hpp
#61 13.89 -- Installing: /opt/rx/dhi/include/dynamixel_interfaces/dynamixel_interfaces/srv/detail/get_data_from_dxl__traits.hpp
#61 13.89 -- Installing: /opt/rx/dhi/include/dynamixel_interfaces/dynamixel_interfaces/srv/detail/reboot_dxl__builder.hpp
#61 13.89 -- Installing: /opt/rx/dhi/include/dynamixel_interfaces/dynamixel_interfaces/srv/detail/get_data_from_dxl__type_support.hpp
#61 13.89 -- Installing: /opt/rx/dhi/include/dynamixel_interfaces/dynamixel_interfaces/srv/detail/set_data_to_dxl__builder.hpp
#61 13.89 -- Installing: /opt/rx/dhi/include/dynamixel_interfaces/dynamixel_interfaces/srv/detail/reboot_dxl__traits.hpp
#61 13.89 -- Installing: /opt/rx/dhi/include/dynamixel_interfaces/dynamixel_interfaces/srv/detail/set_data_to_dxl__struct.hpp
#61 13.89 -- Installing: /opt/rx/dhi/include/dynamixel_interfaces/dynamixel_interfaces/srv/detail/reboot_dxl__struct.hpp
#61 13.89 -- Installing: /opt/rx/dhi/include/dynamixel_interfaces/dynamixel_interfaces/srv/detail/get_data_from_dxl__builder.hpp
#61 13.89 -- Installing: /opt/rx/dhi/include/dynamixel_interfaces/dynamixel_interfaces/srv/detail/get_data_from_dxl__struct.hpp
#61 13.89 -- Installing: /opt/rx/dhi/include/dynamixel_interfaces/dynamixel_interfaces/srv/reboot_dxl.hpp
#61 13.89 -- Installing: /opt/rx/dhi/include/dynamixel_interfaces/dynamixel_interfaces/srv/set_data_to_dxl.hpp
#61 13.89 -- Installing: /opt/rx/dhi/include/dynamixel_interfaces/dynamixel_interfaces/srv/get_data_from_dxl.hpp
#61 13.89 -- Up-to-date: /opt/rx/dhi/include/dynamixel_interfaces/dynamixel_interfaces/msg
#61 13.89 -- Up-to-date: /opt/rx/dhi/include/dynamixel_interfaces/dynamixel_interfaces/msg/detail
#61 13.89 -- Installing: /opt/rx/dhi/include/dynamixel_interfaces/dynamixel_interfaces/msg/detail/dynamixel_state__struct.hpp
#61 13.89 -- Installing: /opt/rx/dhi/include/dynamixel_interfaces/dynamixel_interfaces/msg/detail/dynamixel_state__type_support.hpp
#61 13.89 -- Installing: /opt/rx/dhi/include/dynamixel_interfaces/dynamixel_interfaces/msg/detail/dynamixel_state__builder.hpp
#61 13.89 -- Installing: /opt/rx/dhi/include/dynamixel_interfaces/dynamixel_interfaces/msg/detail/dynamixel_state__traits.hpp
#61 13.89 -- Installing: /opt/rx/dhi/include/dynamixel_interfaces/dynamixel_interfaces/msg/dynamixel_state.hpp
#61 13.89 -- Installing: /opt/rx/dhi/include/dynamixel_interfaces/dynamixel_interfaces/msg/rosidl_generator_cpp__visibility_control.hpp
#61 13.89 -- Up-to-date: /opt/rx/dhi/include/dynamixel_interfaces/dynamixel_interfaces
#61 13.89 -- Up-to-date: /opt/rx/dhi/include/dynamixel_interfaces/dynamixel_interfaces/srv
#61 13.89 -- Up-to-date: /opt/rx/dhi/include/dynamixel_interfaces/dynamixel_interfaces/srv/detail
#61 13.89 -- Installing: /opt/rx/dhi/include/dynamixel_interfaces/dynamixel_interfaces/srv/detail/set_data_to_dxl__rosidl_typesupport_fastrtps_cpp.hpp
#61 13.89 -- Installing: /opt/rx/dhi/include/dynamixel_interfaces/dynamixel_interfaces/srv/detail/reboot_dxl__rosidl_typesupport_fastrtps_cpp.hpp
#61 13.89 -- Installing: /opt/rx/dhi/include/dynamixel_interfaces/dynamixel_interfaces/srv/detail/get_data_from_dxl__rosidl_typesupport_fastrtps_cpp.hpp
#61 13.89 -- Installing: /opt/rx/dhi/include/dynamixel_interfaces/dynamixel_interfaces/srv/detail/dds_fastrtps
#61 13.89 -- Up-to-date: /opt/rx/dhi/include/dynamixel_interfaces/dynamixel_interfaces/msg
#61 13.89 -- Installing: /opt/rx/dhi/include/dynamixel_interfaces/dynamixel_interfaces/msg/rosidl_typesupport_fastrtps_cpp__visibility_control.h
#61 13.89 -- Up-to-date: /opt/rx/dhi/include/dynamixel_interfaces/dynamixel_interfaces/msg/detail
#61 13.89 -- Installing: /opt/rx/dhi/include/dynamixel_interfaces/dynamixel_interfaces/msg/detail/dynamixel_state__rosidl_typesupport_fastrtps_cpp.hpp
#61 13.89 -- Installing: /opt/rx/dhi/include/dynamixel_interfaces/dynamixel_interfaces/msg/detail/dds_fastrtps
#61 13.89 -- Installing: /opt/rx/dhi/lib/libdynamixel_interfaces__rosidl_typesupport_fastrtps_cpp.so
#61 13.89 -- Set non-toolchain portion of runtime path of "/opt/rx/dhi/lib/libdynamixel_interfaces__rosidl_typesupport_fastrtps_cpp.so" to ""
#61 13.89 -- Up-to-date: /opt/rx/dhi/include/dynamixel_interfaces/dynamixel_interfaces
#61 13.89 -- Up-to-date: /opt/rx/dhi/include/dynamixel_interfaces/dynamixel_interfaces/srv
#61 13.89 -- Up-to-date: /opt/rx/dhi/include/dynamixel_interfaces/dynamixel_interfaces/srv/detail
#61 13.89 -- Installing: /opt/rx/dhi/include/dynamixel_interfaces/dynamixel_interfaces/srv/detail/get_data_from_dxl__rosidl_typesupport_introspection_c.h
#61 13.89 -- Installing: /opt/rx/dhi/include/dynamixel_interfaces/dynamixel_interfaces/srv/detail/set_data_to_dxl__rosidl_typesupport_introspection_c.h
#61 13.89 -- Installing: /opt/rx/dhi/include/dynamixel_interfaces/dynamixel_interfaces/srv/detail/reboot_dxl__type_support.c
#61 13.89 -- Installing: /opt/rx/dhi/include/dynamixel_interfaces/dynamixel_interfaces/srv/detail/get_data_from_dxl__type_support.c
#61 13.89 -- Installing: /opt/rx/dhi/include/dynamixel_interfaces/dynamixel_interfaces/srv/detail/set_data_to_dxl__type_support.c
#61 13.89 -- Installing: /opt/rx/dhi/include/dynamixel_interfaces/dynamixel_interfaces/srv/detail/reboot_dxl__rosidl_typesupport_introspection_c.h
#61 13.89 -- Up-to-date: /opt/rx/dhi/include/dynamixel_interfaces/dynamixel_interfaces/msg
#61 13.89 -- Up-to-date: /opt/rx/dhi/include/dynamixel_interfaces/dynamixel_interfaces/msg/detail
#61 13.89 -- Installing: /opt/rx/dhi/include/dynamixel_interfaces/dynamixel_interfaces/msg/detail/dynamixel_state__rosidl_typesupport_introspection_c.h
#61 13.89 -- Installing: /opt/rx/dhi/include/dynamixel_interfaces/dynamixel_interfaces/msg/detail/dynamixel_state__type_support.c
#61 13.89 -- Installing: /opt/rx/dhi/include/dynamixel_interfaces/dynamixel_interfaces/msg/rosidl_typesupport_introspection_c__visibility_control.h
#61 13.89 -- Installing: /opt/rx/dhi/lib/libdynamixel_interfaces__rosidl_typesupport_introspection_c.so
#61 13.89 -- Set non-toolchain portion of runtime path of "/opt/rx/dhi/lib/libdynamixel_interfaces__rosidl_typesupport_introspection_c.so" to ""
#61 13.89 -- Installing: /opt/rx/dhi/lib/libdynamixel_interfaces__rosidl_typesupport_c.so
#61 13.89 -- Set non-toolchain portion of runtime path of "/opt/rx/dhi/lib/libdynamixel_interfaces__rosidl_typesupport_c.so" to ""
#61 13.89 -- Up-to-date: /opt/rx/dhi/include/dynamixel_interfaces/dynamixel_interfaces
#61 13.89 -- Up-to-date: /opt/rx/dhi/include/dynamixel_interfaces/dynamixel_interfaces/srv
#61 13.89 -- Up-to-date: /opt/rx/dhi/include/dynamixel_interfaces/dynamixel_interfaces/srv/detail
#61 13.89 -- Installing: /opt/rx/dhi/include/dynamixel_interfaces/dynamixel_interfaces/srv/detail/get_data_from_dxl__type_support.cpp
#61 13.89 -- Installing: /opt/rx/dhi/include/dynamixel_interfaces/dynamixel_interfaces/srv/detail/set_data_to_dxl__rosidl_typesupport_introspection_cpp.hpp
#61 13.89 -- Installing: /opt/rx/dhi/include/dynamixel_interfaces/dynamixel_interfaces/srv/detail/get_data_from_dxl__rosidl_typesupport_introspection_cpp.hpp
#61 13.89 -- Installing: /opt/rx/dhi/include/dynamixel_interfaces/dynamixel_interfaces/srv/detail/reboot_dxl__type_support.cpp
#61 13.89 -- Installing: /opt/rx/dhi/include/dynamixel_interfaces/dynamixel_interfaces/srv/detail/reboot_dxl__rosidl_typesupport_introspection_cpp.hpp
#61 13.89 -- Installing: /opt/rx/dhi/include/dynamixel_interfaces/dynamixel_interfaces/srv/detail/set_data_to_dxl__type_support.cpp
#61 13.89 -- Up-to-date: /opt/rx/dhi/include/dynamixel_interfaces/dynamixel_interfaces/msg
#61 13.89 -- Up-to-date: /opt/rx/dhi/include/dynamixel_interfaces/dynamixel_interfaces/msg/detail
#61 13.89 -- Installing: /opt/rx/dhi/include/dynamixel_interfaces/dynamixel_interfaces/msg/detail/dynamixel_state__type_support.cpp
#61 13.89 -- Installing: /opt/rx/dhi/include/dynamixel_interfaces/dynamixel_interfaces/msg/detail/dynamixel_state__rosidl_typesupport_introspection_cpp.hpp
#61 13.89 -- Installing: /opt/rx/dhi/lib/libdynamixel_interfaces__rosidl_typesupport_introspection_cpp.so
#61 13.89 -- Set non-toolchain portion of runtime path of "/opt/rx/dhi/lib/libdynamixel_interfaces__rosidl_typesupport_introspection_cpp.so" to ""
#61 13.89 -- Installing: /opt/rx/dhi/lib/libdynamixel_interfaces__rosidl_typesupport_cpp.so
#61 13.89 -- Set non-toolchain portion of runtime path of "/opt/rx/dhi/lib/libdynamixel_interfaces__rosidl_typesupport_cpp.so" to ""
#61 13.89 -- Installing: /opt/rx/dhi/share/dynamixel_interfaces/environment/pythonpath.sh
#61 13.89 -- Installing: /opt/rx/dhi/share/dynamixel_interfaces/environment/pythonpath.dsv
#61 13.89 -- Installing: /opt/rx/dhi/lib/python3.12/site-packages/dynamixel_interfaces-1.0.1-py3.12.egg-info
#61 13.89 -- Installing: /opt/rx/dhi/lib/python3.12/site-packages/dynamixel_interfaces-1.0.1-py3.12.egg-info/PKG-INFO
#61 13.89 -- Installing: /opt/rx/dhi/lib/python3.12/site-packages/dynamixel_interfaces-1.0.1-py3.12.egg-info/dependency_links.txt
#61 13.89 -- Installing: /opt/rx/dhi/lib/python3.12/site-packages/dynamixel_interfaces-1.0.1-py3.12.egg-info/top_level.txt
#61 13.89 -- Installing: /opt/rx/dhi/lib/python3.12/site-packages/dynamixel_interfaces-1.0.1-py3.12.egg-info/SOURCES.txt
#61 13.90 -- Installing: /opt/rx/dhi/lib/python3.12/site-packages/dynamixel_interfaces
#61 13.90 -- Installing: /opt/rx/dhi/lib/python3.12/site-packages/dynamixel_interfaces/dynamixel_interfaces_s__rosidl_typesupport_c.so
#61 13.90 -- Installing: /opt/rx/dhi/lib/python3.12/site-packages/dynamixel_interfaces/dynamixel_interfaces_s__rosidl_typesupport_introspection_c.so
#61 13.90 -- Installing: /opt/rx/dhi/lib/python3.12/site-packages/dynamixel_interfaces/srv
#61 13.90 -- Installing: /opt/rx/dhi/lib/python3.12/site-packages/dynamixel_interfaces/srv/_set_data_to_dxl_s.c
#61 13.90 -- Installing: /opt/rx/dhi/lib/python3.12/site-packages/dynamixel_interfaces/srv/_get_data_from_dxl_s.c
#61 13.90 -- Installing: /opt/rx/dhi/lib/python3.12/site-packages/dynamixel_interfaces/srv/_get_data_from_dxl.py
#61 13.90 -- Installing: /opt/rx/dhi/lib/python3.12/site-packages/dynamixel_interfaces/srv/__init__.py
#61 13.90 -- Installing: /opt/rx/dhi/lib/python3.12/site-packages/dynamixel_interfaces/srv/_reboot_dxl.py
#61 13.90 -- Installing: /opt/rx/dhi/lib/python3.12/site-packages/dynamixel_interfaces/srv/_set_data_to_dxl.py
#61 13.90 -- Installing: /opt/rx/dhi/lib/python3.12/site-packages/dynamixel_interfaces/srv/_reboot_dxl_s.c
#61 13.90 -- Installing: /opt/rx/dhi/lib/python3.12/site-packages/dynamixel_interfaces/_dynamixel_interfaces_s.ep.rosidl_typesupport_introspection_c.c
#61 13.90 -- Installing: /opt/rx/dhi/lib/python3.12/site-packages/dynamixel_interfaces/dynamixel_interfaces_s__rosidl_typesupport_fastrtps_c.so
#61 13.90 -- Installing: /opt/rx/dhi/lib/python3.12/site-packages/dynamixel_interfaces/_dynamixel_interfaces_s.ep.rosidl_typesupport_c.c
#61 13.90 -- Installing: /opt/rx/dhi/lib/python3.12/site-packages/dynamixel_interfaces/__init__.py
#61 13.90 -- Installing: /opt/rx/dhi/lib/python3.12/site-packages/dynamixel_interfaces/_dynamixel_interfaces_s.ep.rosidl_typesupport_fastrtps_c.c
#61 13.90 -- Installing: /opt/rx/dhi/lib/python3.12/site-packages/dynamixel_interfaces/msg
#61 13.90 -- Installing: /opt/rx/dhi/lib/python3.12/site-packages/dynamixel_interfaces/msg/_dynamixel_state.py
#61 13.90 -- Installing: /opt/rx/dhi/lib/python3.12/site-packages/dynamixel_interfaces/msg/__init__.py
#61 13.90 -- Installing: /opt/rx/dhi/lib/python3.12/site-packages/dynamixel_interfaces/msg/_dynamixel_state_s.c
#61 13.92 Listing '/opt/rx/dhi/lib/python3.12/site-packages/dynamixel_interfaces'...
#61 13.92 Compiling '/opt/rx/dhi/lib/python3.12/site-packages/dynamixel_interfaces/__init__.py'...
#61 13.92 Listing '/opt/rx/dhi/lib/python3.12/site-packages/dynamixel_interfaces/msg'...
#61 13.92 Compiling '/opt/rx/dhi/lib/python3.12/site-packages/dynamixel_interfaces/msg/__init__.py'...
#61 13.92 Compiling '/opt/rx/dhi/lib/python3.12/site-packages/dynamixel_interfaces/msg/_dynamixel_state.py'...
#61 13.92 Listing '/opt/rx/dhi/lib/python3.12/site-packages/dynamixel_interfaces/srv'...
#61 13.92 Compiling '/opt/rx/dhi/lib/python3.12/site-packages/dynamixel_interfaces/srv/__init__.py'...
#61 13.92 Compiling '/opt/rx/dhi/lib/python3.12/site-packages/dynamixel_interfaces/srv/_get_data_from_dxl.py'...
#61 13.92 Compiling '/opt/rx/dhi/lib/python3.12/site-packages/dynamixel_interfaces/srv/_reboot_dxl.py'...
#61 13.92 Compiling '/opt/rx/dhi/lib/python3.12/site-packages/dynamixel_interfaces/srv/_set_data_to_dxl.py'...
#61 13.92 -- Installing: /opt/rx/dhi/lib/python3.12/site-packages/dynamixel_interfaces/dynamixel_interfaces_s__rosidl_typesupport_fastrtps_c.so
#61 13.92 -- Set non-toolchain portion of runtime path of "/opt/rx/dhi/lib/python3.12/site-packages/dynamixel_interfaces/dynamixel_interfaces_s__rosidl_typesupport_fastrtps_c.so" to ""
#61 13.92 -- Installing: /opt/rx/dhi/lib/python3.12/site-packages/dynamixel_interfaces/dynamixel_interfaces_s__rosidl_typesupport_introspection_c.so
#61 13.92 -- Set non-toolchain portion of runtime path of "/opt/rx/dhi/lib/python3.12/site-packages/dynamixel_interfaces/dynamixel_interfaces_s__rosidl_typesupport_introspection_c.so" to ""
#61 13.92 -- Installing: /opt/rx/dhi/lib/python3.12/site-packages/dynamixel_interfaces/dynamixel_interfaces_s__rosidl_typesupport_c.so
#61 13.92 -- Set non-toolchain portion of runtime path of "/opt/rx/dhi/lib/python3.12/site-packages/dynamixel_interfaces/dynamixel_interfaces_s__rosidl_typesupport_c.so" to ""
#61 13.92 -- Installing: /opt/rx/dhi/lib/libdynamixel_interfaces__rosidl_generator_py.so
#61 13.92 -- Set non-toolchain portion of runtime path of "/opt/rx/dhi/lib/libdynamixel_interfaces__rosidl_generator_py.so" to ""
#61 13.92 -- Installing: /opt/rx/dhi/share/ament_index/resource_index/rust_packages/dynamixel_interfaces
#61 13.92 -- Installing: /opt/rx/dhi/share/dynamixel_interfaces/rust
#61 13.92 -- Installing: /opt/rx/dhi/share/dynamixel_interfaces/rust/build.rs
#61 13.92 -- Installing: /opt/rx/dhi/share/dynamixel_interfaces/rust/src
#61 13.92 -- Installing: /opt/rx/dhi/share/dynamixel_interfaces/rust/src/srv
#61 13.92 -- Installing: /opt/rx/dhi/share/dynamixel_interfaces/rust/src/srv/rmw.rs
#61 13.92 -- Installing: /opt/rx/dhi/share/dynamixel_interfaces/rust/src/msg.rs
#61 13.92 -- Installing: /opt/rx/dhi/share/dynamixel_interfaces/rust/src/lib.rs
#61 13.92 -- Installing: /opt/rx/dhi/share/dynamixel_interfaces/rust/src/msg
#61 13.92 -- Installing: /opt/rx/dhi/share/dynamixel_interfaces/rust/src/msg/rmw.rs
#61 13.92 -- Installing: /opt/rx/dhi/share/dynamixel_interfaces/rust/src/srv.rs
#61 13.92 -- Installing: /opt/rx/dhi/share/dynamixel_interfaces/rust/Cargo.toml
#61 13.92 -- Installing: /opt/rx/dhi/share/dynamixel_interfaces/msg/DynamixelState.idl
#61 13.92 -- Installing: /opt/rx/dhi/share/dynamixel_interfaces/srv/GetDataFromDxl.idl
#61 13.92 -- Installing: /opt/rx/dhi/share/dynamixel_interfaces/srv/SetDataToDxl.idl
#61 13.92 -- Installing: /opt/rx/dhi/share/dynamixel_interfaces/srv/RebootDxl.idl
#61 13.92 -- Installing: /opt/rx/dhi/share/dynamixel_interfaces/msg/DynamixelState.msg
#61 13.92 -- Installing: /opt/rx/dhi/share/dynamixel_interfaces/srv/GetDataFromDxl.srv
#61 13.92 -- Installing: /opt/rx/dhi/share/dynamixel_interfaces/srv/SetDataToDxl.srv
#61 13.92 -- Installing: /opt/rx/dhi/share/dynamixel_interfaces/srv/RebootDxl.srv
#61 13.92 -- Installing: /opt/rx/dhi/share/ament_index/resource_index/package_run_dependencies/dynamixel_interfaces
#61 13.92 -- Installing: /opt/rx/dhi/share/ament_index/resource_index/parent_prefix_path/dynamixel_interfaces
#61 13.92 -- Installing: /opt/rx/dhi/share/dynamixel_interfaces/environment/ament_prefix_path.sh
#61 13.92 -- Installing: /opt/rx/dhi/share/dynamixel_interfaces/environment/ament_prefix_path.dsv
#61 13.92 -- Installing: /opt/rx/dhi/share/dynamixel_interfaces/environment/path.sh
#61 13.92 -- Installing: /opt/rx/dhi/share/dynamixel_interfaces/environment/path.dsv
#61 13.92 -- Installing: /opt/rx/dhi/share/dynamixel_interfaces/local_setup.bash
#61 13.92 -- Installing: /opt/rx/dhi/share/dynamixel_interfaces/local_setup.sh
#61 13.92 -- Installing: /opt/rx/dhi/share/dynamixel_interfaces/local_setup.zsh
#61 13.92 -- Installing: /opt/rx/dhi/share/dynamixel_interfaces/local_setup.dsv
#61 13.92 -- Installing: /opt/rx/dhi/share/dynamixel_interfaces/package.dsv
#61 13.92 -- Installing: /opt/rx/dhi/share/ament_index/resource_index/packages/dynamixel_interfaces
#61 13.92 -- Installing: /opt/rx/dhi/share/dynamixel_interfaces/cmake/export_dynamixel_interfaces__rosidl_generator_cExport.cmake
#61 13.92 -- Installing: /opt/rx/dhi/share/dynamixel_interfaces/cmake/export_dynamixel_interfaces__rosidl_generator_cExport-release.cmake
#61 13.92 -- Installing: /opt/rx/dhi/share/dynamixel_interfaces/cmake/export_dynamixel_interfaces__rosidl_typesupport_fastrtps_cExport.cmake
#61 13.93 -- Installing: /opt/rx/dhi/share/dynamixel_interfaces/cmake/export_dynamixel_interfaces__rosidl_typesupport_fastrtps_cExport-release.cmake
#61 13.93 -- Installing: /opt/rx/dhi/share/dynamixel_interfaces/cmake/export_dynamixel_interfaces__rosidl_generator_cppExport.cmake
#61 13.93 -- Installing: /opt/rx/dhi/share/dynamixel_interfaces/cmake/export_dynamixel_interfaces__rosidl_typesupport_fastrtps_cppExport.cmake
#61 13.93 -- Installing: /opt/rx/dhi/share/dynamixel_interfaces/cmake/export_dynamixel_interfaces__rosidl_typesupport_fastrtps_cppExport-release.cmake
#61 13.93 -- Installing: /opt/rx/dhi/share/dynamixel_interfaces/cmake/dynamixel_interfaces__rosidl_typesupport_introspection_cExport.cmake
#61 13.93 -- Installing: /opt/rx/dhi/share/dynamixel_interfaces/cmake/dynamixel_interfaces__rosidl_typesupport_introspection_cExport-release.cmake
#61 13.93 -- Installing: /opt/rx/dhi/share/dynamixel_interfaces/cmake/dynamixel_interfaces__rosidl_typesupport_cExport.cmake
#61 13.93 -- Installing: /opt/rx/dhi/share/dynamixel_interfaces/cmake/dynamixel_interfaces__rosidl_typesupport_cExport-release.cmake
#61 13.93 -- Installing: /opt/rx/dhi/share/dynamixel_interfaces/cmake/dynamixel_interfaces__rosidl_typesupport_introspection_cppExport.cmake
#61 13.93 -- Installing: /opt/rx/dhi/share/dynamixel_interfaces/cmake/dynamixel_interfaces__rosidl_typesupport_introspection_cppExport-release.cmake
#61 13.93 -- Installing: /opt/rx/dhi/share/dynamixel_interfaces/cmake/dynamixel_interfaces__rosidl_typesupport_cppExport.cmake
#61 13.93 -- Installing: /opt/rx/dhi/share/dynamixel_interfaces/cmake/dynamixel_interfaces__rosidl_typesupport_cppExport-release.cmake
#61 13.93 -- Installing: /opt/rx/dhi/share/dynamixel_interfaces/cmake/export_dynamixel_interfaces__rosidl_generator_pyExport.cmake
#61 13.93 -- Installing: /opt/rx/dhi/share/dynamixel_interfaces/cmake/export_dynamixel_interfaces__rosidl_generator_pyExport-release.cmake
#61 13.93 -- Installing: /opt/rx/dhi/share/dynamixel_interfaces/cmake/rosidl_cmake-extras.cmake
#61 13.93 -- Installing: /opt/rx/dhi/share/dynamixel_interfaces/cmake/ament_cmake_export_dependencies-extras.cmake
#61 13.93 -- Installing: /opt/rx/dhi/share/dynamixel_interfaces/cmake/ament_cmake_export_include_directories-extras.cmake
#61 13.93 -- Installing: /opt/rx/dhi/share/dynamixel_interfaces/cmake/ament_cmake_export_libraries-extras.cmake
#61 13.93 -- Installing: /opt/rx/dhi/share/dynamixel_interfaces/cmake/ament_cmake_export_targets-extras.cmake
#61 13.93 -- Installing: /opt/rx/dhi/share/dynamixel_interfaces/cmake/rosidl_cmake_export_typesupport_targets-extras.cmake
#61 13.93 -- Installing: /opt/rx/dhi/share/dynamixel_interfaces/cmake/rosidl_cmake_export_typesupport_libraries-extras.cmake
#61 13.93 -- Installing: /opt/rx/dhi/share/dynamixel_interfaces/cmake/rosidl_cmake_aggregate_target-extras.cmake
#61 13.93 -- Installing: /opt/rx/dhi/share/dynamixel_interfaces/cmake/dynamixel_interfacesConfig.cmake
#61 13.93 -- Installing: /opt/rx/dhi/share/dynamixel_interfaces/cmake/dynamixel_interfacesConfig-version.cmake
#61 13.93 -- Installing: /opt/rx/dhi/share/dynamixel_interfaces/package.xml
#61 13.94 Finished <<< dynamixel_interfaces [13.3s]
#61 13.94 Starting >>> dynamixel_sdk
#61 13.97 -- The C compiler identification is GNU 13.3.0
#61 14.00 -- The CXX compiler identification is GNU 13.3.0
#61 14.00 -- Detecting C compiler ABI info
#61 14.04 -- Detecting C compiler ABI info - done
#61 14.04 -- Check for working C compiler: /usr/bin/cc - skipped
#61 14.04 -- Detecting C compile features
#61 14.04 -- Detecting C compile features - done
#61 14.05 -- Detecting CXX compiler ABI info
#61 14.09 -- Detecting CXX compiler ABI info - done
#61 14.09 -- Check for working CXX compiler: /usr/bin/c++ - skipped
#61 14.09 -- Detecting CXX compile features
#61 14.09 -- Detecting CXX compile features - done
#61 14.09 -- Found ament_cmake: 2.5.6 (/opt/ros/jazzy/share/ament_cmake/cmake)
#61 14.14 -- Found Python3: /usr/bin/python3 (found version "3.12.3") found components: Interpreter 
#61 14.32 -- Configuring done (0.4s)
#61 14.32 -- Generating done (0.0s)
#61 14.32 -- Build files have been written to: /dhi-build/dynamixel_sdk
#61 14.35 [  5%] Building CXX object CMakeFiles/dynamixel_sdk.dir/src/dynamixel_sdk/packet_handler.cpp.o
#61 14.41 [ 11%] Building CXX object CMakeFiles/dynamixel_sdk.dir/src/dynamixel_sdk/protocol1_packet_handler.cpp.o
#61 14.61 [ 16%] Building CXX object CMakeFiles/dynamixel_sdk.dir/src/dynamixel_sdk/protocol2_packet_handler.cpp.o
#61 14.84 [ 22%] Building CXX object CMakeFiles/dynamixel_sdk.dir/src/dynamixel_sdk/group_sync_read.cpp.o
#61 15.04 [ 27%] Building CXX object CMakeFiles/dynamixel_sdk.dir/src/dynamixel_sdk/group_sync_write.cpp.o
#61 15.22 [ 33%] Building CXX object CMakeFiles/dynamixel_sdk.dir/src/dynamixel_sdk/group_bulk_read.cpp.o
#61 15.46 [ 38%] Building CXX object CMakeFiles/dynamixel_sdk.dir/src/dynamixel_sdk/group_bulk_write.cpp.o
#61 ...

#53 [bt-build 3/3] RUN --network=none cmake -S /executor -B /bt-build -G Ninja -DCMAKE_BUILD_TYPE=Release -DBTCPP_SOURCE=/btcpp -DRX_BUILD_TEST_HARNESS=OFF     && cmake --build /bt-build --target rx-bt-engine -j1
#53 5.615 [2/52] Building CXX object CMakeFiles/rx_bt_executor.dir/nodes.cpp.o
#53 7.487 [3/52] Building CXX object CMakeFiles/rx_bt_executor.dir/xml.cpp.o
#53 12.78 [4/52] Building CXX object CMakeFiles/rx_bt_executor.dir/frame.cpp.o
#53 ...

#39 [rust-build 18/18] RUN --mount=type=cache,id=rx-solutions-registry,target=/usr/local/cargo/registry     --mount=type=cache,id=rx-solutions-release,target=/src/target     cargo build --release --locked --workspace && mkdir -p /out && cp target/release/rx-hostd target/release/rx-executor-service target/release/rx-process-compile target/release/rx-solutionsd target/release/rx-process-package target/release/rx-device-package /out/
#39 35.02    Compiling rx-process-contract v0.1.0 (/src/sdk/crates/rx-process-contract)
#39 ...

#61 [dhi-build 4/6] RUN --network=none python3 /source/tools/prepare_dhi_sources.py --check --output /dhi-input     && source /opt/ros/jazzy/setup.bash     && colcon build --merge-install --base-paths /dhi-input/src --build-base /dhi-build --install-base /opt/rx/dhi        --packages-select dynamixel_sdk dynamixel_interfaces dynamixel_hardware_interface        --executor sequential --event-handlers console_direct+        --cmake-args -DCMAKE_BUILD_TYPE=Release -DBUILD_TESTING=OFF
#61 15.69 [ 44%] Building CXX object CMakeFiles/dynamixel_sdk.dir/src/dynamixel_sdk/group_fast_bulk_read.cpp.o
#61 15.85 [ 50%] Building CXX object CMakeFiles/dynamixel_sdk.dir/src/dynamixel_sdk/group_fast_sync_read.cpp.o
#61 15.96 [ 55%] Building CXX object CMakeFiles/dynamixel_sdk.dir/src/dynamixel_sdk/group_handler.cpp.o
#61 16.03 [ 61%] Building CXX object CMakeFiles/dynamixel_sdk.dir/src/dynamixel_sdk/port_handler.cpp.o
#61 16.04 [ 66%] Building CXX object CMakeFiles/dynamixel_sdk.dir/src/dynamixel_easy_sdk/connector.cpp.o
#61 16.35 [ 72%] Building CXX object CMakeFiles/dynamixel_sdk.dir/src/dynamixel_easy_sdk/control_table.cpp.o
#61 16.77 [ 77%] Building CXX object CMakeFiles/dynamixel_sdk.dir/src/dynamixel_easy_sdk/dynamixel_error.cpp.o
#61 16.87 [ 83%] Building CXX object CMakeFiles/dynamixel_sdk.dir/src/dynamixel_easy_sdk/group_executor.cpp.o
#61 17.42 [ 88%] Building CXX object CMakeFiles/dynamixel_sdk.dir/src/dynamixel_easy_sdk/motor.cpp.o
#61 17.98 [ 94%] Building CXX object CMakeFiles/dynamixel_sdk.dir/src/dynamixel_sdk/port_handler_linux.cpp.o
#61 18.04 [100%] Linking CXX shared library libdynamixel_sdk.so
#61 18.07 [100%] Built target dynamixel_sdk
#61 18.08 [100%] Built target ament_cmake_python_copy_dynamixel_sdk
#61 18.15 running egg_info
#61 18.15 creating dynamixel_sdk.egg-info
#61 18.15 writing dynamixel_sdk.egg-info/PKG-INFO
#61 18.15 writing dependency_links to dynamixel_sdk.egg-info/dependency_links.txt
#61 18.15 writing top-level names to dynamixel_sdk.egg-info/top_level.txt
#61 18.15 writing manifest file 'dynamixel_sdk.egg-info/SOURCES.txt'
#61 18.16 reading manifest file 'dynamixel_sdk.egg-info/SOURCES.txt'
#61 18.16 writing manifest file 'dynamixel_sdk.egg-info/SOURCES.txt'
#61 18.18 [100%] Built target ament_cmake_python_build_dynamixel_sdk_egg
#61 18.19 [100%] Built target ament_cmake_python_copy_dynamixel_easy_sdk
#61 18.25 running egg_info
#61 18.25 creating dynamixel_easy_sdk.egg-info
#61 18.26 writing dynamixel_easy_sdk.egg-info/PKG-INFO
#61 18.26 writing dependency_links to dynamixel_easy_sdk.egg-info/dependency_links.txt
#61 18.26 writing top-level names to dynamixel_easy_sdk.egg-info/top_level.txt
#61 18.26 writing manifest file 'dynamixel_easy_sdk.egg-info/SOURCES.txt'
#61 18.27 reading manifest file 'dynamixel_easy_sdk.egg-info/SOURCES.txt'
#61 18.27 writing manifest file 'dynamixel_easy_sdk.egg-info/SOURCES.txt'
#61 18.28 [100%] Built target ament_cmake_python_build_dynamixel_easy_sdk_egg
#61 18.29 -- Install configuration: "Release"
#61 18.29 -- Up-to-date: /opt/rx/dhi/include/
#61 18.29 -- Installing: /opt/rx/dhi/include//dynamixel_easy_sdk
#61 18.29 -- Installing: /opt/rx/dhi/include//dynamixel_easy_sdk/group_executor.hpp
#61 18.29 -- Installing: /opt/rx/dhi/include//dynamixel_easy_sdk/dynamixel_error.hpp
#61 18.29 -- Installing: /opt/rx/dhi/include//dynamixel_easy_sdk/connector.hpp
#61 18.29 -- Installing: /opt/rx/dhi/include//dynamixel_easy_sdk/data_types.hpp
#61 18.29 -- Installing: /opt/rx/dhi/include//dynamixel_easy_sdk/control_table.hpp
#61 18.29 -- Installing: /opt/rx/dhi/include//dynamixel_easy_sdk/motor.hpp
#61 18.29 -- Installing: /opt/rx/dhi/include//dynamixel_easy_sdk/dynamixel_easy_sdk.hpp
#61 18.29 -- Installing: /opt/rx/dhi/include//dynamixel_sdk
#61 18.29 -- Installing: /opt/rx/dhi/include//dynamixel_sdk/group_fast_bulk_read.h
#61 18.29 -- Installing: /opt/rx/dhi/include//dynamixel_sdk/dynamixel_sdk.h
#61 18.29 -- Installing: /opt/rx/dhi/include//dynamixel_sdk/port_handler.h
#61 18.29 -- Installing: /opt/rx/dhi/include//dynamixel_sdk/group_fast_sync_read.h
#61 18.29 -- Installing: /opt/rx/dhi/include//dynamixel_sdk/group_sync_write.h
#61 18.29 -- Installing: /opt/rx/dhi/include//dynamixel_sdk/group_bulk_read.h
#61 18.29 -- Installing: /opt/rx/dhi/include//dynamixel_sdk/group_sync_read.h
#61 18.29 -- Installing: /opt/rx/dhi/include//dynamixel_sdk/port_handler_windows.h
#61 18.29 -- Installing: /opt/rx/dhi/include//dynamixel_sdk/port_handler_arduino.h
#61 18.29 -- Installing: /opt/rx/dhi/include//dynamixel_sdk/port_handler_linux.h
#61 18.29 -- Installing: /opt/rx/dhi/include//dynamixel_sdk/protocol2_packet_handler.h
#61 18.29 -- Installing: /opt/rx/dhi/include//dynamixel_sdk/group_handler.h
#61 18.29 -- Installing: /opt/rx/dhi/include//dynamixel_sdk/port_handler_mac.h
#61 18.29 -- Installing: /opt/rx/dhi/include//dynamixel_sdk/protocol1_packet_handler.h
#61 18.30 -- Installing: /opt/rx/dhi/include//dynamixel_sdk/group_bulk_write.h
#61 18.30 -- Installing: /opt/rx/dhi/include//dynamixel_sdk/packet_handler.h
#61 18.30 -- Installing: /opt/rx/dhi/lib/libdynamixel_sdk.so
#61 18.30 -- Installing: /opt/rx/dhi/share/dynamixel_sdk/control_table
#61 18.30 -- Installing: /opt/rx/dhi/share/dynamixel_sdk/control_table/xh540_v150.model
#61 18.30 -- Installing: /opt/rx/dhi/share/dynamixel_sdk/control_table/rh_p12_rn.model
#61 18.30 -- Installing: /opt/rx/dhi/share/dynamixel_sdk/control_table/m42_10_s260_ra.model
#61 18.30 -- Installing: /opt/rx/dhi/share/dynamixel_sdk/control_table/xd430_t350.model
#61 18.30 -- Installing: /opt/rx/dhi/share/dynamixel_sdk/control_table/xh430_v210.model
#61 18.30 -- Installing: /opt/rx/dhi/share/dynamixel_sdk/control_table/xm540_w270.model
#61 18.30 -- Installing: /opt/rx/dhi/share/dynamixel_sdk/control_table/xl330_m288_fw52.model
#61 18.30 -- Installing: /opt/rx/dhi/share/dynamixel_sdk/control_table/ph42_020_s300.model
#61 18.30 -- Installing: /opt/rx/dhi/share/dynamixel_sdk/control_table/m54_60_s250_ra.model
#61 18.30 -- Installing: /opt/rx/dhi/share/dynamixel_sdk/control_table/h42_20_s300_ra.model
#61 18.30 -- Installing: /opt/rx/dhi/share/dynamixel_sdk/control_table/ym080_230_m001.model
#61 18.30 -- Installing: /opt/rx/dhi/share/dynamixel_sdk/control_table/ym080_230_b001.model
#61 18.30 -- Installing: /opt/rx/dhi/share/dynamixel_sdk/control_table/xc330_m288_fw52.model
#61 18.30 -- Installing: /opt/rx/dhi/share/dynamixel_sdk/control_table/xl330_m288.model
#61 18.30 -- Installing: /opt/rx/dhi/share/dynamixel_sdk/control_table/ym070_210_b001.model
#61 18.30 -- Installing: /opt/rx/dhi/share/dynamixel_sdk/control_table/xc330_t288_fw52.model
#61 18.30 -- Installing: /opt/rx/dhi/share/dynamixel_sdk/control_table/ym070_210_a099.model
#61 18.30 -- Installing: /opt/rx/dhi/share/dynamixel_sdk/control_table/ym070_210_r099.model
#61 18.30 -- Installing: /opt/rx/dhi/share/dynamixel_sdk/control_table/ph54_200_s500.model
#61 18.30 -- Installing: /opt/rx/dhi/share/dynamixel_sdk/control_table/xd430_t210.model
#61 18.30 -- Installing: /opt/rx/dhi/share/dynamixel_sdk/control_table/xh540_w150.model
#61 18.30 -- Installing: /opt/rx/dhi/share/dynamixel_sdk/control_table/ym080_230_r051.model
#61 18.30 -- Installing: /opt/rx/dhi/share/dynamixel_sdk/control_table/xc330_t288.model
#61 18.30 -- Installing: /opt/rx/dhi/share/dynamixel_sdk/control_table/mx_64.model
#61 18.30 -- Installing: /opt/rx/dhi/share/dynamixel_sdk/control_table/mx_106.model
#61 18.30 -- Installing: /opt/rx/dhi/share/dynamixel_sdk/control_table/xm540_w150.model
#61 18.30 -- Installing: /opt/rx/dhi/share/dynamixel_sdk/control_table/2xc430_w250.model
#61 18.30 -- Installing: /opt/rx/dhi/share/dynamixel_sdk/control_table/xm430_w210.model
#61 18.30 -- Installing: /opt/rx/dhi/share/dynamixel_sdk/control_table/pm54_060_s250.model
#61 18.30 -- Installing: /opt/rx/dhi/share/dynamixel_sdk/control_table/xc330_m181_fw52.model
#61 18.30 -- Installing: /opt/rx/dhi/share/dynamixel_sdk/control_table/xw540_t260.model
#61 18.30 -- Installing: /opt/rx/dhi/share/dynamixel_sdk/control_table/xh430_v350.model
#61 18.30 -- Installing: /opt/rx/dhi/share/dynamixel_sdk/control_table/h54_100_s500_ra.model
#61 18.30 -- Installing: /opt/rx/dhi/share/dynamixel_sdk/control_table/xh430_w210.model
#61 18.30 -- Installing: /opt/rx/dhi/share/dynamixel_sdk/control_table/xl330_m077.model
#61 18.30 -- Installing: /opt/rx/dhi/share/dynamixel_sdk/control_table/ym080_230_a099.model
#61 18.30 -- Installing: /opt/rx/dhi/share/dynamixel_sdk/control_table/pm54_040_s250.model
#61 18.30 -- Installing: /opt/rx/dhi/share/dynamixel_sdk/control_table/xh540_w270.model
#61 18.30 -- Installing: /opt/rx/dhi/share/dynamixel_sdk/control_table/dynamixel.model
#61 18.30 -- Installing: /opt/rx/dhi/share/dynamixel_sdk/control_table/xw540_t140.model
#61 18.30 -- Installing: /opt/rx/dhi/share/dynamixel_sdk/control_table/xc330_m288.model
#61 18.30 -- Installing: /opt/rx/dhi/share/dynamixel_sdk/control_table/xc430_w240.model
#61 18.30 -- Installing: /opt/rx/dhi/share/dynamixel_sdk/control_table/xd540_t150.model
#61 18.30 -- Installing: /opt/rx/dhi/share/dynamixel_sdk/control_table/xw430_t200.model
#61 18.30 -- Installing: /opt/rx/dhi/share/dynamixel_sdk/control_table/ym070_210_a051.model
#61 18.30 -- Installing: /opt/rx/dhi/share/dynamixel_sdk/control_table/pm42_010_s260.model
#61 18.30 -- Installing: /opt/rx/dhi/share/dynamixel_sdk/control_table/xl320.model
#61 18.30 -- Installing: /opt/rx/dhi/share/dynamixel_sdk/control_table/m54_40_s250_ra.model
#61 18.30 -- Installing: /opt/rx/dhi/share/dynamixel_sdk/control_table/xl330_m077_fw52.model
#61 18.30 -- Installing: /opt/rx/dhi/share/dynamixel_sdk/control_table/ym070_210_m001.model
#61 18.30 -- Installing: /opt/rx/dhi/share/dynamixel_sdk/control_table/xw540_h260.model
#61 18.30 -- Installing: /opt/rx/dhi/share/dynamixel_sdk/control_table/ph54_100_s500.model
#61 18.30 -- Installing: /opt/rx/dhi/share/dynamixel_sdk/control_table/xh540_v270.model
#61 18.30 -- Installing: /opt/rx/dhi/share/dynamixel_sdk/control_table/xl430_w250.model
#61 18.30 -- Installing: /opt/rx/dhi/share/dynamixel_sdk/control_table/xh430_w350.model
#61 18.30 -- Installing: /opt/rx/dhi/share/dynamixel_sdk/control_table/xw430_t333.model
#61 18.30 -- Installing: /opt/rx/dhi/share/dynamixel_sdk/control_table/xd540_t270.model
#61 18.30 -- Installing: /opt/rx/dhi/share/dynamixel_sdk/control_table/2xl430_w250.model
#61 18.30 -- Installing: /opt/rx/dhi/share/dynamixel_sdk/control_table/xc330_t181_fw52.model
#61 18.30 -- Installing: /opt/rx/dhi/share/dynamixel_sdk/control_table/h54_200_s500_ra.model
#61 18.30 -- Installing: /opt/rx/dhi/share/dynamixel_sdk/control_table/ym080_230_a051.model
#61 18.30 -- Installing: /opt/rx/dhi/share/dynamixel_sdk/control_table/ym080_230_r099.model
#61 18.30 -- Installing: /opt/rx/dhi/share/dynamixel_sdk/control_table/xc430_w150.model
#61 18.30 -- Installing: /opt/rx/dhi/share/dynamixel_sdk/control_table/ym070_210_r051.model
#61 18.30 -- Installing: /opt/rx/dhi/share/dynamixel_sdk/control_table/mx_28.model
#61 18.30 -- Installing: /opt/rx/dhi/share/dynamixel_sdk/control_table/xc330_m181.model
#61 18.30 -- Installing: /opt/rx/dhi/share/dynamixel_sdk/control_table/xc330_t181.model
#61 18.30 -- Installing: /opt/rx/dhi/share/dynamixel_sdk/control_table/xm430_w350.model
#61 18.30 -- Installing: /opt/rx/dhi/share/dynamixel_sdk/environment/pythonpath.sh
#61 18.30 -- Installing: /opt/rx/dhi/share/dynamixel_sdk/environment/pythonpath.dsv
#61 18.30 -- Installing: /opt/rx/dhi/lib/python3.12/site-packages/dynamixel_sdk-4.1.0-py3.12.egg-info
#61 18.30 -- Installing: /opt/rx/dhi/lib/python3.12/site-packages/dynamixel_sdk-4.1.0-py3.12.egg-info/PKG-INFO
#61 18.30 -- Installing: /opt/rx/dhi/lib/python3.12/site-packages/dynamixel_sdk-4.1.0-py3.12.egg-info/dependency_links.txt
#61 18.30 -- Installing: /opt/rx/dhi/lib/python3.12/site-packages/dynamixel_sdk-4.1.0-py3.12.egg-info/top_level.txt
#61 18.30 -- Installing: /opt/rx/dhi/lib/python3.12/site-packages/dynamixel_sdk-4.1.0-py3.12.egg-info/SOURCES.txt
#61 18.30 -- Installing: /opt/rx/dhi/lib/python3.12/site-packages/dynamixel_sdk
#61 18.30 -- Installing: /opt/rx/dhi/lib/python3.12/site-packages/dynamixel_sdk/packet_handler.cpp
#61 18.30 -- Installing: /opt/rx/dhi/lib/python3.12/site-packages/dynamixel_sdk/port_handler_windows.cpp
#61 18.30 -- Installing: /opt/rx/dhi/lib/python3.12/site-packages/dynamixel_sdk/port_handler_mac.cpp
#61 18.30 -- Installing: /opt/rx/dhi/lib/python3.12/site-packages/dynamixel_sdk/group_sync_write.py
#61 18.30 -- Installing: /opt/rx/dhi/lib/python3.12/site-packages/dynamixel_sdk/protocol1_packet_handler.py
#61 18.30 -- Installing: /opt/rx/dhi/lib/python3.12/site-packages/dynamixel_sdk/protocol2_packet_handler.cpp
#61 18.30 -- Installing: /opt/rx/dhi/lib/python3.12/site-packages/dynamixel_sdk/group_bulk_write.py
#61 18.30 -- Installing: /opt/rx/dhi/lib/python3.12/site-packages/dynamixel_sdk/group_fast_bulk_read.cpp
#61 18.30 -- Installing: /opt/rx/dhi/lib/python3.12/site-packages/dynamixel_sdk/port_handler.cpp
#61 18.30 -- Installing: /opt/rx/dhi/lib/python3.12/site-packages/dynamixel_sdk/group_bulk_write.cpp
#61 18.30 -- Installing: /opt/rx/dhi/lib/python3.12/site-packages/dynamixel_sdk/group_sync_read.cpp
#61 18.30 -- Installing: /opt/rx/dhi/lib/python3.12/site-packages/dynamixel_sdk/robotis_def.py
#61 18.30 -- Installing: /opt/rx/dhi/lib/python3.12/site-packages/dynamixel_sdk/group_sync_read.py
#61 18.30 -- Installing: /opt/rx/dhi/lib/python3.12/site-packages/dynamixel_sdk/group_handler.cpp
#61 18.30 -- Installing: /opt/rx/dhi/lib/python3.12/site-packages/dynamixel_sdk/group_fast_sync_read.cpp
#61 18.30 -- Installing: /opt/rx/dhi/lib/python3.12/site-packages/dynamixel_sdk/group_bulk_read.py
#61 18.30 -- Installing: /opt/rx/dhi/lib/python3.12/site-packages/dynamixel_sdk/protocol2_packet_handler.py
#61 18.30 -- Installing: /opt/rx/dhi/lib/python3.12/site-packages/dynamixel_sdk/port_handler_arduino.cpp
#61 18.30 -- Installing: /opt/rx/dhi/lib/python3.12/site-packages/dynamixel_sdk/packet_handler.py
#61 18.30 -- Installing: /opt/rx/dhi/lib/python3.12/site-packages/dynamixel_sdk/port_handler_linux.cpp
#61 18.30 -- Installing: /opt/rx/dhi/lib/python3.12/site-packages/dynamixel_sdk/__init__.py
#61 18.30 -- Installing: /opt/rx/dhi/lib/python3.12/site-packages/dynamixel_sdk/protocol1_packet_handler.cpp
#61 18.31 -- Installing: /opt/rx/dhi/lib/python3.12/site-packages/dynamixel_sdk/group_sync_write.cpp
#61 18.31 -- Installing: /opt/rx/dhi/lib/python3.12/site-packages/dynamixel_sdk/port_handler.py
#61 18.31 -- Installing: /opt/rx/dhi/lib/python3.12/site-packages/dynamixel_sdk/group_bulk_read.cpp
#61 18.32 Listing '/opt/rx/dhi/lib/python3.12/site-packages/dynamixel_sdk'...
#61 18.32 Compiling '/opt/rx/dhi/lib/python3.12/site-packages/dynamixel_sdk/__init__.py'...
#61 18.32 Compiling '/opt/rx/dhi/lib/python3.12/site-packages/dynamixel_sdk/group_bulk_read.py'...
#61 18.32 Compiling '/opt/rx/dhi/lib/python3.12/site-packages/dynamixel_sdk/group_bulk_write.py'...
#61 18.32 Compiling '/opt/rx/dhi/lib/python3.12/site-packages/dynamixel_sdk/group_sync_read.py'...
#61 18.32 Compiling '/opt/rx/dhi/lib/python3.12/site-packages/dynamixel_sdk/group_sync_write.py'...
#61 18.32 Compiling '/opt/rx/dhi/lib/python3.12/site-packages/dynamixel_sdk/packet_handler.py'...
#61 18.32 Compiling '/opt/rx/dhi/lib/python3.12/site-packages/dynamixel_sdk/port_handler.py'...
#61 18.32 Compiling '/opt/rx/dhi/lib/python3.12/site-packages/dynamixel_sdk/protocol1_packet_handler.py'...
#61 18.32 Compiling '/opt/rx/dhi/lib/python3.12/site-packages/dynamixel_sdk/protocol2_packet_handler.py'...
#61 18.32 Compiling '/opt/rx/dhi/lib/python3.12/site-packages/dynamixel_sdk/robotis_def.py'...
#61 18.32 -- Installing: /opt/rx/dhi/lib/python3.12/site-packages/dynamixel_easy_sdk-4.1.0-py3.12.egg-info
#61 18.32 -- Installing: /opt/rx/dhi/lib/python3.12/site-packages/dynamixel_easy_sdk-4.1.0-py3.12.egg-info/PKG-INFO
#61 18.32 -- Installing: /opt/rx/dhi/lib/python3.12/site-packages/dynamixel_easy_sdk-4.1.0-py3.12.egg-info/dependency_links.txt
#61 18.32 -- Installing: /opt/rx/dhi/lib/python3.12/site-packages/dynamixel_easy_sdk-4.1.0-py3.12.egg-info/top_level.txt
#61 18.32 -- Installing: /opt/rx/dhi/lib/python3.12/site-packages/dynamixel_easy_sdk-4.1.0-py3.12.egg-info/SOURCES.txt
#61 18.32 -- Installing: /opt/rx/dhi/lib/python3.12/site-packages/dynamixel_easy_sdk
#61 18.32 -- Installing: /opt/rx/dhi/lib/python3.12/site-packages/dynamixel_easy_sdk/data_types.py
#61 18.32 -- Installing: /opt/rx/dhi/lib/python3.12/site-packages/dynamixel_easy_sdk/connector.cpp
#61 18.32 -- Installing: /opt/rx/dhi/lib/python3.12/site-packages/dynamixel_easy_sdk/motor.py
#61 18.32 -- Installing: /opt/rx/dhi/lib/python3.12/site-packages/dynamixel_easy_sdk/group_executor.py
#61 18.32 -- Installing: /opt/rx/dhi/lib/python3.12/site-packages/dynamixel_easy_sdk/control_table.py
#61 18.32 -- Installing: /opt/rx/dhi/lib/python3.12/site-packages/dynamixel_easy_sdk/dynamixel_error.cpp
#61 18.32 -- Installing: /opt/rx/dhi/lib/python3.12/site-packages/dynamixel_easy_sdk/__init__.py
#61 18.32 -- Installing: /opt/rx/dhi/lib/python3.12/site-packages/dynamixel_easy_sdk/group_executor.cpp
#61 18.32 -- Installing: /opt/rx/dhi/lib/python3.12/site-packages/dynamixel_easy_sdk/motor.cpp
#61 18.32 -- Installing: /opt/rx/dhi/lib/python3.12/site-packages/dynamixel_easy_sdk/control_table.cpp
#61 18.32 -- Installing: /opt/rx/dhi/lib/python3.12/site-packages/dynamixel_easy_sdk/dynamixel_error.py
#61 18.32 -- Installing: /opt/rx/dhi/lib/python3.12/site-packages/dynamixel_easy_sdk/connector.py
#61 18.34 Listing '/opt/rx/dhi/lib/python3.12/site-packages/dynamixel_easy_sdk'...
#61 18.34 Compiling '/opt/rx/dhi/lib/python3.12/site-packages/dynamixel_easy_sdk/__init__.py'...
#61 18.34 Compiling '/opt/rx/dhi/lib/python3.12/site-packages/dynamixel_easy_sdk/connector.py'...
#61 18.34 Compiling '/opt/rx/dhi/lib/python3.12/site-packages/dynamixel_easy_sdk/control_table.py'...
#61 18.34 Compiling '/opt/rx/dhi/lib/python3.12/site-packages/dynamixel_easy_sdk/data_types.py'...
#61 18.34 Compiling '/opt/rx/dhi/lib/python3.12/site-packages/dynamixel_easy_sdk/dynamixel_error.py'...
#61 18.34 Compiling '/opt/rx/dhi/lib/python3.12/site-packages/dynamixel_easy_sdk/group_executor.py'...
#61 18.34 Compiling '/opt/rx/dhi/lib/python3.12/site-packages/dynamixel_easy_sdk/motor.py'...
#61 18.35 -- Installing: /opt/rx/dhi/share/dynamixel_sdk/environment/library_path.sh
#61 18.35 -- Installing: /opt/rx/dhi/share/dynamixel_sdk/environment/library_path.dsv
#61 18.35 -- Installing: /opt/rx/dhi/share/ament_index/resource_index/package_run_dependencies/dynamixel_sdk
#61 18.35 -- Installing: /opt/rx/dhi/share/ament_index/resource_index/parent_prefix_path/dynamixel_sdk
#61 18.35 -- Installing: /opt/rx/dhi/share/dynamixel_sdk/environment/ament_prefix_path.sh
#61 18.35 -- Installing: /opt/rx/dhi/share/dynamixel_sdk/environment/ament_prefix_path.dsv
#61 18.35 -- Installing: /opt/rx/dhi/share/dynamixel_sdk/environment/path.sh
#61 18.35 -- Installing: /opt/rx/dhi/share/dynamixel_sdk/environment/path.dsv
#61 18.35 -- Installing: /opt/rx/dhi/share/dynamixel_sdk/local_setup.bash
#61 18.35 -- Installing: /opt/rx/dhi/share/dynamixel_sdk/local_setup.sh
#61 18.35 -- Installing: /opt/rx/dhi/share/dynamixel_sdk/local_setup.zsh
#61 18.35 -- Installing: /opt/rx/dhi/share/dynamixel_sdk/local_setup.dsv
#61 18.35 -- Installing: /opt/rx/dhi/share/dynamixel_sdk/package.dsv
#61 18.35 -- Installing: /opt/rx/dhi/share/ament_index/resource_index/packages/dynamixel_sdk
#61 18.35 -- Installing: /opt/rx/dhi/share/dynamixel_sdk/cmake/dynamixel_sdkExport.cmake
#61 18.35 -- Installing: /opt/rx/dhi/share/dynamixel_sdk/cmake/dynamixel_sdkExport-release.cmake
#61 18.35 -- Installing: /opt/rx/dhi/share/dynamixel_sdk/cmake/ament_cmake_export_targets-extras.cmake
#61 18.35 -- Installing: /opt/rx/dhi/share/dynamixel_sdk/cmake/ament_cmake_export_include_directories-extras.cmake
#61 18.35 -- Installing: /opt/rx/dhi/share/dynamixel_sdk/cmake/ament_cmake_export_libraries-extras.cmake
#61 18.35 -- Installing: /opt/rx/dhi/share/dynamixel_sdk/cmake/dynamixel_sdkConfig.cmake
#61 18.35 -- Installing: /opt/rx/dhi/share/dynamixel_sdk/cmake/dynamixel_sdkConfig-version.cmake
#61 18.35 -- Installing: /opt/rx/dhi/share/dynamixel_sdk/package.xml
#61 18.36 Finished <<< dynamixel_sdk [4.41s]
#61 18.36 Starting >>> dynamixel_hardware_interface
#61 18.39 -- The C compiler identification is GNU 13.3.0
#61 18.42 -- The CXX compiler identification is GNU 13.3.0
#61 18.42 -- Detecting C compiler ABI info
#61 18.46 -- Detecting C compiler ABI info - done
#61 18.46 -- Check for working C compiler: /usr/bin/cc - skipped
#61 18.46 -- Detecting C compile features
#61 18.46 -- Detecting C compile features - done
#61 18.47 -- Detecting CXX compiler ABI info
#61 18.50 -- Detecting CXX compiler ABI info - done
#61 18.51 -- Check for working CXX compiler: /usr/bin/c++ - skipped
#61 18.51 -- Detecting CXX compile features
#61 18.51 -- Detecting CXX compile features - done
#61 18.51 -- Found ament_cmake: 2.5.6 (/opt/ros/jazzy/share/ament_cmake/cmake)
#61 18.56 -- Found Python3: /usr/bin/python3 (found version "3.12.3") found components: Interpreter 
#61 18.60 -- Found hardware_interface: 4.48.0 (/opt/ros/jazzy/share/hardware_interface/cmake)
#61 18.62 -- Found rosidl_generator_c: 4.6.9 (/opt/ros/jazzy/share/rosidl_generator_c/cmake)
#61 18.62 -- Found rosidl_generator_cpp: 4.6.9 (/opt/ros/jazzy/share/rosidl_generator_cpp/cmake)
#61 18.63 -- Using all available rosidl_typesupport_c: rosidl_typesupport_fastrtps_c;rosidl_typesupport_introspection_c
#61 18.64 -- Using all available rosidl_typesupport_cpp: rosidl_typesupport_fastrtps_cpp;rosidl_typesupport_introspection_cpp
#61 18.75 -- Found TinyXML2 via Config file: /usr/lib/aarch64-linux-gnu/cmake/tinyxml2
#61 18.77 -- Found rmw_implementation_cmake: 7.3.3 (/opt/ros/jazzy/share/rmw_implementation_cmake/cmake)
#61 18.77 -- Found rmw_fastrtps_cpp: 8.4.4 (/opt/ros/jazzy/share/rmw_fastrtps_cpp/cmake)
#61 18.78 -- Found TinyXML2 via Config file: /usr/lib/aarch64-linux-gnu/cmake/tinyxml2
#61 18.80 -- Found OpenSSL: /usr/lib/aarch64-linux-gnu/libcrypto.so (found version "3.0.13")  
#61 18.80 -- Found TinyXML2 via Config file: /usr/lib/aarch64-linux-gnu/cmake/tinyxml2
#61 18.81 -- Found FastRTPS: /opt/ros/jazzy/include (Required is at least version "2.13") 
#61 18.81 -- Found TinyXML2 via Config file: /usr/lib/aarch64-linux-gnu/cmake/tinyxml2
#61 18.81 -- Found TinyXML2 via Config file: /usr/lib/aarch64-linux-gnu/cmake/tinyxml2
#61 18.82 -- Using RMW implementation 'rmw_fastrtps_cpp' as default
#61 18.86 -- Found Boost: /usr/lib/aarch64-linux-gnu/cmake/Boost-1.83.0/BoostConfig.cmake (found version "1.83.0")  
#61 18.93 -- Found dynamixel_sdk: 4.1.0 (/opt/rx/dhi/share/dynamixel_sdk/cmake)
#61 18.94 -- Found std_srvs: 5.3.8 (/opt/ros/jazzy/share/std_srvs/cmake)
#61 18.94 -- Found dynamixel_interfaces: 1.0.1 (/opt/rx/dhi/share/dynamixel_interfaces/cmake)
#61 19.00 -- Configuring done (0.6s)
#61 19.01 -- Generating done (0.0s)
#61 19.02 -- Build files have been written to: /dhi-build/dynamixel_hardware_interface
#61 19.04 [ 25%] Building CXX object CMakeFiles/dynamixel_hardware_interface.dir/src/dynamixel_hardware_interface.cpp.o
#61 26.27 [ 50%] Building CXX object CMakeFiles/dynamixel_hardware_interface.dir/src/dynamixel/dynamixel_info.cpp.o
#61 ...

#53 [bt-build 3/3] RUN --network=none cmake -S /executor -B /bt-build -G Ninja -DCMAKE_BUILD_TYPE=Release -DBTCPP_SOURCE=/btcpp -DRX_BUILD_TEST_HARNESS=OFF     && cmake --build /bt-build --target rx-bt-engine -j1
#53 17.38 [5/52] Building CXX object CMakeFiles/rx-bt-engine.dir/engine.cpp.o
#53 18.63 [6/52] Building CXX object btcpp/CMakeFiles/behaviortree_cpp.dir/src/action_node.cpp.o
#53 20.90 [7/52] Building CXX object btcpp/CMakeFiles/behaviortree_cpp.dir/src/basic_types.cpp.o
#53 22.53 [8/52] Building CXX object btcpp/CMakeFiles/behaviortree_cpp.dir/src/behavior_tree.cpp.o
#53 24.05 [9/52] Building CXX object btcpp/CMakeFiles/behaviortree_cpp.dir/src/blackboard.cpp.o
#53 ...

#39 [rust-build 18/18] RUN --mount=type=cache,id=rx-solutions-registry,target=/usr/local/cargo/registry     --mount=type=cache,id=rx-solutions-release,target=/src/target     cargo build --release --locked --workspace && mkdir -p /out && cp target/release/rx-hostd target/release/rx-executor-service target/release/rx-process-compile target/release/rx-solutionsd target/release/rx-process-package target/release/rx-device-package /out/
#39 40.68    Compiling tonic-prost v0.14.6
#39 40.74    Compiling rx-protocol v0.1.0 (/src/sdk/crates/rx-protocol)
#39 46.18    Compiling rx-storage v0.1.0 (/src/sdk/crates/rx-storage)
#39 47.89    Compiling rx-service-status v0.1.0 (/src/runtime/rx-service-status)
#39 49.39    Compiling rx-solution-catalog v0.1.0 (/src/runtime/rx-solution-catalog)
#39 ...

#61 [dhi-build 4/6] RUN --network=none python3 /source/tools/prepare_dhi_sources.py --check --output /dhi-input     && source /opt/ros/jazzy/setup.bash     && colcon build --merge-install --base-paths /dhi-input/src --build-base /dhi-build --install-base /opt/rx/dhi        --packages-select dynamixel_sdk dynamixel_interfaces dynamixel_hardware_interface        --executor sequential --event-handlers console_direct+        --cmake-args -DCMAKE_BUILD_TYPE=Release -DBUILD_TESTING=OFF
#61 28.88 [ 75%] Building CXX object CMakeFiles/dynamixel_hardware_interface.dir/src/dynamixel/dynamixel.cpp.o
#61 30.93 [100%] Linking CXX shared library libdynamixel_hardware_interface.so
#61 31.04 [100%] Built target dynamixel_hardware_interface
#61 31.05 -- Install configuration: "Release"
#61 31.05 -- Installing: /opt/rx/dhi/share/dynamixel_hardware_interface/dynamixel_hardware_interface_plugin.xml
#61 31.05 -- Installing: /opt/rx/dhi/lib/libdynamixel_hardware_interface.so
#61 31.05 -- Set non-toolchain portion of runtime path of "/opt/rx/dhi/lib/libdynamixel_hardware_interface.so" to ""
#61 31.05 -- Up-to-date: /opt/rx/dhi/include
#61 31.05 -- Installing: /opt/rx/dhi/include/dynamixel_hardware_interface
#61 31.05 -- Installing: /opt/rx/dhi/include/dynamixel_hardware_interface/dynamixel
#61 31.05 -- Installing: /opt/rx/dhi/include/dynamixel_hardware_interface/dynamixel/dynamixel_info.hpp
#61 31.05 -- Installing: /opt/rx/dhi/include/dynamixel_hardware_interface/dynamixel/dynamixel.hpp
#61 31.05 -- Installing: /opt/rx/dhi/include/dynamixel_hardware_interface/dynamixel_hardware_interface.hpp
#61 31.05 -- Installing: /opt/rx/dhi/include/dynamixel_hardware_interface/visibility_control.h
#61 31.05 -- Installing: /opt/rx/dhi/lib/dynamixel_hardware_interface/create_udev_rules
#61 31.05 -- Installing: /opt/rx/dhi/share/dynamixel_hardware_interface//scripts
#61 31.05 -- Installing: /opt/rx/dhi/share/dynamixel_hardware_interface//scripts/create_udev_rules
#61 31.05 -- Installing: /opt/rx/dhi/share/dynamixel_hardware_interface//scripts/cluster_model_files.py
#61 31.05 -- Installing: /opt/rx/dhi/share/dynamixel_hardware_interface//scripts/99-manipulator-cdc.rules
#61 31.05 -- Installing: /opt/rx/dhi/share/dynamixel_hardware_interface//scripts/hx_synctable_model_generator.py
#61 31.05 -- Installing: /opt/rx/dhi/share/dynamixel_hardware_interface//scripts/xml_to_model_parser.py
#61 31.05 -- Installing: /opt/rx/dhi/share/dynamixel_hardware_interface//scripts/check_model_file_formatting.py
#61 31.05 -- Installing: /opt/rx/dhi/share/dynamixel_hardware_interface/param
#61 31.05 -- Installing: /opt/rx/dhi/share/dynamixel_hardware_interface/param/dxl_model
#61 31.05 -- Installing: /opt/rx/dhi/share/dynamixel_hardware_interface/param/dxl_model/xh540_v150.model
#61 31.05 -- Installing: /opt/rx/dhi/share/dynamixel_hardware_interface/param/dxl_model/rh_p12_rn.model
#61 31.05 -- Installing: /opt/rx/dhi/share/dynamixel_hardware_interface/param/dxl_model/m42_10_s260_ra.model
#61 31.05 -- Installing: /opt/rx/dhi/share/dynamixel_hardware_interface/param/dxl_model/hx5_d20_r_synctable_5_device_4.model
#61 31.05 -- Installing: /opt/rx/dhi/share/dynamixel_hardware_interface/param/dxl_model/xd430_t350.model
#61 31.05 -- Installing: /opt/rx/dhi/share/dynamixel_hardware_interface/param/dxl_model/sensorxel_joy.model
#61 31.05 -- Installing: /opt/rx/dhi/share/dynamixel_hardware_interface/param/dxl_model/xh430_v210.model
#61 31.05 -- Installing: /opt/rx/dhi/share/dynamixel_hardware_interface/param/dxl_model/hx5_d20_r_synctable_3_device_5.model
#61 31.05 -- Installing: /opt/rx/dhi/share/dynamixel_hardware_interface/param/dxl_model/xm540_w270.model
#61 31.05 -- Installing: /opt/rx/dhi/share/dynamixel_hardware_interface/param/dxl_model/xl330_m288_fw52.model
#61 31.05 -- Installing: /opt/rx/dhi/share/dynamixel_hardware_interface/param/dxl_model/ph42_020_s300.model
#61 31.06 -- Installing: /opt/rx/dhi/share/dynamixel_hardware_interface/param/dxl_model/m54_60_s250_ra.model
#61 31.06 -- Installing: /opt/rx/dhi/share/dynamixel_hardware_interface/param/dxl_model/xm335_t332.model
#61 31.06 -- Installing: /opt/rx/dhi/share/dynamixel_hardware_interface/param/dxl_model/h42_20_s300_ra.model
#61 31.06 -- Installing: /opt/rx/dhi/share/dynamixel_hardware_interface/param/dxl_model/hx5_d20_r_synctable_4_device_3.model
#61 31.06 -- Installing: /opt/rx/dhi/share/dynamixel_hardware_interface/param/dxl_model/hx5_d20_rl.model
#61 31.06 -- Installing: /opt/rx/dhi/share/dynamixel_hardware_interface/param/dxl_model/ffw_g10_led.model
#61 31.06 -- Installing: /opt/rx/dhi/share/dynamixel_hardware_interface/param/dxl_model/ym080_230_m001.model
#61 31.06 -- Installing: /opt/rx/dhi/share/dynamixel_hardware_interface/param/dxl_model/ym080_230_b001.model
#61 31.06 -- Installing: /opt/rx/dhi/share/dynamixel_hardware_interface/param/dxl_model/xc330_m288_fw52.model
#61 31.06 -- Installing: /opt/rx/dhi/share/dynamixel_hardware_interface/param/dxl_model/hx5_d20_r_synctable_4_device_4.model
#61 31.06 -- Installing: /opt/rx/dhi/share/dynamixel_hardware_interface/param/dxl_model/ffw_sg2_drive_3.model
#61 31.06 -- Installing: /opt/rx/dhi/share/dynamixel_hardware_interface/param/dxl_model/ffw_g10_rcu.model
#61 31.06 -- Installing: /opt/rx/dhi/share/dynamixel_hardware_interface/param/dxl_model/hx5_d20_r_synctable_5_device_3.model
#61 31.06 -- Installing: /opt/rx/dhi/share/dynamixel_hardware_interface/param/dxl_model/ffw_sg2_steer_2.model
#61 31.06 -- Installing: /opt/rx/dhi/share/dynamixel_hardware_interface/param/dxl_model/xl330_m288.model
#61 31.06 -- Installing: /opt/rx/dhi/share/dynamixel_hardware_interface/param/dxl_model/hx5_d20_rr.model
#61 31.06 -- Installing: /opt/rx/dhi/share/dynamixel_hardware_interface/param/dxl_model/ym070_210_b001.model
#61 31.06 -- Installing: /opt/rx/dhi/share/dynamixel_hardware_interface/param/dxl_model/xc330_t288_fw52.model
#61 31.06 -- Installing: /opt/rx/dhi/share/dynamixel_hardware_interface/param/dxl_model/xm335_t323.model
#61 31.06 -- Installing: /opt/rx/dhi/share/dynamixel_hardware_interface/param/dxl_model/ym070_210_a099.model
#61 31.06 -- Installing: /opt/rx/dhi/share/dynamixel_hardware_interface/param/dxl_model/hx5_d20_r_synctable_1_device_4.model
#61 31.06 -- Installing: /opt/rx/dhi/share/dynamixel_hardware_interface/param/dxl_model/hx5_d20_r_synctable_4_device_2.model
#61 31.06 -- Installing: /opt/rx/dhi/share/dynamixel_hardware_interface/param/dxl_model/ffw_sg2_drive_1.model
#61 31.06 -- Installing: /opt/rx/dhi/share/dynamixel_hardware_interface/param/dxl_model/omy_end.model
#61 31.06 -- Installing: /opt/rx/dhi/share/dynamixel_hardware_interface/param/dxl_model/omy_end_rh_p12_rn.model
#61 31.06 -- Installing: /opt/rx/dhi/share/dynamixel_hardware_interface/param/dxl_model/hx5_d20_r_synctable_3_device_3.model
#61 31.06 -- Installing: /opt/rx/dhi/share/dynamixel_hardware_interface/param/dxl_model/ym070_210_r099.model
#61 31.06 -- Installing: /opt/rx/dhi/share/dynamixel_hardware_interface/param/dxl_model/ph54_200_s500.model
#61 31.06 -- Installing: /opt/rx/dhi/share/dynamixel_hardware_interface/param/dxl_model/xd430_t210.model
#61 31.06 -- Installing: /opt/rx/dhi/share/dynamixel_hardware_interface/param/dxl_model/xh540_w150.model
#61 31.06 -- Installing: /opt/rx/dhi/share/dynamixel_hardware_interface/param/dxl_model/ym080_230_r051.model
#61 31.06 -- Installing: /opt/rx/dhi/share/dynamixel_hardware_interface/param/dxl_model/xc330_t288.model
#61 31.06 -- Installing: /opt/rx/dhi/share/dynamixel_hardware_interface/param/dxl_model/mx_64.model
#61 31.06 -- Installing: /opt/rx/dhi/share/dynamixel_hardware_interface/param/dxl_model/mx_106.model
#61 31.06 -- Installing: /opt/rx/dhi/share/dynamixel_hardware_interface/param/dxl_model/xm540_w150.model
#61 31.06 -- Installing: /opt/rx/dhi/share/dynamixel_hardware_interface/param/dxl_model/2xc430_w250.model
#61 31.06 -- Installing: /opt/rx/dhi/share/dynamixel_hardware_interface/param/dxl_model/xm430_w210.model
#61 31.06 -- Installing: /opt/rx/dhi/share/dynamixel_hardware_interface/param/dxl_model/hx5_d20_r_synctable_1_device_2.model
#61 31.06 -- Installing: /opt/rx/dhi/share/dynamixel_hardware_interface/param/dxl_model/pm54_060_s250.model
#61 31.06 -- Installing: /opt/rx/dhi/share/dynamixel_hardware_interface/param/dxl_model/hx5_d20_r_synctable_5_device_5.model
#61 31.06 -- Installing: /opt/rx/dhi/share/dynamixel_hardware_interface/param/dxl_model/xc330_m181_fw52.model
#61 31.06 -- Installing: /opt/rx/dhi/share/dynamixel_hardware_interface/param/dxl_model/xw540_t260.model
#61 31.06 -- Installing: /opt/rx/dhi/share/dynamixel_hardware_interface/param/dxl_model/xh430_v350.model
#61 31.06 -- Installing: /opt/rx/dhi/share/dynamixel_hardware_interface/param/dxl_model/h54_100_s500_ra.model
#61 31.06 -- Installing: /opt/rx/dhi/share/dynamixel_hardware_interface/param/dxl_model/hx5_d20_r_synctable_1_device_5.model
#61 31.06 -- Installing: /opt/rx/dhi/share/dynamixel_hardware_interface/param/dxl_model/ffw_sg2_drive_2.model
#61 31.06 -- Installing: /opt/rx/dhi/share/dynamixel_hardware_interface/param/dxl_model/xh430_w210.model
#61 31.06 -- Installing: /opt/rx/dhi/share/dynamixel_hardware_interface/param/dxl_model/xl330_m077.model
#61 31.06 -- Installing: /opt/rx/dhi/share/dynamixel_hardware_interface/param/dxl_model/ym080_230_a099.model
#61 31.06 -- Installing: /opt/rx/dhi/share/dynamixel_hardware_interface/param/dxl_model/pm54_040_s250.model
#61 31.06 -- Installing: /opt/rx/dhi/share/dynamixel_hardware_interface/param/dxl_model/xh540_w270.model
#61 31.06 -- Installing: /opt/rx/dhi/share/dynamixel_hardware_interface/param/dxl_model/ffw_sg2_steer_3.model
#61 31.06 -- Installing: /opt/rx/dhi/share/dynamixel_hardware_interface/param/dxl_model/dynamixel.model
#61 31.06 -- Installing: /opt/rx/dhi/share/dynamixel_hardware_interface/param/dxl_model/xw540_t140.model
#61 31.06 -- Installing: /opt/rx/dhi/share/dynamixel_hardware_interface/param/dxl_model/hx5_d20_r_synctable_3_device_2.model
#61 31.06 -- Installing: /opt/rx/dhi/share/dynamixel_hardware_interface/param/dxl_model/hx5_d20_r_synctable_2_device_1.model
#61 31.06 -- Installing: /opt/rx/dhi/share/dynamixel_hardware_interface/param/dxl_model/xc330_m288.model
#61 31.06 -- Installing: /opt/rx/dhi/share/dynamixel_hardware_interface/param/dxl_model/xc430_w240.model
#61 31.06 -- Installing: /opt/rx/dhi/share/dynamixel_hardware_interface/param/dxl_model/xd540_t150.model
#61 31.06 -- Installing: /opt/rx/dhi/share/dynamixel_hardware_interface/param/dxl_model/hx5_d20_r_synctable_3_device_4.model
#61 31.06 -- Installing: /opt/rx/dhi/share/dynamixel_hardware_interface/param/dxl_model/omy_hat.model
#61 31.06 -- Installing: /opt/rx/dhi/share/dynamixel_hardware_interface/param/dxl_model/hx5_d20_r_synctable_5_device_2.model
#61 31.06 -- Installing: /opt/rx/dhi/share/dynamixel_hardware_interface/param/dxl_model/xw430_t200.model
#61 31.06 -- Installing: /opt/rx/dhi/share/dynamixel_hardware_interface/param/dxl_model/ym070_210_a051.model
#61 31.06 -- Installing: /opt/rx/dhi/share/dynamixel_hardware_interface/param/dxl_model/pm42_010_s260.model
#61 31.06 -- Installing: /opt/rx/dhi/share/dynamixel_hardware_interface/param/dxl_model/xl320.model
#61 31.06 -- Installing: /opt/rx/dhi/share/dynamixel_hardware_interface/param/dxl_model/m54_40_s250_ra.model
#61 31.06 -- Installing: /opt/rx/dhi/share/dynamixel_hardware_interface/param/dxl_model/xl330_m077_fw52.model
#61 31.06 -- Installing: /opt/rx/dhi/share/dynamixel_hardware_interface/param/dxl_model/ffw_g40_imu.model
#61 31.06 -- Installing: /opt/rx/dhi/share/dynamixel_hardware_interface/param/dxl_model/hx5_d20_r_synctable_1_device_3.model
#61 31.06 -- Installing: /opt/rx/dhi/share/dynamixel_hardware_interface/param/dxl_model/ym070_210_m001.model
#61 31.06 -- Installing: /opt/rx/dhi/share/dynamixel_hardware_interface/param/dxl_model/hx5_d20_r_synctable_4_device_1.model
#61 31.06 -- Installing: /opt/rx/dhi/share/dynamixel_hardware_interface/param/dxl_model/xw540_h260.model
#61 31.06 -- Installing: /opt/rx/dhi/share/dynamixel_hardware_interface/param/dxl_model/ph54_100_s500.model
#61 31.06 -- Installing: /opt/rx/dhi/share/dynamixel_hardware_interface/param/dxl_model/hx5_d20_r_synctable_5_device_1.model
#61 31.06 -- Installing: /opt/rx/dhi/share/dynamixel_hardware_interface/param/dxl_model/xh540_v270.model
#61 31.06 -- Installing: /opt/rx/dhi/share/dynamixel_hardware_interface/param/dxl_model/hx5_d20_r_synctable_1_device_1.model
#61 31.06 -- Installing: /opt/rx/dhi/share/dynamixel_hardware_interface/param/dxl_model/xl430_w250.model
#61 31.06 -- Installing: /opt/rx/dhi/share/dynamixel_hardware_interface/param/dxl_model/xh430_w350.model
#61 31.06 -- Installing: /opt/rx/dhi/share/dynamixel_hardware_interface/param/dxl_model/xw430_t333.model
#61 31.06 -- Installing: /opt/rx/dhi/share/dynamixel_hardware_interface/param/dxl_model/xd540_t270.model
#61 31.06 -- Installing: /opt/rx/dhi/share/dynamixel_hardware_interface/param/dxl_model/2xl430_w250.model
#61 31.06 -- Installing: /opt/rx/dhi/share/dynamixel_hardware_interface/param/dxl_model/xc330_t181_fw52.model
#61 31.06 -- Installing: /opt/rx/dhi/share/dynamixel_hardware_interface/param/dxl_model/h54_200_s500_ra.model
#61 31.06 -- Installing: /opt/rx/dhi/share/dynamixel_hardware_interface/param/dxl_model/ym080_230_a051.model
#61 31.06 -- Installing: /opt/rx/dhi/share/dynamixel_hardware_interface/param/dxl_model/hx5_d20_r_synctable_2_device_5.model
#61 31.06 -- Installing: /opt/rx/dhi/share/dynamixel_hardware_interface/param/dxl_model/ym080_230_r099.model
#61 31.06 -- Installing: /opt/rx/dhi/share/dynamixel_hardware_interface/param/dxl_model/xc430_w150.model
#61 31.06 -- Installing: /opt/rx/dhi/share/dynamixel_hardware_interface/param/dxl_model/hx5_d20_r_synctable_2_device_4.model
#61 31.06 -- Installing: /opt/rx/dhi/share/dynamixel_hardware_interface/param/dxl_model/ym070_210_r051.model
#61 31.06 -- Installing: /opt/rx/dhi/share/dynamixel_hardware_interface/param/dxl_model/hx5_d20_r_synctable_3_device_1.model
#61 31.06 -- Installing: /opt/rx/dhi/share/dynamixel_hardware_interface/param/dxl_model/hx5_d20_r_synctable_2_device_2.model
#61 31.06 -- Installing: /opt/rx/dhi/share/dynamixel_hardware_interface/param/dxl_model/mx_28.model
#61 31.06 -- Installing: /opt/rx/dhi/share/dynamixel_hardware_interface/param/dxl_model/ffw_sg2_steer_1.model
#61 31.06 -- Installing: /opt/rx/dhi/share/dynamixel_hardware_interface/param/dxl_model/xc330_m181.model
#61 31.06 -- Installing: /opt/rx/dhi/share/dynamixel_hardware_interface/param/dxl_model/hx5_d20_r_synctable_4_device_5.model
#61 31.06 -- Installing: /opt/rx/dhi/share/dynamixel_hardware_interface/param/dxl_model/hx5_d20_r_synctable_2_device_3.model
#61 31.06 -- Installing: /opt/rx/dhi/share/dynamixel_hardware_interface/param/dxl_model/xc330_t181.model
#61 31.06 -- Installing: /opt/rx/dhi/share/dynamixel_hardware_interface/param/dxl_model/xm430_w350.model
#61 31.06 -- Installing: /opt/rx/dhi/share/dynamixel_hardware_interface/environment/library_path.sh
#61 31.06 -- Installing: /opt/rx/dhi/share/dynamixel_hardware_interface/environment/library_path.dsv
#61 31.06 -- Installing: /opt/rx/dhi/share/ament_index/resource_index/package_run_dependencies/dynamixel_hardware_interface
#61 31.06 -- Installing: /opt/rx/dhi/share/ament_index/resource_index/parent_prefix_path/dynamixel_hardware_interface
#61 31.06 -- Installing: /opt/rx/dhi/share/dynamixel_hardware_interface/environment/ament_prefix_path.sh
#61 31.06 -- Installing: /opt/rx/dhi/share/dynamixel_hardware_interface/environment/ament_prefix_path.dsv
#61 31.06 -- Installing: /opt/rx/dhi/share/dynamixel_hardware_interface/environment/path.sh
#61 31.06 -- Installing: /opt/rx/dhi/share/dynamixel_hardware_interface/environment/path.dsv
#61 31.06 -- Installing: /opt/rx/dhi/share/dynamixel_hardware_interface/local_setup.bash
#61 31.06 -- Installing: /opt/rx/dhi/share/dynamixel_hardware_interface/local_setup.sh
#61 31.06 -- Installing: /opt/rx/dhi/share/dynamixel_hardware_interface/local_setup.zsh
#61 31.07 -- Installing: /opt/rx/dhi/share/dynamixel_hardware_interface/local_setup.dsv
#61 31.07 -- Installing: /opt/rx/dhi/share/dynamixel_hardware_interface/package.dsv
#61 31.07 -- Installing: /opt/rx/dhi/share/ament_index/resource_index/packages/dynamixel_hardware_interface
#61 31.07 -- Installing: /opt/rx/dhi/share/ament_index/resource_index/hardware_interface__pluginlib__plugin/dynamixel_hardware_interface
#61 31.07 -- Installing: /opt/rx/dhi/share/dynamixel_hardware_interface/cmake/export_dynamixel_hardware_interfaceExport.cmake
#61 31.07 -- Installing: /opt/rx/dhi/share/dynamixel_hardware_interface/cmake/export_dynamixel_hardware_interfaceExport-release.cmake
#61 31.07 -- Installing: /opt/rx/dhi/share/dynamixel_hardware_interface/cmake/ament_cmake_export_include_directories-extras.cmake
#61 31.07 -- Installing: /opt/rx/dhi/share/dynamixel_hardware_interface/cmake/ament_cmake_export_libraries-extras.cmake
#61 31.07 -- Installing: /opt/rx/dhi/share/dynamixel_hardware_interface/cmake/ament_cmake_export_targets-extras.cmake
#61 31.07 -- Installing: /opt/rx/dhi/share/dynamixel_hardware_interface/cmake/ament_cmake_export_dependencies-extras.cmake
#61 31.07 -- Installing: /opt/rx/dhi/share/dynamixel_hardware_interface/cmake/dynamixel_hardware_interfaceConfig.cmake
#61 31.07 -- Installing: /opt/rx/dhi/share/dynamixel_hardware_interface/cmake/dynamixel_hardware_interfaceConfig-version.cmake
#61 31.07 -- Installing: /opt/rx/dhi/share/dynamixel_hardware_interface/package.xml
#61 31.08 Finished <<< dynamixel_hardware_interface [12.7s]
#61 31.09 
#61 31.09 Summary: 3 packages finished [30.6s]
#61 DONE 31.2s

#39 [rust-build 18/18] RUN --mount=type=cache,id=rx-solutions-registry,target=/usr/local/cargo/registry     --mount=type=cache,id=rx-solutions-release,target=/src/target     cargo build --release --locked --workspace && mkdir -p /out && cp target/release/rx-hostd target/release/rx-executor-service target/release/rx-process-compile target/release/rx-solutionsd target/release/rx-process-package target/release/rx-device-package /out/
#39 51.42    Compiling rx-process v0.1.0 (/src/runtime/rx-process)
#39 ...

#63 [dhi-build 5/6] COPY native/dhi /source/native/dhi/
#63 DONE 0.0s

#64 [dhi-build 6/6] RUN --network=none cmake -S /source/native/dhi -B /dhi-guardian-build -DCMAKE_BUILD_TYPE=Release     && cmake --build /dhi-guardian-build -j1
#64 0.077 -- The C compiler identification is GNU 13.3.0
#64 0.084 -- Detecting C compiler ABI info
#64 0.125 -- Detecting C compiler ABI info - done
#64 0.130 -- Check for working C compiler: /usr/bin/cc - skipped
#64 0.130 -- Detecting C compile features
#64 0.130 -- Detecting C compile features - done
#64 0.131 -- Configuring done (0.1s)
#64 0.132 -- Generating done (0.0s)
#64 0.132 -- Build files have been written to: /dhi-guardian-build
#64 0.149 [ 50%] Building C object CMakeFiles/rx-dhi-custody.dir/guardian.c.o
#64 0.263 [100%] Linking C executable rx-dhi-custody
#64 0.278 [100%] Built target rx-dhi-custody
#64 DONE 0.3s

#53 [bt-build 3/3] RUN --network=none cmake -S /executor -B /bt-build -G Ninja -DCMAKE_BUILD_TYPE=Release -DBTCPP_SOURCE=/btcpp -DRX_BUILD_TEST_HARNESS=OFF     && cmake --build /bt-build --target rx-bt-engine -j1
#53 30.65 [10/52] Building CXX object btcpp/CMakeFiles/behaviortree_cpp.dir/src/bt_factory.cpp.o
#53 31.71 [11/52] Building CXX object btcpp/CMakeFiles/behaviortree_cpp.dir/src/decorator_node.cpp.o
#53 32.62 [12/52] Building CXX object btcpp/CMakeFiles/behaviortree_cpp.dir/src/condition_node.cpp.o
#53 33.48 [13/52] Building CXX object btcpp/CMakeFiles/behaviortree_cpp.dir/src/control_node.cpp.o
#53 33.64 [14/52] Building CXX object btcpp/CMakeFiles/behaviortree_cpp.dir/src/shared_library.cpp.o
#53 34.80 [15/52] Building CXX object btcpp/CMakeFiles/behaviortree_cpp.dir/src/tree_node.cpp.o
#53 38.72 [16/52] Building CXX object btcpp/CMakeFiles/behaviortree_cpp.dir/src/script_parser.cpp.o
#53 40.47 [17/52] Building CXX object btcpp/CMakeFiles/behaviortree_cpp.dir/src/json_export.cpp.o
#53 42.80 [18/52] Building CXX object btcpp/CMakeFiles/behaviortree_cpp.dir/src/xml_parsing.cpp.o
#53 ...

#39 [rust-build 18/18] RUN --mount=type=cache,id=rx-solutions-registry,target=/usr/local/cargo/registry     --mount=type=cache,id=rx-solutions-release,target=/src/target     cargo build --release --locked --workspace && mkdir -p /out && cp target/release/rx-hostd target/release/rx-executor-service target/release/rx-process-compile target/release/rx-solutionsd target/release/rx-process-package target/release/rx-device-package /out/
#39 54.31    Compiling rx-host v0.1.0 (/src/runtime/rx-host)
#39 54.59    Compiling rx-melsec-mc v0.1.0 (/src/drivers/rx-melsec-mc)
#39 ...

#53 [bt-build 3/3] RUN --network=none cmake -S /executor -B /bt-build -G Ninja -DCMAKE_BUILD_TYPE=Release -DBTCPP_SOURCE=/btcpp -DRX_BUILD_TEST_HARNESS=OFF     && cmake --build /bt-build --target rx-bt-engine -j1
#53 43.81 [19/52] Building CXX object btcpp/CMakeFiles/behaviortree_cpp.dir/src/actions/test_node.cpp.o
#53 45.04 [20/52] Building CXX object btcpp/CMakeFiles/behaviortree_cpp.dir/src/actions/sleep_node.cpp.o
#53 46.27 [21/52] Building CXX object btcpp/CMakeFiles/behaviortree_cpp.dir/src/actions/updated_action.cpp.o
#53 47.52 [22/52] Building CXX object btcpp/CMakeFiles/behaviortree_cpp.dir/src/decorators/delay_node.cpp.o
#53 48.33 [23/52] Building CXX object btcpp/CMakeFiles/behaviortree_cpp.dir/src/decorators/inverter_node.cpp.o
#53 49.45 [24/52] Building CXX object btcpp/CMakeFiles/behaviortree_cpp.dir/src/decorators/repeat_node.cpp.o
#53 ...

#39 [rust-build 18/18] RUN --mount=type=cache,id=rx-solutions-registry,target=/usr/local/cargo/registry     --mount=type=cache,id=rx-solutions-release,target=/src/target     cargo build --release --locked --workspace && mkdir -p /out && cp target/release/rx-hostd target/release/rx-executor-service target/release/rx-process-compile target/release/rx-solutionsd target/release/rx-process-package target/release/rx-device-package /out/
#39 71.20    Compiling rx-device-package v0.1.0 (/src/runtime/rx-device-package)
#39 75.82    Compiling rx-executor v0.1.0 (/src/runtime/rx-executor)
#39 ...

#53 [bt-build 3/3] RUN --network=none cmake -S /executor -B /bt-build -G Ninja -DCMAKE_BUILD_TYPE=Release -DBTCPP_SOURCE=/btcpp -DRX_BUILD_TEST_HARNESS=OFF     && cmake --build /bt-build --target rx-bt-engine -j1
#53 50.59 [25/52] Building CXX object btcpp/CMakeFiles/behaviortree_cpp.dir/src/decorators/retry_node.cpp.o
#53 51.52 [26/52] Building CXX object btcpp/CMakeFiles/behaviortree_cpp.dir/src/decorators/subtree_node.cpp.o
#53 52.70 [27/52] Building CXX object btcpp/CMakeFiles/behaviortree_cpp.dir/src/decorators/timeout_node.cpp.o
#53 53.95 [28/52] Building CXX object btcpp/CMakeFiles/behaviortree_cpp.dir/src/decorators/updated_decorator.cpp.o
#53 54.76 [29/52] Building CXX object btcpp/CMakeFiles/behaviortree_cpp.dir/src/controls/if_then_else_node.cpp.o
#53 55.61 [30/52] Building CXX object btcpp/CMakeFiles/behaviortree_cpp.dir/src/controls/fallback_node.cpp.o
#53 56.83 [31/52] Building CXX object btcpp/CMakeFiles/behaviortree_cpp.dir/src/controls/parallel_node.cpp.o
#53 57.96 [32/52] Building CXX object btcpp/CMakeFiles/behaviortree_cpp.dir/src/controls/parallel_all_node.cpp.o
#53 58.80 [33/52] Building CXX object btcpp/CMakeFiles/behaviortree_cpp.dir/src/controls/reactive_sequence.cpp.o
#53 59.59 [34/52] Building CXX object btcpp/CMakeFiles/behaviortree_cpp.dir/src/controls/reactive_fallback.cpp.o
#53 60.40 [35/52] Building CXX object btcpp/CMakeFiles/behaviortree_cpp.dir/src/controls/sequence_node.cpp.o
#53 61.22 [36/52] Building CXX object btcpp/CMakeFiles/behaviortree_cpp.dir/src/controls/sequence_with_memory_node.cpp.o
#53 62.01 [37/52] Building CXX object btcpp/CMakeFiles/behaviortree_cpp.dir/src/controls/switch_node.cpp.o
#53 62.84 [38/52] Building CXX object btcpp/CMakeFiles/behaviortree_cpp.dir/src/controls/while_do_else_node.cpp.o
#53 64.08 [39/52] Building CXX object btcpp/CMakeFiles/behaviortree_cpp.dir/src/loggers/bt_cout_logger.cpp.o
#53 65.43 [40/52] Building CXX object btcpp/CMakeFiles/behaviortree_cpp.dir/src/loggers/bt_file_logger_v2.cpp.o
#53 ...

#39 [rust-build 18/18] RUN --mount=type=cache,id=rx-solutions-registry,target=/usr/local/cargo/registry     --mount=type=cache,id=rx-solutions-release,target=/src/target     cargo build --release --locked --workspace && mkdir -p /out && cp target/release/rx-hostd target/release/rx-executor-service target/release/rx-process-compile target/release/rx-solutionsd target/release/rx-process-package target/release/rx-device-package /out/
#39 86.92    Compiling rx-process-package v0.1.0 (/src/runtime/rx-process-package)
#39 ...

#53 [bt-build 3/3] RUN --network=none cmake -S /executor -B /bt-build -G Ninja -DCMAKE_BUILD_TYPE=Release -DBTCPP_SOURCE=/btcpp -DRX_BUILD_TEST_HARNESS=OFF     && cmake --build /bt-build --target rx-bt-engine -j1
#53 66.87 [41/52] Building CXX object btcpp/CMakeFiles/behaviortree_cpp.dir/src/loggers/bt_minitrace_logger.cpp.o
#53 68.29 [42/52] Building CXX object btcpp/CMakeFiles/behaviortree_cpp.dir/src/loggers/bt_observer.cpp.o
#53 68.45 [43/52] Building CXX object btcpp/CMakeFiles/behaviortree_cpp.dir/src/shared_library_UNIX.cpp.o
#53 68.91 [44/52] Building CXX object btcpp/3rdparty/tinyxml2/CMakeFiles/tinyxml2.dir/tinyxml2.cpp.o
#53 68.92 [45/52] Linking CXX static library btcpp/3rdparty/tinyxml2/libtinyxml2.a
#53 68.96 [46/52] Building CXX object btcpp/3rdparty/lexy/src/CMakeFiles/lexy_file.dir/input/file.cpp.o
#53 68.97 [47/52] Linking CXX static library btcpp/3rdparty/lexy/src/liblexy_file.a
#53 69.03 [48/52] Building CXX object btcpp/3rdparty/minitrace/CMakeFiles/minitrace.dir/minitrace.cpp.o
#53 69.04 [49/52] Linking CXX static library btcpp/3rdparty/minitrace/libminitrace.a
#53 69.08 [50/52] Linking CXX static library btcpp/libbehaviortree_cpp.a
#53 69.09 [51/52] Linking CXX static library librx_bt_executor.a
#53 69.15 [52/52] Linking CXX executable rx-bt-engine
#53 DONE 69.2s

#39 [rust-build 18/18] RUN --mount=type=cache,id=rx-solutions-registry,target=/usr/local/cargo/registry     --mount=type=cache,id=rx-solutions-release,target=/src/target     cargo build --release --locked --workspace && mkdir -p /out && cp target/release/rx-hostd target/release/rx-executor-service target/release/rx-process-compile target/release/rx-solutionsd target/release/rx-process-package target/release/rx-device-package /out/
#39 90.14    Compiling rx-supervisor v0.1.0 (/src/runtime/rx-supervisor)
#39 174.2     Finished `release` profile [optimized] target(s) in 2m 53s
#39 DONE 174.3s

#65 [runtime  8/33] COPY --from=rust-build /out/ /opt/rx/bin/
#65 DONE 0.1s

#66 [runtime  9/33] COPY --from=dhi-build /opt/rx/dhi/ /opt/rx/dhi/
#66 DONE 0.0s

#67 [runtime 10/33] COPY --from=dhi-build /dhi-guardian-build/rx-dhi-custody /opt/rx/bin/rx-dhi-custody
#67 DONE 0.0s

#68 [runtime 11/33] COPY --from=dhi-build /opt/ros/jazzy/lib/controller_manager/ros2_control_node /opt/rx/bin/rx-dhi-controller-manager
#68 DONE 0.0s

#69 [runtime 12/33] COPY --from=dhi-build /dhi-input/source-lock.json /opt/rx/manifests/dhi-source-lock.json
#69 DONE 0.0s

#70 [runtime 13/33] COPY native/dhi/session.py native/dhi/model.py native/dhi/guardian.c native/dhi/dependencies.json native/dhi/endpoint-channels.json /opt/rx/tools/dhi/
#70 DONE 0.0s

#71 [runtime 14/33] COPY native/ai-worker/l3_guard.py native/ai-worker/dependencies.json /opt/rx/tools/ai-worker/
#71 DONE 0.0s

#72 [runtime 15/33] COPY native/ai-sapiens/asset_gate.py native/ai-sapiens/dependencies.json /opt/rx/tools/ai-sapiens/
#72 DONE 0.0s

#73 [runtime 16/33] COPY native/open-manipulator/dependencies.json native/open-manipulator/requirements.py /opt/rx/tools/open-manipulator/
#73 DONE 0.0s

#74 [runtime 17/33] COPY --from=dhi /src/dynamixel_hardware_interface/LICENSE /opt/rx/licenses/dynamixel_hardware_interface/LICENSE
#74 DONE 0.0s

#75 [runtime 18/33] COPY --from=dhi /src/dynamixel_interfaces/LICENSE /opt/rx/licenses/dynamixel_interfaces/LICENSE
#75 DONE 0.0s

#76 [runtime 19/33] COPY --from=dynamixel-build /dynamixel-build/rx-dynamixel-ping /opt/rx/bin/rx-dynamixel-ping
#76 DONE 0.0s

#77 [runtime 20/33] COPY native/dynamixel/vendor/LICENSE /opt/rx/licenses/DynamixelSDK/LICENSE
#77 DONE 0.0s

#78 [runtime 21/33] COPY --from=bt-build /bt-build/rx-bt-engine /opt/rx/bin/rx-bt-engine
#78 DONE 0.0s

#79 [runtime 22/33] COPY --from=ros-jtc-build /ros-jtc-build/rx-ros-jtc-bridge /opt/rx/bin/rx-ros-jtc-bridge
#79 DONE 0.0s

#80 [runtime 23/33] COPY --from=ui-build /src/dist/ /opt/rx/operator/
#80 DONE 0.1s

#81 [runtime 24/33] COPY catalogs /opt/rx/catalogs
#81 DONE 0.0s

#82 [runtime 25/33] COPY dependencies/native-stack.lock.json /opt/rx/manifests/native-stack.lock.json
#82 DONE 0.0s

#83 [runtime 26/33] COPY native/support/solutions_status.py /opt/rx/tools/solutions_status.py
#83 DONE 0.0s

#84 [runtime 27/33] COPY native/support/entrypoint.sh /opt/rx/entrypoint.sh
#84 DONE 0.0s

#85 [runtime 28/33] COPY deployment/local-skills/host_runner.py deployment/local-skills/python_environment.py /opt/rx/python/
#85 DONE 0.0s

#86 [runtime 29/33] RUN cp --dereference /usr/bin/python3 /opt/rx/python/python && python3 -c 'import hashlib,json,pathlib; p=pathlib.Path("/opt/rx/python"); (p/"release.json").write_text(json.dumps({"schema":"rx.python-host-release.v1","interpreter_sha256":hashlib.sha256((p/"python").read_bytes()).hexdigest()}))'
#86 DONE 0.1s

#87 [runtime 30/33] COPY tools/write_runtime_inventory.py /opt/rx/tools/write_runtime_inventory.py
#87 DONE 0.0s

#88 [runtime 31/33] COPY tools/audit_native_install.py /opt/rx/tools/audit_native_install.py
#88 DONE 0.0s

#89 [runtime 32/33] RUN source /opt/ros/jazzy/setup.bash     && python3 /opt/rx/tools/audit_native_install.py --catalog /opt/rx/catalogs/device-support.v1.json --output /opt/rx/manifests/native-install-audit.json     && mkdir -p /var/lib/rx-solutions/ros-log /run/rx-solutions /run/rx-host     && chown -R 10001:10001 /var/lib/rx-solutions /run/rx-solutions /run/rx-host     && chmod 755 /opt/rx/entrypoint.sh     && /opt/rx/bin/rx-hostd drivers dynamixel > /opt/rx/manifests/dynamixel-driver.json     && python3 /opt/rx/tools/write_runtime_inventory.py
#89 0.387 {"status": "PASS", "executables": 9}
#89 DONE 0.5s

#90 [runtime 33/33] WORKDIR /var/lib/rx-solutions
#90 DONE 0.0s

#91 exporting to image
#91 exporting layers
#91 exporting layers 6.2s done
#91 exporting manifest sha256:c8de59706c05001606f3f961c3e751ed33fc4b8748c2337eb72663e11fedf96b done
#91 exporting config sha256:a719336a80456ee78cd35d54b9c9d7e9dd9ea1b28bf0d489d0231bb8b9855a61 done
#91 exporting attestation manifest sha256:9401ff9a8943d05d45460a3f63b139c5e4864d11ca21a23dfdd9edfb28a2e4f4 done
#91 exporting manifest list sha256:b91beb3e204d7978836445a59a2df9d42a601c009caba5023cab16ed337e85ab done
#91 naming to docker.io/library/rx-resident-reporting-runtime:r4-arm64 done
#91 unpacking to docker.io/library/rx-resident-reporting-runtime:r4-arm64
#91 unpacking to docker.io/library/rx-resident-reporting-runtime:r4-arm64 2.2s done
#91 DONE 8.5s

View build details: docker-desktop://dashboard/build/desktop-linux/desktop-linux/lg40ei1hwt8v0gm1vbh704ndn
