Rust	Set up job	﻿2026-09-25T01:33:02.4060618Z Current runner version: '2.337.0'
Rust	Set up job	2026-09-25T01:33:02.4087787Z ##[group]Runner Image Provisioner
Rust	Set up job	2026-09-25T01:33:02.4088796Z Hosted Compute Agent
Rust	Set up job	2026-09-25T01:33:02.4089486Z Version: 20260828.587
Rust	Set up job	2026-09-25T01:33:02.4090187Z Commit: abac92662cab4cc7352de4f9f9d2e2419aad9c29
Rust	Set up job	2026-09-25T01:33:02.4091032Z Build Date: 2026-08-28T16:44:25Z
Rust	Set up job	2026-09-25T01:33:02.4091792Z Worker ID: {221c6aae-9d69-46c4-8997-d2a97025ade5}
Rust	Set up job	2026-09-25T01:33:02.4092528Z Azure Region: westus
Rust	Set up job	2026-09-25T01:33:02.4093189Z ##[endgroup]
Rust	Set up job	2026-09-25T01:33:02.4094774Z ##[group]Operating System
Rust	Set up job	2026-09-25T01:33:02.4095630Z Ubuntu
Rust	Set up job	2026-09-25T01:33:02.4096206Z 24.04.5
Rust	Set up job	2026-09-25T01:33:02.4097144Z LTS
Rust	Set up job	2026-09-25T01:33:02.4097987Z ##[endgroup]
Rust	Set up job	2026-09-25T01:33:02.4098764Z ##[group]Runner Image
Rust	Set up job	2026-09-25T01:33:02.4099476Z Image: ubuntu-24.04
Rust	Set up job	2026-09-25T01:33:02.4100091Z Version: 20260920.314.1
Rust	Set up job	2026-09-25T01:33:02.4101185Z Included Software: https://github.com/actions/runner-images/blob/ubuntu24/20260920.314/images/ubuntu/Ubuntu2404-Readme.md
Rust	Set up job	2026-09-25T01:33:02.4103092Z Image Release: https://github.com/actions/runner-images/releases/tag/ubuntu24%2F20260920.314
Rust	Set up job	2026-09-25T01:33:02.4104140Z ##[endgroup]
Rust	Set up job	2026-09-25T01:33:02.4105316Z ##[group]GITHUB_TOKEN Permissions
Rust	Set up job	2026-09-25T01:33:02.4107731Z Contents: read
Rust	Set up job	2026-09-25T01:33:02.4108464Z Metadata: read
Rust	Set up job	2026-09-25T01:33:02.4109087Z ##[endgroup]
Rust	Set up job	2026-09-25T01:33:02.4111770Z Secret source: Actions
Rust	Set up job	2026-09-25T01:33:02.4112788Z Cache mode: write
Rust	Set up job	2026-09-25T01:33:02.4113658Z Prepare workflow directory
Rust	Set up job	2026-09-25T01:33:02.4602020Z Prepare all required actions
Rust	Set up job	2026-09-25T01:33:02.4650733Z Getting action download info
Rust	Set up job	2026-09-25T01:33:02.8382789Z Download action repository 'actions/checkout@11d5960a326750d5838078e36cf38b85af677262' (SHA:11d5960a326750d5838078e36cf38b85af677262)
Rust	Set up job	2026-09-25T01:33:02.9486972Z Download action repository 'actions/cache@0057852bfaa89a56745cba8c7296529d2fc39830' (SHA:0057852bfaa89a56745cba8c7296529d2fc39830)
Rust	Set up job	2026-09-25T01:33:03.1511621Z Complete job name: Rust
Rust	Run actions/checkout@11d5960a326750d5838078e36cf38b85af677262	﻿2026-09-25T01:33:03.2312765Z ##[group]Run actions/checkout@11d5960a326750d5838078e36cf38b85af677262
Rust	Run actions/checkout@11d5960a326750d5838078e36cf38b85af677262	2026-09-25T01:33:03.2313875Z with:
Rust	Run actions/checkout@11d5960a326750d5838078e36cf38b85af677262	2026-09-25T01:33:03.2314349Z   persist-credentials: false
Rust	Run actions/checkout@11d5960a326750d5838078e36cf38b85af677262	2026-09-25T01:33:03.2314910Z   repository: jack0682/rx-platform
Rust	Run actions/checkout@11d5960a326750d5838078e36cf38b85af677262	2026-09-25T01:33:03.2319251Z   token: ***
Rust	Run actions/checkout@11d5960a326750d5838078e36cf38b85af677262	2026-09-25T01:33:03.2319722Z   ssh-strict: true
Rust	Run actions/checkout@11d5960a326750d5838078e36cf38b85af677262	2026-09-25T01:33:03.2320178Z   ssh-user: git
Rust	Run actions/checkout@11d5960a326750d5838078e36cf38b85af677262	2026-09-25T01:33:03.2320652Z   clean: true
Rust	Run actions/checkout@11d5960a326750d5838078e36cf38b85af677262	2026-09-25T01:33:03.2321131Z   sparse-checkout-cone-mode: true
Rust	Run actions/checkout@11d5960a326750d5838078e36cf38b85af677262	2026-09-25T01:33:03.2321668Z   fetch-depth: 1
Rust	Run actions/checkout@11d5960a326750d5838078e36cf38b85af677262	2026-09-25T01:33:03.2322124Z   fetch-tags: false
Rust	Run actions/checkout@11d5960a326750d5838078e36cf38b85af677262	2026-09-25T01:33:03.2322589Z   show-progress: true
Rust	Run actions/checkout@11d5960a326750d5838078e36cf38b85af677262	2026-09-25T01:33:03.2323049Z   lfs: false
Rust	Run actions/checkout@11d5960a326750d5838078e36cf38b85af677262	2026-09-25T01:33:03.2323476Z   submodules: false
Rust	Run actions/checkout@11d5960a326750d5838078e36cf38b85af677262	2026-09-25T01:33:03.2323947Z   set-safe-directory: true
Rust	Run actions/checkout@11d5960a326750d5838078e36cf38b85af677262	2026-09-25T01:33:03.2324478Z   allow-unsafe-pr-checkout: false
Rust	Run actions/checkout@11d5960a326750d5838078e36cf38b85af677262	2026-09-25T01:33:03.2325299Z env:
Rust	Run actions/checkout@11d5960a326750d5838078e36cf38b85af677262	2026-09-25T01:33:03.2325742Z   CARGO_TERM_COLOR: always
Rust	Run actions/checkout@11d5960a326750d5838078e36cf38b85af677262	2026-09-25T01:33:03.2326253Z   RUST_BACKTRACE: 1
Rust	Run actions/checkout@11d5960a326750d5838078e36cf38b85af677262	2026-09-25T01:33:03.2326977Z ##[endgroup]
Rust	Run actions/checkout@11d5960a326750d5838078e36cf38b85af677262	2026-09-25T01:33:03.3395782Z Syncing repository: jack0682/rx-platform
Rust	Run actions/checkout@11d5960a326750d5838078e36cf38b85af677262	2026-09-25T01:33:03.3399308Z ##[group]Getting Git version info
Rust	Run actions/checkout@11d5960a326750d5838078e36cf38b85af677262	2026-09-25T01:33:03.3400334Z Working directory is '/home/runner/work/rx-platform/rx-platform'
Rust	Run actions/checkout@11d5960a326750d5838078e36cf38b85af677262	2026-09-25T01:33:03.3401987Z [command]/usr/bin/git version
Rust	Run actions/checkout@11d5960a326750d5838078e36cf38b85af677262	2026-09-25T01:33:03.3474207Z git version 2.55.0
Rust	Run actions/checkout@11d5960a326750d5838078e36cf38b85af677262	2026-09-25T01:33:03.3508293Z ##[endgroup]
Rust	Run actions/checkout@11d5960a326750d5838078e36cf38b85af677262	2026-09-25T01:33:03.3528131Z Temporarily overriding HOME='/home/runner/work/_temp/15c0ea3c-3066-4e43-a026-e0aea9fcbdf5' before making global git config changes
Rust	Run actions/checkout@11d5960a326750d5838078e36cf38b85af677262	2026-09-25T01:33:03.3530635Z Adding repository directory to the temporary git global config as a safe directory
Rust	Run actions/checkout@11d5960a326750d5838078e36cf38b85af677262	2026-09-25T01:33:03.3534982Z [command]/usr/bin/git config --global --add safe.directory /home/runner/work/rx-platform/rx-platform
Rust	Run actions/checkout@11d5960a326750d5838078e36cf38b85af677262	2026-09-25T01:33:03.3601137Z Deleting the contents of '/home/runner/work/rx-platform/rx-platform'
Rust	Run actions/checkout@11d5960a326750d5838078e36cf38b85af677262	2026-09-25T01:33:03.3605485Z ##[group]Initializing the repository
Rust	Run actions/checkout@11d5960a326750d5838078e36cf38b85af677262	2026-09-25T01:33:03.3611527Z [command]/usr/bin/git init /home/runner/work/rx-platform/rx-platform
Rust	Run actions/checkout@11d5960a326750d5838078e36cf38b85af677262	2026-09-25T01:33:03.3755702Z hint: Using 'master' as the name for the initial branch. This default branch name
Rust	Run actions/checkout@11d5960a326750d5838078e36cf38b85af677262	2026-09-25T01:33:03.3758289Z hint: will change to "main" in Git 3.0. To configure the initial branch name
Rust	Run actions/checkout@11d5960a326750d5838078e36cf38b85af677262	2026-09-25T01:33:03.3760270Z hint: to use in all of your new repositories, which will suppress this warning,
Rust	Run actions/checkout@11d5960a326750d5838078e36cf38b85af677262	2026-09-25T01:33:03.3761748Z hint: call:
Rust	Run actions/checkout@11d5960a326750d5838078e36cf38b85af677262	2026-09-25T01:33:03.3762670Z hint:
Rust	Run actions/checkout@11d5960a326750d5838078e36cf38b85af677262	2026-09-25T01:33:03.3764073Z hint: 	git config --global init.defaultBranch <name>
Rust	Run actions/checkout@11d5960a326750d5838078e36cf38b85af677262	2026-09-25T01:33:03.3765478Z hint:
Rust	Run actions/checkout@11d5960a326750d5838078e36cf38b85af677262	2026-09-25T01:33:03.3767384Z hint: Names commonly chosen instead of 'master' are 'main', 'trunk' and
Rust	Run actions/checkout@11d5960a326750d5838078e36cf38b85af677262	2026-09-25T01:33:03.3769429Z hint: 'development'. The just-created branch can be renamed via this command:
Rust	Run actions/checkout@11d5960a326750d5838078e36cf38b85af677262	2026-09-25T01:33:03.3771116Z hint:
Rust	Run actions/checkout@11d5960a326750d5838078e36cf38b85af677262	2026-09-25T01:33:03.3772223Z hint: 	git branch -m <name>
Rust	Run actions/checkout@11d5960a326750d5838078e36cf38b85af677262	2026-09-25T01:33:03.3773494Z hint:
Rust	Run actions/checkout@11d5960a326750d5838078e36cf38b85af677262	2026-09-25T01:33:03.3774958Z hint: Disable this message with "git config set advice.defaultBranchName false"
Rust	Run actions/checkout@11d5960a326750d5838078e36cf38b85af677262	2026-09-25T01:33:03.3777413Z Initialized empty Git repository in /home/runner/work/rx-platform/rx-platform/.git/
Rust	Run actions/checkout@11d5960a326750d5838078e36cf38b85af677262	2026-09-25T01:33:03.3782045Z [command]/usr/bin/git remote add origin https://github.com/jack0682/rx-platform
Rust	Run actions/checkout@11d5960a326750d5838078e36cf38b85af677262	2026-09-25T01:33:03.3838689Z ##[endgroup]
Rust	Run actions/checkout@11d5960a326750d5838078e36cf38b85af677262	2026-09-25T01:33:03.3840386Z ##[group]Disabling automatic garbage collection
Rust	Run actions/checkout@11d5960a326750d5838078e36cf38b85af677262	2026-09-25T01:33:03.3841849Z [command]/usr/bin/git config --local gc.auto 0
Rust	Run actions/checkout@11d5960a326750d5838078e36cf38b85af677262	2026-09-25T01:33:03.3877740Z ##[endgroup]
Rust	Run actions/checkout@11d5960a326750d5838078e36cf38b85af677262	2026-09-25T01:33:03.3879185Z ##[group]Setting up auth
Rust	Run actions/checkout@11d5960a326750d5838078e36cf38b85af677262	2026-09-25T01:33:03.3886833Z [command]/usr/bin/git config --local --name-only --get-regexp core\.sshCommand
Rust	Run actions/checkout@11d5960a326750d5838078e36cf38b85af677262	2026-09-25T01:33:03.3928820Z [command]/usr/bin/git submodule foreach --recursive sh -c "git config --local --name-only --get-regexp 'core\.sshCommand' && git config --local --unset-all 'core.sshCommand' || :"
Rust	Run actions/checkout@11d5960a326750d5838078e36cf38b85af677262	2026-09-25T01:33:03.4339280Z [command]/usr/bin/git config --local --name-only --get-regexp http\.https\:\/\/github\.com\/\.extraheader
Rust	Run actions/checkout@11d5960a326750d5838078e36cf38b85af677262	2026-09-25T01:33:03.4382536Z [command]/usr/bin/git submodule foreach --recursive sh -c "git config --local --name-only --get-regexp 'http\.https\:\/\/github\.com\/\.extraheader' && git config --local --unset-all 'http.https://github.com/.extraheader' || :"
Rust	Run actions/checkout@11d5960a326750d5838078e36cf38b85af677262	2026-09-25T01:33:03.4622295Z [command]/usr/bin/git config --local --name-only --get-regexp ^includeIf\.gitdir:
Rust	Run actions/checkout@11d5960a326750d5838078e36cf38b85af677262	2026-09-25T01:33:03.4669611Z [command]/usr/bin/git submodule foreach --recursive git config --local --show-origin --name-only --get-regexp remote.origin.url
Rust	Run actions/checkout@11d5960a326750d5838078e36cf38b85af677262	2026-09-25T01:33:03.4942429Z [command]/usr/bin/git config --local http.https://github.com/.extraheader AUTHORIZATION: basic ***
Rust	Run actions/checkout@11d5960a326750d5838078e36cf38b85af677262	2026-09-25T01:33:03.4979901Z ##[endgroup]
Rust	Run actions/checkout@11d5960a326750d5838078e36cf38b85af677262	2026-09-25T01:33:03.4981326Z ##[group]Fetching the repository
Rust	Run actions/checkout@11d5960a326750d5838078e36cf38b85af677262	2026-09-25T01:33:03.4991612Z [command]/usr/bin/git -c protocol.version=2 fetch --no-tags --prune --no-recurse-submodules --depth=1 origin +0a1fed300dc6eadbd0a5d861995523346151b90e:refs/remotes/pull/23/merge
Rust	Run actions/checkout@11d5960a326750d5838078e36cf38b85af677262	2026-09-25T01:33:04.0710511Z From https://github.com/jack0682/rx-platform
Rust	Run actions/checkout@11d5960a326750d5838078e36cf38b85af677262	2026-09-25T01:33:04.0711649Z  * [new ref]         0a1fed300dc6eadbd0a5d861995523346151b90e -> pull/23/merge
Rust	Run actions/checkout@11d5960a326750d5838078e36cf38b85af677262	2026-09-25T01:33:04.0715672Z ##[endgroup]
Rust	Run actions/checkout@11d5960a326750d5838078e36cf38b85af677262	2026-09-25T01:33:04.0716930Z ##[group]Determining the checkout info
Rust	Run actions/checkout@11d5960a326750d5838078e36cf38b85af677262	2026-09-25T01:33:04.0718964Z ##[endgroup]
Rust	Run actions/checkout@11d5960a326750d5838078e36cf38b85af677262	2026-09-25T01:33:04.0725152Z [command]/usr/bin/git sparse-checkout disable
Rust	Run actions/checkout@11d5960a326750d5838078e36cf38b85af677262	2026-09-25T01:33:04.0778595Z [command]/usr/bin/git config --local --unset-all extensions.worktreeConfig
Rust	Run actions/checkout@11d5960a326750d5838078e36cf38b85af677262	2026-09-25T01:33:04.0815695Z ##[group]Checking out the ref
Rust	Run actions/checkout@11d5960a326750d5838078e36cf38b85af677262	2026-09-25T01:33:04.0821013Z [command]/usr/bin/git checkout --progress --force refs/remotes/pull/23/merge
Rust	Run actions/checkout@11d5960a326750d5838078e36cf38b85af677262	2026-09-25T01:33:04.1287888Z Note: switching to 'refs/remotes/pull/23/merge'.
Rust	Run actions/checkout@11d5960a326750d5838078e36cf38b85af677262	2026-09-25T01:33:04.1289730Z 
Rust	Run actions/checkout@11d5960a326750d5838078e36cf38b85af677262	2026-09-25T01:33:04.1290751Z You are in 'detached HEAD' state. You can look around, make experimental
Rust	Run actions/checkout@11d5960a326750d5838078e36cf38b85af677262	2026-09-25T01:33:04.1292707Z changes and commit them, and you can discard any commits you make in this
Rust	Run actions/checkout@11d5960a326750d5838078e36cf38b85af677262	2026-09-25T01:33:04.1294555Z state without impacting any branches by switching back to a branch.
Rust	Run actions/checkout@11d5960a326750d5838078e36cf38b85af677262	2026-09-25T01:33:04.1295612Z 
Rust	Run actions/checkout@11d5960a326750d5838078e36cf38b85af677262	2026-09-25T01:33:04.1296573Z If you want to create a new branch to retain commits you create, you may
Rust	Run actions/checkout@11d5960a326750d5838078e36cf38b85af677262	2026-09-25T01:33:04.1298682Z do so (now or later) by using -c with the switch command. Example:
Rust	Run actions/checkout@11d5960a326750d5838078e36cf38b85af677262	2026-09-25T01:33:04.1299554Z 
Rust	Run actions/checkout@11d5960a326750d5838078e36cf38b85af677262	2026-09-25T01:33:04.1299936Z   git switch -c <new-branch-name>
Rust	Run actions/checkout@11d5960a326750d5838078e36cf38b85af677262	2026-09-25T01:33:04.1300580Z 
Rust	Run actions/checkout@11d5960a326750d5838078e36cf38b85af677262	2026-09-25T01:33:04.1300948Z Or undo this operation with:
Rust	Run actions/checkout@11d5960a326750d5838078e36cf38b85af677262	2026-09-25T01:33:04.1301525Z 
Rust	Run actions/checkout@11d5960a326750d5838078e36cf38b85af677262	2026-09-25T01:33:04.1301847Z   git switch -
Rust	Run actions/checkout@11d5960a326750d5838078e36cf38b85af677262	2026-09-25T01:33:04.1302276Z 
Rust	Run actions/checkout@11d5960a326750d5838078e36cf38b85af677262	2026-09-25T01:33:04.1303004Z Turn off this advice by setting config variable advice.detachedHead to false
Rust	Run actions/checkout@11d5960a326750d5838078e36cf38b85af677262	2026-09-25T01:33:04.1304035Z 
Rust	Run actions/checkout@11d5960a326750d5838078e36cf38b85af677262	2026-09-25T01:33:04.1305177Z HEAD is now at 0a1fed3 Merge 38c49ebab0887eff81b85b1d76b5b2c8210d0d9f into 75e19331ec1c3bfdb275f75480188f485c86d64b
Rust	Run actions/checkout@11d5960a326750d5838078e36cf38b85af677262	2026-09-25T01:33:04.1309152Z ##[endgroup]
Rust	Run actions/checkout@11d5960a326750d5838078e36cf38b85af677262	2026-09-25T01:33:04.1351466Z [command]/usr/bin/git log -1 --format=%H
Rust	Run actions/checkout@11d5960a326750d5838078e36cf38b85af677262	2026-09-25T01:33:04.1386095Z 0a1fed300dc6eadbd0a5d861995523346151b90e
Rust	Run actions/checkout@11d5960a326750d5838078e36cf38b85af677262	2026-09-25T01:33:04.1405706Z ##[group]Removing auth
Rust	Run actions/checkout@11d5960a326750d5838078e36cf38b85af677262	2026-09-25T01:33:04.1406947Z [command]/usr/bin/git config --local --name-only --get-regexp core\.sshCommand
Rust	Run actions/checkout@11d5960a326750d5838078e36cf38b85af677262	2026-09-25T01:33:04.1451629Z [command]/usr/bin/git submodule foreach --recursive sh -c "git config --local --name-only --get-regexp 'core\.sshCommand' && git config --local --unset-all 'core.sshCommand' || :"
Rust	Run actions/checkout@11d5960a326750d5838078e36cf38b85af677262	2026-09-25T01:33:04.1710431Z [command]/usr/bin/git config --local --name-only --get-regexp http\.https\:\/\/github\.com\/\.extraheader
Rust	Run actions/checkout@11d5960a326750d5838078e36cf38b85af677262	2026-09-25T01:33:04.1739959Z http.https://github.com/.extraheader
Rust	Run actions/checkout@11d5960a326750d5838078e36cf38b85af677262	2026-09-25T01:33:04.1747956Z [command]/usr/bin/git config --local --unset-all http.https://github.com/.extraheader
Rust	Run actions/checkout@11d5960a326750d5838078e36cf38b85af677262	2026-09-25T01:33:04.1784574Z [command]/usr/bin/git submodule foreach --recursive sh -c "git config --local --name-only --get-regexp 'http\.https\:\/\/github\.com\/\.extraheader' && git config --local --unset-all 'http.https://github.com/.extraheader' || :"
Rust	Run actions/checkout@11d5960a326750d5838078e36cf38b85af677262	2026-09-25T01:33:04.2015113Z [command]/usr/bin/git config --local --name-only --get-regexp ^includeIf\.gitdir:
Rust	Run actions/checkout@11d5960a326750d5838078e36cf38b85af677262	2026-09-25T01:33:04.2050057Z [command]/usr/bin/git submodule foreach --recursive git config --local --show-origin --name-only --get-regexp remote.origin.url
Rust	Run actions/checkout@11d5960a326750d5838078e36cf38b85af677262	2026-09-25T01:33:04.2281082Z ##[endgroup]
Rust	Install repository Rust toolchain	﻿2026-09-25T01:33:04.2547170Z ##[group]Run toolchain=$(python3 -c 'import tomllib; print(tomllib.load(open("rust-toolchain.toml", "rb"))["toolchain"]["channel"])')
Rust	Install repository Rust toolchain	2026-09-25T01:33:04.2551633Z ^[[36;1mtoolchain=$(python3 -c 'import tomllib; print(tomllib.load(open("rust-toolchain.toml", "rb"))["toolchain"]["channel"])')^[[0m
Rust	Install repository Rust toolchain	2026-09-25T01:33:04.2555314Z ^[[36;1mrustup toolchain install "$toolchain" --profile minimal --component rustfmt --component clippy^[[0m
Rust	Install repository Rust toolchain	2026-09-25T01:33:04.2823248Z shell: /usr/bin/bash --noprofile --norc -e -o pipefail {0}
Rust	Install repository Rust toolchain	2026-09-25T01:33:04.2824975Z env:
Rust	Install repository Rust toolchain	2026-09-25T01:33:04.2825943Z   CARGO_TERM_COLOR: always
Rust	Install repository Rust toolchain	2026-09-25T01:33:04.2827366Z   RUST_BACKTRACE: 1
Rust	Install repository Rust toolchain	2026-09-25T01:33:04.2828417Z ##[endgroup]
Rust	Install repository Rust toolchain	2026-09-25T01:33:04.3701843Z info: syncing channel updates for 1.98.1-x86_64-unknown-linux-gnu
Rust	Install repository Rust toolchain	2026-09-25T01:33:04.4670977Z info: latest update on 2026-09-03 for version 1.98.1 (48a229cea 2026-09-01)
Rust	Install repository Rust toolchain	2026-09-25T01:33:04.4674275Z info: downloading 5 components
Rust	Install repository Rust toolchain	2026-09-25T01:33:12.4358134Z 
Rust	Install repository Rust toolchain	2026-09-25T01:33:12.4428321Z   1.98.1-x86_64-unknown-linux-gnu installed - rustc 1.98.1 (48a229cea 2026-09-01)
Rust	Install repository Rust toolchain	2026-09-25T01:33:12.4478021Z 
Rust	Run actions/cache@0057852bfaa89a56745cba8c7296529d2fc39830	﻿2026-09-25T01:33:12.5181209Z ##[group]Run actions/cache@0057852bfaa89a56745cba8c7296529d2fc39830
Rust	Run actions/cache@0057852bfaa89a56745cba8c7296529d2fc39830	2026-09-25T01:33:12.5181689Z with:
Rust	Run actions/cache@0057852bfaa89a56745cba8c7296529d2fc39830	2026-09-25T01:33:12.5182077Z   path: ~/.cargo/registry/index
Rust	Run actions/cache@0057852bfaa89a56745cba8c7296529d2fc39830	~/.cargo/registry/cache
Rust	Run actions/cache@0057852bfaa89a56745cba8c7296529d2fc39830	~/.cargo/git/db
Rust	Run actions/cache@0057852bfaa89a56745cba8c7296529d2fc39830	target
Rust	Run actions/cache@0057852bfaa89a56745cba8c7296529d2fc39830	
Rust	Run actions/cache@0057852bfaa89a56745cba8c7296529d2fc39830	2026-09-25T01:33:12.5182693Z   key: Linux-X64-rust-f2a3178d4ba5ae534a189969bf71e095285629a428ae82534301cc5c2d1bc24b
Rust	Run actions/cache@0057852bfaa89a56745cba8c7296529d2fc39830	2026-09-25T01:33:12.5183197Z   enableCrossOsArchive: false
Rust	Run actions/cache@0057852bfaa89a56745cba8c7296529d2fc39830	2026-09-25T01:33:12.5183509Z   fail-on-cache-miss: false
Rust	Run actions/cache@0057852bfaa89a56745cba8c7296529d2fc39830	2026-09-25T01:33:12.5183792Z   lookup-only: false
Rust	Run actions/cache@0057852bfaa89a56745cba8c7296529d2fc39830	2026-09-25T01:33:12.5184069Z   save-always: false
Rust	Run actions/cache@0057852bfaa89a56745cba8c7296529d2fc39830	2026-09-25T01:33:12.5184329Z env:
Rust	Run actions/cache@0057852bfaa89a56745cba8c7296529d2fc39830	2026-09-25T01:33:12.5184566Z   CARGO_TERM_COLOR: always
Rust	Run actions/cache@0057852bfaa89a56745cba8c7296529d2fc39830	2026-09-25T01:33:12.5184854Z   RUST_BACKTRACE: 1
Rust	Run actions/cache@0057852bfaa89a56745cba8c7296529d2fc39830	2026-09-25T01:33:12.5185104Z ##[endgroup]
Rust	Run actions/cache@0057852bfaa89a56745cba8c7296529d2fc39830	2026-09-25T01:33:12.6239149Z (node:2369) [DEP0040] DeprecationWarning: The `punycode` module is deprecated. Please use a userland alternative instead.
Rust	Run actions/cache@0057852bfaa89a56745cba8c7296529d2fc39830	2026-09-25T01:33:12.6240541Z (Use `node --trace-deprecation ...` to show where the warning was created)
Rust	Run actions/cache@0057852bfaa89a56745cba8c7296529d2fc39830	2026-09-25T01:33:12.8713744Z Cache hit for: Linux-X64-rust-f2a3178d4ba5ae534a189969bf71e095285629a428ae82534301cc5c2d1bc24b
Rust	Run actions/cache@0057852bfaa89a56745cba8c7296529d2fc39830	2026-09-25T01:33:12.8827207Z (node:2369) [DEP0169] DeprecationWarning: `url.parse()` behavior is not standardized and prone to errors that have security implications. Use the WHATWG URL API instead. CVEs are not issued for `url.parse()` vulnerabilities.
Rust	Run actions/cache@0057852bfaa89a56745cba8c7296529d2fc39830	2026-09-25T01:33:14.1573945Z Received 4194304 of 2583030887 (0.2%), 4.0 MBs/sec
Rust	Run actions/cache@0057852bfaa89a56745cba8c7296529d2fc39830	2026-09-25T01:33:15.1661858Z Received 134217728 of 2583030887 (5.2%), 63.7 MBs/sec
Rust	Run actions/cache@0057852bfaa89a56745cba8c7296529d2fc39830	2026-09-25T01:33:16.1797211Z Received 276824064 of 2583030887 (10.7%), 87.4 MBs/sec
Rust	Run actions/cache@0057852bfaa89a56745cba8c7296529d2fc39830	2026-09-25T01:33:17.1794369Z Received 427819008 of 2583030887 (16.6%), 101.4 MBs/sec
Rust	Run actions/cache@0057852bfaa89a56745cba8c7296529d2fc39830	2026-09-25T01:33:18.1795771Z Received 532676608 of 2583030887 (20.6%), 101.2 MBs/sec
Rust	Run actions/cache@0057852bfaa89a56745cba8c7296529d2fc39830	2026-09-25T01:33:19.1797376Z Received 650117120 of 2583030887 (25.2%), 103.0 MBs/sec
Rust	Run actions/cache@0057852bfaa89a56745cba8c7296529d2fc39830	2026-09-25T01:33:20.1792520Z Received 708837376 of 2583030887 (27.4%), 96.3 MBs/sec
Rust	Run actions/cache@0057852bfaa89a56745cba8c7296529d2fc39830	2026-09-25T01:33:21.1793648Z Received 843055104 of 2583030887 (32.6%), 100.2 MBs/sec
Rust	Run actions/cache@0057852bfaa89a56745cba8c7296529d2fc39830	2026-09-25T01:33:22.1797470Z Received 973078528 of 2583030887 (37.7%), 102.9 MBs/sec
Rust	Run actions/cache@0057852bfaa89a56745cba8c7296529d2fc39830	2026-09-25T01:33:23.1796322Z Received 1107296256 of 2583030887 (42.9%), 105.4 MBs/sec
Rust	Run actions/cache@0057852bfaa89a56745cba8c7296529d2fc39830	2026-09-25T01:33:24.1801867Z Received 1237319680 of 2583030887 (47.9%), 107.1 MBs/sec
Rust	Run actions/cache@0057852bfaa89a56745cba8c7296529d2fc39830	2026-09-25T01:33:25.1848026Z Received 1354760192 of 2583030887 (52.4%), 107.4 MBs/sec
Rust	Run actions/cache@0057852bfaa89a56745cba8c7296529d2fc39830	2026-09-25T01:33:26.1840431Z Received 1476395008 of 2583030887 (57.2%), 108.1 MBs/sec
Rust	Run actions/cache@0057852bfaa89a56745cba8c7296529d2fc39830	2026-09-25T01:33:27.1845957Z Received 1610612736 of 2583030887 (62.4%), 109.5 MBs/sec
Rust	Run actions/cache@0057852bfaa89a56745cba8c7296529d2fc39830	2026-09-25T01:33:28.1857703Z Received 1744830464 of 2583030887 (67.5%), 110.7 MBs/sec
Rust	Run actions/cache@0057852bfaa89a56745cba8c7296529d2fc39830	2026-09-25T01:33:29.1865693Z Received 1879048192 of 2583030887 (72.7%), 111.8 MBs/sec
Rust	Run actions/cache@0057852bfaa89a56745cba8c7296529d2fc39830	2026-09-25T01:33:30.1871102Z Received 2000683008 of 2583030887 (77.5%), 112.0 MBs/sec
Rust	Run actions/cache@0057852bfaa89a56745cba8c7296529d2fc39830	2026-09-25T01:33:31.1947916Z Received 2118123520 of 2583030887 (82.0%), 112.0 MBs/sec
Rust	Run actions/cache@0057852bfaa89a56745cba8c7296529d2fc39830	2026-09-25T01:33:32.1997515Z Received 2218786816 of 2583030887 (85.9%), 111.1 MBs/sec
Rust	Run actions/cache@0057852bfaa89a56745cba8c7296529d2fc39830	2026-09-25T01:33:33.1968352Z Received 2344615936 of 2583030887 (90.8%), 111.6 MBs/sec
Rust	Run actions/cache@0057852bfaa89a56745cba8c7296529d2fc39830	2026-09-25T01:33:34.1973849Z Received 2457862144 of 2583030887 (95.2%), 111.4 MBs/sec
Rust	Run actions/cache@0057852bfaa89a56745cba8c7296529d2fc39830	2026-09-25T01:33:35.2007752Z Received 2578836583 of 2583030887 (99.8%), 111.6 MBs/sec
Rust	Run actions/cache@0057852bfaa89a56745cba8c7296529d2fc39830	2026-09-25T01:33:35.2539843Z Received 2583030887 of 2583030887 (100.0%), 111.5 MBs/sec
Rust	Run actions/cache@0057852bfaa89a56745cba8c7296529d2fc39830	2026-09-25T01:33:35.2543024Z Cache Size: ~2463 MB (2583030887 B)
Rust	Run actions/cache@0057852bfaa89a56745cba8c7296529d2fc39830	2026-09-25T01:33:35.2582549Z [command]/usr/bin/tar -xf /home/runner/work/_temp/f7ccfba6-4e6c-4a7a-96ee-b168949dea92/cache.tzst -P -C /home/runner/work/rx-platform/rx-platform --use-compress-program unzstd
Rust	Run actions/cache@0057852bfaa89a56745cba8c7296529d2fc39830	2026-09-25T01:33:59.3987414Z Cache restored successfully
Rust	Run actions/cache@0057852bfaa89a56745cba8c7296529d2fc39830	2026-09-25T01:34:00.5980099Z Cache restored from key: Linux-X64-rust-f2a3178d4ba5ae534a189969bf71e095285629a428ae82534301cc5c2d1bc24b
Rust	Check Rust formatting	﻿2026-09-25T01:34:00.6482399Z ##[group]Run cargo fmt --all -- --check
Rust	Check Rust formatting	2026-09-25T01:34:00.6482797Z ^[[36;1mcargo fmt --all -- --check^[[0m
Rust	Check Rust formatting	2026-09-25T01:34:01.1021724Z shell: /usr/bin/bash --noprofile --norc -e -o pipefail {0}
Rust	Check Rust formatting	2026-09-25T01:34:01.1022109Z env:
Rust	Check Rust formatting	2026-09-25T01:34:01.1022367Z   CARGO_TERM_COLOR: always
Rust	Check Rust formatting	2026-09-25T01:34:01.1022605Z   RUST_BACKTRACE: 1
Rust	Check Rust formatting	2026-09-25T01:34:01.1022816Z ##[endgroup]
Rust	Check Rust lints	﻿2026-09-25T01:34:02.7018494Z ##[group]Run cargo clippy --workspace --all-targets --all-features --locked -- -D warnings
Rust	Check Rust lints	2026-09-25T01:34:02.7019256Z ^[[36;1mcargo clippy --workspace --all-targets --all-features --locked -- -D warnings^[[0m
Rust	Check Rust lints	2026-09-25T01:34:02.7081000Z shell: /usr/bin/bash --noprofile --norc -e -o pipefail {0}
Rust	Check Rust lints	2026-09-25T01:34:02.7081364Z env:
Rust	Check Rust lints	2026-09-25T01:34:02.7081574Z   CARGO_TERM_COLOR: always
Rust	Check Rust lints	2026-09-25T01:34:02.7081810Z   RUST_BACKTRACE: 1
Rust	Check Rust lints	2026-09-25T01:34:02.7082022Z ##[endgroup]
Rust	Check Rust lints	2026-09-25T01:34:04.8132380Z ^[[1m^[[92m    Checking^[[0m rx-domain v0.1.0 (/home/runner/work/rx-platform/rx-platform/crates/rx-domain)
Rust	Check Rust lints	2026-09-25T01:34:04.8223656Z ^[[1m^[[92m   Compiling^[[0m rx-protocol v0.1.0 (/home/runner/work/rx-platform/rx-platform/crates/rx-protocol)
Rust	Check Rust lints	2026-09-25T01:34:05.3616875Z ^[[1m^[[92m    Checking^[[0m rx-ports v0.1.0 (/home/runner/work/rx-platform/rx-platform/crates/rx-ports)
Rust	Check Rust lints	2026-09-25T01:34:05.3620727Z ^[[1m^[[92m    Checking^[[0m rx-process-contract v0.1.0 (/home/runner/work/rx-platform/rx-platform/crates/rx-process-contract)
Rust	Check Rust lints	2026-09-25T01:34:05.4480863Z ^[[1m^[[92m    Checking^[[0m rx-package v0.1.0 (/home/runner/work/rx-platform/rx-platform/crates/rx-package)
Rust	Check Rust lints	2026-09-25T01:34:05.4958346Z ^[[1m^[[92m    Checking^[[0m rx-storage v0.1.0 (/home/runner/work/rx-platform/rx-platform/crates/rx-storage)
Rust	Check Rust lints	2026-09-25T01:34:06.3830793Z ^[[1m^[[92m    Checking^[[0m rx-application v0.1.0 (/home/runner/work/rx-platform/rx-platform/crates/rx-application)
Rust	Check Rust lints	2026-09-25T01:34:11.8726977Z ^[[1m^[[92m    Checking^[[0m rx-runtime v0.1.0 (/home/runner/work/rx-platform/rx-platform/crates/rx-runtime)
Rust	Check Rust lints	2026-09-25T01:34:11.8728621Z ^[[1m^[[92m    Checking^[[0m rx-protocol-adapter v0.1.0 (/home/runner/work/rx-platform/rx-platform/crates/rx-protocol-adapter)
Rust	Check Rust lints	2026-09-25T01:34:12.3859829Z ^[[1m^[[92m    Checking^[[0m rx-api v0.1.0 (/home/runner/work/rx-platform/rx-platform/crates/rx-api)
Rust	Check Rust lints	2026-09-25T01:34:12.3861623Z ^[[1m^[[92m    Checking^[[0m rx-host-client v0.1.0 (/home/runner/work/rx-platform/rx-platform/crates/rx-host-client)
Rust	Check Rust lints	2026-09-25T01:34:14.3822610Z ^[[1m^[[92m    Checking^[[0m rx-platformd v0.1.0 (/home/runner/work/rx-platform/rx-platform/crates/rx-platformd)
Rust	Check Rust lints	2026-09-25T01:34:17.9467010Z ^[[1m^[[92m    Finished^[[0m `dev` profile [unoptimized + debuginfo] target(s) in 15.10s
Rust	Test Rust workspace	﻿2026-09-25T01:34:17.9863416Z ##[group]Run cargo test --workspace --all-features --locked
Rust	Test Rust workspace	2026-09-25T01:34:17.9863914Z ^[[36;1mcargo test --workspace --all-features --locked^[[0m
Rust	Test Rust workspace	2026-09-25T01:34:17.9927281Z shell: /usr/bin/bash --noprofile --norc -e -o pipefail {0}
Rust	Test Rust workspace	2026-09-25T01:34:17.9927622Z env:
Rust	Test Rust workspace	2026-09-25T01:34:17.9927815Z   CARGO_TERM_COLOR: always
Rust	Test Rust workspace	2026-09-25T01:34:17.9928047Z   RUST_BACKTRACE: 1
Rust	Test Rust workspace	2026-09-25T01:34:17.9928256Z ##[endgroup]
Rust	Test Rust workspace	2026-09-25T01:34:18.2436828Z ^[[1m^[[92m   Compiling^[[0m rx-domain v0.1.0 (/home/runner/work/rx-platform/rx-platform/crates/rx-domain)
Rust	Test Rust workspace	2026-09-25T01:34:18.2519716Z ^[[1m^[[92m   Compiling^[[0m rx-protocol v0.1.0 (/home/runner/work/rx-platform/rx-platform/crates/rx-protocol)
Rust	Test Rust workspace	2026-09-25T01:34:18.6197777Z ^[[1m^[[92m   Compiling^[[0m rx-ports v0.1.0 (/home/runner/work/rx-platform/rx-platform/crates/rx-ports)
Rust	Test Rust workspace	2026-09-25T01:34:18.6964843Z ^[[1m^[[92m   Compiling^[[0m rx-package v0.1.0 (/home/runner/work/rx-platform/rx-platform/crates/rx-package)
Rust	Test Rust workspace	2026-09-25T01:34:18.7108198Z ^[[1m^[[92m   Compiling^[[0m rx-process-contract v0.1.0 (/home/runner/work/rx-platform/rx-platform/crates/rx-process-contract)
Rust	Test Rust workspace	2026-09-25T01:34:18.8021033Z ^[[1m^[[92m   Compiling^[[0m rx-storage v0.1.0 (/home/runner/work/rx-platform/rx-platform/crates/rx-storage)
Rust	Test Rust workspace	2026-09-25T01:34:20.1638504Z ^[[1m^[[92m   Compiling^[[0m rx-application v0.1.0 (/home/runner/work/rx-platform/rx-platform/crates/rx-application)
Rust	Test Rust workspace	2026-09-25T01:34:29.6248735Z ^[[1m^[[92m   Compiling^[[0m rx-runtime v0.1.0 (/home/runner/work/rx-platform/rx-platform/crates/rx-runtime)
Rust	Test Rust workspace	2026-09-25T01:34:29.6406987Z ^[[1m^[[92m   Compiling^[[0m rx-protocol-adapter v0.1.0 (/home/runner/work/rx-platform/rx-platform/crates/rx-protocol-adapter)
Rust	Test Rust workspace	2026-09-25T01:34:30.3458474Z ^[[1m^[[92m   Compiling^[[0m rx-api v0.1.0 (/home/runner/work/rx-platform/rx-platform/crates/rx-api)
Rust	Test Rust workspace	2026-09-25T01:34:30.5000004Z ^[[1m^[[92m   Compiling^[[0m rx-host-client v0.1.0 (/home/runner/work/rx-platform/rx-platform/crates/rx-host-client)
Rust	Test Rust workspace	2026-09-25T01:34:33.9638359Z ^[[1m^[[92m   Compiling^[[0m rx-platformd v0.1.0 (/home/runner/work/rx-platform/rx-platform/crates/rx-platformd)
Rust	Test Rust workspace	2026-09-25T01:35:43.0739339Z ^[[1m^[[92m    Finished^[[0m `test` profile [unoptimized + debuginfo] target(s) in 1m 25s
Rust	Test Rust workspace	2026-09-25T01:35:43.1044519Z ^[[1m^[[92m     Running^[[0m unittests src/lib.rs (target/debug/deps/rx_api-d5b17791be1f3db8)
Rust	Test Rust workspace	2026-09-25T01:35:43.1059135Z 
Rust	Test Rust workspace	2026-09-25T01:35:43.1059344Z running 7 tests
Rust	Test Rust workspace	2026-09-25T01:35:43.1207012Z test operator_ui::tests::bounds_manifest_before_loading_asset_bytes ... ok
Rust	Test Rust workspace	2026-09-25T01:35:43.1209423Z test operator_ui::tests::acquisition_rejects_component_links_replaced_after_inventory ... ok
Rust	Test Rust workspace	2026-09-25T01:35:43.1222941Z test operator_ui::tests::owns_exact_verified_bytes_and_requires_a_pinned_manifest ... ok
Rust	Test Rust workspace	2026-09-25T01:35:43.1233646Z test operator_ui::tests::rejects_symlink_roots_ancestors_assets_and_manifest ... ok
Rust	Test Rust workspace	2026-09-25T01:35:43.1235631Z test operator_ui::tests::rejects_unlisted_missing_tampered_and_oversized_files ... ok
Rust	Test Rust workspace	2026-09-25T01:35:43.1238865Z test operator_ui::tests::acquisition_rejects_replaced_fifos_without_waiting_for_a_writer ... ok
Rust	Test Rust workspace	2026-09-25T01:35:43.1337212Z test operator_ui::tests::strict_manifest_and_asset_namespace_reject_aliases_and_unsupported_inputs ... ok
Rust	Test Rust workspace	2026-09-25T01:35:43.1338426Z 
Rust	Test Rust workspace	2026-09-25T01:35:43.1338937Z test result: ok. 7 passed; 0 failed; 0 ignored; 0 measured; 0 filtered out; finished in 0.03s
Rust	Test Rust workspace	2026-09-25T01:35:43.1339623Z 
Rust	Test Rust workspace	2026-09-25T01:35:43.1341226Z ^[[1m^[[92m     Running^[[0m unittests src/bin/local.rs (target/debug/deps/rx_platform_local-a69ae68ebeb04f53)
Rust	Test Rust workspace	2026-09-25T01:35:43.1353566Z 
Rust	Test Rust workspace	2026-09-25T01:35:43.1353808Z running 0 tests
Rust	Test Rust workspace	2026-09-25T01:35:43.1355885Z 
Rust	Test Rust workspace	2026-09-25T01:35:43.1358270Z ^[[1m^[[92m     Running^[[0m tests/evidence_ingress.rs (target/debug/deps/evidence_ingress-6946c217e6741eb5)
Rust	Test Rust workspace	2026-09-25T01:35:43.1359651Z test result: ok. 0 passed; 0 failed; 0 ignored; 0 measured; 0 filtered out; finished in 0.00s
Rust	Test Rust workspace	2026-09-25T01:35:43.1360283Z 
Rust	Test Rust workspace	2026-09-25T01:35:43.1378264Z 
Rust	Test Rust workspace	2026-09-25T01:35:43.1378460Z running 1 test
Rust	Test Rust workspace	2026-09-25T01:35:43.1381208Z test publisher_catches_up_over_128_records_after_lost_ack_and_preserves_cursor_on_restart ... ignored, tools/test_evidence_e2e.sh builds and supplies the separate Host publisher
Rust	Test Rust workspace	2026-09-25T01:35:43.1382598Z 
Rust	Test Rust workspace	2026-09-25T01:35:43.1383182Z test result: ok. 0 passed; 0 failed; 1 ignored; 0 measured; 0 filtered out; finished in 0.00s
Rust	Test Rust workspace	2026-09-25T01:35:43.1384025Z 
Rust	Test Rust workspace	2026-09-25T01:35:43.1384991Z ^[[1m^[[92m     Running^[[0m tests/executor_ingress.rs (target/debug/deps/executor_ingress-fbcd0f9dabe79020)
Rust	Test Rust workspace	2026-09-25T01:35:43.1403455Z 
Rust	Test Rust workspace	2026-09-25T01:35:43.1403704Z running 7 tests
Rust	Test Rust workspace	2026-09-25T01:35:43.1407880Z test durable_s_worker_handles_real_bt_requests_and_preserves_crash_boundaries ... ignored, tools/test_executor_worker_e2e.sh supplies S worker and pinned C++ request fixture
Rust	Test Rust workspace	2026-09-25T01:35:43.1411567Z test resident_executor_discovers_two_operator_started_runs_in_one_process_and_session ... ignored, tools/test_executor_cell_e2e.sh supplies the resident S service and pinned C++ fixture
Rust	Test Rust workspace	2026-09-25T01:35:43.1415135Z test solutions_reader_restores_a_new_session_without_restoring_run_authority ... ignored, tools/test_executor_read_e2e.sh supplies the separate solutions reader
Rust	Test Rust workspace	2026-09-25T01:35:43.4374957Z test executor_run_reads_require_both_negotiations_and_the_same_registered_certificate ... ok
Rust	Test Rust workspace	2026-09-25T01:35:43.6535467Z test wait_checkpoint_start_and_resolution_use_the_frozen_wire_contract ... ok
Rust	Test Rust workspace	2026-09-25T01:35:43.6620778Z test branch_checkpoint_preparation_and_lost_commit_reply_use_the_frozen_wire_contract ... ok
Rust	Test Rust workspace	2026-09-25T01:35:43.6883230Z test remote_executor_allocates_and_submits_after_a_simulated_operator_start ... ok
Rust	Test Rust workspace	2026-09-25T01:35:43.6883791Z 
Rust	Test Rust workspace	2026-09-25T01:35:43.6884140Z test result: ok. 4 passed; 0 failed; 3 ignored; 0 measured; 0 filtered out; finished in 0.55s
Rust	Test Rust workspace	2026-09-25T01:35:43.6884617Z 
Rust	Test Rust workspace	2026-09-25T01:35:43.6898169Z ^[[1m^[[92m     Running^[[0m tests/host_recovery.rs (target/debug/deps/host_recovery-d44bd82e36baa936)
Rust	Test Rust workspace	2026-09-25T01:35:43.6921591Z 
Rust	Test Rust workspace	2026-09-25T01:35:43.6921972Z running 8 tests
Rust	Test Rust workspace	2026-09-25T01:35:46.1230127Z test exact_keys_cas_and_existing_operation_ids_reach_only_the_configured_service ... ok
Rust	Test Rust workspace	2026-09-25T01:35:46.1517725Z test context_digests_are_computed_by_the_server_and_diagnostic_queries_cannot_claim_authority ... ok
Rust	Test Rust workspace	2026-09-25T01:35:47.0779896Z test cached_proposal_keeps_historical_actor_after_relogin_on_another_registered_terminal ... ok
Rust	Test Rust workspace	2026-09-25T01:35:47.9914652Z test absence_is_reported_only_after_current_terminal_and_release_role_authentication ... ok
Rust	Test Rust workspace	2026-09-25T01:35:48.0708409Z test proposal_response_matches_the_original_request_and_actor_even_when_diagnostic_blockers_change ... ok
Rust	Test Rust workspace	2026-09-25T01:35:49.2624828Z test recovery_discovery_requires_current_role_bounds_and_forwards_the_exact_cursor ... ok
Rust	Test Rust workspace	2026-09-25T01:35:49.2629258Z test recovery_requests_reject_extra_authority_material_and_reuse_csrf_policy ... ok
Rust	Test Rust workspace	2026-09-25T01:35:49.4017914Z test writer_results_keep_their_existing_codes_and_transport_errors_are_sanitized ... ok
Rust	Test Rust workspace	2026-09-25T01:35:49.4018495Z 
Rust	Test Rust workspace	2026-09-25T01:35:49.4018809Z test result: ok. 8 passed; 0 failed; 0 ignored; 0 measured; 0 filtered out; finished in 5.71s
Rust	Test Rust workspace	2026-09-25T01:35:49.4019287Z 
Rust	Test Rust workspace	2026-09-25T01:35:49.4070037Z ^[[1m^[[92m     Running^[[0m tests/http.rs (target/debug/deps/http-c2f87f952d8b48d6)
Rust	Test Rust workspace	2026-09-25T01:35:49.4093160Z 
Rust	Test Rust workspace	2026-09-25T01:35:49.4093470Z running 22 tests
Rust	Test Rust workspace	2026-09-25T01:35:51.7888215Z test canonical_cell_inspection_uses_current_human_scope_and_frozen_json ... ok
Rust	Test Rust workspace	2026-09-25T01:35:52.7927540Z test actual_tcp_listener_uses_verified_socket_origin_and_real_writer ... ok
Rust	Test Rust workspace	2026-09-25T01:35:52.8612859Z test case_acknowledgment_records_reading_without_changing_containment_or_scope ... ok
Rust	Test Rust workspace	2026-09-25T01:35:52.9212306Z test binding_http_produces_a_matched_compile_input_without_cell_activation ... ok
Rust	Test Rust workspace	2026-09-25T01:35:53.1363340Z test cell_wire_projection_rejects_missing_legacy_metadata_and_impossible_creation_revision ... ok
Rust	Test Rust workspace	2026-09-25T01:35:53.1398375Z test export_operator_package_fixture ... ignored, browser package harness requests isolated fixture files; no production keys
Rust	Test Rust workspace	2026-09-25T01:35:55.1637716Z test expired_session_and_stopped_writer_never_return_cached_success ... ok
Rust	Test Rust workspace	2026-09-25T01:35:55.4967746Z test invalid_service_inventory_is_not_partially_configured_and_empty_inventory_is_explicit ... ok
Rust	Test Rust workspace	2026-09-25T01:35:56.0167802Z test checkpoint_wire_and_exact_artifact_are_scoped_to_current_user_access ... ok
Rust	Test Rust workspace	2026-09-25T01:35:56.3477837Z test close_http_requires_current_lead_cohort_evidence_and_real_clearance ... ok
Rust	Test Rust workspace	2026-09-25T01:35:57.5957701Z test mutations_are_durable_idempotent_and_terminal_bypass_is_rejected ... ok
Rust	Test Rust workspace	2026-09-25T01:35:57.5978408Z test process_review_real_compiler_report_crosses_http_and_approval_rechecks_store ... ignored, tools/test_process_review_e2e.sh supplies the separately built S verifier
Rust	Test Rust workspace	2026-09-25T01:35:59.3761483Z test process_draft_http_preserves_versions_and_blocks_non_engineer_or_cross_cell_writes ... ok
Rust	Test Rust workspace	2026-09-25T01:35:59.7748900Z test operator_start_http::operator_start_context_requires_scope_and_does_not_promote_a_session_without_terminal ... ok
Rust	Test Rust workspace	2026-09-25T01:36:00.9446033Z test package_intake_http_verifies_real_files_scopes_receipts_and_does_not_activate ... ok
Rust	Test Rust workspace	2026-09-25T01:36:02.2210477Z test runtime_restriction_selection_is_scoped_read_only_and_keeps_missing_origins_null ... ok
Rust	Test Rust workspace	2026-09-25T01:36:02.2243270Z test sign_operator_review_fixture ... ignored, test-only signing for browser-generated process review requests
Rust	Test Rust workspace	2026-09-25T01:36:02.4248773Z test scoped_snapshot_login_logout_and_current_revocation ... ok
Rust	Test Rust workspace	2026-09-25T01:36:03.6057627Z test service_diagnostics_expire_without_rejuvenating_worker_activity_and_reject_old_owners ... ok
Rust	Test Rust workspace	2026-09-25T01:36:03.8629850Z test service_diagnostics_are_scope_filtered_and_new_runtime_cannot_reuse_a_previous_owner ... ok
Rust	Test Rust workspace	2026-09-25T01:36:04.0637639Z test stale_external_procedure_report_returns_its_durable_fact_ids ... ok
Rust	Test Rust workspace	2026-09-25T01:36:05.9670544Z test strict_ingress_and_credentials_never_create_authority_from_headers ... ok
Rust	Test Rust workspace	2026-09-25T01:36:05.9671572Z 
Rust	Test Rust workspace	2026-09-25T01:36:05.9672148Z test result: ok. 19 passed; 0 failed; 3 ignored; 0 measured; 0 filtered out; finished in 16.56s
Rust	Test Rust workspace	2026-09-25T01:36:05.9672976Z 
Rust	Test Rust workspace	2026-09-25T01:36:05.9736711Z ^[[1m^[[92m     Running^[[0m tests/terminal_https.rs (target/debug/deps/terminal_https-11e0178f22508978)
Rust	Test Rust workspace	2026-09-25T01:36:05.9760035Z 
Rust	Test Rust workspace	2026-09-25T01:36:05.9760351Z running 5 tests
Rust	Test Rust workspace	2026-09-25T01:36:08.4168697Z test authenticated_terminal_cannot_bypass_qualification_or_current_user_role ... ok
Rust	Test Rust workspace	2026-09-25T01:36:08.4648010Z test operator_start_https::terminal_https_start_context_and_attempt_reads_preserve_real_start_and_identity_checks ... ok
Rust	Test Rust workspace	2026-09-25T01:36:08.4672126Z test terminal_bound_operator_can_prepare_start_but_revocation_blocks_cached_requests ... ok
Rust	Test Rust workspace	2026-09-25T01:36:08.9912387Z test operator_bundle_uses_direct_mtls_and_never_masks_api_or_missing_assets ... ok
Rust	Test Rust workspace	2026-09-25T01:36:11.6693064Z test tls_certificate_and_registry_are_both_required_and_cookie_is_bound_to_terminal ... ok
Rust	Test Rust workspace	2026-09-25T01:36:11.6693847Z 
Rust	Test Rust workspace	2026-09-25T01:36:11.6694490Z test result: ok. 5 passed; 0 failed; 0 ignored; 0 measured; 0 filtered out; finished in 5.69s
Rust	Test Rust workspace	2026-09-25T01:36:11.6696695Z 
Rust	Test Rust workspace	2026-09-25T01:36:11.6743909Z ^[[1m^[[92m     Running^[[0m unittests src/lib.rs (target/debug/deps/rx_application-a31abba73750f555)
Rust	Test Rust workspace	2026-09-25T01:36:11.6758303Z 
Rust	Test Rust workspace	2026-09-25T01:36:11.6758519Z running 3 tests
Rust	Test Rust workspace	2026-09-25T01:36:11.6764749Z test engine::admission::tests::current_source_identity_and_uncertainty_contract_apply_to_stored_facts ... ok
Rust	Test Rust workspace	2026-09-25T01:36:11.6905237Z test engine::run_configuration::tests::legacy_configuration_is_inferred_only_before_replacement_and_bound_history_never_drifts ... ok
Rust	Test Rust workspace	2026-09-25T01:36:11.6958452Z test checkpoint_artifact::tests::rejects_a_valid_older_artifact_substituted_into_a_newer_run_view ... ok
Rust	Test Rust workspace	2026-09-25T01:36:11.6959347Z 
Rust	Test Rust workspace	2026-09-25T01:36:11.6959720Z test result: ok. 3 passed; 0 failed; 0 ignored; 0 measured; 0 filtered out; finished in 0.02s
Rust	Test Rust workspace	2026-09-25T01:36:11.6960177Z 
Rust	Test Rust workspace	2026-09-25T01:36:11.6963468Z ^[[1m^[[92m     Running^[[0m tests/transactions.rs (target/debug/deps/transactions-8e058860d2a122a4)
Rust	Test Rust workspace	2026-09-25T01:36:11.6982838Z 
Rust	Test Rust workspace	2026-09-25T01:36:11.6983384Z running 240 tests
Rust	Test Rust workspace	2026-09-25T01:36:11.8437805Z test activation_visits_are_unique_for_the_whole_run_across_parts ... ok
Rust	Test Rust workspace	2026-09-25T01:36:11.8673282Z test an_entered_send_with_no_remote_receipt_remains_unknown_and_is_not_reissued ... ok
Rust	Test Rust workspace	2026-09-25T01:36:11.9035617Z test admission_receipt_is_anchored_to_the_original_control_record_and_survives_later_changes ... ok
Rust	Test Rust workspace	2026-09-25T01:36:11.9303789Z test a_new_contradictory_native_result_preserves_historical_outcome ... ok
Rust	Test Rust workspace	2026-09-25T01:36:11.9678111Z test assignment_tests::assignment_contract_rejects_false_cardinality_duplicate_witness_and_changed_cut ... ok
Rust	Test Rust workspace	2026-09-25T01:36:12.0158278Z test assignment_tests::ambiguous_discovery_does_not_revoke_an_already_bound_independent_run ... ok
Rust	Test Rust workspace	2026-09-25T01:36:12.0337066Z test assignment_tests::assignment_read_requires_current_role_cell_and_configured_executor ... ok
Rust	Test Rust workspace	2026-09-25T01:36:12.0473453Z test assignment_tests::assignment_read_discovers_arming_and_ambiguity_without_creating_or_selecting_work ... ok
Rust	Test Rust workspace	2026-09-25T01:36:12.0632276Z test assignment_tests::assignment_read_keeps_recovery_work_visible_after_its_previous_owner_is_revoked ... ok
Rust	Test Rust workspace	2026-09-25T01:36:12.1059148Z test binding_catalog_change_survives_runtime_restart_and_cannot_be_exported_as_current ... ok
Rust	Test Rust workspace	2026-09-25T01:36:12.1141077Z test binding_receipt_recovery_still_requires_current_engineer_role ... ok
Rust	Test Rust workspace	2026-09-25T01:36:12.1245013Z test binding_history_is_not_rebound_by_source_changes_and_title_only_changes_keep_the_same_content ... ok
Rust	Test Rust workspace	2026-09-25T01:36:12.1795801Z test cell_operating_context_rejects_competing_active_purposes ... ok
Rust	Test Rust workspace	2026-09-25T01:36:12.2537846Z test changed_intent_under_same_key_is_a_conflict ... ok
Rust	Test Rust workspace	2026-09-25T01:36:12.3027866Z test checkpoint_artifact_requires_current_run_scope_and_exact_owned_reference ... ok
Rust	Test Rust workspace	2026-09-25T01:36:12.3084113Z test checkpoint_artifact_and_run_projection_commit_with_slot_or_roll_back_together ... ok
Rust	Test Rust workspace	2026-09-25T01:36:12.3358061Z test changing_evidence_journal_does_not_silently_reset_sequence_history ... ok
Rust	Test Rust workspace	2026-09-25T01:36:12.5480906Z test checkpoint_preparation_loss_and_expiry_never_advance_the_run ... ok
Rust	Test Rust workspace	2026-09-25T01:36:12.5780278Z test checkpoint_commit_rejects_changed_mapping_artifact_and_stale_condition ... ok
Rust	Test Rust workspace	2026-09-25T01:36:12.7175379Z test checkpoint_proposal_is_not_an_applied_decision_and_commit_response_survives_loss ... ok
Rust	Test Rust workspace	2026-09-25T01:36:12.7185781Z test checkpoint_successor_preserves_an_existing_child_slot_from_another_visit ... ok
Rust	Test Rust workspace	2026-09-25T01:36:12.8801824Z test checkpoint_wait_uses_p_time_and_success_cannot_be_committed_after_deadline ... ok
Rust	Test Rust workspace	2026-09-25T01:36:13.0094813Z test closed_case_duplicate_reports_never_replay_but_new_physical_reports_reopen_containment ... ok
Rust	Test Rust workspace	2026-09-25T01:36:13.5882904Z test configuration_dispatch_tests::configuration_apply_rejects_expired_host_read_even_with_a_fresh_release_session ... ok
Rust	Test Rust workspace	2026-09-25T01:36:13.6940218Z test configuration_dispatch_tests::configuration_apply_cannot_use_partial_host_results_or_revoked_terminal ... ok
Rust	Test Rust workspace	2026-09-25T01:36:14.3308198Z test configuration_dispatch_tests::configuration_apply_requires_volatile_fresh_observations_at_both_prepare_and_commit ... ok
Rust	Test Rust workspace	2026-09-25T01:36:14.3380929Z test configuration_dispatch_tests::configuration_apply_keeps_completed_process_artifacts_and_new_runs_bind_new_configuration ... ok
Rust	Test Rust workspace	2026-09-25T01:36:14.3957544Z test configuration_dispatch_tests::configuration_apply_is_atomic_and_lost_reply_recovers_selection_epoch_and_history ... ok
Rust	Test Rust workspace	2026-09-25T01:36:14.8850503Z test configuration_dispatch_tests::configuration_dispatch_conflicting_receipt_never_overwrites_first_fact ... ok
Rust	Test Rust workspace	2026-09-25T01:36:14.9470985Z test configuration_dispatch_tests::configuration_dispatch_new_preparation_cannot_bypass_older_unknown_send ... ok
Rust	Test Rust workspace	2026-09-25T01:36:15.2151529Z test configuration_dispatch_tests::configuration_dispatch_partial_host_confirmation_is_mixed_without_platform_swap ... ok
Rust	Test Rust workspace	2026-09-25T01:36:15.5918858Z test configuration_dispatch_tests::configuration_dispatch_receipt_survives_transport_failure_and_disappearance_latches_dispute ... ok
Rust	Test Rust workspace	2026-09-25T01:36:15.8570249Z test configuration_dispatch_tests::configuration_dispatch_revoked_sender_blocks_resend_but_late_fact_is_retained ... ok
Rust	Test Rust workspace	2026-09-25T01:36:16.0014576Z test configuration_dispatch_tests::configuration_dispatch_changed_snapshot_cannot_authorize_missing_receipt_retry ... ok
Rust	Test Rust workspace	2026-09-25T01:36:16.1213857Z test configuration_dispatch_tests::configuration_dispatch_requires_fences_terminal_and_retains_one_task_after_commit_loss ... ok
Rust	Test Rust workspace	2026-09-25T01:36:16.9348413Z test configuration_dispatch_tests::host_recovery_tests::recovery_commit_reply_retry_cannot_hide_a_new_source_generation_after_historical_success ... ok
Rust	Test Rust workspace	2026-09-25T01:36:16.9838469Z test configuration_dispatch_tests::host_recovery_tests::recovery_adopts_current_original_outbox_and_commits_marker_and_exact_ack_atomically ... ok
Rust	Test Rust workspace	2026-09-25T01:36:17.1095788Z test configuration_dispatch_tests::host_recovery_tests::recovery_ambiguous_current_fences_and_page_overflow_never_select_a_partial_candidate_set ... ok
Rust	Test Rust workspace	2026-09-25T01:36:17.2308474Z test configuration_dispatch_tests::configuration_dispatch_send_entry_is_durable_and_missing_retry_uses_exact_request ... ok
Rust	Test Rust workspace	2026-09-25T01:36:17.2745319Z test configuration_dispatch_tests::host_recovery_tests::recovery_external_payload_cannot_inject_transport_observations_or_operating_actions ... ok
Rust	Test Rust workspace	2026-09-25T01:36:17.8178379Z test configuration_dispatch_tests::host_recovery_tests::recovery_initial_unapplied_and_normal_renewal_preserve_dynamic_authority_while_restoring_real_false_fact ... ok
Rust	Test Rust workspace	2026-09-25T01:36:17.8328178Z test configuration_dispatch_tests::host_recovery_tests::recovery_history_is_discoverable_in_bounded_host_pages_without_partial_cell_access ... ok
Rust	Test Rust workspace	2026-09-25T01:36:17.9288599Z test configuration_dispatch_tests::host_recovery_tests::recovery_late_ack_survives_all_cell_cas_loss_and_never_changes_registration ... ok
Rust	Test Rust workspace	2026-09-25T01:36:18.2378318Z test configuration_dispatch_tests::host_recovery_tests::recovery_known_unknown_allows_original_lookup_and_receipt_only_without_new_authorize_or_release ... ok
Rust	Test Rust workspace	2026-09-25T01:36:18.7679196Z test configuration_dispatch_tests::host_recovery_tests::recovery_missing_baseline_or_changed_identity_never_autogenerates_continuity ... ok
Rust	Test Rust workspace	2026-09-25T01:36:18.9439300Z test configuration_dispatch_tests::host_recovery_tests::recovery_lost_commits_keep_original_proposal_fence_and_ack_without_replaying_authority ... ok
Rust	Test Rust workspace	2026-09-25T01:36:19.0608831Z test configuration_dispatch_tests::host_recovery_tests::recovery_proposal_reply_is_recovered_without_fresh_host_data_and_still_checks_key_and_actor ... ok
Rust	Test Rust workspace	2026-09-25T01:36:19.1221384Z test configuration_dispatch_tests::host_recovery_tests::recovery_permanent_void_without_invocation_preserves_known_prepare_identity_and_records_only_not_executed ... ok
Rust	Test Rust workspace	2026-09-25T01:36:19.2593672Z test configuration_dispatch_tests::host_recovery_tests::recovery_normal_apply_after_initial_none_uses_current_application_proof_instead_of_initial_configuration ... ok
Rust	Test Rust workspace	2026-09-25T01:36:19.3158270Z test configuration_dispatch_tests::host_recovery_tests::recovery_shared_host_requires_terminal_rights_for_every_affected_cell ... ok
Rust	Test Rust workspace	2026-09-25T01:36:19.3602253Z test configuration_dispatch_tests::host_recovery_tests::recovery_sender_reapproval_keeps_original_fence_and_old_runtime_cannot_resume ... ok
Rust	Test Rust workspace	2026-09-25T01:36:19.9946730Z test configuration_dispatch_tests::host_recovery_tests::recovery_stored_actor_roundtrip_retains_identifiers_without_restoring_session_authority ... ok
Rust	Test Rust workspace	2026-09-25T01:36:21.3389537Z test configuration_dispatch_tests::process_revalidation_tests::current_revalidation_keeps_review_fence_host_ack_and_unqualified_apply_gates_and_reuses_applied_root ... ok
Rust	Test Rust workspace	2026-09-25T01:36:21.3588937Z test configuration_dispatch_tests::process_revalidation_tests::current_revalidation_proposal_commit_loss_is_atomic_and_recoverable ... ok
Rust	Test Rust workspace	2026-09-25T01:36:21.6988492Z test configuration_dispatch_tests::process_revalidation_tests::replace_default_preserves_legacy_request_change_shape_and_plan_digest ... ok
Rust	Test Rust workspace	2026-09-25T01:36:21.9268521Z test configuration_dispatch_tests::process_revalidation_tests::current_revalidation_requires_explicit_mode_exact_target_and_existing_compiled_process ... ok
Rust	Test Rust workspace	2026-09-25T01:36:22.6161509Z test configuration_dispatch_tests::host_recovery_tests::recovery_source_clock_configuration_and_unknown_pending_changes_cannot_be_promoted ... ok
Rust	Test Rust workspace	2026-09-25T01:36:23.2209470Z test configuration_dispatch_tests::requalification_tests::qualification_activation_tests::qualification_activation_rechecks_context_after_off_writer_verification ... ok
Rust	Test Rust workspace	2026-09-25T01:36:23.4306257Z test configuration_dispatch_tests::requalification_tests::qualification_activation_tests::qualification_disappearing_receipt_suspends_active_cohort_without_overwriting_fact ... ok
Rust	Test Rust workspace	2026-09-25T01:36:24.2158734Z test configuration_dispatch_tests::requalification_tests::qualification_activation_tests::qualification_legacy_policy_can_be_reviewed_but_cannot_issue_execution_purposes ... ok
Rust	Test Rust workspace	2026-09-25T01:36:24.6219158Z test configuration_dispatch_tests::requalification_tests::qualification_activation_tests::qualification_activation_is_atomic_clears_only_owned_blocks_and_requires_separate_start ... ok
Rust	Test Rust workspace	2026-09-25T01:36:24.7787811Z test configuration_dispatch_tests::requalification_tests::qualification_activation_tests::qualification_never_clears_a_manual_hold_without_owned_provenance ... ok
Rust	Test Rust workspace	2026-09-25T01:36:24.8508885Z test configuration_dispatch_tests::requalification_tests::qualification_activation_tests::qualification_issuance_is_atomic_and_request_loss_preserves_ids_and_clear_plan ... ok
Rust	Test Rust workspace	2026-09-25T01:36:25.5989416Z test configuration_dispatch_tests::requalification_tests::qualification_activation_tests::qualification_new_session_reauthorizes_same_pending_request_without_new_ids ... ok
Rust	Test Rust workspace	2026-09-25T01:36:26.1318439Z test configuration_dispatch_tests::requalification_tests::qualification_activation_tests::qualification_permits_only_the_reviewed_operating_purposes ... ok
Rust	Test Rust workspace	2026-09-25T01:36:26.1911833Z test configuration_dispatch_tests::requalification_tests::qualification_activation_tests::qualification_policy_replacement_revokes_active_grade_but_preserves_history ... ok
Rust	Test Rust workspace	2026-09-25T01:36:26.4364180Z test configuration_dispatch_tests::requalification_tests::qualification_activation_tests::qualification_partial_host_receipts_never_activate_the_cell ... ok
Rust	Test Rust workspace	2026-09-25T01:36:26.9778691Z test configuration_dispatch_tests::requalification_tests::qualification_activation_tests::qualification_restart_retires_active_authority_and_preserves_completed_batch ... ok
Rust	Test Rust workspace	2026-09-25T01:36:27.1957159Z test configuration_dispatch_tests::requalification_tests::qualification_activation_tests::runtime_requalification_tests::a_later_review_without_selection_cannot_reuse_an_earlier_runtime_adoption ... ok
Rust	Test Rust workspace	2026-09-25T01:36:27.3594351Z test configuration_dispatch_tests::requalification_tests::qualification_activation_tests::qualification_send_journal_does_not_infer_rejection_from_missing_reply ... ok
Rust	Test Rust workspace	2026-09-25T01:36:28.4037115Z test configuration_dispatch_tests::requalification_tests::qualification_activation_tests::runtime_requalification_tests::activated_root_after_restart_keeps_exact_origin_owner_and_can_begin_explicit_revalidation ... ok
Rust	Test Rust workspace	2026-09-25T01:36:28.5975889Z test configuration_dispatch_tests::requalification_tests::qualification_activation_tests::runtime_requalification_tests::initial_runtime_restriction_is_signed_into_requalification_and_cleared_only_at_activation ... ok
Rust	Test Rust workspace	2026-09-25T01:36:28.6960781Z test configuration_dispatch_tests::requalification_tests::qualification_activation_tests::runtime_requalification_tests::a_new_shared_cell_invalidates_pending_and_active_requalification_without_changing_the_original_cell ... ok
Rust	Test Rust workspace	2026-09-25T01:36:29.0081846Z test configuration_dispatch_tests::requalification_tests::qualification_activation_tests::runtime_requalification_tests::restriction_binding_is_atomic_and_missing_or_wrong_origins_never_generate_authority ... ok
Rust	Test Rust workspace	2026-09-25T01:36:29.3408523Z test configuration_dispatch_tests::requalification_tests::qualification_activation_tests::runtime_requalification_tests::review_without_explicit_runtime_restriction_cannot_issue_a_clear_for_it ... ok
Rust	Test Rust workspace	2026-09-25T01:36:29.6285948Z test configuration_dispatch_tests::requalification_tests::requalification_approval_is_idempotent_and_new_report_invalidates_its_scope ... ok
Rust	Test Rust workspace	2026-09-25T01:36:29.6598213Z test configuration_dispatch_tests::requalification_tests::requalification_approval_requires_fences_and_independent_reviewer_and_fresh_context ... ok
Rust	Test Rust workspace	2026-09-25T01:36:30.4774712Z test configuration_dispatch_tests::requalification_tests::requalification_not_run_is_preserved_and_cannot_be_approved ... ok
Rust	Test Rust workspace	2026-09-25T01:36:30.5197671Z test configuration_dispatch_tests::requalification_tests::requalification_rejects_missing_forged_or_wrong_environment_evidence ... ok
Rust	Test Rust workspace	2026-09-25T01:36:30.5657177Z test configuration_dispatch_tests::requalification_tests::requalification_begin_is_atomic_and_same_key_preserves_fences ... ok
Rust	Test Rust workspace	2026-09-25T01:36:30.6001144Z test confirmed_new_cell_fence_advances_registration_and_allows_only_original_grant_renewal ... ok
Rust	Test Rust workspace	2026-09-25T01:36:30.6748873Z test conflicting_observation_is_committed_as_invalidation_even_though_api_rejects_it ... ok
Rust	Test Rust workspace	2026-09-25T01:36:30.7228405Z test current_engineer_role_is_required_even_when_recovering_an_existing_draft_receipt ... ok
Rust	Test Rust workspace	2026-09-25T01:36:30.8178469Z test control_journal_is_atomic_and_audit_sessions_do_not_advance_its_cursor ... ok
Rust	Test Rust workspace	2026-09-25T01:36:31.1208136Z test device_binding_tests::approved_action_produces_exact_nonexecuting_candidate_and_independent_impact_review ... ok
Rust	Test Rust workspace	2026-09-25T01:36:31.5128220Z test configuration_dispatch_tests::requalification_tests::requalification_large_evidence_is_chunked_atomically_and_restored_exactly ... ok
Rust	Test Rust workspace	2026-09-25T01:36:31.5764535Z test device_binding_tests::missing_mandatory_conditions_and_malformed_conditions_never_get_default_success ... ok
Rust	Test Rust workspace	2026-09-25T01:36:32.1925495Z test device_binding_tests::device_plan_authoring_exports_exact_provenance_without_changing_active_steps ... ok
Rust	Test Rust workspace	2026-09-25T01:36:32.2119580Z test device_binding_tests::new_shared_cell_or_new_report_invalidates_impact_review ... ok
Rust	Test Rust workspace	2026-09-25T01:36:32.2308096Z test configuration_dispatch_tests::requalification_tests::requalification_report_commit_loss_recovers_original_bytes_and_never_qualifies ... ok
Rust	Test Rust workspace	2026-09-25T01:36:32.4648113Z test device_binding_tests::proposal_and_impact_review_recover_original_records_after_commit_faults ... ok
Rust	Test Rust workspace	2026-09-25T01:36:32.5094113Z test device_catalog_tests::device_catalog_intake_is_atomic_preserves_source_and_never_changes_active_configuration ... ok
Rust	Test Rust workspace	2026-09-25T01:36:32.5653107Z test device_binding_tests::prospective_resources_expand_impact_and_uncovered_cell_scope_rejects_commit ... ok
Rust	Test Rust workspace	2026-09-25T01:36:32.6057497Z test device_catalog_tests::old_packages_without_catalog_remain_readable_without_claiming_device_validation ... ok
Rust	Test Rust workspace	2026-09-25T01:36:32.7188411Z test device_generation_change_is_preserved_and_does_not_disappear_on_rejection ... ok
Rust	Test Rust workspace	2026-09-25T01:36:32.7319014Z test device_binding_tests::stale_or_incomplete_device_plans_do_not_export_or_silently_fall_back ... ok
Rust	Test Rust workspace	2026-09-25T01:36:32.7633613Z test device_catalog_tests::installation_environment_and_expired_tickets_do_not_commit_a_catalog ... ok
Rust	Test Rust workspace	2026-09-25T01:36:32.8681024Z test device_provenance_cannot_pass_the_legacy_process_review_even_when_actions_match ... ok
Rust	Test Rust workspace	2026-09-25T01:36:32.9088993Z test device_review_tests::failed_checks_are_recorded_but_not_approved_and_rejection_survives_policy_revocation ... ok
Rust	Test Rust workspace	2026-09-25T01:36:33.1228263Z test device_catalog_tests::signed_catalog_mismatches_cannot_enter_the_writer_as_valid_declarations ... ok
Rust	Test Rust workspace	2026-09-25T01:36:33.1638369Z test device_review_tests::independent_device_approval_requires_exact_latest_report_and_leaves_cell_unchanged ... ok
Rust	Test Rust workspace	2026-09-25T01:36:33.2315178Z test device_review_tests::fresh_proof_loses_applicability_when_authority_or_report_changes_before_commit ... ok
Rust	Test Rust workspace	2026-09-25T01:36:33.2567874Z test device_review_tests::list_returns_bounded_summaries_instead_of_copying_large_reports ... ok
Rust	Test Rust workspace	2026-09-25T01:36:33.3539206Z test device_review_tests::signature_validator_request_and_catalog_mismatch_cannot_be_recorded_as_verified ... ok
Rust	Test Rust workspace	2026-09-25T01:36:33.4057979Z test diagnostic_case_keeps_epoch_and_mandate_but_blocks_new_admission ... ok
Rust	Test Rust workspace	2026-09-25T01:36:33.4669244Z test direct_state_puts_during_hold_are_captured_at_one_final_transaction_cut ... ok
Rust	Test Rust workspace	2026-09-25T01:36:33.4835198Z test draft_binding_selection_requires_current_source_catalog_and_real_registered_step ... ok
Rust	Test Rust workspace	2026-09-25T01:36:33.4857778Z test draft_binding_commit_loss_and_input_conflict_preserve_one_resolved_snapshot ... ok
Rust	Test Rust workspace	2026-09-25T01:36:33.5262765Z test draft_history_keeps_incomplete_sources_and_concurrent_updates_do_not_overwrite_them ... ok
Rust	Test Rust workspace	2026-09-25T01:36:33.6358776Z test draft_saves_are_atomic_recoverable_and_never_change_the_installed_cell ... ok
Rust	Test Rust workspace	2026-09-25T01:36:33.6614030Z test early_native_evidence_is_reapplied_when_the_receipt_establishes_correlation ... ok
Rust	Test Rust workspace	2026-09-25T01:36:33.6891276Z test device_review_tests::report_and_decision_commit_faults_recover_one_original_version_and_decision ... ok
Rust	Test Rust workspace	2026-09-25T01:36:33.7438362Z test evidence_gap_is_not_skipped_and_conflicting_sequence_is_quarantined ... ok
Rust	Test Rust workspace	2026-09-25T01:36:33.9801936Z test executor_part_and_activation_mutations_preserve_full_request_identity_and_atomic_results ... ok
Rust	Test Rust workspace	2026-09-25T01:36:33.9918131Z test false_handover_facts_are_retained_and_identity_conflicts_block_release ... ok
Rust	Test Rust workspace	2026-09-25T01:36:34.0570332Z test executor_reconnect_is_idempotent_but_changed_incarnation_revokes_authority ... ok
Rust	Test Rust workspace	2026-09-25T01:36:34.1904878Z test executor_submit_checks_the_whole_envelope_and_recovers_an_immutable_receipt_after_t1_loss ... ok
Rust	Test Rust workspace	2026-09-25T01:36:34.2085260Z test handover_release_is_atomic_and_duplicate_proof_does_not_release_another_owner ... ok
Rust	Test Rust workspace	2026-09-25T01:36:34.2209953Z test hold_proves_unsent_work_not_executed_without_releasing_resource ... ok
Rust	Test Rust workspace	2026-09-25T01:36:34.3059777Z test host_binding_baseline_tests::baseline_bound_cut_uses_fence_while_pre_fence_config_and_read_keep_their_lower_epoch ... ok
Rust	Test Rust workspace	2026-09-25T01:36:34.3535970Z test hold_propagates_to_shared_resources_and_preserves_independent_cells ... ok
Rust	Test Rust workspace	2026-09-25T01:36:34.3888257Z test host_binding_baseline_tests::exact_initial_applied_context_is_preserved_without_claiming_activation ... ok
Rust	Test Rust workspace	2026-09-25T01:36:34.4325401Z test host_binding_baseline_tests::commit_body_and_reusable_transport_pin_changes_cannot_replace_the_original_baseline ... ok
Rust	Test Rust workspace	2026-09-25T01:36:34.4666149Z test host_binding_baseline_tests::baseline_and_bound_transition_are_atomic_across_rollback_and_commit_response_loss ... ok
Rust	Test Rust workspace	2026-09-25T01:36:34.4867269Z test host_binding_baseline_tests::legacy_none_and_already_bound_missing_baseline_never_backfill_on_later_provenance ... ok
Rust	Test Rust workspace	2026-09-25T01:36:34.5063168Z test host_binding_baseline_tests::historical_baseline_survives_renewal_and_later_registration_epoch_changes ... ok
Rust	Test Rust workspace	2026-09-25T01:36:34.6135695Z test host_binding_baseline_tests::missing_primary_baseline_is_integrity_when_pinned_bound_history_survives ... ok
Rust	Test Rust workspace	2026-09-25T01:36:34.6938260Z test host_binding_baseline_tests::missing_or_tampered_original_objects_and_reference_metadata_fail_historical_read ... ok
Rust	Test Rust workspace	2026-09-25T01:36:34.7028007Z test host_binding_baseline_tests::uri_pin_accepts_only_public_https_origin_without_credentials_or_request_data ... ok
Rust	Test Rust workspace	2026-09-25T01:36:34.7171474Z test host_binding_baseline_tests::known_pinned_plan_cannot_downgrade_to_none_even_after_its_expiry ... ok
Rust	Test Rust workspace	2026-09-25T01:36:34.7435896Z test host_binding_baseline_tests::only_new_normal_commit_creates_exact_immutable_baseline_and_initial_applied_none_is_valid ... ok
Rust	Test Rust workspace	2026-09-25T01:36:34.8619942Z test host_bootstrap_plan_and_registration_are_durable_and_do_not_fabricate_readiness ... ok
Rust	Test Rust workspace	2026-09-25T01:36:34.9429389Z test host_bootstrap_never_reuses_a_changed_delivery_journal_in_the_same_boot ... ok
Rust	Test Rust workspace	2026-09-25T01:36:35.0313219Z test host_bootstrap_rejects_wrong_incarnation_missing_sources_and_changed_context ... ok
Rust	Test Rust workspace	2026-09-25T01:36:35.1071689Z test host_binding_baseline_tests::mismatched_actual_configuration_read_scope_and_time_never_prepare_a_baseline_plan ... ok
Rust	Test Rust workspace	2026-09-25T01:36:35.1372837Z test late_prepared_receipt_after_pause_does_not_create_an_authorization ... ok
Rust	Test Rust workspace	2026-09-25T01:36:35.2323734Z test maintained_condition_recovery_does_not_revive_an_old_mandate ... ok
Rust	Test Rust workspace	2026-09-25T01:36:35.2779430Z test maintained_watchdog_revokes_expired_facts_without_fabricating_a_negative_sample ... ok
Rust	Test Rust workspace	2026-09-25T01:36:35.3224983Z test live_execution_snapshot_preserves_the_cut_and_does_not_reuse_aged_maintained_conditions ... ok
Rust	Test Rust workspace	2026-09-25T01:36:35.3256320Z test host_read_ingestion_checks_context_and_preserves_the_native_source_fields ... ok
Rust	Test Rust workspace	2026-09-25T01:36:35.4544494Z test native_metadata_changes_conflict_and_ack_cursor_is_part_of_t2_commit ... ok
Rust	Test Rust workspace	2026-09-25T01:36:35.5205680Z test native_outcomes_tests::native_outcome_table_rejects_ambiguous_unbound_and_nonterminal_policy ... ok
Rust	Test Rust workspace	2026-09-25T01:36:35.7074591Z test native_receipt_capture_does_not_stand_in_for_completion_policy ... ok
Rust	Test Rust workspace	2026-09-25T01:36:35.7768107Z test native_outcomes_tests::native_outcome_atomic_ack_loss_and_late_contradiction_preserve_first_conclusion ... ok
Rust	Test Rust workspace	2026-09-25T01:36:35.9940613Z test native_outcomes_tests::native_outcome_postconditions_require_current_evidence_and_no_hold ... ok
Rust	Test Rust workspace	2026-09-25T01:36:36.6272666Z test non_operating_close_preparation_lost_reply_and_rollback_do_not_duplicate_clearances ... ok
Rust	Test Rust workspace	2026-09-25T01:36:36.8718515Z test non_operating_close_does_not_accept_missing_people_proof_or_invented_evidence ... ok
Rust	Test Rust workspace	2026-09-25T01:36:36.9987253Z test native_outcomes_tests::native_outcome_pairs_separate_terminal_meanings_and_leave_unknown_unsettled ... ok
Rust	Test Rust workspace	2026-09-25T01:36:37.0594227Z test non_operating_close_is_atomic_idempotent_and_retains_other_case_restrictions ... ok
Rust	Test Rust workspace	2026-09-25T01:36:37.1174004Z test non_operating_close_preserves_unknown_effect_and_does_not_release_resources ... ok
Rust	Test Rust workspace	2026-09-25T01:36:37.1756922Z test observation_batch_rejects_bad_last_source_before_writing_any_fact ... ok
Rust	Test Rust workspace	2026-09-25T01:36:37.2038522Z test observation_batch_keeps_conflict_evidence_and_other_source_truth_without_repeated_revocation ... ok
Rust	Test Rust workspace	2026-09-25T01:36:37.2641625Z test observation_batch_evaluates_the_complete_cut_and_recovers_commit_reply_loss ... ok
Rust	Test Rust workspace	2026-09-25T01:36:37.3100604Z test observation_generation_loss_is_latched_once_and_does_not_adopt_the_new_source ... ok
Rust	Test Rust workspace	2026-09-25T01:36:37.3167920Z test operator_diagnostic_browser_fixtures_are_real_unqualified_read_models ... ok
Rust	Test Rust workspace	2026-09-25T01:36:37.3954455Z test operator_diagnostics_share_the_condition_evaluator_and_do_not_change_authority ... ok
Rust	Test Rust workspace	2026-09-25T01:36:37.4071018Z test operator_diagnostics_distinguish_missing_generation_and_expression_mismatch ... ok
Rust	Test Rust workspace	2026-09-25T01:36:37.4430318Z test one_physical_resource_is_reserved_across_cells_not_per_cell_alias ... ok
Rust	Test Rust workspace	2026-09-25T01:36:37.4710603Z test operator_start_tests::a_valid_operator_without_terminal_gets_a_blocked_candidate_and_scope_stays_private ... ok
Rust	Test Rust workspace	2026-09-25T01:36:37.5160640Z test operator_service_reconnect_cannot_start_work_or_replace_executor_authority ... ok
Rust	Test Rust workspace	2026-09-25T01:36:37.6186747Z test operator_start_tests::lost_start_response_uses_the_original_attempt_and_deadline_read_does_not_mutate_status ... ok
Rust	Test Rust workspace	2026-09-25T01:36:37.6207817Z test operator_start_tests::context_is_read_only_and_the_exact_candidate_starts_only_after_explicit_mutation ... ok
Rust	Test Rust workspace	2026-09-25T01:36:37.7571946Z test operator_start_tests::candidate_rejections_match_start_and_old_context_cannot_override_a_new_revision ... ok
Rust	Test Rust workspace	2026-09-25T01:36:37.8123436Z test package_intake_commit_rejects_role_or_terminal_revoked_while_worker_runs ... ok
Rust	Test Rust workspace	2026-09-25T01:36:37.9287411Z test package_intake_conflicting_ids_and_stale_configuration_never_create_two_receipts ... ok
Rust	Test Rust workspace	2026-09-25T01:36:37.9736006Z test p_commits_branch_choice_and_rejects_the_untaken_activation ... ok
Rust	Test Rust workspace	2026-09-25T01:36:37.9999278Z test package_intake_commits_receipt_event_and_request_atomically_without_cell_change ... ok
Rust	Test Rust workspace	2026-09-25T01:36:38.0244405Z test package_intake_receipt_is_historical_after_policy_disable_and_current_role_revocation_applies_first ... ok
Rust	Test Rust workspace	2026-09-25T01:36:38.1056236Z test package_intake_receipts_survive_restart_but_live_policy_and_preflight_do_not ... ok
Rust	Test Rust workspace	2026-09-25T01:36:38.1457853Z test package_intake_rejects_unregistered_store_or_different_verification_policy ... ok
Rust	Test Rust workspace	2026-09-25T01:36:38.3795364Z test part_completion_waits_for_release_and_closes_exhausted_run ... ok
Rust	Test Rust workspace	2026-09-25T01:36:38.4317837Z test package_intake_rechecks_authority_policy_and_time_after_file_work ... ok
Rust	Test Rust workspace	2026-09-25T01:36:38.5041870Z test part_completion_requires_only_the_committed_branch_and_its_real_release_proof ... ok
Rust	Test Rust workspace	2026-09-25T01:36:38.6012984Z test pause_rejects_a_late_arm_acknowledgment_from_start_preparation ... ok
Rust	Test Rust workspace	2026-09-25T01:36:38.6089916Z test pause_after_emit_is_not_cancellation_and_late_correlated_result_is_still_recorded ... ok
Rust	Test Rust workspace	2026-09-25T01:36:38.6827910Z test pausing_a_prepared_run_without_arm_does_not_fence_other_cell_work ... ok
Rust	Test Rust workspace	2026-09-25T01:36:38.7024790Z test pending_start_has_a_deadline_and_key_covers_budget_intent ... ok
Rust	Test Rust workspace	2026-09-25T01:36:38.8223811Z test permit_deadline_cannot_outlive_the_observation_that_supported_it ... ok
Rust	Test Rust workspace	2026-09-25T01:36:38.9478027Z test pause_commits_reply_fence_and_unsent_sealing_atomically_without_refunding_budget ... ok
Rust	Test Rust workspace	2026-09-25T01:36:39.0018451Z test physical_case_open_is_atomic_and_acknowledgment_cannot_restore_authority ... ok
Rust	Test Rust workspace	2026-09-25T01:36:39.0147499Z test prepared_is_not_an_authorization_ack_and_duplicate_receipts_complete_the_right_message ... ok
Rust	Test Rust workspace	2026-09-25T01:36:39.4668086Z test process_change_fence_confirmation_is_not_configuration_application ... ok
Rust	Test Rust workspace	2026-09-25T01:36:39.4904403Z test procedure_requires_real_fence_and_condition_evidence_then_accounts_for_every_worker ... ok
Rust	Test Rust workspace	2026-09-25T01:36:39.7837948Z test non_operating_close_rechecks_time_case_epoch_evidence_and_current_actor ... ok
Rust	Test Rust workspace	2026-09-25T01:36:39.9227981Z test process_change_proposal_and_stage_preserve_configuration_and_all_step_guards ... ok
Rust	Test Rust workspace	2026-09-25T01:36:40.0938150Z test process_change_preparation_requires_current_terminal_and_serializes_overlapping_changes ... ok
Rust	Test Rust workspace	2026-09-25T01:36:40.2737994Z test process_change_preparation_is_atomic_preserves_unknown_work_and_requires_config_ack ... ok
Rust	Test Rust workspace	2026-09-25T01:36:40.4481849Z test process_change_refresh_preserves_existing_blocks_and_replaces_only_preparation_context ... ok
Rust	Test Rust workspace	2026-09-25T01:36:40.4491703Z test process_change_proposal_failure_is_atomic_and_lost_reply_recovers_original_plan ... ok
Rust	Test Rust workspace	2026-09-25T01:36:40.5168177Z test process_change_revoked_software_review_rejects_pending_stage_without_installing_target ... ok
Rust	Test Rust workspace	2026-09-25T01:36:40.6008134Z test process_change_shared_host_closure_requires_rights_for_every_affected_cell ... ok
Rust	Test Rust workspace	2026-09-25T01:36:40.6986322Z test process_checkpoint_survives_runtime_restart_without_restoring_execution_authority ... ok
Rust	Test Rust workspace	2026-09-25T01:36:40.7515475Z test process_review_lists_are_scoped_and_history_is_read_only_with_latest_revision_visible ... ok
Rust	Test Rust workspace	2026-09-25T01:36:40.8996715Z test process_review_authority_and_role_changes_reject_pending_approvals ... ok
Rust	Test Rust workspace	2026-09-25T01:36:40.9300905Z test process_review_signature_and_compiled_bytes_cannot_be_replaced_or_rebound ... ok
Rust	Test Rust workspace	2026-09-25T01:36:40.9421533Z test process_review_new_report_invalidates_old_decision_and_cas_prevents_overwriting_reviews ... ok
Rust	Test Rust workspace	2026-09-25T01:36:40.9703433Z test process_review_restart_preserves_software_decision_but_rejects_old_pending_ticket ... ok
Rust	Test Rust workspace	2026-09-25T01:36:41.0219492Z test producer_reconnect_requires_current_identity_and_cell_negotiation ... ok
Rust	Test Rust workspace	2026-09-25T01:36:41.0994926Z test process_review_signed_compiler_success_does_not_override_cell_binding_mismatch ... ok
Rust	Test Rust workspace	2026-09-25T01:36:41.1997643Z test producer_runtime_restart_tests::consecutive_p_restarts_preserve_historical_operating_session_and_each_runtime_block ... ok
Rust	Test Rust workspace	2026-09-25T01:36:41.3918662Z test producer_runtime_restart_tests::absent_or_wrong_boot_configuration_and_scope_coverage_cannot_suppress_invalidation ... ok
Rust	Test Rust workspace	2026-09-25T01:36:41.4028367Z test producer_runtime_restart_tests::current_origin_must_cover_every_registered_cell_of_the_host ... ok
Rust	Test Rust workspace	2026-09-25T01:36:41.4030100Z test producer_runtime_restart_tests::changed_host_journal_authentication_or_session_validity_still_adds_device_restart ... ok
Rust	Test Rust workspace	2026-09-25T01:36:41.4519508Z test producer_runtime_restart_tests::malformed_provenance_rolls_back_session_replacement_instead_of_claiming_runtime_only ... ok
Rust	Test Rust workspace	2026-09-25T01:36:41.5279701Z test process_review_signed_report_and_separate_reviewer_approval_are_atomic_and_non_actuating ... ok
Rust	Test Rust workspace	2026-09-25T01:36:41.5935796Z test producer_runtime_restart_tests::prior_source_generation_loss_remains_restricted_after_p_runtime_evidence_reconnect ... ok
Rust	Test Rust workspace	2026-09-25T01:36:41.6298543Z test producer_runtime_restart_tests::runtime_only_session_replacement_recovers_commit_loss_without_repeated_invalidation ... ok
Rust	Test Rust workspace	2026-09-25T01:36:41.7196040Z test production_read_before_first_part_has_complete_budget_and_detects_missing_parts ... ok
Rust	Test Rust workspace	2026-09-25T01:36:41.7797912Z test qualification_defaults::close_policy_admission_requires_an_explicit_qualification_capability ... ok
Rust	Test Rust workspace	2026-09-25T01:36:41.8457976Z test qualification_defaults::procedure_admission_requires_an_explicit_qualification_capability ... ok
Rust	Test Rust workspace	2026-09-25T01:36:41.8752282Z test production_completion_requires_release_and_preserves_original_reply_and_budget ... ok
Rust	Test Rust workspace	2026-09-25T01:36:41.9588592Z test producer_runtime_restart_tests::p_only_restart_replaces_only_evidence_session_and_preserves_all_authority_records ... ok
Rust	Test Rust workspace	2026-09-25T01:36:41.9627286Z test renewal_uses_durable_sequence_and_original_send_time_without_replaying_permission ... ok
Rust	Test Rust workspace	2026-09-25T01:36:41.9837486Z test recorded_cell_context_tracks_start_intervention_and_real_block_creation_revisions ... ok
Rust	Test Rust workspace	2026-09-25T01:36:41.9984250Z test resolved_plan_binding_and_digest_cannot_be_substituted_in_cell_configuration ... ok
Rust	Test Rust workspace	2026-09-25T01:36:42.0063534Z test reconciliation_requests_are_durable_coalesced_and_cannot_claim_release ... ok
Rust	Test Rust workspace	2026-09-25T01:36:42.1128015Z test repeated_disputed_samples_do_not_create_unbounded_latches_but_a_new_episode_does ... ok
Rust	Test Rust workspace	2026-09-25T01:36:42.1449391Z test restarting_runtime_preserves_consumption_and_revokes_mandate ... ok
Rust	Test Rust workspace	2026-09-25T01:36:42.1697723Z test role_revocation_is_checked_before_cached_result_lookup ... ok
Rust	Test Rust workspace	2026-09-25T01:36:42.1982962Z test runtime_invalidation_tests::first_runtime_restart_records_the_exact_before_and_after_boundaries ... ok
Rust	Test Rust workspace	2026-09-25T01:36:42.2080359Z test runtime_invalidation_tests::consecutive_restarts_keep_each_immutable_origin_and_old_block_readable ... ok
Rust	Test Rust workspace	2026-09-25T01:36:42.2285362Z test runtime_invalidation_tests::older_runtime_restart_reasons_and_operator_holds_do_not_acquire_origins ... ok
Rust	Test Rust workspace	2026-09-25T01:36:42.2766179Z test runtime_invalidation_tests::origin_lookup_rejects_wrong_identity_and_does_not_accept_a_changed_block ... ok
Rust	Test Rust workspace	2026-09-25T01:36:42.3450562Z test runtime_invalidation_tests::restart_origin_and_restriction_commit_together_even_when_the_reply_is_lost ... ok
Rust	Test Rust workspace	2026-09-25T01:36:42.3488544Z test runtime_invalidation_tests::origin_recording_preserves_source_facts_and_existing_run_budget_on_restart ... ok
Rust	Test Rust workspace	2026-09-25T01:36:42.4964728Z test same_slot_new_key_and_lost_reply_do_not_create_another_operation ... ok
Rust	Test Rust workspace	2026-09-25T01:36:42.4977674Z test runtime_invalidation_tests::runtime_restriction_view_checks_current_roles_cell_access_and_preserves_authority_state ... ok
Rust	Test Rust workspace	2026-09-25T01:36:42.5810010Z test service_roles_cannot_impersonate_human_procedure_reporters_or_case_leads ... ok
Rust	Test Rust workspace	2026-09-25T01:36:42.6389894Z test stale_observation_and_wrong_executor_do_not_reach_t1 ... ok
Rust	Test Rust workspace	2026-09-25T01:36:42.7383070Z test stale_procedure_report_keeps_external_fact_and_latch_but_never_grants_entry ... ok
Rust	Test Rust workspace	2026-09-25T01:36:42.7407786Z test start_requires_all_hosts_and_cannot_be_completed_by_partial_ack ... ok
Rust	Test Rust workspace	2026-09-25T01:36:42.7431811Z test runtime_stop_barrier_is_atomic_blocks_new_authority_and_keeps_unknown_work ... ok
Rust	Test Rust workspace	2026-09-25T01:36:42.9062275Z test t1_failure_rolls_back_slot_resource_permit_and_outbox_together ... ok
Rust	Test Rust workspace	2026-09-25T01:36:42.9437838Z test t2_commits_native_evidence_outcome_and_contiguous_cursor_atomically ... ok
Rust	Test Rust workspace	2026-09-25T01:36:42.9563294Z test uncommissioned_cell_cannot_start_from_package_presence ... ok
Rust	Test Rust workspace	2026-09-25T01:36:42.9933249Z test resource_release_requires_all_current_handover_facts ... ok
Rust	Test Rust workspace	2026-09-25T01:36:43.0054254Z test unregistered_terminal_cannot_start_even_with_operator_role ... ok
Rust	Test Rust workspace	2026-09-25T01:36:43.0258922Z test user_session_requires_its_issued_terminal_binding_and_registry_revision ... ok
Rust	Test Rust workspace	2026-09-25T01:36:43.0997108Z test t2_rollback_and_lost_ack_preserve_exactly_one_recorded_result ... ok
Rust	Test Rust workspace	2026-09-25T01:36:43.2767638Z test wait_deadline_and_success_are_decided_by_p_and_cannot_be_reset_by_retries ... ok
Rust	Test Rust workspace	2026-09-25T01:36:43.2768446Z 
Rust	Test Rust workspace	2026-09-25T01:36:43.2768928Z test result: ok. 240 passed; 0 failed; 0 ignored; 0 measured; 0 filtered out; finished in 31.58s
Rust	Test Rust workspace	2026-09-25T01:36:43.2769598Z 
Rust	Test Rust workspace	2026-09-25T01:36:43.2779441Z ^[[1m^[[92m     Running^[[0m unittests src/lib.rs (target/debug/deps/rx_domain-cf4c45d8f28ba785)
Rust	Test Rust workspace	2026-09-25T01:36:43.2791305Z 
Rust	Test Rust workspace	2026-09-25T01:36:43.2791526Z running 0 tests
Rust	Test Rust workspace	2026-09-25T01:36:43.2791776Z 
Rust	Test Rust workspace	2026-09-25T01:36:43.2794008Z test result: ok. 0 passed; 0 failed; 0 ignored; 0 measured; 0 filtered out; finished in 0.00s
Rust	Test Rust workspace	2026-09-25T01:36:43.2794782Z 
Rust	Test Rust workspace	2026-09-25T01:36:43.2798327Z ^[[1m^[[92m     Running^[[0m tests/cell_invariants.rs (target/debug/deps/cell_invariants-d0c73cf87a5e96a3)
Rust	Test Rust workspace	2026-09-25T01:36:43.2805466Z 
Rust	Test Rust workspace	2026-09-25T01:36:43.2805657Z running 4 tests
Rust	Test Rust workspace	2026-09-25T01:36:43.2809620Z test duplicate_or_empty_scope_vectors_do_not_vacuously_authorize ... ok
Rust	Test Rust workspace	2026-09-25T01:36:43.2810757Z test last_counted_part_can_continue_but_a_new_part_cannot_be_created ... ok
Rust	Test Rust workspace	2026-09-25T01:36:43.2811963Z test setup_and_material_budgets_are_not_interchangeable ... ok
Rust	Test Rust workspace	2026-09-25T01:36:43.2812894Z test stale_vector_does_not_regress_or_partially_update_any_scope ... ok
Rust	Test Rust workspace	2026-09-25T01:36:43.2813521Z 
Rust	Test Rust workspace	2026-09-25T01:36:43.2814084Z test result: ok. 4 passed; 0 failed; 0 ignored; 0 measured; 0 filtered out; finished in 0.00s
Rust	Test Rust workspace	2026-09-25T01:36:43.2814812Z 
Rust	Test Rust workspace	2026-09-25T01:36:43.2824808Z 
Rust	Test Rust workspace	2026-09-25T01:36:43.2825072Z running 16 tests
Rust	Test Rust workspace	2026-09-25T01:36:43.2828425Z ^[[1m^[[92m     Running^[[0m tests/contracts.rs (target/debug/deps/contracts-fc939fca5713cae6)
Rust	Test Rust workspace	2026-09-25T01:36:43.2835637Z test any_uses_a_valid_witness_deadline_and_all_uses_the_earliest_deadline ... ok
Rust	Test Rust workspace	2026-09-25T01:36:43.2837439Z test counters_preserve_full_width_and_reject_json_numbers ... ok
Rust	Test Rust workspace	2026-09-25T01:36:43.2838589Z test condition_schema_is_closed ... ok
Rust	Test Rust workspace	2026-09-25T01:36:43.2846034Z test frozen_cv02_negative_zero_and_cv03_false ... ok
Rust	Test Rust workspace	2026-09-25T01:36:43.2847944Z test frozen_cv01_canonical_bytes_and_digest ... ok
Rust	Test Rust workspace	2026-09-25T01:36:43.2849629Z test duplicate_conclusion_is_idempotent_and_empty_proof_rejected ... ok
Rust	Test Rust workspace	2026-09-25T01:36:43.2850891Z test input_rejects_unknown_duplicate_and_incompatible_fields ... ok
Rust	Test Rust workspace	2026-09-25T01:36:43.2851959Z test oneof_presence_and_false_are_not_missing_or_null ... ok
Rust	Test Rust workspace	2026-09-25T01:36:43.2853511Z test quality_alone_never_proves_freshness_generation_or_unit ... ok
Rust	Test Rust workspace	2026-09-25T01:36:43.2855148Z test resource_order_is_not_semantic_but_duplicates_are_invalid ... ok
Rust	Test Rust workspace	2026-09-25T01:36:43.2856320Z test response_loss_and_running_poll_never_create_a_result ... ok
Rust	Test Rust workspace	2026-09-25T01:36:43.2857417Z test source_age_not_callback_time_controls_freshness ... ok
Rust	Test Rust workspace	2026-09-25T01:36:43.2858329Z test strict_json_rejects_trailing_bytes_and_duplicate_escaped_keys ... ok
Rust	Test Rust workspace	2026-09-25T01:36:43.2861474Z test terminal_success_does_not_release_and_conflicting_result_is_preserved ... ok
Rust	Test Rust workspace	2026-09-25T01:36:43.2864835Z test three_valued_groups_and_invalid_hidden_branch ... ok
Rust	Test Rust workspace	2026-09-25T01:36:43.2865578Z test profile_calibration_and_rule_change_identity ... ok
Rust	Test Rust workspace	2026-09-25T01:36:43.2866031Z 
Rust	Test Rust workspace	2026-09-25T01:36:43.2866839Z test result: ok. 16 passed; 0 failed; 0 ignored; 0 measured; 0 filtered out; finished in 0.00s
Rust	Test Rust workspace	2026-09-25T01:36:43.2867246Z 
Rust	Test Rust workspace	2026-09-25T01:36:43.2867718Z ^[[1m^[[92m     Running^[[0m tests/restoration.rs (target/debug/deps/restoration-5be3e192e86975f1)
Rust	Test Rust workspace	2026-09-25T01:36:43.2877759Z 
Rust	Test Rust workspace	2026-09-25T01:36:43.2877962Z running 5 tests
Rust	Test Rust workspace	2026-09-25T01:36:43.2883463Z test duplicate_or_overbudget_history_is_corruption_not_a_refund ... ok
Rust	Test Rust workspace	2026-09-25T01:36:43.2884050Z test restoring_run_budget_never_refunds_consumption ... ok
Rust	Test Rust workspace	2026-09-25T01:36:43.2884869Z test restoring_reconciling_operation_preserves_unknown_and_quarantine ... ok
Rust	Test Rust workspace	2026-09-25T01:36:43.2885987Z test historical_dispute_survives_restart_without_rewriting_success ... ok
Rust	Test Rust workspace	2026-09-25T01:36:43.2887218Z test stored_state_cannot_claim_success_without_terminal_evidence ... ok
Rust	Test Rust workspace	2026-09-25T01:36:43.2887822Z 
Rust	Test Rust workspace	2026-09-25T01:36:43.2888256Z test result: ok. 5 passed; 0 failed; 0 ignored; 0 measured; 0 filtered out; finished in 0.00s
Rust	Test Rust workspace	2026-09-25T01:36:43.2889568Z ^[[1m^[[92m     Running^[[0m unittests src/lib.rs (target/debug/deps/rx_host_client-5d340ccb410a79d2)
Rust	Test Rust workspace	2026-09-25T01:36:43.2890100Z 
Rust	Test Rust workspace	2026-09-25T01:36:43.2906051Z 
Rust	Test Rust workspace	2026-09-25T01:36:43.2906703Z running 13 tests
Rust	Test Rust workspace	2026-09-25T01:36:43.2915451Z test connection::diagnostic::tests::stage_and_typed_reason_survive_without_logging_remote_text ... ok
Rust	Test Rust workspace	2026-09-25T01:36:43.2917671Z test bootstrap::provenance_tests::credential_bearing_and_non_origin_endpoints_are_rejected_before_tls ... ok
Rust	Test Rust workspace	2026-09-25T01:36:43.2927981Z test configuration_worker::tests::configuration_worker_propagates_writer_failure_and_never_contacts_host ... ok
Rust	Test Rust workspace	2026-09-25T01:36:43.2930067Z test connection::diagnostic::tests::varying_timing_does_not_repeat_the_same_failure ... ok
Rust	Test Rust workspace	2026-09-25T01:36:43.2932075Z test connection::tests::closed_owner_while_waiting_for_producer_stops_without_connecting ... ok
Rust	Test Rust workspace	2026-09-25T01:36:43.2933647Z test delivery::diagnostic::tests::excludes_rpc_metadata_details_structured_bodies_and_request_identifiers ... ok
Rust	Test Rust workspace	2026-09-25T01:36:43.2935371Z test delivery::reconciliation::tests::unavailable_read_retries_but_broken_proof_and_revoked_authority_do_not ... ok
Rust	Test Rust workspace	2026-09-25T01:36:43.2937601Z test delivery::diagnostic::tests::suppresses_only_consecutive_identical_diagnostics_and_keeps_writer_reason ... ok
Rust	Test Rust workspace	2026-09-25T01:36:43.2939350Z test configuration_worker::tests::configuration_worker_stops_while_a_writer_reply_is_pending ... ok
Rust	Test Rust workspace	2026-09-25T01:36:43.2940533Z test service_health::tests::a_relay_cannot_label_another_services_samples_with_its_owner ... ok
Rust	Test Rust workspace	2026-09-25T01:36:43.2941739Z test observation::tests::maintained_monitor_does_not_hide_writer_failure_or_run_after_owner_disappears ... ok
Rust	Test Rust workspace	2026-09-25T01:36:43.3159808Z test delivery::diagnostic::tests::bounds_the_complete_json_line_including_unicode_escaping_and_newline ... ok
Rust	Test Rust workspace	2026-09-25T01:36:43.3188933Z test observation::tests::maintained_monitor_polls_independently_and_obeys_owner_stop ... ok
Rust	Test Rust workspace	2026-09-25T01:36:43.3189640Z 
Rust	Test Rust workspace	2026-09-25T01:36:43.3190439Z test result: ok. 13 passed; 0 failed; 0 ignored; 0 measured; 0 filtered out; finished in 0.03s
Rust	Test Rust workspace	2026-09-25T01:36:43.3191077Z 
Rust	Test Rust workspace	2026-09-25T01:36:43.3195732Z ^[[1m^[[92m     Running^[[0m tests/configuration_e2e.rs (target/debug/deps/configuration_e2e-6ffde22abfa2b64a)
Rust	Test Rust workspace	2026-09-25T01:36:43.3221099Z 
Rust	Test Rust workspace	2026-09-25T01:36:43.3221265Z running 2 tests
Rust	Test Rust workspace	2026-09-25T01:36:43.3222364Z test configuration_coordinator_persists_request_and_recovers_real_host_reply_loss ... ignored, tools/test_host_configuration_e2e.sh supplies S simulation server
Rust	Test Rust workspace	2026-09-25T01:36:43.3223831Z test configuration_reply_loss_recovers_same_receipt_and_restarted_host_stays_unqualified ... ignored, tools/test_host_configuration_e2e.sh supplies S simulation server
Rust	Test Rust workspace	2026-09-25T01:36:43.3224777Z 
Rust	Test Rust workspace	2026-09-25T01:36:43.3225181Z test result: ok. 0 passed; 0 failed; 2 ignored; 0 measured; 0 filtered out; finished in 0.00s
Rust	Test Rust workspace	2026-09-25T01:36:43.3225794Z 
Rust	Test Rust workspace	2026-09-25T01:36:43.3226785Z ^[[1m^[[92m     Running^[[0m tests/network_e2e.rs (target/debug/deps/network_e2e-8cee081d422037a8)
Rust	Test Rust workspace	2026-09-25T01:36:43.3247601Z 
Rust	Test Rust workspace	2026-09-25T01:36:43.3247778Z running 3 tests
Rust	Test Rust workspace	2026-09-25T01:36:43.3249958Z test application_outbox_reaches_mtls_host_and_t2_commits_the_result ... ignored, tools/test_host_e2e.sh builds the separate Host fixture and supplies its path
Rust	Test Rust workspace	2026-09-25T01:36:43.3251738Z test automatic_dispatcher_recovers_a_lost_authorize_reply_without_native_reexecution ... ignored, tools/test_host_e2e.sh builds the separate Host fixture and supplies its path
Rust	Test Rust workspace	2026-09-25T01:36:43.3253972Z test remote_executor_submission_and_host_reply_loss_preserve_one_native_effect_per_slot ... ignored, tools/test_host_e2e.sh supplies the separate Host server
Rust	Test Rust workspace	2026-09-25T01:36:43.3255302Z 
Rust	Test Rust workspace	2026-09-25T01:36:43.3255644Z test result: ok. 0 passed; 0 failed; 3 ignored; 0 measured; 0 filtered out; finished in 0.00s
Rust	Test Rust workspace	2026-09-25T01:36:43.3256112Z 
Rust	Test Rust workspace	2026-09-25T01:36:43.3256953Z ^[[1m^[[92m     Running^[[0m unittests src/lib.rs (target/debug/deps/rx_package-09a7e62a4ef4d03f)
Rust	Test Rust workspace	2026-09-25T01:36:43.3262873Z 
Rust	Test Rust workspace	2026-09-25T01:36:43.3263045Z running 0 tests
Rust	Test Rust workspace	2026-09-25T01:36:43.3263344Z 
Rust	Test Rust workspace	2026-09-25T01:36:43.3263786Z test result: ok. 0 passed; 0 failed; 0 ignored; 0 measured; 0 filtered out; finished in 0.00s
Rust	Test Rust workspace	2026-09-25T01:36:43.3264263Z 
Rust	Test Rust workspace	2026-09-25T01:36:43.3266081Z ^[[1m^[[92m     Running^[[0m tests/operating_area.rs (target/debug/deps/operating_area-bfedab5cdeaf6f01)
Rust	Test Rust workspace	2026-09-25T01:36:43.3276073Z 
Rust	Test Rust workspace	2026-09-25T01:36:43.3276280Z running 3 tests
Rust	Test Rust workspace	2026-09-25T01:36:43.3280938Z test catalog_rejects_each_ambiguous_declaration_before_map_construction ... ok
Rust	Test Rust workspace	2026-09-25T01:36:43.3285097Z test judge_approves_only_its_bounded_nonactuating_report_rule ... ok
Rust	Test Rust workspace	2026-09-25T01:36:43.3289778Z test each_area_checks_its_own_limits_role_and_program ... ok
Rust	Test Rust workspace	2026-09-25T01:36:43.3290243Z 
Rust	Test Rust workspace	2026-09-25T01:36:43.3291020Z test result: ok. 3 passed; 0 failed; 0 ignored; 0 measured; 0 filtered out; finished in 0.00s
Rust	Test Rust workspace	2026-09-25T01:36:43.3292586Z ^[[1m^[[92m     Running^[[0m tests/release.rs (target/debug/deps/release-753c160ac7f0594e)
Rust	Test Rust workspace	2026-09-25T01:36:43.3293168Z 
Rust	Test Rust workspace	2026-09-25T01:36:43.3303803Z 
Rust	Test Rust workspace	2026-09-25T01:36:43.3303976Z running 3 tests
Rust	Test Rust workspace	2026-09-25T01:36:43.4149075Z test compiled_root_distinguishes_unsigned_signature_key_and_content_refusals ... ok
Rust	Test Rust workspace	2026-09-25T01:36:43.4929983Z test revocation_survives_denied_candidate_restart_and_replayed_or_shrunk_lists ... ok
Rust	Test Rust workspace	2026-09-25T01:36:43.5428003Z test durable_floor_rejects_restart_downgrade_and_same_version_equivocation ... ok
Rust	Test Rust workspace	2026-09-25T01:36:43.5429020Z 
Rust	Test Rust workspace	2026-09-25T01:36:43.5429725Z test result: ok. 3 passed; 0 failed; 0 ignored; 0 measured; 0 filtered out; finished in 0.21s
Rust	Test Rust workspace	2026-09-25T01:36:43.5430988Z 
Rust	Test Rust workspace	2026-09-25T01:36:43.5433229Z ^[[1m^[[92m     Running^[[0m tests/verification.rs (target/debug/deps/verification-ed38e3354ae76546)
Rust	Test Rust workspace	2026-09-25T01:36:43.5446618Z 
Rust	Test Rust workspace	2026-09-25T01:36:43.5446830Z running 21 tests
Rust	Test Rust workspace	2026-09-25T01:36:43.5497239Z test canonical_set_order_is_stable_and_duplicate_json_fields_are_rejected ... ok
Rust	Test Rust workspace	2026-09-25T01:36:43.5604521Z test closed_paths_and_inventory_reject_traversal_aliases_and_hidden_files ... ok
Rust	Test Rust workspace	2026-09-25T01:36:43.5727861Z test a_dependency_verified_before_key_revocation_is_not_retrusted_implicitly ... ok
Rust	Test Rust workspace	2026-09-25T01:36:43.5907609Z test deeply_nested_valid_package_roundtrips_and_excess_file_inventory_is_bounded ... ok
Rust	Test Rust workspace	2026-09-25T01:36:43.5937520Z test dependency_cannot_pull_an_older_copy_of_the_root_back_into_the_bundle ... ok
Rust	Test Rust workspace	2026-09-25T01:36:43.6087106Z test device_reference_v2_has_explicit_version_and_no_executable_payload ... ok
Rust	Test Rust workspace	2026-09-25T01:36:43.6164297Z test directory_verification_owns_bytes_and_rejects_links ... ok
Rust	Test Rust workspace	2026-09-25T01:36:43.6313487Z test dependency_closure_is_pinned_and_rechecked_against_current_trust ... ok
Rust	Test Rust workspace	2026-09-25T01:36:43.6437834Z test object_corruption_is_not_repaired_by_repeat_import ... ok
Rust	Test Rust workspace	2026-09-25T01:36:43.6439120Z test policy_document_requires_explicit_v2_schema_for_additional_abis ... ok
Rust	Test Rust workspace	2026-09-25T01:36:43.6492807Z test object_survives_source_change_restart_and_repeat_import_without_trust_persistence ... ok
Rust	Test Rust workspace	2026-09-25T01:36:43.6517293Z test relative_review_artifact_reads_are_bounded_and_reject_link_components ... ok
Rust	Test Rust workspace	2026-09-25T01:36:43.6567259Z test package_kind_target_contract_and_publisher_scope_are_checked ... ok
Rust	Test Rust workspace	2026-09-25T01:36:43.6717341Z test explicit_multi_abi_policy_preserves_manifest_kind_target_and_trust_checks ... ok
Rust	Test Rust workspace	2026-09-25T01:36:43.6747364Z test policy_reader_pins_exact_bytes_and_reacquires_dependencies ... ok
Rust	Test Rust workspace	2026-09-25T01:36:43.6915977Z test signed_content_is_immutable_and_signature_is_bound_to_key_identity ... ok
Rust	Test Rust workspace	2026-09-25T01:36:43.7032126Z test signing_key_alias_has_distinct_object_and_misnamed_valid_objects_are_rejected ... ok
Rust	Test Rust workspace	2026-09-25T01:36:43.7057349Z test store_ownership_marker_and_unpublished_objects_cannot_be_bypassed ... ok
Rust	Test Rust workspace	2026-09-25T01:36:43.7058454Z test verification_policy_fingerprint_preserves_all_u64_limits ... ok
Rust	Test Rust workspace	2026-09-25T01:36:43.7059623Z test store_and_import_reject_symlinks_and_store_handles_survive_root_path_replacement ... ok
Rust	Test Rust workspace	2026-09-25T01:36:43.7434985Z test stored_package_dependencies_are_rechecked_after_revocation ... ok
Rust	Test Rust workspace	2026-09-25T01:36:43.7435864Z 
Rust	Test Rust workspace	2026-09-25T01:36:43.7436588Z test result: ok. 21 passed; 0 failed; 0 ignored; 0 measured; 0 filtered out; finished in 0.20s
Rust	Test Rust workspace	2026-09-25T01:36:43.7437223Z 
Rust	Test Rust workspace	2026-09-25T01:36:43.7441701Z ^[[1m^[[92m     Running^[[0m unittests src/lib.rs (target/debug/deps/rx_platformd-b30bfceb3e731eab)
Rust	Test Rust workspace	2026-09-25T01:36:43.7454231Z 
Rust	Test Rust workspace	2026-09-25T01:36:43.7454571Z running 0 tests
Rust	Test Rust workspace	2026-09-25T01:36:43.7454974Z 
Rust	Test Rust workspace	2026-09-25T01:36:43.7455724Z test result: ok. 0 passed; 0 failed; 0 ignored; 0 measured; 0 filtered out; finished in 0.00s
Rust	Test Rust workspace	2026-09-25T01:36:43.7456837Z 
Rust	Test Rust workspace	2026-09-25T01:36:43.7458938Z ^[[1m^[[92m     Running^[[0m unittests src/bin/rx-package-store.rs (target/debug/deps/rx_package_store-19e87b926dd658ae)
Rust	Test Rust workspace	2026-09-25T01:36:43.7469142Z 
Rust	Test Rust workspace	2026-09-25T01:36:43.7469418Z running 0 tests
Rust	Test Rust workspace	2026-09-25T01:36:43.7469806Z 
Rust	Test Rust workspace	2026-09-25T01:36:43.7470556Z test result: ok. 0 passed; 0 failed; 0 ignored; 0 measured; 0 filtered out; finished in 0.00s
Rust	Test Rust workspace	2026-09-25T01:36:43.7471690Z 
Rust	Test Rust workspace	2026-09-25T01:36:43.7472920Z ^[[1m^[[92m     Running^[[0m unittests src/main.rs (target/debug/deps/rx_platformd-359236fa9fd9abbe)
Rust	Test Rust workspace	2026-09-25T01:36:43.7482692Z 
Rust	Test Rust workspace	2026-09-25T01:36:43.7482973Z running 0 tests
Rust	Test Rust workspace	2026-09-25T01:36:43.7483351Z 
Rust	Test Rust workspace	2026-09-25T01:36:43.7484088Z test result: ok. 0 passed; 0 failed; 0 ignored; 0 measured; 0 filtered out; finished in 0.00s
Rust	Test Rust workspace	2026-09-25T01:36:43.7484834Z 
Rust	Test Rust workspace	2026-09-25T01:36:43.7486097Z ^[[1m^[[92m     Running^[[0m tests/composition.rs (target/debug/deps/composition-c5e0e20bc272a536)
Rust	Test Rust workspace	2026-09-25T01:36:43.7509581Z 
Rust	Test Rust workspace	2026-09-25T01:36:43.7509894Z running 10 tests
Rust	Test Rust workspace	2026-09-25T01:36:45.5488442Z test configured_operator_ui_is_verified_before_installation_and_rejects_mutable_roots ... ok
Rust	Test Rust workspace	2026-09-25T01:36:47.5171699Z test configured_operator_ui_serves_over_terminal_https_without_creating_runs_or_qualification ... ok
Rust	Test Rust workspace	2026-09-25T01:36:47.5197649Z test export_container_fixture ... ignored, tools/test_platform_image.py requests isolated temporary container inputs
Rust	Test Rust workspace	2026-09-25T01:36:48.5197741Z test invalid_pins_or_catalog_never_publish_a_partial_installation ... ok
Rust	Test Rust workspace	2026-09-25T01:36:49.7176329Z test configured_package_intake_uses_real_terminal_https_and_retains_history_across_restart ... ok
Rust	Test Rust workspace	2026-09-25T01:36:50.4788491Z test composed_startup_restart_and_stop_preserve_store_and_never_start_a_run ... ok
Rust	Test Rust workspace	2026-09-25T01:36:50.6737844Z test operator_ui_compares_resolved_aliases_with_missing_directory_suffixes ... ok
Rust	Test Rust workspace	2026-09-25T01:36:50.7772837Z test configured_process_review_records_separate_account_approval_over_terminal_https ... ok
Rust	Test Rust workspace	2026-09-25T01:36:51.1657502Z test operator_ui_rejects_parent_traversal_in_mutable_directory_locations ... ok
Rust	Test Rust workspace	2026-09-25T01:36:51.7771697Z test linux_executable_uses_shared_clock_and_sigterm_commits_process_stop ... ok
Rust	Test Rust workspace	2026-09-25T01:36:51.7772492Z 
Rust	Test Rust workspace	2026-09-25T01:36:51.7773043Z test result: ok. 9 passed; 0 failed; 1 ignored; 0 measured; 0 filtered out; finished in 8.03s
Rust	Test Rust workspace	2026-09-25T01:36:51.7773814Z 
Rust	Test Rust workspace	2026-09-25T01:36:51.7827365Z ^[[1m^[[92m     Running^[[0m tests/delivery_fixture.rs (target/debug/deps/delivery_fixture-d36f1332f2816026)
Rust	Test Rust workspace	2026-09-25T01:36:51.7843132Z 
Rust	Test Rust workspace	2026-09-25T01:36:51.7843556Z running 3 tests
Rust	Test Rust workspace	2026-09-25T01:36:51.7844934Z test export_delivery_final ... ignored, explicit phase77 final export; requires actual S product compiler/package outputs
Rust	Test Rust workspace	2026-09-25T01:36:51.7846251Z test export_delivery_seed ... ignored, explicit phase77 seed export; requires a fresh output directory
Rust	Test Rust workspace	2026-09-25T01:36:51.7848337Z test sign_delivery ... ignored, explicit external test-only signer; never a product signing service
Rust	Test Rust workspace	2026-09-25T01:36:51.7849423Z 
Rust	Test Rust workspace	2026-09-25T01:36:51.7849837Z test result: ok. 0 passed; 0 failed; 3 ignored; 0 measured; 0 filtered out; finished in 0.00s
Rust	Test Rust workspace	2026-09-25T01:36:51.7850832Z 
Rust	Test Rust workspace	2026-09-25T01:36:51.7851529Z ^[[1m^[[92m     Running^[[0m unittests src/lib.rs (target/debug/deps/rx_ports-c834cce2dddbde46)
Rust	Test Rust workspace	2026-09-25T01:36:51.7858607Z 
Rust	Test Rust workspace	2026-09-25T01:36:51.7858835Z running 0 tests
Rust	Test Rust workspace	2026-09-25T01:36:51.7859133Z 
Rust	Test Rust workspace	2026-09-25T01:36:51.7859507Z test result: ok. 0 passed; 0 failed; 0 ignored; 0 measured; 0 filtered out; finished in 0.00s
Rust	Test Rust workspace	2026-09-25T01:36:51.7860004Z 
Rust	Test Rust workspace	2026-09-25T01:36:51.7862100Z ^[[1m^[[92m     Running^[[0m unittests src/lib.rs (target/debug/deps/rx_process_contract-cd8724eef0ab0226)
Rust	Test Rust workspace	2026-09-25T01:36:51.7872255Z 
Rust	Test Rust workspace	2026-09-25T01:36:51.7872472Z running 5 tests
Rust	Test Rust workspace	2026-09-25T01:36:51.7882181Z test device_catalog::tests::duplicate_conditions_are_rejected_instead_of_normalized_away ... ok
Rust	Test Rust workspace	2026-09-25T01:36:51.7888250Z test compile_input::tests::altered_bundle_source_is_not_accepted_under_the_original_digest ... ok
Rust	Test Rust workspace	2026-09-25T01:36:51.7905693Z test source_validation::tests::a_full_error_budget_does_not_attempt_to_follow_missing_nodes ... ok
Rust	Test Rust workspace	2026-09-25T01:36:51.7928271Z test source_validation::tests::source_validation_does_not_claim_binding_or_package_approval ... ok
Rust	Test Rust workspace	2026-09-25T01:36:51.7950371Z test source_validation::tests::recursive_calls_unreachable_nodes_and_expansion_overflow_are_invalid ... ok
Rust	Test Rust workspace	2026-09-25T01:36:51.7951178Z 
Rust	Test Rust workspace	2026-09-25T01:36:51.7951599Z test result: ok. 5 passed; 0 failed; 0 ignored; 0 measured; 0 filtered out; finished in 0.01s
Rust	Test Rust workspace	2026-09-25T01:36:51.7952218Z 
Rust	Test Rust workspace	2026-09-25T01:36:51.7952893Z ^[[1m^[[92m     Running^[[0m tests/native_outcome.rs (target/debug/deps/native_outcome-dc878e1a99df7601)
Rust	Test Rust workspace	2026-09-25T01:36:51.7962559Z 
Rust	Test Rust workspace	2026-09-25T01:36:51.7962773Z running 2 tests
Rust	Test Rust workspace	2026-09-25T01:36:51.7967397Z test table_is_strict_data_and_missing_pair_cannot_resolve ... ok
Rust	Test Rust workspace	2026-09-25T01:36:51.7970603Z test table_rejects_duplicates_conflicts_and_oversized_code_sets ... ok
Rust	Test Rust workspace	2026-09-25T01:36:51.7972079Z ^[[1m^[[92m     Running^[[0m unittests src/lib.rs (target/debug/deps/rx_protocol-8e600f775fe2c348)
Rust	Test Rust workspace	2026-09-25T01:36:51.7972611Z 
Rust	Test Rust workspace	2026-09-25T01:36:51.7973022Z test result: ok. 2 passed; 0 failed; 0 ignored; 0 measured; 0 filtered out; finished in 0.00s
Rust	Test Rust workspace	2026-09-25T01:36:51.7973620Z 
Rust	Test Rust workspace	2026-09-25T01:36:51.7981552Z 
Rust	Test Rust workspace	2026-09-25T01:36:51.7981728Z running 1 test
Rust	Test Rust workspace	2026-09-25T01:36:51.8135817Z test checkpoint_rejection::tests::text_transport_errors_and_malformed_or_duplicated_details_do_not_prove_rejection ... ok
Rust	Test Rust workspace	2026-09-25T01:36:51.8137063Z 
Rust	Test Rust workspace	2026-09-25T01:36:51.8137928Z test result: ok. 1 passed; 0 failed; 0 ignored; 0 measured; 0 filtered out; finished in 0.02s
Rust	Test Rust workspace	2026-09-25T01:36:51.8138594Z 
Rust	Test Rust workspace	2026-09-25T01:36:51.8142029Z ^[[1m^[[92m     Running^[[0m tests/grpc_boundary.rs (target/debug/deps/grpc_boundary-cbfdad1df6ab9d49)
Rust	Test Rust workspace	2026-09-25T01:36:51.8155953Z 
Rust	Test Rust workspace	2026-09-25T01:36:51.8156181Z running 1 test
Rust	Test Rust workspace	2026-09-25T01:36:51.8357782Z test malformed_wire_never_reaches_generated_service_handler ... ok
Rust	Test Rust workspace	2026-09-25T01:36:51.8358384Z 
Rust	Test Rust workspace	2026-09-25T01:36:51.8358724Z test result: ok. 1 passed; 0 failed; 0 ignored; 0 measured; 0 filtered out; finished in 0.02s
Rust	Test Rust workspace	2026-09-25T01:36:51.8359191Z 
Rust	Test Rust workspace	2026-09-25T01:36:51.8367517Z ^[[1m^[[92m     Running^[[0m tests/wire.rs (target/debug/deps/wire-6f1fcf181e910857)
Rust	Test Rust workspace	2026-09-25T01:36:51.8382889Z 
Rust	Test Rust workspace	2026-09-25T01:36:51.8383112Z running 11 tests
Rust	Test Rust workspace	2026-09-25T01:36:51.8390073Z test document_manifest_hashes_remain_the_negotiation_identity ... ok
Rust	Test Rust workspace	2026-09-25T01:36:51.8542687Z test core_enum_numbers_and_cell_union_tags_are_stable ... ok
Rust	Test Rust workspace	2026-09-25T01:36:51.8544393Z test explicit_false_zero_and_optional_zero_survive_binary_roundtrip ... ok
Rust	Test Rust workspace	2026-09-25T01:36:51.8545983Z test nested_duplicate_singular_is_not_merged ... ok
Rust	Test Rust workspace	2026-09-25T01:36:51.8547665Z test nonfinite_numbers_rejected_in_scalar_and_packed_vector ... ok
Rust	Test Rust workspace	2026-09-25T01:36:51.8567828Z test fixed_digest_hex_and_oneof_contracts_are_checked ... ok
Rust	Test Rust workspace	2026-09-25T01:36:51.8568938Z test json_is_rx_projection_not_protojson ... ok
Rust	Test Rust workspace	2026-09-25T01:36:51.8570326Z test prost_last_wins_and_unknown_field_behavior_is_blocked_before_decode ... ok
Rust	Test Rust workspace	2026-09-25T01:36:51.8571739Z test unknown_enum_bad_wire_and_varint_overflow_are_rejected ... ok
Rust	Test Rust workspace	2026-09-25T01:36:51.8573564Z test intent_crosses_json_protobuf_domain_without_changing_frozen_digest ... ok
Rust	Test Rust workspace	2026-09-25T01:36:51.8598237Z test numbered_fields_match_frozen_documents_independently_of_generator ... ok
Rust	Test Rust workspace	2026-09-25T01:36:51.8598938Z 
Rust	Test Rust workspace	2026-09-25T01:36:51.8599326Z test result: ok. 11 passed; 0 failed; 0 ignored; 0 measured; 0 filtered out; finished in 0.02s
Rust	Test Rust workspace	2026-09-25T01:36:51.8599853Z 
Rust	Test Rust workspace	2026-09-25T01:36:51.8605584Z ^[[1m^[[92m     Running^[[0m unittests src/lib.rs (target/debug/deps/rx_protocol_adapter-f29592df5d00300b)
Rust	Test Rust workspace	2026-09-25T01:36:51.8618457Z 
Rust	Test Rust workspace	2026-09-25T01:36:51.8618641Z running 2 tests
Rust	Test Rust workspace	2026-09-25T01:36:51.8807048Z test operation::tests::unknown_and_late_contradiction_preserve_distinct_result_integrity_and_release_axes ... ok
Rust	Test Rust workspace	2026-09-25T01:36:51.8833647Z test workflow::tests::frozen_run_view_preserves_counters_slots_and_each_run_state ... ok
Rust	Test Rust workspace	2026-09-25T01:36:51.8834308Z 
Rust	Test Rust workspace	2026-09-25T01:36:51.8834637Z test result: ok. 2 passed; 0 failed; 0 ignored; 0 measured; 0 filtered out; finished in 0.02s
Rust	Test Rust workspace	2026-09-25T01:36:51.8835060Z 
Rust	Test Rust workspace	2026-09-25T01:36:51.8840104Z ^[[1m^[[92m     Running^[[0m tests/evidence.rs (target/debug/deps/evidence-958198b27fc807d2)
Rust	Test Rust workspace	2026-09-25T01:36:51.8850967Z 
Rust	Test Rust workspace	2026-09-25T01:36:51.8851156Z running 2 tests
Rust	Test Rust workspace	2026-09-25T01:36:51.8854518Z test projection_only_evidence_cannot_be_claimed_as_a_complete_source ... ok
Rust	Test Rust workspace	2026-09-25T01:36:51.8855395Z test native_result_round_trip_keeps_vendor_id_payload_and_full_width_values ... ok
Rust	Test Rust workspace	2026-09-25T01:36:51.8856117Z 
Rust	Test Rust workspace	2026-09-25T01:36:51.8856956Z test result: ok. 2 passed; 0 failed; 0 ignored; 0 measured; 0 filtered out; finished in 0.00s
Rust	Test Rust workspace	2026-09-25T01:36:51.8857862Z 
Rust	Test Rust workspace	2026-09-25T01:36:51.8858577Z ^[[1m^[[92m     Running^[[0m unittests src/lib.rs (target/debug/deps/rx_runtime-636d92de1d7b2ad2)
Rust	Test Rust workspace	2026-09-25T01:36:51.8867423Z 
Rust	Test Rust workspace	2026-09-25T01:36:51.8867608Z running 0 tests
Rust	Test Rust workspace	2026-09-25T01:36:51.8867967Z 
Rust	Test Rust workspace	2026-09-25T01:36:51.8868491Z test result: ok. 0 passed; 0 failed; 0 ignored; 0 measured; 0 filtered out; finished in 0.00s
Rust	Test Rust workspace	2026-09-25T01:36:51.8869086Z 
Rust	Test Rust workspace	2026-09-25T01:36:51.8870739Z ^[[1m^[[92m     Running^[[0m tests/writer.rs (target/debug/deps/writer-8ec0e6359f61aa2e)
Rust	Test Rust workspace	2026-09-25T01:36:51.8882321Z 
Rust	Test Rust workspace	2026-09-25T01:36:51.8882510Z running 3 tests
Rust	Test Rust workspace	2026-09-25T01:36:51.9017572Z test dropped_response_still_commits_and_shutdown_drains ... ok
Rust	Test Rust workspace	2026-09-25T01:36:51.9167191Z test normal_load_cannot_consume_control_reserve_and_control_is_scheduled_first ... ok
Rust	Test Rust workspace	2026-09-25T01:36:51.9817373Z test panic_closes_admission_without_retrying_the_command ... ok
Rust	Test Rust workspace	2026-09-25T01:36:51.9818100Z 
Rust	Test Rust workspace	2026-09-25T01:36:51.9818407Z test result: ok. 3 passed; 0 failed; 0 ignored; 0 measured; 0 filtered out; finished in 0.09s
Rust	Test Rust workspace	2026-09-25T01:36:51.9818819Z 
Rust	Test Rust workspace	2026-09-25T01:36:51.9878886Z ^[[1m^[[92m     Running^[[0m unittests src/lib.rs (target/debug/deps/rx_storage-fec7a6b8d46d6510)
Rust	Test Rust workspace	2026-09-25T01:36:51.9892139Z 
Rust	Test Rust workspace	2026-09-25T01:36:51.9892340Z running 4 tests
Rust	Test Rust workspace	2026-09-25T01:36:51.9900064Z test mailbox::tests::partial_publication_and_oversized_input_are_refused_not_erased ... ok
Rust	Test Rust workspace	2026-09-25T01:36:51.9901943Z test mailbox::tests::symlink_and_nonregular_payloads_are_refused_without_following ... ok
Rust	Test Rust workspace	2026-09-25T01:36:51.9910208Z test mailbox::tests::publication_is_immutable_and_live_cooperating_writer_excluded ... ok
Rust	Test Rust workspace	2026-09-25T01:36:52.0045201Z test ownership_close_tests::sqlite_close_failure_retains_ownership_until_process_exit ... ok
Rust	Test Rust workspace	2026-09-25T01:36:52.0046024Z 
Rust	Test Rust workspace	2026-09-25T01:36:52.0046772Z test result: ok. 4 passed; 0 failed; 0 ignored; 0 measured; 0 filtered out; finished in 0.02s
Rust	Test Rust workspace	2026-09-25T01:36:52.0047483Z 
Rust	Test Rust workspace	2026-09-25T01:36:52.0048670Z ^[[1m^[[92m     Running^[[0m tests/atomicity.rs (target/debug/deps/atomicity-1dce903a317d5277)
Rust	Test Rust workspace	2026-09-25T01:36:52.0062385Z 
Rust	Test Rust workspace	2026-09-25T01:36:52.0062609Z running 12 tests
Rust	Test Rust workspace	2026-09-25T01:36:52.0216195Z test one_transaction_commits_state_key_event_and_outbox ... ok
Rust	Test Rust workspace	2026-09-25T01:36:52.0241748Z test control_projection_and_sequence_roll_back_together_and_ignore_audit_appends ... ok
Rust	Test Rust workspace	2026-09-25T01:36:52.0450199Z test metadata_compatibility_upgrade_preserves_record_bytes_and_rejects_future_stores ... ok
Rust	Test Rust workspace	2026-09-25T01:36:52.0511030Z test online_backup_preserves_committed_state_without_copying_live_db_file ... ok
Rust	Test Rust workspace	2026-09-25T01:36:52.0592815Z test request_identity_survives_reopening_and_namespace_isolated ... ok
Rust	Test Rust workspace	2026-09-25T01:36:52.0642592Z test pending_outbox_pages_are_exclusive_and_do_not_starve_later_ids ... ok
Rust	Test Rust workspace	2026-09-25T01:36:52.0678926Z test failure_at_each_commit_component_rolls_everything_back ... ok
Rust	Test Rust workspace	2026-09-25T01:36:52.0695650Z test schema_upgrade_preserves_emitted_work_and_delivered_records_never_resurrect ... ok
Rust	Test Rust workspace	2026-09-25T01:36:52.0748101Z test second_runtime_cannot_open_owned_database ... ok
Rust	Test Rust workspace	2026-09-25T01:36:52.0783624Z test snapshot_is_a_cut_and_after_is_exclusive ... ok
Rust	Test Rust workspace	2026-09-25T01:36:52.0806737Z test stale_revision_does_not_partially_record_an_event ... ok
Rust	Test Rust workspace	2026-09-25T01:36:52.0807678Z test voided_outbox_cannot_be_resurrected_or_sent ... ok
Rust	Test Rust workspace	2026-09-25T01:36:52.0808135Z 
Rust	Test Rust workspace	2026-09-25T01:36:52.0808480Z test result: ok. 12 passed; 0 failed; 0 ignored; 0 measured; 0 filtered out; finished in 0.07s
Rust	Test Rust workspace	2026-09-25T01:36:52.0809028Z 
Rust	Test Rust workspace	2026-09-25T01:36:52.0811891Z ^[[1m^[[92m     Running^[[0m tests/ownership.rs (target/debug/deps/ownership-347b8487e114d1f4)
Rust	Test Rust workspace	2026-09-25T01:36:52.0825700Z 
Rust	Test Rust workspace	2026-09-25T01:36:52.0825936Z running 3 tests
Rust	Test Rust workspace	2026-09-25T01:36:52.0864884Z test failed_initialization_releases_its_own_lock_but_failed_acquisition_never_releases_another ... ok
Rust	Test Rust workspace	2026-09-25T01:36:52.0941006Z test live_writer_failed_contenders_and_rollback_preserve_exclusion_then_close_reopens_history ... ok
Rust	Test Rust workspace	2026-09-25T01:36:52.1127608Z test unwinding_transaction_does_not_release_live_owner ... ok
Rust	Test Rust workspace	2026-09-25T01:36:52.1128244Z 
Rust	Test Rust workspace	2026-09-25T01:36:52.1128596Z test result: ok. 3 passed; 0 failed; 0 ignored; 0 measured; 0 filtered out; finished in 0.03s
Rust	Test Rust workspace	2026-09-25T01:36:52.1129079Z 
Rust	Test Rust workspace	2026-09-25T01:36:52.1147444Z ^[[1m^[[92m   Doc-tests^[[0m rx_api
Rust	Test Rust workspace	2026-09-25T01:36:52.3280551Z 
Rust	Test Rust workspace	2026-09-25T01:36:52.3281245Z running 0 tests
Rust	Test Rust workspace	2026-09-25T01:36:52.3281545Z 
Rust	Test Rust workspace	2026-09-25T01:36:52.3281976Z test result: ok. 0 passed; 0 failed; 0 ignored; 0 measured; 0 filtered out; finished in 0.00s
Rust	Test Rust workspace	2026-09-25T01:36:52.3282596Z 
Rust	Test Rust workspace	2026-09-25T01:36:52.3303913Z ^[[1m^[[92m   Doc-tests^[[0m rx_application
Rust	Test Rust workspace	2026-09-25T01:36:53.4966921Z 
Rust	Test Rust workspace	2026-09-25T01:36:53.4967632Z running 0 tests
Rust	Test Rust workspace	2026-09-25T01:36:53.4967957Z 
Rust	Test Rust workspace	2026-09-25T01:36:53.4968501Z test result: ok. 0 passed; 0 failed; 0 ignored; 0 measured; 0 filtered out; finished in 0.00s
Rust	Test Rust workspace	2026-09-25T01:36:53.4969162Z 
Rust	Test Rust workspace	2026-09-25T01:36:53.4987917Z ^[[1m^[[92m   Doc-tests^[[0m rx_domain
Rust	Test Rust workspace	2026-09-25T01:36:53.6813868Z 
Rust	Test Rust workspace	2026-09-25T01:36:53.6814500Z running 0 tests
Rust	Test Rust workspace	2026-09-25T01:36:53.6814769Z 
Rust	Test Rust workspace	2026-09-25T01:36:53.6815168Z test result: ok. 0 passed; 0 failed; 0 ignored; 0 measured; 0 filtered out; finished in 0.00s
Rust	Test Rust workspace	2026-09-25T01:36:53.6815716Z 
Rust	Test Rust workspace	2026-09-25T01:36:53.6835883Z ^[[1m^[[92m   Doc-tests^[[0m rx_host_client
Rust	Test Rust workspace	2026-09-25T01:36:53.7785774Z 
Rust	Test Rust workspace	2026-09-25T01:36:53.7786363Z running 0 tests
Rust	Test Rust workspace	2026-09-25T01:36:53.7787033Z 
Rust	Test Rust workspace	2026-09-25T01:36:53.7787652Z test result: ok. 0 passed; 0 failed; 0 ignored; 0 measured; 0 filtered out; finished in 0.00s
Rust	Test Rust workspace	2026-09-25T01:36:53.7788283Z 
Rust	Test Rust workspace	2026-09-25T01:36:53.7811033Z ^[[1m^[[92m   Doc-tests^[[0m rx_package
Rust	Test Rust workspace	2026-09-25T01:36:53.9284770Z 
Rust	Test Rust workspace	2026-09-25T01:36:53.9285501Z running 0 tests
Rust	Test Rust workspace	2026-09-25T01:36:53.9286062Z 
Rust	Test Rust workspace	2026-09-25T01:36:53.9287354Z test result: ok. 0 passed; 0 failed; 0 ignored; 0 measured; 0 filtered out; finished in 0.00s
Rust	Test Rust workspace	2026-09-25T01:36:53.9288528Z 
Rust	Test Rust workspace	2026-09-25T01:36:53.9307818Z ^[[1m^[[92m   Doc-tests^[[0m rx_platformd
Rust	Test Rust workspace	2026-09-25T01:36:54.0091448Z 
Rust	Test Rust workspace	2026-09-25T01:36:54.0092157Z running 0 tests
Rust	Test Rust workspace	2026-09-25T01:36:54.0092470Z 
Rust	Test Rust workspace	2026-09-25T01:36:54.0092909Z test result: ok. 0 passed; 0 failed; 0 ignored; 0 measured; 0 filtered out; finished in 0.00s
Rust	Test Rust workspace	2026-09-25T01:36:54.0093511Z 
Rust	Test Rust workspace	2026-09-25T01:36:54.0114129Z ^[[1m^[[92m   Doc-tests^[[0m rx_ports
Rust	Test Rust workspace	2026-09-25T01:36:54.0464421Z 
Rust	Test Rust workspace	2026-09-25T01:36:54.0464941Z running 0 tests
Rust	Test Rust workspace	2026-09-25T01:36:54.0465331Z 
Rust	Test Rust workspace	2026-09-25T01:36:54.0465704Z test result: ok. 0 passed; 0 failed; 0 ignored; 0 measured; 0 filtered out; finished in 0.00s
Rust	Test Rust workspace	2026-09-25T01:36:54.0466214Z 
Rust	Test Rust workspace	2026-09-25T01:36:54.0487449Z ^[[1m^[[92m   Doc-tests^[[0m rx_process_contract
Rust	Test Rust workspace	2026-09-25T01:36:54.2949531Z 
Rust	Test Rust workspace	2026-09-25T01:36:54.2950106Z running 0 tests
Rust	Test Rust workspace	2026-09-25T01:36:54.2950370Z 
Rust	Test Rust workspace	2026-09-25T01:36:54.2950764Z test result: ok. 0 passed; 0 failed; 0 ignored; 0 measured; 0 filtered out; finished in 0.00s
Rust	Test Rust workspace	2026-09-25T01:36:54.2951311Z 
Rust	Test Rust workspace	2026-09-25T01:36:54.2970673Z ^[[1m^[[92m   Doc-tests^[[0m rx_protocol
Rust	Test Rust workspace	2026-09-25T01:36:54.7790305Z 
Rust	Test Rust workspace	2026-09-25T01:36:54.7791195Z running 0 tests
Rust	Test Rust workspace	2026-09-25T01:36:54.7791738Z 
Rust	Test Rust workspace	2026-09-25T01:36:54.7792670Z test result: ok. 0 passed; 0 failed; 0 ignored; 0 measured; 0 filtered out; finished in 0.00s
Rust	Test Rust workspace	2026-09-25T01:36:54.7793847Z 
Rust	Test Rust workspace	2026-09-25T01:36:54.7813513Z ^[[1m^[[92m   Doc-tests^[[0m rx_protocol_adapter
Rust	Test Rust workspace	2026-09-25T01:36:54.8149274Z 
Rust	Test Rust workspace	2026-09-25T01:36:54.8149936Z running 0 tests
Rust	Test Rust workspace	2026-09-25T01:36:54.8150324Z 
Rust	Test Rust workspace	2026-09-25T01:36:54.8151149Z test result: ok. 0 passed; 0 failed; 0 ignored; 0 measured; 0 filtered out; finished in 0.00s
Rust	Test Rust workspace	2026-09-25T01:36:54.8151856Z 
Rust	Test Rust workspace	2026-09-25T01:36:54.8172885Z ^[[1m^[[92m   Doc-tests^[[0m rx_runtime
Rust	Test Rust workspace	2026-09-25T01:36:54.8617500Z 
Rust	Test Rust workspace	2026-09-25T01:36:54.8618129Z running 0 tests
Rust	Test Rust workspace	2026-09-25T01:36:54.8618579Z 
Rust	Test Rust workspace	2026-09-25T01:36:54.8619487Z test result: ok. 0 passed; 0 failed; 0 ignored; 0 measured; 0 filtered out; finished in 0.00s
Rust	Test Rust workspace	2026-09-25T01:36:54.8620600Z 
Rust	Test Rust workspace	2026-09-25T01:36:54.8637912Z ^[[1m^[[92m   Doc-tests^[[0m rx_storage
Rust	Test Rust workspace	2026-09-25T01:36:54.8928000Z 
Rust	Test Rust workspace	2026-09-25T01:36:54.8928700Z running 2 tests
Rust	Test Rust workspace	2026-09-25T01:36:54.9270041Z test crates/rx-storage/src/ownership.rs - ownership::ExclusiveFileLock (line 15) - compile fail ... ok
Rust	Test Rust workspace	2026-09-25T01:36:54.9356183Z test crates/rx-storage/src/ownership.rs - ownership::ExclusiveFileLock (line 11) - compile fail ... ok
Rust	Test Rust workspace	2026-09-25T01:36:54.9358065Z 
Rust	Test Rust workspace	2026-09-25T01:36:54.9358954Z test result: ok. 2 passed; 0 failed; 0 ignored; 0 measured; 0 filtered out; finished in 0.04s
Rust	Test Rust workspace	2026-09-25T01:36:54.9360195Z 
Rust	Post Run actions/cache@0057852bfaa89a56745cba8c7296529d2fc39830	﻿2026-09-25T01:36:55.1359523Z Post job cleanup.
Rust	Post Run actions/cache@0057852bfaa89a56745cba8c7296529d2fc39830	2026-09-25T01:36:55.2719451Z Cache hit occurred on the primary key Linux-X64-rust-f2a3178d4ba5ae534a189969bf71e095285629a428ae82534301cc5c2d1bc24b, not saving cache.
Rust	Post Run actions/cache@0057852bfaa89a56745cba8c7296529d2fc39830	2026-09-25T01:36:55.2721933Z (node:11388) [DEP0040] DeprecationWarning: The `punycode` module is deprecated. Please use a userland alternative instead.
Rust	Post Run actions/cache@0057852bfaa89a56745cba8c7296529d2fc39830	2026-09-25T01:36:55.2723789Z (Use `node --trace-deprecation ...` to show where the warning was created)
Rust	Post Run actions/checkout@11d5960a326750d5838078e36cf38b85af677262	﻿2026-09-25T01:36:55.2922301Z Post job cleanup.
Rust	Post Run actions/checkout@11d5960a326750d5838078e36cf38b85af677262	2026-09-25T01:36:55.3980140Z [command]/usr/bin/git version
Rust	Post Run actions/checkout@11d5960a326750d5838078e36cf38b85af677262	2026-09-25T01:36:55.4032098Z git version 2.55.0
Rust	Post Run actions/checkout@11d5960a326750d5838078e36cf38b85af677262	2026-09-25T01:36:55.4080194Z Temporarily overriding HOME='/home/runner/work/_temp/afcbffee-75c2-40f4-9909-064c6d216b8c' before making global git config changes
Rust	Post Run actions/checkout@11d5960a326750d5838078e36cf38b85af677262	2026-09-25T01:36:55.4082724Z Adding repository directory to the temporary git global config as a safe directory
Rust	Post Run actions/checkout@11d5960a326750d5838078e36cf38b85af677262	2026-09-25T01:36:55.4087410Z [command]/usr/bin/git config --global --add safe.directory /home/runner/work/rx-platform/rx-platform
Rust	Post Run actions/checkout@11d5960a326750d5838078e36cf38b85af677262	2026-09-25T01:36:55.4133484Z [command]/usr/bin/git config --local --name-only --get-regexp core\.sshCommand
Rust	Post Run actions/checkout@11d5960a326750d5838078e36cf38b85af677262	2026-09-25T01:36:55.4175039Z [command]/usr/bin/git submodule foreach --recursive sh -c "git config --local --name-only --get-regexp 'core\.sshCommand' && git config --local --unset-all 'core.sshCommand' || :"
Rust	Post Run actions/checkout@11d5960a326750d5838078e36cf38b85af677262	2026-09-25T01:36:55.4452275Z [command]/usr/bin/git config --local --name-only --get-regexp http\.https\:\/\/github\.com\/\.extraheader
Rust	Post Run actions/checkout@11d5960a326750d5838078e36cf38b85af677262	2026-09-25T01:36:55.4493053Z [command]/usr/bin/git submodule foreach --recursive sh -c "git config --local --name-only --get-regexp 'http\.https\:\/\/github\.com\/\.extraheader' && git config --local --unset-all 'http.https://github.com/.extraheader' || :"
Rust	Post Run actions/checkout@11d5960a326750d5838078e36cf38b85af677262	2026-09-25T01:36:55.4791098Z [command]/usr/bin/git config --local --name-only --get-regexp ^includeIf\.gitdir:
Rust	Post Run actions/checkout@11d5960a326750d5838078e36cf38b85af677262	2026-09-25T01:36:55.4855487Z [command]/usr/bin/git submodule foreach --recursive git config --local --show-origin --name-only --get-regexp remote.origin.url
Rust	Complete job	﻿2026-09-25T01:36:55.5341083Z Cleaning up orphan processes
Rust	Complete job	2026-09-25T01:36:55.5832487Z ##[warning]Node.js 20 is deprecated. The following actions target Node.js 20 but are being forced to run on Node.js 24: actions/cache@0057852bfaa89a56745cba8c7296529d2fc39830, actions/checkout@11d5960a326750d5838078e36cf38b85af677262. For more information see: https://github.blog/changelog/2025-09-19-deprecation-of-node-20-on-github-actions-runners/
Repository and GitFlow	Set up job	﻿2026-09-25T01:33:01.5653115Z Current runner version: '2.337.0'
Repository and GitFlow	Set up job	2026-09-25T01:33:01.5691794Z ##[group]Runner Image Provisioner
Repository and GitFlow	Set up job	2026-09-25T01:33:01.5693431Z Hosted Compute Agent
Repository and GitFlow	Set up job	2026-09-25T01:33:01.5694688Z Version: 20260828.587
Repository and GitFlow	Set up job	2026-09-25T01:33:01.5695690Z Commit: abac92662cab4cc7352de4f9f9d2e2419aad9c29
Repository and GitFlow	Set up job	2026-09-25T01:33:01.5697078Z Build Date: 2026-08-28T16:44:25Z
Repository and GitFlow	Set up job	2026-09-25T01:33:01.5698252Z Worker ID: {a0f9fa6e-3f02-48fe-9b09-6aa2bfdcd398}
Repository and GitFlow	Set up job	2026-09-25T01:33:01.5699480Z Azure Region: eastus2
Repository and GitFlow	Set up job	2026-09-25T01:33:01.5700506Z ##[endgroup]
Repository and GitFlow	Set up job	2026-09-25T01:33:01.5702721Z ##[group]Operating System
Repository and GitFlow	Set up job	2026-09-25T01:33:01.5703940Z Ubuntu
Repository and GitFlow	Set up job	2026-09-25T01:33:01.5705149Z 24.04.5
Repository and GitFlow	Set up job	2026-09-25T01:33:01.5706078Z LTS
Repository and GitFlow	Set up job	2026-09-25T01:33:01.5706891Z ##[endgroup]
Repository and GitFlow	Set up job	2026-09-25T01:33:01.5707748Z ##[group]Runner Image
Repository and GitFlow	Set up job	2026-09-25T01:33:01.5708828Z Image: ubuntu-24.04
Repository and GitFlow	Set up job	2026-09-25T01:33:01.5709872Z Version: 20260920.314.1
Repository and GitFlow	Set up job	2026-09-25T01:33:01.5711726Z Included Software: https://github.com/actions/runner-images/blob/ubuntu24/20260920.314/images/ubuntu/Ubuntu2404-Readme.md
Repository and GitFlow	Set up job	2026-09-25T01:33:01.5715072Z Image Release: https://github.com/actions/runner-images/releases/tag/ubuntu24%2F20260920.314
Repository and GitFlow	Set up job	2026-09-25T01:33:01.5716781Z ##[endgroup]
Repository and GitFlow	Set up job	2026-09-25T01:33:01.5718756Z ##[group]GITHUB_TOKEN Permissions
Repository and GitFlow	Set up job	2026-09-25T01:33:01.5721629Z Contents: read
Repository and GitFlow	Set up job	2026-09-25T01:33:01.5722580Z Metadata: read
Repository and GitFlow	Set up job	2026-09-25T01:33:01.5723546Z ##[endgroup]
Repository and GitFlow	Set up job	2026-09-25T01:33:01.5727196Z Secret source: Actions
Repository and GitFlow	Set up job	2026-09-25T01:33:01.5728801Z Cache mode: write
Repository and GitFlow	Set up job	2026-09-25T01:33:01.5730193Z Prepare workflow directory
Repository and GitFlow	Set up job	2026-09-25T01:33:01.6297743Z Prepare all required actions
Repository and GitFlow	Set up job	2026-09-25T01:33:01.6368576Z Getting action download info
Repository and GitFlow	Set up job	2026-09-25T01:33:01.8394964Z Download action repository 'actions/checkout@11d5960a326750d5838078e36cf38b85af677262' (SHA:11d5960a326750d5838078e36cf38b85af677262)
Repository and GitFlow	Set up job	2026-09-25T01:33:02.0500861Z Complete job name: Repository and GitFlow
Repository and GitFlow	Run actions/checkout@11d5960a326750d5838078e36cf38b85af677262	﻿2026-09-25T01:33:02.1328638Z ##[group]Run actions/checkout@11d5960a326750d5838078e36cf38b85af677262
Repository and GitFlow	Run actions/checkout@11d5960a326750d5838078e36cf38b85af677262	2026-09-25T01:33:02.1329782Z with:
Repository and GitFlow	Run actions/checkout@11d5960a326750d5838078e36cf38b85af677262	2026-09-25T01:33:02.1330262Z   persist-credentials: false
Repository and GitFlow	Run actions/checkout@11d5960a326750d5838078e36cf38b85af677262	2026-09-25T01:33:02.1330834Z   fetch-depth: 0
Repository and GitFlow	Run actions/checkout@11d5960a326750d5838078e36cf38b85af677262	2026-09-25T01:33:02.1331312Z   repository: jack0682/rx-platform
Repository and GitFlow	Run actions/checkout@11d5960a326750d5838078e36cf38b85af677262	2026-09-25T01:33:02.1335342Z   token: ***
Repository and GitFlow	Run actions/checkout@11d5960a326750d5838078e36cf38b85af677262	2026-09-25T01:33:02.1335816Z   ssh-strict: true
Repository and GitFlow	Run actions/checkout@11d5960a326750d5838078e36cf38b85af677262	2026-09-25T01:33:02.1336284Z   ssh-user: git
Repository and GitFlow	Run actions/checkout@11d5960a326750d5838078e36cf38b85af677262	2026-09-25T01:33:02.1336724Z   clean: true
Repository and GitFlow	Run actions/checkout@11d5960a326750d5838078e36cf38b85af677262	2026-09-25T01:33:02.1337188Z   sparse-checkout-cone-mode: true
Repository and GitFlow	Run actions/checkout@11d5960a326750d5838078e36cf38b85af677262	2026-09-25T01:33:02.1337724Z   fetch-tags: false
Repository and GitFlow	Run actions/checkout@11d5960a326750d5838078e36cf38b85af677262	2026-09-25T01:33:02.1338184Z   show-progress: true
Repository and GitFlow	Run actions/checkout@11d5960a326750d5838078e36cf38b85af677262	2026-09-25T01:33:02.1338674Z   lfs: false
Repository and GitFlow	Run actions/checkout@11d5960a326750d5838078e36cf38b85af677262	2026-09-25T01:33:02.1339090Z   submodules: false
Repository and GitFlow	Run actions/checkout@11d5960a326750d5838078e36cf38b85af677262	2026-09-25T01:33:02.1339551Z   set-safe-directory: true
Repository and GitFlow	Run actions/checkout@11d5960a326750d5838078e36cf38b85af677262	2026-09-25T01:33:02.1340075Z   allow-unsafe-pr-checkout: false
Repository and GitFlow	Run actions/checkout@11d5960a326750d5838078e36cf38b85af677262	2026-09-25T01:33:02.1340869Z ##[endgroup]
Repository and GitFlow	Run actions/checkout@11d5960a326750d5838078e36cf38b85af677262	2026-09-25T01:33:02.2335373Z Syncing repository: jack0682/rx-platform
Repository and GitFlow	Run actions/checkout@11d5960a326750d5838078e36cf38b85af677262	2026-09-25T01:33:02.2337879Z ##[group]Getting Git version info
Repository and GitFlow	Run actions/checkout@11d5960a326750d5838078e36cf38b85af677262	2026-09-25T01:33:02.2338780Z Working directory is '/home/runner/work/rx-platform/rx-platform'
Repository and GitFlow	Run actions/checkout@11d5960a326750d5838078e36cf38b85af677262	2026-09-25T01:33:02.2339845Z [command]/usr/bin/git version
Repository and GitFlow	Run actions/checkout@11d5960a326750d5838078e36cf38b85af677262	2026-09-25T01:33:02.2442834Z git version 2.55.0
Repository and GitFlow	Run actions/checkout@11d5960a326750d5838078e36cf38b85af677262	2026-09-25T01:33:02.2470171Z ##[endgroup]
Repository and GitFlow	Run actions/checkout@11d5960a326750d5838078e36cf38b85af677262	2026-09-25T01:33:02.2487683Z Temporarily overriding HOME='/home/runner/work/_temp/99bc938d-7863-45f3-b93f-98f2d0f371cd' before making global git config changes
Repository and GitFlow	Run actions/checkout@11d5960a326750d5838078e36cf38b85af677262	2026-09-25T01:33:02.2490080Z Adding repository directory to the temporary git global config as a safe directory
Repository and GitFlow	Run actions/checkout@11d5960a326750d5838078e36cf38b85af677262	2026-09-25T01:33:02.2493734Z [command]/usr/bin/git config --global --add safe.directory /home/runner/work/rx-platform/rx-platform
Repository and GitFlow	Run actions/checkout@11d5960a326750d5838078e36cf38b85af677262	2026-09-25T01:33:02.2666667Z Deleting the contents of '/home/runner/work/rx-platform/rx-platform'
Repository and GitFlow	Run actions/checkout@11d5960a326750d5838078e36cf38b85af677262	2026-09-25T01:33:02.2676034Z ##[group]Initializing the repository
Repository and GitFlow	Run actions/checkout@11d5960a326750d5838078e36cf38b85af677262	2026-09-25T01:33:02.2685735Z [command]/usr/bin/git init /home/runner/work/rx-platform/rx-platform
Repository and GitFlow	Run actions/checkout@11d5960a326750d5838078e36cf38b85af677262	2026-09-25T01:33:02.2967974Z hint: Using 'master' as the name for the initial branch. This default branch name
Repository and GitFlow	Run actions/checkout@11d5960a326750d5838078e36cf38b85af677262	2026-09-25T01:33:02.2969838Z hint: will change to "main" in Git 3.0. To configure the initial branch name
Repository and GitFlow	Run actions/checkout@11d5960a326750d5838078e36cf38b85af677262	2026-09-25T01:33:02.2971479Z hint: to use in all of your new repositories, which will suppress this warning,
Repository and GitFlow	Run actions/checkout@11d5960a326750d5838078e36cf38b85af677262	2026-09-25T01:33:02.2973083Z hint: call:
Repository and GitFlow	Run actions/checkout@11d5960a326750d5838078e36cf38b85af677262	2026-09-25T01:33:02.2973768Z hint:
Repository and GitFlow	Run actions/checkout@11d5960a326750d5838078e36cf38b85af677262	2026-09-25T01:33:02.2974826Z hint: 	git config --global init.defaultBranch <name>
Repository and GitFlow	Run actions/checkout@11d5960a326750d5838078e36cf38b85af677262	2026-09-25T01:33:02.2975491Z hint:
Repository and GitFlow	Run actions/checkout@11d5960a326750d5838078e36cf38b85af677262	2026-09-25T01:33:02.2976362Z hint: Names commonly chosen instead of 'master' are 'main', 'trunk' and
Repository and GitFlow	Run actions/checkout@11d5960a326750d5838078e36cf38b85af677262	2026-09-25T01:33:02.2977769Z hint: 'development'. The just-created branch can be renamed via this command:
Repository and GitFlow	Run actions/checkout@11d5960a326750d5838078e36cf38b85af677262	2026-09-25T01:33:02.2978544Z hint:
Repository and GitFlow	Run actions/checkout@11d5960a326750d5838078e36cf38b85af677262	2026-09-25T01:33:02.2979008Z hint: 	git branch -m <name>
Repository and GitFlow	Run actions/checkout@11d5960a326750d5838078e36cf38b85af677262	2026-09-25T01:33:02.2979497Z hint:
Repository and GitFlow	Run actions/checkout@11d5960a326750d5838078e36cf38b85af677262	2026-09-25T01:33:02.2980144Z hint: Disable this message with "git config set advice.defaultBranchName false"
Repository and GitFlow	Run actions/checkout@11d5960a326750d5838078e36cf38b85af677262	2026-09-25T01:33:02.2981693Z Initialized empty Git repository in /home/runner/work/rx-platform/rx-platform/.git/
Repository and GitFlow	Run actions/checkout@11d5960a326750d5838078e36cf38b85af677262	2026-09-25T01:33:02.2985163Z [command]/usr/bin/git remote add origin https://github.com/jack0682/rx-platform
Repository and GitFlow	Run actions/checkout@11d5960a326750d5838078e36cf38b85af677262	2026-09-25T01:33:02.3049613Z ##[endgroup]
Repository and GitFlow	Run actions/checkout@11d5960a326750d5838078e36cf38b85af677262	2026-09-25T01:33:02.3050752Z ##[group]Disabling automatic garbage collection
Repository and GitFlow	Run actions/checkout@11d5960a326750d5838078e36cf38b85af677262	2026-09-25T01:33:02.3053847Z [command]/usr/bin/git config --local gc.auto 0
Repository and GitFlow	Run actions/checkout@11d5960a326750d5838078e36cf38b85af677262	2026-09-25T01:33:02.3093176Z ##[endgroup]
Repository and GitFlow	Run actions/checkout@11d5960a326750d5838078e36cf38b85af677262	2026-09-25T01:33:02.3094556Z ##[group]Setting up auth
Repository and GitFlow	Run actions/checkout@11d5960a326750d5838078e36cf38b85af677262	2026-09-25T01:33:02.3101233Z [command]/usr/bin/git config --local --name-only --get-regexp core\.sshCommand
Repository and GitFlow	Run actions/checkout@11d5960a326750d5838078e36cf38b85af677262	2026-09-25T01:33:02.3138951Z [command]/usr/bin/git submodule foreach --recursive sh -c "git config --local --name-only --get-regexp 'core\.sshCommand' && git config --local --unset-all 'core.sshCommand' || :"
Repository and GitFlow	Run actions/checkout@11d5960a326750d5838078e36cf38b85af677262	2026-09-25T01:33:02.3649190Z [command]/usr/bin/git config --local --name-only --get-regexp http\.https\:\/\/github\.com\/\.extraheader
Repository and GitFlow	Run actions/checkout@11d5960a326750d5838078e36cf38b85af677262	2026-09-25T01:33:02.3686310Z [command]/usr/bin/git submodule foreach --recursive sh -c "git config --local --name-only --get-regexp 'http\.https\:\/\/github\.com\/\.extraheader' && git config --local --unset-all 'http.https://github.com/.extraheader' || :"
Repository and GitFlow	Run actions/checkout@11d5960a326750d5838078e36cf38b85af677262	2026-09-25T01:33:02.3974463Z [command]/usr/bin/git config --local --name-only --get-regexp ^includeIf\.gitdir:
Repository and GitFlow	Run actions/checkout@11d5960a326750d5838078e36cf38b85af677262	2026-09-25T01:33:02.3978520Z [command]/usr/bin/git submodule foreach --recursive git config --local --show-origin --name-only --get-regexp remote.origin.url
Repository and GitFlow	Run actions/checkout@11d5960a326750d5838078e36cf38b85af677262	2026-09-25T01:33:02.4205492Z [command]/usr/bin/git config --local http.https://github.com/.extraheader AUTHORIZATION: basic ***
Repository and GitFlow	Run actions/checkout@11d5960a326750d5838078e36cf38b85af677262	2026-09-25T01:33:02.4251277Z ##[endgroup]
Repository and GitFlow	Run actions/checkout@11d5960a326750d5838078e36cf38b85af677262	2026-09-25T01:33:02.4252543Z ##[group]Fetching the repository
Repository and GitFlow	Run actions/checkout@11d5960a326750d5838078e36cf38b85af677262	2026-09-25T01:33:02.4263407Z [command]/usr/bin/git -c protocol.version=2 fetch --prune --no-recurse-submodules origin +refs/heads/*:refs/remotes/origin/* +refs/tags/*:refs/tags/* +0a1fed300dc6eadbd0a5d861995523346151b90e:refs/remotes/pull/23/merge
Repository and GitFlow	Run actions/checkout@11d5960a326750d5838078e36cf38b85af677262	2026-09-25T01:33:02.8938915Z From https://github.com/jack0682/rx-platform
Repository and GitFlow	Run actions/checkout@11d5960a326750d5838078e36cf38b85af677262	2026-09-25T01:33:02.8940305Z  * [new branch]      develop                                  -> origin/develop
Repository and GitFlow	Run actions/checkout@11d5960a326750d5838078e36cf38b85af677262	2026-09-25T01:33:02.8941629Z  * [new branch]      feature/g4-multi-operating-area          -> origin/feature/g4-multi-operating-area
Repository and GitFlow	Run actions/checkout@11d5960a326750d5838078e36cf38b85af677262	2026-09-25T01:33:02.8942939Z  * [new branch]      main                                     -> origin/main
Repository and GitFlow	Run actions/checkout@11d5960a326750d5838078e36cf38b85af677262	2026-09-25T01:33:02.8944490Z  * [new tag]         archive/initial-draft-2026-09-14         -> archive/initial-draft-2026-09-14
Repository and GitFlow	Run actions/checkout@11d5960a326750d5838078e36cf38b85af677262	2026-09-25T01:33:02.8946018Z  * [new tag]         archive/investigation-wip-2026-09-14     -> archive/investigation-wip-2026-09-14
Repository and GitFlow	Run actions/checkout@11d5960a326750d5838078e36cf38b85af677262	2026-09-25T01:33:02.8947444Z  * [new tag]         codex/initial-draft                      -> codex/initial-draft
Repository and GitFlow	Run actions/checkout@11d5960a326750d5838078e36cf38b85af677262	2026-09-25T01:33:02.8948772Z  * [new tag]         codex/investigation-wip                  -> codex/investigation-wip
Repository and GitFlow	Run actions/checkout@11d5960a326750d5838078e36cf38b85af677262	2026-09-25T01:33:02.8950025Z  * [new tag]         draft-v0.1                               -> draft-v0.1
Repository and GitFlow	Run actions/checkout@11d5960a326750d5838078e36cf38b85af677262	2026-09-25T01:33:02.8951146Z  * [new ref]         0a1fed300dc6eadbd0a5d861995523346151b90e -> pull/23/merge
Repository and GitFlow	Run actions/checkout@11d5960a326750d5838078e36cf38b85af677262	2026-09-25T01:33:02.8954194Z ##[endgroup]
Repository and GitFlow	Run actions/checkout@11d5960a326750d5838078e36cf38b85af677262	2026-09-25T01:33:02.8955559Z ##[group]Determining the checkout info
Repository and GitFlow	Run actions/checkout@11d5960a326750d5838078e36cf38b85af677262	2026-09-25T01:33:02.8956902Z ##[endgroup]
Repository and GitFlow	Run actions/checkout@11d5960a326750d5838078e36cf38b85af677262	2026-09-25T01:33:02.8957825Z [command]/usr/bin/git sparse-checkout disable
Repository and GitFlow	Run actions/checkout@11d5960a326750d5838078e36cf38b85af677262	2026-09-25T01:33:02.9019449Z [command]/usr/bin/git config --local --unset-all extensions.worktreeConfig
Repository and GitFlow	Run actions/checkout@11d5960a326750d5838078e36cf38b85af677262	2026-09-25T01:33:02.9053534Z ##[group]Checking out the ref
Repository and GitFlow	Run actions/checkout@11d5960a326750d5838078e36cf38b85af677262	2026-09-25T01:33:02.9057582Z [command]/usr/bin/git checkout --progress --force refs/remotes/pull/23/merge
Repository and GitFlow	Run actions/checkout@11d5960a326750d5838078e36cf38b85af677262	2026-09-25T01:33:02.9470982Z Note: switching to 'refs/remotes/pull/23/merge'.
Repository and GitFlow	Run actions/checkout@11d5960a326750d5838078e36cf38b85af677262	2026-09-25T01:33:02.9471573Z 
Repository and GitFlow	Run actions/checkout@11d5960a326750d5838078e36cf38b85af677262	2026-09-25T01:33:02.9471938Z You are in 'detached HEAD' state. You can look around, make experimental
Repository and GitFlow	Run actions/checkout@11d5960a326750d5838078e36cf38b85af677262	2026-09-25T01:33:02.9472755Z changes and commit them, and you can discard any commits you make in this
Repository and GitFlow	Run actions/checkout@11d5960a326750d5838078e36cf38b85af677262	2026-09-25T01:33:02.9473547Z state without impacting any branches by switching back to a branch.
Repository and GitFlow	Run actions/checkout@11d5960a326750d5838078e36cf38b85af677262	2026-09-25T01:33:02.9474211Z 
Repository and GitFlow	Run actions/checkout@11d5960a326750d5838078e36cf38b85af677262	2026-09-25T01:33:02.9474627Z If you want to create a new branch to retain commits you create, you may
Repository and GitFlow	Run actions/checkout@11d5960a326750d5838078e36cf38b85af677262	2026-09-25T01:33:02.9475415Z do so (now or later) by using -c with the switch command. Example:
Repository and GitFlow	Run actions/checkout@11d5960a326750d5838078e36cf38b85af677262	2026-09-25T01:33:02.9475852Z 
Repository and GitFlow	Run actions/checkout@11d5960a326750d5838078e36cf38b85af677262	2026-09-25T01:33:02.9476096Z   git switch -c <new-branch-name>
Repository and GitFlow	Run actions/checkout@11d5960a326750d5838078e36cf38b85af677262	2026-09-25T01:33:02.9476533Z 
Repository and GitFlow	Run actions/checkout@11d5960a326750d5838078e36cf38b85af677262	2026-09-25T01:33:02.9476770Z Or undo this operation with:
Repository and GitFlow	Run actions/checkout@11d5960a326750d5838078e36cf38b85af677262	2026-09-25T01:33:02.9477119Z 
Repository and GitFlow	Run actions/checkout@11d5960a326750d5838078e36cf38b85af677262	2026-09-25T01:33:02.9477327Z   git switch -
Repository and GitFlow	Run actions/checkout@11d5960a326750d5838078e36cf38b85af677262	2026-09-25T01:33:02.9477579Z 
Repository and GitFlow	Run actions/checkout@11d5960a326750d5838078e36cf38b85af677262	2026-09-25T01:33:02.9477947Z Turn off this advice by setting config variable advice.detachedHead to false
Repository and GitFlow	Run actions/checkout@11d5960a326750d5838078e36cf38b85af677262	2026-09-25T01:33:02.9478433Z 
Repository and GitFlow	Run actions/checkout@11d5960a326750d5838078e36cf38b85af677262	2026-09-25T01:33:02.9478993Z HEAD is now at 0a1fed3 Merge 38c49ebab0887eff81b85b1d76b5b2c8210d0d9f into 75e19331ec1c3bfdb275f75480188f485c86d64b
Repository and GitFlow	Run actions/checkout@11d5960a326750d5838078e36cf38b85af677262	2026-09-25T01:33:02.9485040Z ##[endgroup]
Repository and GitFlow	Run actions/checkout@11d5960a326750d5838078e36cf38b85af677262	2026-09-25T01:33:02.9532411Z [command]/usr/bin/git log -1 --format=%H
Repository and GitFlow	Run actions/checkout@11d5960a326750d5838078e36cf38b85af677262	2026-09-25T01:33:02.9558934Z 0a1fed300dc6eadbd0a5d861995523346151b90e
Repository and GitFlow	Run actions/checkout@11d5960a326750d5838078e36cf38b85af677262	2026-09-25T01:33:02.9568510Z ##[group]Removing auth
Repository and GitFlow	Run actions/checkout@11d5960a326750d5838078e36cf38b85af677262	2026-09-25T01:33:02.9572401Z [command]/usr/bin/git config --local --name-only --get-regexp core\.sshCommand
Repository and GitFlow	Run actions/checkout@11d5960a326750d5838078e36cf38b85af677262	2026-09-25T01:33:02.9606230Z [command]/usr/bin/git submodule foreach --recursive sh -c "git config --local --name-only --get-regexp 'core\.sshCommand' && git config --local --unset-all 'core.sshCommand' || :"
Repository and GitFlow	Run actions/checkout@11d5960a326750d5838078e36cf38b85af677262	2026-09-25T01:33:02.9828213Z [command]/usr/bin/git config --local --name-only --get-regexp http\.https\:\/\/github\.com\/\.extraheader
Repository and GitFlow	Run actions/checkout@11d5960a326750d5838078e36cf38b85af677262	2026-09-25T01:33:02.9888580Z http.https://github.com/.extraheader
Repository and GitFlow	Run actions/checkout@11d5960a326750d5838078e36cf38b85af677262	2026-09-25T01:33:02.9896341Z [command]/usr/bin/git config --local --unset-all http.https://github.com/.extraheader
Repository and GitFlow	Run actions/checkout@11d5960a326750d5838078e36cf38b85af677262	2026-09-25T01:33:02.9933123Z [command]/usr/bin/git submodule foreach --recursive sh -c "git config --local --name-only --get-regexp 'http\.https\:\/\/github\.com\/\.extraheader' && git config --local --unset-all 'http.https://github.com/.extraheader' || :"
Repository and GitFlow	Run actions/checkout@11d5960a326750d5838078e36cf38b85af677262	2026-09-25T01:33:03.0151125Z [command]/usr/bin/git config --local --name-only --get-regexp ^includeIf\.gitdir:
Repository and GitFlow	Run actions/checkout@11d5960a326750d5838078e36cf38b85af677262	2026-09-25T01:33:03.0182319Z [command]/usr/bin/git submodule foreach --recursive git config --local --show-origin --name-only --get-regexp remote.origin.url
Repository and GitFlow	Run actions/checkout@11d5960a326750d5838078e36cf38b85af677262	2026-09-25T01:33:03.0399654Z ##[endgroup]
Repository and GitFlow	Test repository checks	﻿2026-09-25T01:33:03.0618835Z ##[group]Run python3 .github/test_repository.py
Repository and GitFlow	Test repository checks	2026-09-25T01:33:03.0619565Z ^[[36;1mpython3 .github/test_repository.py^[[0m
Repository and GitFlow	Test repository checks	2026-09-25T01:33:03.0620124Z ^[[36;1mpython3 .github/test_commit_policy.py^[[0m
Repository and GitFlow	Test repository checks	2026-09-25T01:33:03.0936798Z shell: /usr/bin/bash --noprofile --norc -e -o pipefail {0}
Repository and GitFlow	Test repository checks	2026-09-25T01:33:03.0937564Z ##[endgroup]
Repository and GitFlow	Test repository checks	2026-09-25T01:33:03.2318394Z ........................
Repository and GitFlow	Test repository checks	2026-09-25T01:33:03.2319506Z ----------------------------------------------------------------------
Repository and GitFlow	Test repository checks	2026-09-25T01:33:03.2320399Z Ran 24 tests in 0.012s
Repository and GitFlow	Test repository checks	2026-09-25T01:33:03.2320788Z 
Repository and GitFlow	Test repository checks	2026-09-25T01:33:03.2321025Z OK
Repository and GitFlow	Test repository checks	2026-09-25T01:33:07.0080114Z .................
Repository and GitFlow	Test repository checks	2026-09-25T01:33:07.0082015Z ----------------------------------------------------------------------
Repository and GitFlow	Test repository checks	2026-09-25T01:33:07.0082733Z Ran 17 tests in 3.688s
Repository and GitFlow	Test repository checks	2026-09-25T01:33:07.0083060Z 
Repository and GitFlow	Test repository checks	2026-09-25T01:33:07.0083270Z OK
Repository and GitFlow	Check DCO and verified OpenPGP signatures	﻿2026-09-25T01:33:07.0366453Z ##[group]Run python3 tools/check_commit_policy.py --head "$HEAD_SHA" --github-repository "$GITHUB_REPOSITORY"
Repository and GitFlow	Check DCO and verified OpenPGP signatures	2026-09-25T01:33:07.0367326Z ^[[36;1mpython3 tools/check_commit_policy.py --head "$HEAD_SHA" --github-repository "$GITHUB_REPOSITORY"^[[0m
Repository and GitFlow	Check DCO and verified OpenPGP signatures	2026-09-25T01:33:07.0433041Z shell: /usr/bin/bash --noprofile --norc -e -o pipefail {0}
Repository and GitFlow	Check DCO and verified OpenPGP signatures	2026-09-25T01:33:07.0433681Z env:
Repository and GitFlow	Check DCO and verified OpenPGP signatures	2026-09-25T01:33:07.0436641Z   GH_TOKEN: ***
Repository and GitFlow	Check DCO and verified OpenPGP signatures	2026-09-25T01:33:07.0436984Z   HEAD_SHA: 38c49ebab0887eff81b85b1d76b5b2c8210d0d9f
Repository and GitFlow	Check DCO and verified OpenPGP signatures	2026-09-25T01:33:07.0437350Z ##[endgroup]
Repository and GitFlow	Check DCO and verified OpenPGP signatures	2026-09-25T01:33:23.6947352Z OK: 49 commits audited; 49 author sign-offs; 0 recorded historical DCO violations; all signatures verified OpenPGP
Repository and GitFlow	Validate PR branch route	﻿2026-09-25T01:33:23.7064770Z ##[group]Run python3 tools/check_repository.py --event "$GITHUB_EVENT_PATH"
Repository and GitFlow	Validate PR branch route	2026-09-25T01:33:23.7065397Z ^[[36;1mpython3 tools/check_repository.py --event "$GITHUB_EVENT_PATH"^[[0m
Repository and GitFlow	Validate PR branch route	2026-09-25T01:33:23.7127265Z shell: /usr/bin/bash --noprofile --norc -e -o pipefail {0}
Repository and GitFlow	Validate PR branch route	2026-09-25T01:33:23.7127633Z ##[endgroup]
Repository and GitFlow	Validate PR branch route	2026-09-25T01:33:23.7557851Z Repository checks passed.
Repository and GitFlow	Validate JSON, local links and contract integrity	﻿2026-09-25T01:33:23.7645586Z ##[group]Run python3 tools/check_repository.py
Repository and GitFlow	Validate JSON, local links and contract integrity	2026-09-25T01:33:23.7646027Z ^[[36;1mpython3 tools/check_repository.py^[[0m
Repository and GitFlow	Validate JSON, local links and contract integrity	2026-09-25T01:33:23.7706562Z shell: /usr/bin/bash --noprofile --norc -e -o pipefail {0}
Repository and GitFlow	Validate JSON, local links and contract integrity	2026-09-25T01:33:23.7706932Z ##[endgroup]
Repository and GitFlow	Validate JSON, local links and contract integrity	2026-09-25T01:33:23.9266464Z Checked 33 JSON files, local targets in 102 Markdown files, and two contract baselines; 0 links outside this checkout are not checked.
Repository and GitFlow	Validate JSON, local links and contract integrity	2026-09-25T01:33:23.9268265Z Repository checks passed.
Repository and GitFlow	Check invariant traceability	﻿2026-09-25T01:33:23.9359918Z ##[group]Run python3 tools/check_invariant_traceability.py
Repository and GitFlow	Check invariant traceability	2026-09-25T01:33:23.9360394Z ^[[36;1mpython3 tools/check_invariant_traceability.py^[[0m
Repository and GitFlow	Check invariant traceability	2026-09-25T01:33:23.9423071Z shell: /usr/bin/bash --noprofile --norc -e -o pipefail {0}
Repository and GitFlow	Check invariant traceability	2026-09-25T01:33:23.9423450Z ##[endgroup]
Repository and GitFlow	Check invariant traceability	2026-09-25T01:33:24.1434284Z Invariant traceability: I=12 OI=18; declared=10 uncovered=20; test links=16. Semantic coverage not checked.
Repository and GitFlow	Check contract baselines and SDK export regressions	﻿2026-09-25T01:33:24.1514680Z ##[group]Run python3 tools/check_contract_baselines.py
Repository and GitFlow	Check contract baselines and SDK export regressions	2026-09-25T01:33:24.1515227Z ^[[36;1mpython3 tools/check_contract_baselines.py^[[0m
Repository and GitFlow	Check contract baselines and SDK export regressions	2026-09-25T01:33:24.1515616Z ^[[36;1mpython3 tools/test_export_host_sdk.py^[[0m
Repository and GitFlow	Check contract baselines and SDK export regressions	2026-09-25T01:33:24.1576145Z shell: /usr/bin/bash --noprofile --norc -e -o pipefail {0}
Repository and GitFlow	Check contract baselines and SDK export regressions	2026-09-25T01:33:24.1576509Z ##[endgroup]
Repository and GitFlow	Check contract baselines and SDK export regressions	2026-09-25T01:33:24.1910046Z contracts: 4 normative files unchanged
Repository and GitFlow	Check contract baselines and SDK export regressions	2026-09-25T01:33:24.1910690Z cell_operations: 4 normative files unchanged
Repository and GitFlow	Check contract baselines and SDK export regressions	2026-09-25T01:33:24.4497217Z PASS: fresh inventory, modified destination preserved/refused, authority crate excluded
Repository and GitFlow	Check optional binding manifests without rewriting them	﻿2026-09-25T01:33:24.4606494Z ##[group]Run for checker in tools/update_*_binding.py; do
Repository and GitFlow	Check optional binding manifests without rewriting them	2026-09-25T01:33:24.4606960Z ^[[36;1mfor checker in tools/update_*_binding.py; do^[[0m
Repository and GitFlow	Check optional binding manifests without rewriting them	2026-09-25T01:33:24.4607287Z ^[[36;1m  python3 "$checker" --check^[[0m
Repository and GitFlow	Check optional binding manifests without rewriting them	2026-09-25T01:33:24.4607546Z ^[[36;1mdone^[[0m
Repository and GitFlow	Check optional binding manifests without rewriting them	2026-09-25T01:33:24.4668525Z shell: /usr/bin/bash --noprofile --norc -e -o pipefail {0}
Repository and GitFlow	Check optional binding manifests without rewriting them	2026-09-25T01:33:24.4668882Z ##[endgroup]
Repository and GitFlow	Check optional binding manifests without rewriting them	2026-09-25T01:33:24.5050652Z Assignment binding sources unchanged
Repository and GitFlow	Check optional binding manifests without rewriting them	2026-09-25T01:33:24.5400906Z Executor plan binding sources unchanged
Repository and GitFlow	Check optional binding manifests without rewriting them	2026-09-25T01:33:24.5817464Z Executor read binding sources unchanged
Repository and GitFlow	Check optional binding manifests without rewriting them	2026-09-25T01:33:24.6190101Z Host configuration binding unchanged
Repository and GitFlow	Check optional binding manifests without rewriting them	2026-09-25T01:33:24.6550950Z Host qualification binding unchanged
Repository and GitFlow	Check optional binding manifests without rewriting them	2026-09-25T01:33:24.6924888Z Host read binding unchanged
Repository and GitFlow	Check optional binding manifests without rewriting them	2026-09-25T01:33:24.7285200Z Production binding sources unchanged
Repository and GitFlow	Post Run actions/checkout@11d5960a326750d5838078e36cf38b85af677262	﻿2026-09-25T01:33:24.7467649Z Post job cleanup.
Repository and GitFlow	Post Run actions/checkout@11d5960a326750d5838078e36cf38b85af677262	2026-09-25T01:33:24.8324395Z [command]/usr/bin/git version
Repository and GitFlow	Post Run actions/checkout@11d5960a326750d5838078e36cf38b85af677262	2026-09-25T01:33:24.8367776Z git version 2.55.0
Repository and GitFlow	Post Run actions/checkout@11d5960a326750d5838078e36cf38b85af677262	2026-09-25T01:33:24.8441129Z Temporarily overriding HOME='/home/runner/work/_temp/436370ba-11cc-4f0c-8caa-74bf6291f03d' before making global git config changes
Repository and GitFlow	Post Run actions/checkout@11d5960a326750d5838078e36cf38b85af677262	2026-09-25T01:33:24.8442822Z Adding repository directory to the temporary git global config as a safe directory
Repository and GitFlow	Post Run actions/checkout@11d5960a326750d5838078e36cf38b85af677262	2026-09-25T01:33:24.8446769Z [command]/usr/bin/git config --global --add safe.directory /home/runner/work/rx-platform/rx-platform
Repository and GitFlow	Post Run actions/checkout@11d5960a326750d5838078e36cf38b85af677262	2026-09-25T01:33:24.8488286Z [command]/usr/bin/git config --local --name-only --get-regexp core\.sshCommand
Repository and GitFlow	Post Run actions/checkout@11d5960a326750d5838078e36cf38b85af677262	2026-09-25T01:33:24.8530041Z [command]/usr/bin/git submodule foreach --recursive sh -c "git config --local --name-only --get-regexp 'core\.sshCommand' && git config --local --unset-all 'core.sshCommand' || :"
Repository and GitFlow	Post Run actions/checkout@11d5960a326750d5838078e36cf38b85af677262	2026-09-25T01:33:24.8774638Z [command]/usr/bin/git config --local --name-only --get-regexp http\.https\:\/\/github\.com\/\.extraheader
Repository and GitFlow	Post Run actions/checkout@11d5960a326750d5838078e36cf38b85af677262	2026-09-25T01:33:24.8809507Z [command]/usr/bin/git submodule foreach --recursive sh -c "git config --local --name-only --get-regexp 'http\.https\:\/\/github\.com\/\.extraheader' && git config --local --unset-all 'http.https://github.com/.extraheader' || :"
Repository and GitFlow	Post Run actions/checkout@11d5960a326750d5838078e36cf38b85af677262	2026-09-25T01:33:24.9071770Z [command]/usr/bin/git config --local --name-only --get-regexp ^includeIf\.gitdir:
Repository and GitFlow	Post Run actions/checkout@11d5960a326750d5838078e36cf38b85af677262	2026-09-25T01:33:24.9111707Z [command]/usr/bin/git submodule foreach --recursive git config --local --show-origin --name-only --get-regexp remote.origin.url
Repository and GitFlow	Complete job	﻿2026-09-25T01:33:24.9514580Z Cleaning up orphan processes
Repository and GitFlow	Complete job	2026-09-25T01:33:24.9810356Z ##[warning]Node.js 20 is deprecated. The following actions target Node.js 20 but are being forced to run on Node.js 24: actions/checkout@11d5960a326750d5838078e36cf38b85af677262. For more information see: https://github.blog/changelog/2025-09-19-deprecation-of-node-20-on-github-actions-runners/
CI	Set up job	﻿2026-09-25T01:37:01.8325919Z Current runner version: '2.337.0'
CI	Set up job	2026-09-25T01:37:01.8350701Z ##[group]Runner Image Provisioner
CI	Set up job	2026-09-25T01:37:01.8351426Z Hosted Compute Agent
CI	Set up job	2026-09-25T01:37:01.8351898Z Version: 20260828.587
CI	Set up job	2026-09-25T01:37:01.8352608Z Commit: abac92662cab4cc7352de4f9f9d2e2419aad9c29
CI	Set up job	2026-09-25T01:37:01.8353194Z Build Date: 2026-08-28T16:44:25Z
CI	Set up job	2026-09-25T01:37:01.8353830Z Worker ID: {95ed54ec-66b4-4250-844d-21047cb6a250}
CI	Set up job	2026-09-25T01:37:01.8354420Z Azure Region: westus3
CI	Set up job	2026-09-25T01:37:01.8354879Z ##[endgroup]
CI	Set up job	2026-09-25T01:37:01.8356505Z ##[group]Operating System
CI	Set up job	2026-09-25T01:37:01.8357035Z Ubuntu
CI	Set up job	2026-09-25T01:37:01.8357539Z 24.04.5
CI	Set up job	2026-09-25T01:37:01.8357978Z LTS
CI	Set up job	2026-09-25T01:37:01.8358401Z ##[endgroup]
CI	Set up job	2026-09-25T01:37:01.8358977Z ##[group]Runner Image
CI	Set up job	2026-09-25T01:37:01.8359471Z Image: ubuntu-24.04
CI	Set up job	2026-09-25T01:37:01.8359986Z Version: 20260920.314.1
CI	Set up job	2026-09-25T01:37:01.8360854Z Included Software: https://github.com/actions/runner-images/blob/ubuntu24/20260920.314/images/ubuntu/Ubuntu2404-Readme.md
CI	Set up job	2026-09-25T01:37:01.8362312Z Image Release: https://github.com/actions/runner-images/releases/tag/ubuntu24%2F20260920.314
CI	Set up job	2026-09-25T01:37:01.8363096Z ##[endgroup]
CI	Set up job	2026-09-25T01:37:01.8364040Z ##[group]GITHUB_TOKEN Permissions
CI	Set up job	2026-09-25T01:37:01.8365784Z Contents: read
CI	Set up job	2026-09-25T01:37:01.8366575Z Metadata: read
CI	Set up job	2026-09-25T01:37:01.8367155Z ##[endgroup]
CI	Set up job	2026-09-25T01:37:01.8368846Z Secret source: Actions
CI	Set up job	2026-09-25T01:37:01.8369770Z Cache mode: write
CI	Set up job	2026-09-25T01:37:01.8370513Z Prepare workflow directory
CI	Set up job	2026-09-25T01:37:01.8685949Z Prepare all required actions
CI	Set up job	2026-09-25T01:37:01.8733892Z Complete job name: CI
CI	Require every validation job to pass	﻿2026-09-25T01:37:01.9415843Z ##[group]Run python3 - <<'PYTHON'
CI	Require every validation job to pass	2026-09-25T01:37:01.9416895Z ^[[36;1mpython3 - <<'PYTHON'^[[0m
CI	Require every validation job to pass	2026-09-25T01:37:01.9417432Z ^[[36;1mimport json, os, sys^[[0m
CI	Require every validation job to pass	2026-09-25T01:37:01.9418004Z ^[[36;1mresults = json.loads(os.environ["NEEDS"])^[[0m
CI	Require every validation job to pass	2026-09-25T01:37:01.9419153Z ^[[36;1mfailed = {name: value["result"] for name, value in results.items() if value["result"] != "success"}^[[0m
CI	Require every validation job to pass	2026-09-25T01:37:01.9419977Z ^[[36;1mif failed:^[[0m
CI	Require every validation job to pass	2026-09-25T01:37:01.9420669Z ^[[36;1m    sys.exit(f"Required validation jobs did not pass: {failed}")^[[0m
CI	Require every validation job to pass	2026-09-25T01:37:01.9421425Z ^[[36;1mprint("All required validation jobs passed.")^[[0m
CI	Require every validation job to pass	2026-09-25T01:37:01.9422010Z ^[[36;1mPYTHON^[[0m
CI	Require every validation job to pass	2026-09-25T01:37:02.1069925Z shell: /usr/bin/bash --noprofile --norc -e -o pipefail {0}
CI	Require every validation job to pass	2026-09-25T01:37:02.1070784Z env:
CI	Require every validation job to pass	2026-09-25T01:37:02.1071458Z   NEEDS: {
CI	Require every validation job to pass	  "repository": {
CI	Require every validation job to pass	    "result": "success",
CI	Require every validation job to pass	    "outputs": {}
CI	Require every validation job to pass	  },
CI	Require every validation job to pass	  "rust": {
CI	Require every validation job to pass	    "result": "success",
CI	Require every validation job to pass	    "outputs": {}
CI	Require every validation job to pass	  }
CI	Require every validation job to pass	}
CI	Require every validation job to pass	2026-09-25T01:37:02.1072213Z ##[endgroup]
CI	Require every validation job to pass	2026-09-25T01:37:02.1391172Z All required validation jobs passed.
CI	Complete job	﻿2026-09-25T01:37:02.1530639Z Cleaning up orphan processes
