Repository and GitFlow	Set up job	﻿2026-09-25T01:47:22.5708755Z Current runner version: '2.337.0'
Repository and GitFlow	Set up job	2026-09-25T01:47:22.5733298Z ##[group]Runner Image Provisioner
Repository and GitFlow	Set up job	2026-09-25T01:47:22.5734319Z Hosted Compute Agent
Repository and GitFlow	Set up job	2026-09-25T01:47:22.5734954Z Version: 20260828.587
Repository and GitFlow	Set up job	2026-09-25T01:47:22.5735582Z Commit: abac92662cab4cc7352de4f9f9d2e2419aad9c29
Repository and GitFlow	Set up job	2026-09-25T01:47:22.5736371Z Build Date: 2026-08-28T16:44:25Z
Repository and GitFlow	Set up job	2026-09-25T01:47:22.5737068Z Worker ID: {538a7996-4842-4861-8b6a-4601758e6182}
Repository and GitFlow	Set up job	2026-09-25T01:47:22.5737830Z Azure Region: westus3
Repository and GitFlow	Set up job	2026-09-25T01:47:22.5738437Z ##[endgroup]
Repository and GitFlow	Set up job	2026-09-25T01:47:22.5739692Z ##[group]Operating System
Repository and GitFlow	Set up job	2026-09-25T01:47:22.5740334Z Ubuntu
Repository and GitFlow	Set up job	2026-09-25T01:47:22.5740858Z 24.04.5
Repository and GitFlow	Set up job	2026-09-25T01:47:22.5741869Z LTS
Repository and GitFlow	Set up job	2026-09-25T01:47:22.5742466Z ##[endgroup]
Repository and GitFlow	Set up job	2026-09-25T01:47:22.5743004Z ##[group]Runner Image
Repository and GitFlow	Set up job	2026-09-25T01:47:22.5743594Z Image: ubuntu-24.04
Repository and GitFlow	Set up job	2026-09-25T01:47:22.5744131Z Version: 20260920.314.1
Repository and GitFlow	Set up job	2026-09-25T01:47:22.5745174Z Included Software: https://github.com/actions/runner-images/blob/ubuntu24/20260920.314/images/ubuntu/Ubuntu2404-Readme.md
Repository and GitFlow	Set up job	2026-09-25T01:47:22.5746839Z Image Release: https://github.com/actions/runner-images/releases/tag/ubuntu24%2F20260920.314
Repository and GitFlow	Set up job	2026-09-25T01:47:22.5747755Z ##[endgroup]
Repository and GitFlow	Set up job	2026-09-25T01:47:22.5748834Z ##[group]GITHUB_TOKEN Permissions
Repository and GitFlow	Set up job	2026-09-25T01:47:22.5750774Z Contents: read
Repository and GitFlow	Set up job	2026-09-25T01:47:22.5751364Z Metadata: read
Repository and GitFlow	Set up job	2026-09-25T01:47:22.5752399Z ##[endgroup]
Repository and GitFlow	Set up job	2026-09-25T01:47:22.5754439Z Secret source: Actions
Repository and GitFlow	Set up job	2026-09-25T01:47:22.5755293Z Cache mode: write
Repository and GitFlow	Set up job	2026-09-25T01:47:22.5756006Z Prepare workflow directory
Repository and GitFlow	Set up job	2026-09-25T01:47:22.6629629Z Prepare all required actions
Repository and GitFlow	Set up job	2026-09-25T01:47:22.6672609Z Getting action download info
Repository and GitFlow	Set up job	2026-09-25T01:47:22.9784456Z Download action repository 'actions/checkout@11d5960a326750d5838078e36cf38b85af677262' (SHA:11d5960a326750d5838078e36cf38b85af677262)
Repository and GitFlow	Set up job	2026-09-25T01:47:23.7431037Z Complete job name: Repository and GitFlow
Repository and GitFlow	Run actions/checkout@11d5960a326750d5838078e36cf38b85af677262	﻿2026-09-25T01:47:23.8184272Z ##[group]Run actions/checkout@11d5960a326750d5838078e36cf38b85af677262
Repository and GitFlow	Run actions/checkout@11d5960a326750d5838078e36cf38b85af677262	2026-09-25T01:47:23.8185894Z with:
Repository and GitFlow	Run actions/checkout@11d5960a326750d5838078e36cf38b85af677262	2026-09-25T01:47:23.8186806Z   persist-credentials: false
Repository and GitFlow	Run actions/checkout@11d5960a326750d5838078e36cf38b85af677262	2026-09-25T01:47:23.8187818Z   fetch-depth: 0
Repository and GitFlow	Run actions/checkout@11d5960a326750d5838078e36cf38b85af677262	2026-09-25T01:47:23.8188706Z   repository: jack0682/rx-solutions
Repository and GitFlow	Run actions/checkout@11d5960a326750d5838078e36cf38b85af677262	2026-09-25T01:47:23.8195889Z   token: ***
Repository and GitFlow	Run actions/checkout@11d5960a326750d5838078e36cf38b85af677262	2026-09-25T01:47:23.8196734Z   ssh-strict: true
Repository and GitFlow	Run actions/checkout@11d5960a326750d5838078e36cf38b85af677262	2026-09-25T01:47:23.8197604Z   ssh-user: git
Repository and GitFlow	Run actions/checkout@11d5960a326750d5838078e36cf38b85af677262	2026-09-25T01:47:23.8198438Z   clean: true
Repository and GitFlow	Run actions/checkout@11d5960a326750d5838078e36cf38b85af677262	2026-09-25T01:47:23.8199298Z   sparse-checkout-cone-mode: true
Repository and GitFlow	Run actions/checkout@11d5960a326750d5838078e36cf38b85af677262	2026-09-25T01:47:23.8200331Z   fetch-tags: false
Repository and GitFlow	Run actions/checkout@11d5960a326750d5838078e36cf38b85af677262	2026-09-25T01:47:23.8201226Z   show-progress: true
Repository and GitFlow	Run actions/checkout@11d5960a326750d5838078e36cf38b85af677262	2026-09-25T01:47:23.8202364Z   lfs: false
Repository and GitFlow	Run actions/checkout@11d5960a326750d5838078e36cf38b85af677262	2026-09-25T01:47:23.8203202Z   submodules: false
Repository and GitFlow	Run actions/checkout@11d5960a326750d5838078e36cf38b85af677262	2026-09-25T01:47:23.8204092Z   set-safe-directory: true
Repository and GitFlow	Run actions/checkout@11d5960a326750d5838078e36cf38b85af677262	2026-09-25T01:47:23.8205108Z   allow-unsafe-pr-checkout: false
Repository and GitFlow	Run actions/checkout@11d5960a326750d5838078e36cf38b85af677262	2026-09-25T01:47:23.8206320Z ##[endgroup]
Repository and GitFlow	Run actions/checkout@11d5960a326750d5838078e36cf38b85af677262	2026-09-25T01:47:23.9078259Z Syncing repository: jack0682/rx-solutions
Repository and GitFlow	Run actions/checkout@11d5960a326750d5838078e36cf38b85af677262	2026-09-25T01:47:23.9082097Z ##[group]Getting Git version info
Repository and GitFlow	Run actions/checkout@11d5960a326750d5838078e36cf38b85af677262	2026-09-25T01:47:23.9083891Z Working directory is '/home/runner/work/rx-solutions/rx-solutions'
Repository and GitFlow	Run actions/checkout@11d5960a326750d5838078e36cf38b85af677262	2026-09-25T01:47:23.9086153Z [command]/usr/bin/git version
Repository and GitFlow	Run actions/checkout@11d5960a326750d5838078e36cf38b85af677262	2026-09-25T01:47:23.9138521Z git version 2.55.0
Repository and GitFlow	Run actions/checkout@11d5960a326750d5838078e36cf38b85af677262	2026-09-25T01:47:23.9165971Z ##[endgroup]
Repository and GitFlow	Run actions/checkout@11d5960a326750d5838078e36cf38b85af677262	2026-09-25T01:47:23.9174409Z Temporarily overriding HOME='/home/runner/work/_temp/6d212d0a-748d-4c62-80c1-6c052d7c804c' before making global git config changes
Repository and GitFlow	Run actions/checkout@11d5960a326750d5838078e36cf38b85af677262	2026-09-25T01:47:23.9178229Z Adding repository directory to the temporary git global config as a safe directory
Repository and GitFlow	Run actions/checkout@11d5960a326750d5838078e36cf38b85af677262	2026-09-25T01:47:23.9181415Z [command]/usr/bin/git config --global --add safe.directory /home/runner/work/rx-solutions/rx-solutions
Repository and GitFlow	Run actions/checkout@11d5960a326750d5838078e36cf38b85af677262	2026-09-25T01:47:23.9603826Z Deleting the contents of '/home/runner/work/rx-solutions/rx-solutions'
Repository and GitFlow	Run actions/checkout@11d5960a326750d5838078e36cf38b85af677262	2026-09-25T01:47:23.9608932Z ##[group]Initializing the repository
Repository and GitFlow	Run actions/checkout@11d5960a326750d5838078e36cf38b85af677262	2026-09-25T01:47:23.9611632Z [command]/usr/bin/git init /home/runner/work/rx-solutions/rx-solutions
Repository and GitFlow	Run actions/checkout@11d5960a326750d5838078e36cf38b85af677262	2026-09-25T01:47:24.0804574Z hint: Using 'master' as the name for the initial branch. This default branch name
Repository and GitFlow	Run actions/checkout@11d5960a326750d5838078e36cf38b85af677262	2026-09-25T01:47:24.0806311Z hint: will change to "main" in Git 3.0. To configure the initial branch name
Repository and GitFlow	Run actions/checkout@11d5960a326750d5838078e36cf38b85af677262	2026-09-25T01:47:24.0807890Z hint: to use in all of your new repositories, which will suppress this warning,
Repository and GitFlow	Run actions/checkout@11d5960a326750d5838078e36cf38b85af677262	2026-09-25T01:47:24.0809417Z hint: call:
Repository and GitFlow	Run actions/checkout@11d5960a326750d5838078e36cf38b85af677262	2026-09-25T01:47:24.0810498Z hint:
Repository and GitFlow	Run actions/checkout@11d5960a326750d5838078e36cf38b85af677262	2026-09-25T01:47:24.0811382Z hint: 	git config --global init.defaultBranch <name>
Repository and GitFlow	Run actions/checkout@11d5960a326750d5838078e36cf38b85af677262	2026-09-25T01:47:24.0812584Z hint:
Repository and GitFlow	Run actions/checkout@11d5960a326750d5838078e36cf38b85af677262	2026-09-25T01:47:24.0813446Z hint: Names commonly chosen instead of 'master' are 'main', 'trunk' and
Repository and GitFlow	Run actions/checkout@11d5960a326750d5838078e36cf38b85af677262	2026-09-25T01:47:24.0814471Z hint: 'development'. The just-created branch can be renamed via this command:
Repository and GitFlow	Run actions/checkout@11d5960a326750d5838078e36cf38b85af677262	2026-09-25T01:47:24.0815552Z hint:
Repository and GitFlow	Run actions/checkout@11d5960a326750d5838078e36cf38b85af677262	2026-09-25T01:47:24.0816326Z hint: 	git branch -m <name>
Repository and GitFlow	Run actions/checkout@11d5960a326750d5838078e36cf38b85af677262	2026-09-25T01:47:24.0817065Z hint:
Repository and GitFlow	Run actions/checkout@11d5960a326750d5838078e36cf38b85af677262	2026-09-25T01:47:24.0817922Z hint: Disable this message with "git config set advice.defaultBranchName false"
Repository and GitFlow	Run actions/checkout@11d5960a326750d5838078e36cf38b85af677262	2026-09-25T01:47:24.0823029Z Initialized empty Git repository in /home/runner/work/rx-solutions/rx-solutions/.git/
Repository and GitFlow	Run actions/checkout@11d5960a326750d5838078e36cf38b85af677262	2026-09-25T01:47:24.0832640Z [command]/usr/bin/git remote add origin https://github.com/jack0682/rx-solutions
Repository and GitFlow	Run actions/checkout@11d5960a326750d5838078e36cf38b85af677262	2026-09-25T01:47:24.1166396Z ##[endgroup]
Repository and GitFlow	Run actions/checkout@11d5960a326750d5838078e36cf38b85af677262	2026-09-25T01:47:24.1167437Z ##[group]Disabling automatic garbage collection
Repository and GitFlow	Run actions/checkout@11d5960a326750d5838078e36cf38b85af677262	2026-09-25T01:47:24.1170125Z [command]/usr/bin/git config --local gc.auto 0
Repository and GitFlow	Run actions/checkout@11d5960a326750d5838078e36cf38b85af677262	2026-09-25T01:47:24.1196607Z ##[endgroup]
Repository and GitFlow	Run actions/checkout@11d5960a326750d5838078e36cf38b85af677262	2026-09-25T01:47:24.1197512Z ##[group]Setting up auth
Repository and GitFlow	Run actions/checkout@11d5960a326750d5838078e36cf38b85af677262	2026-09-25T01:47:24.1203106Z [command]/usr/bin/git config --local --name-only --get-regexp core\.sshCommand
Repository and GitFlow	Run actions/checkout@11d5960a326750d5838078e36cf38b85af677262	2026-09-25T01:47:24.1227530Z [command]/usr/bin/git submodule foreach --recursive sh -c "git config --local --name-only --get-regexp 'core\.sshCommand' && git config --local --unset-all 'core.sshCommand' || :"
Repository and GitFlow	Run actions/checkout@11d5960a326750d5838078e36cf38b85af677262	2026-09-25T01:47:24.1520895Z [command]/usr/bin/git config --local --name-only --get-regexp http\.https\:\/\/github\.com\/\.extraheader
Repository and GitFlow	Run actions/checkout@11d5960a326750d5838078e36cf38b85af677262	2026-09-25T01:47:24.1546047Z [command]/usr/bin/git submodule foreach --recursive sh -c "git config --local --name-only --get-regexp 'http\.https\:\/\/github\.com\/\.extraheader' && git config --local --unset-all 'http.https://github.com/.extraheader' || :"
Repository and GitFlow	Run actions/checkout@11d5960a326750d5838078e36cf38b85af677262	2026-09-25T01:47:24.1700502Z [command]/usr/bin/git config --local --name-only --get-regexp ^includeIf\.gitdir:
Repository and GitFlow	Run actions/checkout@11d5960a326750d5838078e36cf38b85af677262	2026-09-25T01:47:24.1725298Z [command]/usr/bin/git submodule foreach --recursive git config --local --show-origin --name-only --get-regexp remote.origin.url
Repository and GitFlow	Run actions/checkout@11d5960a326750d5838078e36cf38b85af677262	2026-09-25T01:47:24.1879923Z [command]/usr/bin/git config --local http.https://github.com/.extraheader AUTHORIZATION: basic ***
Repository and GitFlow	Run actions/checkout@11d5960a326750d5838078e36cf38b85af677262	2026-09-25T01:47:24.1909449Z ##[endgroup]
Repository and GitFlow	Run actions/checkout@11d5960a326750d5838078e36cf38b85af677262	2026-09-25T01:47:24.1910492Z ##[group]Fetching the repository
Repository and GitFlow	Run actions/checkout@11d5960a326750d5838078e36cf38b85af677262	2026-09-25T01:47:24.1918750Z [command]/usr/bin/git -c protocol.version=2 fetch --prune --no-recurse-submodules origin +refs/heads/*:refs/remotes/origin/* +refs/tags/*:refs/tags/*
Repository and GitFlow	Run actions/checkout@11d5960a326750d5838078e36cf38b85af677262	2026-09-25T01:47:25.3778546Z From https://github.com/jack0682/rx-solutions
Repository and GitFlow	Run actions/checkout@11d5960a326750d5838078e36cf38b85af677262	2026-09-25T01:47:25.3780691Z  * [new branch]      develop                 -> origin/develop
Repository and GitFlow	Run actions/checkout@11d5960a326750d5838078e36cf38b85af677262	2026-09-25T01:47:25.3781472Z  * [new branch]      main                    -> origin/main
Repository and GitFlow	Run actions/checkout@11d5960a326750d5838078e36cf38b85af677262	2026-09-25T01:47:25.3782632Z  * [new tag]         archive/initial-draft-2026-09-14 -> archive/initial-draft-2026-09-14
Repository and GitFlow	Run actions/checkout@11d5960a326750d5838078e36cf38b85af677262	2026-09-25T01:47:25.3783839Z  * [new tag]         archive/investigation-wip-2026-09-14 -> archive/investigation-wip-2026-09-14
Repository and GitFlow	Run actions/checkout@11d5960a326750d5838078e36cf38b85af677262	2026-09-25T01:47:25.3784928Z  * [new tag]         codex/initial-draft     -> codex/initial-draft
Repository and GitFlow	Run actions/checkout@11d5960a326750d5838078e36cf38b85af677262	2026-09-25T01:47:25.3785910Z  * [new tag]         codex/investigation-wip -> codex/investigation-wip
Repository and GitFlow	Run actions/checkout@11d5960a326750d5838078e36cf38b85af677262	2026-09-25T01:47:25.3786880Z  * [new tag]         draft-v0.1              -> draft-v0.1
Repository and GitFlow	Run actions/checkout@11d5960a326750d5838078e36cf38b85af677262	2026-09-25T01:47:25.3792120Z [command]/usr/bin/git branch --list --remote origin/develop
Repository and GitFlow	Run actions/checkout@11d5960a326750d5838078e36cf38b85af677262	2026-09-25T01:47:25.3814936Z   origin/develop
Repository and GitFlow	Run actions/checkout@11d5960a326750d5838078e36cf38b85af677262	2026-09-25T01:47:25.3823340Z [command]/usr/bin/git rev-parse refs/remotes/origin/develop
Repository and GitFlow	Run actions/checkout@11d5960a326750d5838078e36cf38b85af677262	2026-09-25T01:47:25.3857815Z 6b92bab6af35dbbca3c3fdd16225a58e84ca26aa
Repository and GitFlow	Run actions/checkout@11d5960a326750d5838078e36cf38b85af677262	2026-09-25T01:47:25.3862367Z ##[endgroup]
Repository and GitFlow	Run actions/checkout@11d5960a326750d5838078e36cf38b85af677262	2026-09-25T01:47:25.3863246Z ##[group]Determining the checkout info
Repository and GitFlow	Run actions/checkout@11d5960a326750d5838078e36cf38b85af677262	2026-09-25T01:47:25.3864076Z ##[endgroup]
Repository and GitFlow	Run actions/checkout@11d5960a326750d5838078e36cf38b85af677262	2026-09-25T01:47:25.3864911Z [command]/usr/bin/git sparse-checkout disable
Repository and GitFlow	Run actions/checkout@11d5960a326750d5838078e36cf38b85af677262	2026-09-25T01:47:25.3903380Z [command]/usr/bin/git config --local --unset-all extensions.worktreeConfig
Repository and GitFlow	Run actions/checkout@11d5960a326750d5838078e36cf38b85af677262	2026-09-25T01:47:25.3926285Z ##[group]Checking out the ref
Repository and GitFlow	Run actions/checkout@11d5960a326750d5838078e36cf38b85af677262	2026-09-25T01:47:25.3928736Z [command]/usr/bin/git checkout --progress --force -B develop refs/remotes/origin/develop
Repository and GitFlow	Run actions/checkout@11d5960a326750d5838078e36cf38b85af677262	2026-09-25T01:47:25.4264992Z Switched to a new branch 'develop'
Repository and GitFlow	Run actions/checkout@11d5960a326750d5838078e36cf38b85af677262	2026-09-25T01:47:25.4269129Z branch 'develop' set up to track 'origin/develop'.
Repository and GitFlow	Run actions/checkout@11d5960a326750d5838078e36cf38b85af677262	2026-09-25T01:47:25.4273516Z ##[endgroup]
Repository and GitFlow	Run actions/checkout@11d5960a326750d5838078e36cf38b85af677262	2026-09-25T01:47:25.4307870Z [command]/usr/bin/git log -1 --format=%H
Repository and GitFlow	Run actions/checkout@11d5960a326750d5838078e36cf38b85af677262	2026-09-25T01:47:25.4326982Z 6b92bab6af35dbbca3c3fdd16225a58e84ca26aa
Repository and GitFlow	Run actions/checkout@11d5960a326750d5838078e36cf38b85af677262	2026-09-25T01:47:25.4333791Z ##[group]Removing auth
Repository and GitFlow	Run actions/checkout@11d5960a326750d5838078e36cf38b85af677262	2026-09-25T01:47:25.4337512Z [command]/usr/bin/git config --local --name-only --get-regexp core\.sshCommand
Repository and GitFlow	Run actions/checkout@11d5960a326750d5838078e36cf38b85af677262	2026-09-25T01:47:25.4359116Z [command]/usr/bin/git submodule foreach --recursive sh -c "git config --local --name-only --get-regexp 'core\.sshCommand' && git config --local --unset-all 'core.sshCommand' || :"
Repository and GitFlow	Run actions/checkout@11d5960a326750d5838078e36cf38b85af677262	2026-09-25T01:47:25.4514462Z [command]/usr/bin/git config --local --name-only --get-regexp http\.https\:\/\/github\.com\/\.extraheader
Repository and GitFlow	Run actions/checkout@11d5960a326750d5838078e36cf38b85af677262	2026-09-25T01:47:25.4534812Z http.https://github.com/.extraheader
Repository and GitFlow	Run actions/checkout@11d5960a326750d5838078e36cf38b85af677262	2026-09-25T01:47:25.4540862Z [command]/usr/bin/git config --local --unset-all http.https://github.com/.extraheader
Repository and GitFlow	Run actions/checkout@11d5960a326750d5838078e36cf38b85af677262	2026-09-25T01:47:25.4565551Z [command]/usr/bin/git submodule foreach --recursive sh -c "git config --local --name-only --get-regexp 'http\.https\:\/\/github\.com\/\.extraheader' && git config --local --unset-all 'http.https://github.com/.extraheader' || :"
Repository and GitFlow	Run actions/checkout@11d5960a326750d5838078e36cf38b85af677262	2026-09-25T01:47:25.4716875Z [command]/usr/bin/git config --local --name-only --get-regexp ^includeIf\.gitdir:
Repository and GitFlow	Run actions/checkout@11d5960a326750d5838078e36cf38b85af677262	2026-09-25T01:47:25.4738461Z [command]/usr/bin/git submodule foreach --recursive git config --local --show-origin --name-only --get-regexp remote.origin.url
Repository and GitFlow	Run actions/checkout@11d5960a326750d5838078e36cf38b85af677262	2026-09-25T01:47:25.4888742Z ##[endgroup]
Repository and GitFlow	Test repository checks	﻿2026-09-25T01:47:25.5048743Z ##[group]Run python3 .github/test_repository.py
Repository and GitFlow	Test repository checks	2026-09-25T01:47:25.5049305Z ^[[36;1mpython3 .github/test_repository.py^[[0m
Repository and GitFlow	Test repository checks	2026-09-25T01:47:25.5049709Z ^[[36;1mpython3 .github/test_commit_policy.py^[[0m
Repository and GitFlow	Test repository checks	2026-09-25T01:47:25.5234969Z shell: /usr/bin/bash --noprofile --norc -e -o pipefail {0}
Repository and GitFlow	Test repository checks	2026-09-25T01:47:25.5235422Z ##[endgroup]
Repository and GitFlow	Test repository checks	2026-09-25T01:47:25.6250383Z ........................
Repository and GitFlow	Test repository checks	2026-09-25T01:47:25.6251148Z ----------------------------------------------------------------------
Repository and GitFlow	Test repository checks	2026-09-25T01:47:25.6251824Z Ran 24 tests in 0.015s
Repository and GitFlow	Test repository checks	2026-09-25T01:47:25.6252035Z 
Repository and GitFlow	Test repository checks	2026-09-25T01:47:25.6252184Z OK
Repository and GitFlow	Test repository checks	2026-09-25T01:47:28.5178666Z .................
Repository and GitFlow	Test repository checks	2026-09-25T01:47:28.5179400Z ----------------------------------------------------------------------
Repository and GitFlow	Test repository checks	2026-09-25T01:47:28.5180062Z Ran 17 tests in 2.822s
Repository and GitFlow	Test repository checks	2026-09-25T01:47:28.5180302Z 
Repository and GitFlow	Test repository checks	2026-09-25T01:47:28.5180408Z OK
Repository and GitFlow	Test browser server lifecycle helper	﻿2026-09-25T01:47:28.5341000Z ##[group]Run python3 apps/operator/tests/test_with_servers.py
Repository and GitFlow	Test browser server lifecycle helper	2026-09-25T01:47:28.5341461Z ^[[36;1mpython3 apps/operator/tests/test_with_servers.py^[[0m
Repository and GitFlow	Test browser server lifecycle helper	2026-09-25T01:47:28.5375846Z shell: /usr/bin/bash --noprofile --norc -e -o pipefail {0}
Repository and GitFlow	Test browser server lifecycle helper	2026-09-25T01:47:28.5376253Z ##[endgroup]
Repository and GitFlow	Test browser server lifecycle helper	2026-09-25T01:47:28.9809120Z ....
Repository and GitFlow	Test browser server lifecycle helper	2026-09-25T01:47:28.9810073Z ----------------------------------------------------------------------
Repository and GitFlow	Test browser server lifecycle helper	2026-09-25T01:47:28.9810814Z Ran 4 tests in 0.403s
Repository and GitFlow	Test browser server lifecycle helper	2026-09-25T01:47:28.9811152Z 
Repository and GitFlow	Test browser server lifecycle helper	2026-09-25T01:47:28.9811364Z OK
Repository and GitFlow	Check DCO and verified OpenPGP signatures	﻿2026-09-25T01:47:28.9928126Z ##[group]Run python3 tools/check_commit_policy.py --head "$HEAD_SHA" --github-repository "$GITHUB_REPOSITORY"
Repository and GitFlow	Check DCO and verified OpenPGP signatures	2026-09-25T01:47:28.9929147Z ^[[36;1mpython3 tools/check_commit_policy.py --head "$HEAD_SHA" --github-repository "$GITHUB_REPOSITORY"^[[0m
Repository and GitFlow	Check DCO and verified OpenPGP signatures	2026-09-25T01:47:28.9963872Z shell: /usr/bin/bash --noprofile --norc -e -o pipefail {0}
Repository and GitFlow	Check DCO and verified OpenPGP signatures	2026-09-25T01:47:28.9964239Z env:
Repository and GitFlow	Check DCO and verified OpenPGP signatures	2026-09-25T01:47:28.9966210Z   GH_TOKEN: ***
Repository and GitFlow	Check DCO and verified OpenPGP signatures	2026-09-25T01:47:28.9966539Z   HEAD_SHA: 6b92bab6af35dbbca3c3fdd16225a58e84ca26aa
Repository and GitFlow	Check DCO and verified OpenPGP signatures	2026-09-25T01:47:28.9966850Z ##[endgroup]
Repository and GitFlow	Check DCO and verified OpenPGP signatures	2026-09-25T01:48:08.2097859Z HISTORICAL DCO VIOLATION (unresolved): jack0682/rx-solutions@041f4724cf3ab96debc9e8f08d25a64274d41ca0; missing author signoff; recorded policy exception, not certification
Repository and GitFlow	Check DCO and verified OpenPGP signatures	2026-09-25T01:48:08.2099591Z OK: 83 commits audited; 82 author sign-offs; 1 recorded historical DCO violations; all signatures verified OpenPGP
Repository and GitFlow	Validate JSON, local links and contract integrity	﻿2026-09-25T01:48:08.2204078Z ##[group]Run python3 tools/check_repository.py
Repository and GitFlow	Validate JSON, local links and contract integrity	2026-09-25T01:48:08.2204601Z ^[[36;1mpython3 tools/check_repository.py^[[0m
Repository and GitFlow	Validate JSON, local links and contract integrity	2026-09-25T01:48:08.2238951Z shell: /usr/bin/bash --noprofile --norc -e -o pipefail {0}
Repository and GitFlow	Validate JSON, local links and contract integrity	2026-09-25T01:48:08.2239363Z ##[endgroup]
Repository and GitFlow	Validate JSON, local links and contract integrity	2026-09-25T01:48:08.3542325Z Checked 55 JSON files, local targets in 92 Markdown files, and two contract baselines; 0 links outside this checkout are not checked.
Repository and GitFlow	Validate JSON, local links and contract integrity	2026-09-25T01:48:08.3543561Z Repository checks passed.
Repository and GitFlow	Check invariant traceability	﻿2026-09-25T01:48:08.3613605Z ##[group]Run python3 tools/check_invariant_traceability.py
Repository and GitFlow	Check invariant traceability	2026-09-25T01:48:08.3614038Z ^[[36;1mpython3 tools/check_invariant_traceability.py^[[0m
Repository and GitFlow	Check invariant traceability	2026-09-25T01:48:08.3644701Z shell: /usr/bin/bash --noprofile --norc -e -o pipefail {0}
Repository and GitFlow	Check invariant traceability	2026-09-25T01:48:08.3645088Z ##[endgroup]
Repository and GitFlow	Check invariant traceability	2026-09-25T01:48:08.4325197Z Invariant traceability: I=12 OI=18; declared=7 uncovered=23; test links=10. Semantic coverage not checked.
Repository and GitFlow	Check device catalog sources and native inventory regressions	﻿2026-09-25T01:48:08.4386575Z ##[group]Run python3 tools/check_device_catalog_sources.py
Repository and GitFlow	Check device catalog sources and native inventory regressions	2026-09-25T01:48:08.4386990Z ^[[36;1mpython3 tools/check_device_catalog_sources.py^[[0m
Repository and GitFlow	Check device catalog sources and native inventory regressions	2026-09-25T01:48:08.4387345Z ^[[36;1mpython3 tools/test_native_inventory.py^[[0m
Repository and GitFlow	Check device catalog sources and native inventory regressions	2026-09-25T01:48:08.4415515Z shell: /usr/bin/bash --noprofile --norc -e -o pipefail {0}
Repository and GitFlow	Check device catalog sources and native inventory regressions	2026-09-25T01:48:08.4415870Z ##[endgroup]
Repository and GitFlow	Check device catalog sources and native inventory regressions	2026-09-25T01:48:08.4735059Z {"schema": "rx.catalog-source-check.v1", "status": "PASS", "external_repositories": 0, "profiles": 4, "unique_source_files": 1, "catalog_sha256": "669aaf825d542bf3173ab49072350b488e2f71826dfd9492e006d059a3c2ccbd", "scope": "Source identity and declarations only; synthetic fixtures are not physical equipment qualification."}
Repository and GitFlow	Check device catalog sources and native inventory regressions	2026-09-25T01:48:08.5888526Z Native source mutation and mode drift rejected
Repository and GitFlow	Post Run actions/checkout@11d5960a326750d5838078e36cf38b85af677262	﻿2026-09-25T01:48:08.6028375Z Post job cleanup.
Repository and GitFlow	Post Run actions/checkout@11d5960a326750d5838078e36cf38b85af677262	2026-09-25T01:48:08.6719167Z [command]/usr/bin/git version
Repository and GitFlow	Post Run actions/checkout@11d5960a326750d5838078e36cf38b85af677262	2026-09-25T01:48:08.6750079Z git version 2.55.0
Repository and GitFlow	Post Run actions/checkout@11d5960a326750d5838078e36cf38b85af677262	2026-09-25T01:48:08.6776930Z Temporarily overriding HOME='/home/runner/work/_temp/57f64638-ea6c-41de-a986-d47abca52a80' before making global git config changes
Repository and GitFlow	Post Run actions/checkout@11d5960a326750d5838078e36cf38b85af677262	2026-09-25T01:48:08.6778200Z Adding repository directory to the temporary git global config as a safe directory
Repository and GitFlow	Post Run actions/checkout@11d5960a326750d5838078e36cf38b85af677262	2026-09-25T01:48:08.6782101Z [command]/usr/bin/git config --global --add safe.directory /home/runner/work/rx-solutions/rx-solutions
Repository and GitFlow	Post Run actions/checkout@11d5960a326750d5838078e36cf38b85af677262	2026-09-25T01:48:08.6810411Z [command]/usr/bin/git config --local --name-only --get-regexp core\.sshCommand
Repository and GitFlow	Post Run actions/checkout@11d5960a326750d5838078e36cf38b85af677262	2026-09-25T01:48:08.6835580Z [command]/usr/bin/git submodule foreach --recursive sh -c "git config --local --name-only --get-regexp 'core\.sshCommand' && git config --local --unset-all 'core.sshCommand' || :"
Repository and GitFlow	Post Run actions/checkout@11d5960a326750d5838078e36cf38b85af677262	2026-09-25T01:48:08.7016098Z [command]/usr/bin/git config --local --name-only --get-regexp http\.https\:\/\/github\.com\/\.extraheader
Repository and GitFlow	Post Run actions/checkout@11d5960a326750d5838078e36cf38b85af677262	2026-09-25T01:48:08.7041334Z [command]/usr/bin/git submodule foreach --recursive sh -c "git config --local --name-only --get-regexp 'http\.https\:\/\/github\.com\/\.extraheader' && git config --local --unset-all 'http.https://github.com/.extraheader' || :"
Repository and GitFlow	Post Run actions/checkout@11d5960a326750d5838078e36cf38b85af677262	2026-09-25T01:48:08.7216792Z [command]/usr/bin/git config --local --name-only --get-regexp ^includeIf\.gitdir:
Repository and GitFlow	Post Run actions/checkout@11d5960a326750d5838078e36cf38b85af677262	2026-09-25T01:48:08.7239188Z [command]/usr/bin/git submodule foreach --recursive git config --local --show-origin --name-only --get-regexp remote.origin.url
Repository and GitFlow	Complete job	﻿2026-09-25T01:48:08.7539019Z Cleaning up orphan processes
Repository and GitFlow	Complete job	2026-09-25T01:48:08.7783975Z ##[warning]Node.js 20 is deprecated. The following actions target Node.js 20 but are being forced to run on Node.js 24: actions/checkout@11d5960a326750d5838078e36cf38b85af677262. For more information see: https://github.blog/changelog/2025-09-19-deprecation-of-node-20-on-github-actions-runners/
Rust	Set up job	﻿2026-09-25T01:47:22.2881061Z Current runner version: '2.337.0'
Rust	Set up job	2026-09-25T01:47:22.2906284Z ##[group]Runner Image Provisioner
Rust	Set up job	2026-09-25T01:47:22.2907145Z Hosted Compute Agent
Rust	Set up job	2026-09-25T01:47:22.2907862Z Version: 20260828.587
Rust	Set up job	2026-09-25T01:47:22.2908516Z Commit: abac92662cab4cc7352de4f9f9d2e2419aad9c29
Rust	Set up job	2026-09-25T01:47:22.2909327Z Build Date: 2026-08-28T16:44:25Z
Rust	Set up job	2026-09-25T01:47:22.2910040Z Worker ID: {9b7a719e-4c73-4720-948c-8d8c53a38aac}
Rust	Set up job	2026-09-25T01:47:22.2911059Z Azure Region: eastus2
Rust	Set up job	2026-09-25T01:47:22.2911761Z ##[endgroup]
Rust	Set up job	2026-09-25T01:47:22.2913224Z ##[group]Operating System
Rust	Set up job	2026-09-25T01:47:22.2914375Z Ubuntu
Rust	Set up job	2026-09-25T01:47:22.2914938Z 24.04.5
Rust	Set up job	2026-09-25T01:47:22.2915434Z LTS
Rust	Set up job	2026-09-25T01:47:22.2916011Z ##[endgroup]
Rust	Set up job	2026-09-25T01:47:22.2916571Z ##[group]Runner Image
Rust	Set up job	2026-09-25T01:47:22.2917300Z Image: ubuntu-24.04
Rust	Set up job	2026-09-25T01:47:22.2917906Z Version: 20260920.314.1
Rust	Set up job	2026-09-25T01:47:22.2918964Z Included Software: https://github.com/actions/runner-images/blob/ubuntu24/20260920.314/images/ubuntu/Ubuntu2404-Readme.md
Rust	Set up job	2026-09-25T01:47:22.2920988Z Image Release: https://github.com/actions/runner-images/releases/tag/ubuntu24%2F20260920.314
Rust	Set up job	2026-09-25T01:47:22.2922073Z ##[endgroup]
Rust	Set up job	2026-09-25T01:47:22.2923181Z ##[group]GITHUB_TOKEN Permissions
Rust	Set up job	2026-09-25T01:47:22.2925321Z Contents: read
Rust	Set up job	2026-09-25T01:47:22.2926006Z Metadata: read
Rust	Set up job	2026-09-25T01:47:22.2926715Z ##[endgroup]
Rust	Set up job	2026-09-25T01:47:22.2928760Z Secret source: Actions
Rust	Set up job	2026-09-25T01:47:22.2929809Z Cache mode: write
Rust	Set up job	2026-09-25T01:47:22.2930954Z Prepare workflow directory
Rust	Set up job	2026-09-25T01:47:22.3336039Z Prepare all required actions
Rust	Set up job	2026-09-25T01:47:22.3383266Z Getting action download info
Rust	Set up job	2026-09-25T01:47:22.5113554Z Download action repository 'actions/checkout@11d5960a326750d5838078e36cf38b85af677262' (SHA:11d5960a326750d5838078e36cf38b85af677262)
Rust	Set up job	2026-09-25T01:47:22.6174222Z Download action repository 'actions/cache@0057852bfaa89a56745cba8c7296529d2fc39830' (SHA:0057852bfaa89a56745cba8c7296529d2fc39830)
Rust	Set up job	2026-09-25T01:47:22.8068756Z Complete job name: Rust
Rust	Run actions/checkout@11d5960a326750d5838078e36cf38b85af677262	﻿2026-09-25T01:47:22.8857403Z ##[group]Run actions/checkout@11d5960a326750d5838078e36cf38b85af677262
Rust	Run actions/checkout@11d5960a326750d5838078e36cf38b85af677262	2026-09-25T01:47:22.8858484Z with:
Rust	Run actions/checkout@11d5960a326750d5838078e36cf38b85af677262	2026-09-25T01:47:22.8858940Z   persist-credentials: false
Rust	Run actions/checkout@11d5960a326750d5838078e36cf38b85af677262	2026-09-25T01:47:22.8859470Z   repository: jack0682/rx-solutions
Rust	Run actions/checkout@11d5960a326750d5838078e36cf38b85af677262	2026-09-25T01:47:22.8863810Z   token: ***
Rust	Run actions/checkout@11d5960a326750d5838078e36cf38b85af677262	2026-09-25T01:47:22.8864284Z   ssh-strict: true
Rust	Run actions/checkout@11d5960a326750d5838078e36cf38b85af677262	2026-09-25T01:47:22.8864726Z   ssh-user: git
Rust	Run actions/checkout@11d5960a326750d5838078e36cf38b85af677262	2026-09-25T01:47:22.8865147Z   clean: true
Rust	Run actions/checkout@11d5960a326750d5838078e36cf38b85af677262	2026-09-25T01:47:22.8865591Z   sparse-checkout-cone-mode: true
Rust	Run actions/checkout@11d5960a326750d5838078e36cf38b85af677262	2026-09-25T01:47:22.8866123Z   fetch-depth: 1
Rust	Run actions/checkout@11d5960a326750d5838078e36cf38b85af677262	2026-09-25T01:47:22.8866553Z   fetch-tags: false
Rust	Run actions/checkout@11d5960a326750d5838078e36cf38b85af677262	2026-09-25T01:47:22.8866993Z   show-progress: true
Rust	Run actions/checkout@11d5960a326750d5838078e36cf38b85af677262	2026-09-25T01:47:22.8867434Z   lfs: false
Rust	Run actions/checkout@11d5960a326750d5838078e36cf38b85af677262	2026-09-25T01:47:22.8867839Z   submodules: false
Rust	Run actions/checkout@11d5960a326750d5838078e36cf38b85af677262	2026-09-25T01:47:22.8868296Z   set-safe-directory: true
Rust	Run actions/checkout@11d5960a326750d5838078e36cf38b85af677262	2026-09-25T01:47:22.8868802Z   allow-unsafe-pr-checkout: false
Rust	Run actions/checkout@11d5960a326750d5838078e36cf38b85af677262	2026-09-25T01:47:22.8869637Z env:
Rust	Run actions/checkout@11d5960a326750d5838078e36cf38b85af677262	2026-09-25T01:47:22.8870058Z   CARGO_TERM_COLOR: always
Rust	Run actions/checkout@11d5960a326750d5838078e36cf38b85af677262	2026-09-25T01:47:22.8870749Z   RUST_BACKTRACE: 1
Rust	Run actions/checkout@11d5960a326750d5838078e36cf38b85af677262	2026-09-25T01:47:22.8871193Z ##[endgroup]
Rust	Run actions/checkout@11d5960a326750d5838078e36cf38b85af677262	2026-09-25T01:47:22.9874037Z Syncing repository: jack0682/rx-solutions
Rust	Run actions/checkout@11d5960a326750d5838078e36cf38b85af677262	2026-09-25T01:47:22.9875910Z ##[group]Getting Git version info
Rust	Run actions/checkout@11d5960a326750d5838078e36cf38b85af677262	2026-09-25T01:47:22.9876688Z Working directory is '/home/runner/work/rx-solutions/rx-solutions'
Rust	Run actions/checkout@11d5960a326750d5838078e36cf38b85af677262	2026-09-25T01:47:22.9878019Z [command]/usr/bin/git version
Rust	Run actions/checkout@11d5960a326750d5838078e36cf38b85af677262	2026-09-25T01:47:22.9977480Z git version 2.55.0
Rust	Run actions/checkout@11d5960a326750d5838078e36cf38b85af677262	2026-09-25T01:47:23.0016833Z ##[endgroup]
Rust	Run actions/checkout@11d5960a326750d5838078e36cf38b85af677262	2026-09-25T01:47:23.0031360Z Temporarily overriding HOME='/home/runner/work/_temp/70a1f976-cacc-4d24-88eb-ec65edacb37a' before making global git config changes
Rust	Run actions/checkout@11d5960a326750d5838078e36cf38b85af677262	2026-09-25T01:47:23.0033905Z Adding repository directory to the temporary git global config as a safe directory
Rust	Run actions/checkout@11d5960a326750d5838078e36cf38b85af677262	2026-09-25T01:47:23.0037740Z [command]/usr/bin/git config --global --add safe.directory /home/runner/work/rx-solutions/rx-solutions
Rust	Run actions/checkout@11d5960a326750d5838078e36cf38b85af677262	2026-09-25T01:47:23.0091119Z Deleting the contents of '/home/runner/work/rx-solutions/rx-solutions'
Rust	Run actions/checkout@11d5960a326750d5838078e36cf38b85af677262	2026-09-25T01:47:23.0096339Z ##[group]Initializing the repository
Rust	Run actions/checkout@11d5960a326750d5838078e36cf38b85af677262	2026-09-25T01:47:23.0101689Z [command]/usr/bin/git init /home/runner/work/rx-solutions/rx-solutions
Rust	Run actions/checkout@11d5960a326750d5838078e36cf38b85af677262	2026-09-25T01:47:23.0197136Z hint: Using 'master' as the name for the initial branch. This default branch name
Rust	Run actions/checkout@11d5960a326750d5838078e36cf38b85af677262	2026-09-25T01:47:23.0198342Z hint: will change to "main" in Git 3.0. To configure the initial branch name
Rust	Run actions/checkout@11d5960a326750d5838078e36cf38b85af677262	2026-09-25T01:47:23.0199305Z hint: to use in all of your new repositories, which will suppress this warning,
Rust	Run actions/checkout@11d5960a326750d5838078e36cf38b85af677262	2026-09-25T01:47:23.0200044Z hint: call:
Rust	Run actions/checkout@11d5960a326750d5838078e36cf38b85af677262	2026-09-25T01:47:23.0200618Z hint:
Rust	Run actions/checkout@11d5960a326750d5838078e36cf38b85af677262	2026-09-25T01:47:23.0201151Z hint: 	git config --global init.defaultBranch <name>
Rust	Run actions/checkout@11d5960a326750d5838078e36cf38b85af677262	2026-09-25T01:47:23.0201778Z hint:
Rust	Run actions/checkout@11d5960a326750d5838078e36cf38b85af677262	2026-09-25T01:47:23.0202359Z hint: Names commonly chosen instead of 'master' are 'main', 'trunk' and
Rust	Run actions/checkout@11d5960a326750d5838078e36cf38b85af677262	2026-09-25T01:47:23.0203285Z hint: 'development'. The just-created branch can be renamed via this command:
Rust	Run actions/checkout@11d5960a326750d5838078e36cf38b85af677262	2026-09-25T01:47:23.0204014Z hint:
Rust	Run actions/checkout@11d5960a326750d5838078e36cf38b85af677262	2026-09-25T01:47:23.0204433Z hint: 	git branch -m <name>
Rust	Run actions/checkout@11d5960a326750d5838078e36cf38b85af677262	2026-09-25T01:47:23.0204914Z hint:
Rust	Run actions/checkout@11d5960a326750d5838078e36cf38b85af677262	2026-09-25T01:47:23.0205546Z hint: Disable this message with "git config set advice.defaultBranchName false"
Rust	Run actions/checkout@11d5960a326750d5838078e36cf38b85af677262	2026-09-25T01:47:23.0211512Z Initialized empty Git repository in /home/runner/work/rx-solutions/rx-solutions/.git/
Rust	Run actions/checkout@11d5960a326750d5838078e36cf38b85af677262	2026-09-25T01:47:23.0224807Z [command]/usr/bin/git remote add origin https://github.com/jack0682/rx-solutions
Rust	Run actions/checkout@11d5960a326750d5838078e36cf38b85af677262	2026-09-25T01:47:23.0305301Z ##[endgroup]
Rust	Run actions/checkout@11d5960a326750d5838078e36cf38b85af677262	2026-09-25T01:47:23.0306658Z ##[group]Disabling automatic garbage collection
Rust	Run actions/checkout@11d5960a326750d5838078e36cf38b85af677262	2026-09-25T01:47:23.0309524Z [command]/usr/bin/git config --local gc.auto 0
Rust	Run actions/checkout@11d5960a326750d5838078e36cf38b85af677262	2026-09-25T01:47:23.0345580Z ##[endgroup]
Rust	Run actions/checkout@11d5960a326750d5838078e36cf38b85af677262	2026-09-25T01:47:23.0346966Z ##[group]Setting up auth
Rust	Run actions/checkout@11d5960a326750d5838078e36cf38b85af677262	2026-09-25T01:47:23.0362588Z [command]/usr/bin/git config --local --name-only --get-regexp core\.sshCommand
Rust	Run actions/checkout@11d5960a326750d5838078e36cf38b85af677262	2026-09-25T01:47:23.0401410Z [command]/usr/bin/git submodule foreach --recursive sh -c "git config --local --name-only --get-regexp 'core\.sshCommand' && git config --local --unset-all 'core.sshCommand' || :"
Rust	Run actions/checkout@11d5960a326750d5838078e36cf38b85af677262	2026-09-25T01:47:23.0790753Z [command]/usr/bin/git config --local --name-only --get-regexp http\.https\:\/\/github\.com\/\.extraheader
Rust	Run actions/checkout@11d5960a326750d5838078e36cf38b85af677262	2026-09-25T01:47:23.0827205Z [command]/usr/bin/git submodule foreach --recursive sh -c "git config --local --name-only --get-regexp 'http\.https\:\/\/github\.com\/\.extraheader' && git config --local --unset-all 'http.https://github.com/.extraheader' || :"
Rust	Run actions/checkout@11d5960a326750d5838078e36cf38b85af677262	2026-09-25T01:47:23.1051774Z [command]/usr/bin/git config --local --name-only --get-regexp ^includeIf\.gitdir:
Rust	Run actions/checkout@11d5960a326750d5838078e36cf38b85af677262	2026-09-25T01:47:23.1088836Z [command]/usr/bin/git submodule foreach --recursive git config --local --show-origin --name-only --get-regexp remote.origin.url
Rust	Run actions/checkout@11d5960a326750d5838078e36cf38b85af677262	2026-09-25T01:47:23.1312063Z [command]/usr/bin/git config --local http.https://github.com/.extraheader AUTHORIZATION: basic ***
Rust	Run actions/checkout@11d5960a326750d5838078e36cf38b85af677262	2026-09-25T01:47:23.1355028Z ##[endgroup]
Rust	Run actions/checkout@11d5960a326750d5838078e36cf38b85af677262	2026-09-25T01:47:23.1355859Z ##[group]Fetching the repository
Rust	Run actions/checkout@11d5960a326750d5838078e36cf38b85af677262	2026-09-25T01:47:23.1364879Z [command]/usr/bin/git -c protocol.version=2 fetch --no-tags --prune --no-recurse-submodules --depth=1 origin +6b92bab6af35dbbca3c3fdd16225a58e84ca26aa:refs/remotes/origin/develop
Rust	Run actions/checkout@11d5960a326750d5838078e36cf38b85af677262	2026-09-25T01:47:23.5218002Z From https://github.com/jack0682/rx-solutions
Rust	Run actions/checkout@11d5960a326750d5838078e36cf38b85af677262	2026-09-25T01:47:23.5219942Z  * [new ref]         6b92bab6af35dbbca3c3fdd16225a58e84ca26aa -> origin/develop
Rust	Run actions/checkout@11d5960a326750d5838078e36cf38b85af677262	2026-09-25T01:47:23.5224092Z ##[endgroup]
Rust	Run actions/checkout@11d5960a326750d5838078e36cf38b85af677262	2026-09-25T01:47:23.5225721Z ##[group]Determining the checkout info
Rust	Run actions/checkout@11d5960a326750d5838078e36cf38b85af677262	2026-09-25T01:47:23.5227647Z ##[endgroup]
Rust	Run actions/checkout@11d5960a326750d5838078e36cf38b85af677262	2026-09-25T01:47:23.5234341Z [command]/usr/bin/git sparse-checkout disable
Rust	Run actions/checkout@11d5960a326750d5838078e36cf38b85af677262	2026-09-25T01:47:23.5287373Z [command]/usr/bin/git config --local --unset-all extensions.worktreeConfig
Rust	Run actions/checkout@11d5960a326750d5838078e36cf38b85af677262	2026-09-25T01:47:23.5321602Z ##[group]Checking out the ref
Rust	Run actions/checkout@11d5960a326750d5838078e36cf38b85af677262	2026-09-25T01:47:23.5325298Z [command]/usr/bin/git checkout --progress --force -B develop refs/remotes/origin/develop
Rust	Run actions/checkout@11d5960a326750d5838078e36cf38b85af677262	2026-09-25T01:47:23.5825960Z Switched to a new branch 'develop'
Rust	Run actions/checkout@11d5960a326750d5838078e36cf38b85af677262	2026-09-25T01:47:23.5832727Z branch 'develop' set up to track 'origin/develop'.
Rust	Run actions/checkout@11d5960a326750d5838078e36cf38b85af677262	2026-09-25T01:47:23.5840803Z ##[endgroup]
Rust	Run actions/checkout@11d5960a326750d5838078e36cf38b85af677262	2026-09-25T01:47:23.5885771Z [command]/usr/bin/git log -1 --format=%H
Rust	Run actions/checkout@11d5960a326750d5838078e36cf38b85af677262	2026-09-25T01:47:23.5913136Z 6b92bab6af35dbbca3c3fdd16225a58e84ca26aa
Rust	Run actions/checkout@11d5960a326750d5838078e36cf38b85af677262	2026-09-25T01:47:23.5923234Z ##[group]Removing auth
Rust	Run actions/checkout@11d5960a326750d5838078e36cf38b85af677262	2026-09-25T01:47:23.5927179Z [command]/usr/bin/git config --local --name-only --get-regexp core\.sshCommand
Rust	Run actions/checkout@11d5960a326750d5838078e36cf38b85af677262	2026-09-25T01:47:23.5962252Z [command]/usr/bin/git submodule foreach --recursive sh -c "git config --local --name-only --get-regexp 'core\.sshCommand' && git config --local --unset-all 'core.sshCommand' || :"
Rust	Run actions/checkout@11d5960a326750d5838078e36cf38b85af677262	2026-09-25T01:47:23.6186203Z [command]/usr/bin/git config --local --name-only --get-regexp http\.https\:\/\/github\.com\/\.extraheader
Rust	Run actions/checkout@11d5960a326750d5838078e36cf38b85af677262	2026-09-25T01:47:23.6214377Z http.https://github.com/.extraheader
Rust	Run actions/checkout@11d5960a326750d5838078e36cf38b85af677262	2026-09-25T01:47:23.6223895Z [command]/usr/bin/git config --local --unset-all http.https://github.com/.extraheader
Rust	Run actions/checkout@11d5960a326750d5838078e36cf38b85af677262	2026-09-25T01:47:23.6260949Z [command]/usr/bin/git submodule foreach --recursive sh -c "git config --local --name-only --get-regexp 'http\.https\:\/\/github\.com\/\.extraheader' && git config --local --unset-all 'http.https://github.com/.extraheader' || :"
Rust	Run actions/checkout@11d5960a326750d5838078e36cf38b85af677262	2026-09-25T01:47:23.6482613Z [command]/usr/bin/git config --local --name-only --get-regexp ^includeIf\.gitdir:
Rust	Run actions/checkout@11d5960a326750d5838078e36cf38b85af677262	2026-09-25T01:47:23.6518221Z [command]/usr/bin/git submodule foreach --recursive git config --local --show-origin --name-only --get-regexp remote.origin.url
Rust	Run actions/checkout@11d5960a326750d5838078e36cf38b85af677262	2026-09-25T01:47:23.6743952Z ##[endgroup]
Rust	Install repository Rust toolchain	﻿2026-09-25T01:47:23.6997947Z ##[group]Run toolchain=$(python3 -c 'import tomllib; print(tomllib.load(open("rust-toolchain.toml", "rb"))["toolchain"]["channel"])')
Rust	Install repository Rust toolchain	2026-09-25T01:47:23.7002176Z ^[[36;1mtoolchain=$(python3 -c 'import tomllib; print(tomllib.load(open("rust-toolchain.toml", "rb"))["toolchain"]["channel"])')^[[0m
Rust	Install repository Rust toolchain	2026-09-25T01:47:23.7005677Z ^[[36;1mrustup toolchain install "$toolchain" --profile minimal --component rustfmt --component clippy^[[0m
Rust	Install repository Rust toolchain	2026-09-25T01:47:23.7270054Z shell: /usr/bin/bash --noprofile --norc -e -o pipefail {0}
Rust	Install repository Rust toolchain	2026-09-25T01:47:23.7271838Z env:
Rust	Install repository Rust toolchain	2026-09-25T01:47:23.7272714Z   CARGO_TERM_COLOR: always
Rust	Install repository Rust toolchain	2026-09-25T01:47:23.7273747Z   RUST_BACKTRACE: 1
Rust	Install repository Rust toolchain	2026-09-25T01:47:23.7274631Z ##[endgroup]
Rust	Install repository Rust toolchain	2026-09-25T01:47:23.8623156Z info: syncing channel updates for 1.98.1-x86_64-unknown-linux-gnu
Rust	Install repository Rust toolchain	2026-09-25T01:47:24.0516733Z info: latest update on 2026-09-03 for version 1.98.1 (48a229cea 2026-09-01)
Rust	Install repository Rust toolchain	2026-09-25T01:47:24.0519507Z info: downloading 5 components
Rust	Install repository Rust toolchain	2026-09-25T01:47:31.9733527Z 
Rust	Install repository Rust toolchain	2026-09-25T01:47:31.9804136Z   1.98.1-x86_64-unknown-linux-gnu installed - rustc 1.98.1 (48a229cea 2026-09-01)
Rust	Install repository Rust toolchain	2026-09-25T01:47:31.9805043Z 
Rust	Run actions/cache@0057852bfaa89a56745cba8c7296529d2fc39830	﻿2026-09-25T01:47:32.0622615Z ##[group]Run actions/cache@0057852bfaa89a56745cba8c7296529d2fc39830
Rust	Run actions/cache@0057852bfaa89a56745cba8c7296529d2fc39830	2026-09-25T01:47:32.0623119Z with:
Rust	Run actions/cache@0057852bfaa89a56745cba8c7296529d2fc39830	2026-09-25T01:47:32.0623508Z   path: ~/.cargo/registry/index
Rust	Run actions/cache@0057852bfaa89a56745cba8c7296529d2fc39830	~/.cargo/registry/cache
Rust	Run actions/cache@0057852bfaa89a56745cba8c7296529d2fc39830	~/.cargo/git/db
Rust	Run actions/cache@0057852bfaa89a56745cba8c7296529d2fc39830	target
Rust	Run actions/cache@0057852bfaa89a56745cba8c7296529d2fc39830	
Rust	Run actions/cache@0057852bfaa89a56745cba8c7296529d2fc39830	2026-09-25T01:47:32.0624142Z   key: Linux-X64-rust-17dd49e4985c4bb0f381ef2c104d8e3c339f6705bb8d446778973c734cec0189
Rust	Run actions/cache@0057852bfaa89a56745cba8c7296529d2fc39830	2026-09-25T01:47:32.0624653Z   enableCrossOsArchive: false
Rust	Run actions/cache@0057852bfaa89a56745cba8c7296529d2fc39830	2026-09-25T01:47:32.0624960Z   fail-on-cache-miss: false
Rust	Run actions/cache@0057852bfaa89a56745cba8c7296529d2fc39830	2026-09-25T01:47:32.0625253Z   lookup-only: false
Rust	Run actions/cache@0057852bfaa89a56745cba8c7296529d2fc39830	2026-09-25T01:47:32.0625512Z   save-always: false
Rust	Run actions/cache@0057852bfaa89a56745cba8c7296529d2fc39830	2026-09-25T01:47:32.0625757Z env:
Rust	Run actions/cache@0057852bfaa89a56745cba8c7296529d2fc39830	2026-09-25T01:47:32.0625989Z   CARGO_TERM_COLOR: always
Rust	Run actions/cache@0057852bfaa89a56745cba8c7296529d2fc39830	2026-09-25T01:47:32.0626262Z   RUST_BACKTRACE: 1
Rust	Run actions/cache@0057852bfaa89a56745cba8c7296529d2fc39830	2026-09-25T01:47:32.0626504Z ##[endgroup]
Rust	Run actions/cache@0057852bfaa89a56745cba8c7296529d2fc39830	2026-09-25T01:47:32.1679094Z (node:2390) [DEP0040] DeprecationWarning: The `punycode` module is deprecated. Please use a userland alternative instead.
Rust	Run actions/cache@0057852bfaa89a56745cba8c7296529d2fc39830	2026-09-25T01:47:32.1680540Z (Use `node --trace-deprecation ...` to show where the warning was created)
Rust	Run actions/cache@0057852bfaa89a56745cba8c7296529d2fc39830	2026-09-25T01:47:32.2413639Z Cache not found for input keys: Linux-X64-rust-17dd49e4985c4bb0f381ef2c104d8e3c339f6705bb8d446778973c734cec0189
Rust	Check Rust formatting	﻿2026-09-25T01:47:32.2524679Z ##[group]Run cargo fmt --all -- --check
Rust	Check Rust formatting	2026-09-25T01:47:32.2525063Z ^[[36;1mcargo fmt --all -- --check^[[0m
Rust	Check Rust formatting	2026-09-25T01:47:32.2594123Z shell: /usr/bin/bash --noprofile --norc -e -o pipefail {0}
Rust	Check Rust formatting	2026-09-25T01:47:32.2594502Z env:
Rust	Check Rust formatting	2026-09-25T01:47:32.2594712Z   CARGO_TERM_COLOR: always
Rust	Check Rust formatting	2026-09-25T01:47:32.2594957Z   RUST_BACKTRACE: 1
Rust	Check Rust formatting	2026-09-25T01:47:32.2595165Z ##[endgroup]
Rust	Check Rust lints	﻿2026-09-25T01:47:33.3343206Z ##[group]Run cargo clippy --workspace --all-targets --all-features --locked -- -D warnings
Rust	Check Rust lints	2026-09-25T01:47:33.3343933Z ^[[36;1mcargo clippy --workspace --all-targets --all-features --locked -- -D warnings^[[0m
Rust	Check Rust lints	2026-09-25T01:47:33.3406882Z shell: /usr/bin/bash --noprofile --norc -e -o pipefail {0}
Rust	Check Rust lints	2026-09-25T01:47:33.3407454Z env:
Rust	Check Rust lints	2026-09-25T01:47:33.3407682Z   CARGO_TERM_COLOR: always
Rust	Check Rust lints	2026-09-25T01:47:33.3407925Z   RUST_BACKTRACE: 1
Rust	Check Rust lints	2026-09-25T01:47:33.3408132Z ##[endgroup]
Rust	Check Rust lints	2026-09-25T01:47:33.4326465Z ^[[1m^[[92m    Updating^[[0m crates.io index
Rust	Check Rust lints	2026-09-25T01:47:33.8627566Z ^[[1m^[[92m Downloading^[[0m crates ...
Rust	Check Rust lints	2026-09-25T01:47:33.9742179Z ^[[1m^[[92m  Downloaded^[[0m asn1-rs-impl v0.2.0
Rust	Check Rust lints	2026-09-25T01:47:33.9753683Z ^[[1m^[[92m  Downloaded^[[0m atomic-waker v1.1.2
Rust	Check Rust lints	2026-09-25T01:47:33.9812400Z ^[[1m^[[92m  Downloaded^[[0m crypto-common v0.2.2
Rust	Check Rust lints	2026-09-25T01:47:33.9831048Z ^[[1m^[[92m  Downloaded^[[0m ambient-authority v0.0.2
Rust	Check Rust lints	2026-09-25T01:47:33.9847969Z ^[[1m^[[92m  Downloaded^[[0m asn1-rs v0.7.2
Rust	Check Rust lints	2026-09-25T01:47:33.9952620Z ^[[1m^[[92m  Downloaded^[[0m fs-set-times v0.20.3
Rust	Check Rust lints	2026-09-25T01:47:33.9970323Z ^[[1m^[[92m  Downloaded^[[0m bitflags v2.13.2
Rust	Check Rust lints	2026-09-25T01:47:34.0025122Z ^[[1m^[[92m  Downloaded^[[0m cap-std v4.0.3
Rust	Check Rust lints	2026-09-25T01:47:34.0068794Z ^[[1m^[[92m  Downloaded^[[0m h2 v0.4.19
Rust	Check Rust lints	2026-09-25T01:47:34.0153984Z ^[[1m^[[92m  Downloaded^[[0m async-trait v0.1.92
Rust	Check Rust lints	2026-09-25T01:47:34.0192185Z ^[[1m^[[92m  Downloaded^[[0m aho-corasick v1.1.5
Rust	Check Rust lints	2026-09-25T01:47:34.0261482Z ^[[1m^[[92m  Downloaded^[[0m anyhow v1.0.104
Rust	Check Rust lints	2026-09-25T01:47:34.0300967Z ^[[1m^[[92m  Downloaded^[[0m asn1-rs-derive v0.6.0
Rust	Check Rust lints	2026-09-25T01:47:34.0313932Z ^[[1m^[[92m  Downloaded^[[0m fixedbitset v0.5.7
Rust	Check Rust lints	2026-09-25T01:47:34.0335161Z ^[[1m^[[92m  Downloaded^[[0m prost-derive v0.14.4
Rust	Check Rust lints	2026-09-25T01:47:34.0349958Z ^[[1m^[[92m  Downloaded^[[0m autocfg v1.5.1
Rust	Check Rust lints	2026-09-25T01:47:34.0370813Z ^[[1m^[[92m  Downloaded^[[0m data-encoding v2.11.1
Rust	Check Rust lints	2026-09-25T01:47:34.0381951Z ^[[1m^[[92m  Downloaded^[[0m fallible-iterator v0.3.0
Rust	Check Rust lints	2026-09-25T01:47:34.0396531Z ^[[1m^[[92m  Downloaded^[[0m foldhash v0.1.5
Rust	Check Rust lints	2026-09-25T01:47:34.0411328Z ^[[1m^[[92m  Downloaded^[[0m matchit v0.8.4
Rust	Check Rust lints	2026-09-25T01:47:34.0434860Z ^[[1m^[[92m  Downloaded^[[0m num-integer v0.1.47
Rust	Check Rust lints	2026-09-25T01:47:34.0451855Z ^[[1m^[[92m  Downloaded^[[0m futures-core v0.3.34
Rust	Check Rust lints	2026-09-25T01:47:34.0467412Z ^[[1m^[[92m  Downloaded^[[0m fallible-streaming-iterator v0.1.9
Rust	Check Rust lints	2026-09-25T01:47:34.0482656Z ^[[1m^[[92m  Downloaded^[[0m axum-core v0.5.6
Rust	Check Rust lints	2026-09-25T01:47:34.0505054Z ^[[1m^[[92m  Downloaded^[[0m cfg-if v1.0.4
Rust	Check Rust lints	2026-09-25T01:47:34.0520267Z ^[[1m^[[92m  Downloaded^[[0m deranged v0.5.8
Rust	Check Rust lints	2026-09-25T01:47:34.0535790Z ^[[1m^[[92m  Downloaded^[[0m httparse v1.10.1
Rust	Check Rust lints	2026-09-25T01:47:34.0563282Z ^[[1m^[[92m  Downloaded^[[0m nom v7.1.3
Rust	Check Rust lints	2026-09-25T01:47:34.0620877Z ^[[1m^[[92m  Downloaded^[[0m slab v0.4.12
Rust	Check Rust lints	2026-09-25T01:47:34.0635754Z ^[[1m^[[92m  Downloaded^[[0m io-lifetimes v3.0.1
Rust	Check Rust lints	2026-09-25T01:47:34.0653740Z ^[[1m^[[92m  Downloaded^[[0m fastrand v2.5.0
Rust	Check Rust lints	2026-09-25T01:47:34.0668560Z ^[[1m^[[92m  Downloaded^[[0m fnv v1.0.7
Rust	Check Rust lints	2026-09-25T01:47:34.0677656Z ^[[1m^[[92m  Downloaded^[[0m ryu-js v0.2.2
Rust	Check Rust lints	2026-09-25T01:47:34.0713096Z ^[[1m^[[92m  Downloaded^[[0m httpdate v1.0.3
Rust	Check Rust lints	2026-09-25T01:47:34.0726306Z ^[[1m^[[92m  Downloaded^[[0m hybrid-array v0.4.15
Rust	Check Rust lints	2026-09-25T01:47:34.0751245Z ^[[1m^[[92m  Downloaded^[[0m maybe-owned v0.3.4
Rust	Check Rust lints	2026-09-25T01:47:34.0766664Z ^[[1m^[[92m  Downloaded^[[0m num-bigint v0.4.8
Rust	Check Rust lints	2026-09-25T01:47:34.0826496Z ^[[1m^[[92m  Downloaded^[[0m displaydoc v0.2.7
Rust	Check Rust lints	2026-09-25T01:47:34.0854986Z ^[[1m^[[92m  Downloaded^[[0m errno v0.3.14
Rust	Check Rust lints	2026-09-25T01:47:34.0871936Z ^[[1m^[[92m  Downloaded^[[0m axum v0.8.9
Rust	Check Rust lints	2026-09-25T01:47:34.0991991Z ^[[1m^[[92m  Downloaded^[[0m lazy_static v1.5.0
Rust	Check Rust lints	2026-09-25T01:47:34.1036703Z ^[[1m^[[92m  Downloaded^[[0m num-traits v0.2.19
Rust	Check Rust lints	2026-09-25T01:47:34.1051967Z ^[[1m^[[92m  Downloaded^[[0m either v1.18.0
Rust	Check Rust lints	2026-09-25T01:47:34.1069637Z ^[[1m^[[92m  Downloaded^[[0m mime v0.3.17
Rust	Check Rust lints	2026-09-25T01:47:34.1085242Z ^[[1m^[[92m  Downloaded^[[0m block-buffer v0.10.4
Rust	Check Rust lints	2026-09-25T01:47:34.1100356Z ^[[1m^[[92m  Downloaded^[[0m block-buffer v0.12.1
Rust	Check Rust lints	2026-09-25T01:47:34.1119831Z ^[[1m^[[92m  Downloaded^[[0m cpufeatures v0.3.1
Rust	Check Rust lints	2026-09-25T01:47:34.1140643Z ^[[1m^[[92m  Downloaded^[[0m der-parser v10.0.0
Rust	Check Rust lints	2026-09-25T01:47:34.1183735Z ^[[1m^[[92m  Downloaded^[[0m ed25519-dalek v3.0.0
Rust	Check Rust lints	2026-09-25T01:47:34.1233611Z ^[[1m^[[92m  Downloaded^[[0m equivalent v1.0.2
Rust	Check Rust lints	2026-09-25T01:47:34.1248916Z ^[[1m^[[92m  Downloaded^[[0m http-body v1.1.0
Rust	Check Rust lints	2026-09-25T01:47:34.1265090Z ^[[1m^[[92m  Downloaded^[[0m ipnet v2.12.2
Rust	Check Rust lints	2026-09-25T01:47:34.1292111Z ^[[1m^[[92m  Downloaded^[[0m yasna v0.6.0
Rust	Check Rust lints	2026-09-25T01:47:34.1326332Z ^[[1m^[[92m  Downloaded^[[0m futures-channel v0.3.34
Rust	Check Rust lints	2026-09-25T01:47:34.1355057Z ^[[1m^[[92m  Downloaded^[[0m getrandom v0.2.17
Rust	Check Rust lints	2026-09-25T01:47:34.1402975Z ^[[1m^[[92m  Downloaded^[[0m pin-project-internal v1.1.13
Rust	Check Rust lints	2026-09-25T01:47:34.1431342Z ^[[1m^[[92m  Downloaded^[[0m io-extras v0.19.0
Rust	Check Rust lints	2026-09-25T01:47:34.1453448Z ^[[1m^[[92m  Downloaded^[[0m hashbrown v0.15.5
Rust	Check Rust lints	2026-09-25T01:47:34.1523916Z ^[[1m^[[92m  Downloaded^[[0m futures-task v0.3.34
Rust	Check Rust lints	2026-09-25T01:47:34.1539307Z ^[[1m^[[92m  Downloaded^[[0m libc v0.2.189
Rust	Check Rust lints	2026-09-25T01:47:34.2084297Z ^[[1m^[[92m  Downloaded^[[0m num-conv v0.2.2
Rust	Check Rust lints	2026-09-25T01:47:34.2095242Z ^[[1m^[[92m  Downloaded^[[0m cpufeatures v0.2.17
Rust	Check Rust lints	2026-09-25T01:47:34.2113979Z ^[[1m^[[92m  Downloaded^[[0m log v0.4.34
Rust	Check Rust lints	2026-09-25T01:47:34.2140720Z ^[[1m^[[92m  Downloaded^[[0m base64 v0.23.1
Rust	Check Rust lints	2026-09-25T01:47:34.2180862Z ^[[1m^[[92m  Downloaded^[[0m futures-sink v0.3.34
Rust	Check Rust lints	2026-09-25T01:47:34.2189650Z ^[[1m^[[92m  Downloaded^[[0m io-lifetimes v2.0.4
Rust	Check Rust lints	2026-09-25T01:47:34.2206488Z ^[[1m^[[92m  Downloaded^[[0m hyper-timeout v0.5.2
Rust	Check Rust lints	2026-09-25T01:47:34.2221245Z ^[[1m^[[92m  Downloaded^[[0m mio v1.2.3
Rust	Check Rust lints	2026-09-25T01:47:34.2283243Z ^[[1m^[[92m  Downloaded^[[0m oid-registry v0.8.1
Rust	Check Rust lints	2026-09-25T01:47:34.2295905Z ^[[1m^[[92m  Downloaded^[[0m rcgen v0.14.10
Rust	Check Rust lints	2026-09-25T01:47:34.2319592Z ^[[1m^[[92m  Downloaded^[[0m cap-primitives v4.0.3
Rust	Check Rust lints	2026-09-25T01:47:34.2433931Z ^[[1m^[[92m  Downloaded^[[0m digest v0.10.7
Rust	Check Rust lints	2026-09-25T01:47:34.2452847Z ^[[1m^[[92m  Downloaded^[[0m pkg-config v0.3.34
Rust	Check Rust lints	2026-09-25T01:47:34.2468064Z ^[[1m^[[92m  Downloaded^[[0m bit-vec v0.9.1
Rust	Check Rust lints	2026-09-25T01:47:34.2484610Z ^[[1m^[[92m  Downloaded^[[0m find-msvc-tools v0.1.12
Rust	Check Rust lints	2026-09-25T01:47:34.2500780Z ^[[1m^[[92m  Downloaded^[[0m pin-project v1.1.13
Rust	Check Rust lints	2026-09-25T01:47:34.2639220Z ^[[1m^[[92m  Downloaded^[[0m powerfmt v0.2.0
Rust	Check Rust lints	2026-09-25T01:47:34.2650980Z ^[[1m^[[92m  Downloaded^[[0m curve25519-dalek-derive v0.1.1
Rust	Check Rust lints	2026-09-25T01:47:34.2661211Z ^[[1m^[[92m  Downloaded^[[0m foldhash v0.2.0
Rust	Check Rust lints	2026-09-25T01:47:34.2673718Z ^[[1m^[[92m  Downloaded^[[0m prettyplease v0.2.37
Rust	Check Rust lints	2026-09-25T01:47:34.2709581Z ^[[1m^[[92m  Downloaded^[[0m zeroize v1.9.0
Rust	Check Rust lints	2026-09-25T01:47:34.2728060Z ^[[1m^[[92m  Downloaded^[[0m heck v0.5.0
Rust	Check Rust lints	2026-09-25T01:47:34.2741883Z ^[[1m^[[92m  Downloaded^[[0m proc-macro2 v1.0.107
Rust	Check Rust lints	2026-09-25T01:47:34.2771769Z ^[[1m^[[92m  Downloaded^[[0m percent-encoding v2.3.2
Rust	Check Rust lints	2026-09-25T01:47:34.2781022Z ^[[1m^[[92m  Downloaded^[[0m digest v0.11.3
Rust	Check Rust lints	2026-09-25T01:47:34.2806041Z ^[[1m^[[92m  Downloaded^[[0m http-body-util v0.1.5
Rust	Check Rust lints	2026-09-25T01:47:34.2827130Z ^[[1m^[[92m  Downloaded^[[0m crypto-common v0.1.7
Rust	Check Rust lints	2026-09-25T01:47:34.2836954Z ^[[1m^[[92m  Downloaded^[[0m pem v4.0.0
Rust	Check Rust lints	2026-09-25T01:47:34.2851090Z ^[[1m^[[92m  Downloaded^[[0m regex v1.13.1
Rust	Check Rust lints	2026-09-25T01:47:34.2905544Z ^[[1m^[[92m  Downloaded^[[0m itoa v1.0.18
Rust	Check Rust lints	2026-09-25T01:47:34.2920476Z ^[[1m^[[92m  Downloaded^[[0m multimap v0.10.1
Rust	Check Rust lints	2026-09-25T01:47:34.2931429Z ^[[1m^[[92m  Downloaded^[[0m hashlink v0.12.2
Rust	Check Rust lints	2026-09-25T01:47:34.2951150Z ^[[1m^[[92m  Downloaded^[[0m tokio-macros v2.7.2
Rust	Check Rust lints	2026-09-25T01:47:34.2963551Z ^[[1m^[[92m  Downloaded^[[0m cap-fs-ext v4.0.3
Rust	Check Rust lints	2026-09-25T01:47:34.2982268Z ^[[1m^[[92m  Downloaded^[[0m time-core v0.1.9
Rust	Check Rust lints	2026-09-25T01:47:34.2993702Z ^[[1m^[[92m  Downloaded^[[0m thiserror-impl v2.0.20
Rust	Check Rust lints	2026-09-25T01:47:34.3008543Z ^[[1m^[[92m  Downloaded^[[0m ed25519 v3.0.0
Rust	Check Rust lints	2026-09-25T01:47:34.3026428Z ^[[1m^[[92m  Downloaded^[[0m futures-util v0.3.34
Rust	Check Rust lints	2026-09-25T01:47:34.3162438Z ^[[1m^[[92m  Downloaded^[[0m hyper v1.11.1
Rust	Check Rust lints	2026-09-25T01:47:34.3233549Z ^[[1m^[[92m  Downloaded^[[0m rustix-linux-procfs v0.1.1
Rust	Check Rust lints	2026-09-25T01:47:34.3245311Z ^[[1m^[[92m  Downloaded^[[0m bytes v1.12.1
Rust	Check Rust lints	2026-09-25T01:47:34.3280835Z ^[[1m^[[92m  Downloaded^[[0m getrandom v0.4.3
Rust	Check Rust lints	2026-09-25T01:47:34.3319538Z ^[[1m^[[92m  Downloaded^[[0m once_cell v1.21.4
Rust	Check Rust lints	2026-09-25T01:47:34.3345711Z ^[[1m^[[92m  Downloaded^[[0m serde_core v1.0.229
Rust	Check Rust lints	2026-09-25T01:47:34.3373189Z ^[[1m^[[92m  Downloaded^[[0m serde_derive v1.0.229
Rust	Check Rust lints	2026-09-25T01:47:34.3404068Z ^[[1m^[[92m  Downloaded^[[0m base64 v0.22.1
Rust	Check Rust lints	2026-09-25T01:47:34.3442474Z ^[[1m^[[92m  Downloaded^[[0m cc v1.4.5
Rust	Check Rust lints	2026-09-25T01:47:34.3472925Z ^[[1m^[[92m  Downloaded^[[0m minimal-lexical v0.2.1
Rust	Check Rust lints	2026-09-25T01:47:34.3519159Z ^[[1m^[[92m  Downloaded^[[0m generic-array v0.14.7
Rust	Check Rust lints	2026-09-25T01:47:34.3533467Z ^[[1m^[[92m  Downloaded^[[0m memchr v2.8.3
Rust	Check Rust lints	2026-09-25T01:47:34.3589875Z ^[[1m^[[92m  Downloaded^[[0m subtle v2.6.1
Rust	Check Rust lints	2026-09-25T01:47:34.3601889Z ^[[1m^[[92m  Downloaded^[[0m hashbrown v0.17.1
Rust	Check Rust lints	2026-09-25T01:47:34.3655550Z ^[[1m^[[92m  Downloaded^[[0m hyper-util v0.1.20
Rust	Check Rust lints	2026-09-25T01:47:34.3718871Z ^[[1m^[[92m  Downloaded^[[0m http v1.5.0
Rust	Check Rust lints	2026-09-25T01:47:34.3755815Z ^[[1m^[[92m  Downloaded^[[0m pulldown-cmark v0.13.4
Rust	Check Rust lints	2026-09-25T01:47:34.3806359Z ^[[1m^[[92m  Downloaded^[[0m itertools v0.14.0
Rust	Check Rust lints	2026-09-25T01:47:34.3877330Z ^[[1m^[[92m  Downloaded^[[0m version_check v0.9.5
Rust	Check Rust lints	2026-09-25T01:47:34.3890077Z ^[[1m^[[92m  Downloaded^[[0m rusqlite v0.40.2
Rust	Check Rust lints	2026-09-25T01:47:34.3958431Z ^[[1m^[[92m  Downloaded^[[0m time v0.3.55
Rust	Check Rust lints	2026-09-25T01:47:34.4107869Z ^[[1m^[[92m  Downloaded^[[0m time-macros v0.2.32
Rust	Check Rust lints	2026-09-25T01:47:34.4132587Z ^[[1m^[[92m  Downloaded^[[0m protoc-bin-vendored v3.2.0
Rust	Check Rust lints	2026-09-25T01:47:34.4142115Z ^[[1m^[[92m  Downloaded^[[0m curve25519-dalek v5.0.0
Rust	Check Rust lints	2026-09-25T01:47:34.4234527Z ^[[1m^[[92m  Downloaded^[[0m syn v2.0.119
Rust	Check Rust lints	2026-09-25T01:47:34.4340435Z ^[[1m^[[92m  Downloaded^[[0m petgraph v0.8.3
Rust	Check Rust lints	2026-09-25T01:47:34.4552568Z ^[[1m^[[92m  Downloaded^[[0m signal-hook-registry v1.4.8
Rust	Check Rust lints	2026-09-25T01:47:34.4564580Z ^[[1m^[[92m  Downloaded^[[0m signature v3.0.0
Rust	Check Rust lints	2026-09-25T01:47:34.4577954Z ^[[1m^[[92m  Downloaded^[[0m socket2 v0.6.5
Rust	Check Rust lints	2026-09-25T01:47:34.4596363Z ^[[1m^[[92m  Downloaded^[[0m unicode-ident v1.0.24
Rust	Check Rust lints	2026-09-25T01:47:34.4624334Z ^[[1m^[[92m  Downloaded^[[0m tempfile v3.27.0
Rust	Check Rust lints	2026-09-25T01:47:34.4650724Z ^[[1m^[[92m  Downloaded^[[0m tonic v0.14.6
Rust	Check Rust lints	2026-09-25T01:47:34.4712658Z ^[[1m^[[92m  Downloaded^[[0m serde_jcs v0.2.0
Rust	Check Rust lints	2026-09-25T01:47:34.4736906Z ^[[1m^[[92m  Downloaded^[[0m tower-layer v0.3.3
Rust	Check Rust lints	2026-09-25T01:47:34.4746935Z ^[[1m^[[92m  Downloaded^[[0m sha2 v0.10.9
Rust	Check Rust lints	2026-09-25T01:47:34.4772971Z ^[[1m^[[92m  Downloaded^[[0m syn v3.0.5
Rust	Check Rust lints	2026-09-25T01:47:34.4879424Z ^[[1m^[[92m  Downloaded^[[0m tokio-rustls v0.26.5
Rust	Check Rust lints	2026-09-25T01:47:34.4895864Z ^[[1m^[[92m  Downloaded^[[0m zmij v1.0.23
Rust	Check Rust lints	2026-09-25T01:47:34.4913811Z ^[[1m^[[92m  Downloaded^[[0m thiserror v2.0.20
Rust	Check Rust lints	2026-09-25T01:47:34.4980693Z ^[[1m^[[92m  Downloaded^[[0m want v0.3.1
Rust	Check Rust lints	2026-09-25T01:47:34.4990351Z ^[[1m^[[92m  Downloaded^[[0m pin-project-lite v0.2.17
Rust	Check Rust lints	2026-09-25T01:47:34.5049989Z ^[[1m^[[92m  Downloaded^[[0m prost-build v0.14.4
Rust	Check Rust lints	2026-09-25T01:47:34.5086208Z ^[[1m^[[92m  Downloaded^[[0m tokio v1.53.1
Rust	Check Rust lints	2026-09-25T01:47:34.5554491Z ^[[1m^[[92m  Downloaded^[[0m rusticata-macros v4.1.0
Rust	Check Rust lints	2026-09-25T01:47:34.5569475Z ^[[1m^[[92m  Downloaded^[[0m semver v1.0.28
Rust	Check Rust lints	2026-09-25T01:47:34.5593321Z ^[[1m^[[92m  Downloaded^[[0m quote v1.0.47
Rust	Check Rust lints	2026-09-25T01:47:34.5620996Z ^[[1m^[[92m  Downloaded^[[0m shlex v2.0.1
Rust	Check Rust lints	2026-09-25T01:47:34.5634639Z ^[[1m^[[92m  Downloaded^[[0m sync_wrapper v1.0.2
Rust	Check Rust lints	2026-09-25T01:47:34.5642991Z ^[[1m^[[92m  Downloaded^[[0m unicase v2.9.0
Rust	Check Rust lints	2026-09-25T01:47:34.5656960Z ^[[1m^[[92m  Downloaded^[[0m tonic-build v0.14.6
Rust	Check Rust lints	2026-09-25T01:47:34.5668755Z ^[[1m^[[92m  Downloaded^[[0m synstructure v0.13.2
Rust	Check Rust lints	2026-09-25T01:47:34.5678815Z ^[[1m^[[92m  Downloaded^[[0m tracing-attributes v0.1.31
Rust	Check Rust lints	2026-09-25T01:47:34.5705722Z ^[[1m^[[92m  Downloaded^[[0m uuid v1.26.1
Rust	Check Rust lints	2026-09-25T01:47:34.5736634Z ^[[1m^[[92m  Downloaded^[[0m prost-types v0.14.4
Rust	Check Rust lints	2026-09-25T01:47:34.5754322Z ^[[1m^[[92m  Downloaded^[[0m rustls-webpki v0.103.15
Rust	Check Rust lints	2026-09-25T01:47:34.5785234Z ^[[1m^[[92m  Downloaded^[[0m rustls-pki-types v1.15.1
Rust	Check Rust lints	2026-09-25T01:47:34.5811505Z ^[[1m^[[92m  Downloaded^[[0m tracing v0.1.44
Rust	Check Rust lints	2026-09-25T01:47:34.5967348Z ^[[1m^[[92m  Downloaded^[[0m typenum v1.20.1
Rust	Check Rust lints	2026-09-25T01:47:34.6003112Z ^[[1m^[[92m  Downloaded^[[0m tower v0.5.3
Rust	Check Rust lints	2026-09-25T01:47:34.6107922Z ^[[1m^[[92m  Downloaded^[[0m x509-parser v0.18.1
Rust	Check Rust lints	2026-09-25T01:47:34.6165697Z ^[[1m^[[92m  Downloaded^[[0m pulldown-cmark-to-cmark v22.0.1
Rust	Check Rust lints	2026-09-25T01:47:34.6179347Z ^[[1m^[[92m  Downloaded^[[0m serde_json v1.0.151
Rust	Check Rust lints	2026-09-25T01:47:34.6253908Z ^[[1m^[[92m  Downloaded^[[0m sha2 v0.11.0
Rust	Check Rust lints	2026-09-25T01:47:34.6292139Z ^[[1m^[[92m  Downloaded^[[0m tokio-util v0.7.19
Rust	Check Rust lints	2026-09-25T01:47:34.6372637Z ^[[1m^[[92m  Downloaded^[[0m tracing-core v0.1.36
Rust	Check Rust lints	2026-09-25T01:47:34.6399546Z ^[[1m^[[92m  Downloaded^[[0m vcpkg v0.2.15
Rust	Check Rust lints	2026-09-25T01:47:34.6959467Z ^[[1m^[[92m  Downloaded^[[0m regex-syntax v0.8.11
Rust	Check Rust lints	2026-09-25T01:47:34.7026527Z ^[[1m^[[92m  Downloaded^[[0m rustix v1.1.4
Rust	Check Rust lints	2026-09-25T01:47:34.7308303Z ^[[1m^[[92m  Downloaded^[[0m regex-automata v0.4.18
Rust	Check Rust lints	2026-09-25T01:47:34.7454396Z ^[[1m^[[92m  Downloaded^[[0m rustc_version v0.4.1
Rust	Check Rust lints	2026-09-25T01:47:34.7467952Z ^[[1m^[[92m  Downloaded^[[0m tonic-prost v0.14.6
Rust	Check Rust lints	2026-09-25T01:47:34.7476792Z ^[[1m^[[92m  Downloaded^[[0m tonic-prost-build v0.14.6
Rust	Check Rust lints	2026-09-25T01:47:34.7486583Z ^[[1m^[[92m  Downloaded^[[0m try-lock v0.2.5
Rust	Check Rust lints	2026-09-25T01:47:34.7498743Z ^[[1m^[[92m  Downloaded^[[0m prost v0.14.4
Rust	Check Rust lints	2026-09-25T01:47:34.7515885Z ^[[1m^[[92m  Downloaded^[[0m untrusted v0.9.0
Rust	Check Rust lints	2026-09-25T01:47:34.7532859Z ^[[1m^[[92m  Downloaded^[[0m smallvec v1.16.0
Rust	Check Rust lints	2026-09-25T01:47:34.7545794Z ^[[1m^[[92m  Downloaded^[[0m serde v1.0.229
Rust	Check Rust lints	2026-09-25T01:47:34.7583926Z ^[[1m^[[92m  Downloaded^[[0m protoc-bin-vendored-win32 v3.2.0
Rust	Check Rust lints	2026-09-25T01:47:34.7959615Z ^[[1m^[[92m  Downloaded^[[0m tokio-stream v0.1.19
Rust	Check Rust lints	2026-09-25T01:47:34.8014290Z ^[[1m^[[92m  Downloaded^[[0m linux-raw-sys v0.12.1
Rust	Check Rust lints	2026-09-25T01:47:34.8638983Z ^[[1m^[[92m  Downloaded^[[0m ring v0.17.14
Rust	Check Rust lints	2026-09-25T01:47:34.9063211Z ^[[1m^[[92m  Downloaded^[[0m tower-service v0.3.3
Rust	Check Rust lints	2026-09-25T01:47:34.9071728Z ^[[1m^[[92m  Downloaded^[[0m protoc-bin-vendored-linux-aarch_64 v3.2.0
Rust	Check Rust lints	2026-09-25T01:47:34.9426562Z ^[[1m^[[92m  Downloaded^[[0m prost-reflect v0.16.5
Rust	Check Rust lints	2026-09-25T01:47:34.9592154Z ^[[1m^[[92m  Downloaded^[[0m rustls v0.23.44
Rust	Check Rust lints	2026-09-25T01:47:34.9711646Z ^[[1m^[[92m  Downloaded^[[0m protoc-bin-vendored-linux-x86_64 v3.2.0
Rust	Check Rust lints	2026-09-25T01:47:35.0067271Z ^[[1m^[[92m  Downloaded^[[0m protoc-bin-vendored-macos-aarch_64 v3.2.0
Rust	Check Rust lints	2026-09-25T01:47:35.0343031Z ^[[1m^[[92m  Downloaded^[[0m libsqlite3-sys v0.38.2
Rust	Check Rust lints	2026-09-25T01:47:35.0934740Z ^[[1m^[[92m  Downloaded^[[0m protoc-bin-vendored-macos-x86_64 v3.2.0
Rust	Check Rust lints	2026-09-25T01:47:35.1214209Z ^[[1m^[[92m  Downloaded^[[0m protoc-bin-vendored-linux-ppcle_64 v3.2.0
Rust	Check Rust lints	2026-09-25T01:47:35.1611765Z ^[[1m^[[92m  Downloaded^[[0m protoc-bin-vendored-linux-x86_32 v3.2.0
Rust	Check Rust lints	2026-09-25T01:47:35.1998356Z ^[[1m^[[92m  Downloaded^[[0m protoc-bin-vendored-linux-s390_64 v3.2.0
Rust	Check Rust lints	2026-09-25T01:47:35.2448996Z ^[[1m^[[92m  Downloaded^[[0m indexmap v2.14.2
Rust	Check Rust lints	2026-09-25T01:47:35.3761617Z ^[[1m^[[92m   Compiling^[[0m proc-macro2 v1.0.107
Rust	Check Rust lints	2026-09-25T01:47:35.3762810Z ^[[1m^[[92m   Compiling^[[0m quote v1.0.47
Rust	Check Rust lints	2026-09-25T01:47:35.3763904Z ^[[1m^[[92m   Compiling^[[0m unicode-ident v1.0.24
Rust	Check Rust lints	2026-09-25T01:47:35.3764950Z ^[[1m^[[92m   Compiling^[[0m libc v0.2.189
Rust	Check Rust lints	2026-09-25T01:47:35.4372113Z ^[[1m^[[92m   Compiling^[[0m version_check v0.9.5
Rust	Check Rust lints	2026-09-25T01:47:35.5500585Z ^[[1m^[[92m    Checking^[[0m cfg-if v1.0.4
Rust	Check Rust lints	2026-09-25T01:47:35.5747364Z ^[[1m^[[92m    Checking^[[0m itoa v1.0.18
Rust	Check Rust lints	2026-09-25T01:47:35.6512490Z ^[[1m^[[92m   Compiling^[[0m generic-array v0.14.7
Rust	Check Rust lints	2026-09-25T01:47:35.6652293Z ^[[1m^[[92m   Compiling^[[0m serde_core v1.0.229
Rust	Check Rust lints	2026-09-25T01:47:35.7576352Z ^[[1m^[[92m    Checking^[[0m once_cell v1.21.4
Rust	Check Rust lints	2026-09-25T01:47:35.8672099Z ^[[1m^[[92m    Checking^[[0m typenum v1.20.1
Rust	Check Rust lints	2026-09-25T01:47:35.8771512Z ^[[1m^[[92m   Compiling^[[0m zmij v1.0.23
Rust	Check Rust lints	2026-09-25T01:47:36.2092173Z ^[[1m^[[92m   Compiling^[[0m syn v3.0.5
Rust	Check Rust lints	2026-09-25T01:47:36.2231752Z ^[[1m^[[92m   Compiling^[[0m syn v2.0.119
Rust	Check Rust lints	2026-09-25T01:47:36.7518050Z ^[[1m^[[92m   Compiling^[[0m getrandom v0.4.3
Rust	Check Rust lints	2026-09-25T01:47:36.8761873Z ^[[1m^[[92m    Checking^[[0m memchr v2.8.3
Rust	Check Rust lints	2026-09-25T01:47:37.2527054Z ^[[1m^[[92m   Compiling^[[0m serde v1.0.229
Rust	Check Rust lints	2026-09-25T01:47:37.4521724Z ^[[1m^[[92m   Compiling^[[0m serde_json v1.0.151
Rust	Check Rust lints	2026-09-25T01:47:37.5482031Z ^[[1m^[[92m   Compiling^[[0m thiserror v2.0.20
Rust	Check Rust lints	2026-09-25T01:47:38.4439681Z ^[[1m^[[92m   Compiling^[[0m rustix v1.1.4
Rust	Check Rust lints	2026-09-25T01:47:38.5272037Z ^[[1m^[[92m    Checking^[[0m bitflags v2.13.2
Rust	Check Rust lints	2026-09-25T01:47:38.7271666Z ^[[1m^[[92m    Checking^[[0m linux-raw-sys v0.12.1
Rust	Check Rust lints	2026-09-25T01:47:39.0471583Z ^[[1m^[[92m    Checking^[[0m zeroize v1.9.0
Rust	Check Rust lints	2026-09-25T01:47:39.3992155Z ^[[1m^[[92m    Checking^[[0m block-buffer v0.10.4
Rust	Check Rust lints	2026-09-25T01:47:39.4582135Z ^[[1m^[[92m    Checking^[[0m crypto-common v0.1.7
Rust	Check Rust lints	2026-09-25T01:47:39.6032192Z ^[[1m^[[92m    Checking^[[0m digest v0.10.7
Rust	Check Rust lints	2026-09-25T01:47:39.7262046Z ^[[1m^[[92m    Checking^[[0m cpufeatures v0.2.17
Rust	Check Rust lints	2026-09-25T01:47:39.7511953Z ^[[1m^[[92m    Checking^[[0m ryu-js v0.2.2
Rust	Check Rust lints	2026-09-25T01:47:39.8291770Z ^[[1m^[[92m    Checking^[[0m sha2 v0.10.9
Rust	Check Rust lints	2026-09-25T01:47:40.0351966Z ^[[1m^[[92m    Checking^[[0m uuid v1.26.1
Rust	Check Rust lints	2026-09-25T01:47:40.2332214Z ^[[1m^[[92m   Compiling^[[0m serde_derive v1.0.229
Rust	Check Rust lints	2026-09-25T01:47:40.3043027Z ^[[1m^[[92m   Compiling^[[0m thiserror-impl v2.0.20
Rust	Check Rust lints	2026-09-25T01:47:41.0131754Z ^[[1m^[[92m    Checking^[[0m subtle v2.6.1
Rust	Check Rust lints	2026-09-25T01:47:41.0951845Z ^[[1m^[[92m    Checking^[[0m hybrid-array v0.4.15
Rust	Check Rust lints	2026-09-25T01:47:41.4511585Z ^[[1m^[[92m   Compiling^[[0m io-lifetimes v2.0.4
Rust	Check Rust lints	2026-09-25T01:47:41.6062578Z ^[[1m^[[92m   Compiling^[[0m io-lifetimes v3.0.1
Rust	Check Rust lints	2026-09-25T01:47:41.6176745Z ^[[1m^[[92m   Compiling^[[0m io-extras v0.19.0
Rust	Check Rust lints	2026-09-25T01:47:41.7611062Z ^[[1m^[[92m   Compiling^[[0m semver v1.0.28
Rust	Check Rust lints	2026-09-25T01:47:41.8581743Z ^[[1m^[[92m    Checking^[[0m crypto-common v0.2.2
Rust	Check Rust lints	2026-09-25T01:47:41.8712023Z ^[[1m^[[92m    Checking^[[0m block-buffer v0.12.1
Rust	Check Rust lints	2026-09-25T01:47:41.9511920Z ^[[1m^[[92m   Compiling^[[0m rustc_version v0.4.1
Rust	Check Rust lints	2026-09-25T01:47:41.9871789Z ^[[1m^[[92m   Compiling^[[0m cap-primitives v4.0.3
Rust	Check Rust lints	2026-09-25T01:47:42.1414143Z ^[[1m^[[92m    Checking^[[0m bytes v1.12.1
Rust	Check Rust lints	2026-09-25T01:47:42.1721952Z ^[[1m^[[92m   Compiling^[[0m curve25519-dalek v5.0.0
Rust	Check Rust lints	2026-09-25T01:47:42.4131788Z ^[[1m^[[92m    Checking^[[0m fs-set-times v0.20.3
Rust	Check Rust lints	2026-09-25T01:47:42.4501635Z ^[[1m^[[92m    Checking^[[0m digest v0.11.3
Rust	Check Rust lints	2026-09-25T01:47:42.5342328Z ^[[1m^[[92m    Checking^[[0m rustix-linux-procfs v0.1.1
Rust	Check Rust lints	2026-09-25T01:47:42.5411597Z ^[[1m^[[92m    Checking^[[0m maybe-owned v0.3.4
Rust	Check Rust lints	2026-09-25T01:47:42.5615741Z ^[[1m^[[92m    Checking^[[0m ipnet v2.12.2
Rust	Check Rust lints	2026-09-25T01:47:42.6191599Z ^[[1m^[[92m   Compiling^[[0m cap-std v4.0.3
Rust	Check Rust lints	2026-09-25T01:47:42.6532076Z ^[[1m^[[92m    Checking^[[0m cpufeatures v0.3.1
Rust	Check Rust lints	2026-09-25T01:47:42.6791873Z ^[[1m^[[92m    Checking^[[0m ambient-authority v0.0.2
Rust	Check Rust lints	2026-09-25T01:47:42.7244927Z ^[[1m^[[92m   Compiling^[[0m curve25519-dalek-derive v0.1.1
Rust	Check Rust lints	2026-09-25T01:47:42.8181970Z ^[[1m^[[92m   Compiling^[[0m cap-fs-ext v4.0.3
Rust	Check Rust lints	2026-09-25T01:47:42.9691927Z ^[[1m^[[92m    Checking^[[0m fastrand v2.5.0
Rust	Check Rust lints	2026-09-25T01:47:43.0630271Z ^[[1m^[[92m    Checking^[[0m signature v3.0.0
Rust	Check Rust lints	2026-09-25T01:47:43.0848305Z ^[[1m^[[92m    Checking^[[0m tempfile v3.27.0
Rust	Check Rust lints	2026-09-25T01:47:43.1042636Z ^[[1m^[[92m    Checking^[[0m ed25519 v3.0.0
Rust	Check Rust lints	2026-09-25T01:47:43.2702331Z ^[[1m^[[92m    Checking^[[0m sha2 v0.11.0
Rust	Check Rust lints	2026-09-25T01:47:43.3261759Z ^[[1m^[[92m   Compiling^[[0m shlex v2.0.1
Rust	Check Rust lints	2026-09-25T01:47:43.4362467Z ^[[1m^[[92m    Checking^[[0m pin-project-lite v0.2.17
Rust	Check Rust lints	2026-09-25T01:47:43.4711837Z ^[[1m^[[92m   Compiling^[[0m find-msvc-tools v0.1.12
Rust	Check Rust lints	2026-09-25T01:47:43.6342088Z ^[[1m^[[92m   Compiling^[[0m cc v1.4.5
Rust	Check Rust lints	2026-09-25T01:47:43.6831926Z ^[[1m^[[92m    Checking^[[0m serde_jcs v0.2.0
Rust	Check Rust lints	2026-09-25T01:47:43.7642228Z ^[[1m^[[92m    Checking^[[0m rx-domain v0.1.0 (/home/runner/work/rx-solutions/rx-solutions/sdk/crates/rx-domain)
Rust	Check Rust lints	2026-09-25T01:47:43.8723870Z ^[[1m^[[92m    Checking^[[0m ed25519-dalek v3.0.0
Rust	Check Rust lints	2026-09-25T01:47:43.9661556Z ^[[1m^[[92m    Checking^[[0m errno v0.3.14
Rust	Check Rust lints	2026-09-25T01:47:44.0216770Z ^[[1m^[[92m    Checking^[[0m foldhash v0.2.0
Rust	Check Rust lints	2026-09-25T01:47:44.0301759Z ^[[1m^[[92m    Checking^[[0m signal-hook-registry v1.4.8
Rust	Check Rust lints	2026-09-25T01:47:44.0919400Z ^[[1m^[[92m    Checking^[[0m hashbrown v0.17.1
Rust	Check Rust lints	2026-09-25T01:47:44.1281203Z ^[[1m^[[92m   Compiling^[[0m tokio-macros v2.7.2
Rust	Check Rust lints	2026-09-25T01:47:44.5889063Z ^[[1m^[[92m    Checking^[[0m mio v1.2.3
Rust	Check Rust lints	2026-09-25T01:47:44.6452182Z ^[[1m^[[92m    Checking^[[0m socket2 v0.6.5
Rust	Check Rust lints	2026-09-25T01:47:44.8498138Z ^[[1m^[[92m    Checking^[[0m smallvec v1.16.0
Rust	Check Rust lints	2026-09-25T01:47:44.8871882Z ^[[1m^[[92m    Checking^[[0m tokio v1.53.1
Rust	Check Rust lints	2026-09-25T01:47:44.9708933Z ^[[1m^[[92m   Compiling^[[0m vcpkg v0.2.15
Rust	Check Rust lints	2026-09-25T01:47:45.0811717Z ^[[1m^[[92m   Compiling^[[0m pkg-config v0.3.34
Rust	Check Rust lints	2026-09-25T01:47:45.4158421Z ^[[1m^[[92m    Checking^[[0m rx-ports v0.1.0 (/home/runner/work/rx-solutions/rx-solutions/sdk/crates/rx-ports)
Rust	Check Rust lints	2026-09-25T01:47:45.5201717Z ^[[1m^[[92m    Checking^[[0m hashlink v0.12.2
Rust	Check Rust lints	2026-09-25T01:47:45.5526592Z ^[[1m^[[92m   Compiling^[[0m libsqlite3-sys v0.38.2
Rust	Check Rust lints	2026-09-25T01:47:45.6162523Z ^[[1m^[[92m    Checking^[[0m rx-package v0.1.0 (/home/runner/work/rx-solutions/rx-solutions/sdk/crates/rx-package)
Rust	Check Rust lints	2026-09-25T01:47:45.7345202Z ^[[1m^[[92m    Checking^[[0m fallible-iterator v0.3.0
Rust	Check Rust lints	2026-09-25T01:47:45.9661918Z ^[[1m^[[92m    Checking^[[0m fallible-streaming-iterator v0.1.9
Rust	Check Rust lints	2026-09-25T01:47:46.0402333Z ^[[1m^[[92m    Checking^[[0m rx-service-status v0.1.0 (/home/runner/work/rx-solutions/rx-solutions/runtime/rx-service-status)
Rust	Check Rust lints	2026-09-25T01:47:46.4552430Z ^[[1m^[[92m    Checking^[[0m futures-core v0.3.34
Rust	Check Rust lints	2026-09-25T01:47:46.5161798Z ^[[1m^[[92m   Compiling^[[0m anyhow v1.0.104
Rust	Check Rust lints	2026-09-25T01:47:46.7406990Z ^[[1m^[[92m   Compiling^[[0m either v1.18.0
Rust	Check Rust lints	2026-09-25T01:47:46.9181785Z ^[[1m^[[92m   Compiling^[[0m itertools v0.14.0
Rust	Check Rust lints	2026-09-25T01:47:47.2512493Z ^[[1m^[[92m    Checking^[[0m rx-process-contract v0.1.0 (/home/runner/work/rx-solutions/rx-solutions/sdk/crates/rx-process-contract)
Rust	Check Rust lints	2026-09-25T01:47:48.3252261Z ^[[1m^[[92m   Compiling^[[0m prost-derive v0.14.4
Rust	Check Rust lints	2026-09-25T01:47:48.3481655Z ^[[1m^[[92m    Checking^[[0m http v1.5.0
Rust	Check Rust lints	2026-09-25T01:47:48.9111925Z ^[[1m^[[92m   Compiling^[[0m ring v0.17.14
Rust	Check Rust lints	2026-09-25T01:47:49.3411613Z ^[[1m^[[92m   Compiling^[[0m tracing-attributes v0.1.31
Rust	Check Rust lints	2026-09-25T01:47:49.5191670Z ^[[1m^[[92m    Checking^[[0m tracing-core v0.1.36
Rust	Check Rust lints	2026-09-25T01:47:49.8709770Z ^[[1m^[[92m    Checking^[[0m futures-sink v0.3.34
Rust	Check Rust lints	2026-09-25T01:47:49.9516495Z ^[[1m^[[92m    Checking^[[0m slab v0.4.12
Rust	Check Rust lints	2026-09-25T01:47:50.0661883Z ^[[1m^[[92m    Checking^[[0m equivalent v1.0.2
Rust	Check Rust lints	2026-09-25T01:47:50.6191502Z ^[[1m^[[92m    Checking^[[0m tracing v0.1.44
Rust	Check Rust lints	2026-09-25T01:47:50.7697908Z ^[[1m^[[92m    Checking^[[0m indexmap v2.14.2
Rust	Check Rust lints	2026-09-25T01:47:50.8423677Z ^[[1m^[[92m    Checking^[[0m tokio-util v0.7.19
Rust	Check Rust lints	2026-09-25T01:47:51.3271807Z ^[[1m^[[92m    Checking^[[0m http-body v1.1.0
Rust	Check Rust lints	2026-09-25T01:47:51.5391666Z ^[[1m^[[92m    Checking^[[0m getrandom v0.2.17
Rust	Check Rust lints	2026-09-25T01:47:51.6098823Z ^[[1m^[[92m   Compiling^[[0m prettyplease v0.2.37
Rust	Check Rust lints	2026-09-25T01:47:51.6171445Z ^[[1m^[[92m    Checking^[[0m tower-service v0.3.3
Rust	Check Rust lints	2026-09-25T01:47:51.6442448Z ^[[1m^[[92m   Compiling^[[0m httparse v1.10.1
Rust	Check Rust lints	2026-09-25T01:47:51.7001033Z ^[[1m^[[92m    Checking^[[0m untrusted v0.9.0
Rust	Check Rust lints	2026-09-25T01:47:51.7467198Z ^[[1m^[[92m   Compiling^[[0m pulldown-cmark v0.13.4
Rust	Check Rust lints	2026-09-25T01:47:51.8246334Z ^[[1m^[[92m    Checking^[[0m futures-task v0.3.34
Rust	Check Rust lints	2026-09-25T01:47:52.0695695Z ^[[1m^[[92m    Checking^[[0m futures-util v0.3.34
Rust	Check Rust lints	2026-09-25T01:47:53.1361899Z ^[[1m^[[92m    Checking^[[0m rustls-pki-types v1.15.1
Rust	Check Rust lints	2026-09-25T01:47:53.3728788Z ^[[1m^[[92m   Compiling^[[0m foldhash v0.1.5
Rust	Check Rust lints	2026-09-25T01:47:53.4806046Z ^[[1m^[[92m   Compiling^[[0m regex-syntax v0.8.11
Rust	Check Rust lints	2026-09-25T01:47:54.0019182Z ^[[1m^[[92m    Checking^[[0m try-lock v0.2.5
Rust	Check Rust lints	2026-09-25T01:47:54.9931828Z ^[[1m^[[92m    Checking^[[0m atomic-waker v1.1.2
Rust	Check Rust lints	2026-09-25T01:47:55.0279002Z ^[[1m^[[92m    Checking^[[0m fnv v1.0.7
Rust	Check Rust lints	2026-09-25T01:47:55.0909627Z ^[[1m^[[92m   Compiling^[[0m unicase v2.9.0
Rust	Check Rust lints	2026-09-25T01:47:55.4201699Z ^[[1m^[[92m    Checking^[[0m h2 v0.4.19
Rust	Check Rust lints	2026-09-25T01:47:55.5892327Z ^[[1m^[[92m    Checking^[[0m rusqlite v0.40.2
Rust	Check Rust lints	2026-09-25T01:47:56.0208518Z ^[[1m^[[92m   Compiling^[[0m prost v0.14.4
Rust	Check Rust lints	2026-09-25T01:47:56.2832690Z ^[[1m^[[92m    Checking^[[0m rx-storage v0.1.0 (/home/runner/work/rx-solutions/rx-solutions/sdk/crates/rx-storage)
Rust	Check Rust lints	2026-09-25T01:47:56.3671723Z ^[[1m^[[92m   Compiling^[[0m regex-automata v0.4.18
Rust	Check Rust lints	2026-09-25T01:47:56.5891772Z ^[[1m^[[92m    Checking^[[0m want v0.3.1
Rust	Check Rust lints	2026-09-25T01:47:56.6404805Z ^[[1m^[[92m   Compiling^[[0m hashbrown v0.15.5
Rust	Check Rust lints	2026-09-25T01:47:58.2241806Z ^[[1m^[[92m    Checking^[[0m futures-channel v0.3.34
Rust	Check Rust lints	2026-09-25T01:47:58.6241340Z ^[[1m^[[92m    Checking^[[0m sync_wrapper v1.0.2
Rust	Check Rust lints	2026-09-25T01:47:58.6311985Z ^[[1m^[[92m    Checking^[[0m tower-layer v0.3.3
Rust	Check Rust lints	2026-09-25T01:47:58.6571576Z ^[[1m^[[92m   Compiling^[[0m fixedbitset v0.5.7
Rust	Check Rust lints	2026-09-25T01:47:58.6781695Z ^[[1m^[[92m    Checking^[[0m httpdate v1.0.3
Rust	Check Rust lints	2026-09-25T01:47:58.8732079Z ^[[1m^[[92m   Compiling^[[0m rustls v0.23.44
Rust	Check Rust lints	2026-09-25T01:47:58.8906346Z ^[[1m^[[92m   Compiling^[[0m petgraph v0.8.3
Rust	Check Rust lints	2026-09-25T01:47:58.9661805Z ^[[1m^[[92m    Checking^[[0m hyper v1.11.1
Rust	Check Rust lints	2026-09-25T01:47:59.5101642Z ^[[1m^[[92m   Compiling^[[0m regex v1.13.1
Rust	Check Rust lints	2026-09-25T01:47:59.8891556Z ^[[1m^[[92m   Compiling^[[0m prost-types v0.14.4
Rust	Check Rust lints	2026-09-25T01:47:59.9692022Z ^[[1m^[[92m   Compiling^[[0m pulldown-cmark-to-cmark v22.0.1
Rust	Check Rust lints	2026-09-25T01:48:00.2271950Z ^[[1m^[[92m    Checking^[[0m rustls-webpki v0.103.15
Rust	Check Rust lints	2026-09-25T01:48:00.4094310Z ^[[1m^[[92m    Checking^[[0m http-body-util v0.1.5
Rust	Check Rust lints	2026-09-25T01:48:00.5942680Z ^[[1m^[[92m    Checking^[[0m rx-solution-catalog v0.1.0 (/home/runner/work/rx-solutions/rx-solutions/runtime/rx-solution-catalog)
Rust	Check Rust lints	2026-09-25T01:48:00.6011453Z ^[[1m^[[92m    Checking^[[0m log v0.4.34
Rust	Check Rust lints	2026-09-25T01:48:00.6909089Z ^[[1m^[[92m    Checking^[[0m mime v0.3.17
Rust	Check Rust lints	2026-09-25T01:48:00.8192176Z ^[[1m^[[92m   Compiling^[[0m heck v0.5.0
Rust	Check Rust lints	2026-09-25T01:48:00.9631694Z ^[[1m^[[92m   Compiling^[[0m multimap v0.10.1
Rust	Check Rust lints	2026-09-25T01:48:01.0722136Z ^[[1m^[[92m   Compiling^[[0m prost-build v0.14.4
Rust	Check Rust lints	2026-09-25T01:48:01.0792897Z ^[[1m^[[92m    Checking^[[0m axum-core v0.5.6
Rust	Check Rust lints	2026-09-25T01:48:01.1761814Z ^[[1m^[[92m    Checking^[[0m hyper-util v0.1.20
Rust	Check Rust lints	2026-09-25T01:48:02.1561885Z ^[[1m^[[92m    Checking^[[0m tower v0.5.3
Rust	Check Rust lints	2026-09-25T01:48:02.2869553Z ^[[1m^[[92m   Compiling^[[0m tonic-build v0.14.6
Rust	Check Rust lints	2026-09-25T01:48:02.6752092Z ^[[1m^[[92m   Compiling^[[0m pin-project-internal v1.1.13
Rust	Check Rust lints	2026-09-25T01:48:02.8041934Z ^[[1m^[[92m    Checking^[[0m percent-encoding v2.3.2
Rust	Check Rust lints	2026-09-25T01:48:02.8801836Z ^[[1m^[[92m   Compiling^[[0m protoc-bin-vendored-linux-x86_32 v3.2.0
Rust	Check Rust lints	2026-09-25T01:48:02.9281888Z ^[[1m^[[92m   Compiling^[[0m protoc-bin-vendored-linux-s390_64 v3.2.0
Rust	Check Rust lints	2026-09-25T01:48:02.9811867Z ^[[1m^[[92m   Compiling^[[0m protoc-bin-vendored-linux-x86_64 v3.2.0
Rust	Check Rust lints	2026-09-25T01:48:03.0302254Z ^[[1m^[[92m   Compiling^[[0m protoc-bin-vendored-macos-aarch_64 v3.2.0
Rust	Check Rust lints	2026-09-25T01:48:03.0412052Z ^[[1m^[[92m   Compiling^[[0m protoc-bin-vendored-win32 v3.2.0
Rust	Check Rust lints	2026-09-25T01:48:03.0831977Z ^[[1m^[[92m   Compiling^[[0m protoc-bin-vendored-linux-aarch_64 v3.2.0
Rust	Check Rust lints	2026-09-25T01:48:03.0892824Z ^[[1m^[[92m    Checking^[[0m matchit v0.8.4
Rust	Check Rust lints	2026-09-25T01:48:03.1302299Z ^[[1m^[[92m   Compiling^[[0m protoc-bin-vendored-linux-ppcle_64 v3.2.0
Rust	Check Rust lints	2026-09-25T01:48:03.1737766Z ^[[1m^[[92m   Compiling^[[0m protoc-bin-vendored-macos-x86_64 v3.2.0
Rust	Check Rust lints	2026-09-25T01:48:03.2242167Z ^[[1m^[[92m   Compiling^[[0m protoc-bin-vendored v3.2.0
Rust	Check Rust lints	2026-09-25T01:48:03.2448108Z ^[[1m^[[92m    Checking^[[0m axum v0.8.9
Rust	Check Rust lints	2026-09-25T01:48:03.2842778Z ^[[1m^[[92m   Compiling^[[0m tonic-prost-build v0.14.6
Rust	Check Rust lints	2026-09-25T01:48:03.6061834Z ^[[1m^[[92m    Checking^[[0m pin-project v1.1.13
Rust	Check Rust lints	2026-09-25T01:48:03.6282409Z ^[[1m^[[92m    Checking^[[0m tokio-rustls v0.26.5
Rust	Check Rust lints	2026-09-25T01:48:03.6401926Z ^[[1m^[[92m    Checking^[[0m hyper-timeout v0.5.2
Rust	Check Rust lints	2026-09-25T01:48:03.7175036Z ^[[1m^[[92m    Checking^[[0m tokio-stream v0.1.19
Rust	Check Rust lints	2026-09-25T01:48:03.7961752Z ^[[1m^[[92m   Compiling^[[0m async-trait v0.1.92
Rust	Check Rust lints	2026-09-25T01:48:03.8079958Z ^[[1m^[[92m    Checking^[[0m base64 v0.22.1
Rust	Check Rust lints	2026-09-25T01:48:04.0102197Z ^[[1m^[[92m   Compiling^[[0m rx-protocol v0.1.0 (/home/runner/work/rx-solutions/rx-solutions/sdk/crates/rx-protocol)
Rust	Check Rust lints	2026-09-25T01:48:04.6322395Z ^[[1m^[[92m    Checking^[[0m rx-process v0.1.0 (/home/runner/work/rx-solutions/rx-solutions/runtime/rx-process)
Rust	Check Rust lints	2026-09-25T01:48:04.7870750Z ^[[1m^[[92m   Compiling^[[0m rx-host v0.1.0 (/home/runner/work/rx-solutions/rx-solutions/runtime/rx-host)
Rust	Check Rust lints	2026-09-25T01:48:04.9661834Z ^[[1m^[[92m    Checking^[[0m prost-reflect v0.16.5
Rust	Check Rust lints	2026-09-25T01:48:05.5222303Z ^[[1m^[[92m    Checking^[[0m rx-melsec-mc v0.1.0 (/home/runner/work/rx-solutions/rx-solutions/drivers/rx-melsec-mc)
Rust	Check Rust lints	2026-09-25T01:48:05.8982309Z ^[[1m^[[92m    Checking^[[0m rx-supervisor v0.1.0 (/home/runner/work/rx-solutions/rx-solutions/runtime/rx-supervisor)
Rust	Check Rust lints	2026-09-25T01:48:05.9559366Z ^[[1m^[[92m    Checking^[[0m time-core v0.1.9
Rust	Check Rust lints	2026-09-25T01:48:06.0705644Z ^[[1m^[[92m    Checking^[[0m tonic v0.14.6
Rust	Check Rust lints	2026-09-25T01:48:06.0881621Z ^[[1m^[[92m    Checking^[[0m num-conv v0.2.2
Rust	Check Rust lints	2026-09-25T01:48:06.1867751Z ^[[1m^[[92m    Checking^[[0m powerfmt v0.2.0
Rust	Check Rust lints	2026-09-25T01:48:06.2382189Z ^[[1m^[[92m    Checking^[[0m deranged v0.5.8
Rust	Check Rust lints	2026-09-25T01:48:06.2781711Z ^[[1m^[[92m    Checking^[[0m base64 v0.23.1
Rust	Check Rust lints	2026-09-25T01:48:06.4781824Z ^[[1m^[[92m    Checking^[[0m pem v4.0.0
Rust	Check Rust lints	2026-09-25T01:48:06.5712406Z ^[[1m^[[92m    Checking^[[0m rx-process-package v0.1.0 (/home/runner/work/rx-solutions/rx-solutions/runtime/rx-process-package)
Rust	Check Rust lints	2026-09-25T01:48:07.3072076Z ^[[1m^[[92m    Checking^[[0m time v0.3.55
Rust	Check Rust lints	2026-09-25T01:48:07.4316644Z ^[[1m^[[92m    Checking^[[0m tonic-prost v0.14.6
Rust	Check Rust lints	2026-09-25T01:48:07.8952164Z ^[[1m^[[92m    Checking^[[0m yasna v0.6.0
Rust	Check Rust lints	2026-09-25T01:48:08.2709869Z ^[[1m^[[92m    Checking^[[0m rcgen v0.14.10
Rust	Check Rust lints	2026-09-25T01:48:12.4443750Z ^[[1m^[[92m    Checking^[[0m rx-executor v0.1.0 (/home/runner/work/rx-solutions/rx-solutions/runtime/rx-executor)
Rust	Check Rust lints	2026-09-25T01:48:17.7772302Z ^[[1m^[[92m    Checking^[[0m rx-device-package v0.1.0 (/home/runner/work/rx-solutions/rx-solutions/runtime/rx-device-package)
Rust	Check Rust lints	2026-09-25T01:48:19.6353355Z ^[[1m^[[92m    Finished^[[0m `dev` profile [unoptimized + debuginfo] target(s) in 46.24s
Rust	Test Rust workspace	﻿2026-09-25T01:48:19.7220044Z ##[group]Run cargo test --workspace --all-features --locked
Rust	Test Rust workspace	2026-09-25T01:48:19.7220803Z ^[[36;1mcargo test --workspace --all-features --locked^[[0m
Rust	Test Rust workspace	2026-09-25T01:48:19.7284835Z shell: /usr/bin/bash --noprofile --norc -e -o pipefail {0}
Rust	Test Rust workspace	2026-09-25T01:48:19.7285201Z env:
Rust	Test Rust workspace	2026-09-25T01:48:19.7285393Z   CARGO_TERM_COLOR: always
Rust	Test Rust workspace	2026-09-25T01:48:19.7285622Z   RUST_BACKTRACE: 1
Rust	Test Rust workspace	2026-09-25T01:48:19.7285821Z ##[endgroup]
Rust	Test Rust workspace	2026-09-25T01:48:19.9844375Z ^[[1m^[[92m   Compiling^[[0m cfg-if v1.0.4
Rust	Test Rust workspace	2026-09-25T01:48:19.9846678Z ^[[1m^[[92m   Compiling^[[0m libc v0.2.189
Rust	Test Rust workspace	2026-09-25T01:48:19.9847623Z ^[[1m^[[92m   Compiling^[[0m itoa v1.0.18
Rust	Test Rust workspace	2026-09-25T01:48:19.9911220Z ^[[1m^[[92m   Compiling^[[0m memchr v2.8.3
Rust	Test Rust workspace	2026-09-25T01:48:20.0190210Z ^[[1m^[[92m   Compiling^[[0m bitflags v2.13.2
Rust	Test Rust workspace	2026-09-25T01:48:20.1111527Z ^[[1m^[[92m   Compiling^[[0m serde_core v1.0.229
Rust	Test Rust workspace	2026-09-25T01:48:20.1904426Z ^[[1m^[[92m   Compiling^[[0m once_cell v1.21.4
Rust	Test Rust workspace	2026-09-25T01:48:20.3352877Z ^[[1m^[[92m   Compiling^[[0m typenum v1.20.1
Rust	Test Rust workspace	2026-09-25T01:48:20.7402165Z ^[[1m^[[92m   Compiling^[[0m zmij v1.0.23
Rust	Test Rust workspace	2026-09-25T01:48:20.9641399Z ^[[1m^[[92m   Compiling^[[0m cpufeatures v0.2.17
Rust	Test Rust workspace	2026-09-25T01:48:20.9920822Z ^[[1m^[[92m   Compiling^[[0m thiserror v2.0.20
Rust	Test Rust workspace	2026-09-25T01:48:21.0411868Z ^[[1m^[[92m   Compiling^[[0m linux-raw-sys v0.12.1
Rust	Test Rust workspace	2026-09-25T01:48:21.0561820Z ^[[1m^[[92m   Compiling^[[0m getrandom v0.4.3
Rust	Test Rust workspace	2026-09-25T01:48:21.1672150Z ^[[1m^[[92m   Compiling^[[0m zeroize v1.9.0
Rust	Test Rust workspace	2026-09-25T01:48:21.2608662Z ^[[1m^[[92m   Compiling^[[0m generic-array v0.14.7
Rust	Test Rust workspace	2026-09-25T01:48:21.3076603Z ^[[1m^[[92m   Compiling^[[0m fastrand v2.5.0
Rust	Test Rust workspace	2026-09-25T01:48:21.3712229Z ^[[1m^[[92m   Compiling^[[0m rustix v1.1.4
Rust	Test Rust workspace	2026-09-25T01:48:21.5032166Z ^[[1m^[[92m   Compiling^[[0m ryu-js v0.2.2
Rust	Test Rust workspace	2026-09-25T01:48:21.6241818Z ^[[1m^[[92m   Compiling^[[0m subtle v2.6.1
Rust	Test Rust workspace	2026-09-25T01:48:21.7101625Z ^[[1m^[[92m   Compiling^[[0m hybrid-array v0.4.15
Rust	Test Rust workspace	2026-09-25T01:48:21.8266930Z ^[[1m^[[92m   Compiling^[[0m crypto-common v0.1.7
Rust	Test Rust workspace	2026-09-25T01:48:21.8839516Z ^[[1m^[[92m   Compiling^[[0m block-buffer v0.10.4
Rust	Test Rust workspace	2026-09-25T01:48:21.9591829Z ^[[1m^[[92m   Compiling^[[0m digest v0.10.7
Rust	Test Rust workspace	2026-09-25T01:48:22.0901866Z ^[[1m^[[92m   Compiling^[[0m sha2 v0.10.9
Rust	Test Rust workspace	2026-09-25T01:48:22.2477271Z ^[[1m^[[92m   Compiling^[[0m io-lifetimes v3.0.1
Rust	Test Rust workspace	2026-09-25T01:48:22.3141803Z ^[[1m^[[92m   Compiling^[[0m io-lifetimes v2.0.4
Rust	Test Rust workspace	2026-09-25T01:48:22.3716355Z ^[[1m^[[92m   Compiling^[[0m serde v1.0.229
Rust	Test Rust workspace	2026-09-25T01:48:22.4467132Z ^[[1m^[[92m   Compiling^[[0m serde_json v1.0.151
Rust	Test Rust workspace	2026-09-25T01:48:22.4531821Z ^[[1m^[[92m   Compiling^[[0m uuid v1.26.1
Rust	Test Rust workspace	2026-09-25T01:48:22.9122449Z ^[[1m^[[92m   Compiling^[[0m block-buffer v0.12.1
Rust	Test Rust workspace	2026-09-25T01:48:22.9362172Z ^[[1m^[[92m   Compiling^[[0m crypto-common v0.2.2
Rust	Test Rust workspace	2026-09-25T01:48:23.0091964Z ^[[1m^[[92m   Compiling^[[0m io-extras v0.19.0
Rust	Test Rust workspace	2026-09-25T01:48:23.0962210Z ^[[1m^[[92m   Compiling^[[0m maybe-owned v0.3.4
Rust	Test Rust workspace	2026-09-25T01:48:23.2211911Z ^[[1m^[[92m   Compiling^[[0m ipnet v2.12.2
Rust	Test Rust workspace	2026-09-25T01:48:23.7521743Z ^[[1m^[[92m   Compiling^[[0m serde_jcs v0.2.0
Rust	Test Rust workspace	2026-09-25T01:48:23.9252318Z ^[[1m^[[92m   Compiling^[[0m rx-domain v0.1.0 (/home/runner/work/rx-solutions/rx-solutions/sdk/crates/rx-domain)
Rust	Test Rust workspace	2026-09-25T01:48:24.0641746Z ^[[1m^[[92m   Compiling^[[0m digest v0.11.3
Rust	Test Rust workspace	2026-09-25T01:48:24.1251796Z ^[[1m^[[92m   Compiling^[[0m ambient-authority v0.0.2
Rust	Test Rust workspace	2026-09-25T01:48:24.1541696Z ^[[1m^[[92m   Compiling^[[0m cpufeatures v0.3.1
Rust	Test Rust workspace	2026-09-25T01:48:24.1601314Z ^[[1m^[[92m   Compiling^[[0m signature v3.0.0
Rust	Test Rust workspace	2026-09-25T01:48:24.1872347Z ^[[1m^[[92m   Compiling^[[0m sha2 v0.11.0
Rust	Test Rust workspace	2026-09-25T01:48:24.2111782Z ^[[1m^[[92m   Compiling^[[0m ed25519 v3.0.0
Rust	Test Rust workspace	2026-09-25T01:48:24.3122174Z ^[[1m^[[92m   Compiling^[[0m curve25519-dalek v5.0.0
Rust	Test Rust workspace	2026-09-25T01:48:25.0991982Z ^[[1m^[[92m   Compiling^[[0m fs-set-times v0.20.3
Rust	Test Rust workspace	2026-09-25T01:48:25.1822137Z ^[[1m^[[92m   Compiling^[[0m rustix-linux-procfs v0.1.1
Rust	Test Rust workspace	2026-09-25T01:48:25.3072865Z ^[[1m^[[92m   Compiling^[[0m cap-primitives v4.0.3
Rust	Test Rust workspace	2026-09-25T01:48:25.3813609Z ^[[1m^[[92m   Compiling^[[0m tempfile v3.27.0
Rust	Test Rust workspace	2026-09-25T01:48:25.5702120Z ^[[1m^[[92m   Compiling^[[0m bytes v1.12.1
Rust	Test Rust workspace	2026-09-25T01:48:25.7832149Z ^[[1m^[[92m   Compiling^[[0m cap-std v4.0.3
Rust	Test Rust workspace	2026-09-25T01:48:26.0172519Z ^[[1m^[[92m   Compiling^[[0m rx-ports v0.1.0 (/home/runner/work/rx-solutions/rx-solutions/sdk/crates/rx-ports)
Rust	Test Rust workspace	2026-09-25T01:48:26.1221668Z ^[[1m^[[92m   Compiling^[[0m cap-fs-ext v4.0.3
Rust	Test Rust workspace	2026-09-25T01:48:26.1803332Z ^[[1m^[[92m   Compiling^[[0m ed25519-dalek v3.0.0
Rust	Test Rust workspace	2026-09-25T01:48:26.1891612Z ^[[1m^[[92m   Compiling^[[0m semver v1.0.28
Rust	Test Rust workspace	2026-09-25T01:48:26.2861775Z ^[[1m^[[92m   Compiling^[[0m pin-project-lite v0.2.17
Rust	Test Rust workspace	2026-09-25T01:48:26.3331698Z ^[[1m^[[92m   Compiling^[[0m errno v0.3.14
Rust	Test Rust workspace	2026-09-25T01:48:26.3515129Z ^[[1m^[[92m   Compiling^[[0m foldhash v0.2.0
Rust	Test Rust workspace	2026-09-25T01:48:26.4232313Z ^[[1m^[[92m   Compiling^[[0m rx-package v0.1.0 (/home/runner/work/rx-solutions/rx-solutions/sdk/crates/rx-package)
Rust	Test Rust workspace	2026-09-25T01:48:26.4477393Z ^[[1m^[[92m   Compiling^[[0m hashbrown v0.17.1
Rust	Test Rust workspace	2026-09-25T01:48:26.4734527Z ^[[1m^[[92m   Compiling^[[0m signal-hook-registry v1.4.8
Rust	Test Rust workspace	2026-09-25T01:48:26.6932380Z ^[[1m^[[92m   Compiling^[[0m mio v1.2.3
Rust	Test Rust workspace	2026-09-25T01:48:27.0221195Z ^[[1m^[[92m   Compiling^[[0m socket2 v0.6.5
Rust	Test Rust workspace	2026-09-25T01:48:27.2052313Z ^[[1m^[[92m   Compiling^[[0m smallvec v1.16.0
Rust	Test Rust workspace	2026-09-25T01:48:27.3592248Z ^[[1m^[[92m   Compiling^[[0m tokio v1.53.1
Rust	Test Rust workspace	2026-09-25T01:48:27.5432329Z ^[[1m^[[92m   Compiling^[[0m libsqlite3-sys v0.38.2
Rust	Test Rust workspace	2026-09-25T01:48:27.7162108Z ^[[1m^[[92m   Compiling^[[0m hashlink v0.12.2
Rust	Test Rust workspace	2026-09-25T01:48:27.8286667Z ^[[1m^[[92m   Compiling^[[0m fallible-iterator v0.3.0
Rust	Test Rust workspace	2026-09-25T01:48:27.9612233Z ^[[1m^[[92m   Compiling^[[0m fallible-streaming-iterator v0.1.9
Rust	Test Rust workspace	2026-09-25T01:48:28.0532663Z ^[[1m^[[92m   Compiling^[[0m rx-service-status v0.1.0 (/home/runner/work/rx-solutions/rx-solutions/runtime/rx-service-status)
Rust	Test Rust workspace	2026-09-25T01:48:28.1292087Z ^[[1m^[[92m   Compiling^[[0m rusqlite v0.40.2
Rust	Test Rust workspace	2026-09-25T01:48:29.5012257Z ^[[1m^[[92m   Compiling^[[0m rx-storage v0.1.0 (/home/runner/work/rx-solutions/rx-solutions/sdk/crates/rx-storage)
Rust	Test Rust workspace	2026-09-25T01:48:29.5922270Z ^[[1m^[[92m   Compiling^[[0m equivalent v1.0.2
Rust	Test Rust workspace	2026-09-25T01:48:29.6211274Z ^[[1m^[[92m   Compiling^[[0m futures-core v0.3.34
Rust	Test Rust workspace	2026-09-25T01:48:29.6944995Z ^[[1m^[[92m   Compiling^[[0m rx-process-contract v0.1.0 (/home/runner/work/rx-solutions/rx-solutions/sdk/crates/rx-process-contract)
Rust	Test Rust workspace	2026-09-25T01:48:30.9621757Z ^[[1m^[[92m   Compiling^[[0m http v1.5.0
Rust	Test Rust workspace	2026-09-25T01:48:32.0911857Z ^[[1m^[[92m   Compiling^[[0m tracing-core v0.1.36
Rust	Test Rust workspace	2026-09-25T01:48:32.6702416Z ^[[1m^[[92m   Compiling^[[0m futures-sink v0.3.34
Rust	Test Rust workspace	2026-09-25T01:48:32.7171789Z ^[[1m^[[92m   Compiling^[[0m slab v0.4.12
Rust	Test Rust workspace	2026-09-25T01:48:32.8301881Z ^[[1m^[[92m   Compiling^[[0m tokio-util v0.7.19
Rust	Test Rust workspace	2026-09-25T01:48:33.4922144Z ^[[1m^[[92m   Compiling^[[0m tracing v0.1.44
Rust	Test Rust workspace	2026-09-25T01:48:33.5041974Z ^[[1m^[[92m   Compiling^[[0m http-body v1.1.0
Rust	Test Rust workspace	2026-09-25T01:48:33.5861823Z ^[[1m^[[92m   Compiling^[[0m indexmap v2.14.2
Rust	Test Rust workspace	2026-09-25T01:48:33.6612109Z ^[[1m^[[92m   Compiling^[[0m log v0.4.34
Rust	Test Rust workspace	2026-09-25T01:48:33.7821960Z ^[[1m^[[92m   Compiling^[[0m getrandom v0.2.17
Rust	Test Rust workspace	2026-09-25T01:48:33.9091773Z ^[[1m^[[92m   Compiling^[[0m futures-task v0.3.34
Rust	Test Rust workspace	2026-09-25T01:48:34.0072826Z ^[[1m^[[92m   Compiling^[[0m tower-service v0.3.3
Rust	Test Rust workspace	2026-09-25T01:48:34.0451666Z ^[[1m^[[92m   Compiling^[[0m untrusted v0.9.0
Rust	Test Rust workspace	2026-09-25T01:48:34.1061739Z ^[[1m^[[92m   Compiling^[[0m ring v0.17.14
Rust	Test Rust workspace	2026-09-25T01:48:34.2351823Z ^[[1m^[[92m   Compiling^[[0m futures-util v0.3.34
Rust	Test Rust workspace	2026-09-25T01:48:34.3732557Z ^[[1m^[[92m   Compiling^[[0m rustls-pki-types v1.15.1
Rust	Test Rust workspace	2026-09-25T01:48:34.8372020Z ^[[1m^[[92m   Compiling^[[0m fnv v1.0.7
Rust	Test Rust workspace	2026-09-25T01:48:34.8733568Z ^[[1m^[[92m   Compiling^[[0m atomic-waker v1.1.2
Rust	Test Rust workspace	2026-09-25T01:48:34.9381840Z ^[[1m^[[92m   Compiling^[[0m try-lock v0.2.5
Rust	Test Rust workspace	2026-09-25T01:48:35.9341812Z ^[[1m^[[92m   Compiling^[[0m want v0.3.1
Rust	Test Rust workspace	2026-09-25T01:48:36.0281988Z ^[[1m^[[92m   Compiling^[[0m h2 v0.4.19
Rust	Test Rust workspace	2026-09-25T01:48:36.4521913Z ^[[1m^[[92m   Compiling^[[0m pulldown-cmark v0.13.4
Rust	Test Rust workspace	2026-09-25T01:48:36.9051700Z ^[[1m^[[92m   Compiling^[[0m httparse v1.10.1
Rust	Test Rust workspace	2026-09-25T01:48:36.9692453Z ^[[1m^[[92m   Compiling^[[0m futures-channel v0.3.34
Rust	Test Rust workspace	2026-09-25T01:48:37.1245618Z ^[[1m^[[92m   Compiling^[[0m rx-solution-catalog v0.1.0 (/home/runner/work/rx-solutions/rx-solutions/runtime/rx-solution-catalog)
Rust	Test Rust workspace	2026-09-25T01:48:37.1543220Z ^[[1m^[[92m   Compiling^[[0m sync_wrapper v1.0.2
Rust	Test Rust workspace	2026-09-25T01:48:37.1909532Z ^[[1m^[[92m   Compiling^[[0m tower-layer v0.3.3
Rust	Test Rust workspace	2026-09-25T01:48:37.3032178Z ^[[1m^[[92m   Compiling^[[0m httpdate v1.0.3
Rust	Test Rust workspace	2026-09-25T01:48:37.4851913Z ^[[1m^[[92m   Compiling^[[0m pulldown-cmark-to-cmark v22.0.1
Rust	Test Rust workspace	2026-09-25T01:48:37.8101758Z ^[[1m^[[92m   Compiling^[[0m petgraph v0.8.3
Rust	Test Rust workspace	2026-09-25T01:48:38.8129557Z ^[[1m^[[92m   Compiling^[[0m hyper v1.11.1
Rust	Test Rust workspace	2026-09-25T01:48:39.3135067Z ^[[1m^[[92m   Compiling^[[0m prost-types v0.14.4
Rust	Test Rust workspace	2026-09-25T01:48:39.5632149Z ^[[1m^[[92m   Compiling^[[0m rustls-webpki v0.103.15
Rust	Test Rust workspace	2026-09-25T01:48:39.7321755Z ^[[1m^[[92m   Compiling^[[0m http-body-util v0.1.5
Rust	Test Rust workspace	2026-09-25T01:48:39.9482449Z ^[[1m^[[92m   Compiling^[[0m mime v0.3.17
Rust	Test Rust workspace	2026-09-25T01:48:40.1672115Z ^[[1m^[[92m   Compiling^[[0m axum-core v0.5.6
Rust	Test Rust workspace	2026-09-25T01:48:40.7211820Z ^[[1m^[[92m   Compiling^[[0m prost-build v0.14.4
Rust	Test Rust workspace	2026-09-25T01:48:40.7512177Z ^[[1m^[[92m   Compiling^[[0m rustls v0.23.44
Rust	Test Rust workspace	2026-09-25T01:48:40.8031869Z ^[[1m^[[92m   Compiling^[[0m hyper-util v0.1.20
Rust	Test Rust workspace	2026-09-25T01:48:41.7001626Z ^[[1m^[[92m   Compiling^[[0m tower v0.5.3
Rust	Test Rust workspace	2026-09-25T01:48:42.0872506Z ^[[1m^[[92m   Compiling^[[0m prost v0.14.4
Rust	Test Rust workspace	2026-09-25T01:48:42.3222181Z ^[[1m^[[92m   Compiling^[[0m percent-encoding v2.3.2
Rust	Test Rust workspace	2026-09-25T01:48:42.4492375Z ^[[1m^[[92m   Compiling^[[0m matchit v0.8.4
Rust	Test Rust workspace	2026-09-25T01:48:42.4581004Z ^[[1m^[[92m   Compiling^[[0m pin-project v1.1.13
Rust	Test Rust workspace	2026-09-25T01:48:42.4933264Z ^[[1m^[[92m   Compiling^[[0m tonic-prost-build v0.14.6
Rust	Test Rust workspace	2026-09-25T01:48:42.5132133Z ^[[1m^[[92m   Compiling^[[0m hyper-timeout v0.5.2
Rust	Test Rust workspace	2026-09-25T01:48:42.6542136Z ^[[1m^[[92m   Compiling^[[0m axum v0.8.9
Rust	Test Rust workspace	2026-09-25T01:48:42.7672153Z ^[[1m^[[92m   Compiling^[[0m tokio-stream v0.1.19
Rust	Test Rust workspace	2026-09-25T01:48:42.9211849Z ^[[1m^[[92m   Compiling^[[0m base64 v0.22.1
Rust	Test Rust workspace	2026-09-25T01:48:43.1672455Z ^[[1m^[[92m   Compiling^[[0m rx-protocol v0.1.0 (/home/runner/work/rx-solutions/rx-solutions/sdk/crates/rx-protocol)
Rust	Test Rust workspace	2026-09-25T01:48:44.1061437Z ^[[1m^[[92m   Compiling^[[0m tokio-rustls v0.26.5
Rust	Test Rust workspace	2026-09-25T01:48:44.3161896Z ^[[1m^[[92m   Compiling^[[0m prost-reflect v0.16.5
Rust	Test Rust workspace	2026-09-25T01:48:45.5432266Z ^[[1m^[[92m   Compiling^[[0m rx-process v0.1.0 (/home/runner/work/rx-solutions/rx-solutions/runtime/rx-process)
Rust	Test Rust workspace	2026-09-25T01:48:46.2231574Z ^[[1m^[[92m   Compiling^[[0m tonic v0.14.6
Rust	Test Rust workspace	2026-09-25T01:48:46.3712227Z ^[[1m^[[92m   Compiling^[[0m rx-melsec-mc v0.1.0 (/home/runner/work/rx-solutions/rx-solutions/drivers/rx-melsec-mc)
Rust	Test Rust workspace	2026-09-25T01:48:47.0382195Z ^[[1m^[[92m   Compiling^[[0m rx-host v0.1.0 (/home/runner/work/rx-solutions/rx-solutions/runtime/rx-host)
Rust	Test Rust workspace	2026-09-25T01:48:47.8145527Z ^[[1m^[[92m   Compiling^[[0m rx-supervisor v0.1.0 (/home/runner/work/rx-solutions/rx-solutions/runtime/rx-supervisor)
Rust	Test Rust workspace	2026-09-25T01:48:47.8217412Z ^[[1m^[[92m   Compiling^[[0m deranged v0.5.8
Rust	Test Rust workspace	2026-09-25T01:48:48.8811802Z ^[[1m^[[92m   Compiling^[[0m tonic-prost v0.14.6
Rust	Test Rust workspace	2026-09-25T01:48:49.4201848Z ^[[1m^[[92m   Compiling^[[0m time-core v0.1.9
Rust	Test Rust workspace	2026-09-25T01:48:49.5731640Z ^[[1m^[[92m   Compiling^[[0m num-conv v0.2.2
Rust	Test Rust workspace	2026-09-25T01:48:49.6771892Z ^[[1m^[[92m   Compiling^[[0m powerfmt v0.2.0
Rust	Test Rust workspace	2026-09-25T01:48:49.8121541Z ^[[1m^[[92m   Compiling^[[0m time v0.3.55
Rust	Test Rust workspace	2026-09-25T01:48:50.4901818Z ^[[1m^[[92m   Compiling^[[0m base64 v0.23.1
Rust	Test Rust workspace	2026-09-25T01:48:50.8032129Z ^[[1m^[[92m   Compiling^[[0m pem v4.0.0
Rust	Test Rust workspace	2026-09-25T01:48:51.1156863Z ^[[1m^[[92m   Compiling^[[0m yasna v0.6.0
Rust	Test Rust workspace	2026-09-25T01:48:51.1205228Z ^[[1m^[[92m   Compiling^[[0m rx-process-package v0.1.0 (/home/runner/work/rx-solutions/rx-solutions/runtime/rx-process-package)
Rust	Test Rust workspace	2026-09-25T01:48:51.8861696Z ^[[1m^[[92m   Compiling^[[0m rcgen v0.14.10
Rust	Test Rust workspace	2026-09-25T01:48:55.8372185Z ^[[1m^[[92m   Compiling^[[0m rx-executor v0.1.0 (/home/runner/work/rx-solutions/rx-solutions/runtime/rx-executor)
Rust	Test Rust workspace	2026-09-25T01:49:02.6302795Z ^[[1m^[[92m   Compiling^[[0m rx-device-package v0.1.0 (/home/runner/work/rx-solutions/rx-solutions/runtime/rx-device-package)
Rust	Test Rust workspace	2026-09-25T01:50:49.6728763Z ^[[1m^[[92m    Finished^[[0m `test` profile [unoptimized + debuginfo] target(s) in 2m 29s
Rust	Test Rust workspace	2026-09-25T01:50:49.7037430Z ^[[1m^[[92m     Running^[[0m unittests src/lib.rs (target/debug/deps/rx_device_package-9462bb0f5b46cbe8)
Rust	Test Rust workspace	2026-09-25T01:50:49.7050927Z 
Rust	Test Rust workspace	2026-09-25T01:50:49.7051265Z running 0 tests
Rust	Test Rust workspace	2026-09-25T01:50:49.7051533Z 
Rust	Test Rust workspace	2026-09-25T01:50:49.7052291Z test result: ok. 0 passed; 0 failed; 0 ignored; 0 measured; 0 filtered out; finished in 0.00s
Rust	Test Rust workspace	2026-09-25T01:50:49.7052910Z 
Rust	Test Rust workspace	2026-09-25T01:50:49.7055740Z ^[[1m^[[92m     Running^[[0m unittests src/bin/rx-device-package.rs (target/debug/deps/rx_device_package-5b2b8687c449c4ac)
Rust	Test Rust workspace	2026-09-25T01:50:49.7066068Z 
Rust	Test Rust workspace	2026-09-25T01:50:49.7066216Z running 0 tests
Rust	Test Rust workspace	2026-09-25T01:50:49.7066479Z 
Rust	Test Rust workspace	2026-09-25T01:50:49.7067052Z test result: ok. 0 passed; 0 failed; 0 ignored; 0 measured; 0 filtered out; finished in 0.00s
Rust	Test Rust workspace	2026-09-25T01:50:49.7067422Z 
Rust	Test Rust workspace	2026-09-25T01:50:49.7069437Z ^[[1m^[[92m     Running^[[0m tests/authoring.rs (target/debug/deps/authoring-aa69e4514e26b06f)
Rust	Test Rust workspace	2026-09-25T01:50:49.7080094Z 
Rust	Test Rust workspace	2026-09-25T01:50:49.7080266Z running 9 tests
Rust	Test Rust workspace	2026-09-25T01:50:49.7084878Z test export_image_fixture ... ignored, exports explicitly simulated, unsigned inputs and public test policy for container verification
Rust	Test Rust workspace	2026-09-25T01:50:49.7154718Z test one_template_resolves_two_sites_without_editing_the_shared_semantics ... ok
Rust	Test Rust workspace	2026-09-25T01:50:49.7241476Z test semantically_unordered_inputs_produce_the_same_signing_message ... ok
Rust	Test Rust workspace	2026-09-25T01:50:49.7271357Z test sign_image_request ... ignored, signs only with an embedded test key for isolated container verification
Rust	Test Rust workspace	2026-09-25T01:50:49.7391423Z test candidate_changes_permissions_keys_and_missing_assets_do_not_bypass_verification ... ok
Rust	Test Rust workspace	2026-09-25T01:50:49.7416177Z test template_hash_missing_extra_and_alias_bindings_are_rejected ... ok
Rust	Test Rust workspace	2026-09-25T01:50:49.7439187Z test signed_but_inconsistent_assembly_cannot_pass_the_host_resolver ... ok
Rust	Test Rust workspace	2026-09-25T01:50:49.7588204Z test candidate_roundtrip_external_signature_and_host_decoding_preserve_signed_provenance ... ok
Rust	Test Rust workspace	2026-09-25T01:50:49.7945220Z test cli_assembles_requests_external_signature_seals_and_verifies_without_network ... ok
Rust	Test Rust workspace	2026-09-25T01:50:49.7945942Z 
Rust	Test Rust workspace	2026-09-25T01:50:49.7946401Z test result: ok. 7 passed; 0 failed; 2 ignored; 0 measured; 0 filtered out; finished in 0.09s
Rust	Test Rust workspace	2026-09-25T01:50:49.7946998Z 
Rust	Test Rust workspace	2026-09-25T01:50:49.7949579Z ^[[1m^[[92m     Running^[[0m tests/jtc_authoring.rs (target/debug/deps/jtc_authoring-6db2748e0790c111)
Rust	Test Rust workspace	2026-09-25T01:50:49.7968875Z 
Rust	Test Rust workspace	2026-09-25T01:50:49.7969037Z running 14 tests
Rust	Test Rust workspace	2026-09-25T01:50:49.7982674Z test export_device_review_authority ... ignored, exports a public device verifier trust fixture, never a production key
Rust	Test Rust workspace	2026-09-25T01:50:49.7984354Z test export_image_fixture ... ignored, exports only SIMULATION inputs and a public test policy for the image authoring test
Rust	Test Rust workspace	2026-09-25T01:50:49.9574631Z test actual_cli_generates_a_report_and_a_separate_signing_request ... ok
Rust	Test Rust workspace	2026-09-25T01:50:50.0391483Z test device_software_report_uses_real_decoder_and_cannot_claim_physical_validation ... ok
Rust	Test Rust workspace	2026-09-25T01:50:50.0701392Z test missing_alias_or_foreign_bindings_and_invalid_trajectory_are_rejected ... ok
Rust	Test Rust workspace	2026-09-25T01:50:50.0731368Z test sign_device_report ... ignored, external test-only device report signer for real API integration
Rust	Test Rust workspace	2026-09-25T01:50:50.0761160Z test sign_image_request ... ignored, test-only external signer for the isolated image fixture
Rust	Test Rust workspace	2026-09-25T01:50:50.1717855Z test host_package_checks_assets_and_exact_intents_but_cannot_create_control_authority ... ok
Rust	Test Rust workspace	2026-09-25T01:50:50.1856853Z test simulation_catalog_cannot_be_promoted_to_a_physical_site ... ok
Rust	Test Rust workspace	2026-09-25T01:50:50.2961793Z test actual_cli_assembles_requests_external_signature_seals_and_inspects_jtc ... ok
Rust	Test Rust workspace	2026-09-25T01:50:50.3462654Z test signed_but_inconsistent_results_actions_model_and_release_are_rejected ... ok
Rust	Test Rust workspace	2026-09-25T01:50:50.4518554Z test host_initializes_jtc_metadata_and_refuses_run_before_creating_a_controller_client ... ok
Rust	Test Rust workspace	2026-09-25T01:50:50.4863299Z test template_reuse_and_candidate_roundtrip_preserve_bound_actions_and_result_meanings ... ok
Rust	Test Rust workspace	2026-09-25T01:50:50.4929397Z test unordered_template_actions_have_one_digest_and_joint_order_is_preserved ... ok
Rust	Test Rust workspace	2026-09-25T01:50:50.4929820Z 
Rust	Test Rust workspace	2026-09-25T01:50:50.4930072Z test result: ok. 10 passed; 0 failed; 4 ignored; 0 measured; 0 filtered out; finished in 0.70s
Rust	Test Rust workspace	2026-09-25T01:50:50.4930680Z 
Rust	Test Rust workspace	2026-09-25T01:50:50.4939203Z ^[[1m^[[92m     Running^[[0m unittests src/lib.rs (target/debug/deps/rx_executor-58937702145e80c0)
Rust	Test Rust workspace	2026-09-25T01:50:50.4956830Z 
Rust	Test Rust workspace	2026-09-25T01:50:50.4957101Z running 40 tests
Rust	Test Rust workspace	2026-09-25T01:50:50.4970955Z test cell_service::tests::discovery_does_not_hide_old_owner_expired_attempt_or_restricted_work ... ok
Rust	Test Rust workspace	2026-09-25T01:50:50.4972163Z test cell_service::tests::historical_session_runtime_and_paused_attachment_cannot_resume ... ok
Rust	Test Rust workspace	2026-09-25T01:50:50.4979731Z test cell_service::tests::completion_requires_structured_cleanup_exact_stop_and_actual_completed_state ... ok
Rust	Test Rust workspace	2026-09-25T01:50:50.4981340Z test cell_service::tests::none_and_arming_are_observation_only_and_ambiguity_has_no_winner ... ok
Rust	Test Rust workspace	2026-09-25T01:50:50.4982305Z test cell_service::tests::observation_shutdown_preserves_preparing_attached_and_known_arming_as_attention ... ok
Rust	Test Rust workspace	2026-09-25T01:50:50.5159937Z test cell_service::tests::actual_production_cut_must_revalidate_discovery_before_any_reservation ... ok
Rust	Test Rust workspace	2026-09-25T01:50:50.5174693Z test client::assignment::tests::accepted_read_expires_or_loses_currency_when_the_trusted_clock_changes ... ok
Rust	Test Rust workspace	2026-09-25T01:50:50.5202245Z test client::assignment::tests::assignment_shares_runtime_sequence_and_time_regression_guards ... ok
Rust	Test Rust workspace	2026-09-25T01:50:50.5409033Z test client::assignment::tests::cardinalities_retain_old_sessions_expired_attempts_and_restricted_work ... ok
Rust	Test Rust workspace	2026-09-25T01:50:50.5452310Z test client::assignment::tests::expired_response_does_not_advance_the_shared_cut ... ok
Rust	Test Rust workspace	2026-09-25T01:50:50.5491488Z test cell_service::tests::missing_file_after_creation_entered_never_becomes_fresh_initialization ... ok
Rust	Test Rust workspace	2026-09-25T01:50:50.5551961Z test client::assignment::tests::forged_identity_is_rejected_even_with_a_matching_payload_hash ... ok
Rust	Test Rust workspace	2026-09-25T01:50:50.5575234Z test cell_service::tests::preparing_recovery_keeps_original_ids_and_cannot_switch_to_new_candidate ... ok
Rust	Test Rust workspace	2026-09-25T01:50:50.5601506Z test client::assignment::tests::forged_cut_cardinality_and_duplicate_witnesses_fail_closed ... ok
Rust	Test Rust workspace	2026-09-25T01:50:50.5621200Z test client::tests::artifact_hash_does_not_replace_size_schema_or_typed_payload_validation ... ok
Rust	Test Rust workspace	2026-09-25T01:50:50.5629555Z test client::assignment::tests::payload_digest_size_schema_and_strict_json_are_independent_checks ... ok
Rust	Test Rust workspace	2026-09-25T01:50:50.5635364Z test engine_process::tests::verified_product_binary_uses_live_linux_clock_and_preserves_one_process ... ignored, Linux validation image supplies RX_BT_ENGINE_BINARY
Rust	Test Rust workspace	2026-09-25T01:50:50.5637634Z test clock::tests::linux_clock_uses_the_shared_boot_identity_and_non_decreasing_boottime ... ok
Rust	Test Rust workspace	2026-09-25T01:50:50.5638979Z test client::assignment::tests::ttl_and_clock_interval_are_checked_before_accepting_a_view ... ok
Rust	Test Rust workspace	2026-09-25T01:50:50.5640273Z test frame::tests::restored_p_snapshot_preserves_work_and_does_not_restore_admission ... ok
Rust	Test Rust workspace	2026-09-25T01:50:50.5641778Z test frame::tests::a_new_epoch_is_not_implicitly_adopted_by_an_existing_context ... ok
Rust	Test Rust workspace	2026-09-25T01:50:50.5643144Z test journal::recovery::wal::tests::checksum_word_order_and_accumulation_have_independent_known_values ... ok
Rust	Test Rust workspace	2026-09-25T01:50:50.5647456Z test frame::tests::source_clock_expiry_blocks_a_view_even_if_the_local_steady_deadline_has_not_passed ... ok
Rust	Test Rust workspace	2026-09-25T01:50:50.5656700Z test journal::recovery::wal::tests::invalid_page_numbers_commit_sizes_and_oversize_files_fail_before_unbounded_reads ... ok
Rust	Test Rust workspace	2026-09-25T01:50:50.5661015Z test journal::recovery::wal::tests::header_fields_and_header_checksum_cannot_silently_drop_the_wal ... ok
Rust	Test Rust workspace	2026-09-25T01:50:50.5666838Z test pending::tests::full_queue_and_inflight_normal_work_do_not_block_pause_and_meaning_cannot_change ... ok
Rust	Test Rust workspace	2026-09-25T01:50:50.5672426Z test pending::tests::wait_start_does_not_drop_the_only_bt_request_and_due_requests_are_fair ... ok
Rust	Test Rust workspace	2026-09-25T01:50:50.5678119Z test service::tests::cancelled_serial_retirement_cannot_become_confirmation_for_an_empty_engine_slot ... ok
Rust	Test Rust workspace	2026-09-25T01:50:50.5680585Z test service::tests::cleanup_confirmation_distinguishes_no_spawn_and_local_close_from_uncertainty ... ok
Rust	Test Rust workspace	2026-09-25T01:50:50.5683128Z test service::tests::each_serial_planner_requires_its_own_confirmed_cleanup ... ok
Rust	Test Rust workspace	2026-09-25T01:50:50.5684360Z test service::tests::failed_close_is_sticky_after_a_later_successful_cleanup ... ok
Rust	Test Rust workspace	2026-09-25T01:50:50.5685673Z test service::tests::production_expiry::expired_waiting_cannot_republish_an_old_admission_flag ... ok
Rust	Test Rust workspace	2026-09-25T01:50:50.5687786Z test journal::recovery::wal::tests::page_data_checksums_salts_partial_and_uncommitted_tails_are_rejected ... ok
Rust	Test Rust workspace	2026-09-25T01:50:50.5689257Z test service::tests::spawn_attempts_are_uncertain_until_cleanup_and_failures_remain_latched ... ok
Rust	Test Rust workspace	2026-09-25T01:50:50.5690823Z test service_owner::tests::explicit_release_does_not_wait_for_an_inherited_open_file_description ... ok
Rust	Test Rust workspace	2026-09-25T01:50:50.5715851Z test cell_service::tests::closing_a_preserves_its_stop_and_frees_only_the_next_attachment ... ok
Rust	Test Rust workspace	2026-09-25T01:50:50.5717391Z test worker::production::tests::serial_selection_preserves_zero_or_one_active_part_without_rewriting_completed_parts ... ok
Rust	Test Rust workspace	2026-09-25T01:50:50.5718825Z test worker::production::tests::valid_platform_views_with_multiple_active_parts_require_serial_attention ... ok
Rust	Test Rust workspace	2026-09-25T01:50:50.5758007Z test journal::recovery::wal::tests::absent_empty_header_only_and_complete_commits_are_distinct_valid_shapes ... ok
Rust	Test Rust workspace	2026-09-25T01:50:50.5802381Z test service::tests::production_expiry::journal_observation_expiry_retries_completed_read_instead_of_stopping_context ... ok
Rust	Test Rust workspace	2026-09-25T01:50:50.5802907Z 
Rust	Test Rust workspace	2026-09-25T01:50:50.5803156Z test result: ok. 39 passed; 0 failed; 1 ignored; 0 measured; 0 filtered out; finished in 0.08s
Rust	Test Rust workspace	2026-09-25T01:50:50.5803495Z 
Rust	Test Rust workspace	2026-09-25T01:50:50.5810037Z ^[[1m^[[92m     Running^[[0m unittests tests/support/cell_service_fixture.rs (target/debug/deps/rx_executor_cell_service_fixture-903a8a30f96f523d)
Rust	Test Rust workspace	2026-09-25T01:50:50.5820637Z 
Rust	Test Rust workspace	2026-09-25T01:50:50.5820945Z running 0 tests
Rust	Test Rust workspace	2026-09-25T01:50:50.5821293Z 
Rust	Test Rust workspace	2026-09-25T01:50:50.5821881Z test result: ok. 0 passed; 0 failed; 0 ignored; 0 measured; 0 filtered out; finished in 0.00s
Rust	Test Rust workspace	2026-09-25T01:50:50.5822518Z 
Rust	Test Rust workspace	2026-09-25T01:50:50.5824262Z ^[[1m^[[92m     Running^[[0m unittests tests/support/decision_fixture.rs (target/debug/deps/rx_executor_decision_fixture-872006aae221e7c1)
Rust	Test Rust workspace	2026-09-25T01:50:50.5834046Z 
Rust	Test Rust workspace	2026-09-25T01:50:50.5834184Z running 0 tests
Rust	Test Rust workspace	2026-09-25T01:50:50.5834407Z 
Rust	Test Rust workspace	2026-09-25T01:50:50.5834693Z test result: ok. 0 passed; 0 failed; 0 ignored; 0 measured; 0 filtered out; finished in 0.00s
Rust	Test Rust workspace	2026-09-25T01:50:50.5835049Z 
Rust	Test Rust workspace	2026-09-25T01:50:50.5837011Z ^[[1m^[[92m     Running^[[0m unittests tests/support/read_fixture.rs (target/debug/deps/rx_executor_read_fixture-cc8ab15ed7492792)
Rust	Test Rust workspace	2026-09-25T01:50:50.5846850Z 
Rust	Test Rust workspace	2026-09-25T01:50:50.5846997Z running 0 tests
Rust	Test Rust workspace	2026-09-25T01:50:50.5847243Z 
Rust	Test Rust workspace	2026-09-25T01:50:50.5847756Z test result: ok. 0 passed; 0 failed; 0 ignored; 0 measured; 0 filtered out; finished in 0.00s
Rust	Test Rust workspace	2026-09-25T01:50:50.5848372Z 
Rust	Test Rust workspace	2026-09-25T01:50:50.5850279Z ^[[1m^[[92m     Running^[[0m unittests src/bin/service.rs (target/debug/deps/rx_executor_service-7ac2a614ba271be0)
Rust	Test Rust workspace	2026-09-25T01:50:50.5861074Z 
Rust	Test Rust workspace	2026-09-25T01:50:50.5861246Z running 4 tests
Rust	Test Rust workspace	2026-09-25T01:50:50.5865635Z test cell_cli::guarded_tests::completed_run_retirement_keeps_the_resident_executor_protocol_ready ... ok
Rust	Test Rust workspace	2026-09-25T01:50:50.5866802Z test cell_cli::guarded_tests::executor_final_state_preserves_attention_and_rejects_incomplete_stop ... ok
Rust	Test Rust workspace	2026-09-25T01:50:50.5867500Z test cell_cli::guarded_tests::live_executor_status_never_claims_terminal_cleanup_or_p_admission ... ok
Rust	Test Rust workspace	2026-09-25T01:50:50.5899024Z test cell_cli::guarded_tests::executor_report_failure_signals_existing_cooperative_shutdown ... ok
Rust	Test Rust workspace	2026-09-25T01:50:50.5899739Z 
Rust	Test Rust workspace	2026-09-25T01:50:50.5900193Z test result: ok. 4 passed; 0 failed; 0 ignored; 0 measured; 0 filtered out; finished in 0.00s
Rust	Test Rust workspace	2026-09-25T01:50:50.5901057Z 
Rust	Test Rust workspace	2026-09-25T01:50:50.5902321Z ^[[1m^[[92m     Running^[[0m unittests tests/support/service_fixture.rs (target/debug/deps/rx_executor_service_fixture-70fb8218b6685ecd)
Rust	Test Rust workspace	2026-09-25T01:50:50.5911861Z 
Rust	Test Rust workspace	2026-09-25T01:50:50.5912239Z running 0 tests
Rust	Test Rust workspace	2026-09-25T01:50:50.5912784Z 
Rust	Test Rust workspace	2026-09-25T01:50:50.5913353Z test result: ok. 0 passed; 0 failed; 0 ignored; 0 measured; 0 filtered out; finished in 0.00s
Rust	Test Rust workspace	2026-09-25T01:50:50.5913838Z 
Rust	Test Rust workspace	2026-09-25T01:50:50.5914607Z ^[[1m^[[92m     Running^[[0m unittests tests/support/worker_fixture.rs (target/debug/deps/rx_executor_worker_fixture-0bbbb682759e46ff)
Rust	Test Rust workspace	2026-09-25T01:50:50.5923668Z 
Rust	Test Rust workspace	2026-09-25T01:50:50.5923806Z running 0 tests
Rust	Test Rust workspace	2026-09-25T01:50:50.5924054Z 
Rust	Test Rust workspace	2026-09-25T01:50:50.5924310Z test result: ok. 0 passed; 0 failed; 0 ignored; 0 measured; 0 filtered out; finished in 0.00s
Rust	Test Rust workspace	2026-09-25T01:50:50.5924674Z 
Rust	Test Rust workspace	2026-09-25T01:50:50.5926831Z ^[[1m^[[92m     Running^[[0m tests/assignment_journal.rs (target/debug/deps/assignment_journal-25e5221b68a93c6a)
Rust	Test Rust workspace	2026-09-25T01:50:50.5937917Z 
Rust	Test Rust workspace	2026-09-25T01:50:50.5938051Z running 21 tests
Rust	Test Rust workspace	2026-09-25T01:50:50.6522429Z test a_run_store_from_another_service_identity_cannot_be_attached ... ok
Rust	Test Rust workspace	2026-09-25T01:50:50.6711041Z test a_crash_before_header_commit_leaves_an_error_instead_of_reinitializing_the_file ... ok
Rust	Test Rust workspace	2026-09-25T01:50:50.6738033Z test attach_rollback_and_lost_reply_are_recovered_without_a_second_transition ... ok
Rust	Test Rust workspace	2026-09-25T01:50:50.6760266Z test changed_scope_or_run_journal_identity_is_never_repaired ... ok
Rust	Test Rust workspace	2026-09-25T01:50:50.7117100Z test creation_marker_committed_before_filesystem_failure_forbids_later_retry ... ok
Rust	Test Rust workspace	2026-09-25T01:50:50.7220222Z test initialized_header_survives_a_lost_initialization_reply ... ok
Rust	Test Rust workspace	2026-09-25T01:50:50.7294072Z test completion_rejects_paused_recovery_abandoned_wrong_identity_and_incomplete_parts ... ok
Rust	Test Rust workspace	2026-09-25T01:50:50.7304771Z test creation_marker_rollback_permits_the_first_initialization_without_changing_phase ... ok
Rust	Test Rust workspace	2026-09-25T01:50:50.7389190Z test close_rollback_and_lost_reply_clear_current_atomically_and_preserve_stop_and_pending_requests ... ok
Rust	Test Rust workspace	2026-09-25T01:50:50.7635619Z test malformed_current_pointer_fails_required_open_instead_of_hiding_the_attached_run ... ok
Rust	Test Rust workspace	2026-09-25T01:50:50.7650025Z test lost_creation_marker_reply_stops_before_file_reservation_and_survives_reopen ... ok
Rust	Test Rust workspace	2026-09-25T01:50:50.7760552Z test old_header_without_creation_history_is_not_silently_upgraded ... ok
Rust	Test Rust workspace	2026-09-25T01:50:50.7846127Z test lost_run_initialization_reply_recovers_binding_without_reinitializing ... ok
Rust	Test Rust workspace	2026-09-25T01:50:50.8092000Z test preparing_rollback_and_lost_reply_preserve_exact_reservation_and_single_current ... ok
Rust	Test Rust workspace	2026-09-25T01:50:50.8292071Z test required_open_never_initializes_missing_empty_or_foreign_service_metadata ... ok
Rust	Test Rust workspace	2026-09-25T01:50:50.8491842Z test required_run_file_does_not_follow_symlinks ... ok
Rust	Test Rust workspace	2026-09-25T01:50:50.8686730Z test preparing_missing_run_is_explicit_but_partial_or_attached_missing_run_is_an_error ... ok
Rust	Test Rust workspace	2026-09-25T01:50:50.8805508Z test preparing_cannot_close_and_closed_history_cannot_rebind_the_same_run ... ok
Rust	Test Rust workspace	2026-09-25T01:50:50.8829297Z test run_creation_marker_cannot_change_after_header_initialization ... ok
Rust	Test Rust workspace	2026-09-25T01:50:50.8843484Z test initialized_preparing_run_file_loss_never_reuses_either_initializer ... ok
Rust	Test Rust workspace	2026-09-25T01:50:50.8957398Z test unbound_legacy_journal_is_not_adopted_or_modified ... ok
Rust	Test Rust workspace	2026-09-25T01:50:50.8957877Z 
Rust	Test Rust workspace	2026-09-25T01:50:50.8958285Z test result: ok. 21 passed; 0 failed; 0 ignored; 0 measured; 0 filtered out; finished in 0.30s
Rust	Test Rust workspace	2026-09-25T01:50:50.8959167Z 
Rust	Test Rust workspace	2026-09-25T01:50:50.8963436Z ^[[1m^[[92m     Running^[[0m tests/cell_cli.rs (target/debug/deps/cell_cli-ff94bf64d8a28daa)
Rust	Test Rust workspace	2026-09-25T01:50:50.8976746Z 
Rust	Test Rust workspace	2026-09-25T01:50:50.8976886Z running 15 tests
Rust	Test Rust workspace	2026-09-25T01:50:51.0042499Z test cell_configuration_rejects_run_visit_program_arguments_and_invalid_timing ... ok
Rust	Test Rust workspace	2026-09-25T01:50:51.1315839Z test changed_configuration_and_pinned_bytes_cannot_reach_session_open ... ok
Rust	Test Rust workspace	2026-09-25T01:50:51.1636642Z test copied_installation_cannot_silently_change_its_root ... ok
Rust	Test Rust workspace	2026-09-25T01:50:51.1856543Z test deployment_file_symlinks_and_private_key_permissions_are_rejected ... ok
Rust	Test Rust workspace	2026-09-25T01:50:51.2384153Z test duplicate_and_root_alias_are_refused_before_session_open_then_cleanup_allows_reopen ... ok
Rust	Test Rust workspace	2026-09-25T01:50:51.2804109Z test guarded_status_validation_fails_before_executor_peer_registration ... ok
Rust	Test Rust workspace	2026-09-25T01:50:51.3451832Z test init_pins_expected_identity_and_normalized_defaults_without_peer_registration ... ok
Rust	Test Rust workspace	2026-09-25T01:50:51.4700954Z test initialized_preparing_or_attached_run_file_loss_is_detected_before_new_peer_boot_registration ... ok
Rust	Test Rust workspace	2026-09-25T01:50:51.5018580Z test manifest_only_partial_installation_is_not_overwritten_or_connected ... ok
Rust	Test Rust workspace	2026-09-25T01:50:51.6296225Z test missing_manifest_empty_journal_and_changed_header_are_refused_before_connect ... ok
Rust	Test Rust workspace	2026-09-25T01:50:51.6851192Z test recovery_inspect_does_not_compete_with_service_or_store_owner ... ok
Rust	Test Rust workspace	2026-09-25T01:50:51.7545794Z test recovery_inspect_initialized_idle_store_is_deterministic_and_does_not_connect_or_modify_files ... ok
Rust	Test Rust workspace	2026-09-25T01:50:51.9362624Z test recovery_inspect_missing_or_corrupt_required_files_never_repairs_them ... ok
Rust	Test Rust workspace	2026-09-25T01:50:51.9471354Z test recovery_inspect_missing_root_does_not_initialize_a_service_or_connect ... ok
Rust	Test Rust workspace	2026-09-25T01:50:52.0199292Z test recovery_inspect_rejects_alias_root_and_changed_deployment_scope ... ok
Rust	Test Rust workspace	2026-09-25T01:50:52.0199815Z 
Rust	Test Rust workspace	2026-09-25T01:50:52.0200147Z test result: ok. 15 passed; 0 failed; 0 ignored; 0 measured; 0 filtered out; finished in 1.12s
Rust	Test Rust workspace	2026-09-25T01:50:52.0200984Z 
Rust	Test Rust workspace	2026-09-25T01:50:52.0203758Z ^[[1m^[[92m     Running^[[0m tests/journal.rs (target/debug/deps/journal-5ecf084b96f21202)
Rust	Test Rust workspace	2026-09-25T01:50:52.0216079Z 
Rust	Test Rust workspace	2026-09-25T01:50:52.0216254Z running 9 tests
Rust	Test Rust workspace	2026-09-25T01:50:52.0458022Z test p_observation_preserves_network_uncertainty_and_deduplicates_unchanged_identity ... ok
Rust	Test Rust workspace	2026-09-25T01:50:52.0481508Z test only_a_confirmed_transactional_rejection_allows_new_cas_and_key ... ok
Rust	Test Rust workspace	2026-09-25T01:50:52.0532515Z test material_identity_is_observed_without_rewriting_a_lost_begin_reply ... ok
Rust	Test Rust workspace	2026-09-25T01:50:52.0645421Z test checkpoint_expiry_preserves_old_attempt_and_pending_projection_is_not_an_rpc_reply ... ok
Rust	Test Rust workspace	2026-09-25T01:50:52.0713150Z test pause_intent_is_scoped_to_executor_session_and_epoch_without_changing_operation_keys ... ok
Rust	Test Rust workspace	2026-09-25T01:50:52.0766617Z test prepared_entered_and_reply_boundaries_survive_rollback_and_lost_commit_response ... ok
Rust	Test Rust workspace	2026-09-25T01:50:52.0794320Z test reconciliation_acknowledgment_is_not_a_resource_release_observation ... ok
Rust	Test Rust workspace	2026-09-25T01:50:52.0830393Z test stop_intent_survives_commit_response_loss_and_never_becomes_a_part_request ... ok
Rust	Test Rust workspace	2026-09-25T01:50:52.0873557Z test stop_attempt_key_is_preserved_and_p_observation_does_not_invent_a_reply ... ok
Rust	Test Rust workspace	2026-09-25T01:50:52.0874324Z 
Rust	Test Rust workspace	2026-09-25T01:50:52.0874805Z test result: ok. 9 passed; 0 failed; 0 ignored; 0 measured; 0 filtered out; finished in 0.07s
Rust	Test Rust workspace	2026-09-25T01:50:52.0875491Z 
Rust	Test Rust workspace	2026-09-25T01:50:52.0879414Z ^[[1m^[[92m     Running^[[0m tests/recovery_inspect.rs (target/debug/deps/recovery_inspect-d875cf98b357f468)
Rust	Test Rust workspace	2026-09-25T01:50:52.0893612Z 
Rust	Test Rust workspace	2026-09-25T01:50:52.0893796Z running 5 tests
Rust	Test Rust workspace	2026-09-25T01:50:52.1047086Z test owner_conflict_symlink_parent_and_size_limit_fail_without_source_writes ... ok
Rust	Test Rust workspace	2026-09-25T01:50:52.1719017Z test missing_header_wrong_identity_and_missing_writer_lock_are_never_initialized ... ok
Rust	Test Rust workspace	2026-09-25T01:50:52.1934172Z test preparing_never_initializes_or_attaches_and_creation_loss_is_rejected ... ok
Rust	Test Rust workspace	2026-09-25T01:50:52.1981615Z test current_pending_stop_is_inspected_twice_without_source_change_or_resolution ... ok
Rust	Test Rust workspace	2026-09-25T01:50:52.2203369Z test crash_style_wal_copy_is_included_without_touching_the_retained_source ... ok
Rust	Test Rust workspace	2026-09-25T01:50:52.2203976Z 
Rust	Test Rust workspace	2026-09-25T01:50:52.2204389Z test result: ok. 5 passed; 0 failed; 0 ignored; 0 measured; 0 filtered out; finished in 0.13s
Rust	Test Rust workspace	2026-09-25T01:50:52.2204971Z 
Rust	Test Rust workspace	2026-09-25T01:50:52.2208026Z ^[[1m^[[92m     Running^[[0m tests/recovery_wal_corruption.rs (target/debug/deps/recovery_wal_corruption-2215a92f941971ab)
Rust	Test Rust workspace	2026-09-25T01:50:52.2222217Z 
Rust	Test Rust workspace	2026-09-25T01:50:52.2222407Z running 2 tests
Rust	Test Rust workspace	2026-09-25T01:50:52.3162990Z test invalid_assignment_wal_header_cannot_hide_committed_attachment_and_pending_requests ... ok
Rust	Test Rust workspace	2026-09-25T01:50:52.3623371Z test stale_committed_shm_cannot_hide_later_complete_wal_commits_or_change_the_original_copy ... ok
Rust	Test Rust workspace	2026-09-25T01:50:52.3624825Z 
Rust	Test Rust workspace	2026-09-25T01:50:52.3625318Z test result: ok. 2 passed; 0 failed; 0 ignored; 0 measured; 0 filtered out; finished in 0.14s
Rust	Test Rust workspace	2026-09-25T01:50:52.3626200Z 
Rust	Test Rust workspace	2026-09-25T01:50:52.3629246Z ^[[1m^[[92m     Running^[[0m tests/service_owner.rs (target/debug/deps/service_owner-4b8fe295ce9f2afd)
Rust	Test Rust workspace	2026-09-25T01:50:52.3640826Z 
Rust	Test Rust workspace	2026-09-25T01:50:52.3641014Z running 8 tests
Rust	Test Rust workspace	2026-09-25T01:50:52.3647975Z test directory_alias_cannot_bypass_the_service_owner ... ok
Rust	Test Rust workspace	2026-09-25T01:50:52.3649010Z test different_service_roots_do_not_impose_a_global_cell_owner ... ok
Rust	Test Rust workspace	2026-09-25T01:50:52.3651281Z test invalid_journal_path_cannot_overwrite_the_ownership_file ... ok
Rust	Test Rust workspace	2026-09-25T01:50:52.3652479Z test one_root_cannot_register_two_services_with_different_run_journals ... ok
Rust	Test Rust workspace	2026-09-25T01:50:52.3655582Z test ownership_symlink_is_rejected_without_touching_its_target ... ok
Rust	Test Rust workspace	2026-09-25T01:50:52.3659008Z test startup_failure_releases_ownership_without_removing_the_lock_file ... ok
Rust	Test Rust workspace	2026-09-25T01:50:52.3687804Z test ownership_special_files_are_rejected ... ok
Rust	Test Rust workspace	2026-09-25T01:50:52.3982459Z test entrypoint::competing_product_process_never_reaches_connect_and_failure_unlocks_root ... ok
Rust	Test Rust workspace	2026-09-25T01:50:52.3983481Z 
Rust	Test Rust workspace	2026-09-25T01:50:52.3983917Z test result: ok. 8 passed; 0 failed; 0 ignored; 0 measured; 0 filtered out; finished in 0.03s
Rust	Test Rust workspace	2026-09-25T01:50:52.3984393Z 
Rust	Test Rust workspace	2026-09-25T01:50:52.3985525Z ^[[1m^[[92m     Running^[[0m unittests src/lib.rs (target/debug/deps/rx_host-df22735102c41c31)
Rust	Test Rust workspace	2026-09-25T01:50:52.4001388Z 
Rust	Test Rust workspace	2026-09-25T01:50:52.4001573Z running 5 tests
Rust	Test Rust workspace	2026-09-25T01:50:52.4011520Z test service::guarded_tests::guarded_host_stopped_requires_final_adapter_proof_and_closed_admission ... ok
Rust	Test Rust workspace	2026-09-25T01:50:52.4012618Z test publication::tests::local_idle_ticks_do_not_extend_the_one_second_remote_probe_deadline ... ok
Rust	Test Rust workspace	2026-09-25T01:50:52.4147833Z test service::guarded_tests::host_report_failure_requests_stop_and_cannot_become_stopped_later ... ok
Rust	Test Rust workspace	2026-09-25T01:50:52.4384640Z test publication::tests::idle_remote_probe_detects_expired_session_without_new_evidence_or_native_effects ... ok
Rust	Test Rust workspace	2026-09-25T01:50:52.8675724Z test service::guarded_tests::unchanged_host_status_heartbeats_and_stays_terminal_after_finish ... ok
Rust	Test Rust workspace	2026-09-25T01:50:52.8676637Z 
Rust	Test Rust workspace	2026-09-25T01:50:52.8677024Z test result: ok. 5 passed; 0 failed; 0 ignored; 0 measured; 0 filtered out; finished in 0.47s
Rust	Test Rust workspace	2026-09-25T01:50:52.8677572Z 
Rust	Test Rust workspace	2026-09-25T01:50:52.8686769Z ^[[1m^[[92m     Running^[[0m unittests tests/support/crash_harness.rs (target/debug/deps/rx_host_crash_fixture-20ff3add287adc54)
Rust	Test Rust workspace	2026-09-25T01:50:52.8696543Z 
Rust	Test Rust workspace	2026-09-25T01:50:52.8696699Z running 0 tests
Rust	Test Rust workspace	2026-09-25T01:50:52.8696977Z 
Rust	Test Rust workspace	2026-09-25T01:50:52.8697594Z test result: ok. 0 passed; 0 failed; 0 ignored; 0 measured; 0 filtered out; finished in 0.00s
Rust	Test Rust workspace	2026-09-25T01:50:52.8698337Z 
Rust	Test Rust workspace	2026-09-25T01:50:52.8700866Z ^[[1m^[[92m     Running^[[0m unittests tests/support/recovery_native_fixture.rs (target/debug/deps/rx_host_recovery_fixture-1f4edec491d7f926)
Rust	Test Rust workspace	2026-09-25T01:50:52.8709953Z 
Rust	Test Rust workspace	2026-09-25T01:50:52.8710236Z running 0 tests
Rust	Test Rust workspace	2026-09-25T01:50:52.8710773Z 
Rust	Test Rust workspace	2026-09-25T01:50:52.8711074Z test result: ok. 0 passed; 0 failed; 0 ignored; 0 measured; 0 filtered out; finished in 0.00s
Rust	Test Rust workspace	2026-09-25T01:50:52.8711723Z 
Rust	Test Rust workspace	2026-09-25T01:50:52.8712963Z ^[[1m^[[92m     Running^[[0m unittests tests/support/sim_server.rs (target/debug/deps/rx_host_sim_server-227661cd7e23c6c2)
Rust	Test Rust workspace	2026-09-25T01:50:52.8722205Z 
Rust	Test Rust workspace	2026-09-25T01:50:52.8722361Z running 0 tests
Rust	Test Rust workspace	2026-09-25T01:50:52.8722633Z 
Rust	Test Rust workspace	2026-09-25T01:50:52.8723017Z test result: ok. 0 passed; 0 failed; 0 ignored; 0 measured; 0 filtered out; finished in 0.00s
Rust	Test Rust workspace	2026-09-25T01:50:52.8723424Z 
Rust	Test Rust workspace	2026-09-25T01:50:52.8725037Z ^[[1m^[[92m     Running^[[0m unittests src/bin/rx-hostd.rs (target/debug/deps/rx_hostd-4e6f676b3a598127)
Rust	Test Rust workspace	2026-09-25T01:50:52.8734299Z 
Rust	Test Rust workspace	2026-09-25T01:50:52.8734459Z running 0 tests
Rust	Test Rust workspace	2026-09-25T01:50:52.8734741Z 
Rust	Test Rust workspace	2026-09-25T01:50:52.8735191Z test result: ok. 0 passed; 0 failed; 0 ignored; 0 measured; 0 filtered out; finished in 0.00s
Rust	Test Rust workspace	2026-09-25T01:50:52.8735984Z 
Rust	Test Rust workspace	2026-09-25T01:50:52.8737117Z ^[[1m^[[92m     Running^[[0m tests/gate.rs (target/debug/deps/gate-86fb3e26722eb2a5)
Rust	Test Rust workspace	2026-09-25T01:50:52.8748689Z 
Rust	Test Rust workspace	2026-09-25T01:50:52.8748851Z running 30 tests
Rust	Test Rust workspace	2026-09-25T01:50:52.9024198Z test cancellation_arriving_before_prepare_creates_permanent_tombstone ... ok
Rust	Test Rust workspace	2026-09-25T01:50:52.9073641Z test altered_permit_and_unapproved_intent_are_rejected_before_effect ... ok
Rust	Test Rust workspace	2026-09-25T01:50:52.9097246Z test configuration_commit_failure_has_no_receipt_context_or_consumed_slot ... ok
Rust	Test Rust workspace	2026-09-25T01:50:52.9217702Z test configuration_cohort_is_complete_and_a_rejected_member_prevents_all_context_changes ... ok
Rust	Test Rust workspace	2026-09-25T01:50:52.9300765Z test configuration_missing_quiescence_does_not_create_applied_context ... ok
Rust	Test Rust workspace	2026-09-25T01:50:52.9393137Z test configuration_does_not_treat_prepared_native_work_as_quiescent ... ok
Rust	Test Rust workspace	2026-09-25T01:50:52.9433894Z test configuration_rejects_an_old_quiescence_observation ... ok
Rust	Test Rust workspace	2026-09-25T01:50:52.9450600Z test configuration_context_is_durable_unqualified_and_same_request_never_reapplies ... ok
Rust	Test Rust workspace	2026-09-25T01:50:52.9531364Z test configuration_scope_binding_and_fence_are_not_caller_success_claims ... ok
Rust	Test Rust workspace	2026-09-25T01:50:52.9695032Z test expiry_during_commit_does_not_enter_native_and_is_not_retried ... ok
Rust	Test Rust workspace	2026-09-25T01:50:52.9719135Z test late_fence_replay_cannot_remove_a_new_arm_or_rewind_epoch ... ok
Rust	Test Rust workspace	2026-09-25T01:50:52.9848796Z test native_submission_serializes_fence_while_protection_is_independent ... ok
Rust	Test Rust workspace	2026-09-25T01:50:53.0001397Z test evidence_publication_cursor_is_durable_scoped_and_never_accepts_a_foreign_ack ... ok
Rust	Test Rust workspace	2026-09-25T01:50:53.0075185Z test prepared_rebind_retires_old_permit_permanently ... ok
Rust	Test Rust workspace	2026-09-25T01:50:53.0085453Z test prepare_does_not_call_device_and_authorize_duplicates_are_receipt_lookup ... ok
Rust	Test Rust workspace	2026-09-25T01:50:53.0471733Z test qualification_tests::qualification_commit_failure_rolls_back_cohort_receipt_and_slot ... ok
Rust	Test Rust workspace	2026-09-25T01:50:53.0574526Z test qualification_tests::qualification_arm_rejects_partial_clearance_and_any_changed_cohort_member ... ok
Rust	Test Rust workspace	2026-09-25T01:50:53.0634369Z test qualification_tests::qualification_full_cohort_is_atomic_and_a_wrong_member_cannot_be_accepted ... ok
Rust	Test Rust workspace	2026-09-25T01:50:53.0831895Z test qualification_tests::qualification_acceptance_preserves_blocks_requires_explicit_arm_and_rejects_old_qualification ... ok
Rust	Test Rust workspace	2026-09-25T01:50:53.1082566Z test qualification_tests::qualification_identity_cannot_be_reused_for_different_evidence_and_empty_scope_grants_no_operations ... ok
Rust	Test Rust workspace	2026-09-25T01:50:53.1102054Z test qualification_tests::qualification_restart_keeps_receipt_and_never_restores_applicability_or_arm ... ok
Rust	Test Rust workspace	2026-09-25T01:50:53.1231809Z test renewal_replay_does_not_extend_expiry_and_expired_grant_stays_expired ... ok
Rust	Test Rust workspace	2026-09-25T01:50:53.1382269Z test same_grant_fence_requires_same_request_identity ... ok
Rust	Test Rust workspace	2026-09-25T01:50:53.1449037Z test qualification_tests::qualification_revalidation_does_not_hide_prepared_native_work ... ok
Rust	Test Rust workspace	2026-09-25T01:50:53.1638134Z test service_stop_latches_before_database_access_and_preserves_uncertain_work ... ok
Rust	Test Rust workspace	2026-09-25T01:50:53.1643488Z test simulated_device_has_an_independent_exclusive_owner ... ok
Rust	Test Rust workspace	2026-09-25T01:50:53.1653032Z test service_stop_latch_interrupts_the_pre_native_boundary_without_waiting_for_gate_lock ... ok
Rust	Test Rust workspace	2026-09-25T01:50:53.1725471Z test qualification_tests::qualification_same_key_same_review_and_changed_scope_cannot_replace_accepted_identity ... ok
Rust	Test Rust workspace	2026-09-25T01:50:53.1731622Z test stable_handover_is_not_permission_to_drop_an_adapter ... ok
Rust	Test Rust workspace	2026-09-25T01:50:53.2139673Z test qualification_tests::qualification_requires_supported_fresh_local_quiescence ... ok
Rust	Test Rust workspace	2026-09-25T01:50:53.2140256Z 
Rust	Test Rust workspace	2026-09-25T01:50:53.2140888Z test result: ok. 30 passed; 0 failed; 0 ignored; 0 measured; 0 filtered out; finished in 0.34s
Rust	Test Rust workspace	2026-09-25T01:50:53.2141263Z 
Rust	Test Rust workspace	2026-09-25T01:50:53.2145519Z ^[[1m^[[92m     Running^[[0m tests/guarded_status.rs (target/debug/deps/guarded_status-fa67fb3aa52bf4fb)
Rust	Test Rust workspace	2026-09-25T01:50:53.2164680Z 
Rust	Test Rust workspace	2026-09-25T01:50:53.2164959Z running 3 tests
Rust	Test Rust workspace	2026-09-25T01:50:53.2167342Z test held_adapter_startup_status_failure_fixture ... ignored, isolated environment fixture invoked by the bounded parent test
Rust	Test Rust workspace	2026-09-25T01:50:53.2515951Z test invalid_guarded_writer_fails_before_passive_native_open_or_rpc_admission ... ok
Rust	Test Rust workspace	2026-09-25T01:50:55.2573504Z test reporter_failure_after_native_open_waits_for_explicit_adapter_drop_permission ... ok
Rust	Test Rust workspace	2026-09-25T01:50:55.2574144Z 
Rust	Test Rust workspace	2026-09-25T01:50:55.2574529Z test result: ok. 2 passed; 0 failed; 1 ignored; 0 measured; 0 filtered out; finished in 2.04s
Rust	Test Rust workspace	2026-09-25T01:50:55.2574997Z 
Rust	Test Rust workspace	2026-09-25T01:50:55.2579419Z ^[[1m^[[92m     Running^[[0m tests/melsec.rs (target/debug/deps/melsec-1bc12d0043596827)
Rust	Test Rust workspace	2026-09-25T01:50:55.2593410Z 
Rust	Test Rust workspace	2026-09-25T01:50:55.2593581Z running 15 tests
Rust	Test Rust workspace	2026-09-25T01:50:56.8727740Z test abrupt_exit_at_native_commit_and_write_boundaries_never_replays ... ok
Rust	Test Rust workspace	2026-09-25T01:50:56.8959309Z test ack_is_pending_and_only_later_independent_sensor_observation_captures ... ok
Rust	Test Rust workspace	2026-09-25T01:50:56.9421439Z test actual_host_gate_journal_reconcile_evidence_and_stop_use_melsec_adapter ... ok
Rust	Test Rust workspace	2026-09-25T01:50:56.9603794Z test already_satisfied_state_records_evidence_without_a_native_write ... ok
Rust	Test Rust workspace	2026-09-25T01:50:57.0040148Z test captured_original_session_survives_restart_but_uncaptured_ack_does_not ... ok
Rust	Test Rust workspace	2026-09-25T01:50:57.0241564Z test corrupted_completion_record_is_not_adopted_as_historical_fact ... ok
Rust	Test Rust workspace	2026-09-25T01:50:57.0399879Z test final_native_read_after_journal_commit_rechecks_ready_without_resend ... ok
Rust	Test Rust workspace	2026-09-25T01:50:57.0401329Z test melsec_crash_child ... ignored, executed only as an isolated child by the crash-boundary test
Rust	Test Rust workspace	2026-09-25T01:50:57.0543841Z test final_read_within_transport_budget_but_beyond_guard_lifetime_cannot_write ... ok
Rust	Test Rust workspace	2026-09-25T01:50:57.0763554Z test linux_real_boottime_adapter_observation_write_completion_and_drop ... ok
Rust	Test Rust workspace	2026-09-25T01:50:57.0994765Z test lost_reply_and_new_process_never_resubmit_or_clear_pending ... ok
Rust	Test Rust workspace	2026-09-25T01:50:57.1092380Z test new_or_replaced_journal_and_mismatched_profile_are_rejected_without_native_io ... ok
Rust	Test Rust workspace	2026-09-25T01:50:57.1202164Z test profile_and_intent_scope_fail_before_native_writes ... ok
Rust	Test Rust workspace	2026-09-25T01:50:57.1630677Z test publication_generation_regression_stale_and_inconsistent_images_latch ... ok
Rust	Test Rust workspace	2026-09-25T01:50:57.1751834Z test valid_support_does_not_imply_drop_permission_and_protection_does_not_release_chuck ... ok
Rust	Test Rust workspace	2026-09-25T01:50:57.1752275Z 
Rust	Test Rust workspace	2026-09-25T01:50:57.1752530Z test result: ok. 14 passed; 0 failed; 1 ignored; 0 measured; 0 filtered out; finished in 1.92s
Rust	Test Rust workspace	2026-09-25T01:50:57.1752878Z 
Rust	Test Rust workspace	2026-09-25T01:50:57.1757129Z ^[[1m^[[92m     Running^[[0m tests/melsec_service.rs (target/debug/deps/melsec_service-e5c06524b15f8d9b)
Rust	Test Rust workspace	2026-09-25T01:50:57.1776801Z 
Rust	Test Rust workspace	2026-09-25T01:50:57.1776960Z running 7 tests
Rust	Test Rust workspace	2026-09-25T01:50:57.1791491Z test export_melsec_image_fixture ... ignored, exports signed, test-only loopback configuration for the product image test
Rust	Test Rust workspace	2026-09-25T01:50:57.3292360Z test physical_metadata_requires_current_qualification_and_separate_arm_on_loopback ... ok
Rust	Test Rust workspace	2026-09-25T01:50:57.4174875Z test physical_startup_qualification_id_does_not_authorize_arm ... ok
Rust	Test Rust workspace	2026-09-25T01:50:57.5851271Z test signature_content_policy_asset_release_and_binding_tampering_fail_before_initialization ... ok
Rust	Test Rust workspace	2026-09-25T01:50:57.6156963Z test product_composition_initializes_starts_and_stops_the_signed_melsec_package ... ok
Rust	Test Rust workspace	2026-09-25T01:50:57.7048629Z test signed_device_package_binds_release_profile_assets_and_exact_cell_without_io ... ok
Rust	Test Rust workspace	2026-09-25T01:50:57.8198044Z test validly_signed_wrong_release_controller_or_installation_is_rejected ... ok
Rust	Test Rust workspace	2026-09-25T01:50:57.8198700Z 
Rust	Test Rust workspace	2026-09-25T01:50:57.8199112Z test result: ok. 6 passed; 0 failed; 1 ignored; 0 measured; 0 filtered out; finished in 0.64s
Rust	Test Rust workspace	2026-09-25T01:50:57.8199706Z 
Rust	Test Rust workspace	2026-09-25T01:50:57.8207710Z ^[[1m^[[92m     Running^[[0m tests/mtls.rs (target/debug/deps/mtls-40f5ff0468ce98ea)
Rust	Test Rust workspace	2026-09-25T01:50:57.8227527Z 
Rust	Test Rust workspace	2026-09-25T01:50:57.8227909Z running 5 tests
Rust	Test Rust workspace	2026-09-25T01:50:57.8731700Z test cell_manifest_and_session_are_mandatory_before_grant ... ok
Rust	Test Rust workspace	2026-09-25T01:50:57.8986225Z test changed_content_under_rpc_key_is_rejected_and_legacy_dispatch_cannot_bypass_cell ... ok
Rust	Test Rust workspace	2026-09-25T01:50:57.8987929Z test concurrent_hello_retries_produce_one_usable_session ... ok
Rust	Test Rust workspace	2026-09-25T01:50:57.8999403Z test valid_ca_without_registered_fingerprint_cannot_impersonate_platform ... ok
Rust	Test Rust workspace	2026-09-25T01:50:57.9134830Z test mtls_negotiation_prepare_authorize_and_evidence_roundtrip ... ok
Rust	Test Rust workspace	2026-09-25T01:50:57.9135427Z 
Rust	Test Rust workspace	2026-09-25T01:50:57.9135914Z test result: ok. 5 passed; 0 failed; 0 ignored; 0 measured; 0 filtered out; finished in 0.09s
Rust	Test Rust workspace	2026-09-25T01:50:57.9136535Z 
Rust	Test Rust workspace	2026-09-25T01:50:57.9148599Z ^[[1m^[[92m     Running^[[0m tests/process_crash.rs (target/debug/deps/process_crash-5848a73335cc7f5e)
Rust	Test Rust workspace	2026-09-25T01:50:57.9159783Z 
Rust	Test Rust workspace	2026-09-25T01:50:57.9159983Z running 3 tests
Rust	Test Rust workspace	2026-09-25T01:50:57.9532319Z test qualification_commit_survives_sigkill_before_reply_without_restoring_authority ... ok
Rust	Test Rust workspace	2026-09-25T01:50:57.9533256Z test configuration_commit_survives_sigkill_before_reply_without_restoring_arm ... ok
Rust	Test Rust workspace	2026-09-25T01:50:57.9817984Z test sigkill_at_both_journal_native_boundaries_never_replays_device_effect ... ok
Rust	Test Rust workspace	2026-09-25T01:50:57.9818683Z 
Rust	Test Rust workspace	2026-09-25T01:50:57.9819102Z test result: ok. 3 passed; 0 failed; 0 ignored; 0 measured; 0 filtered out; finished in 0.07s
Rust	Test Rust workspace	2026-09-25T01:50:57.9819499Z 
Rust	Test Rust workspace	2026-09-25T01:50:57.9820993Z ^[[1m^[[92m     Running^[[0m tests/ros_jtc.rs (target/debug/deps/ros_jtc-4a09c0d1838f5d18)
Rust	Test Rust workspace	2026-09-25T01:50:57.9835283Z 
Rust	Test Rust workspace	2026-09-25T01:50:57.9835476Z running 12 tests
Rust	Test Rust workspace	2026-09-25T01:50:57.9838731Z test actual_rust_host_to_cpp_bridge_to_ros_action_preserves_original_goal ... ignored, requires the isolated real ROS simulator and shipped bridge binary
Rust	Test Rust workspace	2026-09-25T01:50:58.1256044Z test abrupt_exit_at_each_native_boundary_preserves_entry_and_never_replays ... ok
Rust	Test Rust workspace	2026-09-25T01:50:58.1257612Z test crash_jtc_child ... ignored, child-only abrupt-exit fixture
Rust	Test Rust workspace	2026-09-25T01:50:58.1609663Z test action_completion_does_not_close_bridge_until_support_and_child_exit_are_proven ... ok
Rust	Test Rust workspace	2026-09-25T01:50:58.3830965Z test bound_jtc_outcome_table_interprets_native_captures_without_code_zero_fallback ... ok
Rust	Test Rust workspace	2026-09-25T01:50:58.4128942Z test contradictory_result_is_stored_without_success_capture ... ok
Rust	Test Rust workspace	2026-09-25T01:50:58.4601318Z test host_dispatch_context_survives_native_journal_and_rejects_expiry_or_generation_change ... ok
Rust	Test Rust workspace	2026-09-25T01:50:58.5011502Z test independent_generation_ownership_and_drop_proof_are_required ... ok
Rust	Test Rust workspace	2026-09-25T01:50:58.5046572Z test simulation_fixture_profile_cannot_claim_physical_equipment ... ok
Rust	Test Rust workspace	2026-09-25T01:50:58.5379153Z test journal_identity_loss_and_corrupt_capture_cannot_be_adopted ... ok
Rust	Test Rust workspace	2026-09-25T01:50:58.5615465Z test missing_authority_or_changed_artifact_never_dispatches ... ok
Rust	Test Rust workspace	2026-09-25T01:50:58.6201657Z test native_journal_prevents_resend_and_new_id_bypass_after_reply_loss_and_reopen ... ok
Rust	Test Rust workspace	2026-09-25T01:50:58.6202373Z 
Rust	Test Rust workspace	2026-09-25T01:50:58.6202795Z test result: ok. 10 passed; 0 failed; 2 ignored; 0 measured; 0 filtered out; finished in 0.64s
Rust	Test Rust workspace	2026-09-25T01:50:58.6203485Z 
Rust	Test Rust workspace	2026-09-25T01:50:58.6206145Z ^[[1m^[[92m     Running^[[0m tests/ros_process.rs (target/debug/deps/ros_process-ac3dda2f3e13de17)
Rust	Test Rust workspace	2026-09-25T01:50:58.6218789Z 
Rust	Test Rust workspace	2026-09-25T01:50:58.6219053Z running 3 tests
Rust	Test Rust workspace	2026-09-25T01:50:58.6235708Z test executable_pin_and_configuration_are_checked_before_spawn ... ok
Rust	Test Rust workspace	2026-09-25T01:50:58.6727942Z test owned_executable_copy_and_bounded_pipes_preserve_context_and_close_without_kill ... ok
Rust	Test Rust workspace	2026-09-25T01:50:58.9487730Z test timeout_oversize_and_wrong_instance_permanently_fault_the_pipe ... ok
Rust	Test Rust workspace	2026-09-25T01:50:58.9488367Z 
Rust	Test Rust workspace	2026-09-25T01:50:58.9488794Z test result: ok. 3 passed; 0 failed; 0 ignored; 0 measured; 0 filtered out; finished in 0.33s
Rust	Test Rust workspace	2026-09-25T01:50:58.9489414Z 
Rust	Test Rust workspace	2026-09-25T01:50:58.9515239Z ^[[1m^[[92m     Running^[[0m tests/service.rs (target/debug/deps/service-342c7885d86f93b6)
Rust	Test Rust workspace	2026-09-25T01:50:58.9535994Z 
Rust	Test Rust workspace	2026-09-25T01:50:58.9536170Z running 16 tests
Rust	Test Rust workspace	2026-09-25T01:50:58.9552068Z test export_host_image_fixture ... ignored, exports isolated container fixture
Rust	Test Rust workspace	2026-09-25T01:50:58.9742573Z test binding_inspection_compares_full_cohort_without_creating_installation_or_restoring_authority ... ok
Rust	Test Rust workspace	2026-09-25T01:50:58.9880872Z test empty_replacement_database_is_not_reinitialized_as_a_fresh_host ... ok
Rust	Test Rust workspace	2026-09-25T01:50:58.9892861Z test maintenance_crash_child ... ignored, abrupt-exit helper invoked only by the maintenance crash test
Rust	Test Rust workspace	2026-09-25T01:50:58.9965618Z test initialization_cannot_replace_a_concurrently_created_empty_destination ... ok
Rust	Test Rust workspace	2026-09-25T01:50:59.1229349Z test maintenance_requires_descriptor_feature_marker_and_does_not_silently_upgrade_legacy_installations ... ok
Rust	Test Rust workspace	2026-09-25T01:50:59.2301601Z test failed_startup_invalidates_old_stop_even_when_old_status_file_still_says_stopped ... ok
Rust	Test Rust workspace	2026-09-25T01:50:59.2566901Z test operational_state_changes_after_stop_invalidate_preparation_without_reinitializing_the_journal ... ok
Rust	Test Rust workspace	2026-09-25T01:50:59.2759148Z test durable_maintenance_requires_real_stop_recovers_same_request_and_blocks_startup_until_cancelled ... ok
Rust	Test Rust workspace	2026-09-25T01:50:59.3310229Z test normal_stop_retains_adapter_until_drop_permission_is_explicit ... ok
Rust	Test Rust workspace	2026-09-25T01:50:59.3418250Z test startup_rejects_a_symlink_at_the_actual_host_writer_lock_path ... ok
Rust	Test Rust workspace	2026-09-25T01:50:59.3500068Z test startup_rejects_policy_tampering_unknown_fields_and_unimplemented_physical_backend ... ok
Rust	Test Rust workspace	2026-09-25T01:50:59.3844715Z test preparation_cannot_swap_both_current_and_proposed_around_the_actual_stopped_startup ... ok
Rust	Test Rust workspace	2026-09-25T01:50:59.4125159Z test product_composition_has_immutable_installation_real_owner_and_clean_software_stop ... ok
Rust	Test Rust workspace	2026-09-25T01:50:59.5182882Z test unavailable_runtime_lock_refuses_service_without_claiming_a_known_owner ... ok
Rust	Test Rust workspace	2026-09-25T01:50:59.5533523Z test preparation_commit_crashes_preserve_atomicity_and_durable_same_request_recovery ... ok
Rust	Test Rust workspace	2026-09-25T01:50:59.5534491Z 
Rust	Test Rust workspace	2026-09-25T01:50:59.5535201Z test result: ok. 14 passed; 0 failed; 2 ignored; 0 measured; 0 filtered out; finished in 0.60s
Rust	Test Rust workspace	2026-09-25T01:50:59.5535937Z 
Rust	Test Rust workspace	2026-09-25T01:50:59.5543491Z ^[[1m^[[92m     Running^[[0m unittests src/lib.rs (target/debug/deps/rx_melsec_mc-77986d4f92d89cf4)
Rust	Test Rust workspace	2026-09-25T01:50:59.5554380Z 
Rust	Test Rust workspace	2026-09-25T01:50:59.5554780Z running 0 tests
Rust	Test Rust workspace	2026-09-25T01:50:59.5555031Z 
Rust	Test Rust workspace	2026-09-25T01:50:59.5555479Z test result: ok. 0 passed; 0 failed; 0 ignored; 0 measured; 0 filtered out; finished in 0.00s
Rust	Test Rust workspace	2026-09-25T01:50:59.5556165Z 
Rust	Test Rust workspace	2026-09-25T01:50:59.5557326Z ^[[1m^[[92m     Running^[[0m tests/transport.rs (target/debug/deps/transport-5b7a848e485e449c)
Rust	Test Rust workspace	2026-09-25T01:50:59.5567400Z 
Rust	Test Rust workspace	2026-09-25T01:50:59.5567567Z running 12 tests
Rust	Test Rust workspace	2026-09-25T01:50:59.5574070Z test invalid_configuration_fails_before_a_connection_attempt ... ok
Rust	Test Rust workspace	2026-09-25T01:50:59.5575855Z test denied_addresses_and_zero_or_oversize_reads_send_no_bytes ... ok
Rust	Test Rust workspace	2026-09-25T01:50:59.5577921Z test explicit_route_bytes_and_24_bit_addresses_are_preserved ... ok
Rust	Test Rust workspace	2026-09-25T01:50:59.5580081Z test documented_bit_read_and_word_read_vectors_over_fragmented_tcp ... ok
Rust	Test Rust workspace	2026-09-25T01:50:59.5581528Z test lost_write_response_preserves_uncertainty_and_never_resends ... ok
Rust	Test Rust workspace	2026-09-25T01:50:59.5583775Z test passive_connect_and_drop_never_send_plc_commands ... ok
Rust	Test Rust workspace	2026-09-25T01:50:59.5587345Z test plc_error_code_is_preserved_without_assuming_write_nonexecution ... ok
Rust	Test Rust workspace	2026-09-25T01:50:59.5589348Z test profile_is_explicit_bounded_and_simulation_cannot_target_the_site ... ok
Rust	Test Rust workspace	2026-09-25T01:50:59.5590805Z test mapped_single_bit_write_ack_does_not_claim_physical_completion ... ok
Rust	Test Rust workspace	2026-09-25T01:50:59.5592004Z test write_ack_payload_cannot_smuggle_a_completion_value ... ok
Rust	Test Rust workspace	2026-09-25T01:50:59.5602131Z test malformed_headers_lengths_end_codes_and_payloads_fault_the_connection ... ok
Rust	Test Rust workspace	2026-09-25T01:50:59.7094281Z test total_deadline_is_not_extended_by_a_slow_trickle ... ok
Rust	Test Rust workspace	2026-09-25T01:50:59.7094901Z 
Rust	Test Rust workspace	2026-09-25T01:50:59.7095413Z test result: ok. 12 passed; 0 failed; 0 ignored; 0 measured; 0 filtered out; finished in 0.15s
Rust	Test Rust workspace	2026-09-25T01:50:59.7096180Z 
Rust	Test Rust workspace	2026-09-25T01:50:59.7099268Z ^[[1m^[[92m     Running^[[0m unittests src/lib.rs (target/debug/deps/rx_process-fc69fd54e9218f3d)
Rust	Test Rust workspace	2026-09-25T01:50:59.7112003Z 
Rust	Test Rust workspace	2026-09-25T01:50:59.7112318Z running 0 tests
Rust	Test Rust workspace	2026-09-25T01:50:59.7112549Z 
Rust	Test Rust workspace	2026-09-25T01:50:59.7112975Z test result: ok. 0 passed; 0 failed; 0 ignored; 0 measured; 0 filtered out; finished in 0.00s
Rust	Test Rust workspace	2026-09-25T01:50:59.7113475Z 
Rust	Test Rust workspace	2026-09-25T01:50:59.7115458Z ^[[1m^[[92m     Running^[[0m unittests src/bin/rx-process-compile.rs (target/debug/deps/rx_process_compile-a607862fe73c2429)
Rust	Test Rust workspace	2026-09-25T01:50:59.7125537Z 
Rust	Test Rust workspace	2026-09-25T01:50:59.7125717Z running 0 tests
Rust	Test Rust workspace	2026-09-25T01:50:59.7125949Z 
Rust	Test Rust workspace	2026-09-25T01:50:59.7126396Z test result: ok. 0 passed; 0 failed; 0 ignored; 0 measured; 0 filtered out; finished in 0.00s
Rust	Test Rust workspace	2026-09-25T01:50:59.7126984Z 
Rust	Test Rust workspace	2026-09-25T01:50:59.7128626Z ^[[1m^[[92m     Running^[[0m tests/n1_handover.rs (target/debug/deps/n1_handover-6be6fad83f307e2c)
Rust	Test Rust workspace	2026-09-25T01:50:59.7139414Z 
Rust	Test Rust workspace	2026-09-25T01:50:59.7139581Z running 2 tests
Rust	Test Rust workspace	2026-09-25T01:50:59.7203350Z test n1_cross_host_support_collision_is_not_hidden_by_controller_names ... ok
Rust	Test Rust workspace	2026-09-25T01:50:59.7683014Z test n1_command_handover_and_lost_response_trace ... ok
Rust	Test Rust workspace	2026-09-25T01:50:59.7683584Z 
Rust	Test Rust workspace	2026-09-25T01:50:59.7683938Z test result: ok. 2 passed; 0 failed; 0 ignored; 0 measured; 0 filtered out; finished in 0.05s
Rust	Test Rust workspace	2026-09-25T01:50:59.7684299Z 
Rust	Test Rust workspace	2026-09-25T01:50:59.7687940Z ^[[1m^[[92m     Running^[[0m tests/package.rs (target/debug/deps/package-7608c13ab0f18341)
Rust	Test Rust workspace	2026-09-25T01:50:59.7699804Z 
Rust	Test Rust workspace	2026-09-25T01:50:59.7700032Z running 1 test
Rust	Test Rust workspace	2026-09-25T01:50:59.7953824Z test verified_content_still_requires_process_semantic_validation ... ok
Rust	Test Rust workspace	2026-09-25T01:50:59.7954244Z 
Rust	Test Rust workspace	2026-09-25T01:50:59.7954493Z test result: ok. 1 passed; 0 failed; 0 ignored; 0 measured; 0 filtered out; finished in 0.03s
Rust	Test Rust workspace	2026-09-25T01:50:59.7954844Z 
Rust	Test Rust workspace	2026-09-25T01:50:59.7957046Z ^[[1m^[[92m     Running^[[0m tests/process.rs (target/debug/deps/process-1449fc5be981f8af)
Rust	Test Rust workspace	2026-09-25T01:50:59.7967736Z 
Rust	Test Rust workspace	2026-09-25T01:50:59.7967884Z running 10 tests
Rust	Test Rust workspace	2026-09-25T01:50:59.8031495Z test branches_require_a_committed_choice_and_reject_opposite_branch_history ... ok
Rust	Test Rust workspace	2026-09-25T01:50:59.8036124Z test incomplete_history_and_recursive_subflows_do_not_create_new_work ... ok
Rust	Test Rust workspace	2026-09-25T01:50:59.8081137Z test malformed_or_unbounded_source_and_partial_progress_are_rejected ... ok
Rust	Test Rust workspace	2026-09-25T01:50:59.8082163Z test parallel_checks_resolved_resource_conflicts_and_suppresses_new_work_on_unknown ... ok
Rust	Test Rust workspace	2026-09-25T01:50:59.8091548Z test sequence_waits_for_authoritative_completion_and_resource_handover ... ok
Rust	Test Rust workspace	2026-09-25T01:50:59.8092778Z test repeat_and_subflow_expand_into_distinct_stable_occurrences ... ok
Rust	Test Rust workspace	2026-09-25T01:50:59.8151867Z test waits_and_interventions_require_recorded_decisions_without_local_timeout_success ... ok
Rust	Test Rust workspace	2026-09-25T01:50:59.8174733Z test unknown_and_disputed_results_never_become_failure_or_a_new_attempt ... ok
Rust	Test Rust workspace	2026-09-25T01:50:59.8224678Z test source_link_checks_repeat_count_and_call_instantiation ... ok
Rust	Test Rust workspace	2026-09-25T01:50:59.8228728Z test source_link_rejects_reordered_children_and_swapped_branch_arms_with_valid_node_ids ... ok
Rust	Test Rust workspace	2026-09-25T01:50:59.8229415Z 
Rust	Test Rust workspace	2026-09-25T01:50:59.8229768Z test result: ok. 10 passed; 0 failed; 0 ignored; 0 measured; 0 filtered out; finished in 0.03s
Rust	Test Rust workspace	2026-09-25T01:50:59.8230544Z 
Rust	Test Rust workspace	2026-09-25T01:50:59.8231832Z ^[[1m^[[92m     Running^[[0m unittests src/lib.rs (target/debug/deps/rx_process_package-a6631ca49ab4727f)
Rust	Test Rust workspace	2026-09-25T01:50:59.8241981Z 
Rust	Test Rust workspace	2026-09-25T01:50:59.8242151Z running 0 tests
Rust	Test Rust workspace	2026-09-25T01:50:59.8242371Z 
Rust	Test Rust workspace	2026-09-25T01:50:59.8242784Z test result: ok. 0 passed; 0 failed; 0 ignored; 0 measured; 0 filtered out; finished in 0.00s
Rust	Test Rust workspace	2026-09-25T01:50:59.8243319Z 
Rust	Test Rust workspace	2026-09-25T01:50:59.8244937Z ^[[1m^[[92m     Running^[[0m unittests src/bin/rx-process-package.rs (target/debug/deps/rx_process_package-c5428826a3928468)
Rust	Test Rust workspace	2026-09-25T01:50:59.8253890Z 
Rust	Test Rust workspace	2026-09-25T01:50:59.8254061Z running 0 tests
Rust	Test Rust workspace	2026-09-25T01:50:59.8254268Z 
Rust	Test Rust workspace	2026-09-25T01:50:59.8254676Z test result: ok. 0 passed; 0 failed; 0 ignored; 0 measured; 0 filtered out; finished in 0.00s
Rust	Test Rust workspace	2026-09-25T01:50:59.8255273Z 
Rust	Test Rust workspace	2026-09-25T01:50:59.8256592Z ^[[1m^[[92m     Running^[[0m tests/package.rs (target/debug/deps/package-69f11c7625bbe923)
Rust	Test Rust workspace	2026-09-25T01:50:59.8267671Z 
Rust	Test Rust workspace	2026-09-25T01:50:59.8267841Z running 15 tests
Rust	Test Rust workspace	2026-09-25T01:50:59.8512732Z test a_valid_signature_does_not_hide_inconsistent_packaged_compile_inputs ... ok
Rust	Test Rust workspace	2026-09-25T01:50:59.8513620Z test export_device_process_review_authority ... ignored
Rust	Test Rust workspace	2026-09-25T01:50:59.8514616Z test export_process_authoring_key ... ignored, exports a test-only public PROCESS signing key for mixed ABI policy integration
Rust	Test Rust workspace	2026-09-25T01:50:59.8571211Z test external_signer_fixture_can_sign_a_caller_selected_local_test_candidate ... ok
Rust	Test Rust workspace	2026-09-25T01:50:59.8591428Z test device_provenance_survives_signed_package_and_actual_recompilation ... ok
Rust	Test Rust workspace	2026-09-25T01:50:59.8601524Z test deterministic_candidate_detached_signature_and_recompilation_preserve_input_identity ... ok
Rust	Test Rust workspace	2026-09-25T01:50:59.8666423Z test missing_program_artifacts_and_parallel_resource_conflicts_block_assembly ... ok
Rust	Test Rust workspace	2026-09-25T01:50:59.8669371Z test sign_device_process_review ... ignored
Rust	Test Rust workspace	2026-09-25T01:50:59.8670570Z test sign_mixed_process_request ... ignored, test-only external package signer for the isolated mixed-policy harness
Rust	Test Rust workspace	2026-09-25T01:50:59.8767199Z test fixture_for_external_signing_demo_is_explicit_and_never_a_default_production_key ... ok
Rust	Test Rust workspace	2026-09-25T01:50:59.8781296Z test candidate_publication_does_not_overwrite_and_signed_directory_has_exact_inventory ... ok
Rust	Test Rust workspace	2026-09-25T01:50:59.8877899Z test policy_assets_are_read_and_dependency_files_are_verified_under_current_trust ... ok
Rust	Test Rust workspace	2026-09-25T01:50:59.8958463Z test signed_but_inconsistent_process_produces_failure_report_without_resolved_artifact ... ok
Rust	Test Rust workspace	2026-09-25T01:50:59.8990925Z test signer_scope_key_alias_and_content_changes_do_not_gain_trust ... ok
Rust	Test Rust workspace	2026-09-25T01:50:59.9082226Z test verification_report_uses_actual_signed_compilation_and_binds_request_policy ... ok
Rust	Test Rust workspace	2026-09-25T01:50:59.9082626Z 
Rust	Test Rust workspace	2026-09-25T01:50:59.9082881Z test result: ok. 11 passed; 0 failed; 4 ignored; 0 measured; 0 filtered out; finished in 0.08s
Rust	Test Rust workspace	2026-09-25T01:50:59.9083235Z 
Rust	Test Rust workspace	2026-09-25T01:50:59.9087286Z ^[[1m^[[92m     Running^[[0m unittests src/lib.rs (target/debug/deps/rx_service_status-8ebaccd1a8145767)
Rust	Test Rust workspace	2026-09-25T01:50:59.9098690Z 
Rust	Test Rust workspace	2026-09-25T01:50:59.9099083Z running 14 tests
Rust	Test Rust workspace	2026-09-25T01:50:59.9106455Z test support::tests::legacy_text_is_not_a_typed_ownership_failure ... ok
Rust	Test Rust workspace	2026-09-25T01:50:59.9127055Z test tests::host_role_installation_identity_instance_and_pid_are_exact ... ok
Rust	Test Rust workspace	2026-09-25T01:50:59.9132969Z test tests::executor_cell_journal_and_configuration_are_exact_scope ... ok
Rust	Test Rust workspace	2026-09-25T01:50:59.9137533Z test tests::atomic_publication_keeps_old_readers_on_a_complete_old_file ... ok
Rust	Test Rust workspace	2026-09-25T01:50:59.9149700Z test tests::malformed_or_removed_owned_status_cannot_be_silently_recreated ... ok
Rust	Test Rust workspace	2026-09-25T01:50:59.9160827Z test tests::product_reader_and_reporter_clock_use_linux_boottime ... ok
Rust	Test Rust workspace	2026-09-25T01:50:59.9162377Z test tests::lifecycle_publication_preserves_exact_source_time_and_owner ... ok
Rust	Test Rust workspace	2026-09-25T01:50:59.9177953Z test tests::reader_preserves_same_sequence_content_changes_for_supervisor_comparison ... ok
Rust	Test Rust workspace	2026-09-25T01:50:59.9179490Z test tests::one_writer_rejects_foreign_owner_and_content_replacement ... ok
Rust	Test Rust workspace	2026-09-25T01:50:59.9184589Z test tests::status_path_opts_in_without_breaking_legacy_instance_id_only_environment ... ok
Rust	Test Rust workspace	2026-09-25T01:50:59.9201355Z test tests::stale_future_and_other_clock_observations_are_rejected_without_refresh ... ok
Rust	Test Rust workspace	2026-09-25T01:50:59.9203392Z test tests::reporter_clock_regression_and_sequence_overflow_do_not_replace_last_state ... ok
Rust	Test Rust workspace	2026-09-25T01:50:59.9207320Z test tests::symlinks_special_files_and_missing_parent_are_errors_not_absence ... ok
Rust	Test Rust workspace	2026-09-25T01:50:59.9219575Z test tests::schema_zero_sequence_and_strict_payload_shape_are_enforced ... ok
Rust	Test Rust workspace	2026-09-25T01:50:59.9220139Z 
Rust	Test Rust workspace	2026-09-25T01:50:59.9220832Z test result: ok. 14 passed; 0 failed; 0 ignored; 0 measured; 0 filtered out; finished in 0.01s
Rust	Test Rust workspace	2026-09-25T01:50:59.9221479Z 
Rust	Test Rust workspace	2026-09-25T01:50:59.9223122Z ^[[1m^[[92m     Running^[[0m unittests src/lib.rs (target/debug/deps/rx_solution_catalog-bc5d864cce88e209)
Rust	Test Rust workspace	2026-09-25T01:50:59.9232832Z 
Rust	Test Rust workspace	2026-09-25T01:50:59.9232987Z running 0 tests
Rust	Test Rust workspace	2026-09-25T01:50:59.9233231Z 
Rust	Test Rust workspace	2026-09-25T01:50:59.9233493Z test result: ok. 0 passed; 0 failed; 0 ignored; 0 measured; 0 filtered out; finished in 0.00s
Rust	Test Rust workspace	2026-09-25T01:50:59.9233860Z 
Rust	Test Rust workspace	2026-09-25T01:50:59.9235694Z ^[[1m^[[92m     Running^[[0m tests/builtin.rs (target/debug/deps/builtin-962fef28c043b508)
Rust	Test Rust workspace	2026-09-25T01:50:59.9245848Z 
Rust	Test Rust workspace	2026-09-25T01:50:59.9246042Z running 3 tests
Rust	Test Rust workspace	2026-09-25T01:50:59.9256876Z test builtin_is_explicit_simulation_with_independent_joint_sets ... ok
Rust	Test Rust workspace	2026-09-25T01:50:59.9259540Z test external_sources_are_vendor_neutral_and_still_revision_bound ... ok
Rust	Test Rust workspace	2026-09-25T01:50:59.9279212Z test provenance_and_commissioning_cannot_be_erased_or_relabeled ... ok
Rust	Test Rust workspace	2026-09-25T01:50:59.9279756Z 
Rust	Test Rust workspace	2026-09-25T01:50:59.9280211Z test result: ok. 3 passed; 0 failed; 0 ignored; 0 measured; 0 filtered out; finished in 0.00s
Rust	Test Rust workspace	2026-09-25T01:50:59.9281016Z 
Rust	Test Rust workspace	2026-09-25T01:50:59.9282084Z ^[[1m^[[92m     Running^[[0m unittests src/lib.rs (target/debug/deps/rx_supervisor-c472761764f2e494)
Rust	Test Rust workspace	2026-09-25T01:50:59.9293740Z 
Rust	Test Rust workspace	2026-09-25T01:50:59.9293904Z running 22 tests
Rust	Test Rust workspace	2026-09-25T01:50:59.9297833Z test initialization::termination_tests::failed_signal_command_status_is_not_a_successful_delivery ... ok
Rust	Test Rust workspace	2026-09-25T01:50:59.9303284Z test execution_store::tests::unknown_run_does_not_create_nested_execution_store ... ok
Rust	Test Rust workspace	2026-09-25T01:50:59.9304778Z test operating_area::catalog_selection_tests::every_catalog_program_selects_its_record_without_legacy_fallback ... ok
Rust	Test Rust workspace	2026-09-25T01:50:59.9341698Z test initialization::termination_tests::failed_term_keeps_the_same_owned_child_retryable_until_delivery_is_confirmed ... ok
Rust	Test Rust workspace	2026-09-25T01:51:00.6697066Z test process::linux_limits::tests::gate_death_in_exec_window_cannot_mint_a_receipt_from_eof ... ok
Rust	Test Rust workspace	2026-09-25T01:51:00.6707117Z test process::linux_limits::tests::exec_syscall_failure_is_not_an_admission ... ok
Rust	Test Rust workspace	2026-09-25T01:51:00.6721114Z test process::linux_limits::tests::actual_kernel_permission_failure_after_lowering_rolls_back_before_target ... ok
Rust	Test Rust workspace	2026-09-25T01:51:00.6733809Z test process::signal_tests::failed_signal_keeps_control_and_unknown_effect_errors ... ok
Rust	Test Rust workspace	2026-09-25T01:51:00.6743127Z test process::signal_tests::failed_signal_uses_only_confirmed_owned_non_actuating_exit ... ok
Rust	Test Rust workspace	2026-09-25T01:51:00.6761356Z test process::linux_limits::tests::authority_change_after_application_prevents_exec_and_confirms_rollback ... ok
Rust	Test Rust workspace	2026-09-25T01:51:00.6778679Z test process::signal_tests::failed_signal_with_live_or_unconfirmed_child_remains_error ... ok
Rust	Test Rust workspace	2026-09-25T01:51:00.6814405Z test process::signal_tests::signal_acceptance_does_not_claim_child_exit ... ok
Rust	Test Rust workspace	2026-09-25T01:51:00.6815939Z test process_identity::linux::tests::foreign_namespace_neither_matches_nor_proves_absence ... ok
Rust	Test Rust workspace	2026-09-25T01:51:00.6817301Z test process_identity::linux::tests::namespace_lifetime_read_race_has_its_own_rejection ... ok
Rust	Test Rust workspace	2026-09-25T01:51:00.6818466Z test process_identity::linux::tests::stat_comm_parentheses_do_not_shift_starttime ... ok
Rust	Test Rust workspace	2026-09-25T01:51:00.6819660Z test process_identity::linux::tests::zombie_and_read_race_are_distinct_unverifiable_findings ... ok
Rust	Test Rust workspace	2026-09-25T01:51:00.6821606Z test registration::recovery::investigation_tests::legacy_string_summary_decodes_only_as_history ... ok
Rust	Test Rust workspace	2026-09-25T01:51:00.6823183Z test process_identity::linux::tests::every_saved_scope_dimension_is_required_before_absence ... ok
Rust	Test Rust workspace	2026-09-25T01:51:00.7175596Z test registration::recovery::investigation_tests::registry_reads_original_identity_and_does_not_backfill_legacy_records ... ok
Rust	Test Rust workspace	2026-09-25T01:51:00.7177264Z test registration::recovery::investigation_tests::real_zombie_is_unverifiable_then_reaped_absence_can_confirm_without_changing_unknown ... ok
Rust	Test Rust workspace	2026-09-25T01:51:01.1576076Z test process::linux_limits::tests::observation_failure_after_application_confirms_no_remaining_child_policy ... ok
Rust	Test Rust workspace	2026-09-25T01:51:01.1914039Z test process::linux_limits::tests::gate_excludes_current_directory_python_module_shadowing ... ok
Rust	Test Rust workspace	2026-09-25T01:51:01.1914661Z 
Rust	Test Rust workspace	2026-09-25T01:51:01.1915000Z test result: ok. 22 passed; 0 failed; 0 ignored; 0 measured; 0 filtered out; finished in 1.26s
Rust	Test Rust workspace	2026-09-25T01:51:01.1915754Z 
Rust	Test Rust workspace	2026-09-25T01:51:01.1930460Z ^[[1m^[[92m     Running^[[0m unittests src/bin/rx-solutionsd.rs (target/debug/deps/rx_solutionsd-ea57e26056403d5d)
Rust	Test Rust workspace	2026-09-25T01:51:01.1940818Z 
Rust	Test Rust workspace	2026-09-25T01:51:01.1940982Z running 0 tests
Rust	Test Rust workspace	2026-09-25T01:51:01.1941239Z 
Rust	Test Rust workspace	2026-09-25T01:51:01.1941595Z test result: ok. 0 passed; 0 failed; 0 ignored; 0 measured; 0 filtered out; finished in 0.00s
Rust	Test Rust workspace	2026-09-25T01:51:01.1942062Z 
Rust	Test Rust workspace	2026-09-25T01:51:01.1944301Z ^[[1m^[[92m     Running^[[0m tests/decision_anchors.rs (target/debug/deps/decision_anchors-388590c47227b53f)
Rust	Test Rust workspace	2026-09-25T01:51:01.1955011Z 
Rust	Test Rust workspace	2026-09-25T01:51:01.1955169Z running 2 tests
Rust	Test Rust workspace	2026-09-25T01:51:01.1972905Z test f6_authority_count_is_one_through_eight_without_g4_uniqueness_restrictions ... ok
Rust	Test Rust workspace	2026-09-25T01:51:01.2045900Z test author_anchors_are_pinned_and_site_data_cannot_override_them ... ok
Rust	Test Rust workspace	2026-09-25T01:51:01.2046452Z 
Rust	Test Rust workspace	2026-09-25T01:51:01.2046864Z test result: ok. 2 passed; 0 failed; 0 ignored; 0 measured; 0 filtered out; finished in 0.01s
Rust	Test Rust workspace	2026-09-25T01:51:01.2047240Z 
Rust	Test Rust workspace	2026-09-25T01:51:01.2049015Z ^[[1m^[[92m     Running^[[0m tests/dependency_binding.rs (target/debug/deps/dependency_binding-532e23b7896ffe50)
Rust	Test Rust workspace	2026-09-25T01:51:01.2061842Z 
Rust	Test Rust workspace	2026-09-25T01:51:01.2062039Z running 10 tests
Rust	Test Rust workspace	2026-09-25T01:51:01.4615383Z test absent_and_malformed_sources_and_explicit_denial_have_named_distinct_states ... ok
Rust	Test Rust workspace	2026-09-25T01:51:01.7095227Z test author_scope_cannot_be_replaced_and_unknown_is_not_independent ... ok
Rust	Test Rust workspace	2026-09-25T01:51:02.5993973Z test bounded_collection_keeps_a_finish_slot_and_cannot_overwrite_result ... ok
Rust	Test Rust workspace	2026-09-25T01:51:03.1418267Z test captured_response_cannot_be_replayed_for_another_diagnostic_request ... ok
Rust	Test Rust workspace	2026-09-25T01:51:03.7561775Z test continuous_loss_blocks_only_dependent_progress_and_current_result_consumption ... ok
Rust	Test Rust workspace	2026-09-25T01:51:04.3491599Z test current_report_change_and_consumer_retirement_do_not_rewrite_historical_result ... ok
Rust	Test Rust workspace	2026-09-25T01:51:04.9094554Z test generation_window_defers_input_until_finish_and_preserves_completed_snapshot ... ok
Rust	Test Rust workspace	2026-09-25T01:51:05.5019852Z test preparation_input_outlives_provider_and_result_is_durable_without_permission ... ok
Rust	Test Rust workspace	2026-09-25T01:51:05.5215554Z test result_run_and_history_commit_atomically_on_storage_failure ... ok
Rust	Test Rust workspace	2026-09-25T01:51:06.9108338Z test same_format_registration_and_same_registration_new_execution_do_not_inherit_binding ... ok
Rust	Test Rust workspace	2026-09-25T01:51:06.9109120Z 
Rust	Test Rust workspace	2026-09-25T01:51:06.9109556Z test result: ok. 10 passed; 0 failed; 0 ignored; 0 measured; 0 filtered out; finished in 5.70s
Rust	Test Rust workspace	2026-09-25T01:51:06.9110158Z 
Rust	Test Rust workspace	2026-09-25T01:51:06.9128290Z ^[[1m^[[92m     Running^[[0m tests/execution_admission.rs (target/debug/deps/execution_admission-89d897bd40fe704e)
Rust	Test Rust workspace	2026-09-25T01:51:06.9140208Z 
Rust	Test Rust workspace	2026-09-25T01:51:06.9366014Z running 12 tests
Rust	Test Rust workspace	2026-09-25T01:51:06.9366817Z test malformed_rejection_is_not_falsely_reported_as_confirmed_non_application ... ok
Rust	Test Rust workspace	2026-09-25T01:51:06.9368240Z test authority_recheck_precedes_any_simulated_resource_application ... ok
Rust	Test Rust workspace	2026-09-25T01:51:06.9398649Z test diagnostic_query_does_not_enter_admission_or_spawn ... ok
Rust	Test Rust workspace	2026-09-25T01:51:06.9525604Z test legacy_serialization_is_unchanged_and_explicit_empty_has_its_own_identity ... ok
Rust	Test Rust workspace	2026-09-25T01:51:06.9624392Z test reopening_does_not_restore_application_evidence_or_resource_ownership ... ok
Rust	Test Rust workspace	2026-09-25T01:51:06.9717686Z test site_overrides_and_lowered_catalog_are_rejected_in_three_distinct_paths ... ok
Rust	Test Rust workspace	2026-09-25T01:51:06.9780854Z test real_backend_rejects_required_policies_before_exec_and_reports_no_application ... ok
Rust	Test Rust workspace	2026-09-25T01:51:07.0141731Z test real_backend_keeps_legacy_and_explicit_no_policy_startup_working ... ok
Rust	Test Rust workspace	2026-09-25T01:51:07.0142983Z test unknown_is_rejected_even_by_a_capable_backend_and_not_required_is_distinct ... ok
Rust	Test Rust workspace	2026-09-25T01:51:07.0235989Z test stale_receipts_and_lost_application_responses_remain_unknown_without_retry ... ok
Rust	Test Rust workspace	2026-09-25T01:51:07.0557569Z test whole_bundle_all_available_all_unavailable_and_mixed_have_no_partial_application ... ok
Rust	Test Rust workspace	2026-09-25T01:51:07.0681389Z test upper_bounds_do_not_reserve_but_reserved_capacity_and_access_conflicts_are_atomic ... ok
Rust	Test Rust workspace	2026-09-25T01:51:07.0682187Z 
Rust	Test Rust workspace	2026-09-25T01:51:07.0682809Z test result: ok. 12 passed; 0 failed; 0 ignored; 0 measured; 0 filtered out; finished in 0.15s
Rust	Test Rust workspace	2026-09-25T01:51:07.0683452Z 
Rust	Test Rust workspace	2026-09-25T01:51:07.0686452Z ^[[1m^[[92m     Running^[[0m tests/guarded.rs (target/debug/deps/guarded-632b5fc2334609a5)
Rust	Test Rust workspace	2026-09-25T01:51:07.0700576Z 
Rust	Test Rust workspace	2026-09-25T01:51:07.0700753Z running 7 tests
Rust	Test Rust workspace	2026-09-25T01:51:07.0706930Z test guarded_paths_are_per_instance_and_scope_is_preserved ... ok
Rust	Test Rust workspace	2026-09-25T01:51:07.0735331Z test guarded_recipe_cannot_use_alive_only_parameters_restart_or_physical_authority_fallback ... ok
Rust	Test Rust workspace	2026-09-25T01:51:07.0992085Z test failed_first_term_retries_the_same_owned_service_without_waiting_for_timeout ... ok
Rust	Test Rust workspace	2026-09-25T01:51:07.1011130Z test lost_protocol_readiness_latches_cooperative_shutdown_instead_of_restart ... ok
Rust	Test Rust workspace	2026-09-25T01:51:07.1118373Z test nonzero_guarded_exit_is_unconfirmed_even_with_stopped_report ... ok
Rust	Test Rust workspace	2026-09-25T01:51:07.1276569Z test guarded_readiness_requires_protocol_and_exit_zero_requires_terminal_report ... ok
Rust	Test Rust workspace	2026-09-25T01:51:07.2172716Z test held_guarded_service_is_not_forced_after_timeout ... ok
Rust	Test Rust workspace	2026-09-25T01:51:07.2173242Z 
Rust	Test Rust workspace	2026-09-25T01:51:07.2173628Z test result: ok. 7 passed; 0 failed; 0 ignored; 0 measured; 0 filtered out; finished in 0.15s
Rust	Test Rust workspace	2026-09-25T01:51:07.2174216Z 
Rust	Test Rust workspace	2026-09-25T01:51:07.2178828Z ^[[1m^[[92m     Running^[[0m tests/guarded_os.rs (target/debug/deps/guarded_os-227a90c9576d0081)
Rust	Test Rust workspace	2026-09-25T01:51:07.2190704Z 
Rust	Test Rust workspace	2026-09-25T01:51:07.2190884Z running 1 test
Rust	Test Rust workspace	2026-09-25T01:51:07.8636752Z test guarded_term_targets_only_the_owned_leader_and_force_is_rejected ... ok
Rust	Test Rust workspace	2026-09-25T01:51:07.8637353Z 
Rust	Test Rust workspace	2026-09-25T01:51:07.8637744Z test result: ok. 1 passed; 0 failed; 0 ignored; 0 measured; 0 filtered out; finished in 0.64s
Rust	Test Rust workspace	2026-09-25T01:51:07.8638305Z 
Rust	Test Rust workspace	2026-09-25T01:51:07.8645279Z ^[[1m^[[92m     Running^[[0m tests/initialization.rs (target/debug/deps/initialization-e9ca2dd891e0d10d)
Rust	Test Rust workspace	2026-09-25T01:51:07.8658238Z 
Rust	Test Rust workspace	2026-09-25T01:51:07.8658412Z running 2 tests
Rust	Test Rust workspace	2026-09-25T01:51:07.8768196Z test required_composition_initialization_rejects_missing_partial_changed_list_and_wrong_digest ... ok
Rust	Test Rust workspace	2026-09-25T01:51:09.9325974Z test four_named_initializer_successes_are_recorded_once_and_entered_is_never_replayed ... ok
Rust	Test Rust workspace	2026-09-25T01:51:09.9326690Z 
Rust	Test Rust workspace	2026-09-25T01:51:09.9326965Z test result: ok. 2 passed; 0 failed; 0 ignored; 0 measured; 0 filtered out; finished in 2.07s
Rust	Test Rust workspace	2026-09-25T01:51:09.9327337Z 
Rust	Test Rust workspace	2026-09-25T01:51:09.9336121Z ^[[1m^[[92m     Running^[[0m tests/lifecycle.rs (target/debug/deps/lifecycle-c35dea864e812340)
Rust	Test Rust workspace	2026-09-25T01:51:09.9349296Z 
Rust	Test Rust workspace	2026-09-25T01:51:09.9349501Z running 10 tests
Rust	Test Rust workspace	2026-09-25T01:51:09.9632291Z test default_authority_does_not_start_control_owners_and_other_stores_are_not_claimed ... ok
Rust	Test Rust workspace	2026-09-25T01:51:09.9728673Z test failed_stop_persistence_still_prevents_new_processes_and_exit_observation_can_be_retried ... ok
Rust	Test Rust workspace	2026-09-25T01:51:09.9751631Z test release_program_change_and_unsafe_plan_choices_are_rejected ... ok
Rust	Test Rust workspace	2026-09-25T01:51:09.9813274Z test dependencies_start_after_readiness_and_stop_before_their_provider ... ok
Rust	Test Rust workspace	2026-09-25T01:51:10.0272601Z test launch_commit_boundaries_never_replay_an_uncertain_spawn ... ok
Rust	Test Rust workspace	2026-09-25T01:51:10.0461352Z test supervisor_restart_keeps_live_or_uncertain_processes_unknown_and_never_signals_saved_pids ... ok
Rust	Test Rust workspace	2026-09-25T01:51:10.0576639Z test uncertain_backend_result_is_not_a_known_start_failure ... ok
Rust	Test Rust workspace	2026-09-25T01:51:10.0884051Z test execution_retry::previous_application_observation_does_not_cover_a_new_prepared_instance ... ok
Rust	Test Rust workspace	2026-09-25T01:51:10.1266783Z test stop_authority_is_required_and_control_processes_are_never_force_killed ... ok
Rust	Test Rust workspace	2026-09-25T01:51:10.2436551Z test software_restart_budget_persists_until_an_explicit_clean_reactivation ... ok
Rust	Test Rust workspace	2026-09-25T01:51:10.2437205Z 
Rust	Test Rust workspace	2026-09-25T01:51:10.2437517Z test result: ok. 10 passed; 0 failed; 0 ignored; 0 measured; 0 filtered out; finished in 0.31s
Rust	Test Rust workspace	2026-09-25T01:51:10.2438277Z 
Rust	Test Rust workspace	2026-09-25T01:51:10.2441337Z ^[[1m^[[92m     Running^[[0m tests/operating_area.rs (target/debug/deps/operating_area-8dc77bafb51eb178)
Rust	Test Rust workspace	2026-09-25T01:51:10.2455944Z 
Rust	Test Rust workspace	2026-09-25T01:51:10.2456102Z running 4 tests
Rust	Test Rust workspace	2026-09-25T01:51:11.1399752Z test cached_provider_rechecks_signed_revocation_and_invalidates_retained_proof ... ok
Rust	Test Rust workspace	2026-09-25T01:51:11.1775203Z test pending_publication_is_not_use_and_commit_lock_spans_the_physical_transaction ... ok
Rust	Test Rust workspace	2026-09-25T01:51:11.7102812Z test old_response_cannot_restore_a_live_request_after_receiver_restart ... ok
Rust	Test Rust workspace	2026-09-25T01:51:11.8621458Z test polling_keeps_original_nonce_and_deadline_and_context_failure_is_not_pending ... ok
Rust	Test Rust workspace	2026-09-25T01:51:11.8622269Z 
Rust	Test Rust workspace	2026-09-25T01:51:11.8622740Z test result: ok. 4 passed; 0 failed; 0 ignored; 0 measured; 0 filtered out; finished in 1.62s
Rust	Test Rust workspace	2026-09-25T01:51:11.8623410Z 
Rust	Test Rust workspace	2026-09-25T01:51:11.8636492Z ^[[1m^[[92m     Running^[[0m tests/os_process.rs (target/debug/deps/os_process-c7c80a360aed05be)
Rust	Test Rust workspace	2026-09-25T01:51:11.8650056Z 
Rust	Test Rust workspace	2026-09-25T01:51:11.8650254Z running 2 tests
Rust	Test Rust workspace	2026-09-25T01:51:12.3330838Z test tampered_program_file_is_not_started ... ok
Rust	Test Rust workspace	2026-09-25T01:51:13.4008329Z test real_process_readiness_is_instance_correlated_and_shutdown_reaps_the_owned_process ... ok
Rust	Test Rust workspace	2026-09-25T01:51:13.4009070Z 
Rust	Test Rust workspace	2026-09-25T01:51:13.4009457Z test result: ok. 2 passed; 0 failed; 0 ignored; 0 measured; 0 filtered out; finished in 1.54s
Rust	Test Rust workspace	2026-09-25T01:51:13.4010000Z 
Rust	Test Rust workspace	2026-09-25T01:51:13.4016615Z ^[[1m^[[92m     Running^[[0m tests/recovery.rs (target/debug/deps/recovery-835b74aebc083169)
Rust	Test Rust workspace	2026-09-25T01:51:13.4032961Z 
Rust	Test Rust workspace	2026-09-25T01:51:13.4033140Z running 9 tests
Rust	Test Rust workspace	2026-09-25T01:51:13.4794014Z test confirmed_disposition_preserves_unknown_and_does_not_automatically_open_assignment ... ok
Rust	Test Rust workspace	2026-09-25T01:51:13.5519821Z test disposed_observation_cannot_be_overwritten_by_an_old_supervisor ... ok
Rust	Test Rust workspace	2026-09-25T01:51:13.6591760Z test disposition_and_resume_consumption_rollback_without_half_records ... ok
Rust	Test Rust workspace	2026-09-25T01:51:13.7668591Z test explicit_resume_consumes_once_and_uses_new_instance_without_restoring_receipts ... ok
Rust	Test Rust workspace	2026-09-25T01:51:13.8141751Z test missing_original_pid_binding_requires_another_provider_not_an_inferred_closure ... ok
Rust	Test Rust workspace	2026-09-25T01:51:13.8849815Z test old_run_prepared_instance_and_automatic_restart_budget_are_not_recovery_routes ... ok
Rust	Test Rust workspace	2026-09-25T01:51:13.9346554Z test unable_to_resolve_is_not_success_or_permission_to_resume ... ok
Rust	Test Rust workspace	2026-09-25T01:51:13.9742668Z test weak_observations_and_default_authority_cannot_dispose ... ok
Rust	Test Rust workspace	2026-09-25T01:51:14.0213264Z test witness_scope_time_target_actor_and_stale_revision_are_checked ... ok
Rust	Test Rust workspace	2026-09-25T01:51:14.0213945Z 
Rust	Test Rust workspace	2026-09-25T01:51:14.0214480Z test result: ok. 9 passed; 0 failed; 0 ignored; 0 measured; 0 filtered out; finished in 0.62s
Rust	Test Rust workspace	2026-09-25T01:51:14.0215174Z 
Rust	Test Rust workspace	2026-09-25T01:51:14.0218783Z ^[[1m^[[92m     Running^[[0m tests/registration.rs (target/debug/deps/registration-89022826894b597f)
Rust	Test Rust workspace	2026-09-25T01:51:14.0233162Z 
Rust	Test Rust workspace	2026-09-25T01:51:14.0233457Z running 11 tests
Rust	Test Rust workspace	2026-09-25T01:51:14.0395061Z test failed_transaction_commits_neither_revision_nor_control_event_or_projection ... ok
Rust	Test Rust workspace	2026-09-25T01:51:14.0448801Z test competing_updates_and_retired_reactivation_fail_without_erasing_history ... ok
Rust	Test Rust workspace	2026-09-25T01:51:14.1159242Z test historical_assignment_revision_survives_a_label_review_after_exit ... ok
Rust	Test Rust workspace	2026-09-25T01:51:14.1191831Z test catalog_weakening_and_legacy_reopen_are_explained_and_leave_old_records_readable ... ok
Rust	Test Rust workspace	2026-09-25T01:51:14.1205465Z test failure_between_assignment_and_observation_is_unconfirmed_and_cannot_replay ... ok
Rust	Test Rust workspace	2026-09-25T01:51:14.1244673Z test different_plan_same_name_pid_and_port_make_distinct_executions_of_one_registration ... ok
Rust	Test Rust workspace	2026-09-25T01:51:14.1441658Z test registration_exists_without_execution_or_plan_and_survives_repository_reopen ... ok
Rust	Test Rust workspace	2026-09-25T01:51:14.1515618Z test registration_never_replaces_lifecycle_authority ... ok
Rust	Test Rust workspace	2026-09-25T01:51:14.1570090Z test missing_executable_does_not_deregister_the_component ... ok
Rust	Test Rust workspace	2026-09-25T01:51:14.2327771Z test retirement_blocks_new_assignment_but_keeps_running_history_and_unresolved_obligations ... ok
Rust	Test Rust workspace	2026-09-25T01:51:14.2639111Z test normal_exit_unexpected_handle_loss_and_restart_preserve_registration ... ok
Rust	Test Rust workspace	2026-09-25T01:51:14.2639776Z 
Rust	Test Rust workspace	2026-09-25T01:51:14.2640238Z test result: ok. 11 passed; 0 failed; 0 ignored; 0 measured; 0 filtered out; finished in 0.24s
Rust	Test Rust workspace	2026-09-25T01:51:14.2641058Z 
Rust	Test Rust workspace	2026-09-25T01:51:14.2646715Z ^[[1m^[[92m     Running^[[0m tests/registration_passage.rs (target/debug/deps/registration_passage-4a5db641d31cab47)
Rust	Test Rust workspace	2026-09-25T01:51:14.2661085Z 
Rust	Test Rust workspace	2026-09-25T01:51:14.2661365Z running 2 tests
Rust	Test Rust workspace	2026-09-25T01:51:14.2664301Z test passage_worker ... ignored, worker invoked only by the real registration passage
Rust	Test Rust workspace	2026-09-25T01:51:14.2665530Z ^[[1m^[[92m     Running^[[0m tests/replacement.rs (target/debug/deps/replacement-1c42bfc76ef8619c)
Rust	Test Rust workspace	2026-09-25T01:51:14.2666734Z test real_registration_passage ... ignored, requires validated /opt/rx release; run tools/registration_passage.py
Rust	Test Rust workspace	2026-09-25T01:51:14.2667521Z 
Rust	Test Rust workspace	2026-09-25T01:51:14.2667937Z test result: ok. 0 passed; 0 failed; 2 ignored; 0 measured; 0 filtered out; finished in 0.00s
Rust	Test Rust workspace	2026-09-25T01:51:14.2668551Z 
Rust	Test Rust workspace	2026-09-25T01:51:14.2678550Z 
Rust	Test Rust workspace	2026-09-25T01:51:14.2678714Z running 9 tests
Rust	Test Rust workspace	2026-09-25T01:51:15.4218077Z test assignment_observed_before_switch_cannot_commit_against_superseded_route ... ok
Rust	Test Rust workspace	2026-09-25T01:51:17.9098954Z test authority_expiry_revocation_restart_and_candidate_generation_are_rechecked ... ok
Rust	Test Rust workspace	2026-09-25T01:51:19.0428002Z test changed_consumer_revision_preserves_history_but_cannot_reinterpret_old_route ... ok
Rust	Test Rust workspace	2026-09-25T01:51:20.1495883Z test default_catalog_does_not_apply_a_replacement_or_block_diagnostic_completion ... ok
Rust	Test Rust workspace	2026-09-25T01:51:22.4665571Z test manager_loss_during_replacement_recovers_old_or_new_without_ownership ... ok
Rust	Test Rust workspace	2026-09-25T01:51:23.8666497Z test old_source_loss_withholds_only_its_interval_while_new_and_independent_work_continue ... ok
Rust	Test Rust workspace	2026-09-25T01:51:25.0332274Z test partial_staging_rollback_and_lost_reply_leave_one_route_and_preserve_receipt ... ok
Rust	Test Rust workspace	2026-09-25T01:51:26.2365855Z test route_switch_midflight_keeps_old_version_and_new_assignments_use_new_then_return ... ok
Rust	Test Rust workspace	2026-09-25T01:51:27.3812602Z test two_concurrent_applications_from_one_base_cannot_both_win ... ok
Rust	Test Rust workspace	2026-09-25T01:51:27.3813222Z 
Rust	Test Rust workspace	2026-09-25T01:51:27.3813613Z test result: ok. 9 passed; 0 failed; 0 ignored; 0 measured; 0 filtered out; finished in 13.11s
Rust	Test Rust workspace	2026-09-25T01:51:27.3814155Z 
Rust	Test Rust workspace	2026-09-25T01:51:27.3835378Z ^[[1m^[[92m     Running^[[0m tests/resident_registration.rs (target/debug/deps/resident_registration-5f911049018dec65)
Rust	Test Rust workspace	2026-09-25T01:51:27.3847516Z 
Rust	Test Rust workspace	2026-09-25T01:51:27.3847711Z running 12 tests
Rust	Test Rust workspace	2026-09-25T01:51:27.4221630Z test resident_catalog_change_does_not_rewrite_accepted_history ... ok
Rust	Test Rust workspace	2026-09-25T01:51:27.4233526Z test resident_duplicate_registration_mapping_is_refused ... ok
Rust	Test Rust workspace	2026-09-25T01:51:27.4240827Z test resident_duplicate_selection_mapping_is_refused ... ok
Rust	Test Rust workspace	2026-09-25T01:51:27.4473204Z test resident_cross_selection_assignment_cannot_satisfy_reconciliation ... ok
Rust	Test Rust workspace	2026-09-25T01:51:27.4610621Z test resident_failure_between_registration_and_index_rolls_back_every_record ... ok
Rust	Test Rust workspace	2026-09-25T01:51:27.4614910Z test resident_failed_assignment_never_reaches_the_os_backend ... ok
Rust	Test Rust workspace	2026-09-25T01:51:27.4805557Z test resident_legacy_store_cannot_be_adopted_by_creating_registration ... ok
Rust	Test Rust workspace	2026-09-25T01:51:27.5001735Z test resident_missing_selection_is_not_automatically_registered ... ok
Rust	Test Rust workspace	2026-09-25T01:51:27.5138820Z test resident_retirement_does_not_register_a_replacement ... ok
Rust	Test Rust workspace	2026-09-25T01:51:27.5272015Z test resident_reopen_keeps_distinct_ids_and_unknown_without_pid_adoption ... ok
Rust	Test Rust workspace	2026-09-25T01:51:27.5434355Z test resident_swapped_index_cannot_adopt_another_components_execution ... ok
Rust	Test Rust workspace	2026-09-25T01:51:27.6253352Z test resident_guarded_legacy_retains_dependency_stop_order_and_never_forces ... ok
Rust	Test Rust workspace	2026-09-25T01:51:27.6253886Z 
Rust	Test Rust workspace	2026-09-25T01:51:27.6254200Z test result: ok. 12 passed; 0 failed; 0 ignored; 0 measured; 0 filtered out; finished in 0.24s
Rust	Test Rust workspace	2026-09-25T01:51:27.6258989Z ^[[1m^[[92m     Running^[[0m tests/resource_enforcement.rs (target/debug/deps/resource_enforcement-8d1a4696dfe722c8)
Rust	Test Rust workspace	2026-09-25T01:51:27.6259773Z 
Rust	Test Rust workspace	2026-09-25T01:51:27.6272919Z 
Rust	Test Rust workspace	2026-09-25T01:51:27.6273080Z running 4 tests
Rust	Test Rust workspace	2026-09-25T01:51:28.1165346Z test linux::executable_integrity_failure_is_a_named_no_application_rejection ... ok
Rust	Test Rust workspace	2026-09-25T01:51:28.6606720Z test linux::actual_rx_child_limit_is_observed_by_a_separate_process_and_binds_allocations ... ok
Rust	Test Rust workspace	2026-09-25T01:51:29.1812785Z test linux::saved_limit_history_never_restores_a_current_receipt_after_owner_loss ... ok
Rust	Test Rust workspace	2026-09-25T01:51:29.4308060Z test unsupported_reserved_capacity_rejects_the_entire_bundle ... ok
Rust	Test Rust workspace	2026-09-25T01:51:29.4308628Z 
Rust	Test Rust workspace	2026-09-25T01:51:29.4309052Z test result: ok. 4 passed; 0 failed; 0 ignored; 0 measured; 0 filtered out; finished in 1.80s
Rust	Test Rust workspace	2026-09-25T01:51:29.4309635Z 
Rust	Test Rust workspace	2026-09-25T01:51:29.4328456Z ^[[1m^[[92m     Running^[[0m tests/service_catalog.rs (target/debug/deps/service_catalog-0da2049e8db76eb8)
Rust	Test Rust workspace	2026-09-25T01:51:29.4340582Z 
Rust	Test Rust workspace	2026-09-25T01:51:29.4341097Z running 4 tests
Rust	Test Rust workspace	2026-09-25T01:51:29.4628480Z test two_hosts_and_two_cells_resolve_fixed_binaries_and_independent_dependency_order ... ok
Rust	Test Rust workspace	2026-09-25T01:51:29.4629230Z test service_names_cannot_be_paths_or_choose_programs ... ok
Rust	Test Rust workspace	2026-09-25T01:51:29.4631330Z test each_executor_requires_matching_host_edges_and_definitions_without_cross_cell_shortcuts ... ok
Rust	Test Rust workspace	2026-09-25T01:51:29.4632494Z test distinct_executor_principals_cannot_compete_for_the_same_installation_cell ... ok
Rust	Test Rust workspace	2026-09-25T01:51:29.4632855Z 
Rust	Test Rust workspace	2026-09-25T01:51:29.4633236Z test result: ok. 4 passed; 0 failed; 0 ignored; 0 measured; 0 filtered out; finished in 0.03s
Rust	Test Rust workspace	2026-09-25T01:51:29.4633596Z 
Rust	Test Rust workspace	2026-09-25T01:51:29.4634168Z ^[[1m^[[92m     Running^[[0m tests/support_limits.rs (target/debug/deps/support_limits-0c29a206f362b141)
Rust	Test Rust workspace	2026-09-25T01:51:29.4646000Z 
Rust	Test Rust workspace	2026-09-25T01:51:29.4646171Z running 1 test
Rust	Test Rust workspace	2026-09-25T01:51:30.5101537Z test failed_guarded_delivery_never_settles_without_owned_exit_and_current_final_report ... ok
Rust	Test Rust workspace	2026-09-25T01:51:30.5102379Z 
Rust	Test Rust workspace	2026-09-25T01:51:30.5102949Z test result: ok. 1 passed; 0 failed; 0 ignored; 0 measured; 0 filtered out; finished in 1.05s
Rust	Test Rust workspace	2026-09-25T01:51:30.5103796Z 
Rust	Test Rust workspace	2026-09-25T01:51:30.5107300Z ^[[1m^[[92m     Running^[[0m tests/use_assessment.rs (target/debug/deps/use_assessment-c7bda206e323f212)
Rust	Test Rust workspace	2026-09-25T01:51:30.5121645Z 
Rust	Test Rust workspace	2026-09-25T01:51:30.5121821Z running 9 tests
Rust	Test Rust workspace	2026-09-25T01:51:31.5093097Z test alive_only_and_undeclared_programs_stay_unsupported ... ok
Rust	Test Rust workspace	2026-09-25T01:51:32.0512084Z test another_instance_and_previous_assessment_response_cannot_be_promoted ... ok
Rust	Test Rust workspace	2026-09-25T01:51:32.3008364Z test declared_conditions_cannot_be_lowered_through_site_or_existing_catalog_pin ... ok
Rust	Test Rust workspace	2026-09-25T01:51:32.8482724Z test new_owner_does_not_restore_a_readiness_assessment_or_permission ... ok
Rust	Test Rust workspace	2026-09-25T01:51:33.3901352Z test not_evaluated_not_met_and_unsupported_have_named_conditions ... ok
Rust	Test Rust workspace	2026-09-25T01:51:34.4656890Z test omitted_declaration_preserves_legacy_serialization_and_closed_child_cannot_report_ready ... ok
Rust	Test Rust workspace	2026-09-25T01:51:34.9981381Z test registration_and_f1_admission_do_not_evaluate_or_grant_use ... ok
Rust	Test Rust workspace	2026-09-25T01:51:35.5344181Z test reported_area_denial_differs_from_unconnected_or_invalid_provider ... ok
Rust	Test Rust workspace	2026-09-25T01:51:36.0747298Z test reported_conditions_and_work_use_are_separate_and_read_only ... ok
Rust	Test Rust workspace	2026-09-25T01:51:36.0748214Z 
Rust	Test Rust workspace	2026-09-25T01:51:36.0748640Z test result: ok. 9 passed; 0 failed; 0 ignored; 0 measured; 0 filtered out; finished in 5.56s
Rust	Test Rust workspace	2026-09-25T01:51:36.0749256Z 
Rust	Test Rust workspace	2026-09-25T01:51:36.0764657Z ^[[1m^[[92m     Running^[[0m tests/verified_decision.rs (target/debug/deps/verified_decision-644c640356db90df)
Rust	Test Rust workspace	2026-09-25T01:51:36.0777614Z 
Rust	Test Rust workspace	2026-09-25T01:51:36.0777776Z running 9 tests
Rust	Test Rust workspace	2026-09-25T01:51:36.3450268Z test changed_program_anchor_cannot_reopen_an_existing_registration ... ok
Rust	Test Rust workspace	2026-09-25T01:51:36.9378491Z test a_signed_decision_id_cannot_be_redefined_or_extended ... ok
Rust	Test Rust workspace	2026-09-25T01:51:38.3649031Z test exact_registration_scope_generation_and_binding_are_required ... ok
Rust	Test Rust workspace	2026-09-25T01:51:39.2589401Z test expiry_is_anchored_to_challenge_and_ttl_cannot_exceed_author_policy ... ok
Rust	Test Rust workspace	2026-09-25T01:51:39.8324065Z test external_work_decision_does_not_promote_readiness_execution_or_binding ... ok
Rust	Test Rust workspace	2026-09-25T01:51:40.9694236Z test initial_and_replacement_acceptance_are_distinct_and_do_not_grant_work_or_apply_binding ... ok
Rust	Test Rust workspace	2026-09-25T01:51:42.0550971Z test receiver_loss_and_unconfigured_catalogs_cannot_restore_permission ... ok
Rust	Test Rust workspace	2026-09-25T01:51:42.6307284Z test signature_key_context_and_wire_shape_attacks_are_rejected ... ok
Rust	Test Rust workspace	2026-09-25T01:51:43.2318529Z test signed_revocation_blocks_clones_and_reimport_without_rewriting_history ... ok
Rust	Test Rust workspace	2026-09-25T01:51:43.2318961Z 
Rust	Test Rust workspace	2026-09-25T01:51:43.2319245Z test result: ok. 9 passed; 0 failed; 0 ignored; 0 measured; 0 filtered out; finished in 7.15s
Rust	Test Rust workspace	2026-09-25T01:51:43.2319622Z 
Rust	Test Rust workspace	2026-09-25T01:51:43.2337288Z ^[[1m^[[92m     Running^[[0m tests/work_use.rs (target/debug/deps/work_use-5a74f8fb572c6eb7)
Rust	Test Rust workspace	2026-09-25T01:51:43.2350860Z 
Rust	Test Rust workspace	2026-09-25T01:51:43.2351120Z running 9 tests
Rust	Test Rust workspace	2026-09-25T01:51:43.8034336Z test absent_authority_blocks_work_without_blocking_f5_diagnostics ... ok
Rust	Test Rust workspace	2026-09-25T01:51:44.4007158Z test changed_report_and_registration_between_judgment_and_cut_refuse_commit ... ok
Rust	Test Rust workspace	2026-09-25T01:51:45.0807624Z test derived_support_gap_is_actual_work_and_history_is_not_current_permission ... ok
Rust	Test Rust workspace	2026-09-25T01:51:46.8597610Z test expiry_after_logical_cut_during_commit_io_preserves_inert_result ... ok
Rust	Test Rust workspace	2026-09-25T01:51:48.4493936Z test expiry_and_revocation_before_cut_do_not_commit_or_spend ... ok
Rust	Test Rust workspace	2026-09-25T01:51:49.0114392Z test explicit_external_denial_and_missing_judgment_response_cannot_prepare_work ... ok
Rust	Test Rust workspace	2026-09-25T01:51:49.6164170Z test receiver_restart_keeps_history_but_invalidates_retained_permission ... ok
Rust	Test Rust workspace	2026-09-25T01:51:50.9476103Z test revocation_waits_for_whole_transaction_and_does_not_rewrite_completed_work ... ok
Rust	Test Rust workspace	2026-09-25T01:51:51.5568808Z test rollback_spends_nothing_and_response_loss_is_resolved_by_query_not_replay ... ok
Rust	Test Rust workspace	2026-09-25T01:51:51.5569420Z 
Rust	Test Rust workspace	2026-09-25T01:51:51.5569681Z test result: ok. 9 passed; 0 failed; 0 ignored; 0 measured; 0 filtered out; finished in 8.32s
Rust	Test Rust workspace	2026-09-25T01:51:51.5570063Z 
Rust	Test Rust workspace	2026-09-25T01:51:51.5587233Z ^[[1m^[[92m   Doc-tests^[[0m rx_device_package
Rust	Test Rust workspace	2026-09-25T01:51:51.6137072Z 
Rust	Test Rust workspace	2026-09-25T01:51:51.6137793Z running 0 tests
Rust	Test Rust workspace	2026-09-25T01:51:51.6139643Z 
Rust	Test Rust workspace	2026-09-25T01:51:51.6140124Z test result: ok. 0 passed; 0 failed; 0 ignored; 0 measured; 0 filtered out; finished in 0.00s
Rust	Test Rust workspace	2026-09-25T01:51:51.6140916Z 
Rust	Test Rust workspace	2026-09-25T01:51:51.6157740Z ^[[1m^[[92m   Doc-tests^[[0m rx_executor
Rust	Test Rust workspace	2026-09-25T01:51:51.8425434Z 
Rust	Test Rust workspace	2026-09-25T01:51:51.8425943Z running 0 tests
Rust	Test Rust workspace	2026-09-25T01:51:51.8426208Z 
Rust	Test Rust workspace	2026-09-25T01:51:51.8426544Z test result: ok. 0 passed; 0 failed; 0 ignored; 0 measured; 0 filtered out; finished in 0.00s
Rust	Test Rust workspace	2026-09-25T01:51:51.8426915Z 
Rust	Test Rust workspace	2026-09-25T01:51:51.8445152Z ^[[1m^[[92m   Doc-tests^[[0m rx_host
Rust	Test Rust workspace	2026-09-25T01:51:52.2630977Z 
Rust	Test Rust workspace	2026-09-25T01:51:52.2632072Z running 0 tests
Rust	Test Rust workspace	2026-09-25T01:51:52.2632322Z 
Rust	Test Rust workspace	2026-09-25T01:51:52.2632760Z test result: ok. 0 passed; 0 failed; 0 ignored; 0 measured; 0 filtered out; finished in 0.00s
Rust	Test Rust workspace	2026-09-25T01:51:52.2633191Z 
Rust	Test Rust workspace	2026-09-25T01:51:52.2651692Z ^[[1m^[[92m   Doc-tests^[[0m rx_melsec_mc
Rust	Test Rust workspace	2026-09-25T01:51:52.3009601Z 
Rust	Test Rust workspace	2026-09-25T01:51:52.3010118Z running 0 tests
Rust	Test Rust workspace	2026-09-25T01:51:52.3010938Z 
Rust	Test Rust workspace	2026-09-25T01:51:52.3011236Z test result: ok. 0 passed; 0 failed; 0 ignored; 0 measured; 0 filtered out; finished in 0.00s
Rust	Test Rust workspace	2026-09-25T01:51:52.3011598Z 
Rust	Test Rust workspace	2026-09-25T01:51:52.3028285Z ^[[1m^[[92m   Doc-tests^[[0m rx_process
Rust	Test Rust workspace	2026-09-25T01:51:52.3258718Z 
Rust	Test Rust workspace	2026-09-25T01:51:52.3259170Z running 0 tests
Rust	Test Rust workspace	2026-09-25T01:51:52.3259447Z 
Rust	Test Rust workspace	2026-09-25T01:51:52.3259830Z test result: ok. 0 passed; 0 failed; 0 ignored; 0 measured; 0 filtered out; finished in 0.00s
Rust	Test Rust workspace	2026-09-25T01:51:52.3260196Z 
Rust	Test Rust workspace	2026-09-25T01:51:52.3276007Z ^[[1m^[[92m   Doc-tests^[[0m rx_process_package
Rust	Test Rust workspace	2026-09-25T01:51:52.3644947Z 
Rust	Test Rust workspace	2026-09-25T01:51:52.3645603Z running 0 tests
Rust	Test Rust workspace	2026-09-25T01:51:52.3645878Z 
Rust	Test Rust workspace	2026-09-25T01:51:52.3646310Z test result: ok. 0 passed; 0 failed; 0 ignored; 0 measured; 0 filtered out; finished in 0.00s
Rust	Test Rust workspace	2026-09-25T01:51:52.3647042Z 
Rust	Test Rust workspace	2026-09-25T01:51:52.3661604Z ^[[1m^[[92m   Doc-tests^[[0m rx_service_status
Rust	Test Rust workspace	2026-09-25T01:51:52.4096028Z 
Rust	Test Rust workspace	2026-09-25T01:51:52.4096492Z running 0 tests
Rust	Test Rust workspace	2026-09-25T01:51:52.4096682Z 
Rust	Test Rust workspace	2026-09-25T01:51:52.4096983Z test result: ok. 0 passed; 0 failed; 0 ignored; 0 measured; 0 filtered out; finished in 0.00s
Rust	Test Rust workspace	2026-09-25T01:51:52.4097334Z 
Rust	Test Rust workspace	2026-09-25T01:51:52.4113187Z ^[[1m^[[92m   Doc-tests^[[0m rx_solution_catalog
Rust	Test Rust workspace	2026-09-25T01:51:52.4567796Z 
Rust	Test Rust workspace	2026-09-25T01:51:52.4568296Z running 0 tests
Rust	Test Rust workspace	2026-09-25T01:51:52.4568572Z 
Rust	Test Rust workspace	2026-09-25T01:51:52.4569001Z test result: ok. 0 passed; 0 failed; 0 ignored; 0 measured; 0 filtered out; finished in 0.00s
Rust	Test Rust workspace	2026-09-25T01:51:52.4569390Z 
Rust	Test Rust workspace	2026-09-25T01:51:52.4585681Z ^[[1m^[[92m   Doc-tests^[[0m rx_supervisor
Rust	Test Rust workspace	2026-09-25T01:51:52.7642207Z 
Rust	Test Rust workspace	2026-09-25T01:51:52.7644353Z running 18 tests
Rust	Test Rust workspace	2026-09-25T01:51:52.8141984Z test runtime/rx-supervisor/src/operating_area.rs - operating_area (line 16) - compile fail ... ok
Rust	Test Rust workspace	2026-09-25T01:51:52.8144462Z test runtime/rx-supervisor/src/operating_area.rs - operating_area (line 10) - compile fail ... ok
Rust	Test Rust workspace	2026-09-25T01:51:52.8218661Z test runtime/rx-supervisor/src/operating_area.rs - operating_area (line 13) - compile fail ... ok
Rust	Test Rust workspace	2026-09-25T01:51:52.8261554Z test runtime/rx-supervisor/src/operating_area.rs - operating_area (line 19) - compile fail ... ok
Rust	Test Rust workspace	2026-09-25T01:51:52.8592743Z test runtime/rx-supervisor/src/operating_area.rs - operating_area (line 4) - compile fail ... ok
Rust	Test Rust workspace	2026-09-25T01:51:52.8739650Z test runtime/rx-supervisor/src/registration/diagnostic/replacement.rs - registration::diagnostic::replacement::PreparedReplacement (line 72) - compile fail ... ok
Rust	Test Rust workspace	2026-09-25T01:51:52.8742919Z test runtime/rx-supervisor/src/registration/diagnostic/replacement.rs - registration::diagnostic::replacement::PreparedReplacement (line 76) - compile fail ... ok
Rust	Test Rust workspace	2026-09-25T01:51:52.8757097Z test runtime/rx-supervisor/src/operating_area.rs - operating_area (line 7) - compile fail ... ok
Rust	Test Rust workspace	2026-09-25T01:51:52.9142297Z test runtime/rx-supervisor/src/registration/diagnostic/replacement.rs - registration::diagnostic::replacement::PreparedReplacement (line 80) - compile fail ... ok
Rust	Test Rust workspace	2026-09-25T01:51:52.9180036Z test runtime/rx-supervisor/src/registration/diagnostic/replacement.rs - registration::diagnostic::replacement::PreparedReplacement (line 84) - compile fail ... ok
Rust	Test Rust workspace	2026-09-25T01:51:52.9208078Z test runtime/rx-supervisor/src/registration/recovery.rs - registration::recovery::ProcessInvestigation (line 17) - compile fail ... ok
Rust	Test Rust workspace	2026-09-25T01:51:52.9245509Z test runtime/rx-supervisor/src/registration/recovery.rs - registration::recovery::ProcessInvestigation (line 12) - compile fail ... ok
Rust	Test Rust workspace	2026-09-25T01:51:52.9655121Z test runtime/rx-supervisor/src/registration/recovery.rs - registration::recovery::ProcessInvestigation (line 8) - compile fail ... ok
Rust	Test Rust workspace	2026-09-25T01:51:52.9657264Z test runtime/rx-supervisor/src/work_use.rs - work_use::Prepared (line 65) - compile fail ... ok
Rust	Test Rust workspace	2026-09-25T01:51:52.9691274Z test runtime/rx-supervisor/src/work_use.rs - work_use::Prepared (line 61) - compile fail ... ok
Rust	Test Rust workspace	2026-09-25T01:51:52.9702752Z test runtime/rx-supervisor/src/registration/recovery.rs - registration::recovery::Registry<R>::investigate (line 494) - compile fail ... ok
Rust	Test Rust workspace	2026-09-25T01:51:53.0013080Z test runtime/rx-supervisor/src/work_use.rs - work_use::Prepared (line 73) - compile fail ... ok
Rust	Test Rust workspace	2026-09-25T01:51:53.0022329Z test runtime/rx-supervisor/src/work_use.rs - work_use::Prepared (line 69) - compile fail ... ok
Rust	Test Rust workspace	2026-09-25T01:51:53.0022942Z 
Rust	Test Rust workspace	2026-09-25T01:51:53.0023322Z test result: ok. 18 passed; 0 failed; 0 ignored; 0 measured; 0 filtered out; finished in 0.24s
Rust	Test Rust workspace	2026-09-25T01:51:53.0023887Z 
Rust	Post Run actions/cache@0057852bfaa89a56745cba8c7296529d2fc39830	﻿2026-09-25T01:51:53.1807394Z Post job cleanup.
Rust	Post Run actions/cache@0057852bfaa89a56745cba8c7296529d2fc39830	2026-09-25T01:51:53.4072324Z (node:21857) [DEP0040] DeprecationWarning: The `punycode` module is deprecated. Please use a userland alternative instead.
Rust	Post Run actions/cache@0057852bfaa89a56745cba8c7296529d2fc39830	2026-09-25T01:51:53.4073226Z (Use `node --trace-deprecation ...` to show where the warning was created)
Rust	Post Run actions/cache@0057852bfaa89a56745cba8c7296529d2fc39830	2026-09-25T01:51:53.4309123Z [command]/usr/bin/tar --posix -cf cache.tzst --exclude cache.tzst -P -C /home/runner/work/rx-solutions/rx-solutions --files-from manifest.txt --use-compress-program zstdmt
Rust	Post Run actions/cache@0057852bfaa89a56745cba8c7296529d2fc39830	2026-09-25T01:52:24.0047731Z (node:21857) [DEP0169] DeprecationWarning: `url.parse()` behavior is not standardized and prone to errors that have security implications. Use the WHATWG URL API instead. CVEs are not issued for `url.parse()` vulnerabilities.
Rust	Post Run actions/cache@0057852bfaa89a56745cba8c7296529d2fc39830	2026-09-25T01:52:24.9841827Z Sent 0 of 3049354383 (0.0%), 0.0 MBs/sec
Rust	Post Run actions/cache@0057852bfaa89a56745cba8c7296529d2fc39830	2026-09-25T01:52:25.9842743Z Sent 536870912 of 3049354383 (17.6%), 255.9 MBs/sec
Rust	Post Run actions/cache@0057852bfaa89a56745cba8c7296529d2fc39830	2026-09-25T01:52:26.9856118Z Sent 1073741824 of 3049354383 (35.2%), 341.1 MBs/sec
Rust	Post Run actions/cache@0057852bfaa89a56745cba8c7296529d2fc39830	2026-09-25T01:52:27.9881550Z Sent 1610612736 of 3049354383 (52.8%), 383.7 MBs/sec
Rust	Post Run actions/cache@0057852bfaa89a56745cba8c7296529d2fc39830	2026-09-25T01:52:28.9868621Z Sent 2281701376 of 3049354383 (74.8%), 434.9 MBs/sec
Rust	Post Run actions/cache@0057852bfaa89a56745cba8c7296529d2fc39830	2026-09-25T01:52:29.9921507Z Sent 2915136655 of 3049354383 (95.6%), 463.1 MBs/sec
Rust	Post Run actions/cache@0057852bfaa89a56745cba8c7296529d2fc39830	2026-09-25T01:52:30.2913654Z Sent 3049354383 of 3049354383 (100.0%), 461.0 MBs/sec
Rust	Post Run actions/cache@0057852bfaa89a56745cba8c7296529d2fc39830	2026-09-25T01:52:30.6493891Z Cache saved with key: Linux-X64-rust-17dd49e4985c4bb0f381ef2c104d8e3c339f6705bb8d446778973c734cec0189
Rust	Post Run actions/checkout@11d5960a326750d5838078e36cf38b85af677262	﻿2026-09-25T01:52:30.6681301Z Post job cleanup.
Rust	Post Run actions/checkout@11d5960a326750d5838078e36cf38b85af677262	2026-09-25T01:52:30.7642262Z [command]/usr/bin/git version
Rust	Post Run actions/checkout@11d5960a326750d5838078e36cf38b85af677262	2026-09-25T01:52:30.7694635Z git version 2.55.0
Rust	Post Run actions/checkout@11d5960a326750d5838078e36cf38b85af677262	2026-09-25T01:52:30.7746412Z Temporarily overriding HOME='/home/runner/work/_temp/ca4b9f88-ed07-4aea-8e2f-0993a1a1d380' before making global git config changes
Rust	Post Run actions/checkout@11d5960a326750d5838078e36cf38b85af677262	2026-09-25T01:52:30.7748254Z Adding repository directory to the temporary git global config as a safe directory
Rust	Post Run actions/checkout@11d5960a326750d5838078e36cf38b85af677262	2026-09-25T01:52:30.7755315Z [command]/usr/bin/git config --global --add safe.directory /home/runner/work/rx-solutions/rx-solutions
Rust	Post Run actions/checkout@11d5960a326750d5838078e36cf38b85af677262	2026-09-25T01:52:30.7806774Z [command]/usr/bin/git config --local --name-only --get-regexp core\.sshCommand
Rust	Post Run actions/checkout@11d5960a326750d5838078e36cf38b85af677262	2026-09-25T01:52:30.7849889Z [command]/usr/bin/git submodule foreach --recursive sh -c "git config --local --name-only --get-regexp 'core\.sshCommand' && git config --local --unset-all 'core.sshCommand' || :"
Rust	Post Run actions/checkout@11d5960a326750d5838078e36cf38b85af677262	2026-09-25T01:52:30.8109823Z [command]/usr/bin/git config --local --name-only --get-regexp http\.https\:\/\/github\.com\/\.extraheader
Rust	Post Run actions/checkout@11d5960a326750d5838078e36cf38b85af677262	2026-09-25T01:52:30.8157479Z [command]/usr/bin/git submodule foreach --recursive sh -c "git config --local --name-only --get-regexp 'http\.https\:\/\/github\.com\/\.extraheader' && git config --local --unset-all 'http.https://github.com/.extraheader' || :"
Rust	Post Run actions/checkout@11d5960a326750d5838078e36cf38b85af677262	2026-09-25T01:52:30.8428902Z [command]/usr/bin/git config --local --name-only --get-regexp ^includeIf\.gitdir:
Rust	Post Run actions/checkout@11d5960a326750d5838078e36cf38b85af677262	2026-09-25T01:52:30.8467066Z [command]/usr/bin/git submodule foreach --recursive git config --local --show-origin --name-only --get-regexp remote.origin.url
Rust	Complete job	﻿2026-09-25T01:52:30.8896133Z Cleaning up orphan processes
Rust	Complete job	2026-09-25T01:52:30.9317249Z ##[warning]Node.js 20 is deprecated. The following actions target Node.js 20 but are being forced to run on Node.js 24: actions/cache@0057852bfaa89a56745cba8c7296529d2fc39830, actions/checkout@11d5960a326750d5838078e36cf38b85af677262. For more information see: https://github.blog/changelog/2025-09-19-deprecation-of-node-20-on-github-actions-runners/
Operator app	Set up job	﻿2026-09-25T01:47:22.8302796Z Current runner version: '2.337.0'
Operator app	Set up job	2026-09-25T01:47:22.8326219Z ##[group]Runner Image Provisioner
Operator app	Set up job	2026-09-25T01:47:22.8327043Z Hosted Compute Agent
Operator app	Set up job	2026-09-25T01:47:22.8327563Z Version: 20260828.587
Operator app	Set up job	2026-09-25T01:47:22.8328177Z Commit: abac92662cab4cc7352de4f9f9d2e2419aad9c29
Operator app	Set up job	2026-09-25T01:47:22.8328833Z Build Date: 2026-08-28T16:44:25Z
Operator app	Set up job	2026-09-25T01:47:22.8329659Z Worker ID: {f888aa15-36de-4d39-ab2d-2d818c319b7f}
Operator app	Set up job	2026-09-25T01:47:22.8330310Z Azure Region: westus3
Operator app	Set up job	2026-09-25T01:47:22.8330831Z ##[endgroup]
Operator app	Set up job	2026-09-25T01:47:22.8332311Z ##[group]Operating System
Operator app	Set up job	2026-09-25T01:47:22.8332895Z Ubuntu
Operator app	Set up job	2026-09-25T01:47:22.8333345Z 24.04.5
Operator app	Set up job	2026-09-25T01:47:22.8333829Z LTS
Operator app	Set up job	2026-09-25T01:47:22.8334281Z ##[endgroup]
Operator app	Set up job	2026-09-25T01:47:22.8334780Z ##[group]Runner Image
Operator app	Set up job	2026-09-25T01:47:22.8335334Z Image: ubuntu-24.04
Operator app	Set up job	2026-09-25T01:47:22.8335901Z Version: 20260920.314.1
Operator app	Set up job	2026-09-25T01:47:22.8337211Z Included Software: https://github.com/actions/runner-images/blob/ubuntu24/20260920.314/images/ubuntu/Ubuntu2404-Readme.md
Operator app	Set up job	2026-09-25T01:47:22.8338743Z Image Release: https://github.com/actions/runner-images/releases/tag/ubuntu24%2F20260920.314
Operator app	Set up job	2026-09-25T01:47:22.8339794Z ##[endgroup]
Operator app	Set up job	2026-09-25T01:47:22.8340814Z ##[group]GITHUB_TOKEN Permissions
Operator app	Set up job	2026-09-25T01:47:22.8342712Z Contents: read
Operator app	Set up job	2026-09-25T01:47:22.8343237Z Metadata: read
Operator app	Set up job	2026-09-25T01:47:22.8343810Z ##[endgroup]
Operator app	Set up job	2026-09-25T01:47:22.8345736Z Secret source: Actions
Operator app	Set up job	2026-09-25T01:47:22.8346672Z Cache mode: write
Operator app	Set up job	2026-09-25T01:47:22.8347294Z Prepare workflow directory
Operator app	Set up job	2026-09-25T01:47:22.8730577Z Prepare all required actions
Operator app	Set up job	2026-09-25T01:47:22.8779800Z Getting action download info
Operator app	Set up job	2026-09-25T01:47:23.1808582Z Download action repository 'actions/checkout@11d5960a326750d5838078e36cf38b85af677262' (SHA:11d5960a326750d5838078e36cf38b85af677262)
Operator app	Set up job	2026-09-25T01:47:23.2757434Z Download action repository 'actions/setup-node@49933ea5288caeca8642d1e84afbd3f7d6820020' (SHA:49933ea5288caeca8642d1e84afbd3f7d6820020)
Operator app	Set up job	2026-09-25T01:47:23.4321072Z Complete job name: Operator app
Operator app	Run actions/checkout@11d5960a326750d5838078e36cf38b85af677262	﻿2026-09-25T01:47:23.4997141Z ##[group]Run actions/checkout@11d5960a326750d5838078e36cf38b85af677262
Operator app	Run actions/checkout@11d5960a326750d5838078e36cf38b85af677262	2026-09-25T01:47:23.4998142Z with:
Operator app	Run actions/checkout@11d5960a326750d5838078e36cf38b85af677262	2026-09-25T01:47:23.4998671Z   persist-credentials: false
Operator app	Run actions/checkout@11d5960a326750d5838078e36cf38b85af677262	2026-09-25T01:47:23.4999228Z   repository: jack0682/rx-solutions
Operator app	Run actions/checkout@11d5960a326750d5838078e36cf38b85af677262	2026-09-25T01:47:23.5002939Z   token: ***
Operator app	Run actions/checkout@11d5960a326750d5838078e36cf38b85af677262	2026-09-25T01:47:23.5003448Z   ssh-strict: true
Operator app	Run actions/checkout@11d5960a326750d5838078e36cf38b85af677262	2026-09-25T01:47:23.5003906Z   ssh-user: git
Operator app	Run actions/checkout@11d5960a326750d5838078e36cf38b85af677262	2026-09-25T01:47:23.5004363Z   clean: true
Operator app	Run actions/checkout@11d5960a326750d5838078e36cf38b85af677262	2026-09-25T01:47:23.5004872Z   sparse-checkout-cone-mode: true
Operator app	Run actions/checkout@11d5960a326750d5838078e36cf38b85af677262	2026-09-25T01:47:23.5005407Z   fetch-depth: 1
Operator app	Run actions/checkout@11d5960a326750d5838078e36cf38b85af677262	2026-09-25T01:47:23.5005879Z   fetch-tags: false
Operator app	Run actions/checkout@11d5960a326750d5838078e36cf38b85af677262	2026-09-25T01:47:23.5006350Z   show-progress: true
Operator app	Run actions/checkout@11d5960a326750d5838078e36cf38b85af677262	2026-09-25T01:47:23.5006806Z   lfs: false
Operator app	Run actions/checkout@11d5960a326750d5838078e36cf38b85af677262	2026-09-25T01:47:23.5007273Z   submodules: false
Operator app	Run actions/checkout@11d5960a326750d5838078e36cf38b85af677262	2026-09-25T01:47:23.5007794Z   set-safe-directory: true
Operator app	Run actions/checkout@11d5960a326750d5838078e36cf38b85af677262	2026-09-25T01:47:23.5008332Z   allow-unsafe-pr-checkout: false
Operator app	Run actions/checkout@11d5960a326750d5838078e36cf38b85af677262	2026-09-25T01:47:23.5009209Z ##[endgroup]
Operator app	Run actions/checkout@11d5960a326750d5838078e36cf38b85af677262	2026-09-25T01:47:23.6207727Z Syncing repository: jack0682/rx-solutions
Operator app	Run actions/checkout@11d5960a326750d5838078e36cf38b85af677262	2026-09-25T01:47:23.6209714Z ##[group]Getting Git version info
Operator app	Run actions/checkout@11d5960a326750d5838078e36cf38b85af677262	2026-09-25T01:47:23.6210662Z Working directory is '/home/runner/work/rx-solutions/rx-solutions'
Operator app	Run actions/checkout@11d5960a326750d5838078e36cf38b85af677262	2026-09-25T01:47:23.6211971Z [command]/usr/bin/git version
Operator app	Run actions/checkout@11d5960a326750d5838078e36cf38b85af677262	2026-09-25T01:47:23.6306256Z git version 2.55.0
Operator app	Run actions/checkout@11d5960a326750d5838078e36cf38b85af677262	2026-09-25T01:47:23.6337420Z ##[endgroup]
Operator app	Run actions/checkout@11d5960a326750d5838078e36cf38b85af677262	2026-09-25T01:47:23.6345831Z Temporarily overriding HOME='/home/runner/work/_temp/0cf4ba01-d609-46e3-9662-6939a8638123' before making global git config changes
Operator app	Run actions/checkout@11d5960a326750d5838078e36cf38b85af677262	2026-09-25T01:47:23.6347099Z Adding repository directory to the temporary git global config as a safe directory
Operator app	Run actions/checkout@11d5960a326750d5838078e36cf38b85af677262	2026-09-25T01:47:23.6350935Z [command]/usr/bin/git config --global --add safe.directory /home/runner/work/rx-solutions/rx-solutions
Operator app	Run actions/checkout@11d5960a326750d5838078e36cf38b85af677262	2026-09-25T01:47:23.6398315Z Deleting the contents of '/home/runner/work/rx-solutions/rx-solutions'
Operator app	Run actions/checkout@11d5960a326750d5838078e36cf38b85af677262	2026-09-25T01:47:23.6406579Z ##[group]Initializing the repository
Operator app	Run actions/checkout@11d5960a326750d5838078e36cf38b85af677262	2026-09-25T01:47:23.6407904Z [command]/usr/bin/git init /home/runner/work/rx-solutions/rx-solutions
Operator app	Run actions/checkout@11d5960a326750d5838078e36cf38b85af677262	2026-09-25T01:47:23.6504633Z hint: Using 'master' as the name for the initial branch. This default branch name
Operator app	Run actions/checkout@11d5960a326750d5838078e36cf38b85af677262	2026-09-25T01:47:23.6506876Z hint: will change to "main" in Git 3.0. To configure the initial branch name
Operator app	Run actions/checkout@11d5960a326750d5838078e36cf38b85af677262	2026-09-25T01:47:23.6508588Z hint: to use in all of your new repositories, which will suppress this warning,
Operator app	Run actions/checkout@11d5960a326750d5838078e36cf38b85af677262	2026-09-25T01:47:23.6509633Z hint: call:
Operator app	Run actions/checkout@11d5960a326750d5838078e36cf38b85af677262	2026-09-25T01:47:23.6510001Z hint:
Operator app	Run actions/checkout@11d5960a326750d5838078e36cf38b85af677262	2026-09-25T01:47:23.6510517Z hint: 	git config --global init.defaultBranch <name>
Operator app	Run actions/checkout@11d5960a326750d5838078e36cf38b85af677262	2026-09-25T01:47:23.6511381Z hint:
Operator app	Run actions/checkout@11d5960a326750d5838078e36cf38b85af677262	2026-09-25T01:47:23.6512116Z hint: Names commonly chosen instead of 'master' are 'main', 'trunk' and
Operator app	Run actions/checkout@11d5960a326750d5838078e36cf38b85af677262	2026-09-25T01:47:23.6513188Z hint: 'development'. The just-created branch can be renamed via this command:
Operator app	Run actions/checkout@11d5960a326750d5838078e36cf38b85af677262	2026-09-25T01:47:23.6513834Z hint:
Operator app	Run actions/checkout@11d5960a326750d5838078e36cf38b85af677262	2026-09-25T01:47:23.6514195Z hint: 	git branch -m <name>
Operator app	Run actions/checkout@11d5960a326750d5838078e36cf38b85af677262	2026-09-25T01:47:23.6514610Z hint:
Operator app	Run actions/checkout@11d5960a326750d5838078e36cf38b85af677262	2026-09-25T01:47:23.6515159Z hint: Disable this message with "git config set advice.defaultBranchName false"
Operator app	Run actions/checkout@11d5960a326750d5838078e36cf38b85af677262	2026-09-25T01:47:23.6516090Z Initialized empty Git repository in /home/runner/work/rx-solutions/rx-solutions/.git/
Operator app	Run actions/checkout@11d5960a326750d5838078e36cf38b85af677262	2026-09-25T01:47:23.6520373Z [command]/usr/bin/git remote add origin https://github.com/jack0682/rx-solutions
Operator app	Run actions/checkout@11d5960a326750d5838078e36cf38b85af677262	2026-09-25T01:47:23.6565059Z ##[endgroup]
Operator app	Run actions/checkout@11d5960a326750d5838078e36cf38b85af677262	2026-09-25T01:47:23.6565818Z ##[group]Disabling automatic garbage collection
Operator app	Run actions/checkout@11d5960a326750d5838078e36cf38b85af677262	2026-09-25T01:47:23.6572077Z [command]/usr/bin/git config --local gc.auto 0
Operator app	Run actions/checkout@11d5960a326750d5838078e36cf38b85af677262	2026-09-25T01:47:23.6601995Z ##[endgroup]
Operator app	Run actions/checkout@11d5960a326750d5838078e36cf38b85af677262	2026-09-25T01:47:23.6602698Z ##[group]Setting up auth
Operator app	Run actions/checkout@11d5960a326750d5838078e36cf38b85af677262	2026-09-25T01:47:23.6615215Z [command]/usr/bin/git config --local --name-only --get-regexp core\.sshCommand
Operator app	Run actions/checkout@11d5960a326750d5838078e36cf38b85af677262	2026-09-25T01:47:23.6647133Z [command]/usr/bin/git submodule foreach --recursive sh -c "git config --local --name-only --get-regexp 'core\.sshCommand' && git config --local --unset-all 'core.sshCommand' || :"
Operator app	Run actions/checkout@11d5960a326750d5838078e36cf38b85af677262	2026-09-25T01:47:23.6966356Z [command]/usr/bin/git config --local --name-only --get-regexp http\.https\:\/\/github\.com\/\.extraheader
Operator app	Run actions/checkout@11d5960a326750d5838078e36cf38b85af677262	2026-09-25T01:47:23.7001900Z [command]/usr/bin/git submodule foreach --recursive sh -c "git config --local --name-only --get-regexp 'http\.https\:\/\/github\.com\/\.extraheader' && git config --local --unset-all 'http.https://github.com/.extraheader' || :"
Operator app	Run actions/checkout@11d5960a326750d5838078e36cf38b85af677262	2026-09-25T01:47:23.7213391Z [command]/usr/bin/git config --local --name-only --get-regexp ^includeIf\.gitdir:
Operator app	Run actions/checkout@11d5960a326750d5838078e36cf38b85af677262	2026-09-25T01:47:23.7255885Z [command]/usr/bin/git submodule foreach --recursive git config --local --show-origin --name-only --get-regexp remote.origin.url
Operator app	Run actions/checkout@11d5960a326750d5838078e36cf38b85af677262	2026-09-25T01:47:23.7442096Z [command]/usr/bin/git config --local http.https://github.com/.extraheader AUTHORIZATION: basic ***
Operator app	Run actions/checkout@11d5960a326750d5838078e36cf38b85af677262	2026-09-25T01:47:23.7473864Z ##[endgroup]
Operator app	Run actions/checkout@11d5960a326750d5838078e36cf38b85af677262	2026-09-25T01:47:23.7475156Z ##[group]Fetching the repository
Operator app	Run actions/checkout@11d5960a326750d5838078e36cf38b85af677262	2026-09-25T01:47:23.7484535Z [command]/usr/bin/git -c protocol.version=2 fetch --no-tags --prune --no-recurse-submodules --depth=1 origin +6b92bab6af35dbbca3c3fdd16225a58e84ca26aa:refs/remotes/origin/develop
Operator app	Run actions/checkout@11d5960a326750d5838078e36cf38b85af677262	2026-09-25T01:47:24.7217125Z From https://github.com/jack0682/rx-solutions
Operator app	Run actions/checkout@11d5960a326750d5838078e36cf38b85af677262	2026-09-25T01:47:24.7218359Z  * [new ref]         6b92bab6af35dbbca3c3fdd16225a58e84ca26aa -> origin/develop
Operator app	Run actions/checkout@11d5960a326750d5838078e36cf38b85af677262	2026-09-25T01:47:24.7221896Z ##[endgroup]
Operator app	Run actions/checkout@11d5960a326750d5838078e36cf38b85af677262	2026-09-25T01:47:24.7222719Z ##[group]Determining the checkout info
Operator app	Run actions/checkout@11d5960a326750d5838078e36cf38b85af677262	2026-09-25T01:47:24.7224258Z ##[endgroup]
Operator app	Run actions/checkout@11d5960a326750d5838078e36cf38b85af677262	2026-09-25T01:47:24.7241001Z [command]/usr/bin/git sparse-checkout disable
Operator app	Run actions/checkout@11d5960a326750d5838078e36cf38b85af677262	2026-09-25T01:47:24.7281033Z [command]/usr/bin/git config --local --unset-all extensions.worktreeConfig
Operator app	Run actions/checkout@11d5960a326750d5838078e36cf38b85af677262	2026-09-25T01:47:24.7310446Z ##[group]Checking out the ref
Operator app	Run actions/checkout@11d5960a326750d5838078e36cf38b85af677262	2026-09-25T01:47:24.7317024Z [command]/usr/bin/git checkout --progress --force -B develop refs/remotes/origin/develop
Operator app	Run actions/checkout@11d5960a326750d5838078e36cf38b85af677262	2026-09-25T01:47:24.7694266Z Switched to a new branch 'develop'
Operator app	Run actions/checkout@11d5960a326750d5838078e36cf38b85af677262	2026-09-25T01:47:24.7697286Z branch 'develop' set up to track 'origin/develop'.
Operator app	Run actions/checkout@11d5960a326750d5838078e36cf38b85af677262	2026-09-25T01:47:24.7715021Z ##[endgroup]
Operator app	Run actions/checkout@11d5960a326750d5838078e36cf38b85af677262	2026-09-25T01:47:24.7747894Z [command]/usr/bin/git log -1 --format=%H
Operator app	Run actions/checkout@11d5960a326750d5838078e36cf38b85af677262	2026-09-25T01:47:24.7768728Z 6b92bab6af35dbbca3c3fdd16225a58e84ca26aa
Operator app	Run actions/checkout@11d5960a326750d5838078e36cf38b85af677262	2026-09-25T01:47:24.7778754Z ##[group]Removing auth
Operator app	Run actions/checkout@11d5960a326750d5838078e36cf38b85af677262	2026-09-25T01:47:24.7782333Z [command]/usr/bin/git config --local --name-only --get-regexp core\.sshCommand
Operator app	Run actions/checkout@11d5960a326750d5838078e36cf38b85af677262	2026-09-25T01:47:24.7811444Z [command]/usr/bin/git submodule foreach --recursive sh -c "git config --local --name-only --get-regexp 'core\.sshCommand' && git config --local --unset-all 'core.sshCommand' || :"
Operator app	Run actions/checkout@11d5960a326750d5838078e36cf38b85af677262	2026-09-25T01:47:24.7984799Z [command]/usr/bin/git config --local --name-only --get-regexp http\.https\:\/\/github\.com\/\.extraheader
Operator app	Run actions/checkout@11d5960a326750d5838078e36cf38b85af677262	2026-09-25T01:47:24.8018794Z http.https://github.com/.extraheader
Operator app	Run actions/checkout@11d5960a326750d5838078e36cf38b85af677262	2026-09-25T01:47:24.8023931Z [command]/usr/bin/git config --local --unset-all http.https://github.com/.extraheader
Operator app	Run actions/checkout@11d5960a326750d5838078e36cf38b85af677262	2026-09-25T01:47:24.8054382Z [command]/usr/bin/git submodule foreach --recursive sh -c "git config --local --name-only --get-regexp 'http\.https\:\/\/github\.com\/\.extraheader' && git config --local --unset-all 'http.https://github.com/.extraheader' || :"
Operator app	Run actions/checkout@11d5960a326750d5838078e36cf38b85af677262	2026-09-25T01:47:24.8234623Z [command]/usr/bin/git config --local --name-only --get-regexp ^includeIf\.gitdir:
Operator app	Run actions/checkout@11d5960a326750d5838078e36cf38b85af677262	2026-09-25T01:47:24.8260286Z [command]/usr/bin/git submodule foreach --recursive git config --local --show-origin --name-only --get-regexp remote.origin.url
Operator app	Run actions/checkout@11d5960a326750d5838078e36cf38b85af677262	2026-09-25T01:47:24.8432207Z ##[endgroup]
Operator app	Run actions/setup-node@49933ea5288caeca8642d1e84afbd3f7d6820020	﻿2026-09-25T01:47:24.8798926Z ##[group]Run actions/setup-node@49933ea5288caeca8642d1e84afbd3f7d6820020
Operator app	Run actions/setup-node@49933ea5288caeca8642d1e84afbd3f7d6820020	2026-09-25T01:47:24.8800769Z with:
Operator app	Run actions/setup-node@49933ea5288caeca8642d1e84afbd3f7d6820020	2026-09-25T01:47:24.8801637Z   node-version: 24
Operator app	Run actions/setup-node@49933ea5288caeca8642d1e84afbd3f7d6820020	2026-09-25T01:47:24.8802556Z   cache: npm
Operator app	Run actions/setup-node@49933ea5288caeca8642d1e84afbd3f7d6820020	2026-09-25T01:47:24.8804419Z   cache-dependency-path: apps/operator/package-lock.json
Operator app	Run actions/setup-node@49933ea5288caeca8642d1e84afbd3f7d6820020	2026-09-25T01:47:24.8805887Z   always-auth: false
Operator app	Run actions/setup-node@49933ea5288caeca8642d1e84afbd3f7d6820020	2026-09-25T01:47:24.8817990Z   check-latest: false
Operator app	Run actions/setup-node@49933ea5288caeca8642d1e84afbd3f7d6820020	2026-09-25T01:47:24.8830695Z   token: ***
Operator app	Run actions/setup-node@49933ea5288caeca8642d1e84afbd3f7d6820020	2026-09-25T01:47:24.8831643Z ##[endgroup]
Operator app	Run actions/setup-node@49933ea5288caeca8642d1e84afbd3f7d6820020	2026-09-25T01:47:25.0281334Z Found in cache @ /opt/hostedtoolcache/node/24.21.0/x64
Operator app	Run actions/setup-node@49933ea5288caeca8642d1e84afbd3f7d6820020	2026-09-25T01:47:25.0287720Z (node:2248) [DEP0040] DeprecationWarning: The `punycode` module is deprecated. Please use a userland alternative instead.
Operator app	Run actions/setup-node@49933ea5288caeca8642d1e84afbd3f7d6820020	2026-09-25T01:47:25.0290929Z (Use `node --trace-deprecation ...` to show where the warning was created)
Operator app	Run actions/setup-node@49933ea5288caeca8642d1e84afbd3f7d6820020	2026-09-25T01:47:25.0294707Z ##[group]Environment details
Operator app	Run actions/setup-node@49933ea5288caeca8642d1e84afbd3f7d6820020	2026-09-25T01:47:25.4004008Z node: v24.21.0
Operator app	Run actions/setup-node@49933ea5288caeca8642d1e84afbd3f7d6820020	2026-09-25T01:47:25.4004756Z npm: 11.19.0
Operator app	Run actions/setup-node@49933ea5288caeca8642d1e84afbd3f7d6820020	2026-09-25T01:47:25.4005158Z yarn: 1.22.22
Operator app	Run actions/setup-node@49933ea5288caeca8642d1e84afbd3f7d6820020	2026-09-25T01:47:25.4006065Z ##[endgroup]
Operator app	Run actions/setup-node@49933ea5288caeca8642d1e84afbd3f7d6820020	2026-09-25T01:47:25.4046248Z [command]/opt/hostedtoolcache/node/24.21.0/x64/bin/npm config get cache
Operator app	Run actions/setup-node@49933ea5288caeca8642d1e84afbd3f7d6820020	2026-09-25T01:47:25.5142444Z /home/runner/.npm
Operator app	Run actions/setup-node@49933ea5288caeca8642d1e84afbd3f7d6820020	2026-09-25T01:47:25.7254962Z Cache hit for: node-cache-Linux-x64-npm-f7049b356cd2537bb1cb7d4c983f6736b00e504a22a04a9bb724c41964922b7f
Operator app	Run actions/setup-node@49933ea5288caeca8642d1e84afbd3f7d6820020	2026-09-25T01:47:25.7373965Z (node:2248) [DEP0169] DeprecationWarning: `url.parse()` behavior is not standardized and prone to errors that have security implications. Use the WHATWG URL API instead. CVEs are not issued for `url.parse()` vulnerabilities.
Operator app	Run actions/setup-node@49933ea5288caeca8642d1e84afbd3f7d6820020	2026-09-25T01:47:26.9402418Z Received 40002372 of 48390980 (82.7%), 38.1 MBs/sec
Operator app	Run actions/setup-node@49933ea5288caeca8642d1e84afbd3f7d6820020	2026-09-25T01:47:27.0343230Z Received 48390980 of 48390980 (100.0%), 42.1 MBs/sec
Operator app	Run actions/setup-node@49933ea5288caeca8642d1e84afbd3f7d6820020	2026-09-25T01:47:27.0344637Z Cache Size: ~46 MB (48390980 B)
Operator app	Run actions/setup-node@49933ea5288caeca8642d1e84afbd3f7d6820020	2026-09-25T01:47:27.0374766Z [command]/usr/bin/tar -xf /home/runner/work/_temp/b2aee793-f66d-4c72-a5f8-7d54793b609c/cache.tzst -P -C /home/runner/work/rx-solutions/rx-solutions --use-compress-program unzstd
Operator app	Run actions/setup-node@49933ea5288caeca8642d1e84afbd3f7d6820020	2026-09-25T01:47:27.1039552Z Cache restored successfully
Operator app	Run actions/setup-node@49933ea5288caeca8642d1e84afbd3f7d6820020	2026-09-25T01:47:27.1060778Z Cache restored from key: node-cache-Linux-x64-npm-f7049b356cd2537bb1cb7d4c983f6736b00e504a22a04a9bb724c41964922b7f
Operator app	Run npm ci	﻿2026-09-25T01:47:27.1212071Z ##[group]Run npm ci
Operator app	Run npm ci	2026-09-25T01:47:27.1212382Z ^[[36;1mnpm ci^[[0m
Operator app	Run npm ci	2026-09-25T01:47:27.1397551Z shell: /usr/bin/bash -e {0}
Operator app	Run npm ci	2026-09-25T01:47:27.1397916Z ##[endgroup]
Operator app	Run npm ci	2026-09-25T01:47:28.8265207Z 
Operator app	Run npm ci	2026-09-25T01:47:28.8274506Z added 57 packages, and audited 58 packages in 2s
Operator app	Run npm ci	2026-09-25T01:47:28.8275178Z 
Operator app	Run npm ci	2026-09-25T01:47:28.8275741Z 20 packages are looking for funding
Operator app	Run npm ci	2026-09-25T01:47:28.8276363Z   run `npm fund` for details
Operator app	Run npm ci	2026-09-25T01:47:28.8280145Z 
Operator app	Run npm ci	2026-09-25T01:47:28.8280698Z found 0 vulnerabilities
Operator app	Run npm run format:check	﻿2026-09-25T01:47:28.8566538Z ##[group]Run npm run format:check
Operator app	Run npm run format:check	2026-09-25T01:47:28.8566887Z ^[[36;1mnpm run format:check^[[0m
Operator app	Run npm run format:check	2026-09-25T01:47:28.8606830Z shell: /usr/bin/bash -e {0}
Operator app	Run npm run format:check	2026-09-25T01:47:28.8607143Z ##[endgroup]
Operator app	Run npm run format:check	2026-09-25T01:47:28.9577287Z 
Operator app	Run npm run format:check	2026-09-25T01:47:28.9578045Z > @rx/operator@0.1.0 format:check
Operator app	Run npm run format:check	2026-09-25T01:47:28.9578697Z > prettier --check src index.html vite.config.ts tsconfig.json package.json .prettierrc.json
Operator app	Run npm run format:check	2026-09-25T01:47:28.9579610Z 
Operator app	Run npm run format:check	2026-09-25T01:47:29.0370349Z Checking formatting...
Operator app	Run npm run format:check	2026-09-25T01:47:30.4773229Z All matched files use Prettier code style!
Operator app	Run npm test	﻿2026-09-25T01:47:30.5027619Z ##[group]Run npm test
Operator app	Run npm test	2026-09-25T01:47:30.5027914Z ^[[36;1mnpm test^[[0m
Operator app	Run npm test	2026-09-25T01:47:30.5064735Z shell: /usr/bin/bash -e {0}
Operator app	Run npm test	2026-09-25T01:47:30.5065055Z ##[endgroup]
Operator app	Run npm test	2026-09-25T01:47:30.6056770Z 
Operator app	Run npm test	2026-09-25T01:47:30.6057379Z > @rx/operator@0.1.0 test
Operator app	Run npm test	2026-09-25T01:47:30.6057743Z > vitest run src
Operator app	Run npm test	2026-09-25T01:47:30.6057881Z 
Operator app	Run npm test	2026-09-25T01:47:30.9074711Z 
Operator app	Run npm test	2026-09-25T01:47:30.9078166Z ^[[1m^[[30m^[[46m RUN ^[[49m^[[39m^[[22m ^[[36mv4.1.11 ^[[39m^[[90m/home/runner/work/rx-solutions/rx-solutions/apps/operator^[[39m
Operator app	Run npm test	2026-09-25T01:47:30.9078950Z 
Operator app	Run npm test	2026-09-25T01:47:31.3452120Z  ^[[32m✓^[[39m src/device-review-schema.test.ts ^[[2m(^[[22m^[[2m5 tests^[[22m^[[2m)^[[22m^[[32m 19^[[2mms^[[22m^[[39m
Operator app	Run npm test	2026-09-25T01:47:31.4251757Z  ^[[32m✓^[[39m src/run-start-schema.test.ts ^[[2m(^[[22m^[[2m12 tests^[[22m^[[2m)^[[22m^[[32m 37^[[2mms^[[22m^[[39m
Operator app	Run npm test	2026-09-25T01:47:31.4670433Z  ^[[32m✓^[[39m src/host-recovery-schema.test.ts ^[[2m(^[[22m^[[2m11 tests^[[22m^[[2m)^[[22m^[[32m 68^[[2mms^[[22m^[[39m
Operator app	Run npm test	2026-09-25T01:47:31.6473021Z  ^[[32m✓^[[39m src/package-schema.test.ts ^[[2m(^[[22m^[[2m4 tests^[[22m^[[2m)^[[22m^[[32m 15^[[2mms^[[22m^[[39m
Operator app	Run npm test	2026-09-25T01:47:31.7274675Z  ^[[32m✓^[[39m src/pending.test.ts ^[[2m(^[[22m^[[2m3 tests^[[22m^[[2m)^[[22m^[[32m 17^[[2mms^[[22m^[[39m
Operator app	Run npm test	2026-09-25T01:47:31.7431087Z  ^[[32m✓^[[39m src/device-catalog.test.ts ^[[2m(^[[22m^[[2m3 tests^[[22m^[[2m)^[[22m^[[32m 18^[[2mms^[[22m^[[39m
Operator app	Run npm test	2026-09-25T01:47:31.8544291Z  ^[[32m✓^[[39m src/service-health.test.ts ^[[2m(^[[22m^[[2m2 tests^[[22m^[[2m)^[[22m^[[32m 6^[[2mms^[[22m^[[39m
Operator app	Run npm test	2026-09-25T01:47:31.9795902Z  ^[[32m✓^[[39m src/diagnostic-time.test.ts ^[[2m(^[[22m^[[2m3 tests^[[22m^[[2m)^[[22m^[[32m 11^[[2mms^[[22m^[[39m
Operator app	Run npm test	2026-09-25T01:47:32.0060665Z  ^[[32m✓^[[39m src/process-preview.test.ts ^[[2m(^[[22m^[[2m3 tests^[[22m^[[2m)^[[22m^[[32m 10^[[2mms^[[22m^[[39m
Operator app	Run npm test	2026-09-25T01:47:32.0891158Z  ^[[32m✓^[[39m src/device-provenance.test.ts ^[[2m(^[[22m^[[2m2 tests^[[22m^[[2m)^[[22m^[[32m 6^[[2mms^[[22m^[[39m
Operator app	Run npm test	2026-09-25T01:47:32.1820271Z  ^[[32m✓^[[39m src/schema-runtime.test.ts ^[[2m(^[[22m^[[2m1 test^[[22m^[[2m)^[[22m^[[32m 60^[[2mms^[[22m^[[39m
Operator app	Run npm test	2026-09-25T01:47:32.1823757Z 
Operator app	Run npm test	2026-09-25T01:47:32.1828785Z ^[[2m Test Files ^[[22m ^[[1m^[[32m11 passed^[[39m^[[22m^[[90m (11)^[[39m
Operator app	Run npm test	2026-09-25T01:47:32.1830337Z ^[[2m      Tests ^[[22m ^[[1m^[[32m49 passed^[[39m^[[22m^[[90m (49)^[[39m
Operator app	Run npm test	2026-09-25T01:47:32.1831645Z ^[[2m   Start at ^[[22m 01:47:30
Operator app	Run npm test	2026-09-25T01:47:32.1835317Z ^[[2m   Duration ^[[22m 1.26s^[[2m (transform 417ms, setup 0ms, import 1.48s, tests 267ms, environment 1ms)^[[22m
Operator app	Run npm test	2026-09-25T01:47:32.1839597Z 
Operator app	Run npm run test:bundle	﻿2026-09-25T01:47:32.2068489Z ##[group]Run npm run test:bundle
Operator app	Run npm run test:bundle	2026-09-25T01:47:32.2068799Z ^[[36;1mnpm run test:bundle^[[0m
Operator app	Run npm run test:bundle	2026-09-25T01:47:32.2106073Z shell: /usr/bin/bash -e {0}
Operator app	Run npm run test:bundle	2026-09-25T01:47:32.2106346Z ##[endgroup]
Operator app	Run npm run test:bundle	2026-09-25T01:47:32.3050350Z 
Operator app	Run npm run test:bundle	2026-09-25T01:47:32.3051354Z > @rx/operator@0.1.0 test:bundle
Operator app	Run npm run test:bundle	2026-09-25T01:47:32.3052021Z > node --test tools/build-bundle.test.mjs
Operator app	Run npm run test:bundle	2026-09-25T01:47:32.3052413Z 
Operator app	Run npm run test:bundle	2026-09-25T01:47:32.4049606Z ✔ manifest is reproducible, ordered, exact-size and excludes itself (14.472997ms)
Operator app	Run npm run test:bundle	2026-09-25T01:47:32.4119259Z ✔ unlisted file types, reserved names and symlinks cannot enter a bundle (7.488879ms)
Operator app	Run npm run test:bundle	2026-09-25T01:47:32.4216098Z ✔ missing entry point and oversized files fail instead of producing a partial manifest (9.82396ms)
Operator app	Run npm run test:bundle	2026-09-25T01:47:32.4298460Z ℹ tests 3
Operator app	Run npm run test:bundle	2026-09-25T01:47:32.4298935Z ℹ suites 0
Operator app	Run npm run test:bundle	2026-09-25T01:47:32.4299562Z ℹ pass 3
Operator app	Run npm run test:bundle	2026-09-25T01:47:32.4299961Z ℹ fail 0
Operator app	Run npm run test:bundle	2026-09-25T01:47:32.4300406Z ℹ cancelled 0
Operator app	Run npm run test:bundle	2026-09-25T01:47:32.4300880Z ℹ skipped 0
Operator app	Run npm run test:bundle	2026-09-25T01:47:32.4301276Z ℹ todo 0
Operator app	Run npm run test:bundle	2026-09-25T01:47:32.4301826Z ℹ duration_ms 90.739989
Operator app	Run npm run build	﻿2026-09-25T01:47:32.4437850Z ##[group]Run npm run build
Operator app	Run npm run build	2026-09-25T01:47:32.4438138Z ^[[36;1mnpm run build^[[0m
Operator app	Run npm run build	2026-09-25T01:47:32.4474033Z shell: /usr/bin/bash -e {0}
Operator app	Run npm run build	2026-09-25T01:47:32.4474312Z ##[endgroup]
Operator app	Run npm run build	2026-09-25T01:47:32.5396106Z 
Operator app	Run npm run build	2026-09-25T01:47:32.5396759Z > @rx/operator@0.1.0 build
Operator app	Run npm run build	2026-09-25T01:47:32.5397869Z > tsc --noEmit && vite build && node tools/build-bundle.mjs dist
Operator app	Run npm run build	2026-09-25T01:47:32.5398318Z 
Operator app	Run npm run build	2026-09-25T01:47:36.8325735Z ^[[36mvite v8.2.2 ^[[32mbuilding client environment for production...^[[36m^[[39m
Operator app	Run npm run build	2026-09-25T01:47:36.8422396Z transforming...
Operator app	Run npm run build	2026-09-25T01:47:37.0278239Z ✓ 140 modules transformed.
Operator app	Run npm run build	2026-09-25T01:47:37.0679289Z rendering chunks...
Operator app	Run npm run build	2026-09-25T01:47:37.1663870Z computing gzip size...
Operator app	Run npm run build	2026-09-25T01:47:37.1747004Z dist/index.html                                                     0.45 kB │ gzip:   0.29 kB
Operator app	Run npm run build	2026-09-25T01:47:37.1748265Z dist/assets/ibm-plex-sans-kr-latin-ext-500-normal-BYGwY8Sr.woff     1.51 kB
Operator app	Run npm run build	2026-09-25T01:47:37.1749585Z dist/assets/ibm-plex-sans-kr-latin-ext-400-normal-BdSmf8qi.woff     1.51 kB
Operator app	Run npm run build	2026-09-25T01:47:37.1750764Z dist/assets/ibm-plex-sans-kr-latin-ext-600-normal-BIoLTTrT.woff     1.52 kB
Operator app	Run npm run build	2026-09-25T01:47:37.1751857Z dist/assets/ibm-plex-sans-kr-95-500-normal-yg9AsfDC.woff            1.76 kB
Operator app	Run npm run build	2026-09-25T01:47:37.1752920Z dist/assets/ibm-plex-sans-kr-95-600-normal-DiDFTR9Q.woff            1.77 kB
Operator app	Run npm run build	2026-09-25T01:47:37.1754002Z dist/assets/ibm-plex-sans-kr-95-400-normal-BR6ElHWu.woff            1.78 kB
Operator app	Run npm run build	2026-09-25T01:47:37.1755059Z dist/assets/ibm-plex-sans-kr-95-400-normal-CXzGt2L1.woff2           2.44 kB
Operator app	Run npm run build	2026-09-25T01:47:37.1756110Z dist/assets/ibm-plex-sans-kr-95-500-normal-CwbOeWyD.woff2           2.44 kB
Operator app	Run npm run build	2026-09-25T01:47:37.1757201Z dist/assets/ibm-plex-sans-kr-latin-ext-400-normal-C-1ywfZu.woff2    2.50 kB
Operator app	Run npm run build	2026-09-25T01:47:37.1758171Z dist/assets/ibm-plex-sans-kr-95-600-normal-CzslQFpy.woff2           2.51 kB
Operator app	Run npm run build	2026-09-25T01:47:37.1759040Z dist/assets/ibm-plex-sans-kr-latin-ext-600-normal-CwjUnNuf.woff2    2.54 kB
Operator app	Run npm run build	2026-09-25T01:47:37.1760150Z dist/assets/ibm-plex-sans-kr-latin-ext-500-normal-C8K5qbyi.woff2    2.56 kB
Operator app	Run npm run build	2026-09-25T01:47:37.1761245Z dist/assets/ibm-plex-sans-kr-65-400-normal-BLI3xZEh.woff            2.93 kB
Operator app	Run npm run build	2026-09-25T01:47:37.1762323Z dist/assets/ibm-plex-sans-kr-65-500-normal-DeZUxdRN.woff            2.95 kB
Operator app	Run npm run build	2026-09-25T01:47:37.1763422Z dist/assets/ibm-plex-sans-kr-65-600-normal-DVDtx_Xg.woff            2.96 kB
Operator app	Run npm run build	2026-09-25T01:47:37.1764530Z dist/assets/ibm-plex-sans-kr-65-400-normal-DnzyhmoU.woff2           3.93 kB
Operator app	Run npm run build	2026-09-25T01:47:37.1765639Z dist/assets/ibm-plex-sans-kr-99-400-normal-DKb2WQ2R.woff            3.93 kB
Operator app	Run npm run build	2026-09-25T01:47:37.1766768Z dist/assets/ibm-plex-sans-kr-99-500-normal-HPdjitvo.woff            3.98 kB
Operator app	Run npm run build	2026-09-25T01:47:37.1767778Z dist/assets/ibm-plex-sans-kr-99-600-normal-C-L_eISe.woff            4.03 kB
Operator app	Run npm run build	2026-09-25T01:47:37.1768854Z dist/assets/ibm-plex-sans-kr-65-500-normal-nL2tz1fq.woff2           4.05 kB
Operator app	Run npm run build	2026-09-25T01:47:37.1770044Z dist/assets/ibm-plex-sans-kr-65-600-normal-CuB_ApqX.woff2           4.12 kB
Operator app	Run npm run build	2026-09-25T01:47:37.1771136Z dist/assets/ibm-plex-sans-kr-96-600-normal-E6j9XpvP.woff            4.29 kB
Operator app	Run npm run build	2026-09-25T01:47:37.1772252Z dist/assets/ibm-plex-sans-kr-96-400-normal-m9r3xH18.woff            4.35 kB
Operator app	Run npm run build	2026-09-25T01:47:37.1773580Z dist/assets/ibm-plex-sans-kr-96-500-normal-DOFBEi4W.woff            4.36 kB
Operator app	Run npm run build	2026-09-25T01:47:37.1774713Z dist/assets/ibm-plex-sans-kr-96-600-normal-qnNrW3Df.woff2           4.60 kB
Operator app	Run npm run build	2026-09-25T01:47:37.1775840Z dist/assets/ibm-plex-sans-kr-96-400-normal-DqxPcneT.woff2           4.71 kB
Operator app	Run npm run build	2026-09-25T01:47:37.1776955Z dist/assets/ibm-plex-sans-kr-96-500-normal-BTbACruS.woff2           4.85 kB
Operator app	Run npm run build	2026-09-25T01:47:37.1777990Z dist/assets/ibm-plex-sans-kr-93-400-normal-5J6UR9CM.woff2           4.98 kB
Operator app	Run npm run build	2026-09-25T01:47:37.1779064Z dist/assets/ibm-plex-sans-kr-93-500-normal-CYfF4l4d.woff2           5.00 kB
Operator app	Run npm run build	2026-09-25T01:47:37.1780255Z dist/assets/ibm-plex-sans-kr-99-400-normal-COuj214s.woff2           5.04 kB
Operator app	Run npm run build	2026-09-25T01:47:37.1781355Z dist/assets/ibm-plex-sans-kr-99-500-normal-Dz27KSuo.woff2           5.11 kB
Operator app	Run npm run build	2026-09-25T01:47:37.1782859Z dist/assets/ibm-plex-sans-kr-93-600-normal-C3ObUrek.woff2           5.11 kB
Operator app	Run npm run build	2026-09-25T01:47:37.1783967Z dist/assets/ibm-plex-sans-kr-93-500-normal-Cdd0aOxJ.woff            5.15 kB
Operator app	Run npm run build	2026-09-25T01:47:37.1785095Z dist/assets/ibm-plex-sans-kr-93-400-normal-Cdi-IBra.woff            5.16 kB
Operator app	Run npm run build	2026-09-25T01:47:37.1786347Z dist/assets/ibm-plex-sans-kr-99-600-normal-j_ccRvHi.woff2           5.18 kB
Operator app	Run npm run build	2026-09-25T01:47:37.1787450Z dist/assets/ibm-plex-sans-kr-93-600-normal-4KzAAJzD.woff            5.28 kB
Operator app	Run npm run build	2026-09-25T01:47:37.1788493Z dist/assets/ibm-plex-sans-kr-101-600-normal-DOUVV8ig.woff           5.77 kB
Operator app	Run npm run build	2026-09-25T01:47:37.1791417Z dist/assets/ibm-plex-sans-kr-101-500-normal-Dt55yHJE.woff           5.79 kB
Operator app	Run npm run build	2026-09-25T01:47:37.1792578Z dist/assets/ibm-plex-sans-kr-0-400-normal-COdVePwF.woff2            5.84 kB
Operator app	Run npm run build	2026-09-25T01:47:37.1793709Z dist/assets/ibm-plex-sans-kr-0-500-normal-ZOw-Oe4Z.woff2            5.87 kB
Operator app	Run npm run build	2026-09-25T01:47:37.1794780Z dist/assets/ibm-plex-sans-kr-101-400-normal-DQN8MKOE.woff           5.87 kB
Operator app	Run npm run build	2026-09-25T01:47:37.1795887Z dist/assets/ibm-plex-sans-kr-98-400-normal-D-_zohjb.woff            5.96 kB
Operator app	Run npm run build	2026-09-25T01:47:37.1796936Z dist/assets/ibm-plex-sans-kr-100-600-normal-ZYmKSXu1.woff           5.97 kB
Operator app	Run npm run build	2026-09-25T01:47:37.1797993Z dist/assets/ibm-plex-sans-kr-0-600-normal-DuzcAQdo.woff2            5.98 kB
Operator app	Run npm run build	2026-09-25T01:47:37.1798949Z dist/assets/ibm-plex-sans-kr-98-500-normal-CtGPk__x.woff            5.98 kB
Operator app	Run npm run build	2026-09-25T01:47:37.1800097Z dist/assets/ibm-plex-sans-kr-98-600-normal-CizO16Ew.woff            6.01 kB
Operator app	Run npm run build	2026-09-25T01:47:37.1801094Z dist/assets/ibm-plex-sans-kr-100-500-normal-CYmhs-uc.woff           6.02 kB
Operator app	Run npm run build	2026-09-25T01:47:37.1802091Z dist/assets/ibm-plex-sans-kr-98-400-normal-CyxDRXqs.woff2           6.04 kB
Operator app	Run npm run build	2026-09-25T01:47:37.1803125Z dist/assets/ibm-plex-sans-kr-100-400-normal-BQdwTqgb.woff           6.07 kB
Operator app	Run npm run build	2026-09-25T01:47:37.1804151Z dist/assets/ibm-plex-sans-kr-0-500-normal-aGZllF0U.woff             6.16 kB
Operator app	Run npm run build	2026-09-25T01:47:37.1805150Z dist/assets/ibm-plex-sans-kr-0-400-normal-DEF_oZFa.woff             6.16 kB
Operator app	Run npm run build	2026-09-25T01:47:37.1806234Z dist/assets/ibm-plex-sans-kr-98-500-normal-PEz79xhx.woff2           6.17 kB
Operator app	Run npm run build	2026-09-25T01:47:37.1807250Z dist/assets/ibm-plex-sans-kr-0-600-normal-DLXpb0hq.woff             6.21 kB
Operator app	Run npm run build	2026-09-25T01:47:37.1808286Z dist/assets/ibm-plex-sans-kr-98-600-normal-D-SBD5Hk.woff2           6.22 kB
Operator app	Run npm run build	2026-09-25T01:47:37.1809456Z dist/assets/ibm-plex-sans-kr-97-400-normal-DOlHHts_.woff2           6.48 kB
Operator app	Run npm run build	2026-09-25T01:47:37.1810449Z dist/assets/ibm-plex-sans-kr-97-500-normal-C_F2h3q_.woff2           6.53 kB
Operator app	Run npm run build	2026-09-25T01:47:37.1811440Z dist/assets/ibm-plex-sans-kr-97-600-normal-CHxkMEAU.woff2           6.55 kB
Operator app	Run npm run build	2026-09-25T01:47:37.1812410Z dist/assets/ibm-plex-sans-kr-102-600-normal-BIIL4Btv.woff           6.69 kB
Operator app	Run npm run build	2026-09-25T01:47:37.1813254Z dist/assets/ibm-plex-sans-kr-102-500-normal-CW45f5lP.woff           6.73 kB
Operator app	Run npm run build	2026-09-25T01:47:37.1814114Z dist/assets/ibm-plex-sans-kr-97-400-normal-TWLDWHgL.woff            6.75 kB
Operator app	Run npm run build	2026-09-25T01:47:37.1814969Z dist/assets/ibm-plex-sans-kr-97-500-normal-BAgq0JpV.woff            6.77 kB
Operator app	Run npm run build	2026-09-25T01:47:37.1815845Z dist/assets/ibm-plex-sans-kr-97-600-normal-CXVo40nf.woff            6.78 kB
Operator app	Run npm run build	2026-09-25T01:47:37.1816693Z dist/assets/ibm-plex-sans-kr-102-400-normal-DHfan8x-.woff           6.81 kB
Operator app	Run npm run build	2026-09-25T01:47:37.1817722Z dist/assets/ibm-plex-sans-kr-104-500-normal-DA4R5HED.woff           7.06 kB
Operator app	Run npm run build	2026-09-25T01:47:37.1818684Z dist/assets/ibm-plex-sans-kr-104-600-normal-DbfrFOKo.woff           7.08 kB
Operator app	Run npm run build	2026-09-25T01:47:37.1819785Z dist/assets/ibm-plex-sans-kr-104-400-normal-kn3L8mkz.woff           7.09 kB
Operator app	Run npm run build	2026-09-25T01:47:37.1820733Z dist/assets/ibm-plex-sans-kr-103-600-normal-BKXxr4Vf.woff           7.30 kB
Operator app	Run npm run build	2026-09-25T01:47:37.1821559Z dist/assets/ibm-plex-sans-kr-103-500-normal-W1XFNDU3.woff           7.34 kB
Operator app	Run npm run build	2026-09-25T01:47:37.1822474Z dist/assets/ibm-plex-sans-kr-103-400-normal-BQNnzD7b.woff           7.48 kB
Operator app	Run npm run build	2026-09-25T01:47:37.1823394Z dist/assets/ibm-plex-sans-kr-105-600-normal-DU6215sy.woff           8.09 kB
Operator app	Run npm run build	2026-09-25T01:47:37.1824484Z dist/assets/ibm-plex-sans-kr-105-500-normal-DU0dswGg.woff           8.13 kB
Operator app	Run npm run build	2026-09-25T01:47:37.1825496Z dist/assets/ibm-plex-sans-kr-105-400-normal-D20hKn8x.woff           8.14 kB
Operator app	Run npm run build	2026-09-25T01:47:37.1826313Z dist/assets/ibm-plex-sans-kr-101-400-normal-CwhtzdGH.woff2          8.45 kB
Operator app	Run npm run build	2026-09-25T01:47:37.1827400Z dist/assets/ibm-plex-sans-kr-118-500-normal-CDUCZo4L.woff           8.48 kB
Operator app	Run npm run build	2026-09-25T01:47:37.1828430Z dist/assets/ibm-plex-sans-kr-118-400-normal-BvkVX0xm.woff           8.49 kB
Operator app	Run npm run build	2026-09-25T01:47:37.1829506Z dist/assets/ibm-plex-sans-kr-117-500-normal-CZylu9y6.woff           8.60 kB
Operator app	Run npm run build	2026-09-25T01:47:37.1830399Z dist/assets/ibm-plex-sans-kr-118-600-normal-BKNr8HaE.woff           8.61 kB
Operator app	Run npm run build	2026-09-25T01:47:37.1831295Z dist/assets/ibm-plex-sans-kr-106-600-normal-CIkK4pwL.woff           8.63 kB
Operator app	Run npm run build	2026-09-25T01:47:37.1832403Z dist/assets/ibm-plex-sans-kr-117-600-normal-BUVowAmE.woff           8.64 kB
Operator app	Run npm run build	2026-09-25T01:47:37.1833424Z dist/assets/ibm-plex-sans-kr-94-400-normal-CsJn1kPf.woff2           8.66 kB
Operator app	Run npm run build	2026-09-25T01:47:37.1834448Z dist/assets/ibm-plex-sans-kr-117-400-normal-CAkrqKEd.woff           8.67 kB
Operator app	Run npm run build	2026-09-25T01:47:37.1835275Z dist/assets/ibm-plex-sans-kr-106-500-normal-B9LKd6uR.woff           8.69 kB
Operator app	Run npm run build	2026-09-25T01:47:37.1836106Z dist/assets/ibm-plex-sans-kr-94-500-normal-DAIKdeR_.woff2           8.80 kB
Operator app	Run npm run build	2026-09-25T01:47:37.1836958Z dist/assets/ibm-plex-sans-kr-106-400-normal-DRimGseV.woff           8.81 kB
Operator app	Run npm run build	2026-09-25T01:47:37.1837825Z dist/assets/ibm-plex-sans-kr-94-600-normal-BqkCATJS.woff2           8.83 kB
Operator app	Run npm run build	2026-09-25T01:47:37.1838666Z dist/assets/ibm-plex-sans-kr-100-400-normal-3DeNbFry.woff2          8.89 kB
Operator app	Run npm run build	2026-09-25T01:47:37.1839608Z dist/assets/ibm-plex-sans-kr-101-600-normal-Cf7HWvBM.woff2          8.94 kB
Operator app	Run npm run build	2026-09-25T01:47:37.1840446Z dist/assets/ibm-plex-sans-kr-101-500-normal-D3ziJXl9.woff2          9.04 kB
Operator app	Run npm run build	2026-09-25T01:47:37.1841273Z dist/assets/ibm-plex-sans-kr-112-600-normal-lS3UdozO.woff           9.43 kB
Operator app	Run npm run build	2026-09-25T01:47:37.1842128Z dist/assets/ibm-plex-sans-kr-112-500-normal-CfQwtfnO.woff           9.48 kB
Operator app	Run npm run build	2026-09-25T01:47:37.1843006Z dist/assets/ibm-plex-sans-kr-115-500-normal-iyItw9QE.woff           9.52 kB
Operator app	Run npm run build	2026-09-25T01:47:37.1843866Z dist/assets/ibm-plex-sans-kr-116-500-normal-CLkvTRzN.woff           9.57 kB
Operator app	Run npm run build	2026-09-25T01:47:37.1844740Z dist/assets/ibm-plex-sans-kr-112-400-normal-B8TcbMdb.woff           9.60 kB
Operator app	Run npm run build	2026-09-25T01:47:37.1845622Z dist/assets/ibm-plex-sans-kr-116-600-normal-2NuQXMn5.woff           9.61 kB
Operator app	Run npm run build	2026-09-25T01:47:37.1846502Z dist/assets/ibm-plex-sans-kr-94-400-normal-CLS33fqM.woff            9.62 kB
Operator app	Run npm run build	2026-09-25T01:47:37.1847436Z dist/assets/ibm-plex-sans-kr-115-600-normal-c6nUiZEv.woff           9.62 kB
Operator app	Run npm run build	2026-09-25T01:47:37.1848301Z dist/assets/ibm-plex-sans-kr-115-400-normal-CM7tVCiU.woff           9.63 kB
Operator app	Run npm run build	2026-09-25T01:47:37.1849226Z dist/assets/ibm-plex-sans-kr-100-600-normal-CcI0wmDd.woff2          9.64 kB
Operator app	Run npm run build	2026-09-25T01:47:37.1850215Z dist/assets/ibm-plex-sans-kr-116-400-normal-BCjvaIwI.woff           9.66 kB
Operator app	Run npm run build	2026-09-25T01:47:37.1851092Z dist/assets/ibm-plex-sans-kr-102-400-normal-BC0mCFX2.woff2          9.67 kB
Operator app	Run npm run build	2026-09-25T01:47:37.1851978Z dist/assets/ibm-plex-sans-kr-107-600-normal-IB6GFZTf.woff           9.67 kB
Operator app	Run npm run build	2026-09-25T01:47:37.1852910Z dist/assets/ibm-plex-sans-kr-108-600-normal-C5FnASlc.woff           9.67 kB
Operator app	Run npm run build	2026-09-25T01:47:37.1853758Z dist/assets/ibm-plex-sans-kr-94-500-normal-sf6j_mxe.woff            9.72 kB
Operator app	Run npm run build	2026-09-25T01:47:37.1854759Z dist/assets/ibm-plex-sans-kr-107-500-normal-B8C6z9mf.woff           9.75 kB
Operator app	Run npm run build	2026-09-25T01:47:37.1855872Z dist/assets/ibm-plex-sans-kr-94-600-normal-DGs8D_d9.woff            9.76 kB
Operator app	Run npm run build	2026-09-25T01:47:37.1856993Z dist/assets/ibm-plex-sans-kr-108-500-normal-CAKLebRT.woff           9.78 kB
Operator app	Run npm run build	2026-09-25T01:47:37.1858131Z dist/assets/ibm-plex-sans-kr-38-600-normal-Dln3mVPi.woff            9.80 kB
Operator app	Run npm run build	2026-09-25T01:47:37.1859275Z dist/assets/ibm-plex-sans-kr-108-400-normal-D7nsD7Wm.woff           9.81 kB
Operator app	Run npm run build	2026-09-25T01:47:37.1860556Z dist/assets/ibm-plex-sans-kr-113-600-normal-C_RUWM8I.woff           9.82 kB
Operator app	Run npm run build	2026-09-25T01:47:37.1861849Z dist/assets/ibm-plex-sans-kr-107-400-normal-9_m442uC.woff           9.82 kB
Operator app	Run npm run build	2026-09-25T01:47:37.1862998Z dist/assets/ibm-plex-sans-kr-114-500-normal-DwbHpjAF.woff           9.83 kB
Operator app	Run npm run build	2026-09-25T01:47:37.1955051Z dist/assets/ibm-plex-sans-kr-114-600-normal-BKj6RBZ7.woff           9.88 kB
Operator app	Run npm run build	2026-09-25T01:47:37.1956056Z dist/assets/ibm-plex-sans-kr-113-400-normal-DlThbTsi.woff           9.88 kB
Operator app	Run npm run build	2026-09-25T01:47:37.1956743Z dist/assets/ibm-plex-sans-kr-113-500-normal-DYUtiDlk.woff           9.88 kB
Operator app	Run npm run build	2026-09-25T01:47:37.1957401Z dist/assets/ibm-plex-sans-kr-38-500-normal-DPBjbA25.woff            9.89 kB
Operator app	Run npm run build	2026-09-25T01:47:37.1958012Z dist/assets/ibm-plex-sans-kr-38-400-normal-B4UIE9Zj.woff            9.93 kB
Operator app	Run npm run build	2026-09-25T01:47:37.1958638Z dist/assets/ibm-plex-sans-kr-110-500-normal-BNbXS7l_.woff           9.94 kB
Operator app	Run npm run build	2026-09-25T01:47:37.1959216Z dist/assets/ibm-plex-sans-kr-110-600-normal-ReaqIn5m.woff           9.95 kB
Operator app	Run npm run build	2026-09-25T01:47:37.1960007Z dist/assets/ibm-plex-sans-kr-114-400-normal-5bMSGSar.woff           9.97 kB
Operator app	Run npm run build	2026-09-25T01:47:37.1960616Z dist/assets/ibm-plex-sans-kr-100-500-normal-DRrgX_RY.woff2          9.99 kB
Operator app	Run npm run build	2026-09-25T01:47:37.1961316Z dist/assets/ibm-plex-sans-kr-111-500-normal-yMGVhWWr.woff          10.03 kB
Operator app	Run npm run build	2026-09-25T01:47:37.1961963Z dist/assets/ibm-plex-sans-kr-41-400-normal-Ce6_8B6O.woff           10.03 kB
Operator app	Run npm run build	2026-09-25T01:47:37.1962523Z dist/assets/ibm-plex-sans-kr-11-500-normal-BuJhjvIH.woff           10.04 kB
Operator app	Run npm run build	2026-09-25T01:47:37.1963108Z dist/assets/ibm-plex-sans-kr-110-400-normal-D259vsJ_.woff          10.04 kB
Operator app	Run npm run build	2026-09-25T01:47:37.1963645Z dist/assets/ibm-plex-sans-kr-111-600-normal-2DkYfPPb.woff          10.04 kB
Operator app	Run npm run build	2026-09-25T01:47:37.1964181Z dist/assets/ibm-plex-sans-kr-41-500-normal-DiLp_0kR.woff           10.05 kB
Operator app	Run npm run build	2026-09-25T01:47:37.1964731Z dist/assets/ibm-plex-sans-kr-109-600-normal-CG9-PeCF.woff          10.08 kB
Operator app	Run npm run build	2026-09-25T01:47:37.1965312Z dist/assets/ibm-plex-sans-kr-109-500-normal-BnWOOl51.woff          10.13 kB
Operator app	Run npm run build	2026-09-25T01:47:37.1966030Z dist/assets/ibm-plex-sans-kr-111-400-normal-BqppHOeA.woff          10.14 kB
Operator app	Run npm run build	2026-09-25T01:47:37.1967003Z dist/assets/ibm-plex-sans-kr-109-400-normal-Ch-uxywT.woff          10.19 kB
Operator app	Run npm run build	2026-09-25T01:47:37.1967738Z dist/assets/ibm-plex-sans-kr-11-400-normal-CN_UQa3U.woff           10.20 kB
Operator app	Run npm run build	2026-09-25T01:47:37.1968278Z dist/assets/ibm-plex-sans-kr-104-400-normal-BrHR60F5.woff2         10.20 kB
Operator app	Run npm run build	2026-09-25T01:47:37.1968826Z dist/assets/ibm-plex-sans-kr-102-500-normal-BmX3x0t4.woff2         10.27 kB
Operator app	Run npm run build	2026-09-25T01:47:37.1969506Z dist/assets/ibm-plex-sans-kr-41-600-normal-Df3Wep6L.woff           10.28 kB
Operator app	Run npm run build	2026-09-25T01:47:37.1970122Z dist/assets/ibm-plex-sans-kr-102-600-normal-CN8RaHGd.woff2         10.28 kB
Operator app	Run npm run build	2026-09-25T01:47:37.1970666Z dist/assets/ibm-plex-sans-kr-11-600-normal-BUarw7E5.woff           10.28 kB
Operator app	Run npm run build	2026-09-25T01:47:37.1971227Z dist/assets/ibm-plex-sans-kr-64-500-normal-CdK6D4vh.woff           10.50 kB
Operator app	Run npm run build	2026-09-25T01:47:37.1971766Z dist/assets/ibm-plex-sans-kr-38-400-normal-CLr3K58D.woff2          10.53 kB
Operator app	Run npm run build	2026-09-25T01:47:37.1972324Z dist/assets/ibm-plex-sans-kr-64-400-normal-DhttFBeF.woff           10.53 kB
Operator app	Run npm run build	2026-09-25T01:47:37.1972871Z dist/assets/ibm-plex-sans-kr-11-400-normal-DY57wkwV.woff2          10.54 kB
Operator app	Run npm run build	2026-09-25T01:47:37.1973415Z dist/assets/ibm-plex-sans-kr-2-600-normal-BBWiOGe2.woff            10.56 kB
Operator app	Run npm run build	2026-09-25T01:47:37.1973971Z dist/assets/ibm-plex-sans-kr-2-500-normal-CSqMQxgI.woff            10.65 kB
Operator app	Run npm run build	2026-09-25T01:47:37.1974515Z dist/assets/ibm-plex-sans-kr-8-600-normal-BJjl00Le.woff            10.66 kB
Operator app	Run npm run build	2026-09-25T01:47:37.1975055Z dist/assets/ibm-plex-sans-kr-8-500-normal-BSA0Y_vv.woff            10.71 kB
Operator app	Run npm run build	2026-09-25T01:47:37.1975614Z dist/assets/ibm-plex-sans-kr-103-400-normal-CYHfi_5o.woff2         10.72 kB
Operator app	Run npm run build	2026-09-25T01:47:37.1976167Z dist/assets/ibm-plex-sans-kr-2-400-normal-ZCEqhetZ.woff            10.73 kB
Operator app	Run npm run build	2026-09-25T01:47:37.1976711Z dist/assets/ibm-plex-sans-kr-41-400-normal-THO3jy3s.woff2          10.73 kB
Operator app	Run npm run build	2026-09-25T01:47:37.1977256Z dist/assets/ibm-plex-sans-kr-11-600-normal-Ds-mjTNk.woff2          10.74 kB
Operator app	Run npm run build	2026-09-25T01:47:37.1978165Z dist/assets/ibm-plex-sans-kr-38-600-normal-Uy8tuoQH.woff2          10.78 kB
Operator app	Run npm run build	2026-09-25T01:47:37.1978765Z dist/assets/ibm-plex-sans-kr-8-400-normal-BmMhoS32.woff2           10.80 kB
Operator app	Run npm run build	2026-09-25T01:47:37.1979672Z dist/assets/ibm-plex-sans-kr-64-400-normal-BoOvEFVR.woff2          10.86 kB
Operator app	Run npm run build	2026-09-25T01:47:37.1980411Z dist/assets/ibm-plex-sans-kr-8-400-normal-Ci0W5IWz.woff            10.86 kB
Operator app	Run npm run build	2026-09-25T01:47:37.1980952Z dist/assets/ibm-plex-sans-kr-11-500-normal-dR3lXot0.woff2          10.92 kB
Operator app	Run npm run build	2026-09-25T01:47:37.1981501Z dist/assets/ibm-plex-sans-kr-38-500-normal-KdQq52D1.woff2          10.92 kB
Operator app	Run npm run build	2026-09-25T01:47:37.1982037Z dist/assets/ibm-plex-sans-kr-8-600-normal-B0rxBWNc.woff2           10.93 kB
Operator app	Run npm run build	2026-09-25T01:47:37.1982570Z dist/assets/ibm-plex-sans-kr-44-400-normal-BPQ_BGOm.woff           10.96 kB
Operator app	Run npm run build	2026-09-25T01:47:37.1983117Z dist/assets/ibm-plex-sans-kr-44-500-normal-CKASaSWW.woff           11.00 kB
Operator app	Run npm run build	2026-09-25T01:47:37.1983652Z dist/assets/ibm-plex-sans-kr-64-600-normal-DnHS-nmP.woff           11.02 kB
Operator app	Run npm run build	2026-09-25T01:47:37.1984187Z dist/assets/ibm-plex-sans-kr-48-500-normal-BFJwbsKF.woff           11.03 kB
Operator app	Run npm run build	2026-09-25T01:47:37.1984734Z dist/assets/ibm-plex-sans-kr-61-400-normal-Ci1tC2DE.woff           11.08 kB
Operator app	Run npm run build	2026-09-25T01:47:37.1985266Z dist/assets/ibm-plex-sans-kr-44-400-normal-BvoXxhh-.woff2          11.13 kB
Operator app	Run npm run build	2026-09-25T01:47:37.1985807Z dist/assets/ibm-plex-sans-kr-48-400-normal-5VJWa5C8.woff           11.14 kB
Operator app	Run npm run build	2026-09-25T01:47:37.1986350Z dist/assets/ibm-plex-sans-kr-104-500-normal-DHbM5qs4.woff2         11.15 kB
Operator app	Run npm run build	2026-09-25T01:47:37.1986880Z dist/assets/ibm-plex-sans-kr-10-500-normal-4KY48fu0.woff           11.17 kB
Operator app	Run npm run build	2026-09-25T01:47:37.1987421Z dist/assets/ibm-plex-sans-kr-2-400-normal-CnxhIj-f.woff2           11.17 kB
Operator app	Run npm run build	2026-09-25T01:47:37.1987966Z dist/assets/ibm-plex-sans-kr-51-500-normal-kawlUwcv.woff           11.17 kB
Operator app	Run npm run build	2026-09-25T01:47:37.1988503Z dist/assets/ibm-plex-sans-kr-58-400-normal-i71EDyfV.woff2          11.17 kB
Operator app	Run npm run build	2026-09-25T01:47:37.1989037Z dist/assets/ibm-plex-sans-kr-51-600-normal-DCKOx3do.woff           11.18 kB
Operator app	Run npm run build	2026-09-25T01:47:37.1989930Z dist/assets/ibm-plex-sans-kr-48-600-normal-DAbbVYEi.woff           11.19 kB
Operator app	Run npm run build	2026-09-25T01:47:37.1990628Z dist/assets/ibm-plex-sans-kr-58-400-normal-DqIzdKrV.woff           11.20 kB
Operator app	Run npm run build	2026-09-25T01:47:37.1991338Z dist/assets/ibm-plex-sans-kr-104-600-normal-DHHBh9NH.woff2         11.24 kB
Operator app	Run npm run build	2026-09-25T01:47:37.1991901Z dist/assets/ibm-plex-sans-kr-58-500-normal-D5AnMdIq.woff           11.27 kB
Operator app	Run npm run build	2026-09-25T01:47:37.1992439Z dist/assets/ibm-plex-sans-kr-61-500-normal-BWi6Ha-w.woff           11.27 kB
Operator app	Run npm run build	2026-09-25T01:47:37.1992972Z dist/assets/ibm-plex-sans-kr-8-500-normal-UU4QCA8B.woff2           11.27 kB
Operator app	Run npm run build	2026-09-25T01:47:37.1993518Z dist/assets/ibm-plex-sans-kr-10-600-normal-DIq7Gv9V.woff           11.28 kB
Operator app	Run npm run build	2026-09-25T01:47:37.1994054Z dist/assets/ibm-plex-sans-kr-48-400-normal-CBCdCJJN.woff2          11.30 kB
Operator app	Run npm run build	2026-09-25T01:47:37.1994588Z dist/assets/ibm-plex-sans-kr-61-600-normal-BZxjTCO5.woff           11.30 kB
Operator app	Run npm run build	2026-09-25T01:47:37.1995133Z dist/assets/ibm-plex-sans-kr-10-400-normal-BOnpTeYv.woff2          11.31 kB
Operator app	Run npm run build	2026-09-25T01:47:37.1995672Z dist/assets/ibm-plex-sans-kr-44-600-normal-B1vhjtxY.woff           11.31 kB
Operator app	Run npm run build	2026-09-25T01:47:37.1996212Z dist/assets/ibm-plex-sans-kr-58-600-normal-Bpgq8MX2.woff           11.32 kB
Operator app	Run npm run build	2026-09-25T01:47:37.1996766Z dist/assets/ibm-plex-sans-kr-10-400-normal-CRn7_mZz.woff           11.33 kB
Operator app	Run npm run build	2026-09-25T01:47:37.1997293Z dist/assets/ibm-plex-sans-kr-51-400-normal-Nb_ATV55.woff           11.33 kB
Operator app	Run npm run build	2026-09-25T01:47:37.1997837Z dist/assets/ibm-plex-sans-kr-51-400-normal-CI8zKOiq.woff2          11.41 kB
Operator app	Run npm run build	2026-09-25T01:47:37.1998479Z dist/assets/ibm-plex-sans-kr-103-600-normal-8oNp3a_g.woff2         11.43 kB
Operator app	Run npm run build	2026-09-25T01:47:37.1999275Z dist/assets/ibm-plex-sans-kr-41-500-normal-CoKUeK1m.woff2          11.43 kB
Operator app	Run npm run build	2026-09-25T01:47:37.2012477Z dist/assets/ibm-plex-sans-kr-41-600-normal-Ck2K5Ulf.woff2          11.46 kB
Operator app	Run npm run build	2026-09-25T01:47:37.2013170Z dist/assets/ibm-plex-sans-kr-53-400-normal-uFBOSatZ.woff2          11.52 kB
Operator app	Run npm run build	2026-09-25T01:47:37.2014123Z dist/assets/ibm-plex-sans-kr-51-600-normal-D1q9iZG9.woff2          11.54 kB
Operator app	Run npm run build	2026-09-25T01:47:37.2014712Z dist/assets/ibm-plex-sans-kr-45-600-normal-D74kcLg1.woff           11.56 kB
Operator app	Run npm run build	2026-09-25T01:47:37.2015277Z dist/assets/ibm-plex-sans-kr-55-400-normal-DACpgdpL.woff           11.57 kB
Operator app	Run npm run build	2026-09-25T01:47:37.2015923Z dist/assets/ibm-plex-sans-kr-10-500-normal-ycH3xAAg.woff2          11.60 kB
Operator app	Run npm run build	2026-09-25T01:47:37.2016519Z dist/assets/ibm-plex-sans-kr-58-600-normal-Bqgrv0lo.woff2          11.60 kB
Operator app	Run npm run build	2026-09-25T01:47:37.2017411Z dist/assets/ibm-plex-sans-kr-103-500-normal-2RWRnHUp.woff2         11.62 kB
Operator app	Run npm run build	2026-09-25T01:47:37.2018031Z dist/assets/ibm-plex-sans-kr-45-400-normal-BN1x-JCl.woff           11.63 kB
Operator app	Run npm run build	2026-09-25T01:47:37.2018578Z dist/assets/ibm-plex-sans-kr-45-500-normal-CSR2L3Yg.woff           11.63 kB
Operator app	Run npm run build	2026-09-25T01:47:37.2019115Z dist/assets/ibm-plex-sans-kr-64-500-normal-CgK0jDrR.woff2          11.64 kB
Operator app	Run npm run build	2026-09-25T01:47:37.2019793Z dist/assets/ibm-plex-sans-kr-55-600-normal-CNKcN-Ig.woff           11.65 kB
Operator app	Run npm run build	2026-09-25T01:47:37.2020354Z dist/assets/ibm-plex-sans-kr-55-500-normal-Bk4ZO-Yx.woff           11.66 kB
Operator app	Run npm run build	2026-09-25T01:47:37.2020896Z dist/assets/ibm-plex-sans-kr-48-600-normal-QEQJ2vNg.woff2          11.68 kB
Operator app	Run npm run build	2026-09-25T01:47:37.2021437Z dist/assets/ibm-plex-sans-kr-119-400-normal-BVAYXEqw.woff          11.68 kB
Operator app	Run npm run build	2026-09-25T01:47:37.2022272Z dist/assets/ibm-plex-sans-kr-50-400-normal-wVEmJJbn.woff2          11.68 kB
Operator app	Run npm run build	2026-09-25T01:47:37.2022817Z dist/assets/ibm-plex-sans-kr-105-400-normal-BY6JiZG_.woff2         11.71 kB
Operator app	Run npm run build	2026-09-25T01:47:37.2023352Z dist/assets/ibm-plex-sans-kr-25-400-normal-CSCHltyB.woff           11.71 kB
Operator app	Run npm run build	2026-09-25T01:47:37.2023896Z dist/assets/ibm-plex-sans-kr-45-400-normal-DMKz6H_F.woff2          11.72 kB
Operator app	Run npm run build	2026-09-25T01:47:37.2024486Z dist/assets/ibm-plex-sans-kr-51-500-normal-B3Qlfb5-.woff2          11.72 kB
Operator app	Run npm run build	2026-09-25T01:47:37.2025071Z dist/assets/ibm-plex-sans-kr-44-500-normal-CnrBiW8T.woff2          11.75 kB
Operator app	Run npm run build	2026-09-25T01:47:37.2025625Z dist/assets/ibm-plex-sans-kr-2-500-normal-CCn-pwD2.woff2           11.75 kB
Operator app	Run npm run build	2026-09-25T01:47:37.2031414Z dist/assets/ibm-plex-sans-kr-61-400-normal-DnyFjM_B.woff2          11.76 kB
Operator app	Run npm run build	2026-09-25T01:47:37.2032395Z dist/assets/ibm-plex-sans-kr-25-500-normal-DAuTWcSe.woff           11.78 kB
Operator app	Run npm run build	2026-09-25T01:47:37.2032992Z dist/assets/ibm-plex-sans-kr-25-600-normal-ClJ2q6nT.woff           11.79 kB
Operator app	Run npm run build	2026-09-25T01:47:37.2033542Z dist/assets/ibm-plex-sans-kr-47-500-normal-BWfN8bqy.woff           11.79 kB
Operator app	Run npm run build	2026-09-25T01:47:37.2034081Z dist/assets/ibm-plex-sans-kr-53-600-normal-3e73VLox.woff2          11.81 kB
Operator app	Run npm run build	2026-09-25T01:47:37.2034639Z dist/assets/ibm-plex-sans-kr-18-400-normal-Bs1zlN0G.woff2          11.81 kB
Operator app	Run npm run build	2026-09-25T01:47:37.2035176Z dist/assets/ibm-plex-sans-kr-54-400-normal-DShvO3nx.woff           11.82 kB
Operator app	Run npm run build	2026-09-25T01:47:37.2035709Z dist/assets/ibm-plex-sans-kr-44-600-normal-B1scqjS5.woff2          11.82 kB
Operator app	Run npm run build	2026-09-25T01:47:37.2036248Z dist/assets/ibm-plex-sans-kr-54-600-normal-HSAnxCQg.woff           11.83 kB
Operator app	Run npm run build	2026-09-25T01:47:37.2036782Z dist/assets/ibm-plex-sans-kr-58-500-normal-BFNTZIBF.woff2          11.85 kB
Operator app	Run npm run build	2026-09-25T01:47:37.2037327Z dist/assets/ibm-plex-sans-kr-54-500-normal-DjX9ImWQ.woff           11.86 kB
Operator app	Run npm run build	2026-09-25T01:47:37.2038266Z dist/assets/ibm-plex-sans-kr-50-400-normal-DSyr09Pi.woff           11.86 kB
Operator app	Run npm run build	2026-09-25T01:47:37.2038822Z dist/assets/ibm-plex-sans-kr-48-500-normal-B2EKWItw.woff2          11.87 kB
Operator app	Run npm run build	2026-09-25T01:47:37.2039950Z dist/assets/ibm-plex-sans-kr-15-400-normal-CBiEIaz5.woff2          11.88 kB
Operator app	Run npm run build	2026-09-25T01:47:37.2040521Z dist/assets/ibm-plex-sans-kr-18-500-normal-CNuq5r-l.woff           11.88 kB
Operator app	Run npm run build	2026-09-25T01:47:37.2041054Z dist/assets/ibm-plex-sans-kr-47-600-normal-CxMB4f1K.woff           11.88 kB
Operator app	Run npm run build	2026-09-25T01:47:37.2041595Z dist/assets/ibm-plex-sans-kr-40-500-normal-BuazCxCP.woff           11.90 kB
Operator app	Run npm run build	2026-09-25T01:47:37.2042155Z dist/assets/ibm-plex-sans-kr-55-400-normal-BIBVbLNo.woff2          11.90 kB
Operator app	Run npm run build	2026-09-25T01:47:37.2043115Z dist/assets/ibm-plex-sans-kr-36-400-normal-BT6SwwtR.woff2          11.91 kB
Operator app	Run npm run build	2026-09-25T01:47:37.2043829Z dist/assets/ibm-plex-sans-kr-56-400-normal-D6a133Nk.woff           11.91 kB
Operator app	Run npm run build	2026-09-25T01:47:37.2044380Z dist/assets/ibm-plex-sans-kr-56-400-normal-E_0UP4jm.woff2          11.93 kB
Operator app	Run npm run build	2026-09-25T01:47:37.2044919Z dist/assets/ibm-plex-sans-kr-118-400-normal-CPvF_U24.woff2         11.93 kB
Operator app	Run npm run build	2026-09-25T01:47:37.2045527Z dist/assets/ibm-plex-sans-kr-6-400-normal-CTPxjOYB.woff2           11.93 kB
Operator app	Run npm run build	2026-09-25T01:47:37.2046075Z dist/assets/ibm-plex-sans-kr-47-400-normal-BHD-6hCF.woff           11.94 kB
Operator app	Run npm run build	2026-09-25T01:47:37.2046606Z dist/assets/ibm-plex-sans-kr-50-500-normal-Bxw81ACJ.woff           11.97 kB
Operator app	Run npm run build	2026-09-25T01:47:37.2047487Z dist/assets/ibm-plex-sans-kr-53-500-normal-Cf9lqm0Z.woff           11.97 kB
Operator app	Run npm run build	2026-09-25T01:47:37.2048043Z dist/assets/ibm-plex-sans-kr-56-500-normal-BxiWtQ63.woff           11.98 kB
Operator app	Run npm run build	2026-09-25T01:47:37.2048580Z dist/assets/ibm-plex-sans-kr-53-400-normal-BPlmQmyN.woff           12.00 kB
Operator app	Run npm run build	2026-09-25T01:47:37.2049148Z dist/assets/ibm-plex-sans-kr-15-400-normal-D-mZ9inR.woff           12.00 kB
Operator app	Run npm run build	2026-09-25T01:47:37.2050041Z dist/assets/ibm-plex-sans-kr-18-600-normal-C0tjZHt0.woff           12.00 kB
Operator app	Run npm run build	2026-09-25T01:47:37.2050585Z dist/assets/ibm-plex-sans-kr-53-600-normal-CHFWjDbo.woff           12.00 kB
Operator app	Run npm run build	2026-09-25T01:47:37.2051113Z dist/assets/ibm-plex-sans-kr-6-400-normal-AY_mybA2.woff            12.02 kB
Operator app	Run npm run build	2026-09-25T01:47:37.2051655Z dist/assets/ibm-plex-sans-kr-40-600-normal-D79iYZbh.woff           12.02 kB
Operator app	Run npm run build	2026-09-25T01:47:37.2052192Z dist/assets/ibm-plex-sans-kr-64-600-normal-DdDi5wpQ.woff2          12.03 kB
Operator app	Run npm run build	2026-09-25T01:47:37.2053137Z dist/assets/ibm-plex-sans-kr-46-400-normal-K8yMYku4.woff           12.04 kB
Operator app	Run npm run build	2026-09-25T01:47:37.2053693Z dist/assets/ibm-plex-sans-kr-18-400-normal-BTtbRNyU.woff           12.04 kB
Operator app	Run npm run build	2026-09-25T01:47:37.2054236Z dist/assets/ibm-plex-sans-kr-50-600-normal-DwlyYo3O.woff           12.04 kB
Operator app	Run npm run build	2026-09-25T01:47:37.2054780Z dist/assets/ibm-plex-sans-kr-40-400-normal-BJCaISym.woff           12.05 kB
Operator app	Run npm run build	2026-09-25T01:47:37.2055321Z dist/assets/ibm-plex-sans-kr-46-600-normal-Yu7W5Ur_.woff           12.06 kB
Operator app	Run npm run build	2026-09-25T01:47:37.2055862Z dist/assets/ibm-plex-sans-kr-47-400-normal-DapCxPvn.woff2          12.06 kB
Operator app	Run npm run build	2026-09-25T01:47:37.2056402Z dist/assets/ibm-plex-sans-kr-6-600-normal-oGadQOpD.woff            12.06 kB
Operator app	Run npm run build	2026-09-25T01:47:37.2056950Z dist/assets/ibm-plex-sans-kr-46-500-normal-7ktFSJad.woff           12.07 kB
Operator app	Run npm run build	2026-09-25T01:47:37.2057795Z dist/assets/ibm-plex-sans-kr-15-600-normal-Dl-orC8M.woff           12.08 kB
Operator app	Run npm run build	2026-09-25T01:47:37.2058344Z dist/assets/ibm-plex-sans-kr-53-500-normal-CTkqgr8Q.woff2          12.08 kB
Operator app	Run npm run build	2026-09-25T01:47:37.2058874Z dist/assets/ibm-plex-sans-kr-2-600-normal-i3phtpOA.woff2           12.09 kB
Operator app	Run npm run build	2026-09-25T01:47:37.2059570Z dist/assets/ibm-plex-sans-kr-54-400-normal-B_JBM8HP.woff2          12.09 kB
Operator app	Run npm run build	2026-09-25T01:47:37.2060116Z dist/assets/ibm-plex-sans-kr-61-500-normal-BHfyY8C5.woff2          12.09 kB
Operator app	Run npm run build	2026-09-25T01:47:37.2060657Z dist/assets/ibm-plex-sans-kr-10-600-normal-BAjKvcG-.woff2          12.12 kB
Operator app	Run npm run build	2026-09-25T01:47:37.2061193Z dist/assets/ibm-plex-sans-kr-15-500-normal-BJiRyHxF.woff           12.13 kB
Operator app	Run npm run build	2026-09-25T01:47:37.2061740Z dist/assets/ibm-plex-sans-kr-50-600-normal-CNwgbPME.woff2          12.13 kB
Operator app	Run npm run build	2026-09-25T01:47:37.2062598Z dist/assets/ibm-plex-sans-kr-56-600-normal-hzikha37.woff           12.13 kB
Operator app	Run npm run build	2026-09-25T01:47:37.2063152Z dist/assets/ibm-plex-sans-kr-57-600-normal-BR6Du0PQ.woff           12.14 kB
Operator app	Run npm run build	2026-09-25T01:47:37.2063687Z dist/assets/ibm-plex-sans-kr-6-500-normal-Dke2b5Bz.woff            12.15 kB
Operator app	Run npm run build	2026-09-25T01:47:37.2064328Z dist/assets/ibm-plex-sans-kr-36-500-normal-B1iFWDLF.woff2          12.17 kB
Operator app	Run npm run build	2026-09-25T01:47:37.2064874Z dist/assets/ibm-plex-sans-kr-57-500-normal-BtBoxULz.woff           12.17 kB
Operator app	Run npm run build	2026-09-25T01:47:37.2065417Z dist/assets/ibm-plex-sans-kr-5-600-normal-vSSmYEgt.woff            12.18 kB
Operator app	Run npm run build	2026-09-25T01:47:37.2065947Z dist/assets/ibm-plex-sans-kr-52-500-normal-CBaFAE5p.woff           12.18 kB
Operator app	Run npm run build	2026-09-25T01:47:37.2066473Z dist/assets/ibm-plex-sans-kr-57-400-normal-CBQftTJt.woff           12.18 kB
Operator app	Run npm run build	2026-09-25T01:47:37.2067593Z dist/assets/ibm-plex-sans-kr-52-400-normal-DgbfUacv.woff           12.20 kB
Operator app	Run npm run build	2026-09-25T01:47:37.2068138Z dist/assets/ibm-plex-sans-kr-25-400-normal-C5hUXC4y.woff2          12.20 kB
Operator app	Run npm run build	2026-09-25T01:47:37.2068672Z dist/assets/ibm-plex-sans-kr-18-500-normal-BWeF5dyd.woff2          12.24 kB
Operator app	Run npm run build	2026-09-25T01:47:37.2069468Z dist/assets/ibm-plex-sans-kr-36-600-normal-kFFPHZH9.woff2          12.24 kB
Operator app	Run npm run build	2026-09-25T01:47:37.2070104Z dist/assets/ibm-plex-sans-kr-61-600-normal-ChG7s6jj.woff2          12.24 kB
Operator app	Run npm run build	2026-09-25T01:47:37.2070637Z dist/assets/ibm-plex-sans-kr-50-500-normal-B90Dmlwo.woff2          12.25 kB
Operator app	Run npm run build	2026-09-25T01:47:37.2071180Z dist/assets/ibm-plex-sans-kr-28-500-normal-BspvdxR3.woff           12.27 kB
Operator app	Run npm run build	2026-09-25T01:47:37.2071716Z dist/assets/ibm-plex-sans-kr-28-400-normal-DNnelfuN.woff           12.29 kB
Operator app	Run npm run build	2026-09-25T01:47:37.2072858Z dist/assets/ibm-plex-sans-kr-42-600-normal-BIw3yp_o.woff           12.29 kB
Operator app	Run npm run build	2026-09-25T01:47:37.2073405Z dist/assets/ibm-plex-sans-kr-43-500-normal-B_MM_0i3.woff           12.29 kB
Operator app	Run npm run build	2026-09-25T01:47:37.2073942Z dist/assets/ibm-plex-sans-kr-5-500-normal-L-1Rm88n.woff            12.30 kB
Operator app	Run npm run build	2026-09-25T01:47:37.2074605Z dist/assets/ibm-plex-sans-kr-42-500-normal-Y6rzavLQ.woff           12.30 kB
Operator app	Run npm run build	2026-09-25T01:47:37.2075187Z dist/assets/ibm-plex-sans-kr-52-600-normal-DpEHO2lx.woff           12.31 kB
Operator app	Run npm run build	2026-09-25T01:47:37.2075778Z dist/assets/ibm-plex-sans-kr-47-500-normal-CJrfuNV6.woff2          12.32 kB
Operator app	Run npm run build	2026-09-25T01:47:37.2076401Z dist/assets/ibm-plex-sans-kr-43-400-normal-rklqUmDh.woff           12.33 kB
Operator app	Run npm run build	2026-09-25T01:47:37.2077321Z dist/assets/ibm-plex-sans-kr-42-400-normal-mWRC9cE4.woff           12.36 kB
Operator app	Run npm run build	2026-09-25T01:47:37.2077998Z dist/assets/ibm-plex-sans-kr-43-600-normal-Dl6BB-Lj.woff           12.36 kB
Operator app	Run npm run build	2026-09-25T01:47:37.2078539Z dist/assets/ibm-plex-sans-kr-12-400-normal-AF35YmmH.woff2          12.37 kB
Operator app	Run npm run build	2026-09-25T01:47:37.2079173Z dist/assets/ibm-plex-sans-kr-37-400-normal-BiWBJPQ7.woff2          12.40 kB
Operator app	Run npm run build	2026-09-25T01:47:37.2079960Z dist/assets/ibm-plex-sans-kr-5-400-normal-BBWPbJ8R.woff2           12.40 kB
Operator app	Run npm run build	2026-09-25T01:47:37.2080645Z dist/assets/ibm-plex-sans-kr-5-400-normal-B1Nb7Dqt.woff            12.42 kB
Operator app	Run npm run build	2026-09-25T01:47:37.2081288Z dist/assets/ibm-plex-sans-kr-55-600-normal-ByArDHHI.woff2          12.42 kB
Operator app	Run npm run build	2026-09-25T01:47:37.2082257Z dist/assets/ibm-plex-sans-kr-56-600-normal-DScuu4Uu.woff2          12.42 kB
Operator app	Run npm run build	2026-09-25T01:47:37.2082891Z dist/assets/ibm-plex-sans-kr-31-600-normal-DWFfqfVJ.woff2          12.43 kB
Operator app	Run npm run build	2026-09-25T01:47:37.2083456Z dist/assets/ibm-plex-sans-kr-54-600-normal-CIir-_6C.woff2          12.43 kB
Operator app	Run npm run build	2026-09-25T01:47:37.2084085Z dist/assets/ibm-plex-sans-kr-63-500-normal-EwyND2AG.woff           12.43 kB
Operator app	Run npm run build	2026-09-25T01:47:37.2084718Z dist/assets/ibm-plex-sans-kr-35-600-normal-M066d6gr.woff           12.44 kB
Operator app	Run npm run build	2026-09-25T01:47:37.2085348Z dist/assets/ibm-plex-sans-kr-49-400-normal-BENNdZwd.woff2          12.44 kB
Operator app	Run npm run build	2026-09-25T01:47:37.2085889Z dist/assets/ibm-plex-sans-kr-46-400-normal-Z0YZvJMA.woff2          12.45 kB
Operator app	Run npm run build	2026-09-25T01:47:37.2087061Z dist/assets/ibm-plex-sans-kr-6-600-normal-CdfPYwdk.woff2           12.45 kB
Operator app	Run npm run build	2026-09-25T01:47:37.2087684Z dist/assets/ibm-plex-sans-kr-31-500-normal-nX_pe9VE.woff2          12.46 kB
Operator app	Run npm run build	2026-09-25T01:47:37.2089014Z dist/assets/ibm-plex-sans-kr-37-500-normal-B-MNJEe6.woff2          12.46 kB
Operator app	Run npm run build	2026-09-25T01:47:37.2089760Z dist/assets/ibm-plex-sans-kr-57-400-normal-F8LL-J5_.woff2          12.46 kB
Operator app	Run npm run build	2026-09-25T01:47:37.2090410Z dist/assets/ibm-plex-sans-kr-31-400-normal-DhPplA2S.woff2          12.48 kB
Operator app	Run npm run build	2026-09-25T01:47:37.2091003Z dist/assets/ibm-plex-sans-kr-7-400-normal-CDkAi-IU.woff2           12.48 kB
Operator app	Run npm run build	2026-09-25T01:47:37.2092036Z dist/assets/ibm-plex-sans-kr-47-600-normal-tmv6xC_z.woff2          12.48 kB
Operator app	Run npm run build	2026-09-25T01:47:37.2092628Z dist/assets/ibm-plex-sans-kr-6-500-normal-UElWVruj.woff2           12.48 kB
Operator app	Run npm run build	2026-09-25T01:47:37.2093214Z dist/assets/ibm-plex-sans-kr-34-400-normal-BFI-kcuc.woff           12.49 kB
Operator app	Run npm run build	2026-09-25T01:47:37.2093842Z dist/assets/ibm-plex-sans-kr-28-600-normal-BeDPvyp8.woff           12.51 kB
Operator app	Run npm run build	2026-09-25T01:47:37.2094640Z dist/assets/ibm-plex-sans-kr-9-500-normal-C6DRVnCw.woff            12.51 kB
Operator app	Run npm run build	2026-09-25T01:47:37.2095277Z dist/assets/ibm-plex-sans-kr-15-500-normal-BWepl2fS.woff2          12.52 kB
Operator app	Run npm run build	2026-09-25T01:47:37.2095897Z dist/assets/ibm-plex-sans-kr-37-600-normal-Cvgtdz7H.woff           12.52 kB
Operator app	Run npm run build	2026-09-25T01:47:37.2096940Z dist/assets/ibm-plex-sans-kr-45-600-normal-DNXvxDIf.woff2          12.52 kB
Operator app	Run npm run build	2026-09-25T01:47:37.2097586Z dist/assets/ibm-plex-sans-kr-9-400-normal-CeBwsqAD.woff            12.52 kB
Operator app	Run npm run build	2026-09-25T01:47:37.2098126Z dist/assets/ibm-plex-sans-kr-39-600-normal-DHmemGdc.woff           12.54 kB
Operator app	Run npm run build	2026-09-25T01:47:37.2098844Z dist/assets/ibm-plex-sans-kr-63-400-normal-Bi-DePsy.woff           12.54 kB
Operator app	Run npm run build	2026-09-25T01:47:37.2099665Z dist/assets/ibm-plex-sans-kr-9-600-normal-DWoOSbq5.woff            12.54 kB
Operator app	Run npm run build	2026-09-25T01:47:37.2100379Z dist/assets/ibm-plex-sans-kr-45-500-normal-uti_Zlfe.woff2          12.55 kB
Operator app	Run npm run build	2026-09-25T01:47:37.2101322Z dist/assets/ibm-plex-sans-kr-36-400-normal-Cd-eoA5H.woff           12.56 kB
Operator app	Run npm run build	2026-09-25T01:47:37.2102008Z dist/assets/ibm-plex-sans-kr-39-400-normal-WTG9_11D.woff           12.56 kB
Operator app	Run npm run build	2026-09-25T01:47:37.2102646Z dist/assets/ibm-plex-sans-kr-34-600-normal-Dkhx4lxu.woff           12.56 kB
Operator app	Run npm run build	2026-09-25T01:47:37.2103281Z dist/assets/ibm-plex-sans-kr-35-400-normal-D8XpW-jV.woff           12.56 kB
Operator app	Run npm run build	2026-09-25T01:47:37.2103831Z dist/assets/ibm-plex-sans-kr-49-400-normal-DrUErJVA.woff           12.56 kB
Operator app	Run npm run build	2026-09-25T01:47:37.2104462Z dist/assets/ibm-plex-sans-kr-63-600-normal-DXp5U46T.woff           12.56 kB
Operator app	Run npm run build	2026-09-25T01:47:37.2105100Z dist/assets/ibm-plex-sans-kr-35-400-normal-CHpiv9C7.woff2          12.57 kB
Operator app	Run npm run build	2026-09-25T01:47:37.2105730Z dist/assets/ibm-plex-sans-kr-37-400-normal-Bj7jp-Iz.woff           12.57 kB
Operator app	Run npm run build	2026-09-25T01:47:37.2106753Z dist/assets/ibm-plex-sans-kr-34-500-normal-CFjeJ1tN.woff           12.58 kB
Operator app	Run npm run build	2026-09-25T01:47:37.2107428Z dist/assets/ibm-plex-sans-kr-7-500-normal-DHoZsm8z.woff            12.58 kB
Operator app	Run npm run build	2026-09-25T01:47:37.2107972Z dist/assets/ibm-plex-sans-kr-56-500-normal-CpmKpo0e.woff2          12.58 kB
Operator app	Run npm run build	2026-09-25T01:47:37.2108647Z dist/assets/ibm-plex-sans-kr-23-400-normal-CUhld-kf.woff2          12.58 kB
Operator app	Run npm run build	2026-09-25T01:47:37.2109299Z dist/assets/ibm-plex-sans-kr-37-500-normal-B6-fjph3.woff           12.60 kB
Operator app	Run npm run build	2026-09-25T01:47:37.2110088Z dist/assets/ibm-plex-sans-kr-37-600-normal-CnPg-4RZ.woff2          12.60 kB
Operator app	Run npm run build	2026-09-25T01:47:37.2110775Z dist/assets/ibm-plex-sans-kr-28-400-normal-Bwghrgjh.woff2          12.62 kB
Operator app	Run npm run build	2026-09-25T01:47:37.2111854Z dist/assets/ibm-plex-sans-kr-106-400-normal-CKM4EqLH.woff2         12.62 kB
Operator app	Run npm run build	2026-09-25T01:47:37.2112494Z dist/assets/ibm-plex-sans-kr-35-500-normal-DxaJNFWV.woff           12.63 kB
Operator app	Run npm run build	2026-09-25T01:47:37.2113113Z dist/assets/ibm-plex-sans-kr-39-500-normal-C8uyz1B3.woff           12.63 kB
Operator app	Run npm run build	2026-09-25T01:47:37.2113676Z dist/assets/ibm-plex-sans-kr-12-500-normal-CRJzzWQI.woff2          12.64 kB
Operator app	Run npm run build	2026-09-25T01:47:37.2114306Z dist/assets/ibm-plex-sans-kr-18-600-normal-3CkcYQgr.woff2          12.64 kB
Operator app	Run npm run build	2026-09-25T01:47:37.2114936Z dist/assets/ibm-plex-sans-kr-52-400-normal-Dqrwgacb.woff2          12.64 kB
Operator app	Run npm run build	2026-09-25T01:47:37.2115580Z dist/assets/ibm-plex-sans-kr-54-500-normal-B5hzExpm.woff2          12.65 kB
Operator app	Run npm run build	2026-09-25T01:47:37.2116580Z dist/assets/ibm-plex-sans-kr-12-400-normal-J5xWG5gS.woff           12.65 kB
Operator app	Run npm run build	2026-09-25T01:47:37.2117147Z dist/assets/ibm-plex-sans-kr-12-500-normal-CZNo5Xam.woff           12.65 kB
Operator app	Run npm run build	2026-09-25T01:47:37.2117681Z dist/assets/ibm-plex-sans-kr-55-500-normal-Bd7gnpgG.woff2          12.66 kB
Operator app	Run npm run build	2026-09-25T01:47:37.2118371Z dist/assets/ibm-plex-sans-kr-49-600-normal-DHvPm2NF.woff           12.67 kB
Operator app	Run npm run build	2026-09-25T01:47:37.2118905Z dist/assets/ibm-plex-sans-kr-118-600-normal-SYUuQfwq.woff2         12.68 kB
Operator app	Run npm run build	2026-09-25T01:47:37.2119612Z dist/assets/ibm-plex-sans-kr-7-600-normal-CeGVp1rD.woff            12.69 kB
Operator app	Run npm run build	2026-09-25T01:47:37.2120241Z dist/assets/ibm-plex-sans-kr-12-600-normal-Cdi7mG90.woff           12.70 kB
Operator app	Run npm run build	2026-09-25T01:47:37.2121258Z dist/assets/ibm-plex-sans-kr-7-400-normal-VZ_YUdPy.woff            12.71 kB
Operator app	Run npm run build	2026-09-25T01:47:37.2121944Z dist/assets/ibm-plex-sans-kr-36-600-normal-DsGroCqE.woff           12.72 kB
Operator app	Run npm run build	2026-09-25T01:47:37.2122480Z dist/assets/ibm-plex-sans-kr-12-600-normal-Ba8rnT7_.woff2          12.72 kB
Operator app	Run npm run build	2026-09-25T01:47:37.2123016Z dist/assets/ibm-plex-sans-kr-7-600-normal-Dh7JSXz4.woff2           12.72 kB
Operator app	Run npm run build	2026-09-25T01:47:37.2123618Z dist/assets/ibm-plex-sans-kr-36-500-normal-brkbKZcZ.woff           12.74 kB
Operator app	Run npm run build	2026-09-25T01:47:37.2124281Z dist/assets/ibm-plex-sans-kr-15-600-normal-CAapLUyl.woff2          12.74 kB
Operator app	Run npm run build	2026-09-25T01:47:37.2124829Z dist/assets/ibm-plex-sans-kr-119-400-normal-CF0EWuft.woff2         12.75 kB
Operator app	Run npm run build	2026-09-25T01:47:37.2125708Z dist/assets/ibm-plex-sans-kr-31-400-normal-BnpH2dyr.woff           12.75 kB
Operator app	Run npm run build	2026-09-25T01:47:37.2126268Z dist/assets/ibm-plex-sans-kr-31-500-normal-BX-CPZrW.woff           12.75 kB
Operator app	Run npm run build	2026-09-25T01:47:37.2126806Z dist/assets/ibm-plex-sans-kr-118-500-normal-bGPKLk2B.woff2         12.76 kB
Operator app	Run npm run build	2026-09-25T01:47:37.2127351Z dist/assets/ibm-plex-sans-kr-43-400-normal-DofKP3XM.woff2          12.76 kB
Operator app	Run npm run build	2026-09-25T01:47:37.2127889Z dist/assets/ibm-plex-sans-kr-31-600-normal-BDIwmQD2.woff           12.76 kB
Operator app	Run npm run build	2026-09-25T01:47:37.2128429Z dist/assets/ibm-plex-sans-kr-25-600-normal-CpgWTSx7.woff2          12.77 kB
Operator app	Run npm run build	2026-09-25T01:47:37.2128966Z dist/assets/ibm-plex-sans-kr-49-500-normal-7q_oMxUd.woff           12.80 kB
Operator app	Run npm run build	2026-09-25T01:47:37.2129694Z dist/assets/ibm-plex-sans-kr-40-400-normal-DxlOKNb6.woff2          12.82 kB
Operator app	Run npm run build	2026-09-25T01:47:37.2130656Z dist/assets/ibm-plex-sans-kr-57-600-normal-CQ1redVd.woff2          12.82 kB
Operator app	Run npm run build	2026-09-25T01:47:37.2131407Z dist/assets/ibm-plex-sans-kr-14-400-normal-DPe2AXol.woff           12.83 kB
Operator app	Run npm run build	2026-09-25T01:47:37.2131967Z dist/assets/ibm-plex-sans-kr-35-600-normal-CD4ArYzM.woff2          12.87 kB
Operator app	Run npm run build	2026-09-25T01:47:37.2132504Z dist/assets/ibm-plex-sans-kr-52-600-normal-HtoGXJPD.woff2          12.90 kB
Operator app	Run npm run build	2026-09-25T01:47:37.2133053Z dist/assets/ibm-plex-sans-kr-5-600-normal-BV1Q-ya9.woff2           12.91 kB
Operator app	Run npm run build	2026-09-25T01:47:37.2133585Z dist/assets/ibm-plex-sans-kr-14-600-normal-BZRywIXe.woff           12.92 kB
Operator app	Run npm run build	2026-09-25T01:47:37.2134124Z dist/assets/ibm-plex-sans-kr-117-400-normal-Bqi1rgUh.woff2         12.92 kB
Operator app	Run npm run build	2026-09-25T01:47:37.2134662Z dist/assets/ibm-plex-sans-kr-34-400-normal-b_F-aCuz.woff2          12.93 kB
Operator app	Run npm run build	2026-09-25T01:47:37.2135563Z dist/assets/ibm-plex-sans-kr-57-500-normal-B4IoHQu1.woff2          12.98 kB
Operator app	Run npm run build	2026-09-25T01:47:37.2136108Z dist/assets/ibm-plex-sans-kr-5-500-normal-BAnyZ6Z-.woff2           13.01 kB
Operator app	Run npm run build	2026-09-25T01:47:37.2136647Z dist/assets/ibm-plex-sans-kr-35-500-normal-cydu_WKV.woff2          13.01 kB
Operator app	Run npm run build	2026-09-25T01:47:37.2137174Z dist/assets/ibm-plex-sans-kr-119-500-normal-Df4yrjnE.woff          13.02 kB
Operator app	Run npm run build	2026-09-25T01:47:37.2137702Z dist/assets/ibm-plex-sans-kr-13-400-normal-CpXdOOTc.woff2          13.02 kB
Operator app	Run npm run build	2026-09-25T01:47:37.2138238Z dist/assets/ibm-plex-sans-kr-23-500-normal-CCfThX_w.woff2          13.03 kB
Operator app	Run npm run build	2026-09-25T01:47:37.2138768Z dist/assets/ibm-plex-sans-kr-49-600-normal-B9kwAyIi.woff2          13.03 kB
Operator app	Run npm run build	2026-09-25T01:47:37.2139305Z dist/assets/ibm-plex-sans-kr-14-500-normal-Y4UlonKU.woff           13.04 kB
Operator app	Run npm run build	2026-09-25T01:47:37.2140505Z dist/assets/ibm-plex-sans-kr-7-500-normal-CoHWPa7p.woff2           13.04 kB
Operator app	Run npm run build	2026-09-25T01:47:37.2141046Z dist/assets/ibm-plex-sans-kr-59-600-normal-BuQf4YmM.woff           13.07 kB
Operator app	Run npm run build	2026-09-25T01:47:37.2141580Z dist/assets/ibm-plex-sans-kr-25-500-normal-Dx_nna5V.woff2          13.08 kB
Operator app	Run npm run build	2026-09-25T01:47:37.2142113Z dist/assets/ibm-plex-sans-kr-42-400-normal-Cgyyi6Mk.woff2          13.10 kB
Operator app	Run npm run build	2026-09-25T01:47:37.2142651Z dist/assets/ibm-plex-sans-kr-23-600-normal-CR-CWSvQ.woff2          13.11 kB
Operator app	Run npm run build	2026-09-25T01:47:37.2143191Z dist/assets/ibm-plex-sans-kr-52-500-normal-PI1BlAgy.woff2          13.12 kB
Operator app	Run npm run build	2026-09-25T01:47:37.2143731Z dist/assets/ibm-plex-sans-kr-105-500-normal-CwEuw_bU.woff2         13.14 kB
Operator app	Run npm run build	2026-09-25T01:47:37.2144274Z dist/assets/ibm-plex-sans-kr-105-600-normal-Bdo6QjXy.woff2         13.14 kB
Operator app	Run npm run build	2026-09-25T01:47:37.2145226Z dist/assets/ibm-plex-sans-kr-119-600-normal-CSej5QVJ.woff          13.14 kB
Operator app	Run npm run build	2026-09-25T01:47:37.2145920Z dist/assets/ibm-plex-sans-kr-14-400-normal-C-oyfrUa.woff2          13.15 kB
Operator app	Run npm run build	2026-09-25T01:47:37.2146456Z dist/assets/ibm-plex-sans-kr-13-400-normal-eM8eMXyQ.woff           13.16 kB
Operator app	Run npm run build	2026-09-25T01:47:37.2146990Z dist/assets/ibm-plex-sans-kr-43-600-normal-BPJjrS1c.woff2          13.16 kB
Operator app	Run npm run build	2026-09-25T01:47:37.2147594Z dist/assets/ibm-plex-sans-kr-23-400-normal-DTBYTMn7.woff           13.17 kB
Operator app	Run npm run build	2026-09-25T01:47:37.2148127Z dist/assets/ibm-plex-sans-kr-17-400-normal-BDhrvRnL.woff2          13.18 kB
Operator app	Run npm run build	2026-09-25T01:47:37.2148658Z dist/assets/ibm-plex-sans-kr-46-500-normal-DSzZPjD2.woff2          13.19 kB
Operator app	Run npm run build	2026-09-25T01:47:37.2149757Z dist/assets/ibm-plex-sans-kr-49-500-normal-BN2Nz7gV.woff2          13.19 kB
Operator app	Run npm run build	2026-09-25T01:47:37.2150320Z dist/assets/ibm-plex-sans-kr-40-500-normal-BCFCRCdk.woff2          13.22 kB
Operator app	Run npm run build	2026-09-25T01:47:37.2150863Z dist/assets/ibm-plex-sans-kr-63-400-normal-DbEg4X6i.woff2          13.24 kB
Operator app	Run npm run build	2026-09-25T01:47:37.2151407Z dist/assets/ibm-plex-sans-kr-23-500-normal-B9nBP66o.woff           13.26 kB
Operator app	Run npm run build	2026-09-25T01:47:37.2151947Z dist/assets/ibm-plex-sans-kr-40-600-normal-DyMFY3yG.woff2          13.28 kB
Operator app	Run npm run build	2026-09-25T01:47:37.2152487Z dist/assets/ibm-plex-sans-kr-28-500-normal-Kfg687Jz.woff2          13.29 kB
Operator app	Run npm run build	2026-09-25T01:47:37.2153027Z dist/assets/ibm-plex-sans-kr-62-400-normal-BIF8JT4K.woff2          13.30 kB
Operator app	Run npm run build	2026-09-25T01:47:37.2153564Z dist/assets/ibm-plex-sans-kr-28-600-normal-BBQsSgWd.woff2          13.30 kB
Operator app	Run npm run build	2026-09-25T01:47:37.2154475Z dist/assets/ibm-plex-sans-kr-42-600-normal-CgHlrSUg.woff2          13.30 kB
Operator app	Run npm run build	2026-09-25T01:47:37.2155028Z dist/assets/ibm-plex-sans-kr-13-500-normal-DNr72JYY.woff           13.32 kB
Operator app	Run npm run build	2026-09-25T01:47:37.2155557Z dist/assets/ibm-plex-sans-kr-23-600-normal-Cq5mpPr_.woff           13.32 kB
Operator app	Run npm run build	2026-09-25T01:47:37.2156082Z dist/assets/ibm-plex-sans-kr-59-500-normal-CyiP_8_L.woff           13.33 kB
Operator app	Run npm run build	2026-09-25T01:47:37.2156618Z dist/assets/ibm-plex-sans-kr-60-400-normal-CEDE9rS0.woff           13.34 kB
Operator app	Run npm run build	2026-09-25T01:47:37.2157152Z dist/assets/ibm-plex-sans-kr-59-400-normal-BHAiqXEM.woff2          13.36 kB
Operator app	Run npm run build	2026-09-25T01:47:37.2157690Z dist/assets/ibm-plex-sans-kr-62-400-normal-BMQQOADr.woff           13.38 kB
Operator app	Run npm run build	2026-09-25T01:47:37.2158234Z dist/assets/ibm-plex-sans-kr-59-400-normal-B-8F2Uet.woff           13.39 kB
Operator app	Run npm run build	2026-09-25T01:47:37.2159178Z dist/assets/ibm-plex-sans-kr-62-500-normal-DbYRmfJO.woff           13.39 kB
Operator app	Run npm run build	2026-09-25T01:47:37.2159824Z dist/assets/ibm-plex-sans-kr-9-400-normal-DJinq116.woff2           13.39 kB
Operator app	Run npm run build	2026-09-25T01:47:37.2160374Z dist/assets/ibm-plex-sans-kr-60-500-normal-Bs-OK-6m.woff           13.39 kB
Operator app	Run npm run build	2026-09-25T01:47:37.2160910Z dist/assets/ibm-plex-sans-kr-13-600-normal-DXBEl0OU.woff           13.40 kB
Operator app	Run npm run build	2026-09-25T01:47:37.2161446Z dist/assets/ibm-plex-sans-kr-17-500-normal-BI9iG84Y.woff           13.40 kB
Operator app	Run npm run build	2026-09-25T01:47:37.2161990Z dist/assets/ibm-plex-sans-kr-4-600-normal-BGAcZoa5.woff            13.41 kB
Operator app	Run npm run build	2026-09-25T01:47:37.2162525Z dist/assets/ibm-plex-sans-kr-43-500-normal-DYkscpdQ.woff2          13.45 kB
Operator app	Run npm run build	2026-09-25T01:47:37.2163068Z dist/assets/ibm-plex-sans-kr-62-600-normal-BwPZY4No.woff           13.45 kB
Operator app	Run npm run build	2026-09-25T01:47:37.2164363Z dist/assets/ibm-plex-sans-kr-17-400-normal-BOjgDpon.woff           13.46 kB
Operator app	Run npm run build	2026-09-25T01:47:37.2164925Z dist/assets/ibm-plex-sans-kr-60-400-normal-z5dDoQx9.woff2          13.50 kB
Operator app	Run npm run build	2026-09-25T01:47:37.2165476Z dist/assets/ibm-plex-sans-kr-60-600-normal-OLqttnKu.woff           13.57 kB
Operator app	Run npm run build	2026-09-25T01:47:37.2166024Z dist/assets/ibm-plex-sans-kr-34-500-normal-JswnezOz.woff2          13.58 kB
Operator app	Run npm run build	2026-09-25T01:47:37.2166572Z dist/assets/ibm-plex-sans-kr-59-500-normal-Ddlt4yS6.woff2          13.58 kB
Operator app	Run npm run build	2026-09-25T01:47:37.2167110Z dist/assets/ibm-plex-sans-kr-4-500-normal-CZSxnr6K.woff            13.59 kB
Operator app	Run npm run build	2026-09-25T01:47:37.2167641Z dist/assets/ibm-plex-sans-kr-59-600-normal-B-CGe3sL.woff2          13.60 kB
Operator app	Run npm run build	2026-09-25T01:47:37.2168177Z dist/assets/ibm-plex-sans-kr-34-600-normal-BwgNjnnm.woff2          13.62 kB
Operator app	Run npm run build	2026-09-25T01:47:37.2168710Z dist/assets/ibm-plex-sans-kr-4-400-normal-1GfpLFeR.woff            13.66 kB
Operator app	Run npm run build	2026-09-25T01:47:37.2169739Z dist/assets/ibm-plex-sans-kr-62-500-normal-lDNHneib.woff2          13.67 kB
Operator app	Run npm run build	2026-09-25T01:47:37.2170426Z dist/assets/ibm-plex-sans-kr-22-400-normal-3CnvMMD7.woff2          13.68 kB
Operator app	Run npm run build	2026-09-25T01:47:37.2170953Z dist/assets/ibm-plex-sans-kr-22-600-normal-bBSJai_o.woff           13.68 kB
Operator app	Run npm run build	2026-09-25T01:47:37.2171761Z dist/assets/ibm-plex-sans-kr-39-400-normal-BzR2eDWi.woff2          13.68 kB
Operator app	Run npm run build	2026-09-25T01:47:37.2172298Z dist/assets/ibm-plex-sans-kr-27-500-normal-CPgbZ_eJ.woff           13.72 kB
Operator app	Run npm run build	2026-09-25T01:47:37.2172821Z dist/assets/ibm-plex-sans-kr-17-600-normal-uD_8VqjX.woff           13.73 kB
Operator app	Run npm run build	2026-09-25T01:47:37.2173343Z dist/assets/ibm-plex-sans-kr-26-600-normal-bxA4bluv.woff           13.73 kB
Operator app	Run npm run build	2026-09-25T01:47:37.2174273Z dist/assets/ibm-plex-sans-kr-119-600-normal-CWNURXbv.woff2         13.74 kB
Operator app	Run npm run build	2026-09-25T01:47:37.2174825Z dist/assets/ibm-plex-sans-kr-14-600-normal-BEKBLOkr.woff2          13.76 kB
Operator app	Run npm run build	2026-09-25T01:47:37.2175360Z dist/assets/ibm-plex-sans-kr-106-600-normal-o84Tuavw.woff2         13.77 kB
Operator app	Run npm run build	2026-09-25T01:47:37.2175895Z dist/assets/ibm-plex-sans-kr-62-600-normal-CCy9m1Yi.woff2          13.77 kB
Operator app	Run npm run build	2026-09-25T01:47:37.2176428Z dist/assets/ibm-plex-sans-kr-13-500-normal-DVkNF81I.woff2          13.80 kB
Operator app	Run npm run build	2026-09-25T01:47:37.2176959Z dist/assets/ibm-plex-sans-kr-42-500-normal-DceQ0siJ.woff2          13.81 kB
Operator app	Run npm run build	2026-09-25T01:47:37.2177493Z dist/assets/ibm-plex-sans-kr-106-500-normal-waJW03NJ.woff2         13.81 kB
Operator app	Run npm run build	2026-09-25T01:47:37.2178034Z dist/assets/ibm-plex-sans-kr-17-500-normal-B5RrK24I.woff2          13.82 kB
Operator app	Run npm run build	2026-09-25T01:47:37.2178826Z dist/assets/ibm-plex-sans-kr-22-400-normal-TNl1bUeL.woff           13.82 kB
Operator app	Run npm run build	2026-09-25T01:47:37.2179558Z dist/assets/ibm-plex-sans-kr-119-500-normal-CJJ-meqF.woff2         13.82 kB
Operator app	Run npm run build	2026-09-25T01:47:37.2180122Z dist/assets/ibm-plex-sans-kr-22-600-normal-B4PQFGba.woff2          13.85 kB
Operator app	Run npm run build	2026-09-25T01:47:37.2180655Z dist/assets/ibm-plex-sans-kr-46-600-normal-CfEBl86K.woff2          13.86 kB
Operator app	Run npm run build	2026-09-25T01:47:37.2181182Z dist/assets/ibm-plex-sans-kr-16-400-normal-CKSk9toV.woff2          13.86 kB
Operator app	Run npm run build	2026-09-25T01:47:37.2181730Z dist/assets/ibm-plex-sans-kr-26-400-normal-BDNWBg-b.woff           13.86 kB
Operator app	Run npm run build	2026-09-25T01:47:37.2182259Z dist/assets/ibm-plex-sans-kr-63-500-normal-DnCEtrzT.woff2          13.88 kB
Operator app	Run npm run build	2026-09-25T01:47:37.2182800Z dist/assets/ibm-plex-sans-kr-22-500-normal-B4MFCOia.woff           13.90 kB
Operator app	Run npm run build	2026-09-25T01:47:37.2184988Z dist/assets/ibm-plex-sans-kr-27-600-normal-C07c5If1.woff           13.90 kB
Operator app	Run npm run build	2026-09-25T01:47:37.2185550Z dist/assets/ibm-plex-sans-kr-27-400-normal-Dy5-YEOY.woff           13.92 kB
Operator app	Run npm run build	2026-09-25T01:47:37.2186101Z dist/assets/ibm-plex-sans-kr-26-500-normal-BKPcd-dF.woff           13.93 kB
Operator app	Run npm run build	2026-09-25T01:47:37.2186746Z dist/assets/ibm-plex-sans-kr-latin-400-normal-7kwLL-e3.woff        13.94 kB
Operator app	Run npm run build	2026-09-25T01:47:37.2187291Z dist/assets/ibm-plex-sans-kr-63-600-normal-B_hznMYb.woff2          13.96 kB
Operator app	Run npm run build	2026-09-25T01:47:37.2187821Z dist/assets/ibm-plex-sans-kr-24-500-normal-Cv5QDDSV.woff           14.02 kB
Operator app	Run npm run build	2026-09-25T01:47:37.2188366Z dist/assets/ibm-plex-sans-kr-16-400-normal-DNGmaJIL.woff           14.06 kB
Operator app	Run npm run build	2026-09-25T01:47:37.2188910Z dist/assets/ibm-plex-sans-kr-112-400-normal-BJLUyYDo.woff2         14.07 kB
Operator app	Run npm run build	2026-09-25T01:47:37.2189989Z dist/assets/ibm-plex-sans-kr-60-500-normal-Dt1XTT7t.woff2          14.08 kB
Operator app	Run npm run build	2026-09-25T01:47:37.2190552Z dist/assets/ibm-plex-sans-kr-16-600-normal-DDZagcz1.woff           14.13 kB
Operator app	Run npm run build	2026-09-25T01:47:37.2191100Z dist/assets/ibm-plex-sans-kr-117-500-normal-B8S6P0qk.woff2         14.14 kB
Operator app	Run npm run build	2026-09-25T01:47:37.2191639Z dist/assets/ibm-plex-sans-kr-14-500-normal-C6PSB_z7.woff2          14.16 kB
Operator app	Run npm run build	2026-09-25T01:47:37.2192185Z dist/assets/ibm-plex-sans-kr-16-500-normal-CmCp5IpX.woff           14.17 kB
Operator app	Run npm run build	2026-09-25T01:47:37.2192720Z dist/assets/ibm-plex-sans-kr-117-600-normal-CVV1AoIy.woff2         14.18 kB
Operator app	Run npm run build	2026-09-25T01:47:37.2193257Z dist/assets/ibm-plex-sans-kr-24-400-normal-DDVUYQLq.woff           14.20 kB
Operator app	Run npm run build	2026-09-25T01:47:37.2193801Z dist/assets/ibm-plex-sans-kr-60-600-normal-Bl94dFYa.woff2          14.22 kB
Operator app	Run npm run build	2026-09-25T01:47:37.2206190Z dist/assets/ibm-plex-sans-kr-22-500-normal-9RYlHGVt.woff2          14.25 kB
Operator app	Run npm run build	2026-09-25T01:47:37.2206937Z dist/assets/ibm-plex-sans-kr-115-400-normal-6-qa9Uj4.woff2         14.26 kB
Operator app	Run npm run build	2026-09-25T01:47:37.2207479Z dist/assets/ibm-plex-sans-kr-39-600-normal-DxNgVy70.woff2          14.28 kB
Operator app	Run npm run build	2026-09-25T01:47:37.2208082Z dist/assets/ibm-plex-sans-kr-4-400-normal-BSOJFi3M.woff2           14.32 kB
Operator app	Run npm run build	2026-09-25T01:47:37.2208615Z dist/assets/ibm-plex-sans-kr-116-400-normal-CPQAppG5.woff2         14.34 kB
Operator app	Run npm run build	2026-09-25T01:47:37.2209166Z dist/assets/ibm-plex-sans-kr-13-600-normal-ON8tPSnT.woff2          14.35 kB
Operator app	Run npm run build	2026-09-25T01:47:37.2209781Z dist/assets/ibm-plex-sans-kr-33-500-normal-DrcDIvwW.woff           14.35 kB
Operator app	Run npm run build	2026-09-25T01:47:37.2210312Z dist/assets/ibm-plex-sans-kr-107-400-normal-DFBsPAhk.woff2         14.36 kB
Operator app	Run npm run build	2026-09-25T01:47:37.2210847Z dist/assets/ibm-plex-sans-kr-24-600-normal-DL0LF1av.woff           14.37 kB
Operator app	Run npm run build	2026-09-25T01:47:37.2211377Z dist/assets/ibm-plex-sans-kr-114-400-normal-Bpqw4_PX.woff2         14.38 kB
Operator app	Run npm run build	2026-09-25T01:47:37.2211909Z dist/assets/ibm-plex-sans-kr-39-500-normal-CeHGwbYp.woff2          14.40 kB
Operator app	Run npm run build	2026-09-25T01:47:37.2212448Z dist/assets/ibm-plex-sans-kr-33-400-normal-BEJcB5Pj.woff           14.40 kB
Operator app	Run npm run build	2026-09-25T01:47:37.2212980Z dist/assets/ibm-plex-sans-kr-21-400-normal-Cv3FeIij.woff2          14.42 kB
Operator app	Run npm run build	2026-09-25T01:47:37.2213514Z dist/assets/ibm-plex-sans-kr-108-400-normal-DbmD_Owd.woff2         14.42 kB
Operator app	Run npm run build	2026-09-25T01:47:37.2214062Z dist/assets/ibm-plex-sans-kr-33-600-normal-Dk43PWfK.woff           14.43 kB
Operator app	Run npm run build	2026-09-25T01:47:37.2214597Z dist/assets/ibm-plex-sans-kr-3-400-normal-01r-uCGK.woff            14.44 kB
Operator app	Run npm run build	2026-09-25T01:47:37.2215131Z dist/assets/ibm-plex-sans-kr-3-600-normal-OOnXi3dj.woff            14.46 kB
Operator app	Run npm run build	2026-09-25T01:47:37.2215667Z dist/assets/ibm-plex-sans-kr-3-500-normal-BF7AAfCm.woff            14.50 kB
Operator app	Run npm run build	2026-09-25T01:47:37.2216195Z dist/assets/ibm-plex-sans-kr-33-400-normal-DOnua0XC.woff2          14.50 kB
Operator app	Run npm run build	2026-09-25T01:47:37.2216727Z dist/assets/ibm-plex-sans-kr-24-400-normal-BCEQWDh5.woff2          14.51 kB
Operator app	Run npm run build	2026-09-25T01:47:37.2217273Z dist/assets/ibm-plex-sans-kr-21-600-normal-CJHvMuEH.woff2          14.52 kB
Operator app	Run npm run build	2026-09-25T01:47:37.2217807Z dist/assets/ibm-plex-sans-kr-109-400-normal-ChZ2CLi-.woff2         14.64 kB
Operator app	Run npm run build	2026-09-25T01:47:37.2218342Z dist/assets/ibm-plex-sans-kr-9-500-normal-C3WEWxiq.woff2           14.66 kB
Operator app	Run npm run build	2026-09-25T01:47:37.2218886Z dist/assets/ibm-plex-sans-kr-113-400-normal-CEDRAc_f.woff2         14.74 kB
Operator app	Run npm run build	2026-09-25T01:47:37.2219499Z dist/assets/ibm-plex-sans-kr-29-400-normal-gP3qcvie.woff2          14.76 kB
Operator app	Run npm run build	2026-09-25T01:47:37.2220037Z dist/assets/ibm-plex-sans-kr-29-600-normal-Dn9kzegM.woff2          14.76 kB
Operator app	Run npm run build	2026-09-25T01:47:37.2220578Z dist/assets/ibm-plex-sans-kr-21-500-normal-Bq99UyTU.woff2          14.80 kB
Operator app	Run npm run build	2026-09-25T01:47:37.2221102Z dist/assets/ibm-plex-sans-kr-19-600-normal-DcS6irVl.woff2          14.81 kB
Operator app	Run npm run build	2026-09-25T01:47:37.2221645Z dist/assets/ibm-plex-sans-kr-21-400-normal-Dml5TFym.woff           14.82 kB
Operator app	Run npm run build	2026-09-25T01:47:37.2222189Z dist/assets/ibm-plex-sans-kr-110-400-normal-DvUF8GMi.woff2         14.85 kB
Operator app	Run npm run build	2026-09-25T01:47:37.2222730Z dist/assets/ibm-plex-sans-kr-111-400-normal-DaCXFUcH.woff2         14.87 kB
Operator app	Run npm run build	2026-09-25T01:47:37.2223411Z dist/assets/ibm-plex-sans-kr-19-400-normal-CCVU2G9b.woff2          14.91 kB
Operator app	Run npm run build	2026-09-25T01:47:37.2224063Z dist/assets/ibm-plex-sans-kr-32-500-normal-BFr0uy16.woff           14.92 kB
Operator app	Run npm run build	2026-09-25T01:47:37.2224602Z dist/assets/ibm-plex-sans-kr-21-500-normal-DNGhvuIq.woff           14.93 kB
Operator app	Run npm run build	2026-09-25T01:47:37.2225135Z dist/assets/ibm-plex-sans-kr-32-400-normal-GRBsq_TQ.woff           14.95 kB
Operator app	Run npm run build	2026-09-25T01:47:37.2225693Z dist/assets/ibm-plex-sans-kr-29-600-normal-B0Nsm10J.woff           14.97 kB
Operator app	Run npm run build	2026-09-25T01:47:37.2226226Z dist/assets/ibm-plex-sans-kr-32-600-normal-qBGKeeZh.woff           14.99 kB
Operator app	Run npm run build	2026-09-25T01:47:37.2226756Z dist/assets/ibm-plex-sans-kr-32-400-normal-BkNndOiq.woff2          15.01 kB
Operator app	Run npm run build	2026-09-25T01:47:37.2227295Z dist/assets/ibm-plex-sans-kr-33-600-normal-_9rnVtrt.woff2          15.04 kB
Operator app	Run npm run build	2026-09-25T01:47:37.2227819Z dist/assets/ibm-plex-sans-kr-9-600-normal-DraA-1Zl.woff2           15.06 kB
Operator app	Run npm run build	2026-09-25T01:47:37.2228499Z dist/assets/ibm-plex-sans-kr-4-500-normal-DYhdxHR-.woff2           15.07 kB
Operator app	Run npm run build	2026-09-25T01:47:37.2229040Z dist/assets/ibm-plex-sans-kr-21-600-normal-ChXV0eBj.woff           15.10 kB
Operator app	Run npm run build	2026-09-25T01:47:37.2229699Z dist/assets/ibm-plex-sans-kr-29-500-normal-BsGS2LIm.woff2          15.10 kB
Operator app	Run npm run build	2026-09-25T01:47:37.2230240Z dist/assets/ibm-plex-sans-kr-latin-400-normal-Bc7vhvxM.woff2       15.11 kB
Operator app	Run npm run build	2026-09-25T01:47:37.2230784Z dist/assets/ibm-plex-sans-kr-30-500-normal-C_KfcsGa.woff2          15.12 kB
Operator app	Run npm run build	2026-09-25T01:47:37.2231316Z dist/assets/ibm-plex-sans-kr-29-400-normal-Dj7VksMf.woff           15.12 kB
Operator app	Run npm run build	2026-09-25T01:47:37.2231843Z dist/assets/ibm-plex-sans-kr-30-600-normal-CHYuKtvD.woff           15.16 kB
Operator app	Run npm run build	2026-09-25T01:47:37.2232381Z dist/assets/ibm-plex-sans-kr-4-600-normal-DP-OzMv8.woff2           15.16 kB
Operator app	Run npm run build	2026-09-25T01:47:37.2232919Z dist/assets/ibm-plex-sans-kr-30-400-normal-D9W6fT0U.woff2          15.18 kB
Operator app	Run npm run build	2026-09-25T01:47:37.2233457Z dist/assets/ibm-plex-sans-kr-26-400-normal-BnV7FV79.woff2          15.18 kB
Operator app	Run npm run build	2026-09-25T01:47:37.2234007Z dist/assets/ibm-plex-sans-kr-17-600-normal-BeTmwP_K.woff2          15.22 kB
Operator app	Run npm run build	2026-09-25T01:47:37.2234533Z dist/assets/ibm-plex-sans-kr-19-500-normal-lytT2cFM.woff2          15.24 kB
Operator app	Run npm run build	2026-09-25T01:47:37.2235069Z dist/assets/ibm-plex-sans-kr-16-500-normal-CDsqjPM5.woff2          15.24 kB
Operator app	Run npm run build	2026-09-25T01:47:37.2235605Z dist/assets/ibm-plex-sans-kr-30-500-normal-D4wCcu5D.woff           15.26 kB
Operator app	Run npm run build	2026-09-25T01:47:37.2236144Z dist/assets/ibm-plex-sans-kr-3-400-normal-MpgNCYqt.woff2           15.28 kB
Operator app	Run npm run build	2026-09-25T01:47:37.2236674Z dist/assets/ibm-plex-sans-kr-30-400-normal-4H84KBjL.woff           15.28 kB
Operator app	Run npm run build	2026-09-25T01:47:37.2237211Z dist/assets/ibm-plex-sans-kr-32-500-normal-xYF7ztoJ.woff2          15.30 kB
Operator app	Run npm run build	2026-09-25T01:47:37.2237747Z dist/assets/ibm-plex-sans-kr-115-500-normal-HzYFTBDK.woff2         15.31 kB
Operator app	Run npm run build	2026-09-25T01:47:37.2238279Z dist/assets/ibm-plex-sans-kr-24-500-normal-xY0ze7De.woff2          15.31 kB
Operator app	Run npm run build	2026-09-25T01:47:37.2238824Z dist/assets/ibm-plex-sans-kr-29-500-normal-DrYYhV-u.woff           15.34 kB
Operator app	Run npm run build	2026-09-25T01:47:37.2239498Z dist/assets/ibm-plex-sans-kr-32-600-normal-Dc31ixSD.woff2          15.34 kB
Operator app	Run npm run build	2026-09-25T01:47:37.2240165Z dist/assets/ibm-plex-sans-kr-33-500-normal-C9zC6FjO.woff2          15.34 kB
Operator app	Run npm run build	2026-09-25T01:47:37.2240711Z dist/assets/ibm-plex-sans-kr-27-400-normal-B5ZhKYLO.woff2          15.44 kB
Operator app	Run npm run build	2026-09-25T01:47:37.2241248Z dist/assets/ibm-plex-sans-kr-30-600-normal-DAX8ENIb.woff2          15.44 kB
Operator app	Run npm run build	2026-09-25T01:47:37.2241793Z dist/assets/ibm-plex-sans-kr-116-600-normal-pwYieqoq.woff2         15.45 kB
Operator app	Run npm run build	2026-09-25T01:47:37.2242338Z dist/assets/ibm-plex-sans-kr-24-600-normal-DyaIQrhK.woff2          15.50 kB
Operator app	Run npm run build	2026-09-25T01:47:37.2242863Z dist/assets/ibm-plex-sans-kr-112-500-normal-CZCyW_ny.woff2         15.56 kB
Operator app	Run npm run build	2026-09-25T01:47:37.2243395Z dist/assets/ibm-plex-sans-kr-latin-500-normal-DMi_vAK3.woff        15.58 kB
Operator app	Run npm run build	2026-09-25T01:47:37.2243939Z dist/assets/ibm-plex-sans-kr-20-400-normal-2BRpmgCV.woff2          15.66 kB
Operator app	Run npm run build	2026-09-25T01:47:37.2244476Z dist/assets/ibm-plex-sans-kr-116-500-normal-BARxh3Ni.woff2         15.67 kB
Operator app	Run npm run build	2026-09-25T01:47:37.2245009Z dist/assets/ibm-plex-sans-kr-108-600-normal-Cz9v4gjx.woff2         15.69 kB
Operator app	Run npm run build	2026-09-25T01:47:37.2245553Z dist/assets/ibm-plex-sans-kr-20-600-normal-CKeHRgKb.woff           15.69 kB
Operator app	Run npm run build	2026-09-25T01:47:37.2246086Z dist/assets/ibm-plex-sans-kr-19-600-normal-w0hsbhoe.woff           15.70 kB
Operator app	Run npm run build	2026-09-25T01:47:37.2246623Z dist/assets/ibm-plex-sans-kr-latin-600-normal-yks4z4wu.woff        15.72 kB
Operator app	Run npm run build	2026-09-25T01:47:37.2247173Z dist/assets/ibm-plex-sans-kr-108-500-normal-CdP8F2Jv.woff2         15.77 kB
Operator app	Run npm run build	2026-09-25T01:47:37.2247714Z dist/assets/ibm-plex-sans-kr-26-600-normal-BQpAkNz5.woff2          15.79 kB
Operator app	Run npm run build	2026-09-25T01:47:37.2248243Z dist/assets/ibm-plex-sans-kr-115-600-normal-CokKDsRY.woff2         15.81 kB
Operator app	Run npm run build	2026-09-25T01:47:37.2248779Z dist/assets/ibm-plex-sans-kr-19-400-normal-dcW_ilWW.woff           15.82 kB
Operator app	Run npm run build	2026-09-25T01:47:37.2249305Z dist/assets/ibm-plex-sans-kr-112-600-normal-nFX-cMXi.woff2         15.84 kB
Operator app	Run npm run build	2026-09-25T01:47:37.2250015Z dist/assets/ibm-plex-sans-kr-19-500-normal-33mABreN.woff           15.86 kB
Operator app	Run npm run build	2026-09-25T01:47:37.2250557Z dist/assets/ibm-plex-sans-kr-20-400-normal-B2cWSh78.woff           15.86 kB
Operator app	Run npm run build	2026-09-25T01:47:37.2251145Z dist/assets/ibm-plex-sans-kr-27-600-normal-C6bVD75P.woff2          15.92 kB
Operator app	Run npm run build	2026-09-25T01:47:37.2251675Z dist/assets/ibm-plex-sans-kr-20-500-normal-CrfFBvwl.woff           15.93 kB
Operator app	Run npm run build	2026-09-25T01:47:37.2252207Z dist/assets/ibm-plex-sans-kr-27-500-normal-Bqt-c90l.woff2          15.94 kB
Operator app	Run npm run build	2026-09-25T01:47:37.2252744Z dist/assets/ibm-plex-sans-kr-107-500-normal-CywikKdj.woff2         16.02 kB
Operator app	Run npm run build	2026-09-25T01:47:37.2253277Z dist/assets/ibm-plex-sans-kr-114-600-normal-CjRp-Iz4.woff2         16.05 kB
Operator app	Run npm run build	2026-09-25T01:47:37.2253810Z dist/assets/ibm-plex-sans-kr-107-600-normal-Bj6Oga3u.woff2         16.12 kB
Operator app	Run npm run build	2026-09-25T01:47:37.2254346Z dist/assets/ibm-plex-sans-kr-113-600-normal-Dhfyy0ky.woff2         16.14 kB
Operator app	Run npm run build	2026-09-25T01:47:37.2254881Z dist/assets/ibm-plex-sans-kr-20-600-normal-CXFU6tjk.woff2          16.15 kB
Operator app	Run npm run build	2026-09-25T01:47:37.2256027Z dist/assets/ibm-plex-sans-kr-110-600-normal-CisRgCMg.woff2         16.26 kB
Operator app	Run npm run build	2026-09-25T01:47:37.2256594Z dist/assets/ibm-plex-sans-kr-114-500-normal-D4nP60kj.woff2         16.28 kB
Operator app	Run npm run build	2026-09-25T01:47:37.2257145Z dist/assets/ibm-plex-sans-kr-latin-500-normal-2SdHzE3p.woff2       16.30 kB
Operator app	Run npm run build	2026-09-25T01:47:37.2257692Z dist/assets/ibm-plex-sans-kr-110-500-normal-HZkWM0xD.woff2         16.34 kB
Operator app	Run npm run build	2026-09-25T01:47:37.2258220Z dist/assets/ibm-plex-sans-kr-111-600-normal-DN6cN55_.woff2         16.34 kB
Operator app	Run npm run build	2026-09-25T01:47:37.2258751Z dist/assets/ibm-plex-sans-kr-109-600-normal-BkGpNJKI.woff2         16.39 kB
Operator app	Run npm run build	2026-09-25T01:47:37.2259287Z dist/assets/ibm-plex-sans-kr-113-500-normal-DJQiET6F.woff2         16.39 kB
Operator app	Run npm run build	2026-09-25T01:47:37.2259922Z dist/assets/ibm-plex-sans-kr-111-500-normal-B2z91AWP.woff2         16.51 kB
Operator app	Run npm run build	2026-09-25T01:47:37.2260459Z dist/assets/ibm-plex-sans-kr-20-500-normal-mnpVtiHU.woff2          16.53 kB
Operator app	Run npm run build	2026-09-25T01:47:37.2261009Z dist/assets/ibm-plex-sans-kr-26-500-normal-DXCDkot3.woff2          16.57 kB
Operator app	Run npm run build	2026-09-25T01:47:37.2261553Z dist/assets/ibm-plex-sans-kr-latin-600-normal-n-2PV5Ut.woff2       16.59 kB
Operator app	Run npm run build	2026-09-25T01:47:37.2262097Z dist/assets/ibm-plex-sans-kr-16-600-normal-DloGa7SL.woff2          16.62 kB
Operator app	Run npm run build	2026-09-25T01:47:37.2262641Z dist/assets/ibm-plex-sans-kr-109-500-normal-Dm0Ank3e.woff2         16.64 kB
Operator app	Run npm run build	2026-09-25T01:47:37.2263178Z dist/assets/ibm-plex-sans-kr-3-500-normal-C-bo63NS.woff2           17.16 kB
Operator app	Run npm run build	2026-09-25T01:47:37.2263713Z dist/assets/ibm-plex-sans-kr-3-600-normal-CuyoBBEp.woff2           17.65 kB
Operator app	Run npm run build	2026-09-25T01:47:37.2264534Z dist/assets/index-z7WyhjN_.css                                    188.28 kB │ gzip:  54.84 kB
Operator app	Run npm run build	2026-09-25T01:47:37.2265189Z dist/assets/index-WmV_6c6c.js                                     490.05 kB │ gzip: 140.21 kB
Operator app	Run npm run build	2026-09-25T01:47:37.2265484Z 
Operator app	Run npm run build	2026-09-25T01:47:37.2265653Z ^[[32m✓ built in 348ms^[[39m
Operator app	Run npm run build	2026-09-25T01:47:37.3863499Z {"manifest":"operator-bundle.json","sha256":"37ce55aa9f6bef0246c83237e18e6504c2ebf237aec8084800ed1ff79f269e40","files":567,"content_bytes":7287750}
Operator app	Post Run actions/setup-node@49933ea5288caeca8642d1e84afbd3f7d6820020	﻿2026-09-25T01:47:37.4037172Z Post job cleanup.
Operator app	Post Run actions/setup-node@49933ea5288caeca8642d1e84afbd3f7d6820020	2026-09-25T01:47:37.5193286Z (node:2529) [DEP0040] DeprecationWarning: The `punycode` module is deprecated. Please use a userland alternative instead.
Operator app	Post Run actions/setup-node@49933ea5288caeca8642d1e84afbd3f7d6820020	2026-09-25T01:47:37.5194687Z (Use `node --trace-deprecation ...` to show where the warning was created)
Operator app	Post Run actions/setup-node@49933ea5288caeca8642d1e84afbd3f7d6820020	2026-09-25T01:47:37.5197177Z Cache hit occurred on the primary key node-cache-Linux-x64-npm-f7049b356cd2537bb1cb7d4c983f6736b00e504a22a04a9bb724c41964922b7f, not saving cache.
Operator app	Post Run actions/checkout@11d5960a326750d5838078e36cf38b85af677262	﻿2026-09-25T01:47:37.5320514Z Post job cleanup.
Operator app	Post Run actions/checkout@11d5960a326750d5838078e36cf38b85af677262	2026-09-25T01:47:37.6121776Z [command]/usr/bin/git version
Operator app	Post Run actions/checkout@11d5960a326750d5838078e36cf38b85af677262	2026-09-25T01:47:37.6166724Z git version 2.55.0
Operator app	Post Run actions/checkout@11d5960a326750d5838078e36cf38b85af677262	2026-09-25T01:47:37.6210098Z Temporarily overriding HOME='/home/runner/work/_temp/20c189f6-b3c8-41b6-a408-0a2a7bfed0a2' before making global git config changes
Operator app	Post Run actions/checkout@11d5960a326750d5838078e36cf38b85af677262	2026-09-25T01:47:37.6211513Z Adding repository directory to the temporary git global config as a safe directory
Operator app	Post Run actions/checkout@11d5960a326750d5838078e36cf38b85af677262	2026-09-25T01:47:37.6216230Z [command]/usr/bin/git config --global --add safe.directory /home/runner/work/rx-solutions/rx-solutions
Operator app	Post Run actions/checkout@11d5960a326750d5838078e36cf38b85af677262	2026-09-25T01:47:37.6252299Z [command]/usr/bin/git config --local --name-only --get-regexp core\.sshCommand
Operator app	Post Run actions/checkout@11d5960a326750d5838078e36cf38b85af677262	2026-09-25T01:47:37.6285499Z [command]/usr/bin/git submodule foreach --recursive sh -c "git config --local --name-only --get-regexp 'core\.sshCommand' && git config --local --unset-all 'core.sshCommand' || :"
Operator app	Post Run actions/checkout@11d5960a326750d5838078e36cf38b85af677262	2026-09-25T01:47:37.6491757Z [command]/usr/bin/git config --local --name-only --get-regexp http\.https\:\/\/github\.com\/\.extraheader
Operator app	Post Run actions/checkout@11d5960a326750d5838078e36cf38b85af677262	2026-09-25T01:47:37.6522989Z [command]/usr/bin/git submodule foreach --recursive sh -c "git config --local --name-only --get-regexp 'http\.https\:\/\/github\.com\/\.extraheader' && git config --local --unset-all 'http.https://github.com/.extraheader' || :"
Operator app	Post Run actions/checkout@11d5960a326750d5838078e36cf38b85af677262	2026-09-25T01:47:37.6726070Z [command]/usr/bin/git config --local --name-only --get-regexp ^includeIf\.gitdir:
Operator app	Post Run actions/checkout@11d5960a326750d5838078e36cf38b85af677262	2026-09-25T01:47:37.6758011Z [command]/usr/bin/git submodule foreach --recursive git config --local --show-origin --name-only --get-regexp remote.origin.url
Operator app	Complete job	﻿2026-09-25T01:47:37.7119252Z Cleaning up orphan processes
Operator app	Complete job	2026-09-25T01:47:37.7354356Z ##[warning]Node.js 20 is deprecated. The following actions target Node.js 20 but are being forced to run on Node.js 24: actions/checkout@11d5960a326750d5838078e36cf38b85af677262, actions/setup-node@49933ea5288caeca8642d1e84afbd3f7d6820020. For more information see: https://github.blog/changelog/2025-09-19-deprecation-of-node-20-on-github-actions-runners/
Branch CI	Set up job	﻿2026-09-25T01:52:34.6359064Z Current runner version: '2.337.0'
Branch CI	Set up job	2026-09-25T01:52:34.6385577Z ##[group]Runner Image Provisioner
Branch CI	Set up job	2026-09-25T01:52:34.6386828Z Hosted Compute Agent
Branch CI	Set up job	2026-09-25T01:52:34.6387580Z Version: 20260828.587
Branch CI	Set up job	2026-09-25T01:52:34.6388283Z Commit: abac92662cab4cc7352de4f9f9d2e2419aad9c29
Branch CI	Set up job	2026-09-25T01:52:34.6389132Z Build Date: 2026-08-28T16:44:25Z
Branch CI	Set up job	2026-09-25T01:52:34.6389948Z Worker ID: {ef81054d-e184-422d-873a-84c9e8d16766}
Branch CI	Set up job	2026-09-25T01:52:34.6390796Z Azure Region: eastus
Branch CI	Set up job	2026-09-25T01:52:34.6391486Z ##[endgroup]
Branch CI	Set up job	2026-09-25T01:52:34.6393050Z ##[group]Operating System
Branch CI	Set up job	2026-09-25T01:52:34.6393741Z Ubuntu
Branch CI	Set up job	2026-09-25T01:52:34.6394377Z 24.04.5
Branch CI	Set up job	2026-09-25T01:52:34.6394927Z LTS
Branch CI	Set up job	2026-09-25T01:52:34.6395499Z ##[endgroup]
Branch CI	Set up job	2026-09-25T01:52:34.6396162Z ##[group]Runner Image
Branch CI	Set up job	2026-09-25T01:52:34.6397222Z Image: ubuntu-24.04
Branch CI	Set up job	2026-09-25T01:52:34.6397899Z Version: 20260920.314.1
Branch CI	Set up job	2026-09-25T01:52:34.6399136Z Included Software: https://github.com/actions/runner-images/blob/ubuntu24/20260920.314/images/ubuntu/Ubuntu2404-Readme.md
Branch CI	Set up job	2026-09-25T01:52:34.6401217Z Image Release: https://github.com/actions/runner-images/releases/tag/ubuntu24%2F20260920.314
Branch CI	Set up job	2026-09-25T01:52:34.6402316Z ##[endgroup]
Branch CI	Set up job	2026-09-25T01:52:34.6403937Z ##[group]GITHUB_TOKEN Permissions
Branch CI	Set up job	2026-09-25T01:52:34.6406178Z Contents: read
Branch CI	Set up job	2026-09-25T01:52:34.6407110Z Metadata: read
Branch CI	Set up job	2026-09-25T01:52:34.6407698Z ##[endgroup]
Branch CI	Set up job	2026-09-25T01:52:34.6409787Z Secret source: Actions
Branch CI	Set up job	2026-09-25T01:52:34.6410925Z Cache mode: write
Branch CI	Set up job	2026-09-25T01:52:34.6411853Z Prepare workflow directory
Branch CI	Set up job	2026-09-25T01:52:34.6817906Z Prepare all required actions
Branch CI	Set up job	2026-09-25T01:52:34.6882180Z Complete job name: Branch CI
Branch CI	Require every validation job to pass	﻿2026-09-25T01:52:34.7679070Z ##[group]Run python3 - <<'PYTHON'
Branch CI	Require every validation job to pass	2026-09-25T01:52:34.7680004Z ^[[36;1mpython3 - <<'PYTHON'^[[0m
Branch CI	Require every validation job to pass	2026-09-25T01:52:34.7680698Z ^[[36;1mimport json, os, sys^[[0m
Branch CI	Require every validation job to pass	2026-09-25T01:52:34.7681485Z ^[[36;1mresults = json.loads(os.environ["NEEDS"])^[[0m
Branch CI	Require every validation job to pass	2026-09-25T01:52:34.7682774Z ^[[36;1mfailed = {name: value["result"] for name, value in results.items() if value["result"] != "success"}^[[0m
Branch CI	Require every validation job to pass	2026-09-25T01:52:34.7683966Z ^[[36;1mif failed:^[[0m
Branch CI	Require every validation job to pass	2026-09-25T01:52:34.7684734Z ^[[36;1m    sys.exit(f"Required validation jobs did not pass: {failed}")^[[0m
Branch CI	Require every validation job to pass	2026-09-25T01:52:34.7685685Z ^[[36;1mprint("All required validation jobs passed.")^[[0m
Branch CI	Require every validation job to pass	2026-09-25T01:52:34.7687051Z ^[[36;1mPYTHON^[[0m
Branch CI	Require every validation job to pass	2026-09-25T01:52:34.8410626Z shell: /usr/bin/bash --noprofile --norc -e -o pipefail {0}
Branch CI	Require every validation job to pass	2026-09-25T01:52:34.8412227Z env:
Branch CI	Require every validation job to pass	2026-09-25T01:52:34.8414315Z   NEEDS: {
Branch CI	Require every validation job to pass	  "repository": {
Branch CI	Require every validation job to pass	    "result": "success",
Branch CI	Require every validation job to pass	    "outputs": {}
Branch CI	Require every validation job to pass	  },
Branch CI	Require every validation job to pass	  "rust": {
Branch CI	Require every validation job to pass	    "result": "success",
Branch CI	Require every validation job to pass	    "outputs": {}
Branch CI	Require every validation job to pass	  },
Branch CI	Require every validation job to pass	  "operator": {
Branch CI	Require every validation job to pass	    "result": "success",
Branch CI	Require every validation job to pass	    "outputs": {}
Branch CI	Require every validation job to pass	  }
Branch CI	Require every validation job to pass	}
Branch CI	Require every validation job to pass	2026-09-25T01:52:34.8416909Z ##[endgroup]
Branch CI	Require every validation job to pass	2026-09-25T01:52:34.8850703Z All required validation jobs passed.
Branch CI	Complete job	﻿2026-09-25T01:52:34.9028246Z Cleaning up orphan processes
