Rust	Set up job	﻿2026-09-24T15:06:04.3866710Z Current runner version: '2.337.0'
Rust	Set up job	2026-09-24T15:06:04.3903868Z ##[group]Runner Image Provisioner
Rust	Set up job	2026-09-24T15:06:04.3905295Z Hosted Compute Agent
Rust	Set up job	2026-09-24T15:06:04.3906655Z Version: 20260828.587
Rust	Set up job	2026-09-24T15:06:04.3907799Z Commit: abac92662cab4cc7352de4f9f9d2e2419aad9c29
Rust	Set up job	2026-09-24T15:06:04.3908986Z Build Date: 2026-08-28T16:44:25Z
Rust	Set up job	2026-09-24T15:06:04.3910292Z Worker ID: {e131b670-4f4b-4ec3-ad59-70312c16fa69}
Rust	Set up job	2026-09-24T15:06:04.3911485Z Azure Region: eastus
Rust	Set up job	2026-09-24T15:06:04.3912894Z ##[endgroup]
Rust	Set up job	2026-09-24T15:06:04.3915203Z ##[group]Operating System
Rust	Set up job	2026-09-24T15:06:04.3916476Z Ubuntu
Rust	Set up job	2026-09-24T15:06:04.3917625Z 24.04.5
Rust	Set up job	2026-09-24T15:06:04.3918518Z LTS
Rust	Set up job	2026-09-24T15:06:04.3919370Z ##[endgroup]
Rust	Set up job	2026-09-24T15:06:04.3920337Z ##[group]Runner Image
Rust	Set up job	2026-09-24T15:06:04.3921340Z Image: ubuntu-24.04
Rust	Set up job	2026-09-24T15:06:04.3922369Z Version: 20260920.314.1
Rust	Set up job	2026-09-24T15:06:04.3924186Z Included Software: https://github.com/actions/runner-images/blob/ubuntu24/20260920.314/images/ubuntu/Ubuntu2404-Readme.md
Rust	Set up job	2026-09-24T15:06:04.3927539Z Image Release: https://github.com/actions/runner-images/releases/tag/ubuntu24%2F20260920.314
Rust	Set up job	2026-09-24T15:06:04.3929187Z ##[endgroup]
Rust	Set up job	2026-09-24T15:06:04.3931243Z ##[group]GITHUB_TOKEN Permissions
Rust	Set up job	2026-09-24T15:06:04.3934346Z Contents: read
Rust	Set up job	2026-09-24T15:06:04.3935351Z Metadata: read
Rust	Set up job	2026-09-24T15:06:04.3936492Z ##[endgroup]
Rust	Set up job	2026-09-24T15:06:04.3939662Z Secret source: Actions
Rust	Set up job	2026-09-24T15:06:04.3941228Z Cache mode: write
Rust	Set up job	2026-09-24T15:06:04.3942736Z Prepare workflow directory
Rust	Set up job	2026-09-24T15:06:04.4484731Z Prepare all required actions
Rust	Set up job	2026-09-24T15:06:04.4533004Z Getting action download info
Rust	Set up job	2026-09-24T15:06:04.6454489Z Download action repository 'actions/checkout@11d5960a326750d5838078e36cf38b85af677262' (SHA:11d5960a326750d5838078e36cf38b85af677262)
Rust	Set up job	2026-09-24T15:06:04.7521346Z Download action repository 'actions/cache@0057852bfaa89a56745cba8c7296529d2fc39830' (SHA:0057852bfaa89a56745cba8c7296529d2fc39830)
Rust	Set up job	2026-09-24T15:06:04.9543992Z Complete job name: Rust
Rust	Run actions/checkout@11d5960a326750d5838078e36cf38b85af677262	﻿2026-09-24T15:06:05.0331978Z ##[group]Run actions/checkout@11d5960a326750d5838078e36cf38b85af677262
Rust	Run actions/checkout@11d5960a326750d5838078e36cf38b85af677262	2026-09-24T15:06:05.0333098Z with:
Rust	Run actions/checkout@11d5960a326750d5838078e36cf38b85af677262	2026-09-24T15:06:05.0333557Z   persist-credentials: false
Rust	Run actions/checkout@11d5960a326750d5838078e36cf38b85af677262	2026-09-24T15:06:05.0334101Z   repository: jack0682/rx-platform
Rust	Run actions/checkout@11d5960a326750d5838078e36cf38b85af677262	2026-09-24T15:06:05.0337988Z   token: ***
Rust	Run actions/checkout@11d5960a326750d5838078e36cf38b85af677262	2026-09-24T15:06:05.0338473Z   ssh-strict: true
Rust	Run actions/checkout@11d5960a326750d5838078e36cf38b85af677262	2026-09-24T15:06:05.0338946Z   ssh-user: git
Rust	Run actions/checkout@11d5960a326750d5838078e36cf38b85af677262	2026-09-24T15:06:05.0339364Z   clean: true
Rust	Run actions/checkout@11d5960a326750d5838078e36cf38b85af677262	2026-09-24T15:06:05.0339804Z   sparse-checkout-cone-mode: true
Rust	Run actions/checkout@11d5960a326750d5838078e36cf38b85af677262	2026-09-24T15:06:05.0340322Z   fetch-depth: 1
Rust	Run actions/checkout@11d5960a326750d5838078e36cf38b85af677262	2026-09-24T15:06:05.0340763Z   fetch-tags: false
Rust	Run actions/checkout@11d5960a326750d5838078e36cf38b85af677262	2026-09-24T15:06:05.0341207Z   show-progress: true
Rust	Run actions/checkout@11d5960a326750d5838078e36cf38b85af677262	2026-09-24T15:06:05.0341649Z   lfs: false
Rust	Run actions/checkout@11d5960a326750d5838078e36cf38b85af677262	2026-09-24T15:06:05.0342059Z   submodules: false
Rust	Run actions/checkout@11d5960a326750d5838078e36cf38b85af677262	2026-09-24T15:06:05.0342511Z   set-safe-directory: true
Rust	Run actions/checkout@11d5960a326750d5838078e36cf38b85af677262	2026-09-24T15:06:05.0343017Z   allow-unsafe-pr-checkout: false
Rust	Run actions/checkout@11d5960a326750d5838078e36cf38b85af677262	2026-09-24T15:06:05.0343785Z env:
Rust	Run actions/checkout@11d5960a326750d5838078e36cf38b85af677262	2026-09-24T15:06:05.0344211Z   CARGO_TERM_COLOR: always
Rust	Run actions/checkout@11d5960a326750d5838078e36cf38b85af677262	2026-09-24T15:06:05.0344692Z   RUST_BACKTRACE: 1
Rust	Run actions/checkout@11d5960a326750d5838078e36cf38b85af677262	2026-09-24T15:06:05.0345117Z ##[endgroup]
Rust	Run actions/checkout@11d5960a326750d5838078e36cf38b85af677262	2026-09-24T15:06:05.1422622Z Syncing repository: jack0682/rx-platform
Rust	Run actions/checkout@11d5960a326750d5838078e36cf38b85af677262	2026-09-24T15:06:05.1425541Z ##[group]Getting Git version info
Rust	Run actions/checkout@11d5960a326750d5838078e36cf38b85af677262	2026-09-24T15:06:05.1427146Z Working directory is '/home/runner/work/rx-platform/rx-platform'
Rust	Run actions/checkout@11d5960a326750d5838078e36cf38b85af677262	2026-09-24T15:06:05.1429175Z [command]/usr/bin/git version
Rust	Run actions/checkout@11d5960a326750d5838078e36cf38b85af677262	2026-09-24T15:06:05.1502380Z git version 2.55.0
Rust	Run actions/checkout@11d5960a326750d5838078e36cf38b85af677262	2026-09-24T15:06:05.1560745Z ##[endgroup]
Rust	Run actions/checkout@11d5960a326750d5838078e36cf38b85af677262	2026-09-24T15:06:05.1570205Z Temporarily overriding HOME='/home/runner/work/_temp/410f9154-ba91-4708-98de-77205e104c96' before making global git config changes
Rust	Run actions/checkout@11d5960a326750d5838078e36cf38b85af677262	2026-09-24T15:06:05.1572907Z Adding repository directory to the temporary git global config as a safe directory
Rust	Run actions/checkout@11d5960a326750d5838078e36cf38b85af677262	2026-09-24T15:06:05.1575119Z [command]/usr/bin/git config --global --add safe.directory /home/runner/work/rx-platform/rx-platform
Rust	Run actions/checkout@11d5960a326750d5838078e36cf38b85af677262	2026-09-24T15:06:05.1630426Z Deleting the contents of '/home/runner/work/rx-platform/rx-platform'
Rust	Run actions/checkout@11d5960a326750d5838078e36cf38b85af677262	2026-09-24T15:06:05.1634905Z ##[group]Initializing the repository
Rust	Run actions/checkout@11d5960a326750d5838078e36cf38b85af677262	2026-09-24T15:06:05.1639345Z [command]/usr/bin/git init /home/runner/work/rx-platform/rx-platform
Rust	Run actions/checkout@11d5960a326750d5838078e36cf38b85af677262	2026-09-24T15:06:05.1740779Z hint: Using 'master' as the name for the initial branch. This default branch name
Rust	Run actions/checkout@11d5960a326750d5838078e36cf38b85af677262	2026-09-24T15:06:05.1742520Z hint: will change to "main" in Git 3.0. To configure the initial branch name
Rust	Run actions/checkout@11d5960a326750d5838078e36cf38b85af677262	2026-09-24T15:06:05.1744162Z hint: to use in all of your new repositories, which will suppress this warning,
Rust	Run actions/checkout@11d5960a326750d5838078e36cf38b85af677262	2026-09-24T15:06:05.1745360Z hint: call:
Rust	Run actions/checkout@11d5960a326750d5838078e36cf38b85af677262	2026-09-24T15:06:05.1745987Z hint:
Rust	Run actions/checkout@11d5960a326750d5838078e36cf38b85af677262	2026-09-24T15:06:05.1747138Z hint: 	git config --global init.defaultBranch <name>
Rust	Run actions/checkout@11d5960a326750d5838078e36cf38b85af677262	2026-09-24T15:06:05.1748201Z hint:
Rust	Run actions/checkout@11d5960a326750d5838078e36cf38b85af677262	2026-09-24T15:06:05.1749186Z hint: Names commonly chosen instead of 'master' are 'main', 'trunk' and
Rust	Run actions/checkout@11d5960a326750d5838078e36cf38b85af677262	2026-09-24T15:06:05.1750726Z hint: 'development'. The just-created branch can be renamed via this command:
Rust	Run actions/checkout@11d5960a326750d5838078e36cf38b85af677262	2026-09-24T15:06:05.1751925Z hint:
Rust	Run actions/checkout@11d5960a326750d5838078e36cf38b85af677262	2026-09-24T15:06:05.1752646Z hint: 	git branch -m <name>
Rust	Run actions/checkout@11d5960a326750d5838078e36cf38b85af677262	2026-09-24T15:06:05.1753473Z hint:
Rust	Run actions/checkout@11d5960a326750d5838078e36cf38b85af677262	2026-09-24T15:06:05.1754509Z hint: Disable this message with "git config set advice.defaultBranchName false"
Rust	Run actions/checkout@11d5960a326750d5838078e36cf38b85af677262	2026-09-24T15:06:05.1756437Z Initialized empty Git repository in /home/runner/work/rx-platform/rx-platform/.git/
Rust	Run actions/checkout@11d5960a326750d5838078e36cf38b85af677262	2026-09-24T15:06:05.1759454Z [command]/usr/bin/git remote add origin https://github.com/jack0682/rx-platform
Rust	Run actions/checkout@11d5960a326750d5838078e36cf38b85af677262	2026-09-24T15:06:05.1808818Z ##[endgroup]
Rust	Run actions/checkout@11d5960a326750d5838078e36cf38b85af677262	2026-09-24T15:06:05.1810104Z ##[group]Disabling automatic garbage collection
Rust	Run actions/checkout@11d5960a326750d5838078e36cf38b85af677262	2026-09-24T15:06:05.1813025Z [command]/usr/bin/git config --local gc.auto 0
Rust	Run actions/checkout@11d5960a326750d5838078e36cf38b85af677262	2026-09-24T15:06:05.1847941Z ##[endgroup]
Rust	Run actions/checkout@11d5960a326750d5838078e36cf38b85af677262	2026-09-24T15:06:05.1849201Z ##[group]Setting up auth
Rust	Run actions/checkout@11d5960a326750d5838078e36cf38b85af677262	2026-09-24T15:06:05.1855193Z [command]/usr/bin/git config --local --name-only --get-regexp core\.sshCommand
Rust	Run actions/checkout@11d5960a326750d5838078e36cf38b85af677262	2026-09-24T15:06:05.1890946Z [command]/usr/bin/git submodule foreach --recursive sh -c "git config --local --name-only --get-regexp 'core\.sshCommand' && git config --local --unset-all 'core.sshCommand' || :"
Rust	Run actions/checkout@11d5960a326750d5838078e36cf38b85af677262	2026-09-24T15:06:05.2273415Z [command]/usr/bin/git config --local --name-only --get-regexp http\.https\:\/\/github\.com\/\.extraheader
Rust	Run actions/checkout@11d5960a326750d5838078e36cf38b85af677262	2026-09-24T15:06:05.2318040Z [command]/usr/bin/git submodule foreach --recursive sh -c "git config --local --name-only --get-regexp 'http\.https\:\/\/github\.com\/\.extraheader' && git config --local --unset-all 'http.https://github.com/.extraheader' || :"
Rust	Run actions/checkout@11d5960a326750d5838078e36cf38b85af677262	2026-09-24T15:06:05.2550628Z [command]/usr/bin/git config --local --name-only --get-regexp ^includeIf\.gitdir:
Rust	Run actions/checkout@11d5960a326750d5838078e36cf38b85af677262	2026-09-24T15:06:05.2590197Z [command]/usr/bin/git submodule foreach --recursive git config --local --show-origin --name-only --get-regexp remote.origin.url
Rust	Run actions/checkout@11d5960a326750d5838078e36cf38b85af677262	2026-09-24T15:06:05.2820041Z [command]/usr/bin/git config --local http.https://github.com/.extraheader AUTHORIZATION: basic ***
Rust	Run actions/checkout@11d5960a326750d5838078e36cf38b85af677262	2026-09-24T15:06:05.2861938Z ##[endgroup]
Rust	Run actions/checkout@11d5960a326750d5838078e36cf38b85af677262	2026-09-24T15:06:05.2872226Z ##[group]Fetching the repository
Rust	Run actions/checkout@11d5960a326750d5838078e36cf38b85af677262	2026-09-24T15:06:05.2874898Z [command]/usr/bin/git -c protocol.version=2 fetch --no-tags --prune --no-recurse-submodules --depth=1 origin +1966319fbb9b17d840c930915235f7744ccde595:refs/remotes/origin/develop
Rust	Run actions/checkout@11d5960a326750d5838078e36cf38b85af677262	2026-09-24T15:06:05.6228214Z From https://github.com/jack0682/rx-platform
Rust	Run actions/checkout@11d5960a326750d5838078e36cf38b85af677262	2026-09-24T15:06:05.6229567Z  * [new ref]         1966319fbb9b17d840c930915235f7744ccde595 -> origin/develop
Rust	Run actions/checkout@11d5960a326750d5838078e36cf38b85af677262	2026-09-24T15:06:05.6232578Z ##[endgroup]
Rust	Run actions/checkout@11d5960a326750d5838078e36cf38b85af677262	2026-09-24T15:06:05.6233471Z ##[group]Determining the checkout info
Rust	Run actions/checkout@11d5960a326750d5838078e36cf38b85af677262	2026-09-24T15:06:05.6235086Z ##[endgroup]
Rust	Run actions/checkout@11d5960a326750d5838078e36cf38b85af677262	2026-09-24T15:06:05.6241997Z [command]/usr/bin/git sparse-checkout disable
Rust	Run actions/checkout@11d5960a326750d5838078e36cf38b85af677262	2026-09-24T15:06:05.6296089Z [command]/usr/bin/git config --local --unset-all extensions.worktreeConfig
Rust	Run actions/checkout@11d5960a326750d5838078e36cf38b85af677262	2026-09-24T15:06:05.6331355Z ##[group]Checking out the ref
Rust	Run actions/checkout@11d5960a326750d5838078e36cf38b85af677262	2026-09-24T15:06:05.6336547Z [command]/usr/bin/git checkout --progress --force -B develop refs/remotes/origin/develop
Rust	Run actions/checkout@11d5960a326750d5838078e36cf38b85af677262	2026-09-24T15:06:05.6758460Z Switched to a new branch 'develop'
Rust	Run actions/checkout@11d5960a326750d5838078e36cf38b85af677262	2026-09-24T15:06:05.6762186Z branch 'develop' set up to track 'origin/develop'.
Rust	Run actions/checkout@11d5960a326750d5838078e36cf38b85af677262	2026-09-24T15:06:05.6811806Z ##[endgroup]
Rust	Run actions/checkout@11d5960a326750d5838078e36cf38b85af677262	2026-09-24T15:06:05.6815579Z [command]/usr/bin/git log -1 --format=%H
Rust	Run actions/checkout@11d5960a326750d5838078e36cf38b85af677262	2026-09-24T15:06:05.6844468Z 1966319fbb9b17d840c930915235f7744ccde595
Rust	Run actions/checkout@11d5960a326750d5838078e36cf38b85af677262	2026-09-24T15:06:05.6855220Z ##[group]Removing auth
Rust	Run actions/checkout@11d5960a326750d5838078e36cf38b85af677262	2026-09-24T15:06:05.6860496Z [command]/usr/bin/git config --local --name-only --get-regexp core\.sshCommand
Rust	Run actions/checkout@11d5960a326750d5838078e36cf38b85af677262	2026-09-24T15:06:05.6897866Z [command]/usr/bin/git submodule foreach --recursive sh -c "git config --local --name-only --get-regexp 'core\.sshCommand' && git config --local --unset-all 'core.sshCommand' || :"
Rust	Run actions/checkout@11d5960a326750d5838078e36cf38b85af677262	2026-09-24T15:06:05.7130734Z [command]/usr/bin/git config --local --name-only --get-regexp http\.https\:\/\/github\.com\/\.extraheader
Rust	Run actions/checkout@11d5960a326750d5838078e36cf38b85af677262	2026-09-24T15:06:05.7161093Z http.https://github.com/.extraheader
Rust	Run actions/checkout@11d5960a326750d5838078e36cf38b85af677262	2026-09-24T15:06:05.7170556Z [command]/usr/bin/git config --local --unset-all http.https://github.com/.extraheader
Rust	Run actions/checkout@11d5960a326750d5838078e36cf38b85af677262	2026-09-24T15:06:05.7209443Z [command]/usr/bin/git submodule foreach --recursive sh -c "git config --local --name-only --get-regexp 'http\.https\:\/\/github\.com\/\.extraheader' && git config --local --unset-all 'http.https://github.com/.extraheader' || :"
Rust	Run actions/checkout@11d5960a326750d5838078e36cf38b85af677262	2026-09-24T15:06:05.7447439Z [command]/usr/bin/git config --local --name-only --get-regexp ^includeIf\.gitdir:
Rust	Run actions/checkout@11d5960a326750d5838078e36cf38b85af677262	2026-09-24T15:06:05.7485139Z [command]/usr/bin/git submodule foreach --recursive git config --local --show-origin --name-only --get-regexp remote.origin.url
Rust	Run actions/checkout@11d5960a326750d5838078e36cf38b85af677262	2026-09-24T15:06:05.7731194Z ##[endgroup]
Rust	Install repository Rust toolchain	﻿2026-09-24T15:06:05.7976662Z ##[group]Run toolchain=$(python3 -c 'import tomllib; print(tomllib.load(open("rust-toolchain.toml", "rb"))["toolchain"]["channel"])')
Rust	Install repository Rust toolchain	2026-09-24T15:06:05.7981099Z ^[[36;1mtoolchain=$(python3 -c 'import tomllib; print(tomllib.load(open("rust-toolchain.toml", "rb"))["toolchain"]["channel"])')^[[0m
Rust	Install repository Rust toolchain	2026-09-24T15:06:05.7984911Z ^[[36;1mrustup toolchain install "$toolchain" --profile minimal --component rustfmt --component clippy^[[0m
Rust	Install repository Rust toolchain	2026-09-24T15:06:05.8254638Z shell: /usr/bin/bash --noprofile --norc -e -o pipefail {0}
Rust	Install repository Rust toolchain	2026-09-24T15:06:05.8256729Z env:
Rust	Install repository Rust toolchain	2026-09-24T15:06:05.8257701Z   CARGO_TERM_COLOR: always
Rust	Install repository Rust toolchain	2026-09-24T15:06:05.8258839Z   RUST_BACKTRACE: 1
Rust	Install repository Rust toolchain	2026-09-24T15:06:05.8259795Z ##[endgroup]
Rust	Install repository Rust toolchain	2026-09-24T15:06:05.9090002Z info: syncing channel updates for 1.98.1-x86_64-unknown-linux-gnu
Rust	Install repository Rust toolchain	2026-09-24T15:06:06.0209683Z info: latest update on 2026-09-03 for version 1.98.1 (48a229cea 2026-09-01)
Rust	Install repository Rust toolchain	2026-09-24T15:06:06.0212444Z info: downloading 5 components
Rust	Install repository Rust toolchain	2026-09-24T15:06:13.9751776Z 
Rust	Install repository Rust toolchain	2026-09-24T15:06:13.9829200Z   1.98.1-x86_64-unknown-linux-gnu installed - rustc 1.98.1 (48a229cea 2026-09-01)
Rust	Install repository Rust toolchain	2026-09-24T15:06:13.9878476Z 
Rust	Run actions/cache@0057852bfaa89a56745cba8c7296529d2fc39830	﻿2026-09-24T15:06:14.0622696Z ##[group]Run actions/cache@0057852bfaa89a56745cba8c7296529d2fc39830
Rust	Run actions/cache@0057852bfaa89a56745cba8c7296529d2fc39830	2026-09-24T15:06:14.0623549Z with:
Rust	Run actions/cache@0057852bfaa89a56745cba8c7296529d2fc39830	2026-09-24T15:06:14.0624190Z   path: ~/.cargo/registry/index
Rust	Run actions/cache@0057852bfaa89a56745cba8c7296529d2fc39830	~/.cargo/registry/cache
Rust	Run actions/cache@0057852bfaa89a56745cba8c7296529d2fc39830	~/.cargo/git/db
Rust	Run actions/cache@0057852bfaa89a56745cba8c7296529d2fc39830	target
Rust	Run actions/cache@0057852bfaa89a56745cba8c7296529d2fc39830	
Rust	Run actions/cache@0057852bfaa89a56745cba8c7296529d2fc39830	2026-09-24T15:06:14.0625379Z   key: Linux-X64-rust-2392bc21c910933165eb1dace4f794eb8d755a9868039a4e3549d3d18eeaa5f6
Rust	Run actions/cache@0057852bfaa89a56745cba8c7296529d2fc39830	2026-09-24T15:06:14.0626551Z   enableCrossOsArchive: false
Rust	Run actions/cache@0057852bfaa89a56745cba8c7296529d2fc39830	2026-09-24T15:06:14.0627147Z   fail-on-cache-miss: false
Rust	Run actions/cache@0057852bfaa89a56745cba8c7296529d2fc39830	2026-09-24T15:06:14.0627665Z   lookup-only: false
Rust	Run actions/cache@0057852bfaa89a56745cba8c7296529d2fc39830	2026-09-24T15:06:14.0628147Z   save-always: false
Rust	Run actions/cache@0057852bfaa89a56745cba8c7296529d2fc39830	2026-09-24T15:06:14.0628617Z env:
Rust	Run actions/cache@0057852bfaa89a56745cba8c7296529d2fc39830	2026-09-24T15:06:14.0629040Z   CARGO_TERM_COLOR: always
Rust	Run actions/cache@0057852bfaa89a56745cba8c7296529d2fc39830	2026-09-24T15:06:14.0629556Z   RUST_BACKTRACE: 1
Rust	Run actions/cache@0057852bfaa89a56745cba8c7296529d2fc39830	2026-09-24T15:06:14.0630011Z ##[endgroup]
Rust	Run actions/cache@0057852bfaa89a56745cba8c7296529d2fc39830	2026-09-24T15:06:14.1685650Z (node:2381) [DEP0040] DeprecationWarning: The `punycode` module is deprecated. Please use a userland alternative instead.
Rust	Run actions/cache@0057852bfaa89a56745cba8c7296529d2fc39830	2026-09-24T15:06:14.1687160Z (Use `node --trace-deprecation ...` to show where the warning was created)
Rust	Run actions/cache@0057852bfaa89a56745cba8c7296529d2fc39830	2026-09-24T15:06:14.2290331Z Cache not found for input keys: Linux-X64-rust-2392bc21c910933165eb1dace4f794eb8d755a9868039a4e3549d3d18eeaa5f6
Rust	Check Rust formatting	﻿2026-09-24T15:06:14.2397163Z ##[group]Run cargo fmt --all -- --check
Rust	Check Rust formatting	2026-09-24T15:06:14.2397580Z ^[[36;1mcargo fmt --all -- --check^[[0m
Rust	Check Rust formatting	2026-09-24T15:06:14.2464416Z shell: /usr/bin/bash --noprofile --norc -e -o pipefail {0}
Rust	Check Rust formatting	2026-09-24T15:06:14.2464845Z env:
Rust	Check Rust formatting	2026-09-24T15:06:14.2465093Z   CARGO_TERM_COLOR: always
Rust	Check Rust formatting	2026-09-24T15:06:14.2465384Z   RUST_BACKTRACE: 1
Rust	Check Rust formatting	2026-09-24T15:06:14.2465636Z ##[endgroup]
Rust	Check Rust lints	﻿2026-09-24T15:06:15.6378415Z ##[group]Run cargo clippy --workspace --all-targets --all-features --locked -- -D warnings
Rust	Check Rust lints	2026-09-24T15:06:15.6379188Z ^[[36;1mcargo clippy --workspace --all-targets --all-features --locked -- -D warnings^[[0m
Rust	Check Rust lints	2026-09-24T15:06:15.6442871Z shell: /usr/bin/bash --noprofile --norc -e -o pipefail {0}
Rust	Check Rust lints	2026-09-24T15:06:15.6443514Z env:
Rust	Check Rust lints	2026-09-24T15:06:15.6443779Z   CARGO_TERM_COLOR: always
Rust	Check Rust lints	2026-09-24T15:06:15.6444062Z   RUST_BACKTRACE: 1
Rust	Check Rust lints	2026-09-24T15:06:15.6444302Z ##[endgroup]
Rust	Check Rust lints	2026-09-24T15:06:15.7291698Z ^[[1m^[[92m    Updating^[[0m crates.io index
Rust	Check Rust lints	2026-09-24T15:06:16.1973989Z ^[[1m^[[92m Downloading^[[0m crates ...
Rust	Check Rust lints	2026-09-24T15:06:16.2311702Z ^[[1m^[[92m  Downloaded^[[0m block-buffer v0.10.4
Rust	Check Rust lints	2026-09-24T15:06:16.2335797Z ^[[1m^[[92m  Downloaded^[[0m argon2 v0.5.3
Rust	Check Rust lints	2026-09-24T15:06:16.2363606Z ^[[1m^[[92m  Downloaded^[[0m asn1-rs v0.7.2
Rust	Check Rust lints	2026-09-24T15:06:16.2462485Z ^[[1m^[[92m  Downloaded^[[0m find-msvc-tools v0.1.12
Rust	Check Rust lints	2026-09-24T15:06:16.2479425Z ^[[1m^[[92m  Downloaded^[[0m idna_adapter v1.2.2
Rust	Check Rust lints	2026-09-24T15:06:16.2490342Z ^[[1m^[[92m  Downloaded^[[0m http v1.5.0
Rust	Check Rust lints	2026-09-24T15:06:16.2533493Z ^[[1m^[[92m  Downloaded^[[0m ambient-authority v0.0.2
Rust	Check Rust lints	2026-09-24T15:06:16.2548474Z ^[[1m^[[92m  Downloaded^[[0m data-encoding v2.11.1
Rust	Check Rust lints	2026-09-24T15:06:16.2560459Z ^[[1m^[[92m  Downloaded^[[0m aho-corasick v1.1.5
Rust	Check Rust lints	2026-09-24T15:06:16.2631407Z ^[[1m^[[92m  Downloaded^[[0m anyhow v1.0.104
Rust	Check Rust lints	2026-09-24T15:06:16.2690419Z ^[[1m^[[92m  Downloaded^[[0m base64ct v1.8.3
Rust	Check Rust lints	2026-09-24T15:06:16.2734501Z ^[[1m^[[92m  Downloaded^[[0m cfg_aliases v0.2.2
Rust	Check Rust lints	2026-09-24T15:06:16.2740438Z ^[[1m^[[92m  Downloaded^[[0m asn1-rs-impl v0.2.0
Rust	Check Rust lints	2026-09-24T15:06:16.2744737Z ^[[1m^[[92m  Downloaded^[[0m serde_path_to_error v0.1.20
Rust	Check Rust lints	2026-09-24T15:06:16.2762166Z ^[[1m^[[92m  Downloaded^[[0m chacha20 v0.10.2
Rust	Check Rust lints	2026-09-24T15:06:16.2788847Z ^[[1m^[[92m  Downloaded^[[0m lru-slab v0.1.2
Rust	Check Rust lints	2026-09-24T15:06:16.2797399Z ^[[1m^[[92m  Downloaded^[[0m multimap v0.10.1
Rust	Check Rust lints	2026-09-24T15:06:16.2810016Z ^[[1m^[[92m  Downloaded^[[0m powerfmt v0.2.0
Rust	Check Rust lints	2026-09-24T15:06:16.2822309Z ^[[1m^[[92m  Downloaded^[[0m block-buffer v0.12.1
Rust	Check Rust lints	2026-09-24T15:06:16.2834561Z ^[[1m^[[92m  Downloaded^[[0m cfg-if v1.0.4
Rust	Check Rust lints	2026-09-24T15:06:16.2849969Z ^[[1m^[[92m  Downloaded^[[0m unicase v2.9.0
Rust	Check Rust lints	2026-09-24T15:06:16.2864796Z ^[[1m^[[92m  Downloaded^[[0m yoke-derive v0.8.2
Rust	Check Rust lints	2026-09-24T15:06:16.2876336Z ^[[1m^[[92m  Downloaded^[[0m zerofrom-derive v0.1.7
Rust	Check Rust lints	2026-09-24T15:06:16.2887110Z ^[[1m^[[92m  Downloaded^[[0m zerovec-derive v0.11.6
Rust	Check Rust lints	2026-09-24T15:06:16.2905482Z ^[[1m^[[92m  Downloaded^[[0m axum v0.8.9
Rust	Check Rust lints	2026-09-24T15:06:16.2992927Z ^[[1m^[[92m  Downloaded^[[0m cap-std v4.0.3
Rust	Check Rust lints	2026-09-24T15:06:16.3025539Z ^[[1m^[[92m  Downloaded^[[0m h2 v0.4.19
Rust	Check Rust lints	2026-09-24T15:06:16.3101826Z ^[[1m^[[92m  Downloaded^[[0m rand_pcg v0.10.2
Rust	Check Rust lints	2026-09-24T15:06:16.3121936Z ^[[1m^[[92m  Downloaded^[[0m time v0.3.55
Rust	Check Rust lints	2026-09-24T15:06:16.3310490Z ^[[1m^[[92m  Downloaded^[[0m want v0.3.1
Rust	Check Rust lints	2026-09-24T15:06:16.3324816Z ^[[1m^[[92m  Downloaded^[[0m yasna v0.6.0
Rust	Check Rust lints	2026-09-24T15:06:16.3355293Z ^[[1m^[[92m  Downloaded^[[0m tracing-core v0.1.36
Rust	Check Rust lints	2026-09-24T15:06:16.3389210Z ^[[1m^[[92m  Downloaded^[[0m version_check v0.9.5
Rust	Check Rust lints	2026-09-24T15:06:16.3404881Z ^[[1m^[[92m  Downloaded^[[0m yoke v0.8.3
Rust	Check Rust lints	2026-09-24T15:06:16.3428802Z ^[[1m^[[92m  Downloaded^[[0m cap-fs-ext v4.0.3
Rust	Check Rust lints	2026-09-24T15:06:16.3450887Z ^[[1m^[[92m  Downloaded^[[0m rustc_version v0.4.1
Rust	Check Rust lints	2026-09-24T15:06:16.3468724Z ^[[1m^[[92m  Downloaded^[[0m rustls-pki-types v1.15.1
Rust	Check Rust lints	2026-09-24T15:06:16.3504237Z ^[[1m^[[92m  Downloaded^[[0m try-lock v0.2.5
Rust	Check Rust lints	2026-09-24T15:06:16.3523604Z ^[[1m^[[92m  Downloaded^[[0m uuid v1.26.1
Rust	Check Rust lints	2026-09-24T15:06:16.3572626Z ^[[1m^[[92m  Downloaded^[[0m log v0.4.34
Rust	Check Rust lints	2026-09-24T15:06:16.3607986Z ^[[1m^[[92m  Downloaded^[[0m tonic-build v0.14.6
Rust	Check Rust lints	2026-09-24T15:06:16.3628267Z ^[[1m^[[92m  Downloaded^[[0m tonic-prost v0.14.6
Rust	Check Rust lints	2026-09-24T15:06:16.3644656Z ^[[1m^[[92m  Downloaded^[[0m writeable v0.6.4
Rust	Check Rust lints	2026-09-24T15:06:16.3679491Z ^[[1m^[[92m  Downloaded^[[0m async-trait v0.1.92
Rust	Check Rust lints	2026-09-24T15:06:16.3745467Z ^[[1m^[[92m  Downloaded^[[0m bit-vec v0.9.1
Rust	Check Rust lints	2026-09-24T15:06:16.3779404Z ^[[1m^[[92m  Downloaded^[[0m equivalent v1.0.2
Rust	Check Rust lints	2026-09-24T15:06:16.3812297Z ^[[1m^[[92m  Downloaded^[[0m prost-reflect v0.16.5
Rust	Check Rust lints	2026-09-24T15:06:16.4023768Z ^[[1m^[[92m  Downloaded^[[0m tokio-util v0.7.19
Rust	Check Rust lints	2026-09-24T15:06:16.4105670Z ^[[1m^[[92m  Downloaded^[[0m tower v0.5.3
Rust	Check Rust lints	2026-09-24T15:06:16.4210507Z ^[[1m^[[92m  Downloaded^[[0m url v2.5.8
Rust	Check Rust lints	2026-09-24T15:06:16.4236253Z ^[[1m^[[92m  Downloaded^[[0m x509-parser v0.18.1
Rust	Check Rust lints	2026-09-24T15:06:16.4293945Z ^[[1m^[[92m  Downloaded^[[0m blake2 v0.10.6
Rust	Check Rust lints	2026-09-24T15:06:16.4320189Z ^[[1m^[[92m  Downloaded^[[0m fallible-iterator v0.3.0
Rust	Check Rust lints	2026-09-24T15:06:16.4332556Z ^[[1m^[[92m  Downloaded^[[0m pulldown-cmark v0.13.4
Rust	Check Rust lints	2026-09-24T15:06:16.4383338Z ^[[1m^[[92m  Downloaded^[[0m quinn-proto v0.11.17
Rust	Check Rust lints	2026-09-24T15:06:16.4450415Z ^[[1m^[[92m  Downloaded^[[0m serde_urlencoded v0.7.1
Rust	Check Rust lints	2026-09-24T15:06:16.4467822Z ^[[1m^[[92m  Downloaded^[[0m zmij v1.0.23
Rust	Check Rust lints	2026-09-24T15:06:16.4486081Z ^[[1m^[[92m  Downloaded^[[0m base64 v0.23.1
Rust	Check Rust lints	2026-09-24T15:06:16.4526388Z ^[[1m^[[92m  Downloaded^[[0m futures-sink v0.3.34
Rust	Check Rust lints	2026-09-24T15:06:16.4535388Z ^[[1m^[[92m  Downloaded^[[0m hyper-rustls v0.27.9
Rust	Check Rust lints	2026-09-24T15:06:16.4549986Z ^[[1m^[[92m  Downloaded^[[0m smallvec v1.16.0
Rust	Check Rust lints	2026-09-24T15:06:16.4563771Z ^[[1m^[[92m  Downloaded^[[0m vcpkg v0.2.15
Rust	Check Rust lints	2026-09-24T15:06:16.5121824Z ^[[1m^[[92m  Downloaded^[[0m zeroize v1.9.0
Rust	Check Rust lints	2026-09-24T15:06:16.5137647Z ^[[1m^[[92m  Downloaded^[[0m icu_properties v2.3.0
Rust	Check Rust lints	2026-09-24T15:06:16.5169611Z ^[[1m^[[92m  Downloaded^[[0m utf8_iter v1.0.4
Rust	Check Rust lints	2026-09-24T15:06:16.5180238Z ^[[1m^[[92m  Downloaded^[[0m zerovec v0.11.8
Rust	Check Rust lints	2026-09-24T15:06:16.5241908Z ^[[1m^[[92m  Downloaded^[[0m cc v1.4.5
Rust	Check Rust lints	2026-09-24T15:06:16.5273145Z ^[[1m^[[92m  Downloaded^[[0m cpufeatures v0.3.1
Rust	Check Rust lints	2026-09-24T15:06:16.5288171Z ^[[1m^[[92m  Downloaded^[[0m curve25519-dalek v5.0.0
Rust	Check Rust lints	2026-09-24T15:06:16.5381412Z ^[[1m^[[92m  Downloaded^[[0m digest v0.10.7
Rust	Check Rust lints	2026-09-24T15:06:16.5401323Z ^[[1m^[[92m  Downloaded^[[0m http-body-util v0.1.5
Rust	Check Rust lints	2026-09-24T15:06:16.5421849Z ^[[1m^[[92m  Downloaded^[[0m tonic v0.14.6
Rust	Check Rust lints	2026-09-24T15:06:16.5483645Z ^[[1m^[[92m  Downloaded^[[0m zerofrom v0.1.8
Rust	Check Rust lints	2026-09-24T15:06:16.5493712Z ^[[1m^[[92m  Downloaded^[[0m autocfg v1.5.1
Rust	Check Rust lints	2026-09-24T15:06:16.5512918Z ^[[1m^[[92m  Downloaded^[[0m bytes v1.12.1
Rust	Check Rust lints	2026-09-24T15:06:16.5549015Z ^[[1m^[[92m  Downloaded^[[0m generic-array v0.14.7
Rust	Check Rust lints	2026-09-24T15:06:16.5563754Z ^[[1m^[[92m  Downloaded^[[0m hybrid-array v0.4.15
Rust	Check Rust lints	2026-09-24T15:06:16.5586395Z ^[[1m^[[92m  Downloaded^[[0m io-lifetimes v2.0.4
Rust	Check Rust lints	2026-09-24T15:06:16.5603716Z ^[[1m^[[92m  Downloaded^[[0m io-lifetimes v3.0.1
Rust	Check Rust lints	2026-09-24T15:06:16.5620985Z ^[[1m^[[92m  Downloaded^[[0m mio v1.2.3
Rust	Check Rust lints	2026-09-24T15:06:16.5683877Z ^[[1m^[[92m  Downloaded^[[0m bitflags v2.13.2
Rust	Check Rust lints	2026-09-24T15:06:16.5730240Z ^[[1m^[[92m  Downloaded^[[0m cap-primitives v4.0.3
Rust	Check Rust lints	2026-09-24T15:06:16.5845387Z ^[[1m^[[92m  Downloaded^[[0m crypto-common v0.1.7
Rust	Check Rust lints	2026-09-24T15:06:16.5855209Z ^[[1m^[[92m  Downloaded^[[0m displaydoc v0.2.7
Rust	Check Rust lints	2026-09-24T15:06:16.5876089Z ^[[1m^[[92m  Downloaded^[[0m futures-core v0.3.34
Rust	Check Rust lints	2026-09-24T15:06:16.5890326Z ^[[1m^[[92m  Downloaded^[[0m hashbrown v0.15.5
Rust	Check Rust lints	2026-09-24T15:06:16.5939851Z ^[[1m^[[92m  Downloaded^[[0m hashlink v0.12.2
Rust	Check Rust lints	2026-09-24T15:06:16.5960407Z ^[[1m^[[92m  Downloaded^[[0m hyper-timeout v0.5.2
Rust	Check Rust lints	2026-09-24T15:06:16.5974765Z ^[[1m^[[92m  Downloaded^[[0m ipnet v2.12.2
Rust	Check Rust lints	2026-09-24T15:06:16.5991974Z ^[[1m^[[92m  Downloaded^[[0m matchit v0.8.4
Rust	Check Rust lints	2026-09-24T15:06:16.6014184Z ^[[1m^[[92m  Downloaded^[[0m protoc-bin-vendored v3.2.0
Rust	Check Rust lints	2026-09-24T15:06:16.6023734Z ^[[1m^[[92m  Downloaded^[[0m futures-channel v0.3.34
Rust	Check Rust lints	2026-09-24T15:06:16.6043015Z ^[[1m^[[92m  Downloaded^[[0m zerotrie v0.2.5
Rust	Check Rust lints	2026-09-24T15:06:16.6085238Z ^[[1m^[[92m  Downloaded^[[0m atomic-waker v1.1.2
Rust	Check Rust lints	2026-09-24T15:06:16.6098935Z ^[[1m^[[92m  Downloaded^[[0m pin-project v1.1.13
Rust	Check Rust lints	2026-09-24T15:06:16.6238589Z ^[[1m^[[92m  Downloaded^[[0m num-integer v0.1.47
Rust	Check Rust lints	2026-09-24T15:06:16.6255462Z ^[[1m^[[92m  Downloaded^[[0m pin-project-internal v1.1.13
Rust	Check Rust lints	2026-09-24T15:06:16.6271436Z ^[[1m^[[92m  Downloaded^[[0m cpufeatures v0.2.17
Rust	Check Rust lints	2026-09-24T15:06:16.6286091Z ^[[1m^[[92m  Downloaded^[[0m percent-encoding v2.3.2
Rust	Check Rust lints	2026-09-24T15:06:16.6295353Z ^[[1m^[[92m  Downloaded^[[0m pkg-config v0.3.34
Rust	Check Rust lints	2026-09-24T15:06:16.6310914Z ^[[1m^[[92m  Downloaded^[[0m rustix-linux-procfs v0.1.1
Rust	Check Rust lints	2026-09-24T15:06:16.6322794Z ^[[1m^[[92m  Downloaded^[[0m crypto-common v0.2.2
Rust	Check Rust lints	2026-09-24T15:06:16.6334360Z ^[[1m^[[92m  Downloaded^[[0m ed25519 v3.0.0
Rust	Check Rust lints	2026-09-24T15:06:16.6352507Z ^[[1m^[[92m  Downloaded^[[0m either v1.18.0
Rust	Check Rust lints	2026-09-24T15:06:16.6368122Z ^[[1m^[[92m  Downloaded^[[0m foldhash v0.1.5
Rust	Check Rust lints	2026-09-24T15:06:16.6380896Z ^[[1m^[[92m  Downloaded^[[0m httpdate v1.0.3
Rust	Check Rust lints	2026-09-24T15:06:16.6393345Z ^[[1m^[[92m  Downloaded^[[0m fnv v1.0.7
Rust	Check Rust lints	2026-09-24T15:06:16.6402540Z ^[[1m^[[92m  Downloaded^[[0m litemap v0.8.3
Rust	Check Rust lints	2026-09-24T15:06:16.6426053Z ^[[1m^[[92m  Downloaded^[[0m oid-registry v0.8.1
Rust	Check Rust lints	2026-09-24T15:06:16.6439360Z ^[[1m^[[92m  Downloaded^[[0m untrusted v0.9.0
Rust	Check Rust lints	2026-09-24T15:06:16.6456324Z ^[[1m^[[92m  Downloaded^[[0m itoa v1.0.18
Rust	Check Rust lints	2026-09-24T15:06:16.6471483Z ^[[1m^[[92m  Downloaded^[[0m fs-set-times v0.20.3
Rust	Check Rust lints	2026-09-24T15:06:16.6485817Z ^[[1m^[[92m  Downloaded^[[0m heck v0.5.0
Rust	Check Rust lints	2026-09-24T15:06:16.6499844Z ^[[1m^[[92m  Downloaded^[[0m hyper-util v0.1.20
Rust	Check Rust lints	2026-09-24T15:06:16.6562691Z ^[[1m^[[92m  Downloaded^[[0m subtle v2.6.1
Rust	Check Rust lints	2026-09-24T15:06:16.6575085Z ^[[1m^[[92m  Downloaded^[[0m asn1-rs-derive v0.6.0
Rust	Check Rust lints	2026-09-24T15:06:16.6586202Z ^[[1m^[[92m  Downloaded^[[0m tinystr v0.8.4
Rust	Check Rust lints	2026-09-24T15:06:16.6607535Z ^[[1m^[[92m  Downloaded^[[0m lazy_static v1.5.0
Rust	Check Rust lints	2026-09-24T15:06:16.6626016Z ^[[1m^[[92m  Downloaded^[[0m getrandom v0.4.3
Rust	Check Rust lints	2026-09-24T15:06:16.6665030Z ^[[1m^[[92m  Downloaded^[[0m http-body v1.1.0
Rust	Check Rust lints	2026-09-24T15:06:16.6676061Z ^[[1m^[[92m  Downloaded^[[0m rustc-hash v2.1.3
Rust	Check Rust lints	2026-09-24T15:06:16.6689960Z ^[[1m^[[92m  Downloaded^[[0m sync_wrapper v1.0.2
Rust	Check Rust lints	2026-09-24T15:06:16.6698431Z ^[[1m^[[92m  Downloaded^[[0m axum-core v0.5.6
Rust	Check Rust lints	2026-09-24T15:06:16.6721176Z ^[[1m^[[92m  Downloaded^[[0m digest v0.11.3
Rust	Check Rust lints	2026-09-24T15:06:16.6746159Z ^[[1m^[[92m  Downloaded^[[0m fallible-streaming-iterator v0.1.9
Rust	Check Rust lints	2026-09-24T15:06:16.6756119Z ^[[1m^[[92m  Downloaded^[[0m futures-task v0.3.34
Rust	Check Rust lints	2026-09-24T15:06:16.6769296Z ^[[1m^[[92m  Downloaded^[[0m fixedbitset v0.5.7
Rust	Check Rust lints	2026-09-24T15:06:16.6788520Z ^[[1m^[[92m  Downloaded^[[0m tokio-macros v2.7.2
Rust	Check Rust lints	2026-09-24T15:06:16.6799835Z ^[[1m^[[92m  Downloaded^[[0m curve25519-dalek-derive v0.1.1
Rust	Check Rust lints	2026-09-24T15:06:16.6810940Z ^[[1m^[[92m  Downloaded^[[0m der-parser v10.0.0
Rust	Check Rust lints	2026-09-24T15:06:16.6847416Z ^[[1m^[[92m  Downloaded^[[0m errno v0.3.14
Rust	Check Rust lints	2026-09-24T15:06:16.6863209Z ^[[1m^[[92m  Downloaded^[[0m foldhash v0.2.0
Rust	Check Rust lints	2026-09-24T15:06:16.6876116Z ^[[1m^[[92m  Downloaded^[[0m form_urlencoded v1.2.2
Rust	Check Rust lints	2026-09-24T15:06:16.6884701Z ^[[1m^[[92m  Downloaded^[[0m io-extras v0.19.0
Rust	Check Rust lints	2026-09-24T15:06:16.6907804Z ^[[1m^[[92m  Downloaded^[[0m synstructure v0.13.2
Rust	Check Rust lints	2026-09-24T15:06:16.6918598Z ^[[1m^[[92m  Downloaded^[[0m deranged v0.5.8
Rust	Check Rust lints	2026-09-24T15:06:16.6932979Z ^[[1m^[[92m  Downloaded^[[0m fastrand v2.5.0
Rust	Check Rust lints	2026-09-24T15:06:16.6947704Z ^[[1m^[[92m  Downloaded^[[0m getrandom v0.2.17
Rust	Check Rust lints	2026-09-24T15:06:16.6977899Z ^[[1m^[[92m  Downloaded^[[0m semver v1.0.28
Rust	Check Rust lints	2026-09-24T15:06:16.7001693Z ^[[1m^[[92m  Downloaded^[[0m thiserror v2.0.20
Rust	Check Rust lints	2026-09-24T15:06:16.7069041Z ^[[1m^[[92m  Downloaded^[[0m tower-service v0.3.3
Rust	Check Rust lints	2026-09-24T15:06:16.7077307Z ^[[1m^[[92m  Downloaded^[[0m httparse v1.10.1
Rust	Check Rust lints	2026-09-24T15:06:16.7102785Z ^[[1m^[[92m  Downloaded^[[0m icu_normalizer_data v2.3.0
Rust	Check Rust lints	2026-09-24T15:06:16.7124149Z ^[[1m^[[92m  Downloaded^[[0m icu_provider v2.3.1
Rust	Check Rust lints	2026-09-24T15:06:16.7151351Z ^[[1m^[[92m  Downloaded^[[0m itertools v0.14.0
Rust	Check Rust lints	2026-09-24T15:06:16.7222522Z ^[[1m^[[92m  Downloaded^[[0m password-hash v0.5.0
Rust	Check Rust lints	2026-09-24T15:06:16.7241242Z ^[[1m^[[92m  Downloaded^[[0m quinn-udp v0.5.15
Rust	Check Rust lints	2026-09-24T15:06:16.7259050Z ^[[1m^[[92m  Downloaded^[[0m ryu-js v0.2.2
Rust	Check Rust lints	2026-09-24T15:06:16.7292133Z ^[[1m^[[92m  Downloaded^[[0m serde_core v1.0.229
Rust	Check Rust lints	2026-09-24T15:06:16.7319942Z ^[[1m^[[92m  Downloaded^[[0m serde_derive v1.0.229
Rust	Check Rust lints	2026-09-24T15:06:16.7351430Z ^[[1m^[[92m  Downloaded^[[0m serde_jcs v0.2.0
Rust	Check Rust lints	2026-09-24T15:06:16.7375635Z ^[[1m^[[92m  Downloaded^[[0m sha2 v0.11.0
Rust	Check Rust lints	2026-09-24T15:06:16.7414394Z ^[[1m^[[92m  Downloaded^[[0m socket2 v0.6.5
Rust	Check Rust lints	2026-09-24T15:06:16.7432996Z ^[[1m^[[92m  Downloaded^[[0m tinyvec v1.13.2
Rust	Check Rust lints	2026-09-24T15:06:16.7468438Z ^[[1m^[[92m  Downloaded^[[0m icu_locale_core v2.3.0
Rust	Check Rust lints	2026-09-24T15:06:16.7540540Z ^[[1m^[[92m  Downloaded^[[0m maybe-owned v0.3.4
Rust	Check Rust lints	2026-09-24T15:06:16.7553810Z ^[[1m^[[92m  Downloaded^[[0m serde v1.0.229
Rust	Check Rust lints	2026-09-24T15:06:16.7589934Z ^[[1m^[[92m  Downloaded^[[0m icu_collections v2.3.0
Rust	Check Rust lints	2026-09-24T15:06:16.7653808Z ^[[1m^[[92m  Downloaded^[[0m rustls-webpki v0.103.15
Rust	Check Rust lints	2026-09-24T15:06:16.7685168Z ^[[1m^[[92m  Downloaded^[[0m ryu v1.0.23
Rust	Check Rust lints	2026-09-24T15:06:16.7719647Z ^[[1m^[[92m  Downloaded^[[0m signal-hook-registry v1.4.8
Rust	Check Rust lints	2026-09-24T15:06:16.7731928Z ^[[1m^[[92m  Downloaded^[[0m stable_deref_trait v1.2.1
Rust	Check Rust lints	2026-09-24T15:06:16.7741170Z ^[[1m^[[92m  Downloaded^[[0m tonic-prost-build v0.14.6
Rust	Check Rust lints	2026-09-24T15:06:16.7751240Z ^[[1m^[[92m  Downloaded^[[0m rusticata-macros v4.1.0
Rust	Check Rust lints	2026-09-24T15:06:16.7767300Z ^[[1m^[[92m  Downloaded^[[0m tower-layer v0.3.3
Rust	Check Rust lints	2026-09-24T15:06:16.7778253Z ^[[1m^[[92m  Downloaded^[[0m signature v3.0.0
Rust	Check Rust lints	2026-09-24T15:06:16.7791985Z ^[[1m^[[92m  Downloaded^[[0m time-core v0.1.9
Rust	Check Rust lints	2026-09-24T15:06:16.7803435Z ^[[1m^[[92m  Downloaded^[[0m icu_properties_data v2.3.0
Rust	Check Rust lints	2026-09-24T15:06:16.7915438Z ^[[1m^[[92m  Downloaded^[[0m idna v1.1.0
Rust	Check Rust lints	2026-09-24T15:06:16.7950174Z ^[[1m^[[92m  Downloaded^[[0m indexmap v2.14.2
Rust	Check Rust lints	2026-09-24T15:06:16.7995678Z ^[[1m^[[92m  Downloaded^[[0m mime v0.3.17
Rust	Check Rust lints	2026-09-24T15:06:16.8009648Z ^[[1m^[[92m  Downloaded^[[0m num-conv v0.2.2
Rust	Check Rust lints	2026-09-24T15:06:16.8018376Z ^[[1m^[[92m  Downloaded^[[0m potential_utf v0.1.6
Rust	Check Rust lints	2026-09-24T15:06:16.8029804Z ^[[1m^[[92m  Downloaded^[[0m shlex v2.0.1
Rust	Check Rust lints	2026-09-24T15:06:16.8043235Z ^[[1m^[[92m  Downloaded^[[0m base64 v0.22.1
Rust	Check Rust lints	2026-09-24T15:06:16.8081591Z ^[[1m^[[92m  Downloaded^[[0m ed25519-dalek v3.0.0
Rust	Check Rust lints	2026-09-24T15:06:16.8114954Z ^[[1m^[[92m  Downloaded^[[0m rand_core v0.6.4
Rust	Check Rust lints	2026-09-24T15:06:16.8129018Z ^[[1m^[[92m  Downloaded^[[0m tokio-stream v0.1.19
Rust	Check Rust lints	2026-09-24T15:06:16.8182262Z ^[[1m^[[92m  Downloaded^[[0m hashbrown v0.17.1
Rust	Check Rust lints	2026-09-24T15:06:16.8235782Z ^[[1m^[[92m  Downloaded^[[0m quote v1.0.47
Rust	Check Rust lints	2026-09-24T15:06:16.8264108Z ^[[1m^[[92m  Downloaded^[[0m slab v0.4.12
Rust	Check Rust lints	2026-09-24T15:06:16.8277538Z ^[[1m^[[92m  Downloaded^[[0m thiserror-impl v2.0.20
Rust	Check Rust lints	2026-09-24T15:06:16.8292608Z ^[[1m^[[92m  Downloaded^[[0m tinyvec_macros v0.1.1
Rust	Check Rust lints	2026-09-24T15:06:16.8301313Z ^[[1m^[[92m  Downloaded^[[0m tokio-rustls v0.26.5
Rust	Check Rust lints	2026-09-24T15:06:16.8317881Z ^[[1m^[[92m  Downloaded^[[0m hyper v1.11.1
Rust	Check Rust lints	2026-09-24T15:06:16.8388579Z ^[[1m^[[92m  Downloaded^[[0m num-traits v0.2.19
Rust	Check Rust lints	2026-09-24T15:06:16.8415434Z ^[[1m^[[92m  Downloaded^[[0m pin-project-lite v0.2.17
Rust	Check Rust lints	2026-09-24T15:06:16.8475770Z ^[[1m^[[92m  Downloaded^[[0m sha2 v0.10.9
Rust	Check Rust lints	2026-09-24T15:06:16.8502076Z ^[[1m^[[92m  Downloaded^[[0m futures-util v0.3.34
Rust	Check Rust lints	2026-09-24T15:06:16.8641847Z ^[[1m^[[92m  Downloaded^[[0m once_cell v1.21.4
Rust	Check Rust lints	2026-09-24T15:06:16.8667966Z ^[[1m^[[92m  Downloaded^[[0m prost-build v0.14.4
Rust	Check Rust lints	2026-09-24T15:06:16.8704294Z ^[[1m^[[92m  Downloaded^[[0m prost-derive v0.14.4
Rust	Check Rust lints	2026-09-24T15:06:16.8718151Z ^[[1m^[[92m  Downloaded^[[0m rand_core v0.10.1
Rust	Check Rust lints	2026-09-24T15:06:16.8735102Z ^[[1m^[[92m  Downloaded^[[0m serde_json v1.0.151
Rust	Check Rust lints	2026-09-24T15:06:16.8809547Z ^[[1m^[[92m  Downloaded^[[0m time-macros v0.2.32
Rust	Check Rust lints	2026-09-24T15:06:16.8834580Z ^[[1m^[[92m  Downloaded^[[0m tracing-attributes v0.1.31
Rust	Check Rust lints	2026-09-24T15:06:16.8861689Z ^[[1m^[[92m  Downloaded^[[0m pem v4.0.0
Rust	Check Rust lints	2026-09-24T15:06:16.8876171Z ^[[1m^[[92m  Downloaded^[[0m prost v0.14.4
Rust	Check Rust lints	2026-09-24T15:06:16.8893415Z ^[[1m^[[92m  Downloaded^[[0m prost-types v0.14.4
Rust	Check Rust lints	2026-09-24T15:06:16.8911017Z ^[[1m^[[92m  Downloaded^[[0m pulldown-cmark-to-cmark v22.0.1
Rust	Check Rust lints	2026-09-24T15:06:16.8924533Z ^[[1m^[[92m  Downloaded^[[0m rcgen v0.14.10
Rust	Check Rust lints	2026-09-24T15:06:16.8948963Z ^[[1m^[[92m  Downloaded^[[0m tempfile v3.27.0
Rust	Check Rust lints	2026-09-24T15:06:16.8975066Z ^[[1m^[[92m  Downloaded^[[0m tower-http v0.6.11
Rust	Check Rust lints	2026-09-24T15:06:16.9072343Z ^[[1m^[[92m  Downloaded^[[0m unicode-ident v1.0.24
Rust	Check Rust lints	2026-09-24T15:06:16.9100980Z ^[[1m^[[92m  Downloaded^[[0m prettyplease v0.2.37
Rust	Check Rust lints	2026-09-24T15:06:16.9137043Z ^[[1m^[[92m  Downloaded^[[0m proc-macro2 v1.0.107
Rust	Check Rust lints	2026-09-24T15:06:16.9167357Z ^[[1m^[[92m  Downloaded^[[0m minimal-lexical v0.2.1
Rust	Check Rust lints	2026-09-24T15:06:16.9214184Z ^[[1m^[[92m  Downloaded^[[0m memchr v2.8.3
Rust	Check Rust lints	2026-09-24T15:06:16.9270590Z ^[[1m^[[92m  Downloaded^[[0m quinn v0.11.11
Rust	Check Rust lints	2026-09-24T15:06:16.9304021Z ^[[1m^[[92m  Downloaded^[[0m typenum v1.20.1
Rust	Check Rust lints	2026-09-24T15:06:16.9340031Z ^[[1m^[[92m  Downloaded^[[0m rand v0.10.2
Rust	Check Rust lints	2026-09-24T15:06:16.9378328Z ^[[1m^[[92m  Downloaded^[[0m reqwest v0.12.28
Rust	Check Rust lints	2026-09-24T15:06:16.9433918Z ^[[1m^[[92m  Downloaded^[[0m nom v7.1.3
Rust	Check Rust lints	2026-09-24T15:06:16.9485668Z ^[[1m^[[92m  Downloaded^[[0m num-bigint v0.4.8
Rust	Check Rust lints	2026-09-24T15:06:16.9534354Z ^[[1m^[[92m  Downloaded^[[0m regex v1.13.1
Rust	Check Rust lints	2026-09-24T15:06:16.9588777Z ^[[1m^[[92m  Downloaded^[[0m rusqlite v0.40.2
Rust	Check Rust lints	2026-09-24T15:06:16.9657678Z ^[[1m^[[92m  Downloaded^[[0m icu_normalizer v2.3.0
Rust	Check Rust lints	2026-09-24T15:06:16.9752126Z ^[[1m^[[92m  Downloaded^[[0m libc v0.2.189
Rust	Check Rust lints	2026-09-24T15:06:17.0196337Z ^[[1m^[[92m  Downloaded^[[0m syn v2.0.119
Rust	Check Rust lints	2026-09-24T15:06:17.0303359Z ^[[1m^[[92m  Downloaded^[[0m syn v3.0.5
Rust	Check Rust lints	2026-09-24T15:06:17.0411598Z ^[[1m^[[92m  Downloaded^[[0m rustls v0.23.44
Rust	Check Rust lints	2026-09-24T15:06:17.0531660Z ^[[1m^[[92m  Downloaded^[[0m regex-syntax v0.8.11
Rust	Check Rust lints	2026-09-24T15:06:17.0598948Z ^[[1m^[[92m  Downloaded^[[0m tracing v0.1.44
Rust	Check Rust lints	2026-09-24T15:06:17.0760314Z ^[[1m^[[92m  Downloaded^[[0m rustix v1.1.4
Rust	Check Rust lints	2026-09-24T15:06:17.1040502Z ^[[1m^[[92m  Downloaded^[[0m regex-automata v0.4.18
Rust	Check Rust lints	2026-09-24T15:06:17.1236775Z ^[[1m^[[92m  Downloaded^[[0m petgraph v0.8.3
Rust	Check Rust lints	2026-09-24T15:06:17.1449086Z ^[[1m^[[92m  Downloaded^[[0m tokio v1.53.1
Rust	Check Rust lints	2026-09-24T15:06:17.1917365Z ^[[1m^[[92m  Downloaded^[[0m ring v0.17.14
Rust	Check Rust lints	2026-09-24T15:06:17.2342001Z ^[[1m^[[92m  Downloaded^[[0m linux-raw-sys v0.12.1
Rust	Check Rust lints	2026-09-24T15:06:17.2967006Z ^[[1m^[[92m  Downloaded^[[0m protoc-bin-vendored-linux-x86_32 v3.2.0
Rust	Check Rust lints	2026-09-24T15:06:17.3352851Z ^[[1m^[[92m  Downloaded^[[0m protoc-bin-vendored-linux-aarch_64 v3.2.0
Rust	Check Rust lints	2026-09-24T15:06:17.3720695Z ^[[1m^[[92m  Downloaded^[[0m protoc-bin-vendored-macos-aarch_64 v3.2.0
Rust	Check Rust lints	2026-09-24T15:06:17.3993297Z ^[[1m^[[92m  Downloaded^[[0m protoc-bin-vendored-macos-x86_64 v3.2.0
Rust	Check Rust lints	2026-09-24T15:06:17.4274555Z ^[[1m^[[92m  Downloaded^[[0m libsqlite3-sys v0.38.2
Rust	Check Rust lints	2026-09-24T15:06:17.4869261Z ^[[1m^[[92m  Downloaded^[[0m protoc-bin-vendored-linux-x86_64 v3.2.0
Rust	Check Rust lints	2026-09-24T15:06:17.5225087Z ^[[1m^[[92m  Downloaded^[[0m protoc-bin-vendored-win32 v3.2.0
Rust	Check Rust lints	2026-09-24T15:06:17.5604762Z ^[[1m^[[92m  Downloaded^[[0m protoc-bin-vendored-linux-s390_64 v3.2.0
Rust	Check Rust lints	2026-09-24T15:06:17.6060061Z ^[[1m^[[92m  Downloaded^[[0m protoc-bin-vendored-linux-ppcle_64 v3.2.0
Rust	Check Rust lints	2026-09-24T15:06:17.7710266Z ^[[1m^[[92m   Compiling^[[0m proc-macro2 v1.0.107
Rust	Check Rust lints	2026-09-24T15:06:17.7711733Z ^[[1m^[[92m   Compiling^[[0m quote v1.0.47
Rust	Check Rust lints	2026-09-24T15:06:17.7712777Z ^[[1m^[[92m   Compiling^[[0m unicode-ident v1.0.24
Rust	Check Rust lints	2026-09-24T15:06:17.7713419Z ^[[1m^[[92m   Compiling^[[0m libc v0.2.189
Rust	Check Rust lints	2026-09-24T15:06:17.8350194Z ^[[1m^[[92m    Checking^[[0m cfg-if v1.0.4
Rust	Check Rust lints	2026-09-24T15:06:17.8647444Z ^[[1m^[[92m    Checking^[[0m itoa v1.0.18
Rust	Check Rust lints	2026-09-24T15:06:17.9526605Z ^[[1m^[[92m   Compiling^[[0m version_check v0.9.5
Rust	Check Rust lints	2026-09-24T15:06:17.9557964Z ^[[1m^[[92m    Checking^[[0m typenum v1.20.1
Rust	Check Rust lints	2026-09-24T15:06:18.1697884Z ^[[1m^[[92m   Compiling^[[0m generic-array v0.14.7
Rust	Check Rust lints	2026-09-24T15:06:18.2797908Z ^[[1m^[[92m    Checking^[[0m subtle v2.6.1
Rust	Check Rust lints	2026-09-24T15:06:18.3597760Z ^[[1m^[[92m   Compiling^[[0m serde_core v1.0.229
Rust	Check Rust lints	2026-09-24T15:06:18.6337689Z ^[[1m^[[92m   Compiling^[[0m zmij v1.0.23
Rust	Check Rust lints	2026-09-24T15:06:18.7288194Z ^[[1m^[[92m   Compiling^[[0m syn v3.0.5
Rust	Check Rust lints	2026-09-24T15:06:18.7947680Z ^[[1m^[[92m   Compiling^[[0m syn v2.0.119
Rust	Check Rust lints	2026-09-24T15:06:18.9277713Z ^[[1m^[[92m    Checking^[[0m once_cell v1.21.4
Rust	Check Rust lints	2026-09-24T15:06:19.0387900Z ^[[1m^[[92m   Compiling^[[0m getrandom v0.4.3
Rust	Check Rust lints	2026-09-24T15:06:19.1747649Z ^[[1m^[[92m    Checking^[[0m memchr v2.8.3
Rust	Check Rust lints	2026-09-24T15:06:19.5787911Z ^[[1m^[[92m   Compiling^[[0m serde v1.0.229
Rust	Check Rust lints	2026-09-24T15:06:19.7787661Z ^[[1m^[[92m   Compiling^[[0m serde_json v1.0.151
Rust	Check Rust lints	2026-09-24T15:06:20.6698546Z ^[[1m^[[92m    Checking^[[0m crypto-common v0.1.7
Rust	Check Rust lints	2026-09-24T15:06:20.7264859Z ^[[1m^[[92m    Checking^[[0m block-buffer v0.10.4
Rust	Check Rust lints	2026-09-24T15:06:20.7968116Z ^[[1m^[[92m   Compiling^[[0m find-msvc-tools v0.1.12
Rust	Check Rust lints	2026-09-24T15:06:20.9659490Z ^[[1m^[[92m   Compiling^[[0m shlex v2.0.1
Rust	Check Rust lints	2026-09-24T15:06:21.0797670Z ^[[1m^[[92m   Compiling^[[0m cc v1.4.5
Rust	Check Rust lints	2026-09-24T15:06:21.7448350Z ^[[1m^[[92m    Checking^[[0m digest v0.10.7
Rust	Check Rust lints	2026-09-24T15:06:21.9766697Z ^[[1m^[[92m    Checking^[[0m cpufeatures v0.2.17
Rust	Check Rust lints	2026-09-24T15:06:22.0067721Z ^[[1m^[[92m    Checking^[[0m foldhash v0.2.0
Rust	Check Rust lints	2026-09-24T15:06:22.0817716Z ^[[1m^[[92m   Compiling^[[0m thiserror v2.0.20
Rust	Check Rust lints	2026-09-24T15:06:22.3252658Z ^[[1m^[[92m    Checking^[[0m hashbrown v0.17.1
Rust	Check Rust lints	2026-09-24T15:06:22.5537443Z ^[[1m^[[92m    Checking^[[0m ryu-js v0.2.2
Rust	Check Rust lints	2026-09-24T15:06:22.6337759Z ^[[1m^[[92m    Checking^[[0m smallvec v1.16.0
Rust	Check Rust lints	2026-09-24T15:06:22.7808034Z ^[[1m^[[92m    Checking^[[0m bytes v1.12.1
Rust	Check Rust lints	2026-09-24T15:06:22.8073866Z ^[[1m^[[92m    Checking^[[0m sha2 v0.10.9
Rust	Check Rust lints	2026-09-24T15:06:23.0237976Z ^[[1m^[[92m    Checking^[[0m uuid v1.26.1
Rust	Check Rust lints	2026-09-24T15:06:23.1939476Z ^[[1m^[[92m    Checking^[[0m pin-project-lite v0.2.17
Rust	Check Rust lints	2026-09-24T15:06:23.2347614Z ^[[1m^[[92m    Checking^[[0m zeroize v1.9.0
Rust	Check Rust lints	2026-09-24T15:06:23.3197664Z ^[[1m^[[92m    Checking^[[0m ipnet v2.12.2
Rust	Check Rust lints	2026-09-24T15:06:23.3297590Z ^[[1m^[[92m    Checking^[[0m errno v0.3.14
Rust	Check Rust lints	2026-09-24T15:06:23.3897539Z ^[[1m^[[92m    Checking^[[0m bitflags v2.13.2
Rust	Check Rust lints	2026-09-24T15:06:23.4918176Z ^[[1m^[[92m    Checking^[[0m signal-hook-registry v1.4.8
Rust	Check Rust lints	2026-09-24T15:06:23.5027841Z ^[[1m^[[92m    Checking^[[0m socket2 v0.6.5
Rust	Check Rust lints	2026-09-24T15:06:23.5928061Z ^[[1m^[[92m    Checking^[[0m mio v1.2.3
Rust	Check Rust lints	2026-09-24T15:06:23.6810019Z ^[[1m^[[92m   Compiling^[[0m serde_derive v1.0.229
Rust	Check Rust lints	2026-09-24T15:06:23.7567755Z ^[[1m^[[92m   Compiling^[[0m thiserror-impl v2.0.20
Rust	Check Rust lints	2026-09-24T15:06:23.8618053Z ^[[1m^[[92m   Compiling^[[0m tokio-macros v2.7.2
Rust	Check Rust lints	2026-09-24T15:06:24.1212276Z ^[[1m^[[92m    Checking^[[0m futures-core v0.3.34
Rust	Check Rust lints	2026-09-24T15:06:24.1867626Z ^[[1m^[[92m   Compiling^[[0m rustix v1.1.4
Rust	Check Rust lints	2026-09-24T15:06:24.3705551Z ^[[1m^[[92m    Checking^[[0m tokio v1.53.1
Rust	Check Rust lints	2026-09-24T15:06:24.4778023Z ^[[1m^[[92m    Checking^[[0m log v0.4.34
Rust	Check Rust lints	2026-09-24T15:06:24.5727594Z ^[[1m^[[92m    Checking^[[0m linux-raw-sys v0.12.1
Rust	Check Rust lints	2026-09-24T15:06:24.9677640Z ^[[1m^[[92m   Compiling^[[0m tracing-attributes v0.1.31
Rust	Check Rust lints	2026-09-24T15:06:26.0917789Z ^[[1m^[[92m    Checking^[[0m http v1.5.0
Rust	Check Rust lints	2026-09-24T15:06:26.7127912Z ^[[1m^[[92m    Checking^[[0m tracing-core v0.1.36
Rust	Check Rust lints	2026-09-24T15:06:27.0027725Z ^[[1m^[[92m    Checking^[[0m base64 v0.22.1
Rust	Check Rust lints	2026-09-24T15:06:27.2077624Z ^[[1m^[[92m   Compiling^[[0m anyhow v1.0.104
Rust	Check Rust lints	2026-09-24T15:06:27.2717755Z ^[[1m^[[92m    Checking^[[0m serde_jcs v0.2.0
Rust	Check Rust lints	2026-09-24T15:06:27.3505691Z ^[[1m^[[92m    Checking^[[0m rx-domain v0.1.0 (/home/runner/work/rx-platform/rx-platform/crates/rx-domain)
Rust	Check Rust lints	2026-09-24T15:06:27.4237598Z ^[[1m^[[92m    Checking^[[0m tracing v0.1.44
Rust	Check Rust lints	2026-09-24T15:06:27.4787735Z ^[[1m^[[92m    Checking^[[0m getrandom v0.2.17
Rust	Check Rust lints	2026-09-24T15:06:27.5627534Z ^[[1m^[[92m    Checking^[[0m equivalent v1.0.2
Rust	Check Rust lints	2026-09-24T15:06:27.5707625Z ^[[1m^[[92m   Compiling^[[0m either v1.18.0
Rust	Check Rust lints	2026-09-24T15:06:27.5862160Z ^[[1m^[[92m    Checking^[[0m futures-sink v0.3.34
Rust	Check Rust lints	2026-09-24T15:06:27.5913182Z ^[[1m^[[92m    Checking^[[0m slab v0.4.12
Rust	Check Rust lints	2026-09-24T15:06:27.6548206Z ^[[1m^[[92m    Checking^[[0m tokio-util v0.7.19
Rust	Check Rust lints	2026-09-24T15:06:27.7577968Z ^[[1m^[[92m    Checking^[[0m indexmap v2.14.2
Rust	Check Rust lints	2026-09-24T15:06:27.7727670Z ^[[1m^[[92m   Compiling^[[0m itertools v0.14.0
Rust	Check Rust lints	2026-09-24T15:06:28.3348142Z ^[[1m^[[92m    Checking^[[0m http-body v1.1.0
Rust	Check Rust lints	2026-09-24T15:06:28.3767618Z ^[[1m^[[92m   Compiling^[[0m ring v0.17.14
Rust	Check Rust lints	2026-09-24T15:06:28.4004375Z ^[[1m^[[92m    Checking^[[0m hybrid-array v0.4.15
Rust	Check Rust lints	2026-09-24T15:06:28.7557665Z ^[[1m^[[92m   Compiling^[[0m io-lifetimes v2.0.4
Rust	Check Rust lints	2026-09-24T15:06:28.9157638Z ^[[1m^[[92m   Compiling^[[0m io-lifetimes v3.0.1
Rust	Check Rust lints	2026-09-24T15:06:28.9297959Z ^[[1m^[[92m    Checking^[[0m percent-encoding v2.3.2
Rust	Check Rust lints	2026-09-24T15:06:29.0752141Z ^[[1m^[[92m    Checking^[[0m futures-task v0.3.34
Rust	Check Rust lints	2026-09-24T15:06:29.1424033Z ^[[1m^[[92m   Compiling^[[0m io-extras v0.19.0
Rust	Check Rust lints	2026-09-24T15:06:29.2173740Z ^[[1m^[[92m   Compiling^[[0m semver v1.0.28
Rust	Check Rust lints	2026-09-24T15:06:29.2278475Z ^[[1m^[[92m   Compiling^[[0m prost-derive v0.14.4
Rust	Check Rust lints	2026-09-24T15:06:29.2928438Z ^[[1m^[[92m   Compiling^[[0m httparse v1.10.1
Rust	Check Rust lints	2026-09-24T15:06:29.4377532Z ^[[1m^[[92m    Checking^[[0m tower-service v0.3.3
Rust	Check Rust lints	2026-09-24T15:06:29.4701521Z ^[[1m^[[92m   Compiling^[[0m rustc_version v0.4.1
Rust	Check Rust lints	2026-09-24T15:06:29.5588382Z ^[[1m^[[92m    Checking^[[0m rx-ports v0.1.0 (/home/runner/work/rx-platform/rx-platform/crates/rx-ports)
Rust	Check Rust lints	2026-09-24T15:06:29.6757458Z ^[[1m^[[92m    Checking^[[0m futures-util v0.3.34
Rust	Check Rust lints	2026-09-24T15:06:29.8918366Z ^[[1m^[[92m    Checking^[[0m crypto-common v0.2.2
Rust	Check Rust lints	2026-09-24T15:06:30.4768326Z ^[[1m^[[92m    Checking^[[0m block-buffer v0.12.1
Rust	Check Rust lints	2026-09-24T15:06:30.5647215Z ^[[1m^[[92m    Checking^[[0m fastrand v2.5.0
Rust	Check Rust lints	2026-09-24T15:06:30.5707113Z ^[[1m^[[92m    Checking^[[0m try-lock v0.2.5
Rust	Check Rust lints	2026-09-24T15:06:30.6062774Z ^[[1m^[[92m    Checking^[[0m untrusted v0.9.0
Rust	Check Rust lints	2026-09-24T15:06:30.6486944Z ^[[1m^[[92m    Checking^[[0m atomic-waker v1.1.2
Rust	Check Rust lints	2026-09-24T15:06:30.6887912Z ^[[1m^[[92m   Compiling^[[0m cap-primitives v4.0.3
Rust	Check Rust lints	2026-09-24T15:06:30.6925951Z ^[[1m^[[92m    Checking^[[0m fnv v1.0.7
Rust	Check Rust lints	2026-09-24T15:06:30.7327733Z ^[[1m^[[92m    Checking^[[0m h2 v0.4.19
Rust	Check Rust lints	2026-09-24T15:06:30.9727628Z ^[[1m^[[92m    Checking^[[0m tempfile v3.27.0
Rust	Check Rust lints	2026-09-24T15:06:31.1278018Z ^[[1m^[[92m    Checking^[[0m want v0.3.1
Rust	Check Rust lints	2026-09-24T15:06:31.1824604Z ^[[1m^[[92m    Checking^[[0m digest v0.11.3
Rust	Check Rust lints	2026-09-24T15:06:31.2067621Z ^[[1m^[[92m    Checking^[[0m fs-set-times v0.20.3
Rust	Check Rust lints	2026-09-24T15:06:31.2727814Z ^[[1m^[[92m   Compiling^[[0m curve25519-dalek v5.0.0
Rust	Check Rust lints	2026-09-24T15:06:31.3999808Z ^[[1m^[[92m    Checking^[[0m rustix-linux-procfs v0.1.1
Rust	Check Rust lints	2026-09-24T15:06:31.4719049Z ^[[1m^[[92m    Checking^[[0m futures-channel v0.3.34
Rust	Check Rust lints	2026-09-24T15:06:31.4883941Z ^[[1m^[[92m    Checking^[[0m rustls-pki-types v1.15.1
Rust	Check Rust lints	2026-09-24T15:06:31.6046486Z ^[[1m^[[92m   Compiling^[[0m cap-std v4.0.3
Rust	Check Rust lints	2026-09-24T15:06:31.7227855Z ^[[1m^[[92m    Checking^[[0m ambient-authority v0.0.2
Rust	Check Rust lints	2026-09-24T15:06:31.7588113Z ^[[1m^[[92m    Checking^[[0m cpufeatures v0.3.1
Rust	Check Rust lints	2026-09-24T15:06:31.7820286Z ^[[1m^[[92m    Checking^[[0m maybe-owned v0.3.4
Rust	Check Rust lints	2026-09-24T15:06:31.9796847Z ^[[1m^[[92m    Checking^[[0m httpdate v1.0.3
Rust	Check Rust lints	2026-09-24T15:06:32.1507887Z ^[[1m^[[92m    Checking^[[0m form_urlencoded v1.2.2
Rust	Check Rust lints	2026-09-24T15:06:32.2138092Z ^[[1m^[[92m    Checking^[[0m sync_wrapper v1.0.2
Rust	Check Rust lints	2026-09-24T15:06:32.2548121Z ^[[1m^[[92m   Compiling^[[0m curve25519-dalek-derive v0.1.1
Rust	Check Rust lints	2026-09-24T15:06:32.3887715Z ^[[1m^[[92m   Compiling^[[0m cap-fs-ext v4.0.3
Rust	Check Rust lints	2026-09-24T15:06:32.7668697Z ^[[1m^[[92m    Checking^[[0m signature v3.0.0
Rust	Check Rust lints	2026-09-24T15:06:33.4473760Z ^[[1m^[[92m   Compiling^[[0m rustls v0.23.44
Rust	Check Rust lints	2026-09-24T15:06:33.4554265Z ^[[1m^[[92m   Compiling^[[0m pulldown-cmark v0.13.4
Rust	Check Rust lints	2026-09-24T15:06:33.5583111Z ^[[1m^[[92m    Checking^[[0m tower-layer v0.3.3
Rust	Check Rust lints	2026-09-24T15:06:33.6127693Z ^[[1m^[[92m   Compiling^[[0m prettyplease v0.2.37
Rust	Check Rust lints	2026-09-24T15:06:33.6707629Z ^[[1m^[[92m    Checking^[[0m rustls-webpki v0.103.15
Rust	Check Rust lints	2026-09-24T15:06:33.7216878Z ^[[1m^[[92m    Checking^[[0m ed25519 v3.0.0
Rust	Check Rust lints	2026-09-24T15:06:33.9967960Z ^[[1m^[[92m    Checking^[[0m hyper v1.11.1
Rust	Check Rust lints	2026-09-24T15:06:34.2887731Z ^[[1m^[[92m    Checking^[[0m sha2 v0.11.0
Rust	Check Rust lints	2026-09-24T15:06:34.5667742Z ^[[1m^[[92m   Compiling^[[0m pkg-config v0.3.34
Rust	Check Rust lints	2026-09-24T15:06:35.0057644Z ^[[1m^[[92m    Checking^[[0m hyper-util v0.1.20
Rust	Check Rust lints	2026-09-24T15:06:35.0347812Z ^[[1m^[[92m   Compiling^[[0m foldhash v0.1.5
Rust	Check Rust lints	2026-09-24T15:06:35.1737785Z ^[[1m^[[92m   Compiling^[[0m unicase v2.9.0
Rust	Check Rust lints	2026-09-24T15:06:35.3007603Z ^[[1m^[[92m   Compiling^[[0m vcpkg v0.2.15
Rust	Check Rust lints	2026-09-24T15:06:35.4478076Z ^[[1m^[[92m   Compiling^[[0m regex-syntax v0.8.11
Rust	Check Rust lints	2026-09-24T15:06:35.9027697Z ^[[1m^[[92m   Compiling^[[0m libsqlite3-sys v0.38.2
Rust	Check Rust lints	2026-09-24T15:06:36.3047928Z ^[[1m^[[92m   Compiling^[[0m prost v0.14.4
Rust	Check Rust lints	2026-09-24T15:06:36.7858143Z ^[[1m^[[92m   Compiling^[[0m regex-automata v0.4.18
Rust	Check Rust lints	2026-09-24T15:06:37.6027776Z ^[[1m^[[92m   Compiling^[[0m hashbrown v0.15.5
Rust	Check Rust lints	2026-09-24T15:06:37.9948966Z ^[[1m^[[92m    Checking^[[0m ed25519-dalek v3.0.0
Rust	Check Rust lints	2026-09-24T15:06:38.1198378Z ^[[1m^[[92m    Checking^[[0m tower v0.5.3
Rust	Check Rust lints	2026-09-24T15:06:38.8758321Z ^[[1m^[[92m    Checking^[[0m http-body-util v0.1.5
Rust	Check Rust lints	2026-09-24T15:06:39.1067629Z ^[[1m^[[92m    Checking^[[0m ryu v1.0.23
Rust	Check Rust lints	2026-09-24T15:06:39.1457810Z ^[[1m^[[92m   Compiling^[[0m fixedbitset v0.5.7
Rust	Check Rust lints	2026-09-24T15:06:39.3497926Z ^[[1m^[[92m   Compiling^[[0m petgraph v0.8.3
Rust	Check Rust lints	2026-09-24T15:06:39.4048215Z ^[[1m^[[92m    Checking^[[0m serde_urlencoded v0.7.1
Rust	Check Rust lints	2026-09-24T15:06:39.5597717Z ^[[1m^[[92m   Compiling^[[0m regex v1.13.1
Rust	Check Rust lints	2026-09-24T15:06:39.7107824Z ^[[1m^[[92m   Compiling^[[0m pulldown-cmark-to-cmark v22.0.1
Rust	Check Rust lints	2026-09-24T15:06:39.9447846Z ^[[1m^[[92m   Compiling^[[0m prost-types v0.14.4
Rust	Check Rust lints	2026-09-24T15:06:40.6277840Z ^[[1m^[[92m    Checking^[[0m tokio-rustls v0.26.5
Rust	Check Rust lints	2026-09-24T15:06:40.8998549Z ^[[1m^[[92m   Compiling^[[0m synstructure v0.13.2
Rust	Check Rust lints	2026-09-24T15:06:40.9317697Z ^[[1m^[[92m    Checking^[[0m powerfmt v0.2.0
Rust	Check Rust lints	2026-09-24T15:06:41.0238099Z ^[[1m^[[92m    Checking^[[0m deranged v0.5.8
Rust	Check Rust lints	2026-09-24T15:06:41.1567810Z ^[[1m^[[92m    Checking^[[0m num-conv v0.2.2
Rust	Check Rust lints	2026-09-24T15:06:41.2537552Z ^[[1m^[[92m   Compiling^[[0m heck v0.5.0
Rust	Check Rust lints	2026-09-24T15:06:41.4138403Z ^[[1m^[[92m    Checking^[[0m time-core v0.1.9
Rust	Check Rust lints	2026-09-24T15:06:41.5337713Z ^[[1m^[[92m    Checking^[[0m mime v0.3.17
Rust	Check Rust lints	2026-09-24T15:06:41.5608026Z ^[[1m^[[92m   Compiling^[[0m multimap v0.10.1
Rust	Check Rust lints	2026-09-24T15:06:41.6682770Z ^[[1m^[[92m    Checking^[[0m axum-core v0.5.6
Rust	Check Rust lints	2026-09-24T15:06:41.7737670Z ^[[1m^[[92m   Compiling^[[0m prost-build v0.14.4
Rust	Check Rust lints	2026-09-24T15:06:42.0667785Z ^[[1m^[[92m    Checking^[[0m time v0.3.55
Rust	Check Rust lints	2026-09-24T15:06:43.2018262Z ^[[1m^[[92m    Checking^[[0m rx-package v0.1.0 (/home/runner/work/rx-platform/rx-platform/crates/rx-package)
Rust	Check Rust lints	2026-09-24T15:06:43.5468146Z ^[[1m^[[92m   Compiling^[[0m tonic-build v0.14.6
Rust	Check Rust lints	2026-09-24T15:06:44.6617718Z ^[[1m^[[92m   Compiling^[[0m pin-project-internal v1.1.13
Rust	Check Rust lints	2026-09-24T15:06:45.1000662Z ^[[1m^[[92m    Checking^[[0m hashlink v0.12.2
Rust	Check Rust lints	2026-09-24T15:06:45.3257646Z ^[[1m^[[92m    Checking^[[0m serde_path_to_error v0.1.20
Rust	Check Rust lints	2026-09-24T15:06:45.5810671Z ^[[1m^[[92m   Compiling^[[0m protoc-bin-vendored-linux-x86_32 v3.2.0
Rust	Check Rust lints	2026-09-24T15:06:45.5887694Z ^[[1m^[[92m   Compiling^[[0m protoc-bin-vendored-win32 v3.2.0
Rust	Check Rust lints	2026-09-24T15:06:45.6266815Z ^[[1m^[[92m   Compiling^[[0m protoc-bin-vendored-linux-x86_64 v3.2.0
Rust	Check Rust lints	2026-09-24T15:06:45.6670591Z ^[[1m^[[92m   Compiling^[[0m protoc-bin-vendored-macos-aarch_64 v3.2.0
Rust	Check Rust lints	2026-09-24T15:06:45.6721295Z ^[[1m^[[92m   Compiling^[[0m protoc-bin-vendored-macos-x86_64 v3.2.0
Rust	Check Rust lints	2026-09-24T15:06:45.6817691Z ^[[1m^[[92m   Compiling^[[0m protoc-bin-vendored-linux-aarch_64 v3.2.0
Rust	Check Rust lints	2026-09-24T15:06:45.7179045Z ^[[1m^[[92m   Compiling^[[0m protoc-bin-vendored-linux-s390_64 v3.2.0
Rust	Check Rust lints	2026-09-24T15:06:45.7233056Z ^[[1m^[[92m    Checking^[[0m fallible-streaming-iterator v0.1.9
Rust	Check Rust lints	2026-09-24T15:06:45.7688261Z ^[[1m^[[92m    Checking^[[0m fallible-iterator v0.3.0
Rust	Check Rust lints	2026-09-24T15:06:45.7988107Z ^[[1m^[[92m   Compiling^[[0m protoc-bin-vendored-linux-ppcle_64 v3.2.0
Rust	Check Rust lints	2026-09-24T15:06:45.8438363Z ^[[1m^[[92m    Checking^[[0m matchit v0.8.4
Rust	Check Rust lints	2026-09-24T15:06:45.8507209Z ^[[1m^[[92m   Compiling^[[0m protoc-bin-vendored v3.2.0
Rust	Check Rust lints	2026-09-24T15:06:45.9947470Z ^[[1m^[[92m    Checking^[[0m axum v0.8.9
Rust	Check Rust lints	2026-09-24T15:06:46.3457791Z ^[[1m^[[92m    Checking^[[0m pin-project v1.1.13
Rust	Check Rust lints	2026-09-24T15:06:46.3787687Z ^[[1m^[[92m   Compiling^[[0m tonic-prost-build v0.14.6
Rust	Check Rust lints	2026-09-24T15:06:46.8247653Z ^[[1m^[[92m   Compiling^[[0m zerofrom-derive v0.1.7
Rust	Check Rust lints	2026-09-24T15:06:46.9628263Z ^[[1m^[[92m    Checking^[[0m hyper-timeout v0.5.2
Rust	Check Rust lints	2026-09-24T15:06:47.0836849Z ^[[1m^[[92m    Checking^[[0m rx-process-contract v0.1.0 (/home/runner/work/rx-platform/rx-platform/crates/rx-process-contract)
Rust	Check Rust lints	2026-09-24T15:06:47.9540044Z ^[[1m^[[92m    Checking^[[0m tokio-stream v0.1.19
Rust	Check Rust lints	2026-09-24T15:06:48.2887948Z ^[[1m^[[92m   Compiling^[[0m async-trait v0.1.92
Rust	Check Rust lints	2026-09-24T15:06:49.0737539Z ^[[1m^[[92m    Checking^[[0m zerofrom v0.1.8
Rust	Check Rust lints	2026-09-24T15:06:49.1428379Z ^[[1m^[[92m   Compiling^[[0m rx-protocol v0.1.0 (/home/runner/work/rx-platform/rx-platform/crates/rx-protocol)
Rust	Check Rust lints	2026-09-24T15:06:49.3607744Z ^[[1m^[[92m    Checking^[[0m tonic v0.14.6
Rust	Check Rust lints	2026-09-24T15:06:50.0727770Z ^[[1m^[[92m   Compiling^[[0m yoke-derive v0.8.2
Rust	Check Rust lints	2026-09-24T15:06:50.1713245Z ^[[1m^[[92m    Checking^[[0m rusqlite v0.40.2
Rust	Check Rust lints	2026-09-24T15:06:50.3742381Z ^[[1m^[[92m    Checking^[[0m stable_deref_trait v1.2.1
Rust	Check Rust lints	2026-09-24T15:06:50.4052634Z ^[[1m^[[92m    Checking^[[0m prost-reflect v0.16.5
Rust	Check Rust lints	2026-09-24T15:06:50.8938087Z ^[[1m^[[92m    Checking^[[0m rx-storage v0.1.0 (/home/runner/work/rx-platform/rx-platform/crates/rx-storage)
Rust	Check Rust lints	2026-09-24T15:06:50.9183497Z ^[[1m^[[92m    Checking^[[0m tonic-prost v0.14.6
Rust	Check Rust lints	2026-09-24T15:06:51.0328057Z ^[[1m^[[92m    Checking^[[0m yoke v0.8.3
Rust	Check Rust lints	2026-09-24T15:06:51.1158721Z ^[[1m^[[92m    Checking^[[0m rx-application v0.1.0 (/home/runner/work/rx-platform/rx-platform/crates/rx-application)
Rust	Check Rust lints	2026-09-24T15:06:51.1528246Z ^[[1m^[[92m   Compiling^[[0m zerovec-derive v0.11.6
Rust	Check Rust lints	2026-09-24T15:06:51.6517617Z ^[[1m^[[92m   Compiling^[[0m displaydoc v0.2.7
Rust	Check Rust lints	2026-09-24T15:06:52.1347685Z ^[[1m^[[92m    Checking^[[0m zerovec v0.11.8
Rust	Check Rust lints	2026-09-24T15:06:52.2147713Z ^[[1m^[[92m    Checking^[[0m litemap v0.8.3
Rust	Check Rust lints	2026-09-24T15:06:52.3407590Z ^[[1m^[[92m    Checking^[[0m writeable v0.6.4
Rust	Check Rust lints	2026-09-24T15:06:52.4857528Z ^[[1m^[[92m    Checking^[[0m zerotrie v0.2.5
Rust	Check Rust lints	2026-09-24T15:06:52.6017627Z ^[[1m^[[92m    Checking^[[0m tinystr v0.8.4
Rust	Check Rust lints	2026-09-24T15:06:52.6737707Z ^[[1m^[[92m    Checking^[[0m potential_utf v0.1.6
Rust	Check Rust lints	2026-09-24T15:06:52.7207553Z ^[[1m^[[92m    Checking^[[0m icu_locale_core v2.3.0
Rust	Check Rust lints	2026-09-24T15:06:52.7307568Z ^[[1m^[[92m   Compiling^[[0m icu_normalizer_data v2.3.0
Rust	Check Rust lints	2026-09-24T15:06:52.8287567Z ^[[1m^[[92m    Checking^[[0m utf8_iter v1.0.4
Rust	Check Rust lints	2026-09-24T15:06:52.8957585Z ^[[1m^[[92m   Compiling^[[0m icu_properties_data v2.3.0
Rust	Check Rust lints	2026-09-24T15:06:52.9999616Z ^[[1m^[[92m    Checking^[[0m icu_collections v2.3.0
Rust	Check Rust lints	2026-09-24T15:06:53.2627658Z ^[[1m^[[92m    Checking^[[0m rand_core v0.6.4
Rust	Check Rust lints	2026-09-24T15:06:53.3467608Z ^[[1m^[[92m    Checking^[[0m base64ct v1.8.3
Rust	Check Rust lints	2026-09-24T15:06:53.4074359Z ^[[1m^[[92m    Checking^[[0m icu_provider v2.3.1
Rust	Check Rust lints	2026-09-24T15:06:53.5247568Z ^[[1m^[[92m    Checking^[[0m password-hash v0.5.0
Rust	Check Rust lints	2026-09-24T15:06:53.6937675Z ^[[1m^[[92m    Checking^[[0m blake2 v0.10.6
Rust	Check Rust lints	2026-09-24T15:06:53.7227332Z ^[[1m^[[92m    Checking^[[0m icu_properties v2.3.0
Rust	Check Rust lints	2026-09-24T15:06:53.8729264Z ^[[1m^[[92m    Checking^[[0m argon2 v0.5.3
Rust	Check Rust lints	2026-09-24T15:06:54.1337638Z ^[[1m^[[92m    Checking^[[0m icu_normalizer v2.3.0
Rust	Check Rust lints	2026-09-24T15:06:54.3907559Z ^[[1m^[[92m    Checking^[[0m base64 v0.23.1
Rust	Check Rust lints	2026-09-24T15:06:54.6058325Z ^[[1m^[[92m    Checking^[[0m pem v4.0.0
Rust	Check Rust lints	2026-09-24T15:06:54.7017788Z ^[[1m^[[92m    Checking^[[0m yasna v0.6.0
Rust	Check Rust lints	2026-09-24T15:06:54.7777655Z ^[[1m^[[92m    Checking^[[0m idna_adapter v1.2.2
Rust	Check Rust lints	2026-09-24T15:06:54.8271199Z ^[[1m^[[92m    Checking^[[0m idna v1.1.0
Rust	Check Rust lints	2026-09-24T15:06:55.0247634Z ^[[1m^[[92m    Checking^[[0m url v2.5.8
Rust	Check Rust lints	2026-09-24T15:06:55.0578175Z ^[[1m^[[92m    Checking^[[0m hyper-rustls v0.27.9
Rust	Check Rust lints	2026-09-24T15:06:55.1707091Z ^[[1m^[[92m    Checking^[[0m rcgen v0.14.10
Rust	Check Rust lints	2026-09-24T15:06:55.3974383Z ^[[1m^[[92m    Checking^[[0m tower-http v0.6.11
Rust	Check Rust lints	2026-09-24T15:06:55.6217603Z ^[[1m^[[92m    Checking^[[0m aho-corasick v1.1.5
Rust	Check Rust lints	2026-09-24T15:06:55.8667496Z ^[[1m^[[92m    Checking^[[0m reqwest v0.12.28
Rust	Check Rust lints	2026-09-24T15:07:04.8377846Z ^[[1m^[[92m    Checking^[[0m rx-protocol-adapter v0.1.0 (/home/runner/work/rx-platform/rx-platform/crates/rx-protocol-adapter)
Rust	Check Rust lints	2026-09-24T15:07:04.8388077Z ^[[1m^[[92m    Checking^[[0m rx-runtime v0.1.0 (/home/runner/work/rx-platform/rx-platform/crates/rx-runtime)
Rust	Check Rust lints	2026-09-24T15:07:05.4318310Z ^[[1m^[[92m    Checking^[[0m rx-api v0.1.0 (/home/runner/work/rx-platform/rx-platform/crates/rx-api)
Rust	Check Rust lints	2026-09-24T15:07:05.8325974Z ^[[1m^[[92m    Checking^[[0m rx-host-client v0.1.0 (/home/runner/work/rx-platform/rx-platform/crates/rx-host-client)
Rust	Check Rust lints	2026-09-24T15:07:07.9373137Z ^[[1m^[[92m    Checking^[[0m rx-platformd v0.1.0 (/home/runner/work/rx-platform/rx-platform/crates/rx-platformd)
Rust	Check Rust lints	2026-09-24T15:07:13.1047760Z ^[[1m^[[92m    Finished^[[0m `dev` profile [unoptimized + debuginfo] target(s) in 57.40s
Rust	Test Rust workspace	﻿2026-09-24T15:07:13.1974590Z ##[group]Run cargo test --workspace --all-features --locked
Rust	Test Rust workspace	2026-09-24T15:07:13.1975083Z ^[[36;1mcargo test --workspace --all-features --locked^[[0m
Rust	Test Rust workspace	2026-09-24T15:07:13.2039839Z shell: /usr/bin/bash --noprofile --norc -e -o pipefail {0}
Rust	Test Rust workspace	2026-09-24T15:07:13.2040259Z env:
Rust	Test Rust workspace	2026-09-24T15:07:13.2040492Z   CARGO_TERM_COLOR: always
Rust	Test Rust workspace	2026-09-24T15:07:13.2040776Z   RUST_BACKTRACE: 1
Rust	Test Rust workspace	2026-09-24T15:07:13.2041020Z ##[endgroup]
Rust	Test Rust workspace	2026-09-24T15:07:13.4749925Z ^[[1m^[[92m   Compiling^[[0m cfg-if v1.0.4
Rust	Test Rust workspace	2026-09-24T15:07:13.4751015Z ^[[1m^[[92m   Compiling^[[0m libc v0.2.189
Rust	Test Rust workspace	2026-09-24T15:07:13.4751614Z ^[[1m^[[92m   Compiling^[[0m itoa v1.0.18
Rust	Test Rust workspace	2026-09-24T15:07:13.4753376Z ^[[1m^[[92m   Compiling^[[0m memchr v2.8.3
Rust	Test Rust workspace	2026-09-24T15:07:13.5016523Z ^[[1m^[[92m   Compiling^[[0m typenum v1.20.1
Rust	Test Rust workspace	2026-09-24T15:07:13.5977462Z ^[[1m^[[92m   Compiling^[[0m subtle v2.6.1
Rust	Test Rust workspace	2026-09-24T15:07:13.6835546Z ^[[1m^[[92m   Compiling^[[0m serde_core v1.0.229
Rust	Test Rust workspace	2026-09-24T15:07:14.2717802Z ^[[1m^[[92m   Compiling^[[0m zmij v1.0.23
Rust	Test Rust workspace	2026-09-24T15:07:14.4467616Z ^[[1m^[[92m   Compiling^[[0m once_cell v1.21.4
Rust	Test Rust workspace	2026-09-24T15:07:14.5238670Z ^[[1m^[[92m   Compiling^[[0m generic-array v0.14.7
Rust	Test Rust workspace	2026-09-24T15:07:14.5487550Z ^[[1m^[[92m   Compiling^[[0m bitflags v2.13.2
Rust	Test Rust workspace	2026-09-24T15:07:14.6075448Z ^[[1m^[[92m   Compiling^[[0m cpufeatures v0.2.17
Rust	Test Rust workspace	2026-09-24T15:07:14.6387923Z ^[[1m^[[92m   Compiling^[[0m getrandom v0.4.3
Rust	Test Rust workspace	2026-09-24T15:07:14.7250356Z ^[[1m^[[92m   Compiling^[[0m ryu-js v0.2.2
Rust	Test Rust workspace	2026-09-24T15:07:14.7617746Z ^[[1m^[[92m   Compiling^[[0m thiserror v2.0.20
Rust	Test Rust workspace	2026-09-24T15:07:14.8057888Z ^[[1m^[[92m   Compiling^[[0m foldhash v0.2.0
Rust	Test Rust workspace	2026-09-24T15:07:14.8567753Z ^[[1m^[[92m   Compiling^[[0m smallvec v1.16.0
Rust	Test Rust workspace	2026-09-24T15:07:14.9197797Z ^[[1m^[[92m   Compiling^[[0m hashbrown v0.17.1
Rust	Test Rust workspace	2026-09-24T15:07:15.0147678Z ^[[1m^[[92m   Compiling^[[0m bytes v1.12.1
Rust	Test Rust workspace	2026-09-24T15:07:15.0708618Z ^[[1m^[[92m   Compiling^[[0m block-buffer v0.10.4
Rust	Test Rust workspace	2026-09-24T15:07:15.1398024Z ^[[1m^[[92m   Compiling^[[0m crypto-common v0.1.7
Rust	Test Rust workspace	2026-09-24T15:07:15.1967905Z ^[[1m^[[92m   Compiling^[[0m digest v0.10.7
Rust	Test Rust workspace	2026-09-24T15:07:15.3697645Z ^[[1m^[[92m   Compiling^[[0m sha2 v0.10.9
Rust	Test Rust workspace	2026-09-24T15:07:15.5217623Z ^[[1m^[[92m   Compiling^[[0m zeroize v1.9.0
Rust	Test Rust workspace	2026-09-24T15:07:15.6448175Z ^[[1m^[[92m   Compiling^[[0m ipnet v2.12.2
Rust	Test Rust workspace	2026-09-24T15:07:15.6647765Z ^[[1m^[[92m   Compiling^[[0m pin-project-lite v0.2.17
Rust	Test Rust workspace	2026-09-24T15:07:15.7027640Z ^[[1m^[[92m   Compiling^[[0m fastrand v2.5.0
Rust	Test Rust workspace	2026-09-24T15:07:15.7297635Z ^[[1m^[[92m   Compiling^[[0m errno v0.3.14
Rust	Test Rust workspace	2026-09-24T15:07:15.8157723Z ^[[1m^[[92m   Compiling^[[0m signal-hook-registry v1.4.8
Rust	Test Rust workspace	2026-09-24T15:07:15.8637665Z ^[[1m^[[92m   Compiling^[[0m mio v1.2.3
Rust	Test Rust workspace	2026-09-24T15:07:16.0459287Z ^[[1m^[[92m   Compiling^[[0m serde v1.0.229
Rust	Test Rust workspace	2026-09-24T15:07:16.0708207Z ^[[1m^[[92m   Compiling^[[0m serde_json v1.0.151
Rust	Test Rust workspace	2026-09-24T15:07:16.1478059Z ^[[1m^[[92m   Compiling^[[0m uuid v1.26.1
Rust	Test Rust workspace	2026-09-24T15:07:16.3823071Z ^[[1m^[[92m   Compiling^[[0m socket2 v0.6.5
Rust	Test Rust workspace	2026-09-24T15:07:16.6058235Z ^[[1m^[[92m   Compiling^[[0m log v0.4.34
Rust	Test Rust workspace	2026-09-24T15:07:16.6218076Z ^[[1m^[[92m   Compiling^[[0m linux-raw-sys v0.12.1
Rust	Test Rust workspace	2026-09-24T15:07:16.7228054Z ^[[1m^[[92m   Compiling^[[0m tokio v1.53.1
Rust	Test Rust workspace	2026-09-24T15:07:16.9218087Z ^[[1m^[[92m   Compiling^[[0m futures-core v0.3.34
Rust	Test Rust workspace	2026-09-24T15:07:16.9757692Z ^[[1m^[[92m   Compiling^[[0m equivalent v1.0.2
Rust	Test Rust workspace	2026-09-24T15:07:17.0012112Z ^[[1m^[[92m   Compiling^[[0m rustix v1.1.4
Rust	Test Rust workspace	2026-09-24T15:07:17.0087751Z ^[[1m^[[92m   Compiling^[[0m base64 v0.22.1
Rust	Test Rust workspace	2026-09-24T15:07:17.2787917Z ^[[1m^[[92m   Compiling^[[0m serde_jcs v0.2.0
Rust	Test Rust workspace	2026-09-24T15:07:17.4548905Z ^[[1m^[[92m   Compiling^[[0m rx-domain v0.1.0 (/home/runner/work/rx-platform/rx-platform/crates/rx-domain)
Rust	Test Rust workspace	2026-09-24T15:07:17.8707606Z ^[[1m^[[92m   Compiling^[[0m http v1.5.0
Rust	Test Rust workspace	2026-09-24T15:07:19.0011944Z ^[[1m^[[92m   Compiling^[[0m tracing-core v0.1.36
Rust	Test Rust workspace	2026-09-24T15:07:19.6088036Z ^[[1m^[[92m   Compiling^[[0m rx-ports v0.1.0 (/home/runner/work/rx-platform/rx-platform/crates/rx-ports)
Rust	Test Rust workspace	2026-09-24T15:07:19.8974130Z ^[[1m^[[92m   Compiling^[[0m hybrid-array v0.4.15
Rust	Test Rust workspace	2026-09-24T15:07:20.4418387Z ^[[1m^[[92m   Compiling^[[0m tracing v0.1.44
Rust	Test Rust workspace	2026-09-24T15:07:20.6582771Z ^[[1m^[[92m   Compiling^[[0m getrandom v0.2.17
Rust	Test Rust workspace	2026-09-24T15:07:20.7758125Z ^[[1m^[[92m   Compiling^[[0m futures-sink v0.3.34
Rust	Test Rust workspace	2026-09-24T15:07:20.7817670Z ^[[1m^[[92m   Compiling^[[0m slab v0.4.12
Rust	Test Rust workspace	2026-09-24T15:07:20.8278203Z ^[[1m^[[92m   Compiling^[[0m tokio-util v0.7.19
Rust	Test Rust workspace	2026-09-24T15:07:20.8907783Z ^[[1m^[[92m   Compiling^[[0m io-lifetimes v2.0.4
Rust	Test Rust workspace	2026-09-24T15:07:20.9627848Z ^[[1m^[[92m   Compiling^[[0m io-lifetimes v3.0.1
Rust	Test Rust workspace	2026-09-24T15:07:21.0165242Z ^[[1m^[[92m   Compiling^[[0m block-buffer v0.12.1
Rust	Test Rust workspace	2026-09-24T15:07:21.1118626Z ^[[1m^[[92m   Compiling^[[0m crypto-common v0.2.2
Rust	Test Rust workspace	2026-09-24T15:07:21.4818019Z ^[[1m^[[92m   Compiling^[[0m tempfile v3.27.0
Rust	Test Rust workspace	2026-09-24T15:07:21.4993691Z ^[[1m^[[92m   Compiling^[[0m http-body v1.1.0
Rust	Test Rust workspace	2026-09-24T15:07:21.5797747Z ^[[1m^[[92m   Compiling^[[0m indexmap v2.14.2
Rust	Test Rust workspace	2026-09-24T15:07:21.8877897Z ^[[1m^[[92m   Compiling^[[0m percent-encoding v2.3.2
Rust	Test Rust workspace	2026-09-24T15:07:22.0167968Z ^[[1m^[[92m   Compiling^[[0m digest v0.11.3
Rust	Test Rust workspace	2026-09-24T15:07:22.1208125Z ^[[1m^[[92m   Compiling^[[0m io-extras v0.19.0
Rust	Test Rust workspace	2026-09-24T15:07:22.2087679Z ^[[1m^[[92m   Compiling^[[0m fs-set-times v0.20.3
Rust	Test Rust workspace	2026-09-24T15:07:22.2458148Z ^[[1m^[[92m   Compiling^[[0m rustix-linux-procfs v0.1.1
Rust	Test Rust workspace	2026-09-24T15:07:22.2609744Z ^[[1m^[[92m   Compiling^[[0m ambient-authority v0.0.2
Rust	Test Rust workspace	2026-09-24T15:07:22.2942891Z ^[[1m^[[92m   Compiling^[[0m maybe-owned v0.3.4
Rust	Test Rust workspace	2026-09-24T15:07:22.3187734Z ^[[1m^[[92m   Compiling^[[0m futures-task v0.3.34
Rust	Test Rust workspace	2026-09-24T15:07:22.4337826Z ^[[1m^[[92m   Compiling^[[0m cpufeatures v0.3.1
Rust	Test Rust workspace	2026-09-24T15:07:22.4429681Z ^[[1m^[[92m   Compiling^[[0m tower-service v0.3.3
Rust	Test Rust workspace	2026-09-24T15:07:22.4637650Z ^[[1m^[[92m   Compiling^[[0m cap-primitives v4.0.3
Rust	Test Rust workspace	2026-09-24T15:07:22.4713630Z ^[[1m^[[92m   Compiling^[[0m futures-util v0.3.34
Rust	Test Rust workspace	2026-09-24T15:07:22.4748330Z ^[[1m^[[92m   Compiling^[[0m signature v3.0.0
Rust	Test Rust workspace	2026-09-24T15:07:22.5289263Z ^[[1m^[[92m   Compiling^[[0m atomic-waker v1.1.2
Rust	Test Rust workspace	2026-09-24T15:07:22.5838106Z ^[[1m^[[92m   Compiling^[[0m untrusted v0.9.0
Rust	Test Rust workspace	2026-09-24T15:07:22.6418141Z ^[[1m^[[92m   Compiling^[[0m fnv v1.0.7
Rust	Test Rust workspace	2026-09-24T15:07:22.6733039Z ^[[1m^[[92m   Compiling^[[0m try-lock v0.2.5
Rust	Test Rust workspace	2026-09-24T15:07:22.7178354Z ^[[1m^[[92m   Compiling^[[0m want v0.3.1
Rust	Test Rust workspace	2026-09-24T15:07:22.7934995Z ^[[1m^[[92m   Compiling^[[0m h2 v0.4.19
Rust	Test Rust workspace	2026-09-24T15:07:22.8075293Z ^[[1m^[[92m   Compiling^[[0m ring v0.17.14
Rust	Test Rust workspace	2026-09-24T15:07:23.2788091Z ^[[1m^[[92m   Compiling^[[0m cap-std v4.0.3
Rust	Test Rust workspace	2026-09-24T15:07:23.4968087Z ^[[1m^[[92m   Compiling^[[0m ed25519 v3.0.0
Rust	Test Rust workspace	2026-09-24T15:07:23.5988231Z ^[[1m^[[92m   Compiling^[[0m curve25519-dalek v5.0.0
Rust	Test Rust workspace	2026-09-24T15:07:24.2267705Z ^[[1m^[[92m   Compiling^[[0m httparse v1.10.1
Rust	Test Rust workspace	2026-09-24T15:07:24.4747558Z ^[[1m^[[92m   Compiling^[[0m sha2 v0.11.0
Rust	Test Rust workspace	2026-09-24T15:07:24.8728207Z ^[[1m^[[92m   Compiling^[[0m futures-channel v0.3.34
Rust	Test Rust workspace	2026-09-24T15:07:25.0377710Z ^[[1m^[[92m   Compiling^[[0m rustls-pki-types v1.15.1
Rust	Test Rust workspace	2026-09-24T15:07:25.2397728Z ^[[1m^[[92m   Compiling^[[0m httpdate v1.0.3
Rust	Test Rust workspace	2026-09-24T15:07:25.4245646Z ^[[1m^[[92m   Compiling^[[0m ed25519-dalek v3.0.0
Rust	Test Rust workspace	2026-09-24T15:07:25.4403987Z ^[[1m^[[92m   Compiling^[[0m cap-fs-ext v4.0.3
Rust	Test Rust workspace	2026-09-24T15:07:25.4948506Z ^[[1m^[[92m   Compiling^[[0m form_urlencoded v1.2.2
Rust	Test Rust workspace	2026-09-24T15:07:25.5227922Z ^[[1m^[[92m   Compiling^[[0m sync_wrapper v1.0.2
Rust	Test Rust workspace	2026-09-24T15:07:25.5708109Z ^[[1m^[[92m   Compiling^[[0m semver v1.0.28
Rust	Test Rust workspace	2026-09-24T15:07:25.6057880Z ^[[1m^[[92m   Compiling^[[0m tower-layer v0.3.3
Rust	Test Rust workspace	2026-09-24T15:07:25.7198031Z ^[[1m^[[92m   Compiling^[[0m rustls-webpki v0.103.15
Rust	Test Rust workspace	2026-09-24T15:07:26.7912236Z ^[[1m^[[92m   Compiling^[[0m hyper v1.11.1
Rust	Test Rust workspace	2026-09-24T15:07:26.9077451Z ^[[1m^[[92m   Compiling^[[0m rustls v0.23.44
Rust	Test Rust workspace	2026-09-24T15:07:27.8117850Z ^[[1m^[[92m   Compiling^[[0m pulldown-cmark v0.13.4
Rust	Test Rust workspace	2026-09-24T15:07:28.2077689Z ^[[1m^[[92m   Compiling^[[0m hyper-util v0.1.20
Rust	Test Rust workspace	2026-09-24T15:07:28.8528828Z ^[[1m^[[92m   Compiling^[[0m rx-package v0.1.0 (/home/runner/work/rx-platform/rx-platform/crates/rx-package)
Rust	Test Rust workspace	2026-09-24T15:07:29.2107969Z ^[[1m^[[92m   Compiling^[[0m libsqlite3-sys v0.38.2
Rust	Test Rust workspace	2026-09-24T15:07:29.5127555Z ^[[1m^[[92m   Compiling^[[0m tower v0.5.3
Rust	Test Rust workspace	2026-09-24T15:07:30.1977502Z ^[[1m^[[92m   Compiling^[[0m http-body-util v0.1.5
Rust	Test Rust workspace	2026-09-24T15:07:30.4107389Z ^[[1m^[[92m   Compiling^[[0m hashlink v0.12.2
Rust	Test Rust workspace	2026-09-24T15:07:30.6010149Z ^[[1m^[[92m   Compiling^[[0m num-conv v0.2.2
Rust	Test Rust workspace	2026-09-24T15:07:30.6657826Z ^[[1m^[[92m   Compiling^[[0m time-core v0.1.9
Rust	Test Rust workspace	2026-09-24T15:07:30.7037681Z ^[[1m^[[92m   Compiling^[[0m fallible-iterator v0.3.0
Rust	Test Rust workspace	2026-09-24T15:07:30.8386995Z ^[[1m^[[92m   Compiling^[[0m fallible-streaming-iterator v0.1.9
Rust	Test Rust workspace	2026-09-24T15:07:30.9317681Z ^[[1m^[[92m   Compiling^[[0m powerfmt v0.2.0
Rust	Test Rust workspace	2026-09-24T15:07:31.0048224Z ^[[1m^[[92m   Compiling^[[0m deranged v0.5.8
Rust	Test Rust workspace	2026-09-24T15:07:31.0767907Z ^[[1m^[[92m   Compiling^[[0m ryu v1.0.23
Rust	Test Rust workspace	2026-09-24T15:07:31.2137993Z ^[[1m^[[92m   Compiling^[[0m serde_urlencoded v0.7.1
Rust	Test Rust workspace	2026-09-24T15:07:31.8093677Z ^[[1m^[[92m   Compiling^[[0m rusqlite v0.40.2
Rust	Test Rust workspace	2026-09-24T15:07:32.0958126Z ^[[1m^[[92m   Compiling^[[0m time v0.3.55
Rust	Test Rust workspace	2026-09-24T15:07:33.2507658Z ^[[1m^[[92m   Compiling^[[0m petgraph v0.8.3
Rust	Test Rust workspace	2026-09-24T15:07:33.9918211Z ^[[1m^[[92m   Compiling^[[0m tokio-rustls v0.26.5
Rust	Test Rust workspace	2026-09-24T15:07:34.2037814Z ^[[1m^[[92m   Compiling^[[0m prost-types v0.14.4
Rust	Test Rust workspace	2026-09-24T15:07:34.2458072Z ^[[1m^[[92m   Compiling^[[0m pulldown-cmark-to-cmark v22.0.1
Rust	Test Rust workspace	2026-09-24T15:07:34.6538284Z ^[[1m^[[92m   Compiling^[[0m rx-process-contract v0.1.0 (/home/runner/work/rx-platform/rx-platform/crates/rx-process-contract)
Rust	Test Rust workspace	2026-09-24T15:07:34.7768809Z ^[[1m^[[92m   Compiling^[[0m mime v0.3.17
Rust	Test Rust workspace	2026-09-24T15:07:34.9447908Z ^[[1m^[[92m   Compiling^[[0m axum-core v0.5.6
Rust	Test Rust workspace	2026-09-24T15:07:35.0067733Z ^[[1m^[[92m   Compiling^[[0m prost v0.14.4
Rust	Test Rust workspace	2026-09-24T15:07:35.3667911Z ^[[1m^[[92m   Compiling^[[0m prost-build v0.14.4
Rust	Test Rust workspace	2026-09-24T15:07:35.6498316Z ^[[1m^[[92m   Compiling^[[0m serde_path_to_error v0.1.20
Rust	Test Rust workspace	2026-09-24T15:07:35.9868195Z ^[[1m^[[92m   Compiling^[[0m matchit v0.8.4
Rust	Test Rust workspace	2026-09-24T15:07:36.3148157Z ^[[1m^[[92m   Compiling^[[0m pin-project v1.1.13
Rust	Test Rust workspace	2026-09-24T15:07:36.3508211Z ^[[1m^[[92m   Compiling^[[0m tonic-prost-build v0.14.6
Rust	Test Rust workspace	2026-09-24T15:07:36.5987587Z ^[[1m^[[92m   Compiling^[[0m axum v0.8.9
Rust	Test Rust workspace	2026-09-24T15:07:37.1488119Z ^[[1m^[[92m   Compiling^[[0m rx-storage v0.1.0 (/home/runner/work/rx-platform/rx-platform/crates/rx-storage)
Rust	Test Rust workspace	2026-09-24T15:07:37.8246959Z ^[[1m^[[92m   Compiling^[[0m hyper-timeout v0.5.2
Rust	Test Rust workspace	2026-09-24T15:07:37.9648204Z ^[[1m^[[92m   Compiling^[[0m tokio-stream v0.1.19
Rust	Test Rust workspace	2026-09-24T15:07:38.3847955Z ^[[1m^[[92m   Compiling^[[0m rx-protocol v0.1.0 (/home/runner/work/rx-platform/rx-platform/crates/rx-protocol)
Rust	Test Rust workspace	2026-09-24T15:07:39.8977695Z ^[[1m^[[92m   Compiling^[[0m prost-reflect v0.16.5
Rust	Test Rust workspace	2026-09-24T15:07:40.3088617Z ^[[1m^[[92m   Compiling^[[0m rx-application v0.1.0 (/home/runner/work/rx-platform/rx-platform/crates/rx-application)
Rust	Test Rust workspace	2026-09-24T15:07:41.1158398Z ^[[1m^[[92m   Compiling^[[0m tonic v0.14.6
Rust	Test Rust workspace	2026-09-24T15:07:41.1237355Z ^[[1m^[[92m   Compiling^[[0m zerofrom v0.1.8
Rust	Test Rust workspace	2026-09-24T15:07:41.1948071Z ^[[1m^[[92m   Compiling^[[0m stable_deref_trait v1.2.1
Rust	Test Rust workspace	2026-09-24T15:07:41.2238125Z ^[[1m^[[92m   Compiling^[[0m yoke v0.8.3
Rust	Test Rust workspace	2026-09-24T15:07:41.3507775Z ^[[1m^[[92m   Compiling^[[0m zerovec v0.11.8
Rust	Test Rust workspace	2026-09-24T15:07:41.8987740Z ^[[1m^[[92m   Compiling^[[0m tinystr v0.8.4
Rust	Test Rust workspace	2026-09-24T15:07:42.0377542Z ^[[1m^[[92m   Compiling^[[0m writeable v0.6.4
Rust	Test Rust workspace	2026-09-24T15:07:42.2217632Z ^[[1m^[[92m   Compiling^[[0m litemap v0.8.3
Rust	Test Rust workspace	2026-09-24T15:07:42.3627849Z ^[[1m^[[92m   Compiling^[[0m icu_locale_core v2.3.0
Rust	Test Rust workspace	2026-09-24T15:07:43.6467658Z ^[[1m^[[92m   Compiling^[[0m tonic-prost v0.14.6
Rust	Test Rust workspace	2026-09-24T15:07:45.2128503Z ^[[1m^[[92m   Compiling^[[0m zerotrie v0.2.5
Rust	Test Rust workspace	2026-09-24T15:07:45.4598220Z ^[[1m^[[92m   Compiling^[[0m potential_utf v0.1.6
Rust	Test Rust workspace	2026-09-24T15:07:45.5557942Z ^[[1m^[[92m   Compiling^[[0m utf8_iter v1.0.4
Rust	Test Rust workspace	2026-09-24T15:07:45.6385728Z ^[[1m^[[92m   Compiling^[[0m icu_collections v2.3.0
Rust	Test Rust workspace	2026-09-24T15:07:46.1477839Z ^[[1m^[[92m   Compiling^[[0m icu_provider v2.3.1
Rust	Test Rust workspace	2026-09-24T15:07:46.4098258Z ^[[1m^[[92m   Compiling^[[0m rand_core v0.6.4
Rust	Test Rust workspace	2026-09-24T15:07:46.5337982Z ^[[1m^[[92m   Compiling^[[0m base64ct v1.8.3
Rust	Test Rust workspace	2026-09-24T15:07:46.5738299Z ^[[1m^[[92m   Compiling^[[0m icu_normalizer_data v2.3.0
Rust	Test Rust workspace	2026-09-24T15:07:46.6138195Z ^[[1m^[[92m   Compiling^[[0m icu_properties_data v2.3.0
Rust	Test Rust workspace	2026-09-24T15:07:46.7127967Z ^[[1m^[[92m   Compiling^[[0m blake2 v0.10.6
Rust	Test Rust workspace	2026-09-24T15:07:46.7658151Z ^[[1m^[[92m   Compiling^[[0m password-hash v0.5.0
Rust	Test Rust workspace	2026-09-24T15:07:47.1325542Z ^[[1m^[[92m   Compiling^[[0m argon2 v0.5.3
Rust	Test Rust workspace	2026-09-24T15:07:47.1857278Z ^[[1m^[[92m   Compiling^[[0m icu_properties v2.3.0
Rust	Test Rust workspace	2026-09-24T15:07:47.6677746Z ^[[1m^[[92m   Compiling^[[0m icu_normalizer v2.3.0
Rust	Test Rust workspace	2026-09-24T15:07:48.2807995Z ^[[1m^[[92m   Compiling^[[0m base64 v0.23.1
Rust	Test Rust workspace	2026-09-24T15:07:48.6147814Z ^[[1m^[[92m   Compiling^[[0m idna_adapter v1.2.2
Rust	Test Rust workspace	2026-09-24T15:07:48.6667979Z ^[[1m^[[92m   Compiling^[[0m idna v1.1.0
Rust	Test Rust workspace	2026-09-24T15:07:48.6931591Z ^[[1m^[[92m   Compiling^[[0m pem v4.0.0
Rust	Test Rust workspace	2026-09-24T15:07:49.0028107Z ^[[1m^[[92m   Compiling^[[0m url v2.5.8
Rust	Test Rust workspace	2026-09-24T15:07:49.4897558Z ^[[1m^[[92m   Compiling^[[0m tower-http v0.6.11
Rust	Test Rust workspace	2026-09-24T15:07:49.8268084Z ^[[1m^[[92m   Compiling^[[0m hyper-rustls v0.27.9
Rust	Test Rust workspace	2026-09-24T15:07:49.9155116Z ^[[1m^[[92m   Compiling^[[0m yasna v0.6.0
Rust	Test Rust workspace	2026-09-24T15:07:50.0307680Z ^[[1m^[[92m   Compiling^[[0m reqwest v0.12.28
Rust	Test Rust workspace	2026-09-24T15:07:50.6987692Z ^[[1m^[[92m   Compiling^[[0m rcgen v0.14.10
Rust	Test Rust workspace	2026-09-24T15:07:51.7437660Z ^[[1m^[[92m   Compiling^[[0m aho-corasick v1.1.5
Rust	Test Rust workspace	2026-09-24T15:07:51.9528534Z ^[[1m^[[92m   Compiling^[[0m regex-syntax v0.8.11
Rust	Test Rust workspace	2026-09-24T15:07:54.1547635Z ^[[1m^[[92m   Compiling^[[0m regex-automata v0.4.18
Rust	Test Rust workspace	2026-09-24T15:07:57.0188620Z ^[[1m^[[92m   Compiling^[[0m rx-runtime v0.1.0 (/home/runner/work/rx-platform/rx-platform/crates/rx-runtime)
Rust	Test Rust workspace	2026-09-24T15:07:58.3808907Z ^[[1m^[[92m   Compiling^[[0m rx-protocol-adapter v0.1.0 (/home/runner/work/rx-platform/rx-platform/crates/rx-protocol-adapter)
Rust	Test Rust workspace	2026-09-24T15:07:58.9170737Z ^[[1m^[[92m   Compiling^[[0m rx-api v0.1.0 (/home/runner/work/rx-platform/rx-platform/crates/rx-api)
Rust	Test Rust workspace	2026-09-24T15:07:59.2758557Z ^[[1m^[[92m   Compiling^[[0m rx-host-client v0.1.0 (/home/runner/work/rx-platform/rx-platform/crates/rx-host-client)
Rust	Test Rust workspace	2026-09-24T15:08:08.8123686Z ^[[1m^[[92m   Compiling^[[0m rx-platformd v0.1.0 (/home/runner/work/rx-platform/rx-platform/crates/rx-platformd)
Rust	Test Rust workspace	2026-09-24T15:08:11.6503148Z ^[[1m^[[92m   Compiling^[[0m regex v1.13.1
Rust	Test Rust workspace	2026-09-24T15:09:43.2143522Z ^[[1m^[[92m    Finished^[[0m `test` profile [unoptimized + debuginfo] target(s) in 2m 29s
Rust	Test Rust workspace	2026-09-24T15:09:43.3101363Z ^[[1m^[[92m     Running^[[0m unittests src/lib.rs (target/debug/deps/rx_api-159e862f8e9a3b1a)
Rust	Test Rust workspace	2026-09-24T15:09:43.3118247Z 
Rust	Test Rust workspace	2026-09-24T15:09:43.3119132Z running 7 tests
Rust	Test Rust workspace	2026-09-24T15:09:43.3153892Z test operator_ui::tests::acquisition_rejects_component_links_replaced_after_inventory ... ok
Rust	Test Rust workspace	2026-09-24T15:09:43.3155281Z test operator_ui::tests::bounds_manifest_before_loading_asset_bytes ... ok
Rust	Test Rust workspace	2026-09-24T15:09:43.4563409Z test operator_ui::tests::rejects_symlink_roots_ancestors_assets_and_manifest ... ok
Rust	Test Rust workspace	2026-09-24T15:09:43.4600367Z test operator_ui::tests::acquisition_rejects_replaced_fifos_without_waiting_for_a_writer ... ok
Rust	Test Rust workspace	2026-09-24T15:09:43.4672890Z test operator_ui::tests::strict_manifest_and_asset_namespace_reject_aliases_and_unsupported_inputs ... ok
Rust	Test Rust workspace	2026-09-24T15:09:43.5486977Z test operator_ui::tests::rejects_unlisted_missing_tampered_and_oversized_files ... ok
Rust	Test Rust workspace	2026-09-24T15:09:43.6625686Z test operator_ui::tests::owns_exact_verified_bytes_and_requires_a_pinned_manifest ... ok
Rust	Test Rust workspace	2026-09-24T15:09:43.6626719Z 
Rust	Test Rust workspace	2026-09-24T15:09:43.6627097Z test result: ok. 7 passed; 0 failed; 0 ignored; 0 measured; 0 filtered out; finished in 0.35s
Rust	Test Rust workspace	2026-09-24T15:09:43.6627642Z 
Rust	Test Rust workspace	2026-09-24T15:09:43.6630254Z ^[[1m^[[92m     Running^[[0m unittests src/bin/local.rs (target/debug/deps/rx_platform_local-2ea9ace65c2f9ebc)
Rust	Test Rust workspace	2026-09-24T15:09:43.6641841Z 
Rust	Test Rust workspace	2026-09-24T15:09:43.6642048Z running 0 tests
Rust	Test Rust workspace	2026-09-24T15:09:43.6642346Z 
Rust	Test Rust workspace	2026-09-24T15:09:43.6644386Z test result: ok. 0 passed; 0 failed; 0 ignored; 0 measured; 0 filtered out; finished in 0.00s
Rust	Test Rust workspace	2026-09-24T15:09:43.6645210Z 
Rust	Test Rust workspace	2026-09-24T15:09:43.6645902Z ^[[1m^[[92m     Running^[[0m tests/evidence_ingress.rs (target/debug/deps/evidence_ingress-0904aef9d01040d2)
Rust	Test Rust workspace	2026-09-24T15:09:43.6664448Z 
Rust	Test Rust workspace	2026-09-24T15:09:43.6664650Z running 1 test
Rust	Test Rust workspace	2026-09-24T15:09:43.6666590Z test publisher_catches_up_over_128_records_after_lost_ack_and_preserves_cursor_on_restart ... ignored, tools/test_evidence_e2e.sh builds and supplies the separate Host publisher
Rust	Test Rust workspace	2026-09-24T15:09:43.6668175Z 
Rust	Test Rust workspace	2026-09-24T15:09:43.6668754Z test result: ok. 0 passed; 0 failed; 1 ignored; 0 measured; 0 filtered out; finished in 0.00s
Rust	Test Rust workspace	2026-09-24T15:09:43.6669915Z 
Rust	Test Rust workspace	2026-09-24T15:09:43.6670826Z ^[[1m^[[92m     Running^[[0m tests/executor_ingress.rs (target/debug/deps/executor_ingress-cace6eba52e41c11)
Rust	Test Rust workspace	2026-09-24T15:09:43.6688463Z 
Rust	Test Rust workspace	2026-09-24T15:09:43.6688785Z running 7 tests
Rust	Test Rust workspace	2026-09-24T15:09:43.6695850Z test durable_s_worker_handles_real_bt_requests_and_preserves_crash_boundaries ... ignored, tools/test_executor_worker_e2e.sh supplies S worker and pinned C++ request fixture
Rust	Test Rust workspace	2026-09-24T15:09:43.6701956Z test resident_executor_discovers_two_operator_started_runs_in_one_process_and_session ... ignored, tools/test_executor_cell_e2e.sh supplies the resident S service and pinned C++ fixture
Rust	Test Rust workspace	2026-09-24T15:09:43.6704282Z test solutions_reader_restores_a_new_session_without_restoring_run_authority ... ignored, tools/test_executor_read_e2e.sh supplies the separate solutions reader
Rust	Test Rust workspace	2026-09-24T15:09:45.1771953Z test executor_run_reads_require_both_negotiations_and_the_same_registered_certificate ... ok
Rust	Test Rust workspace	2026-09-24T15:09:45.3540054Z test branch_checkpoint_preparation_and_lost_commit_reply_use_the_frozen_wire_contract ... ok
Rust	Test Rust workspace	2026-09-24T15:09:45.3885401Z test wait_checkpoint_start_and_resolution_use_the_frozen_wire_contract ... ok
Rust	Test Rust workspace	2026-09-24T15:09:45.4259635Z test remote_executor_allocates_and_submits_after_a_simulated_operator_start ... ok
Rust	Test Rust workspace	2026-09-24T15:09:45.4260313Z 
Rust	Test Rust workspace	2026-09-24T15:09:45.4260725Z test result: ok. 4 passed; 0 failed; 3 ignored; 0 measured; 0 filtered out; finished in 1.76s
Rust	Test Rust workspace	2026-09-24T15:09:45.4261313Z 
Rust	Test Rust workspace	2026-09-24T15:09:45.4277184Z ^[[1m^[[92m     Running^[[0m tests/host_recovery.rs (target/debug/deps/host_recovery-49fdd06c5579702f)
Rust	Test Rust workspace	2026-09-24T15:09:45.4299784Z 
Rust	Test Rust workspace	2026-09-24T15:09:45.4299970Z running 8 tests
Rust	Test Rust workspace	2026-09-24T15:09:47.8497539Z test exact_keys_cas_and_existing_operation_ids_reach_only_the_configured_service ... ok
Rust	Test Rust workspace	2026-09-24T15:09:48.0687654Z test context_digests_are_computed_by_the_server_and_diagnostic_queries_cannot_claim_authority ... ok
Rust	Test Rust workspace	2026-09-24T15:09:49.7030776Z test cached_proposal_keeps_historical_actor_after_relogin_on_another_registered_terminal ... ok
Rust	Test Rust workspace	2026-09-24T15:09:49.8437547Z test proposal_response_matches_the_original_request_and_actor_even_when_diagnostic_blockers_change ... ok
Rust	Test Rust workspace	2026-09-24T15:09:50.2340745Z test absence_is_reported_only_after_current_terminal_and_release_role_authentication ... ok
Rust	Test Rust workspace	2026-09-24T15:09:51.1822892Z test recovery_discovery_requires_current_role_bounds_and_forwards_the_exact_cursor ... ok
Rust	Test Rust workspace	2026-09-24T15:09:51.4989469Z test recovery_requests_reject_extra_authority_material_and_reuse_csrf_policy ... ok
Rust	Test Rust workspace	2026-09-24T15:09:51.6339632Z test writer_results_keep_their_existing_codes_and_transport_errors_are_sanitized ... ok
Rust	Test Rust workspace	2026-09-24T15:09:51.6340528Z 
Rust	Test Rust workspace	2026-09-24T15:09:51.6340913Z test result: ok. 8 passed; 0 failed; 0 ignored; 0 measured; 0 filtered out; finished in 6.20s
Rust	Test Rust workspace	2026-09-24T15:09:51.6341381Z 
Rust	Test Rust workspace	2026-09-24T15:09:51.6400192Z ^[[1m^[[92m     Running^[[0m tests/http.rs (target/debug/deps/http-32f284a25443da91)
Rust	Test Rust workspace	2026-09-24T15:09:51.6424657Z 
Rust	Test Rust workspace	2026-09-24T15:09:51.6424897Z running 22 tests
Rust	Test Rust workspace	2026-09-24T15:09:54.3797275Z test canonical_cell_inspection_uses_current_human_scope_and_frozen_json ... ok
Rust	Test Rust workspace	2026-09-24T15:09:55.0663231Z test actual_tcp_listener_uses_verified_socket_origin_and_real_writer ... ok
Rust	Test Rust workspace	2026-09-24T15:09:55.2960334Z test case_acknowledgment_records_reading_without_changing_containment_or_scope ... ok
Rust	Test Rust workspace	2026-09-24T15:09:55.6127553Z test cell_wire_projection_rejects_missing_legacy_metadata_and_impossible_creation_revision ... ok
Rust	Test Rust workspace	2026-09-24T15:09:55.6337492Z test binding_http_produces_a_matched_compile_input_without_cell_activation ... ok
Rust	Test Rust workspace	2026-09-24T15:09:55.6360974Z test export_operator_package_fixture ... ignored, browser package harness requests isolated fixture files; no production keys
Rust	Test Rust workspace	2026-09-24T15:09:57.4283838Z test invalid_service_inventory_is_not_partially_configured_and_empty_inventory_is_explicit ... ok
Rust	Test Rust workspace	2026-09-24T15:09:58.0547507Z test expired_session_and_stopped_writer_never_return_cached_success ... ok
Rust	Test Rust workspace	2026-09-24T15:09:58.5567572Z test close_http_requires_current_lead_cohort_evidence_and_real_clearance ... ok
Rust	Test Rust workspace	2026-09-24T15:09:58.6977447Z test checkpoint_wire_and_exact_artifact_are_scoped_to_current_user_access ... ok
Rust	Test Rust workspace	2026-09-24T15:09:59.4257487Z test mutations_are_durable_idempotent_and_terminal_bypass_is_rejected ... ok
Rust	Test Rust workspace	2026-09-24T15:09:59.4287500Z test process_review_real_compiler_report_crosses_http_and_approval_rechecks_store ... ignored, tools/test_process_review_e2e.sh supplies the separately built S verifier
Rust	Test Rust workspace	2026-09-24T15:10:01.6647662Z test process_draft_http_preserves_versions_and_blocks_non_engineer_or_cross_cell_writes ... ok
Rust	Test Rust workspace	2026-09-24T15:10:02.0115911Z test operator_start_http::operator_start_context_requires_scope_and_does_not_promote_a_session_without_terminal ... ok
Rust	Test Rust workspace	2026-09-24T15:10:02.7036820Z test package_intake_http_verifies_real_files_scopes_receipts_and_does_not_activate ... ok
Rust	Test Rust workspace	2026-09-24T15:10:03.3028065Z test runtime_restriction_selection_is_scoped_read_only_and_keeps_missing_origins_null ... ok
Rust	Test Rust workspace	2026-09-24T15:10:03.3032838Z test sign_operator_review_fixture ... ignored, test-only signing for browser-generated process review requests
Rust	Test Rust workspace	2026-09-24T15:10:04.2971868Z test scoped_snapshot_login_logout_and_current_revocation ... ok
Rust	Test Rust workspace	2026-09-24T15:10:04.5204888Z test service_diagnostics_expire_without_rejuvenating_worker_activity_and_reject_old_owners ... ok
Rust	Test Rust workspace	2026-09-24T15:10:05.1288101Z test stale_external_procedure_report_returns_its_durable_fact_ids ... ok
Rust	Test Rust workspace	2026-09-24T15:10:05.1377663Z test service_diagnostics_are_scope_filtered_and_new_runtime_cannot_reuse_a_previous_owner ... ok
Rust	Test Rust workspace	2026-09-24T15:10:07.1938466Z test strict_ingress_and_credentials_never_create_authority_from_headers ... ok
Rust	Test Rust workspace	2026-09-24T15:10:07.1939187Z 
Rust	Test Rust workspace	2026-09-24T15:10:07.1939472Z test result: ok. 19 passed; 0 failed; 3 ignored; 0 measured; 0 filtered out; finished in 15.55s
Rust	Test Rust workspace	2026-09-24T15:10:07.1939847Z 
Rust	Test Rust workspace	2026-09-24T15:10:07.2000936Z ^[[1m^[[92m     Running^[[0m tests/terminal_https.rs (target/debug/deps/terminal_https-b884682e1501b1c1)
Rust	Test Rust workspace	2026-09-24T15:10:07.2024614Z 
Rust	Test Rust workspace	2026-09-24T15:10:07.2024773Z running 5 tests
Rust	Test Rust workspace	2026-09-24T15:10:09.5257181Z test authenticated_terminal_cannot_bypass_qualification_or_current_user_role ... ok
Rust	Test Rust workspace	2026-09-24T15:10:09.5557708Z test terminal_bound_operator_can_prepare_start_but_revocation_blocks_cached_requests ... ok
Rust	Test Rust workspace	2026-09-24T15:10:09.5749129Z test operator_start_https::terminal_https_start_context_and_attempt_reads_preserve_real_start_and_identity_checks ... ok
Rust	Test Rust workspace	2026-09-24T15:10:10.1066007Z test operator_bundle_uses_direct_mtls_and_never_masks_api_or_missing_assets ... ok
Rust	Test Rust workspace	2026-09-24T15:10:12.8299734Z test tls_certificate_and_registry_are_both_required_and_cookie_is_bound_to_terminal ... ok
Rust	Test Rust workspace	2026-09-24T15:10:12.8300594Z 
Rust	Test Rust workspace	2026-09-24T15:10:12.8301338Z test result: ok. 5 passed; 0 failed; 0 ignored; 0 measured; 0 filtered out; finished in 5.63s
Rust	Test Rust workspace	2026-09-24T15:10:12.8302043Z 
Rust	Test Rust workspace	2026-09-24T15:10:12.8367810Z ^[[1m^[[92m     Running^[[0m unittests src/lib.rs (target/debug/deps/rx_application-a012ffbcc22175de)
Rust	Test Rust workspace	2026-09-24T15:10:12.8381921Z 
Rust	Test Rust workspace	2026-09-24T15:10:12.8382094Z running 3 tests
Rust	Test Rust workspace	2026-09-24T15:10:12.8392811Z test engine::admission::tests::current_source_identity_and_uncertainty_contract_apply_to_stored_facts ... ok
Rust	Test Rust workspace	2026-09-24T15:10:12.8540920Z test engine::run_configuration::tests::legacy_configuration_is_inferred_only_before_replacement_and_bound_history_never_drifts ... ok
Rust	Test Rust workspace	2026-09-24T15:10:12.8585519Z test checkpoint_artifact::tests::rejects_a_valid_older_artifact_substituted_into_a_newer_run_view ... ok
Rust	Test Rust workspace	2026-09-24T15:10:12.8586464Z 
Rust	Test Rust workspace	2026-09-24T15:10:12.8586909Z test result: ok. 3 passed; 0 failed; 0 ignored; 0 measured; 0 filtered out; finished in 0.02s
Rust	Test Rust workspace	2026-09-24T15:10:12.8587533Z 
Rust	Test Rust workspace	2026-09-24T15:10:12.8589689Z ^[[1m^[[92m     Running^[[0m tests/transactions.rs (target/debug/deps/transactions-1d896644800dc6e4)
Rust	Test Rust workspace	2026-09-24T15:10:12.8609600Z 
Rust	Test Rust workspace	2026-09-24T15:10:12.8609905Z running 240 tests
Rust	Test Rust workspace	2026-09-24T15:10:13.0426125Z test an_entered_send_with_no_remote_receipt_remains_unknown_and_is_not_reissued ... ok
Rust	Test Rust workspace	2026-09-24T15:10:13.0603047Z test activation_visits_are_unique_for_the_whole_run_across_parts ... ok
Rust	Test Rust workspace	2026-09-24T15:10:13.0757586Z test admission_receipt_is_anchored_to_the_original_control_record_and_survives_later_changes ... ok
Rust	Test Rust workspace	2026-09-24T15:10:13.1462499Z test a_new_contradictory_native_result_preserves_historical_outcome ... ok
Rust	Test Rust workspace	2026-09-24T15:10:13.1918150Z test assignment_tests::assignment_contract_rejects_false_cardinality_duplicate_witness_and_changed_cut ... ok
Rust	Test Rust workspace	2026-09-24T15:10:13.2425528Z test assignment_tests::ambiguous_discovery_does_not_revoke_an_already_bound_independent_run ... ok
Rust	Test Rust workspace	2026-09-24T15:10:13.2546860Z test assignment_tests::assignment_read_discovers_arming_and_ambiguity_without_creating_or_selecting_work ... ok
Rust	Test Rust workspace	2026-09-24T15:10:13.2790342Z test assignment_tests::assignment_read_requires_current_role_cell_and_configured_executor ... ok
Rust	Test Rust workspace	2026-09-24T15:10:13.3008186Z test assignment_tests::assignment_read_keeps_recovery_work_visible_after_its_previous_owner_is_revoked ... ok
Rust	Test Rust workspace	2026-09-24T15:10:13.3504390Z test binding_catalog_change_survives_runtime_restart_and_cannot_be_exported_as_current ... ok
Rust	Test Rust workspace	2026-09-24T15:10:13.3540891Z test binding_receipt_recovery_still_requires_current_engineer_role ... ok
Rust	Test Rust workspace	2026-09-24T15:10:13.3552830Z test binding_history_is_not_rebound_by_source_changes_and_title_only_changes_keep_the_same_content ... ok
Rust	Test Rust workspace	2026-09-24T15:10:13.4361480Z test cell_operating_context_rejects_competing_active_purposes ... ok
Rust	Test Rust workspace	2026-09-24T15:10:13.5199162Z test changed_intent_under_same_key_is_a_conflict ... ok
Rust	Test Rust workspace	2026-09-24T15:10:13.5747789Z test checkpoint_artifact_and_run_projection_commit_with_slot_or_roll_back_together ... ok
Rust	Test Rust workspace	2026-09-24T15:10:13.5867346Z test checkpoint_artifact_requires_current_run_scope_and_exact_owned_reference ... ok
Rust	Test Rust workspace	2026-09-24T15:10:13.6317765Z test changing_evidence_journal_does_not_silently_reset_sequence_history ... ok
Rust	Test Rust workspace	2026-09-24T15:10:13.9007410Z test checkpoint_preparation_loss_and_expiry_never_advance_the_run ... ok
Rust	Test Rust workspace	2026-09-24T15:10:13.9081808Z test checkpoint_commit_rejects_changed_mapping_artifact_and_stale_condition ... ok
Rust	Test Rust workspace	2026-09-24T15:10:14.0481276Z test checkpoint_proposal_is_not_an_applied_decision_and_commit_response_survives_loss ... ok
Rust	Test Rust workspace	2026-09-24T15:10:14.1007822Z test checkpoint_successor_preserves_an_existing_child_slot_from_another_visit ... ok
Rust	Test Rust workspace	2026-09-24T15:10:14.3587690Z test checkpoint_wait_uses_p_time_and_success_cannot_be_committed_after_deadline ... ok
Rust	Test Rust workspace	2026-09-24T15:10:14.4258681Z test closed_case_duplicate_reports_never_replay_but_new_physical_reports_reopen_containment ... ok
Rust	Test Rust workspace	2026-09-24T15:10:15.1470757Z test configuration_dispatch_tests::configuration_apply_cannot_use_partial_host_results_or_revoked_terminal ... ok
Rust	Test Rust workspace	2026-09-24T15:10:15.2428387Z test configuration_dispatch_tests::configuration_apply_rejects_expired_host_read_even_with_a_fresh_release_session ... ok
Rust	Test Rust workspace	2026-09-24T15:10:16.6578045Z test configuration_dispatch_tests::configuration_apply_requires_volatile_fresh_observations_at_both_prepare_and_commit ... ok
Rust	Test Rust workspace	2026-09-24T15:10:16.7018100Z test configuration_dispatch_tests::configuration_apply_keeps_completed_process_artifacts_and_new_runs_bind_new_configuration ... ok
Rust	Test Rust workspace	2026-09-24T15:10:16.8534118Z test configuration_dispatch_tests::configuration_apply_is_atomic_and_lost_reply_recovers_selection_epoch_and_history ... ok
Rust	Test Rust workspace	2026-09-24T15:10:17.3147889Z test configuration_dispatch_tests::configuration_dispatch_conflicting_receipt_never_overwrites_first_fact ... ok
Rust	Test Rust workspace	2026-09-24T15:10:17.4947614Z test configuration_dispatch_tests::configuration_dispatch_new_preparation_cannot_bypass_older_unknown_send ... ok
Rust	Test Rust workspace	2026-09-24T15:10:17.8694252Z test configuration_dispatch_tests::configuration_dispatch_partial_host_confirmation_is_mixed_without_platform_swap ... ok
Rust	Test Rust workspace	2026-09-24T15:10:18.3058016Z test configuration_dispatch_tests::configuration_dispatch_receipt_survives_transport_failure_and_disappearance_latches_dispute ... ok
Rust	Test Rust workspace	2026-09-24T15:10:18.3777720Z test configuration_dispatch_tests::configuration_dispatch_changed_snapshot_cannot_authorize_missing_receipt_retry ... ok
Rust	Test Rust workspace	2026-09-24T15:10:18.6652906Z test configuration_dispatch_tests::configuration_dispatch_revoked_sender_blocks_resend_but_late_fact_is_retained ... ok
Rust	Test Rust workspace	2026-09-24T15:10:18.8044756Z test configuration_dispatch_tests::configuration_dispatch_requires_fences_terminal_and_retains_one_task_after_commit_loss ... ok
Rust	Test Rust workspace	2026-09-24T15:10:19.4230159Z test configuration_dispatch_tests::host_recovery_tests::recovery_commit_reply_retry_cannot_hide_a_new_source_generation_after_historical_success ... ok
Rust	Test Rust workspace	2026-09-24T15:10:19.4927885Z test configuration_dispatch_tests::host_recovery_tests::recovery_adopts_current_original_outbox_and_commits_marker_and_exact_ack_atomically ... ok
Rust	Test Rust workspace	2026-09-24T15:10:19.7878246Z test configuration_dispatch_tests::host_recovery_tests::recovery_external_payload_cannot_inject_transport_observations_or_operating_actions ... ok
Rust	Test Rust workspace	2026-09-24T15:10:19.8360228Z test configuration_dispatch_tests::configuration_dispatch_send_entry_is_durable_and_missing_retry_uses_exact_request ... ok
Rust	Test Rust workspace	2026-09-24T15:10:19.8425725Z test configuration_dispatch_tests::host_recovery_tests::recovery_ambiguous_current_fences_and_page_overflow_never_select_a_partial_candidate_set ... ok
Rust	Test Rust workspace	2026-09-24T15:10:20.3648072Z test configuration_dispatch_tests::host_recovery_tests::recovery_history_is_discoverable_in_bounded_host_pages_without_partial_cell_access ... ok
Rust	Test Rust workspace	2026-09-24T15:10:20.4318064Z test configuration_dispatch_tests::host_recovery_tests::recovery_late_ack_survives_all_cell_cas_loss_and_never_changes_registration ... ok
Rust	Test Rust workspace	2026-09-24T15:10:20.5410312Z test configuration_dispatch_tests::host_recovery_tests::recovery_initial_unapplied_and_normal_renewal_preserve_dynamic_authority_while_restoring_real_false_fact ... ok
Rust	Test Rust workspace	2026-09-24T15:10:20.6780057Z test configuration_dispatch_tests::host_recovery_tests::recovery_known_unknown_allows_original_lookup_and_receipt_only_without_new_authorize_or_release ... ok
Rust	Test Rust workspace	2026-09-24T15:10:20.9989404Z test configuration_dispatch_tests::host_recovery_tests::recovery_missing_baseline_or_changed_identity_never_autogenerates_continuity ... ok
Rust	Test Rust workspace	2026-09-24T15:10:21.1778065Z test configuration_dispatch_tests::host_recovery_tests::recovery_proposal_reply_is_recovered_without_fresh_host_data_and_still_checks_key_and_actor ... ok
Rust	Test Rust workspace	2026-09-24T15:10:21.3264192Z test configuration_dispatch_tests::host_recovery_tests::recovery_permanent_void_without_invocation_preserves_known_prepare_identity_and_records_only_not_executed ... ok
Rust	Test Rust workspace	2026-09-24T15:10:21.3413439Z test configuration_dispatch_tests::host_recovery_tests::recovery_lost_commits_keep_original_proposal_fence_and_ack_without_replaying_authority ... ok
Rust	Test Rust workspace	2026-09-24T15:10:21.4882688Z test configuration_dispatch_tests::host_recovery_tests::recovery_shared_host_requires_terminal_rights_for_every_affected_cell ... ok
Rust	Test Rust workspace	2026-09-24T15:10:21.4918260Z test configuration_dispatch_tests::host_recovery_tests::recovery_sender_reapproval_keeps_original_fence_and_old_runtime_cannot_resume ... ok
Rust	Test Rust workspace	2026-09-24T15:10:21.6828573Z test configuration_dispatch_tests::host_recovery_tests::recovery_normal_apply_after_initial_none_uses_current_application_proof_instead_of_initial_configuration ... ok
Rust	Test Rust workspace	2026-09-24T15:10:21.7067767Z test configuration_dispatch_tests::host_recovery_tests::recovery_stored_actor_roundtrip_retains_identifiers_without_restoring_session_authority ... ok
Rust	Test Rust workspace	2026-09-24T15:10:22.5226595Z test configuration_dispatch_tests::process_revalidation_tests::current_revalidation_proposal_commit_loss_is_atomic_and_recoverable ... ok
Rust	Test Rust workspace	2026-09-24T15:10:22.7128270Z test configuration_dispatch_tests::process_revalidation_tests::current_revalidation_keeps_review_fence_host_ack_and_unqualified_apply_gates_and_reuses_applied_root ... ok
Rust	Test Rust workspace	2026-09-24T15:10:22.8008121Z test configuration_dispatch_tests::process_revalidation_tests::current_revalidation_requires_explicit_mode_exact_target_and_existing_compiled_process ... ok
Rust	Test Rust workspace	2026-09-24T15:10:22.8088437Z test configuration_dispatch_tests::process_revalidation_tests::replace_default_preserves_legacy_request_change_shape_and_plan_digest ... ok
Rust	Test Rust workspace	2026-09-24T15:10:23.0437475Z test configuration_dispatch_tests::host_recovery_tests::recovery_source_clock_configuration_and_unknown_pending_changes_cannot_be_promoted ... ok
Rust	Test Rust workspace	2026-09-24T15:10:24.0392795Z test configuration_dispatch_tests::requalification_tests::qualification_activation_tests::qualification_activation_rechecks_context_after_off_writer_verification ... ok
Rust	Test Rust workspace	2026-09-24T15:10:24.1207702Z test configuration_dispatch_tests::requalification_tests::qualification_activation_tests::qualification_disappearing_receipt_suspends_active_cohort_without_overwriting_fact ... ok
Rust	Test Rust workspace	2026-09-24T15:10:25.0178119Z test configuration_dispatch_tests::requalification_tests::qualification_activation_tests::qualification_legacy_policy_can_be_reviewed_but_cannot_issue_execution_purposes ... ok
Rust	Test Rust workspace	2026-09-24T15:10:25.1998520Z test configuration_dispatch_tests::requalification_tests::qualification_activation_tests::qualification_issuance_is_atomic_and_request_loss_preserves_ids_and_clear_plan ... ok
Rust	Test Rust workspace	2026-09-24T15:10:25.4435796Z test configuration_dispatch_tests::requalification_tests::qualification_activation_tests::qualification_never_clears_a_manual_hold_without_owned_provenance ... ok
Rust	Test Rust workspace	2026-09-24T15:10:25.5628109Z test configuration_dispatch_tests::requalification_tests::qualification_activation_tests::qualification_activation_is_atomic_clears_only_owned_blocks_and_requires_separate_start ... ok
Rust	Test Rust workspace	2026-09-24T15:10:26.3735204Z test configuration_dispatch_tests::requalification_tests::qualification_activation_tests::qualification_new_session_reauthorizes_same_pending_request_without_new_ids ... ok
Rust	Test Rust workspace	2026-09-24T15:10:26.7629278Z test configuration_dispatch_tests::requalification_tests::qualification_activation_tests::qualification_permits_only_the_reviewed_operating_purposes ... ok
Rust	Test Rust workspace	2026-09-24T15:10:26.8598674Z test configuration_dispatch_tests::requalification_tests::qualification_activation_tests::qualification_policy_replacement_revokes_active_grade_but_preserves_history ... ok
Rust	Test Rust workspace	2026-09-24T15:10:26.9746003Z test configuration_dispatch_tests::requalification_tests::qualification_activation_tests::qualification_partial_host_receipts_never_activate_the_cell ... ok
Rust	Test Rust workspace	2026-09-24T15:10:27.7222503Z test configuration_dispatch_tests::requalification_tests::qualification_activation_tests::qualification_restart_retires_active_authority_and_preserves_completed_batch ... ok
Rust	Test Rust workspace	2026-09-24T15:10:27.8359206Z test configuration_dispatch_tests::requalification_tests::qualification_activation_tests::runtime_requalification_tests::a_later_review_without_selection_cannot_reuse_an_earlier_runtime_adoption ... ok
Rust	Test Rust workspace	2026-09-24T15:10:27.9320333Z test configuration_dispatch_tests::requalification_tests::qualification_activation_tests::qualification_send_journal_does_not_infer_rejection_from_missing_reply ... ok
Rust	Test Rust workspace	2026-09-24T15:10:29.1355009Z test configuration_dispatch_tests::requalification_tests::qualification_activation_tests::runtime_requalification_tests::activated_root_after_restart_keeps_exact_origin_owner_and_can_begin_explicit_revalidation ... ok
Rust	Test Rust workspace	2026-09-24T15:10:29.1997427Z test configuration_dispatch_tests::requalification_tests::qualification_activation_tests::runtime_requalification_tests::a_new_shared_cell_invalidates_pending_and_active_requalification_without_changing_the_original_cell ... ok
Rust	Test Rust workspace	2026-09-24T15:10:29.2218249Z test configuration_dispatch_tests::requalification_tests::qualification_activation_tests::runtime_requalification_tests::initial_runtime_restriction_is_signed_into_requalification_and_cleared_only_at_activation ... ok
Rust	Test Rust workspace	2026-09-24T15:10:29.5675431Z test configuration_dispatch_tests::requalification_tests::qualification_activation_tests::runtime_requalification_tests::restriction_binding_is_atomic_and_missing_or_wrong_origins_never_generate_authority ... ok
Rust	Test Rust workspace	2026-09-24T15:10:30.0788461Z test configuration_dispatch_tests::requalification_tests::qualification_activation_tests::runtime_requalification_tests::review_without_explicit_runtime_restriction_cannot_issue_a_clear_for_it ... ok
Rust	Test Rust workspace	2026-09-24T15:10:30.1613271Z test configuration_dispatch_tests::requalification_tests::requalification_approval_requires_fences_and_independent_reviewer_and_fresh_context ... ok
Rust	Test Rust workspace	2026-09-24T15:10:30.2278171Z test configuration_dispatch_tests::requalification_tests::requalification_approval_is_idempotent_and_new_report_invalidates_its_scope ... ok
Rust	Test Rust workspace	2026-09-24T15:10:31.1434389Z test configuration_dispatch_tests::requalification_tests::requalification_rejects_missing_forged_or_wrong_environment_evidence ... ok
Rust	Test Rust workspace	2026-09-24T15:10:31.1940640Z test configuration_dispatch_tests::requalification_tests::requalification_not_run_is_preserved_and_cannot_be_approved ... ok
Rust	Test Rust workspace	2026-09-24T15:10:31.2593856Z test configuration_dispatch_tests::requalification_tests::requalification_begin_is_atomic_and_same_key_preserves_fences ... ok
Rust	Test Rust workspace	2026-09-24T15:10:31.3323455Z test confirmed_new_cell_fence_advances_registration_and_allows_only_original_grant_renewal ... ok
Rust	Test Rust workspace	2026-09-24T15:10:31.4107063Z test conflicting_observation_is_committed_as_invalidation_even_though_api_rejects_it ... ok
Rust	Test Rust workspace	2026-09-24T15:10:31.4823347Z test current_engineer_role_is_required_even_when_recovering_an_existing_draft_receipt ... ok
Rust	Test Rust workspace	2026-09-24T15:10:31.6163297Z test control_journal_is_atomic_and_audit_sessions_do_not_advance_its_cursor ... ok
Rust	Test Rust workspace	2026-09-24T15:10:32.0529065Z test device_binding_tests::approved_action_produces_exact_nonexecuting_candidate_and_independent_impact_review ... ok
Rust	Test Rust workspace	2026-09-24T15:10:32.4938483Z test configuration_dispatch_tests::requalification_tests::requalification_large_evidence_is_chunked_atomically_and_restored_exactly ... ok
Rust	Test Rust workspace	2026-09-24T15:10:32.6457625Z test device_binding_tests::missing_mandatory_conditions_and_malformed_conditions_never_get_default_success ... ok
Rust	Test Rust workspace	2026-09-24T15:10:33.1980100Z test configuration_dispatch_tests::requalification_tests::requalification_report_commit_loss_recovers_original_bytes_and_never_qualifies ... ok
Rust	Test Rust workspace	2026-09-24T15:10:33.3885166Z test device_binding_tests::new_shared_cell_or_new_report_invalidates_impact_review ... ok
Rust	Test Rust workspace	2026-09-24T15:10:33.5304988Z test device_binding_tests::device_plan_authoring_exports_exact_provenance_without_changing_active_steps ... ok
Rust	Test Rust workspace	2026-09-24T15:10:33.6717741Z test device_binding_tests::prospective_resources_expand_impact_and_uncovered_cell_scope_rejects_commit ... ok
Rust	Test Rust workspace	2026-09-24T15:10:33.7187811Z test device_binding_tests::proposal_and_impact_review_recover_original_records_after_commit_faults ... ok
Rust	Test Rust workspace	2026-09-24T15:10:33.8390432Z test device_catalog_tests::old_packages_without_catalog_remain_readable_without_claiming_device_validation ... ok
Rust	Test Rust workspace	2026-09-24T15:10:33.9142186Z test device_catalog_tests::device_catalog_intake_is_atomic_preserves_source_and_never_changes_active_configuration ... ok
Rust	Test Rust workspace	2026-09-24T15:10:33.9897898Z test device_binding_tests::stale_or_incomplete_device_plans_do_not_export_or_silently_fall_back ... ok
Rust	Test Rust workspace	2026-09-24T15:10:34.0373430Z test device_generation_change_is_preserved_and_does_not_disappear_on_rejection ... ok
Rust	Test Rust workspace	2026-09-24T15:10:34.0551080Z test device_catalog_tests::installation_environment_and_expired_tickets_do_not_commit_a_catalog ... ok
Rust	Test Rust workspace	2026-09-24T15:10:34.1781066Z test device_provenance_cannot_pass_the_legacy_process_review_even_when_actions_match ... ok
Rust	Test Rust workspace	2026-09-24T15:10:34.2403230Z test device_review_tests::failed_checks_are_recorded_but_not_approved_and_rejection_survives_policy_revocation ... ok
Rust	Test Rust workspace	2026-09-24T15:10:34.6027612Z test device_review_tests::fresh_proof_loses_applicability_when_authority_or_report_changes_before_commit ... ok
Rust	Test Rust workspace	2026-09-24T15:10:34.6038051Z test device_review_tests::independent_device_approval_requires_exact_latest_report_and_leaves_cell_unchanged ... ok
Rust	Test Rust workspace	2026-09-24T15:10:34.6149726Z test device_review_tests::list_returns_bounded_summaries_instead_of_copying_large_reports ... ok
Rust	Test Rust workspace	2026-09-24T15:10:34.6398594Z test device_catalog_tests::signed_catalog_mismatches_cannot_enter_the_writer_as_valid_declarations ... ok
Rust	Test Rust workspace	2026-09-24T15:10:34.7939205Z test diagnostic_case_keeps_epoch_and_mandate_but_blocks_new_admission ... ok
Rust	Test Rust workspace	2026-09-24T15:10:34.8524625Z test device_review_tests::signature_validator_request_and_catalog_mismatch_cannot_be_recorded_as_verified ... ok
Rust	Test Rust workspace	2026-09-24T15:10:34.8837417Z test direct_state_puts_during_hold_are_captured_at_one_final_transaction_cut ... ok
Rust	Test Rust workspace	2026-09-24T15:10:34.9587623Z test draft_binding_selection_requires_current_source_catalog_and_real_registered_step ... ok
Rust	Test Rust workspace	2026-09-24T15:10:34.9630096Z test draft_history_keeps_incomplete_sources_and_concurrent_updates_do_not_overwrite_them ... ok
Rust	Test Rust workspace	2026-09-24T15:10:34.9797742Z test draft_binding_commit_loss_and_input_conflict_preserve_one_resolved_snapshot ... ok
Rust	Test Rust workspace	2026-09-24T15:10:35.1527271Z test draft_saves_are_atomic_recoverable_and_never_change_the_installed_cell ... ok
Rust	Test Rust workspace	2026-09-24T15:10:35.1719182Z test early_native_evidence_is_reapplied_when_the_receipt_establishes_correlation ... ok
Rust	Test Rust workspace	2026-09-24T15:10:35.2247617Z test evidence_gap_is_not_skipped_and_conflicting_sequence_is_quarantined ... ok
Rust	Test Rust workspace	2026-09-24T15:10:35.2734714Z test device_review_tests::report_and_decision_commit_faults_recover_one_original_version_and_decision ... ok
Rust	Test Rust workspace	2026-09-24T15:10:35.5380928Z test false_handover_facts_are_retained_and_identity_conflicts_block_release ... ok
Rust	Test Rust workspace	2026-09-24T15:10:35.5897641Z test executor_part_and_activation_mutations_preserve_full_request_identity_and_atomic_results ... ok
Rust	Test Rust workspace	2026-09-24T15:10:35.6625573Z test executor_reconnect_is_idempotent_but_changed_incarnation_revokes_authority ... ok
Rust	Test Rust workspace	2026-09-24T15:10:35.8196194Z test executor_submit_checks_the_whole_envelope_and_recovers_an_immutable_receipt_after_t1_loss ... ok
Rust	Test Rust workspace	2026-09-24T15:10:35.8287827Z test handover_release_is_atomic_and_duplicate_proof_does_not_release_another_owner ... ok
Rust	Test Rust workspace	2026-09-24T15:10:35.8524325Z test hold_proves_unsent_work_not_executed_without_releasing_resource ... ok
Rust	Test Rust workspace	2026-09-24T15:10:35.9437912Z test host_binding_baseline_tests::baseline_bound_cut_uses_fence_while_pre_fence_config_and_read_keep_their_lower_epoch ... ok
Rust	Test Rust workspace	2026-09-24T15:10:36.0428294Z test hold_propagates_to_shared_resources_and_preserves_independent_cells ... ok
Rust	Test Rust workspace	2026-09-24T15:10:36.0606680Z test host_binding_baseline_tests::exact_initial_applied_context_is_preserved_without_claiming_activation ... ok
Rust	Test Rust workspace	2026-09-24T15:10:36.1033632Z test host_binding_baseline_tests::commit_body_and_reusable_transport_pin_changes_cannot_replace_the_original_baseline ... ok
Rust	Test Rust workspace	2026-09-24T15:10:36.1098277Z test host_binding_baseline_tests::baseline_and_bound_transition_are_atomic_across_rollback_and_commit_response_loss ... ok
Rust	Test Rust workspace	2026-09-24T15:10:36.1901510Z test host_binding_baseline_tests::historical_baseline_survives_renewal_and_later_registration_epoch_changes ... ok
Rust	Test Rust workspace	2026-09-24T15:10:36.1972047Z test host_binding_baseline_tests::legacy_none_and_already_bound_missing_baseline_never_backfill_on_later_provenance ... ok
Rust	Test Rust workspace	2026-09-24T15:10:36.3237937Z test host_binding_baseline_tests::missing_primary_baseline_is_integrity_when_pinned_bound_history_survives ... ok
Rust	Test Rust workspace	2026-09-24T15:10:36.4272261Z test host_binding_baseline_tests::known_pinned_plan_cannot_downgrade_to_none_even_after_its_expiry ... ok
Rust	Test Rust workspace	2026-09-24T15:10:36.4418105Z test host_binding_baseline_tests::uri_pin_accepts_only_public_https_origin_without_credentials_or_request_data ... ok
Rust	Test Rust workspace	2026-09-24T15:10:36.4426515Z test host_binding_baseline_tests::missing_or_tampered_original_objects_and_reference_metadata_fail_historical_read ... ok
Rust	Test Rust workspace	2026-09-24T15:10:36.4886788Z test host_binding_baseline_tests::only_new_normal_commit_creates_exact_immutable_baseline_and_initial_applied_none_is_valid ... ok
Rust	Test Rust workspace	2026-09-24T15:10:36.6040774Z test host_bootstrap_plan_and_registration_are_durable_and_do_not_fabricate_readiness ... ok
Rust	Test Rust workspace	2026-09-24T15:10:36.7067751Z test host_bootstrap_never_reuses_a_changed_delivery_journal_in_the_same_boot ... ok
Rust	Test Rust workspace	2026-09-24T15:10:36.8182381Z test host_bootstrap_rejects_wrong_incarnation_missing_sources_and_changed_context ... ok
Rust	Test Rust workspace	2026-09-24T15:10:36.8828448Z test host_binding_baseline_tests::mismatched_actual_configuration_read_scope_and_time_never_prepare_a_baseline_plan ... ok
Rust	Test Rust workspace	2026-09-24T15:10:36.9184363Z test late_prepared_receipt_after_pause_does_not_create_an_authorization ... ok
Rust	Test Rust workspace	2026-09-24T15:10:37.0287626Z test maintained_condition_recovery_does_not_revive_an_old_mandate ... ok
Rust	Test Rust workspace	2026-09-24T15:10:37.1183344Z test maintained_watchdog_revokes_expired_facts_without_fabricating_a_negative_sample ... ok
Rust	Test Rust workspace	2026-09-24T15:10:37.1397717Z test host_read_ingestion_checks_context_and_preserves_the_native_source_fields ... ok
Rust	Test Rust workspace	2026-09-24T15:10:37.1650588Z test live_execution_snapshot_preserves_the_cut_and_does_not_reuse_aged_maintained_conditions ... ok
Rust	Test Rust workspace	2026-09-24T15:10:37.2881728Z test native_metadata_changes_conflict_and_ack_cursor_is_part_of_t2_commit ... ok
Rust	Test Rust workspace	2026-09-24T15:10:37.3817833Z test native_outcomes_tests::native_outcome_table_rejects_ambiguous_unbound_and_nonterminal_policy ... ok
Rust	Test Rust workspace	2026-09-24T15:10:37.6057415Z test native_receipt_capture_does_not_stand_in_for_completion_policy ... ok
Rust	Test Rust workspace	2026-09-24T15:10:37.7000865Z test native_outcomes_tests::native_outcome_atomic_ack_loss_and_late_contradiction_preserve_first_conclusion ... ok
Rust	Test Rust workspace	2026-09-24T15:10:37.9957620Z test native_outcomes_tests::native_outcome_postconditions_require_current_evidence_and_no_hold ... ok
Rust	Test Rust workspace	2026-09-24T15:10:38.6093411Z test non_operating_close_preparation_lost_reply_and_rollback_do_not_duplicate_clearances ... ok
Rust	Test Rust workspace	2026-09-24T15:10:38.8177937Z test non_operating_close_does_not_accept_missing_people_proof_or_invented_evidence ... ok
Rust	Test Rust workspace	2026-09-24T15:10:38.9324748Z test native_outcomes_tests::native_outcome_pairs_separate_terminal_meanings_and_leave_unknown_unsettled ... ok
Rust	Test Rust workspace	2026-09-24T15:10:38.9942349Z test non_operating_close_is_atomic_idempotent_and_retains_other_case_restrictions ... ok
Rust	Test Rust workspace	2026-09-24T15:10:39.0841029Z test non_operating_close_preserves_unknown_effect_and_does_not_release_resources ... ok
Rust	Test Rust workspace	2026-09-24T15:10:39.1253759Z test observation_batch_keeps_conflict_evidence_and_other_source_truth_without_repeated_revocation ... ok
Rust	Test Rust workspace	2026-09-24T15:10:39.1417442Z test observation_batch_rejects_bad_last_source_before_writing_any_fact ... ok
Rust	Test Rust workspace	2026-09-24T15:10:39.1686002Z test observation_batch_evaluates_the_complete_cut_and_recovers_commit_reply_loss ... ok
Rust	Test Rust workspace	2026-09-24T15:10:39.2217518Z test operator_diagnostic_browser_fixtures_are_real_unqualified_read_models ... ok
Rust	Test Rust workspace	2026-09-24T15:10:39.2625705Z test observation_generation_loss_is_latched_once_and_does_not_adopt_the_new_source ... ok
Rust	Test Rust workspace	2026-09-24T15:10:39.3163579Z test operator_diagnostics_distinguish_missing_generation_and_expression_mismatch ... ok
Rust	Test Rust workspace	2026-09-24T15:10:39.3384328Z test operator_diagnostics_share_the_condition_evaluator_and_do_not_change_authority ... ok
Rust	Test Rust workspace	2026-09-24T15:10:39.3677687Z test one_physical_resource_is_reserved_across_cells_not_per_cell_alias ... ok
Rust	Test Rust workspace	2026-09-24T15:10:39.4003138Z test operator_start_tests::a_valid_operator_without_terminal_gets_a_blocked_candidate_and_scope_stays_private ... ok
Rust	Test Rust workspace	2026-09-24T15:10:39.4355322Z test operator_service_reconnect_cannot_start_work_or_replace_executor_authority ... ok
Rust	Test Rust workspace	2026-09-24T15:10:39.5331475Z test operator_start_tests::lost_start_response_uses_the_original_attempt_and_deadline_read_does_not_mutate_status ... ok
Rust	Test Rust workspace	2026-09-24T15:10:39.5373650Z test operator_start_tests::context_is_read_only_and_the_exact_candidate_starts_only_after_explicit_mutation ... ok
Rust	Test Rust workspace	2026-09-24T15:10:39.6675086Z test operator_start_tests::candidate_rejections_match_start_and_old_context_cannot_override_a_new_revision ... ok
Rust	Test Rust workspace	2026-09-24T15:10:39.7283661Z test package_intake_commit_rejects_role_or_terminal_revoked_while_worker_runs ... ok
Rust	Test Rust workspace	2026-09-24T15:10:39.8518104Z test package_intake_conflicting_ids_and_stale_configuration_never_create_two_receipts ... ok
Rust	Test Rust workspace	2026-09-24T15:10:39.8647613Z test p_commits_branch_choice_and_rejects_the_untaken_activation ... ok
Rust	Test Rust workspace	2026-09-24T15:10:39.9125946Z test package_intake_commits_receipt_event_and_request_atomically_without_cell_change ... ok
Rust	Test Rust workspace	2026-09-24T15:10:39.9561673Z test package_intake_receipt_is_historical_after_policy_disable_and_current_role_revocation_applies_first ... ok
Rust	Test Rust workspace	2026-09-24T15:10:39.9948033Z test package_intake_receipts_survive_restart_but_live_policy_and_preflight_do_not ... ok
Rust	Test Rust workspace	2026-09-24T15:10:40.0748179Z test package_intake_rejects_unregistered_store_or_different_verification_policy ... ok
Rust	Test Rust workspace	2026-09-24T15:10:40.3107587Z test part_completion_waits_for_release_and_closes_exhausted_run ... ok
Rust	Test Rust workspace	2026-09-24T15:10:40.3367694Z test package_intake_rechecks_authority_policy_and_time_after_file_work ... ok
Rust	Test Rust workspace	2026-09-24T15:10:40.3803611Z test part_completion_requires_only_the_committed_branch_and_its_real_release_proof ... ok
Rust	Test Rust workspace	2026-09-24T15:10:40.4724836Z test pause_rejects_a_late_arm_acknowledgment_from_start_preparation ... ok
Rust	Test Rust workspace	2026-09-24T15:10:40.5180848Z test pause_after_emit_is_not_cancellation_and_late_correlated_result_is_still_recorded ... ok
Rust	Test Rust workspace	2026-09-24T15:10:40.5359567Z test pausing_a_prepared_run_without_arm_does_not_fence_other_cell_work ... ok
Rust	Test Rust workspace	2026-09-24T15:10:40.6025010Z test pending_start_has_a_deadline_and_key_covers_budget_intent ... ok
Rust	Test Rust workspace	2026-09-24T15:10:40.6652274Z test permit_deadline_cannot_outlive_the_observation_that_supported_it ... ok
Rust	Test Rust workspace	2026-09-24T15:10:40.8372408Z test pause_commits_reply_fence_and_unsent_sealing_atomically_without_refunding_budget ... ok
Rust	Test Rust workspace	2026-09-24T15:10:40.8557605Z test prepared_is_not_an_authorization_ack_and_duplicate_receipts_complete_the_right_message ... ok
Rust	Test Rust workspace	2026-09-24T15:10:40.8795696Z test physical_case_open_is_atomic_and_acknowledgment_cannot_restore_authority ... ok
Rust	Test Rust workspace	2026-09-24T15:10:41.3087069Z test process_change_fence_confirmation_is_not_configuration_application ... ok
Rust	Test Rust workspace	2026-09-24T15:10:41.3665976Z test procedure_requires_real_fence_and_condition_evidence_then_accounts_for_every_worker ... ok
Rust	Test Rust workspace	2026-09-24T15:10:41.6967672Z test non_operating_close_rechecks_time_case_epoch_evidence_and_current_actor ... ok
Rust	Test Rust workspace	2026-09-24T15:10:41.7908315Z test process_change_proposal_and_stage_preserve_configuration_and_all_step_guards ... ok
Rust	Test Rust workspace	2026-09-24T15:10:41.9260100Z test process_change_preparation_requires_current_terminal_and_serializes_overlapping_changes ... ok
Rust	Test Rust workspace	2026-09-24T15:10:42.1137803Z test process_change_preparation_is_atomic_preserves_unknown_work_and_requires_config_ack ... ok
Rust	Test Rust workspace	2026-09-24T15:10:42.2987732Z test process_change_refresh_preserves_existing_blocks_and_replaces_only_preparation_context ... ok
Rust	Test Rust workspace	2026-09-24T15:10:42.3478549Z test process_change_revoked_software_review_rejects_pending_stage_without_installing_target ... ok
Rust	Test Rust workspace	2026-09-24T15:10:42.3499398Z test process_change_proposal_failure_is_atomic_and_lost_reply_recovers_original_plan ... ok
Rust	Test Rust workspace	2026-09-24T15:10:42.4147146Z test process_change_shared_host_closure_requires_rights_for_every_affected_cell ... ok
Rust	Test Rust workspace	2026-09-24T15:10:42.5430395Z test process_checkpoint_survives_runtime_restart_without_restoring_execution_authority ... ok
Rust	Test Rust workspace	2026-09-24T15:10:42.5897701Z test process_review_lists_are_scoped_and_history_is_read_only_with_latest_revision_visible ... ok
Rust	Test Rust workspace	2026-09-24T15:10:42.7481360Z test process_review_new_report_invalidates_old_decision_and_cas_prevents_overwriting_reviews ... ok
Rust	Test Rust workspace	2026-09-24T15:10:42.7580334Z test process_review_signature_and_compiled_bytes_cannot_be_replaced_or_rebound ... ok
Rust	Test Rust workspace	2026-09-24T15:10:42.7689685Z test process_review_authority_and_role_changes_reject_pending_approvals ... ok
Rust	Test Rust workspace	2026-09-24T15:10:42.8191581Z test process_review_restart_preserves_software_decision_but_rejects_old_pending_ticket ... ok
Rust	Test Rust workspace	2026-09-24T15:10:42.8421983Z test producer_reconnect_requires_current_identity_and_cell_negotiation ... ok
Rust	Test Rust workspace	2026-09-24T15:10:42.9402427Z test process_review_signed_compiler_success_does_not_override_cell_binding_mismatch ... ok
Rust	Test Rust workspace	2026-09-24T15:10:43.0433703Z test producer_runtime_restart_tests::consecutive_p_restarts_preserve_historical_operating_session_and_each_runtime_block ... ok
Rust	Test Rust workspace	2026-09-24T15:10:43.2325867Z test producer_runtime_restart_tests::changed_host_journal_authentication_or_session_validity_still_adds_device_restart ... ok
Rust	Test Rust workspace	2026-09-24T15:10:43.2328523Z test producer_runtime_restart_tests::absent_or_wrong_boot_configuration_and_scope_coverage_cannot_suppress_invalidation ... ok
Rust	Test Rust workspace	2026-09-24T15:10:43.2500900Z test producer_runtime_restart_tests::current_origin_must_cover_every_registered_cell_of_the_host ... ok
Rust	Test Rust workspace	2026-09-24T15:10:43.2988694Z test producer_runtime_restart_tests::malformed_provenance_rolls_back_session_replacement_instead_of_claiming_runtime_only ... ok
Rust	Test Rust workspace	2026-09-24T15:10:43.3405025Z test process_review_signed_report_and_separate_reviewer_approval_are_atomic_and_non_actuating ... ok
Rust	Test Rust workspace	2026-09-24T15:10:43.4532489Z test producer_runtime_restart_tests::prior_source_generation_loss_remains_restricted_after_p_runtime_evidence_reconnect ... ok
Rust	Test Rust workspace	2026-09-24T15:10:43.4699365Z test producer_runtime_restart_tests::runtime_only_session_replacement_recovers_commit_loss_without_repeated_invalidation ... ok
Rust	Test Rust workspace	2026-09-24T15:10:43.5950261Z test production_read_before_first_part_has_complete_budget_and_detects_missing_parts ... ok
Rust	Test Rust workspace	2026-09-24T15:10:43.6119101Z test qualification_defaults::close_policy_admission_requires_an_explicit_qualification_capability ... ok
Rust	Test Rust workspace	2026-09-24T15:10:43.6867478Z test production_completion_requires_release_and_preserves_original_reply_and_budget ... ok
Rust	Test Rust workspace	2026-09-24T15:10:43.7274794Z test qualification_defaults::procedure_admission_requires_an_explicit_qualification_capability ... ok
Rust	Test Rust workspace	2026-09-24T15:10:43.7675118Z test producer_runtime_restart_tests::p_only_restart_replaces_only_evidence_session_and_preserves_all_authority_records ... ok
Rust	Test Rust workspace	2026-09-24T15:10:43.8179636Z test renewal_uses_durable_sequence_and_original_send_time_without_replaying_permission ... ok
Rust	Test Rust workspace	2026-09-24T15:10:43.8238625Z test recorded_cell_context_tracks_start_intervention_and_real_block_creation_revisions ... ok
Rust	Test Rust workspace	2026-09-24T15:10:43.8287271Z test reconciliation_requests_are_durable_coalesced_and_cannot_claim_release ... ok
Rust	Test Rust workspace	2026-09-24T15:10:43.8593359Z test resolved_plan_binding_and_digest_cannot_be_substituted_in_cell_configuration ... ok
Rust	Test Rust workspace	2026-09-24T15:10:43.9247762Z test repeated_disputed_samples_do_not_create_unbounded_latches_but_a_new_episode_does ... ok
Rust	Test Rust workspace	2026-09-24T15:10:43.9670602Z test restarting_runtime_preserves_consumption_and_revokes_mandate ... ok
Rust	Test Rust workspace	2026-09-24T15:10:44.0190214Z test runtime_invalidation_tests::consecutive_restarts_keep_each_immutable_origin_and_old_block_readable ... ok
Rust	Test Rust workspace	2026-09-24T15:10:44.0197926Z test runtime_invalidation_tests::first_runtime_restart_records_the_exact_before_and_after_boundaries ... ok
Rust	Test Rust workspace	2026-09-24T15:10:44.0234069Z test role_revocation_is_checked_before_cached_result_lookup ... ok
Rust	Test Rust workspace	2026-09-24T15:10:44.0818029Z test runtime_invalidation_tests::older_runtime_restart_reasons_and_operator_holds_do_not_acquire_origins ... ok
Rust	Test Rust workspace	2026-09-24T15:10:44.0940699Z test runtime_invalidation_tests::origin_lookup_rejects_wrong_identity_and_does_not_accept_a_changed_block ... ok
Rust	Test Rust workspace	2026-09-24T15:10:44.1552607Z test runtime_invalidation_tests::origin_recording_preserves_source_facts_and_existing_run_budget_on_restart ... ok
Rust	Test Rust workspace	2026-09-24T15:10:44.1978040Z test runtime_invalidation_tests::restart_origin_and_restriction_commit_together_even_when_the_reply_is_lost ... ok
Rust	Test Rust workspace	2026-09-24T15:10:44.3117262Z test runtime_invalidation_tests::runtime_restriction_view_checks_current_roles_cell_access_and_preserves_authority_state ... ok
Rust	Test Rust workspace	2026-09-24T15:10:44.3620112Z test same_slot_new_key_and_lost_reply_do_not_create_another_operation ... ok
Rust	Test Rust workspace	2026-09-24T15:10:44.4048208Z test service_roles_cannot_impersonate_human_procedure_reporters_or_case_leads ... ok
Rust	Test Rust workspace	2026-09-24T15:10:44.5047722Z test stale_observation_and_wrong_executor_do_not_reach_t1 ... ok
Rust	Test Rust workspace	2026-09-24T15:10:44.5487731Z test stale_procedure_report_keeps_external_fact_and_latch_but_never_grants_entry ... ok
Rust	Test Rust workspace	2026-09-24T15:10:44.5547523Z test runtime_stop_barrier_is_atomic_blocks_new_authority_and_keeps_unknown_work ... ok
Rust	Test Rust workspace	2026-09-24T15:10:44.6024490Z test start_requires_all_hosts_and_cannot_be_completed_by_partial_ack ... ok
Rust	Test Rust workspace	2026-09-24T15:10:44.7145219Z test t1_failure_rolls_back_slot_resource_permit_and_outbox_together ... ok
Rust	Test Rust workspace	2026-09-24T15:10:44.7423606Z test t2_commits_native_evidence_outcome_and_contiguous_cursor_atomically ... ok
Rust	Test Rust workspace	2026-09-24T15:10:44.7697973Z test uncommissioned_cell_cannot_start_from_package_presence ... ok
Rust	Test Rust workspace	2026-09-24T15:10:44.8018341Z test unregistered_terminal_cannot_start_even_with_operator_role ... ok
Rust	Test Rust workspace	2026-09-24T15:10:44.8344194Z test resource_release_requires_all_current_handover_facts ... ok
Rust	Test Rust workspace	2026-09-24T15:10:44.8383127Z test user_session_requires_its_issued_terminal_binding_and_registry_revision ... ok
Rust	Test Rust workspace	2026-09-24T15:10:44.9614907Z test t2_rollback_and_lost_ack_preserve_exactly_one_recorded_result ... ok
Rust	Test Rust workspace	2026-09-24T15:10:45.0962231Z test wait_deadline_and_success_are_decided_by_p_and_cannot_be_reset_by_retries ... ok
Rust	Test Rust workspace	2026-09-24T15:10:45.0963237Z 
Rust	Test Rust workspace	2026-09-24T15:10:45.0963992Z test result: ok. 240 passed; 0 failed; 0 ignored; 0 measured; 0 filtered out; finished in 32.24s
Rust	Test Rust workspace	2026-09-24T15:10:45.0964910Z 
Rust	Test Rust workspace	2026-09-24T15:10:45.0975073Z ^[[1m^[[92m     Running^[[0m unittests src/lib.rs (target/debug/deps/rx_domain-cf4c45d8f28ba785)
Rust	Test Rust workspace	2026-09-24T15:10:45.0986786Z 
Rust	Test Rust workspace	2026-09-24T15:10:45.0986962Z running 0 tests
Rust	Test Rust workspace	2026-09-24T15:10:45.0988958Z 
Rust	Test Rust workspace	2026-09-24T15:10:45.0989582Z test result: ok. 0 passed; 0 failed; 0 ignored; 0 measured; 0 filtered out; finished in 0.00s
Rust	Test Rust workspace	2026-09-24T15:10:45.0989994Z 
Rust	Test Rust workspace	2026-09-24T15:10:45.0991737Z ^[[1m^[[92m     Running^[[0m tests/cell_invariants.rs (target/debug/deps/cell_invariants-d0c73cf87a5e96a3)
Rust	Test Rust workspace	2026-09-24T15:10:45.1000821Z 
Rust	Test Rust workspace	2026-09-24T15:10:45.1000974Z running 4 tests
Rust	Test Rust workspace	2026-09-24T15:10:45.1004076Z test duplicate_or_empty_scope_vectors_do_not_vacuously_authorize ... ok
Rust	Test Rust workspace	2026-09-24T15:10:45.1005059Z test last_counted_part_can_continue_but_a_new_part_cannot_be_created ... ok
Rust	Test Rust workspace	2026-09-24T15:10:45.1006437Z test setup_and_material_budgets_are_not_interchangeable ... ok
Rust	Test Rust workspace	2026-09-24T15:10:45.1007333Z test stale_vector_does_not_regress_or_partially_update_any_scope ... ok
Rust	Test Rust workspace	2026-09-24T15:10:45.1007655Z 
Rust	Test Rust workspace	2026-09-24T15:10:45.1008143Z test result: ok. 4 passed; 0 failed; 0 ignored; 0 measured; 0 filtered out; finished in 0.00s
Rust	Test Rust workspace	2026-09-24T15:10:45.1008571Z 
Rust	Test Rust workspace	2026-09-24T15:10:45.1009007Z ^[[1m^[[92m     Running^[[0m tests/contracts.rs (target/debug/deps/contracts-fc939fca5713cae6)
Rust	Test Rust workspace	2026-09-24T15:10:45.1019996Z 
Rust	Test Rust workspace	2026-09-24T15:10:45.1020177Z running 16 tests
Rust	Test Rust workspace	2026-09-24T15:10:45.1024847Z test any_uses_a_valid_witness_deadline_and_all_uses_the_earliest_deadline ... ok
Rust	Test Rust workspace	2026-09-24T15:10:45.1025915Z test counters_preserve_full_width_and_reject_json_numbers ... ok
Rust	Test Rust workspace	2026-09-24T15:10:45.1027111Z test condition_schema_is_closed ... ok
Rust	Test Rust workspace	2026-09-24T15:10:45.1029454Z test duplicate_conclusion_is_idempotent_and_empty_proof_rejected ... ok
Rust	Test Rust workspace	2026-09-24T15:10:45.1030630Z test input_rejects_unknown_duplicate_and_incompatible_fields ... ok
Rust	Test Rust workspace	2026-09-24T15:10:45.1031869Z test frozen_cv01_canonical_bytes_and_digest ... ok
Rust	Test Rust workspace	2026-09-24T15:10:45.1032552Z test oneof_presence_and_false_are_not_missing_or_null ... ok
Rust	Test Rust workspace	2026-09-24T15:10:45.1033243Z test frozen_cv02_negative_zero_and_cv03_false ... ok
Rust	Test Rust workspace	2026-09-24T15:10:45.1045083Z test quality_alone_never_proves_freshness_generation_or_unit ... ok
Rust	Test Rust workspace	2026-09-24T15:10:45.1045979Z test resource_order_is_not_semantic_but_duplicates_are_invalid ... ok
Rust	Test Rust workspace	2026-09-24T15:10:45.1047177Z test response_loss_and_running_poll_never_create_a_result ... ok
Rust	Test Rust workspace	2026-09-24T15:10:45.1047944Z test profile_calibration_and_rule_change_identity ... ok
Rust	Test Rust workspace	2026-09-24T15:10:45.1048631Z test source_age_not_callback_time_controls_freshness ... ok
Rust	Test Rust workspace	2026-09-24T15:10:45.1051861Z test strict_json_rejects_trailing_bytes_and_duplicate_escaped_keys ... ok
Rust	Test Rust workspace	2026-09-24T15:10:45.1052471Z test terminal_success_does_not_release_and_conflicting_result_is_preserved ... ok
Rust	Test Rust workspace	2026-09-24T15:10:45.1052983Z test three_valued_groups_and_invalid_hidden_branch ... ok
Rust	Test Rust workspace	2026-09-24T15:10:45.1053229Z 
Rust	Test Rust workspace	2026-09-24T15:10:45.1053480Z test result: ok. 16 passed; 0 failed; 0 ignored; 0 measured; 0 filtered out; finished in 0.00s
Rust	Test Rust workspace	2026-09-24T15:10:45.1054048Z 
Rust	Test Rust workspace	2026-09-24T15:10:45.1055020Z ^[[1m^[[92m     Running^[[0m tests/restoration.rs (target/debug/deps/restoration-5be3e192e86975f1)
Rust	Test Rust workspace	2026-09-24T15:10:45.1065443Z 
Rust	Test Rust workspace	2026-09-24T15:10:45.1065616Z running 5 tests
Rust	Test Rust workspace	2026-09-24T15:10:45.1071258Z test duplicate_or_overbudget_history_is_corruption_not_a_refund ... ok
Rust	Test Rust workspace	2026-09-24T15:10:45.1072189Z test restoring_reconciling_operation_preserves_unknown_and_quarantine ... ok
Rust	Test Rust workspace	2026-09-24T15:10:45.1073037Z test historical_dispute_survives_restart_without_rewriting_success ... ok
Rust	Test Rust workspace	2026-09-24T15:10:45.1073518Z test restoring_run_budget_never_refunds_consumption ... ok
Rust	Test Rust workspace	2026-09-24T15:10:45.1075416Z test stored_state_cannot_claim_success_without_terminal_evidence ... ok
Rust	Test Rust workspace	2026-09-24T15:10:45.1077634Z ^[[1m^[[92m     Running^[[0m unittests src/lib.rs (target/debug/deps/rx_host_client-774ab5b36e0541e5)
Rust	Test Rust workspace	2026-09-24T15:10:45.1078271Z 
Rust	Test Rust workspace	2026-09-24T15:10:45.1078699Z test result: ok. 5 passed; 0 failed; 0 ignored; 0 measured; 0 filtered out; finished in 0.00s
Rust	Test Rust workspace	2026-09-24T15:10:45.1079350Z 
Rust	Test Rust workspace	2026-09-24T15:10:45.1094794Z 
Rust	Test Rust workspace	2026-09-24T15:10:45.1094989Z running 13 tests
Rust	Test Rust workspace	2026-09-24T15:10:45.1104509Z test configuration_worker::tests::configuration_worker_propagates_writer_failure_and_never_contacts_host ... ok
Rust	Test Rust workspace	2026-09-24T15:10:45.1107237Z test connection::diagnostic::tests::stage_and_typed_reason_survive_without_logging_remote_text ... ok
Rust	Test Rust workspace	2026-09-24T15:10:45.1108961Z test bootstrap::provenance_tests::credential_bearing_and_non_origin_endpoints_are_rejected_before_tls ... ok
Rust	Test Rust workspace	2026-09-24T15:10:45.1110188Z test connection::diagnostic::tests::varying_timing_does_not_repeat_the_same_failure ... ok
Rust	Test Rust workspace	2026-09-24T15:10:45.1111311Z test connection::tests::closed_owner_while_waiting_for_producer_stops_without_connecting ... ok
Rust	Test Rust workspace	2026-09-24T15:10:45.1112695Z test delivery::diagnostic::tests::excludes_rpc_metadata_details_structured_bodies_and_request_identifiers ... ok
Rust	Test Rust workspace	2026-09-24T15:10:45.1114404Z test delivery::diagnostic::tests::suppresses_only_consecutive_identical_diagnostics_and_keeps_writer_reason ... ok
Rust	Test Rust workspace	2026-09-24T15:10:45.1117663Z test delivery::reconciliation::tests::unavailable_read_retries_but_broken_proof_and_revoked_authority_do_not ... ok
Rust	Test Rust workspace	2026-09-24T15:10:45.1119245Z test configuration_worker::tests::configuration_worker_stops_while_a_writer_reply_is_pending ... ok
Rust	Test Rust workspace	2026-09-24T15:10:45.1120865Z test service_health::tests::a_relay_cannot_label_another_services_samples_with_its_owner ... ok
Rust	Test Rust workspace	2026-09-24T15:10:45.1137691Z test observation::tests::maintained_monitor_does_not_hide_writer_failure_or_run_after_owner_disappears ... ok
Rust	Test Rust workspace	2026-09-24T15:10:45.1276444Z test delivery::diagnostic::tests::bounds_the_complete_json_line_including_unicode_escaping_and_newline ... ok
Rust	Test Rust workspace	2026-09-24T15:10:45.1374090Z test observation::tests::maintained_monitor_polls_independently_and_obeys_owner_stop ... ok
Rust	Test Rust workspace	2026-09-24T15:10:45.1374777Z 
Rust	Test Rust workspace	2026-09-24T15:10:45.1375182Z test result: ok. 13 passed; 0 failed; 0 ignored; 0 measured; 0 filtered out; finished in 0.03s
Rust	Test Rust workspace	2026-09-24T15:10:45.1375737Z 
Rust	Test Rust workspace	2026-09-24T15:10:45.1380599Z ^[[1m^[[92m     Running^[[0m tests/configuration_e2e.rs (target/debug/deps/configuration_e2e-c238de9271801b39)
Rust	Test Rust workspace	2026-09-24T15:10:45.1404957Z 
Rust	Test Rust workspace	2026-09-24T15:10:45.1405130Z running 2 tests
Rust	Test Rust workspace	2026-09-24T15:10:45.1407630Z test configuration_coordinator_persists_request_and_recovers_real_host_reply_loss ... ignored, tools/test_host_configuration_e2e.sh supplies S simulation server
Rust	Test Rust workspace	2026-09-24T15:10:45.1409016Z test configuration_reply_loss_recovers_same_receipt_and_restarted_host_stays_unqualified ... ignored, tools/test_host_configuration_e2e.sh supplies S simulation server
Rust	Test Rust workspace	2026-09-24T15:10:45.1409743Z 
Rust	Test Rust workspace	2026-09-24T15:10:45.1410025Z test result: ok. 0 passed; 0 failed; 2 ignored; 0 measured; 0 filtered out; finished in 0.00s
Rust	Test Rust workspace	2026-09-24T15:10:45.1410560Z 
Rust	Test Rust workspace	2026-09-24T15:10:45.1411195Z ^[[1m^[[92m     Running^[[0m tests/network_e2e.rs (target/debug/deps/network_e2e-c51b1aada503ffc5)
Rust	Test Rust workspace	2026-09-24T15:10:45.1431930Z 
Rust	Test Rust workspace	2026-09-24T15:10:45.1432113Z running 3 tests
Rust	Test Rust workspace	2026-09-24T15:10:45.1433312Z test application_outbox_reaches_mtls_host_and_t2_commits_the_result ... ignored, tools/test_host_e2e.sh builds the separate Host fixture and supplies its path
Rust	Test Rust workspace	2026-09-24T15:10:45.1435329Z test automatic_dispatcher_recovers_a_lost_authorize_reply_without_native_reexecution ... ignored, tools/test_host_e2e.sh builds the separate Host fixture and supplies its path
Rust	Test Rust workspace	2026-09-24T15:10:45.1437424Z ^[[1m^[[92m     Running^[[0m unittests src/lib.rs (target/debug/deps/rx_package-be5957b91f57286c)
Rust	Test Rust workspace	2026-09-24T15:10:45.1439008Z test remote_executor_submission_and_host_reply_loss_preserve_one_native_effect_per_slot ... ignored, tools/test_host_e2e.sh supplies the separate Host server
Rust	Test Rust workspace	2026-09-24T15:10:45.1440097Z 
Rust	Test Rust workspace	2026-09-24T15:10:45.1440394Z test result: ok. 0 passed; 0 failed; 3 ignored; 0 measured; 0 filtered out; finished in 0.00s
Rust	Test Rust workspace	2026-09-24T15:10:45.1441285Z 
Rust	Test Rust workspace	2026-09-24T15:10:45.1447059Z 
Rust	Test Rust workspace	2026-09-24T15:10:45.1447233Z running 0 tests
Rust	Test Rust workspace	2026-09-24T15:10:45.1447456Z 
Rust	Test Rust workspace	2026-09-24T15:10:45.1448070Z test result: ok. 0 passed; 0 failed; 0 ignored; 0 measured; 0 filtered out; finished in 0.00s
Rust	Test Rust workspace	2026-09-24T15:10:45.1448660Z 
Rust	Test Rust workspace	2026-09-24T15:10:45.1449627Z ^[[1m^[[92m     Running^[[0m tests/release.rs (target/debug/deps/release-dface4a5d8deac6e)
Rust	Test Rust workspace	2026-09-24T15:10:45.1461104Z 
Rust	Test Rust workspace	2026-09-24T15:10:45.1461288Z running 3 tests
Rust	Test Rust workspace	2026-09-24T15:10:45.2288435Z test compiled_root_distinguishes_unsigned_signature_key_and_content_refusals ... ok
Rust	Test Rust workspace	2026-09-24T15:10:45.3096062Z test revocation_survives_denied_candidate_restart_and_replayed_or_shrunk_lists ... ok
Rust	Test Rust workspace	2026-09-24T15:10:45.3597417Z test durable_floor_rejects_restart_downgrade_and_same_version_equivocation ... ok
Rust	Test Rust workspace	2026-09-24T15:10:45.3598529Z 
Rust	Test Rust workspace	2026-09-24T15:10:45.3599290Z test result: ok. 3 passed; 0 failed; 0 ignored; 0 measured; 0 filtered out; finished in 0.21s
Rust	Test Rust workspace	2026-09-24T15:10:45.3600150Z 
Rust	Test Rust workspace	2026-09-24T15:10:45.3602852Z ^[[1m^[[92m     Running^[[0m tests/verification.rs (target/debug/deps/verification-964b4a4e50624e0f)
Rust	Test Rust workspace	2026-09-24T15:10:45.3616425Z 
Rust	Test Rust workspace	2026-09-24T15:10:45.3616617Z running 21 tests
Rust	Test Rust workspace	2026-09-24T15:10:45.3647495Z test canonical_set_order_is_stable_and_duplicate_json_fields_are_rejected ... ok
Rust	Test Rust workspace	2026-09-24T15:10:45.3770680Z test closed_paths_and_inventory_reject_traversal_aliases_and_hidden_files ... ok
Rust	Test Rust workspace	2026-09-24T15:10:45.3907428Z test a_dependency_verified_before_key_revocation_is_not_retrusted_implicitly ... ok
Rust	Test Rust workspace	2026-09-24T15:10:45.4001919Z test deeply_nested_valid_package_roundtrips_and_excess_file_inventory_is_bounded ... ok
Rust	Test Rust workspace	2026-09-24T15:10:45.4051094Z test dependency_cannot_pull_an_older_copy_of_the_root_back_into_the_bundle ... ok
Rust	Test Rust workspace	2026-09-24T15:10:45.4241854Z test device_reference_v2_has_explicit_version_and_no_executable_payload ... ok
Rust	Test Rust workspace	2026-09-24T15:10:45.4277434Z test directory_verification_owns_bytes_and_rejects_links ... ok
Rust	Test Rust workspace	2026-09-24T15:10:45.4426083Z test dependency_closure_is_pinned_and_rechecked_against_current_trust ... ok
Rust	Test Rust workspace	2026-09-24T15:10:45.4578078Z test object_corruption_is_not_repaired_by_repeat_import ... ok
Rust	Test Rust workspace	2026-09-24T15:10:45.4587567Z test policy_document_requires_explicit_v2_schema_for_additional_abis ... ok
Rust	Test Rust workspace	2026-09-24T15:10:45.4605116Z test object_survives_source_change_restart_and_repeat_import_without_trust_persistence ... ok
Rust	Test Rust workspace	2026-09-24T15:10:45.4606828Z test relative_review_artifact_reads_are_bounded_and_reject_link_components ... ok
Rust	Test Rust workspace	2026-09-24T15:10:45.4627242Z test package_kind_target_contract_and_publisher_scope_are_checked ... ok
Rust	Test Rust workspace	2026-09-24T15:10:45.4830331Z test explicit_multi_abi_policy_preserves_manifest_kind_target_and_trust_checks ... ok
Rust	Test Rust workspace	2026-09-24T15:10:45.4890758Z test policy_reader_pins_exact_bytes_and_reacquires_dependencies ... ok
Rust	Test Rust workspace	2026-09-24T15:10:45.5017205Z test signed_content_is_immutable_and_signature_is_bound_to_key_identity ... ok
Rust	Test Rust workspace	2026-09-24T15:10:45.5073984Z test signing_key_alias_has_distinct_object_and_misnamed_valid_objects_are_rejected ... ok
Rust	Test Rust workspace	2026-09-24T15:10:45.5099925Z test verification_policy_fingerprint_preserves_all_u64_limits ... ok
Rust	Test Rust workspace	2026-09-24T15:10:45.5150832Z test store_and_import_reject_symlinks_and_store_handles_survive_root_path_replacement ... ok
Rust	Test Rust workspace	2026-09-24T15:10:45.5201443Z test store_ownership_marker_and_unpublished_objects_cannot_be_bypassed ... ok
Rust	Test Rust workspace	2026-09-24T15:10:45.5487827Z test stored_package_dependencies_are_rechecked_after_revocation ... ok
Rust	Test Rust workspace	2026-09-24T15:10:45.5488439Z 
Rust	Test Rust workspace	2026-09-24T15:10:45.5488867Z test result: ok. 21 passed; 0 failed; 0 ignored; 0 measured; 0 filtered out; finished in 0.19s
Rust	Test Rust workspace	2026-09-24T15:10:45.5489524Z 
Rust	Test Rust workspace	2026-09-24T15:10:45.5493298Z ^[[1m^[[92m     Running^[[0m unittests src/lib.rs (target/debug/deps/rx_platformd-f7665ee93c2415e7)
Rust	Test Rust workspace	2026-09-24T15:10:45.5504943Z 
Rust	Test Rust workspace	2026-09-24T15:10:45.5505088Z running 0 tests
Rust	Test Rust workspace	2026-09-24T15:10:45.5505338Z 
Rust	Test Rust workspace	2026-09-24T15:10:45.5507189Z test result: ok. 0 passed; 0 failed; 0 ignored; 0 measured; 0 filtered out; finished in 0.00s
Rust	Test Rust workspace	2026-09-24T15:10:45.5508100Z 
Rust	Test Rust workspace	2026-09-24T15:10:45.5508919Z ^[[1m^[[92m     Running^[[0m unittests src/bin/rx-package-store.rs (target/debug/deps/rx_package_store-8bf972bb4b7fcc4b)
Rust	Test Rust workspace	2026-09-24T15:10:45.5518370Z 
Rust	Test Rust workspace	2026-09-24T15:10:45.5518544Z running 0 tests
Rust	Test Rust workspace	2026-09-24T15:10:45.5520060Z 
Rust	Test Rust workspace	2026-09-24T15:10:45.5520579Z test result: ok. 0 passed; 0 failed; 0 ignored; 0 measured; 0 filtered out; finished in 0.00s
Rust	Test Rust workspace	2026-09-24T15:10:45.5520999Z 
Rust	Test Rust workspace	2026-09-24T15:10:45.5523558Z ^[[1m^[[92m     Running^[[0m unittests src/main.rs (target/debug/deps/rx_platformd-7ecb7e219c2b8fe3)
Rust	Test Rust workspace	2026-09-24T15:10:45.5531668Z 
Rust	Test Rust workspace	2026-09-24T15:10:45.5531836Z running 0 tests
Rust	Test Rust workspace	2026-09-24T15:10:45.5533698Z 
Rust	Test Rust workspace	2026-09-24T15:10:45.5534171Z test result: ok. 0 passed; 0 failed; 0 ignored; 0 measured; 0 filtered out; finished in 0.00s
Rust	Test Rust workspace	2026-09-24T15:10:45.5534597Z 
Rust	Test Rust workspace	2026-09-24T15:10:45.5535587Z ^[[1m^[[92m     Running^[[0m tests/composition.rs (target/debug/deps/composition-760c95526928924a)
Rust	Test Rust workspace	2026-09-24T15:10:45.5558833Z 
Rust	Test Rust workspace	2026-09-24T15:10:45.5559028Z running 10 tests
Rust	Test Rust workspace	2026-09-24T15:10:47.2788166Z test configured_operator_ui_is_verified_before_installation_and_rejects_mutable_roots ... ok
Rust	Test Rust workspace	2026-09-24T15:10:49.2240030Z test configured_operator_ui_serves_over_terminal_https_without_creating_runs_or_qualification ... ok
Rust	Test Rust workspace	2026-09-24T15:10:49.2241546Z test export_container_fixture ... ignored, tools/test_platform_image.py requests isolated temporary container inputs
Rust	Test Rust workspace	2026-09-24T15:10:50.2367464Z test invalid_pins_or_catalog_never_publish_a_partial_installation ... ok
Rust	Test Rust workspace	2026-09-24T15:10:52.2337227Z test configured_package_intake_uses_real_terminal_https_and_retains_history_across_restart ... ok
Rust	Test Rust workspace	2026-09-24T15:10:53.1697379Z test configured_process_review_records_separate_account_approval_over_terminal_https ... ok
Rust	Test Rust workspace	2026-09-24T15:10:53.2197382Z test operator_ui_compares_resolved_aliases_with_missing_directory_suffixes ... ok
Rust	Test Rust workspace	2026-09-24T15:10:53.2877668Z test composed_startup_restart_and_stop_preserve_store_and_never_start_a_run ... ok
Rust	Test Rust workspace	2026-09-24T15:10:54.1160254Z test operator_ui_rejects_parent_traversal_in_mutable_directory_locations ... ok
Rust	Test Rust workspace	2026-09-24T15:10:54.6098666Z test linux_executable_uses_shared_clock_and_sigterm_commits_process_stop ... ok
Rust	Test Rust workspace	2026-09-24T15:10:54.6099335Z 
Rust	Test Rust workspace	2026-09-24T15:10:54.6099768Z test result: ok. 9 passed; 0 failed; 1 ignored; 0 measured; 0 filtered out; finished in 9.05s
Rust	Test Rust workspace	2026-09-24T15:10:54.6100430Z 
Rust	Test Rust workspace	2026-09-24T15:10:54.6140565Z ^[[1m^[[92m     Running^[[0m tests/delivery_fixture.rs (target/debug/deps/delivery_fixture-9a5e597d7c839f3e)
Rust	Test Rust workspace	2026-09-24T15:10:54.6154004Z 
Rust	Test Rust workspace	2026-09-24T15:10:54.6154282Z running 3 tests
Rust	Test Rust workspace	2026-09-24T15:10:54.6155232Z test export_delivery_final ... ignored, explicit phase77 final export; requires actual S product compiler/package outputs
Rust	Test Rust workspace	2026-09-24T15:10:54.6156863Z test export_delivery_seed ... ignored, explicit phase77 seed export; requires a fresh output directory
Rust	Test Rust workspace	2026-09-24T15:10:54.6158053Z test sign_delivery ... ignored, explicit external test-only signer; never a product signing service
Rust	Test Rust workspace	2026-09-24T15:10:54.6158743Z 
Rust	Test Rust workspace	2026-09-24T15:10:54.6159169Z test result: ok. 0 passed; 0 failed; 3 ignored; 0 measured; 0 filtered out; finished in 0.00s
Rust	Test Rust workspace	2026-09-24T15:10:54.6159773Z 
Rust	Test Rust workspace	2026-09-24T15:10:54.6168657Z 
Rust	Test Rust workspace	2026-09-24T15:10:54.6168818Z running 0 tests
Rust	Test Rust workspace	2026-09-24T15:10:54.6169061Z 
Rust	Test Rust workspace	2026-09-24T15:10:54.6169899Z test result: ok. 0 passed; 0 failed; 0 ignored; 0 measured; 0 filtered out; finished in 0.00s
Rust	Test Rust workspace	2026-09-24T15:10:54.6171231Z ^[[1m^[[92m     Running^[[0m unittests src/lib.rs (target/debug/deps/rx_ports-c834cce2dddbde46)
Rust	Test Rust workspace	2026-09-24T15:10:54.6171830Z 
Rust	Test Rust workspace	2026-09-24T15:10:54.6172516Z ^[[1m^[[92m     Running^[[0m unittests src/lib.rs (target/debug/deps/rx_process_contract-cd8724eef0ab0226)
Rust	Test Rust workspace	2026-09-24T15:10:54.6182007Z 
Rust	Test Rust workspace	2026-09-24T15:10:54.6182316Z running 5 tests
Rust	Test Rust workspace	2026-09-24T15:10:54.6196965Z test device_catalog::tests::duplicate_conditions_are_rejected_instead_of_normalized_away ... ok
Rust	Test Rust workspace	2026-09-24T15:10:54.6227058Z test compile_input::tests::altered_bundle_source_is_not_accepted_under_the_original_digest ... ok
Rust	Test Rust workspace	2026-09-24T15:10:54.6228330Z test source_validation::tests::a_full_error_budget_does_not_attempt_to_follow_missing_nodes ... ok
Rust	Test Rust workspace	2026-09-24T15:10:54.6237290Z test source_validation::tests::source_validation_does_not_claim_binding_or_package_approval ... ok
Rust	Test Rust workspace	2026-09-24T15:10:54.6265111Z test source_validation::tests::recursive_calls_unreachable_nodes_and_expansion_overflow_are_invalid ... ok
Rust	Test Rust workspace	2026-09-24T15:10:54.6266005Z 
Rust	Test Rust workspace	2026-09-24T15:10:54.6266938Z test result: ok. 5 passed; 0 failed; 0 ignored; 0 measured; 0 filtered out; finished in 0.01s
Rust	Test Rust workspace	2026-09-24T15:10:54.6268334Z ^[[1m^[[92m     Running^[[0m tests/native_outcome.rs (target/debug/deps/native_outcome-dc878e1a99df7601)
Rust	Test Rust workspace	2026-09-24T15:10:54.6268993Z 
Rust	Test Rust workspace	2026-09-24T15:10:54.6278759Z 
Rust	Test Rust workspace	2026-09-24T15:10:54.6279049Z running 2 tests
Rust	Test Rust workspace	2026-09-24T15:10:54.6283905Z test table_is_strict_data_and_missing_pair_cannot_resolve ... ok
Rust	Test Rust workspace	2026-09-24T15:10:54.6286590Z test table_rejects_duplicates_conflicts_and_oversized_code_sets ... ok
Rust	Test Rust workspace	2026-09-24T15:10:54.6287108Z 
Rust	Test Rust workspace	2026-09-24T15:10:54.6287521Z test result: ok. 2 passed; 0 failed; 0 ignored; 0 measured; 0 filtered out; finished in 0.00s
Rust	Test Rust workspace	2026-09-24T15:10:54.6288139Z 
Rust	Test Rust workspace	2026-09-24T15:10:54.6288874Z ^[[1m^[[92m     Running^[[0m unittests src/lib.rs (target/debug/deps/rx_protocol-8e600f775fe2c348)
Rust	Test Rust workspace	2026-09-24T15:10:54.6297945Z 
Rust	Test Rust workspace	2026-09-24T15:10:54.6298253Z running 1 test
Rust	Test Rust workspace	2026-09-24T15:10:54.6448623Z test checkpoint_rejection::tests::text_transport_errors_and_malformed_or_duplicated_details_do_not_prove_rejection ... ok
Rust	Test Rust workspace	2026-09-24T15:10:54.6449673Z 
Rust	Test Rust workspace	2026-09-24T15:10:54.6450379Z test result: ok. 1 passed; 0 failed; 0 ignored; 0 measured; 0 filtered out; finished in 0.02s
Rust	Test Rust workspace	2026-09-24T15:10:54.6451329Z 
Rust	Test Rust workspace	2026-09-24T15:10:54.6453300Z ^[[1m^[[92m     Running^[[0m tests/grpc_boundary.rs (target/debug/deps/grpc_boundary-cbfdad1df6ab9d49)
Rust	Test Rust workspace	2026-09-24T15:10:54.6497886Z 
Rust	Test Rust workspace	2026-09-24T15:10:54.6498231Z running 1 test
Rust	Test Rust workspace	2026-09-24T15:10:54.6700681Z test malformed_wire_never_reaches_generated_service_handler ... ok
Rust	Test Rust workspace	2026-09-24T15:10:54.6701389Z 
Rust	Test Rust workspace	2026-09-24T15:10:54.6702038Z test result: ok. 1 passed; 0 failed; 0 ignored; 0 measured; 0 filtered out; finished in 0.02s
Rust	Test Rust workspace	2026-09-24T15:10:54.6702886Z 
Rust	Test Rust workspace	2026-09-24T15:10:54.6706670Z ^[[1m^[[92m     Running^[[0m tests/wire.rs (target/debug/deps/wire-6f1fcf181e910857)
Rust	Test Rust workspace	2026-09-24T15:10:54.6721347Z 
Rust	Test Rust workspace	2026-09-24T15:10:54.6721629Z running 11 tests
Rust	Test Rust workspace	2026-09-24T15:10:54.6744652Z test document_manifest_hashes_remain_the_negotiation_identity ... ok
Rust	Test Rust workspace	2026-09-24T15:10:54.6877212Z test core_enum_numbers_and_cell_union_tags_are_stable ... ok
Rust	Test Rust workspace	2026-09-24T15:10:54.6878176Z test explicit_false_zero_and_optional_zero_survive_binary_roundtrip ... ok
Rust	Test Rust workspace	2026-09-24T15:10:54.6879042Z test nested_duplicate_singular_is_not_merged ... ok
Rust	Test Rust workspace	2026-09-24T15:10:54.6900005Z test nonfinite_numbers_rejected_in_scalar_and_packed_vector ... ok
Rust	Test Rust workspace	2026-09-24T15:10:54.6907351Z test fixed_digest_hex_and_oneof_contracts_are_checked ... ok
Rust	Test Rust workspace	2026-09-24T15:10:54.6908138Z test prost_last_wins_and_unknown_field_behavior_is_blocked_before_decode ... ok
Rust	Test Rust workspace	2026-09-24T15:10:54.6908925Z test json_is_rx_projection_not_protojson ... ok
Rust	Test Rust workspace	2026-09-24T15:10:54.6909557Z test unknown_enum_bad_wire_and_varint_overflow_are_rejected ... ok
Rust	Test Rust workspace	2026-09-24T15:10:54.6910058Z test intent_crosses_json_protobuf_domain_without_changing_frozen_digest ... ok
Rust	Test Rust workspace	2026-09-24T15:10:54.6943656Z test numbered_fields_match_frozen_documents_independently_of_generator ... ok
Rust	Test Rust workspace	2026-09-24T15:10:54.6944253Z 
Rust	Test Rust workspace	2026-09-24T15:10:54.6944681Z test result: ok. 11 passed; 0 failed; 0 ignored; 0 measured; 0 filtered out; finished in 0.02s
Rust	Test Rust workspace	2026-09-24T15:10:54.6945276Z 
Rust	Test Rust workspace	2026-09-24T15:10:54.6951888Z ^[[1m^[[92m     Running^[[0m unittests src/lib.rs (target/debug/deps/rx_protocol_adapter-f29592df5d00300b)
Rust	Test Rust workspace	2026-09-24T15:10:54.6964004Z 
Rust	Test Rust workspace	2026-09-24T15:10:54.6964291Z running 2 tests
Rust	Test Rust workspace	2026-09-24T15:10:54.7137812Z test operation::tests::unknown_and_late_contradiction_preserve_distinct_result_integrity_and_release_axes ... ok
Rust	Test Rust workspace	2026-09-24T15:10:54.7161561Z test workflow::tests::frozen_run_view_preserves_counters_slots_and_each_run_state ... ok
Rust	Test Rust workspace	2026-09-24T15:10:54.7162293Z 
Rust	Test Rust workspace	2026-09-24T15:10:54.7162877Z test result: ok. 2 passed; 0 failed; 0 ignored; 0 measured; 0 filtered out; finished in 0.02s
Rust	Test Rust workspace	2026-09-24T15:10:54.7163902Z 
Rust	Test Rust workspace	2026-09-24T15:10:54.7167631Z ^[[1m^[[92m     Running^[[0m tests/evidence.rs (target/debug/deps/evidence-958198b27fc807d2)
Rust	Test Rust workspace	2026-09-24T15:10:54.7179207Z 
Rust	Test Rust workspace	2026-09-24T15:10:54.7179439Z running 2 tests
Rust	Test Rust workspace	2026-09-24T15:10:54.7182399Z test native_result_round_trip_keeps_vendor_id_payload_and_full_width_values ... ok
Rust	Test Rust workspace	2026-09-24T15:10:54.7183582Z test projection_only_evidence_cannot_be_claimed_as_a_complete_source ... ok
Rust	Test Rust workspace	2026-09-24T15:10:54.7187250Z ^[[1m^[[92m     Running^[[0m unittests src/lib.rs (target/debug/deps/rx_runtime-27fd1eef80a0665a)
Rust	Test Rust workspace	2026-09-24T15:10:54.7188397Z 
Rust	Test Rust workspace	2026-09-24T15:10:54.7188852Z test result: ok. 2 passed; 0 failed; 0 ignored; 0 measured; 0 filtered out; finished in 0.00s
Rust	Test Rust workspace	2026-09-24T15:10:54.7189466Z 
Rust	Test Rust workspace	2026-09-24T15:10:54.7196715Z 
Rust	Test Rust workspace	2026-09-24T15:10:54.7197104Z running 0 tests
Rust	Test Rust workspace	2026-09-24T15:10:54.7197353Z 
Rust	Test Rust workspace	2026-09-24T15:10:54.7198281Z test result: ok. 0 passed; 0 failed; 0 ignored; 0 measured; 0 filtered out; finished in 0.00s
Rust	Test Rust workspace	2026-09-24T15:10:54.7198902Z 
Rust	Test Rust workspace	2026-09-24T15:10:54.7201888Z ^[[1m^[[92m     Running^[[0m tests/writer.rs (target/debug/deps/writer-bcecf11c2e7da772)
Rust	Test Rust workspace	2026-09-24T15:10:54.7212661Z 
Rust	Test Rust workspace	2026-09-24T15:10:54.7212985Z running 3 tests
Rust	Test Rust workspace	2026-09-24T15:10:54.7350739Z test dropped_response_still_commits_and_shutdown_drains ... ok
Rust	Test Rust workspace	2026-09-24T15:10:54.7473053Z test normal_load_cannot_consume_control_reserve_and_control_is_scheduled_first ... ok
Rust	Test Rust workspace	2026-09-24T15:10:54.8121221Z test panic_closes_admission_without_retrying_the_command ... ok
Rust	Test Rust workspace	2026-09-24T15:10:54.8122008Z 
Rust	Test Rust workspace	2026-09-24T15:10:54.8122922Z test result: ok. 3 passed; 0 failed; 0 ignored; 0 measured; 0 filtered out; finished in 0.09s
Rust	Test Rust workspace	2026-09-24T15:10:54.8123690Z 
Rust	Test Rust workspace	2026-09-24T15:10:54.8167908Z ^[[1m^[[92m     Running^[[0m unittests src/lib.rs (target/debug/deps/rx_storage-c671c5cfb02467d7)
Rust	Test Rust workspace	2026-09-24T15:10:54.8181180Z 
Rust	Test Rust workspace	2026-09-24T15:10:54.8181389Z running 1 test
Rust	Test Rust workspace	2026-09-24T15:10:54.8334767Z test ownership_close_tests::sqlite_close_failure_retains_ownership_until_process_exit ... ok
Rust	Test Rust workspace	2026-09-24T15:10:54.8335902Z 
Rust	Test Rust workspace	2026-09-24T15:10:54.8336667Z test result: ok. 1 passed; 0 failed; 0 ignored; 0 measured; 0 filtered out; finished in 0.02s
Rust	Test Rust workspace	2026-09-24T15:10:54.8337210Z 
Rust	Test Rust workspace	2026-09-24T15:10:54.8338695Z ^[[1m^[[92m     Running^[[0m tests/atomicity.rs (target/debug/deps/atomicity-48aec588bc6a691e)
Rust	Test Rust workspace	2026-09-24T15:10:54.8350433Z 
Rust	Test Rust workspace	2026-09-24T15:10:54.8350657Z running 12 tests
Rust	Test Rust workspace	2026-09-24T15:10:54.8508072Z test one_transaction_commits_state_key_event_and_outbox ... ok
Rust	Test Rust workspace	2026-09-24T15:10:54.8539947Z test control_projection_and_sequence_roll_back_together_and_ignore_audit_appends ... ok
Rust	Test Rust workspace	2026-09-24T15:10:54.8634863Z test metadata_compatibility_upgrade_preserves_record_bytes_and_rejects_future_stores ... ok
Rust	Test Rust workspace	2026-09-24T15:10:54.8679705Z test online_backup_preserves_committed_state_without_copying_live_db_file ... ok
Rust	Test Rust workspace	2026-09-24T15:10:54.8757830Z test request_identity_survives_reopening_and_namespace_isolated ... ok
Rust	Test Rust workspace	2026-09-24T15:10:54.8827148Z test pending_outbox_pages_are_exclusive_and_do_not_starve_later_ids ... ok
Rust	Test Rust workspace	2026-09-24T15:10:54.8850171Z test schema_upgrade_preserves_emitted_work_and_delivered_records_never_resurrect ... ok
Rust	Test Rust workspace	2026-09-24T15:10:54.8899148Z test second_runtime_cannot_open_owned_database ... ok
Rust	Test Rust workspace	2026-09-24T15:10:54.8901434Z test failure_at_each_commit_component_rolls_everything_back ... ok
Rust	Test Rust workspace	2026-09-24T15:10:54.8959973Z test snapshot_is_a_cut_and_after_is_exclusive ... ok
Rust	Test Rust workspace	2026-09-24T15:10:54.8972546Z test stale_revision_does_not_partially_record_an_event ... ok
Rust	Test Rust workspace	2026-09-24T15:10:54.8994337Z test voided_outbox_cannot_be_resurrected_or_sent ... ok
Rust	Test Rust workspace	2026-09-24T15:10:54.8994884Z 
Rust	Test Rust workspace	2026-09-24T15:10:54.8995494Z test result: ok. 12 passed; 0 failed; 0 ignored; 0 measured; 0 filtered out; finished in 0.06s
Rust	Test Rust workspace	2026-09-24T15:10:54.8996095Z 
Rust	Test Rust workspace	2026-09-24T15:10:54.9001134Z ^[[1m^[[92m     Running^[[0m tests/ownership.rs (target/debug/deps/ownership-1b6289d39a964036)
Rust	Test Rust workspace	2026-09-24T15:10:54.9012809Z 
Rust	Test Rust workspace	2026-09-24T15:10:54.9013110Z running 3 tests
Rust	Test Rust workspace	2026-09-24T15:10:54.9058506Z test failed_initialization_releases_its_own_lock_but_failed_acquisition_never_releases_another ... ok
Rust	Test Rust workspace	2026-09-24T15:10:54.9137330Z test live_writer_failed_contenders_and_rollback_preserve_exclusion_then_close_reopens_history ... ok
Rust	Test Rust workspace	2026-09-24T15:10:54.9298130Z test unwinding_transaction_does_not_release_live_owner ... ok
Rust	Test Rust workspace	2026-09-24T15:10:54.9298623Z 
Rust	Test Rust workspace	2026-09-24T15:10:54.9299050Z test result: ok. 3 passed; 0 failed; 0 ignored; 0 measured; 0 filtered out; finished in 0.03s
Rust	Test Rust workspace	2026-09-24T15:10:54.9299638Z 
Rust	Test Rust workspace	2026-09-24T15:10:54.9315022Z ^[[1m^[[92m   Doc-tests^[[0m rx_api
Rust	Test Rust workspace	2026-09-24T15:10:55.1160008Z 
Rust	Test Rust workspace	2026-09-24T15:10:55.1160596Z running 0 tests
Rust	Test Rust workspace	2026-09-24T15:10:55.1160863Z 
Rust	Test Rust workspace	2026-09-24T15:10:55.1161313Z test result: ok. 0 passed; 0 failed; 0 ignored; 0 measured; 0 filtered out; finished in 0.00s
Rust	Test Rust workspace	2026-09-24T15:10:55.1161924Z 
Rust	Test Rust workspace	2026-09-24T15:10:55.1177296Z ^[[1m^[[92m   Doc-tests^[[0m rx_application
Rust	Test Rust workspace	2026-09-24T15:10:56.2294534Z 
Rust	Test Rust workspace	2026-09-24T15:10:56.2295263Z running 0 tests
Rust	Test Rust workspace	2026-09-24T15:10:56.2295614Z 
Rust	Test Rust workspace	2026-09-24T15:10:56.2296405Z test result: ok. 0 passed; 0 failed; 0 ignored; 0 measured; 0 filtered out; finished in 0.00s
Rust	Test Rust workspace	2026-09-24T15:10:56.2297054Z 
Rust	Test Rust workspace	2026-09-24T15:10:56.2310810Z ^[[1m^[[92m   Doc-tests^[[0m rx_domain
Rust	Test Rust workspace	2026-09-24T15:10:56.3993495Z 
Rust	Test Rust workspace	2026-09-24T15:10:56.3994122Z running 0 tests
Rust	Test Rust workspace	2026-09-24T15:10:56.3994473Z 
Rust	Test Rust workspace	2026-09-24T15:10:56.3995178Z test result: ok. 0 passed; 0 failed; 0 ignored; 0 measured; 0 filtered out; finished in 0.00s
Rust	Test Rust workspace	2026-09-24T15:10:56.3995895Z 
Rust	Test Rust workspace	2026-09-24T15:10:56.4009891Z ^[[1m^[[92m   Doc-tests^[[0m rx_host_client
Rust	Test Rust workspace	2026-09-24T15:10:56.4919497Z 
Rust	Test Rust workspace	2026-09-24T15:10:56.4920017Z running 0 tests
Rust	Test Rust workspace	2026-09-24T15:10:56.4920704Z 
Rust	Test Rust workspace	2026-09-24T15:10:56.4921394Z test result: ok. 0 passed; 0 failed; 0 ignored; 0 measured; 0 filtered out; finished in 0.00s
Rust	Test Rust workspace	2026-09-24T15:10:56.4922077Z 
Rust	Test Rust workspace	2026-09-24T15:10:56.4937480Z ^[[1m^[[92m   Doc-tests^[[0m rx_package
Rust	Test Rust workspace	2026-09-24T15:10:56.5886143Z 
Rust	Test Rust workspace	2026-09-24T15:10:56.5886862Z running 0 tests
Rust	Test Rust workspace	2026-09-24T15:10:56.5887209Z 
Rust	Test Rust workspace	2026-09-24T15:10:56.5887821Z test result: ok. 0 passed; 0 failed; 0 ignored; 0 measured; 0 filtered out; finished in 0.00s
Rust	Test Rust workspace	2026-09-24T15:10:56.5888464Z 
Rust	Test Rust workspace	2026-09-24T15:10:56.5902324Z ^[[1m^[[92m   Doc-tests^[[0m rx_platformd
Rust	Test Rust workspace	2026-09-24T15:10:56.6593815Z 
Rust	Test Rust workspace	2026-09-24T15:10:56.6594361Z running 0 tests
Rust	Test Rust workspace	2026-09-24T15:10:56.6594741Z 
Rust	Test Rust workspace	2026-09-24T15:10:56.6595334Z test result: ok. 0 passed; 0 failed; 0 ignored; 0 measured; 0 filtered out; finished in 0.00s
Rust	Test Rust workspace	2026-09-24T15:10:56.6595950Z 
Rust	Test Rust workspace	2026-09-24T15:10:56.6609704Z ^[[1m^[[92m   Doc-tests^[[0m rx_ports
Rust	Test Rust workspace	2026-09-24T15:10:56.6935691Z 
Rust	Test Rust workspace	2026-09-24T15:10:56.6936352Z running 0 tests
Rust	Test Rust workspace	2026-09-24T15:10:56.6936679Z 
Rust	Test Rust workspace	2026-09-24T15:10:56.6937291Z test result: ok. 0 passed; 0 failed; 0 ignored; 0 measured; 0 filtered out; finished in 0.00s
Rust	Test Rust workspace	2026-09-24T15:10:56.6937943Z 
Rust	Test Rust workspace	2026-09-24T15:10:56.6950166Z ^[[1m^[[92m   Doc-tests^[[0m rx_process_contract
Rust	Test Rust workspace	2026-09-24T15:10:56.9198868Z 
Rust	Test Rust workspace	2026-09-24T15:10:56.9199385Z running 0 tests
Rust	Test Rust workspace	2026-09-24T15:10:56.9199647Z 
Rust	Test Rust workspace	2026-09-24T15:10:56.9200091Z test result: ok. 0 passed; 0 failed; 0 ignored; 0 measured; 0 filtered out; finished in 0.00s
Rust	Test Rust workspace	2026-09-24T15:10:56.9200691Z 
Rust	Test Rust workspace	2026-09-24T15:10:56.9215078Z ^[[1m^[[92m   Doc-tests^[[0m rx_protocol
Rust	Test Rust workspace	2026-09-24T15:10:57.3686703Z 
Rust	Test Rust workspace	2026-09-24T15:10:57.3687248Z running 0 tests
Rust	Test Rust workspace	2026-09-24T15:10:57.3687533Z 
Rust	Test Rust workspace	2026-09-24T15:10:57.3688145Z test result: ok. 0 passed; 0 failed; 0 ignored; 0 measured; 0 filtered out; finished in 0.00s
Rust	Test Rust workspace	2026-09-24T15:10:57.3688832Z 
Rust	Test Rust workspace	2026-09-24T15:10:57.3707659Z ^[[1m^[[92m   Doc-tests^[[0m rx_protocol_adapter
Rust	Test Rust workspace	2026-09-24T15:10:57.4020597Z 
Rust	Test Rust workspace	2026-09-24T15:10:57.4021061Z running 0 tests
Rust	Test Rust workspace	2026-09-24T15:10:57.4021371Z 
Rust	Test Rust workspace	2026-09-24T15:10:57.4021963Z test result: ok. 0 passed; 0 failed; 0 ignored; 0 measured; 0 filtered out; finished in 0.00s
Rust	Test Rust workspace	2026-09-24T15:10:57.4022594Z 
Rust	Test Rust workspace	2026-09-24T15:10:57.4034446Z ^[[1m^[[92m   Doc-tests^[[0m rx_runtime
Rust	Test Rust workspace	2026-09-24T15:10:57.4452720Z 
Rust	Test Rust workspace	2026-09-24T15:10:57.4453626Z running 0 tests
Rust	Test Rust workspace	2026-09-24T15:10:57.4453904Z 
Rust	Test Rust workspace	2026-09-24T15:10:57.4454345Z test result: ok. 0 passed; 0 failed; 0 ignored; 0 measured; 0 filtered out; finished in 0.00s
Rust	Test Rust workspace	2026-09-24T15:10:57.4454950Z 
Rust	Test Rust workspace	2026-09-24T15:10:57.4468021Z ^[[1m^[[92m   Doc-tests^[[0m rx_storage
Rust	Test Rust workspace	2026-09-24T15:10:57.4718120Z 
Rust	Test Rust workspace	2026-09-24T15:10:57.4718739Z running 2 tests
Rust	Test Rust workspace	2026-09-24T15:10:57.5054965Z test crates/rx-storage/src/ownership.rs - ownership::ExclusiveFileLock (line 15) - compile fail ... ok
Rust	Test Rust workspace	2026-09-24T15:10:57.5174457Z test crates/rx-storage/src/ownership.rs - ownership::ExclusiveFileLock (line 11) - compile fail ... ok
Rust	Test Rust workspace	2026-09-24T15:10:57.5175257Z 
Rust	Test Rust workspace	2026-09-24T15:10:57.5175689Z test result: ok. 2 passed; 0 failed; 0 ignored; 0 measured; 0 filtered out; finished in 0.05s
Rust	Test Rust workspace	2026-09-24T15:10:57.5176483Z 
Rust	Post Run actions/cache@0057852bfaa89a56745cba8c7296529d2fc39830	﻿2026-09-24T15:10:57.5970413Z Post job cleanup.
Rust	Post Run actions/cache@0057852bfaa89a56745cba8c7296529d2fc39830	2026-09-24T15:10:57.7134056Z (node:15590) [DEP0040] DeprecationWarning: The `punycode` module is deprecated. Please use a userland alternative instead.
Rust	Post Run actions/cache@0057852bfaa89a56745cba8c7296529d2fc39830	2026-09-24T15:10:57.7135377Z (Use `node --trace-deprecation ...` to show where the warning was created)
Rust	Post Run actions/cache@0057852bfaa89a56745cba8c7296529d2fc39830	2026-09-24T15:10:57.7381770Z [command]/usr/bin/tar --posix -cf cache.tzst --exclude cache.tzst -P -C /home/runner/work/rx-platform/rx-platform --files-from manifest.txt --use-compress-program zstdmt
Rust	Post Run actions/cache@0057852bfaa89a56745cba8c7296529d2fc39830	2026-09-24T15:11:22.3537600Z (node:15590) [DEP0169] DeprecationWarning: `url.parse()` behavior is not standardized and prone to errors that have security implications. Use the WHATWG URL API instead. CVEs are not issued for `url.parse()` vulnerabilities.
Rust	Post Run actions/cache@0057852bfaa89a56745cba8c7296529d2fc39830	2026-09-24T15:11:23.3405478Z Sent 0 of 2560809956 (0.0%), 0.0 MBs/sec
Rust	Post Run actions/cache@0057852bfaa89a56745cba8c7296529d2fc39830	2026-09-24T15:11:24.3394838Z Sent 738197504 of 2560809956 (28.8%), 351.1 MBs/sec
Rust	Post Run actions/cache@0057852bfaa89a56745cba8c7296529d2fc39830	2026-09-24T15:11:25.3419963Z Sent 1342177280 of 2560809956 (52.4%), 425.7 MBs/sec
Rust	Post Run actions/cache@0057852bfaa89a56745cba8c7296529d2fc39830	2026-09-24T15:11:26.3412981Z Sent 1946157056 of 2560809956 (76.0%), 463.2 MBs/sec
Rust	Post Run actions/cache@0057852bfaa89a56745cba8c7296529d2fc39830	2026-09-24T15:11:27.3410763Z Sent 2359483364 of 2560809956 (92.1%), 449.5 MBs/sec
Rust	Post Run actions/cache@0057852bfaa89a56745cba8c7296529d2fc39830	2026-09-24T15:11:27.6401988Z Sent 2560809956 of 2560809956 (100.0%), 460.4 MBs/sec
Rust	Post Run actions/cache@0057852bfaa89a56745cba8c7296529d2fc39830	2026-09-24T15:11:27.9432463Z Cache saved with key: Linux-X64-rust-2392bc21c910933165eb1dace4f794eb8d755a9868039a4e3549d3d18eeaa5f6
Rust	Post Run actions/checkout@11d5960a326750d5838078e36cf38b85af677262	﻿2026-09-24T15:11:27.9621526Z Post job cleanup.
Rust	Post Run actions/checkout@11d5960a326750d5838078e36cf38b85af677262	2026-09-24T15:11:28.0572082Z [command]/usr/bin/git version
Rust	Post Run actions/checkout@11d5960a326750d5838078e36cf38b85af677262	2026-09-24T15:11:28.0616131Z git version 2.55.0
Rust	Post Run actions/checkout@11d5960a326750d5838078e36cf38b85af677262	2026-09-24T15:11:28.0662563Z Temporarily overriding HOME='/home/runner/work/_temp/ea0544e5-7a9b-4377-b9d6-b99f715240ac' before making global git config changes
Rust	Post Run actions/checkout@11d5960a326750d5838078e36cf38b85af677262	2026-09-24T15:11:28.0663965Z Adding repository directory to the temporary git global config as a safe directory
Rust	Post Run actions/checkout@11d5960a326750d5838078e36cf38b85af677262	2026-09-24T15:11:28.0669719Z [command]/usr/bin/git config --global --add safe.directory /home/runner/work/rx-platform/rx-platform
Rust	Post Run actions/checkout@11d5960a326750d5838078e36cf38b85af677262	2026-09-24T15:11:28.0713625Z [command]/usr/bin/git config --local --name-only --get-regexp core\.sshCommand
Rust	Post Run actions/checkout@11d5960a326750d5838078e36cf38b85af677262	2026-09-24T15:11:28.0751265Z [command]/usr/bin/git submodule foreach --recursive sh -c "git config --local --name-only --get-regexp 'core\.sshCommand' && git config --local --unset-all 'core.sshCommand' || :"
Rust	Post Run actions/checkout@11d5960a326750d5838078e36cf38b85af677262	2026-09-24T15:11:28.1010069Z [command]/usr/bin/git config --local --name-only --get-regexp http\.https\:\/\/github\.com\/\.extraheader
Rust	Post Run actions/checkout@11d5960a326750d5838078e36cf38b85af677262	2026-09-24T15:11:28.1062983Z [command]/usr/bin/git submodule foreach --recursive sh -c "git config --local --name-only --get-regexp 'http\.https\:\/\/github\.com\/\.extraheader' && git config --local --unset-all 'http.https://github.com/.extraheader' || :"
Rust	Post Run actions/checkout@11d5960a326750d5838078e36cf38b85af677262	2026-09-24T15:11:28.1325982Z [command]/usr/bin/git config --local --name-only --get-regexp ^includeIf\.gitdir:
Rust	Post Run actions/checkout@11d5960a326750d5838078e36cf38b85af677262	2026-09-24T15:11:28.1368955Z [command]/usr/bin/git submodule foreach --recursive git config --local --show-origin --name-only --get-regexp remote.origin.url
Rust	Complete job	﻿2026-09-24T15:11:28.1855622Z Cleaning up orphan processes
Rust	Complete job	2026-09-24T15:11:28.2220008Z ##[warning]Node.js 20 is deprecated. The following actions target Node.js 20 but are being forced to run on Node.js 24: actions/cache@0057852bfaa89a56745cba8c7296529d2fc39830, actions/checkout@11d5960a326750d5838078e36cf38b85af677262. For more information see: https://github.blog/changelog/2025-09-19-deprecation-of-node-20-on-github-actions-runners/
Repository and GitFlow	Set up job	﻿2026-09-24T15:06:05.0110296Z Current runner version: '2.337.0'
Repository and GitFlow	Set up job	2026-09-24T15:06:05.0135872Z ##[group]Runner Image Provisioner
Repository and GitFlow	Set up job	2026-09-24T15:06:05.0136787Z Hosted Compute Agent
Repository and GitFlow	Set up job	2026-09-24T15:06:05.0137406Z Version: 20260828.587
Repository and GitFlow	Set up job	2026-09-24T15:06:05.0138185Z Commit: abac92662cab4cc7352de4f9f9d2e2419aad9c29
Repository and GitFlow	Set up job	2026-09-24T15:06:05.0138960Z Build Date: 2026-08-28T16:44:25Z
Repository and GitFlow	Set up job	2026-09-24T15:06:05.0139795Z Worker ID: {b5742ed1-7210-4d72-8ae6-bdf9384c712c}
Repository and GitFlow	Set up job	2026-09-24T15:06:05.0140583Z Azure Region: westcentralus
Repository and GitFlow	Set up job	2026-09-24T15:06:05.0141223Z ##[endgroup]
Repository and GitFlow	Set up job	2026-09-24T15:06:05.0142668Z ##[group]Operating System
Repository and GitFlow	Set up job	2026-09-24T15:06:05.0143377Z Ubuntu
Repository and GitFlow	Set up job	2026-09-24T15:06:05.0144430Z 24.04.5
Repository and GitFlow	Set up job	2026-09-24T15:06:05.0145062Z LTS
Repository and GitFlow	Set up job	2026-09-24T15:06:05.0145607Z ##[endgroup]
Repository and GitFlow	Set up job	2026-09-24T15:06:05.0146222Z ##[group]Runner Image
Repository and GitFlow	Set up job	2026-09-24T15:06:05.0146979Z Image: ubuntu-24.04
Repository and GitFlow	Set up job	2026-09-24T15:06:05.0147557Z Version: 20260920.314.1
Repository and GitFlow	Set up job	2026-09-24T15:06:05.0148718Z Included Software: https://github.com/actions/runner-images/blob/ubuntu24/20260920.314/images/ubuntu/Ubuntu2404-Readme.md
Repository and GitFlow	Set up job	2026-09-24T15:06:05.0150481Z Image Release: https://github.com/actions/runner-images/releases/tag/ubuntu24%2F20260920.314
Repository and GitFlow	Set up job	2026-09-24T15:06:05.0151580Z ##[endgroup]
Repository and GitFlow	Set up job	2026-09-24T15:06:05.0152722Z ##[group]GITHUB_TOKEN Permissions
Repository and GitFlow	Set up job	2026-09-24T15:06:05.0154862Z Contents: read
Repository and GitFlow	Set up job	2026-09-24T15:06:05.0155482Z Metadata: read
Repository and GitFlow	Set up job	2026-09-24T15:06:05.0156229Z ##[endgroup]
Repository and GitFlow	Set up job	2026-09-24T15:06:05.0158244Z Secret source: Actions
Repository and GitFlow	Set up job	2026-09-24T15:06:05.0159381Z Cache mode: write
Repository and GitFlow	Set up job	2026-09-24T15:06:05.0160097Z Prepare workflow directory
Repository and GitFlow	Set up job	2026-09-24T15:06:05.0606110Z Prepare all required actions
Repository and GitFlow	Set up job	2026-09-24T15:06:05.0653254Z Getting action download info
Repository and GitFlow	Set up job	2026-09-24T15:06:05.3784268Z Download action repository 'actions/checkout@11d5960a326750d5838078e36cf38b85af677262' (SHA:11d5960a326750d5838078e36cf38b85af677262)
Repository and GitFlow	Set up job	2026-09-24T15:06:05.5805731Z Complete job name: Repository and GitFlow
Repository and GitFlow	Run actions/checkout@11d5960a326750d5838078e36cf38b85af677262	﻿2026-09-24T15:06:05.6586047Z ##[group]Run actions/checkout@11d5960a326750d5838078e36cf38b85af677262
Repository and GitFlow	Run actions/checkout@11d5960a326750d5838078e36cf38b85af677262	2026-09-24T15:06:05.6587098Z with:
Repository and GitFlow	Run actions/checkout@11d5960a326750d5838078e36cf38b85af677262	2026-09-24T15:06:05.6587579Z   persist-credentials: false
Repository and GitFlow	Run actions/checkout@11d5960a326750d5838078e36cf38b85af677262	2026-09-24T15:06:05.6588093Z   fetch-depth: 0
Repository and GitFlow	Run actions/checkout@11d5960a326750d5838078e36cf38b85af677262	2026-09-24T15:06:05.6588556Z   repository: jack0682/rx-platform
Repository and GitFlow	Run actions/checkout@11d5960a326750d5838078e36cf38b85af677262	2026-09-24T15:06:05.6592333Z   token: ***
Repository and GitFlow	Run actions/checkout@11d5960a326750d5838078e36cf38b85af677262	2026-09-24T15:06:05.6592776Z   ssh-strict: true
Repository and GitFlow	Run actions/checkout@11d5960a326750d5838078e36cf38b85af677262	2026-09-24T15:06:05.6593233Z   ssh-user: git
Repository and GitFlow	Run actions/checkout@11d5960a326750d5838078e36cf38b85af677262	2026-09-24T15:06:05.6593661Z   clean: true
Repository and GitFlow	Run actions/checkout@11d5960a326750d5838078e36cf38b85af677262	2026-09-24T15:06:05.6594280Z   sparse-checkout-cone-mode: true
Repository and GitFlow	Run actions/checkout@11d5960a326750d5838078e36cf38b85af677262	2026-09-24T15:06:05.6594809Z   fetch-tags: false
Repository and GitFlow	Run actions/checkout@11d5960a326750d5838078e36cf38b85af677262	2026-09-24T15:06:05.6595266Z   show-progress: true
Repository and GitFlow	Run actions/checkout@11d5960a326750d5838078e36cf38b85af677262	2026-09-24T15:06:05.6595717Z   lfs: false
Repository and GitFlow	Run actions/checkout@11d5960a326750d5838078e36cf38b85af677262	2026-09-24T15:06:05.6596140Z   submodules: false
Repository and GitFlow	Run actions/checkout@11d5960a326750d5838078e36cf38b85af677262	2026-09-24T15:06:05.6596597Z   set-safe-directory: true
Repository and GitFlow	Run actions/checkout@11d5960a326750d5838078e36cf38b85af677262	2026-09-24T15:06:05.6597116Z   allow-unsafe-pr-checkout: false
Repository and GitFlow	Run actions/checkout@11d5960a326750d5838078e36cf38b85af677262	2026-09-24T15:06:05.6598288Z ##[endgroup]
Repository and GitFlow	Run actions/checkout@11d5960a326750d5838078e36cf38b85af677262	2026-09-24T15:06:05.7649819Z Syncing repository: jack0682/rx-platform
Repository and GitFlow	Run actions/checkout@11d5960a326750d5838078e36cf38b85af677262	2026-09-24T15:06:05.7652700Z ##[group]Getting Git version info
Repository and GitFlow	Run actions/checkout@11d5960a326750d5838078e36cf38b85af677262	2026-09-24T15:06:05.7654399Z Working directory is '/home/runner/work/rx-platform/rx-platform'
Repository and GitFlow	Run actions/checkout@11d5960a326750d5838078e36cf38b85af677262	2026-09-24T15:06:05.7656062Z [command]/usr/bin/git version
Repository and GitFlow	Run actions/checkout@11d5960a326750d5838078e36cf38b85af677262	2026-09-24T15:06:05.7682526Z git version 2.55.0
Repository and GitFlow	Run actions/checkout@11d5960a326750d5838078e36cf38b85af677262	2026-09-24T15:06:05.7702375Z ##[endgroup]
Repository and GitFlow	Run actions/checkout@11d5960a326750d5838078e36cf38b85af677262	2026-09-24T15:06:05.7717184Z Temporarily overriding HOME='/home/runner/work/_temp/5f1f1f73-bdc8-44e6-a4a9-17640485abed' before making global git config changes
Repository and GitFlow	Run actions/checkout@11d5960a326750d5838078e36cf38b85af677262	2026-09-24T15:06:05.7719512Z Adding repository directory to the temporary git global config as a safe directory
Repository and GitFlow	Run actions/checkout@11d5960a326750d5838078e36cf38b85af677262	2026-09-24T15:06:05.7722259Z [command]/usr/bin/git config --global --add safe.directory /home/runner/work/rx-platform/rx-platform
Repository and GitFlow	Run actions/checkout@11d5960a326750d5838078e36cf38b85af677262	2026-09-24T15:06:05.7778718Z Deleting the contents of '/home/runner/work/rx-platform/rx-platform'
Repository and GitFlow	Run actions/checkout@11d5960a326750d5838078e36cf38b85af677262	2026-09-24T15:06:05.7788229Z ##[group]Initializing the repository
Repository and GitFlow	Run actions/checkout@11d5960a326750d5838078e36cf38b85af677262	2026-09-24T15:06:05.7797410Z [command]/usr/bin/git init /home/runner/work/rx-platform/rx-platform
Repository and GitFlow	Run actions/checkout@11d5960a326750d5838078e36cf38b85af677262	2026-09-24T15:06:05.7905034Z hint: Using 'master' as the name for the initial branch. This default branch name
Repository and GitFlow	Run actions/checkout@11d5960a326750d5838078e36cf38b85af677262	2026-09-24T15:06:05.7906199Z hint: will change to "main" in Git 3.0. To configure the initial branch name
Repository and GitFlow	Run actions/checkout@11d5960a326750d5838078e36cf38b85af677262	2026-09-24T15:06:05.7907163Z hint: to use in all of your new repositories, which will suppress this warning,
Repository and GitFlow	Run actions/checkout@11d5960a326750d5838078e36cf38b85af677262	2026-09-24T15:06:05.7908196Z hint: call:
Repository and GitFlow	Run actions/checkout@11d5960a326750d5838078e36cf38b85af677262	2026-09-24T15:06:05.7908619Z hint:
Repository and GitFlow	Run actions/checkout@11d5960a326750d5838078e36cf38b85af677262	2026-09-24T15:06:05.7909143Z hint: 	git config --global init.defaultBranch <name>
Repository and GitFlow	Run actions/checkout@11d5960a326750d5838078e36cf38b85af677262	2026-09-24T15:06:05.7909770Z hint:
Repository and GitFlow	Run actions/checkout@11d5960a326750d5838078e36cf38b85af677262	2026-09-24T15:06:05.7910355Z hint: Names commonly chosen instead of 'master' are 'main', 'trunk' and
Repository and GitFlow	Run actions/checkout@11d5960a326750d5838078e36cf38b85af677262	2026-09-24T15:06:05.7911278Z hint: 'development'. The just-created branch can be renamed via this command:
Repository and GitFlow	Run actions/checkout@11d5960a326750d5838078e36cf38b85af677262	2026-09-24T15:06:05.7912006Z hint:
Repository and GitFlow	Run actions/checkout@11d5960a326750d5838078e36cf38b85af677262	2026-09-24T15:06:05.7912431Z hint: 	git branch -m <name>
Repository and GitFlow	Run actions/checkout@11d5960a326750d5838078e36cf38b85af677262	2026-09-24T15:06:05.7912908Z hint:
Repository and GitFlow	Run actions/checkout@11d5960a326750d5838078e36cf38b85af677262	2026-09-24T15:06:05.7913531Z hint: Disable this message with "git config set advice.defaultBranchName false"
Repository and GitFlow	Run actions/checkout@11d5960a326750d5838078e36cf38b85af677262	2026-09-24T15:06:05.7916486Z Initialized empty Git repository in /home/runner/work/rx-platform/rx-platform/.git/
Repository and GitFlow	Run actions/checkout@11d5960a326750d5838078e36cf38b85af677262	2026-09-24T15:06:05.7918321Z [command]/usr/bin/git remote add origin https://github.com/jack0682/rx-platform
Repository and GitFlow	Run actions/checkout@11d5960a326750d5838078e36cf38b85af677262	2026-09-24T15:06:05.7967047Z ##[endgroup]
Repository and GitFlow	Run actions/checkout@11d5960a326750d5838078e36cf38b85af677262	2026-09-24T15:06:05.7968241Z ##[group]Disabling automatic garbage collection
Repository and GitFlow	Run actions/checkout@11d5960a326750d5838078e36cf38b85af677262	2026-09-24T15:06:05.7970455Z [command]/usr/bin/git config --local gc.auto 0
Repository and GitFlow	Run actions/checkout@11d5960a326750d5838078e36cf38b85af677262	2026-09-24T15:06:05.8003549Z ##[endgroup]
Repository and GitFlow	Run actions/checkout@11d5960a326750d5838078e36cf38b85af677262	2026-09-24T15:06:05.8004941Z ##[group]Setting up auth
Repository and GitFlow	Run actions/checkout@11d5960a326750d5838078e36cf38b85af677262	2026-09-24T15:06:05.8009792Z [command]/usr/bin/git config --local --name-only --get-regexp core\.sshCommand
Repository and GitFlow	Run actions/checkout@11d5960a326750d5838078e36cf38b85af677262	2026-09-24T15:06:05.8045079Z [command]/usr/bin/git submodule foreach --recursive sh -c "git config --local --name-only --get-regexp 'core\.sshCommand' && git config --local --unset-all 'core.sshCommand' || :"
Repository and GitFlow	Run actions/checkout@11d5960a326750d5838078e36cf38b85af677262	2026-09-24T15:06:05.8442915Z [command]/usr/bin/git config --local --name-only --get-regexp http\.https\:\/\/github\.com\/\.extraheader
Repository and GitFlow	Run actions/checkout@11d5960a326750d5838078e36cf38b85af677262	2026-09-24T15:06:05.8484094Z [command]/usr/bin/git submodule foreach --recursive sh -c "git config --local --name-only --get-regexp 'http\.https\:\/\/github\.com\/\.extraheader' && git config --local --unset-all 'http.https://github.com/.extraheader' || :"
Repository and GitFlow	Run actions/checkout@11d5960a326750d5838078e36cf38b85af677262	2026-09-24T15:06:05.8783706Z [command]/usr/bin/git config --local --name-only --get-regexp ^includeIf\.gitdir:
Repository and GitFlow	Run actions/checkout@11d5960a326750d5838078e36cf38b85af677262	2026-09-24T15:06:05.8788864Z [command]/usr/bin/git submodule foreach --recursive git config --local --show-origin --name-only --get-regexp remote.origin.url
Repository and GitFlow	Run actions/checkout@11d5960a326750d5838078e36cf38b85af677262	2026-09-24T15:06:05.9033819Z [command]/usr/bin/git config --local http.https://github.com/.extraheader AUTHORIZATION: basic ***
Repository and GitFlow	Run actions/checkout@11d5960a326750d5838078e36cf38b85af677262	2026-09-24T15:06:05.9077338Z ##[endgroup]
Repository and GitFlow	Run actions/checkout@11d5960a326750d5838078e36cf38b85af677262	2026-09-24T15:06:05.9078628Z ##[group]Fetching the repository
Repository and GitFlow	Run actions/checkout@11d5960a326750d5838078e36cf38b85af677262	2026-09-24T15:06:05.9090004Z [command]/usr/bin/git -c protocol.version=2 fetch --prune --no-recurse-submodules origin +refs/heads/*:refs/remotes/origin/* +refs/tags/*:refs/tags/*
Repository and GitFlow	Run actions/checkout@11d5960a326750d5838078e36cf38b85af677262	2026-09-24T15:06:07.1173662Z From https://github.com/jack0682/rx-platform
Repository and GitFlow	Run actions/checkout@11d5960a326750d5838078e36cf38b85af677262	2026-09-24T15:06:07.1175775Z  * [new branch]      develop                 -> origin/develop
Repository and GitFlow	Run actions/checkout@11d5960a326750d5838078e36cf38b85af677262	2026-09-24T15:06:07.1177169Z  * [new branch]      main                    -> origin/main
Repository and GitFlow	Run actions/checkout@11d5960a326750d5838078e36cf38b85af677262	2026-09-24T15:06:07.1178753Z  * [new tag]         archive/initial-draft-2026-09-14 -> archive/initial-draft-2026-09-14
Repository and GitFlow	Run actions/checkout@11d5960a326750d5838078e36cf38b85af677262	2026-09-24T15:06:07.1181051Z  * [new tag]         archive/investigation-wip-2026-09-14 -> archive/investigation-wip-2026-09-14
Repository and GitFlow	Run actions/checkout@11d5960a326750d5838078e36cf38b85af677262	2026-09-24T15:06:07.1182952Z  * [new tag]         codex/initial-draft     -> codex/initial-draft
Repository and GitFlow	Run actions/checkout@11d5960a326750d5838078e36cf38b85af677262	2026-09-24T15:06:07.1184831Z  * [new tag]         codex/investigation-wip -> codex/investigation-wip
Repository and GitFlow	Run actions/checkout@11d5960a326750d5838078e36cf38b85af677262	2026-09-24T15:06:07.1186383Z  * [new tag]         draft-v0.1              -> draft-v0.1
Repository and GitFlow	Run actions/checkout@11d5960a326750d5838078e36cf38b85af677262	2026-09-24T15:06:07.1191022Z [command]/usr/bin/git branch --list --remote origin/develop
Repository and GitFlow	Run actions/checkout@11d5960a326750d5838078e36cf38b85af677262	2026-09-24T15:06:07.1220568Z   origin/develop
Repository and GitFlow	Run actions/checkout@11d5960a326750d5838078e36cf38b85af677262	2026-09-24T15:06:07.1229311Z [command]/usr/bin/git rev-parse refs/remotes/origin/develop
Repository and GitFlow	Run actions/checkout@11d5960a326750d5838078e36cf38b85af677262	2026-09-24T15:06:07.1257470Z 1966319fbb9b17d840c930915235f7744ccde595
Repository and GitFlow	Run actions/checkout@11d5960a326750d5838078e36cf38b85af677262	2026-09-24T15:06:07.1261144Z ##[endgroup]
Repository and GitFlow	Run actions/checkout@11d5960a326750d5838078e36cf38b85af677262	2026-09-24T15:06:07.1262167Z ##[group]Determining the checkout info
Repository and GitFlow	Run actions/checkout@11d5960a326750d5838078e36cf38b85af677262	2026-09-24T15:06:07.1263318Z ##[endgroup]
Repository and GitFlow	Run actions/checkout@11d5960a326750d5838078e36cf38b85af677262	2026-09-24T15:06:07.1275746Z [command]/usr/bin/git sparse-checkout disable
Repository and GitFlow	Run actions/checkout@11d5960a326750d5838078e36cf38b85af677262	2026-09-24T15:06:07.1326763Z [command]/usr/bin/git config --local --unset-all extensions.worktreeConfig
Repository and GitFlow	Run actions/checkout@11d5960a326750d5838078e36cf38b85af677262	2026-09-24T15:06:07.1364556Z ##[group]Checking out the ref
Repository and GitFlow	Run actions/checkout@11d5960a326750d5838078e36cf38b85af677262	2026-09-24T15:06:07.1365608Z [command]/usr/bin/git checkout --progress --force -B develop refs/remotes/origin/develop
Repository and GitFlow	Run actions/checkout@11d5960a326750d5838078e36cf38b85af677262	2026-09-24T15:06:07.1792956Z Switched to a new branch 'develop'
Repository and GitFlow	Run actions/checkout@11d5960a326750d5838078e36cf38b85af677262	2026-09-24T15:06:07.1797613Z branch 'develop' set up to track 'origin/develop'.
Repository and GitFlow	Run actions/checkout@11d5960a326750d5838078e36cf38b85af677262	2026-09-24T15:06:07.1805074Z ##[endgroup]
Repository and GitFlow	Run actions/checkout@11d5960a326750d5838078e36cf38b85af677262	2026-09-24T15:06:07.1852414Z [command]/usr/bin/git log -1 --format=%H
Repository and GitFlow	Run actions/checkout@11d5960a326750d5838078e36cf38b85af677262	2026-09-24T15:06:07.1882597Z 1966319fbb9b17d840c930915235f7744ccde595
Repository and GitFlow	Run actions/checkout@11d5960a326750d5838078e36cf38b85af677262	2026-09-24T15:06:07.1890998Z ##[group]Removing auth
Repository and GitFlow	Run actions/checkout@11d5960a326750d5838078e36cf38b85af677262	2026-09-24T15:06:07.1895882Z [command]/usr/bin/git config --local --name-only --get-regexp core\.sshCommand
Repository and GitFlow	Run actions/checkout@11d5960a326750d5838078e36cf38b85af677262	2026-09-24T15:06:07.1931538Z [command]/usr/bin/git submodule foreach --recursive sh -c "git config --local --name-only --get-regexp 'core\.sshCommand' && git config --local --unset-all 'core.sshCommand' || :"
Repository and GitFlow	Run actions/checkout@11d5960a326750d5838078e36cf38b85af677262	2026-09-24T15:06:07.2175298Z [command]/usr/bin/git config --local --name-only --get-regexp http\.https\:\/\/github\.com\/\.extraheader
Repository and GitFlow	Run actions/checkout@11d5960a326750d5838078e36cf38b85af677262	2026-09-24T15:06:07.2206509Z http.https://github.com/.extraheader
Repository and GitFlow	Run actions/checkout@11d5960a326750d5838078e36cf38b85af677262	2026-09-24T15:06:07.2216571Z [command]/usr/bin/git config --local --unset-all http.https://github.com/.extraheader
Repository and GitFlow	Run actions/checkout@11d5960a326750d5838078e36cf38b85af677262	2026-09-24T15:06:07.2253223Z [command]/usr/bin/git submodule foreach --recursive sh -c "git config --local --name-only --get-regexp 'http\.https\:\/\/github\.com\/\.extraheader' && git config --local --unset-all 'http.https://github.com/.extraheader' || :"
Repository and GitFlow	Run actions/checkout@11d5960a326750d5838078e36cf38b85af677262	2026-09-24T15:06:07.2491204Z [command]/usr/bin/git config --local --name-only --get-regexp ^includeIf\.gitdir:
Repository and GitFlow	Run actions/checkout@11d5960a326750d5838078e36cf38b85af677262	2026-09-24T15:06:07.2527328Z [command]/usr/bin/git submodule foreach --recursive git config --local --show-origin --name-only --get-regexp remote.origin.url
Repository and GitFlow	Run actions/checkout@11d5960a326750d5838078e36cf38b85af677262	2026-09-24T15:06:07.2761815Z ##[endgroup]
Repository and GitFlow	Test repository checks	﻿2026-09-24T15:06:07.2983336Z ##[group]Run python3 .github/test_repository.py
Repository and GitFlow	Test repository checks	2026-09-24T15:06:07.2984488Z ^[[36;1mpython3 .github/test_repository.py^[[0m
Repository and GitFlow	Test repository checks	2026-09-24T15:06:07.2985279Z ^[[36;1mpython3 .github/test_commit_policy.py^[[0m
Repository and GitFlow	Test repository checks	2026-09-24T15:06:07.3245923Z shell: /usr/bin/bash --noprofile --norc -e -o pipefail {0}
Repository and GitFlow	Test repository checks	2026-09-24T15:06:07.3246821Z ##[endgroup]
Repository and GitFlow	Test repository checks	2026-09-24T15:06:07.6819865Z ........................
Repository and GitFlow	Test repository checks	2026-09-24T15:06:07.6821204Z ----------------------------------------------------------------------
Repository and GitFlow	Test repository checks	2026-09-24T15:06:07.6822491Z Ran 24 tests in 0.011s
Repository and GitFlow	Test repository checks	2026-09-24T15:06:07.6823015Z 
Repository and GitFlow	Test repository checks	2026-09-24T15:06:07.6823342Z OK
Repository and GitFlow	Test repository checks	2026-09-24T15:06:11.5417193Z .................
Repository and GitFlow	Test repository checks	2026-09-24T15:06:11.5418494Z ----------------------------------------------------------------------
Repository and GitFlow	Test repository checks	2026-09-24T15:06:11.5418949Z Ran 17 tests in 3.766s
Repository and GitFlow	Test repository checks	2026-09-24T15:06:11.5419128Z 
Repository and GitFlow	Test repository checks	2026-09-24T15:06:11.5419248Z OK
Repository and GitFlow	Check DCO and verified OpenPGP signatures	﻿2026-09-24T15:06:11.5635000Z ##[group]Run python3 tools/check_commit_policy.py --head "$HEAD_SHA" --github-repository "$GITHUB_REPOSITORY"
Repository and GitFlow	Check DCO and verified OpenPGP signatures	2026-09-24T15:06:11.5635973Z ^[[36;1mpython3 tools/check_commit_policy.py --head "$HEAD_SHA" --github-repository "$GITHUB_REPOSITORY"^[[0m
Repository and GitFlow	Check DCO and verified OpenPGP signatures	2026-09-24T15:06:11.5710262Z shell: /usr/bin/bash --noprofile --norc -e -o pipefail {0}
Repository and GitFlow	Check DCO and verified OpenPGP signatures	2026-09-24T15:06:11.5710684Z env:
Repository and GitFlow	Check DCO and verified OpenPGP signatures	2026-09-24T15:06:11.5713483Z   GH_TOKEN: ***
Repository and GitFlow	Check DCO and verified OpenPGP signatures	2026-09-24T15:06:11.5713812Z   HEAD_SHA: 1966319fbb9b17d840c930915235f7744ccde595
Repository and GitFlow	Check DCO and verified OpenPGP signatures	2026-09-24T15:06:11.5714422Z ##[endgroup]
Repository and GitFlow	Check DCO and verified OpenPGP signatures	2026-09-24T15:06:34.5682329Z OK: 43 commits audited; 43 author sign-offs; 0 recorded historical DCO violations; all signatures verified OpenPGP
Repository and GitFlow	Validate JSON, local links and contract integrity	﻿2026-09-24T15:06:34.5885394Z ##[group]Run python3 tools/check_repository.py
Repository and GitFlow	Validate JSON, local links and contract integrity	2026-09-24T15:06:34.5885798Z ^[[36;1mpython3 tools/check_repository.py^[[0m
Repository and GitFlow	Validate JSON, local links and contract integrity	2026-09-24T15:06:34.5955102Z shell: /usr/bin/bash --noprofile --norc -e -o pipefail {0}
Repository and GitFlow	Validate JSON, local links and contract integrity	2026-09-24T15:06:34.5955463Z ##[endgroup]
Repository and GitFlow	Validate JSON, local links and contract integrity	2026-09-24T15:06:34.7332180Z Checked 33 JSON files, local targets in 100 Markdown files, and two contract baselines; 0 links outside this checkout are not checked.
Repository and GitFlow	Validate JSON, local links and contract integrity	2026-09-24T15:06:34.7333215Z Repository checks passed.
Repository and GitFlow	Check invariant traceability	﻿2026-09-24T15:06:34.7430005Z ##[group]Run python3 tools/check_invariant_traceability.py
Repository and GitFlow	Check invariant traceability	2026-09-24T15:06:34.7430461Z ^[[36;1mpython3 tools/check_invariant_traceability.py^[[0m
Repository and GitFlow	Check invariant traceability	2026-09-24T15:06:34.7497742Z shell: /usr/bin/bash --noprofile --norc -e -o pipefail {0}
Repository and GitFlow	Check invariant traceability	2026-09-24T15:06:34.7498113Z ##[endgroup]
Repository and GitFlow	Check invariant traceability	2026-09-24T15:06:34.9383202Z Invariant traceability: I=12 OI=18; declared=10 uncovered=20; test links=16. Semantic coverage not checked.
Repository and GitFlow	Check contract baselines and SDK export regressions	﻿2026-09-24T15:06:34.9465823Z ##[group]Run python3 tools/check_contract_baselines.py
Repository and GitFlow	Check contract baselines and SDK export regressions	2026-09-24T15:06:34.9466267Z ^[[36;1mpython3 tools/check_contract_baselines.py^[[0m
Repository and GitFlow	Check contract baselines and SDK export regressions	2026-09-24T15:06:34.9466612Z ^[[36;1mpython3 tools/test_export_host_sdk.py^[[0m
Repository and GitFlow	Check contract baselines and SDK export regressions	2026-09-24T15:06:34.9534267Z shell: /usr/bin/bash --noprofile --norc -e -o pipefail {0}
Repository and GitFlow	Check contract baselines and SDK export regressions	2026-09-24T15:06:34.9534637Z ##[endgroup]
Repository and GitFlow	Check contract baselines and SDK export regressions	2026-09-24T15:06:34.9886715Z contracts: 4 normative files unchanged
Repository and GitFlow	Check contract baselines and SDK export regressions	2026-09-24T15:06:34.9887120Z cell_operations: 4 normative files unchanged
Repository and GitFlow	Check contract baselines and SDK export regressions	2026-09-24T15:06:35.2348320Z PASS: fresh inventory, modified destination preserved/refused, authority crate excluded
Repository and GitFlow	Check optional binding manifests without rewriting them	﻿2026-09-24T15:06:35.2462870Z ##[group]Run for checker in tools/update_*_binding.py; do
Repository and GitFlow	Check optional binding manifests without rewriting them	2026-09-24T15:06:35.2463619Z ^[[36;1mfor checker in tools/update_*_binding.py; do^[[0m
Repository and GitFlow	Check optional binding manifests without rewriting them	2026-09-24T15:06:35.2464380Z ^[[36;1m  python3 "$checker" --check^[[0m
Repository and GitFlow	Check optional binding manifests without rewriting them	2026-09-24T15:06:35.2464805Z ^[[36;1mdone^[[0m
Repository and GitFlow	Check optional binding manifests without rewriting them	2026-09-24T15:06:35.2561215Z shell: /usr/bin/bash --noprofile --norc -e -o pipefail {0}
Repository and GitFlow	Check optional binding manifests without rewriting them	2026-09-24T15:06:35.2561793Z ##[endgroup]
Repository and GitFlow	Check optional binding manifests without rewriting them	2026-09-24T15:06:35.2987754Z Assignment binding sources unchanged
Repository and GitFlow	Check optional binding manifests without rewriting them	2026-09-24T15:06:35.3350305Z Executor plan binding sources unchanged
Repository and GitFlow	Check optional binding manifests without rewriting them	2026-09-24T15:06:35.3702439Z Executor read binding sources unchanged
Repository and GitFlow	Check optional binding manifests without rewriting them	2026-09-24T15:06:35.4053839Z Host configuration binding unchanged
Repository and GitFlow	Check optional binding manifests without rewriting them	2026-09-24T15:06:35.4407606Z Host qualification binding unchanged
Repository and GitFlow	Check optional binding manifests without rewriting them	2026-09-24T15:06:35.4765912Z Host read binding unchanged
Repository and GitFlow	Check optional binding manifests without rewriting them	2026-09-24T15:06:35.5189881Z Production binding sources unchanged
Repository and GitFlow	Post Run actions/checkout@11d5960a326750d5838078e36cf38b85af677262	﻿2026-09-24T15:06:35.5353220Z Post job cleanup.
Repository and GitFlow	Post Run actions/checkout@11d5960a326750d5838078e36cf38b85af677262	2026-09-24T15:06:35.6251253Z [command]/usr/bin/git version
Repository and GitFlow	Post Run actions/checkout@11d5960a326750d5838078e36cf38b85af677262	2026-09-24T15:06:35.6297464Z git version 2.55.0
Repository and GitFlow	Post Run actions/checkout@11d5960a326750d5838078e36cf38b85af677262	2026-09-24T15:06:35.6338533Z Temporarily overriding HOME='/home/runner/work/_temp/a8e3d1eb-9d1e-49c4-a56e-4a0f1de055cb' before making global git config changes
Repository and GitFlow	Post Run actions/checkout@11d5960a326750d5838078e36cf38b85af677262	2026-09-24T15:06:35.6339773Z Adding repository directory to the temporary git global config as a safe directory
Repository and GitFlow	Post Run actions/checkout@11d5960a326750d5838078e36cf38b85af677262	2026-09-24T15:06:35.6344788Z [command]/usr/bin/git config --global --add safe.directory /home/runner/work/rx-platform/rx-platform
Repository and GitFlow	Post Run actions/checkout@11d5960a326750d5838078e36cf38b85af677262	2026-09-24T15:06:35.6387763Z [command]/usr/bin/git config --local --name-only --get-regexp core\.sshCommand
Repository and GitFlow	Post Run actions/checkout@11d5960a326750d5838078e36cf38b85af677262	2026-09-24T15:06:35.6424861Z [command]/usr/bin/git submodule foreach --recursive sh -c "git config --local --name-only --get-regexp 'core\.sshCommand' && git config --local --unset-all 'core.sshCommand' || :"
Repository and GitFlow	Post Run actions/checkout@11d5960a326750d5838078e36cf38b85af677262	2026-09-24T15:06:35.6690588Z [command]/usr/bin/git config --local --name-only --get-regexp http\.https\:\/\/github\.com\/\.extraheader
Repository and GitFlow	Post Run actions/checkout@11d5960a326750d5838078e36cf38b85af677262	2026-09-24T15:06:35.6730626Z [command]/usr/bin/git submodule foreach --recursive sh -c "git config --local --name-only --get-regexp 'http\.https\:\/\/github\.com\/\.extraheader' && git config --local --unset-all 'http.https://github.com/.extraheader' || :"
Repository and GitFlow	Post Run actions/checkout@11d5960a326750d5838078e36cf38b85af677262	2026-09-24T15:06:35.7005498Z [command]/usr/bin/git config --local --name-only --get-regexp ^includeIf\.gitdir:
Repository and GitFlow	Post Run actions/checkout@11d5960a326750d5838078e36cf38b85af677262	2026-09-24T15:06:35.7046756Z [command]/usr/bin/git submodule foreach --recursive git config --local --show-origin --name-only --get-regexp remote.origin.url
Repository and GitFlow	Complete job	﻿2026-09-24T15:06:35.7450452Z Cleaning up orphan processes
Repository and GitFlow	Complete job	2026-09-24T15:06:35.7778239Z ##[warning]Node.js 20 is deprecated. The following actions target Node.js 20 but are being forced to run on Node.js 24: actions/checkout@11d5960a326750d5838078e36cf38b85af677262. For more information see: https://github.blog/changelog/2025-09-19-deprecation-of-node-20-on-github-actions-runners/
Branch CI	Set up job	﻿2026-09-24T15:11:32.5114452Z Current runner version: '2.337.0'
Branch CI	Set up job	2026-09-24T15:11:32.5151196Z ##[group]Runner Image Provisioner
Branch CI	Set up job	2026-09-24T15:11:32.5152494Z Hosted Compute Agent
Branch CI	Set up job	2026-09-24T15:11:32.5153545Z Version: 20260828.587
Branch CI	Set up job	2026-09-24T15:11:32.5154589Z Commit: abac92662cab4cc7352de4f9f9d2e2419aad9c29
Branch CI	Set up job	2026-09-24T15:11:32.5155923Z Build Date: 2026-08-28T16:44:25Z
Branch CI	Set up job	2026-09-24T15:11:32.5157196Z Worker ID: {ded3f78c-a5e6-4564-a39c-17047f216339}
Branch CI	Set up job	2026-09-24T15:11:32.5158522Z Azure Region: eastus2
Branch CI	Set up job	2026-09-24T15:11:32.5159410Z ##[endgroup]
Branch CI	Set up job	2026-09-24T15:11:32.5162088Z ##[group]Operating System
Branch CI	Set up job	2026-09-24T15:11:32.5163205Z Ubuntu
Branch CI	Set up job	2026-09-24T15:11:32.5164109Z 24.04.5
Branch CI	Set up job	2026-09-24T15:11:32.5164885Z LTS
Branch CI	Set up job	2026-09-24T15:11:32.5165615Z ##[endgroup]
Branch CI	Set up job	2026-09-24T15:11:32.5166546Z ##[group]Runner Image
Branch CI	Set up job	2026-09-24T15:11:32.5167772Z Image: ubuntu-24.04
Branch CI	Set up job	2026-09-24T15:11:32.5168758Z Version: 20260920.314.1
Branch CI	Set up job	2026-09-24T15:11:32.5170450Z Included Software: https://github.com/actions/runner-images/blob/ubuntu24/20260920.314/images/ubuntu/Ubuntu2404-Readme.md
Branch CI	Set up job	2026-09-24T15:11:32.5173345Z Image Release: https://github.com/actions/runner-images/releases/tag/ubuntu24%2F20260920.314
Branch CI	Set up job	2026-09-24T15:11:32.5175484Z ##[endgroup]
Branch CI	Set up job	2026-09-24T15:11:32.5177190Z ##[group]GITHUB_TOKEN Permissions
Branch CI	Set up job	2026-09-24T15:11:32.5180478Z Contents: read
Branch CI	Set up job	2026-09-24T15:11:32.5181414Z Metadata: read
Branch CI	Set up job	2026-09-24T15:11:32.5182300Z ##[endgroup]
Branch CI	Set up job	2026-09-24T15:11:32.5185576Z Secret source: Actions
Branch CI	Set up job	2026-09-24T15:11:32.5187000Z Cache mode: write
Branch CI	Set up job	2026-09-24T15:11:32.5188811Z Prepare workflow directory
Branch CI	Set up job	2026-09-24T15:11:32.5743787Z Prepare all required actions
Branch CI	Set up job	2026-09-24T15:11:32.5832715Z Complete job name: Branch CI
Branch CI	Require every validation job to pass	﻿2026-09-24T15:11:32.6635639Z ##[group]Run python3 - <<'PYTHON'
Branch CI	Require every validation job to pass	2026-09-24T15:11:32.6636580Z ^[[36;1mpython3 - <<'PYTHON'^[[0m
Branch CI	Require every validation job to pass	2026-09-24T15:11:32.6637539Z ^[[36;1mimport json, os, sys^[[0m
Branch CI	Require every validation job to pass	2026-09-24T15:11:32.6638392Z ^[[36;1mresults = json.loads(os.environ["NEEDS"])^[[0m
Branch CI	Require every validation job to pass	2026-09-24T15:11:32.6639748Z ^[[36;1mfailed = {name: value["result"] for name, value in results.items() if value["result"] != "success"}^[[0m
Branch CI	Require every validation job to pass	2026-09-24T15:11:32.6640824Z ^[[36;1mif failed:^[[0m
Branch CI	Require every validation job to pass	2026-09-24T15:11:32.6641634Z ^[[36;1m    sys.exit(f"Required validation jobs did not pass: {failed}")^[[0m
Branch CI	Require every validation job to pass	2026-09-24T15:11:32.6642579Z ^[[36;1mprint("All required validation jobs passed.")^[[0m
Branch CI	Require every validation job to pass	2026-09-24T15:11:32.6643323Z ^[[36;1mPYTHON^[[0m
Branch CI	Require every validation job to pass	2026-09-24T15:11:32.7793413Z shell: /usr/bin/bash --noprofile --norc -e -o pipefail {0}
Branch CI	Require every validation job to pass	2026-09-24T15:11:32.7794874Z env:
Branch CI	Require every validation job to pass	2026-09-24T15:11:32.7795840Z   NEEDS: {
Branch CI	Require every validation job to pass	  "repository": {
Branch CI	Require every validation job to pass	    "result": "success",
Branch CI	Require every validation job to pass	    "outputs": {}
Branch CI	Require every validation job to pass	  },
Branch CI	Require every validation job to pass	  "rust": {
Branch CI	Require every validation job to pass	    "result": "success",
Branch CI	Require every validation job to pass	    "outputs": {}
Branch CI	Require every validation job to pass	  }
Branch CI	Require every validation job to pass	}
Branch CI	Require every validation job to pass	2026-09-24T15:11:32.7796922Z ##[endgroup]
Branch CI	Require every validation job to pass	2026-09-24T15:11:32.8216053Z All required validation jobs passed.
Branch CI	Complete job	﻿2026-09-24T15:11:32.8395710Z Cleaning up orphan processes
