Rust	Set up job	﻿2026-09-24T14:57:30.3088637Z Current runner version: '2.337.0'
Rust	Set up job	2026-09-24T14:57:30.3117233Z ##[group]Runner Image Provisioner
Rust	Set up job	2026-09-24T14:57:30.3118138Z Hosted Compute Agent
Rust	Set up job	2026-09-24T14:57:30.3118866Z Version: 20260828.587
Rust	Set up job	2026-09-24T14:57:30.3119634Z Commit: abac92662cab4cc7352de4f9f9d2e2419aad9c29
Rust	Set up job	2026-09-24T14:57:30.3120419Z Build Date: 2026-08-28T16:44:25Z
Rust	Set up job	2026-09-24T14:57:30.3121116Z Worker ID: {9f258919-33a9-4e76-88f6-7866c39cb25e}
Rust	Set up job	2026-09-24T14:57:30.3121856Z Azure Region: westus2
Rust	Set up job	2026-09-24T14:57:30.3122729Z ##[endgroup]
Rust	Set up job	2026-09-24T14:57:30.3124289Z ##[group]Operating System
Rust	Set up job	2026-09-24T14:57:30.3124924Z Ubuntu
Rust	Set up job	2026-09-24T14:57:30.3125551Z 24.04.5
Rust	Set up job	2026-09-24T14:57:30.3126130Z LTS
Rust	Set up job	2026-09-24T14:57:30.3126713Z ##[endgroup]
Rust	Set up job	2026-09-24T14:57:30.3127316Z ##[group]Runner Image
Rust	Set up job	2026-09-24T14:57:30.3127907Z Image: ubuntu-24.04
Rust	Set up job	2026-09-24T14:57:30.3128538Z Version: 20260920.314.1
Rust	Set up job	2026-09-24T14:57:30.3129646Z Included Software: https://github.com/actions/runner-images/blob/ubuntu24/20260920.314/images/ubuntu/Ubuntu2404-Readme.md
Rust	Set up job	2026-09-24T14:57:30.3131553Z Image Release: https://github.com/actions/runner-images/releases/tag/ubuntu24%2F20260920.314
Rust	Set up job	2026-09-24T14:57:30.3132901Z ##[endgroup]
Rust	Set up job	2026-09-24T14:57:30.3134154Z ##[group]GITHUB_TOKEN Permissions
Rust	Set up job	2026-09-24T14:57:30.3136160Z Contents: read
Rust	Set up job	2026-09-24T14:57:30.3136942Z Metadata: read
Rust	Set up job	2026-09-24T14:57:30.3137518Z ##[endgroup]
Rust	Set up job	2026-09-24T14:57:30.3140209Z Secret source: Actions
Rust	Set up job	2026-09-24T14:57:30.3141278Z Cache mode: write
Rust	Set up job	2026-09-24T14:57:30.3142353Z Prepare workflow directory
Rust	Set up job	2026-09-24T14:57:30.3641900Z Prepare all required actions
Rust	Set up job	2026-09-24T14:57:30.3691931Z Getting action download info
Rust	Set up job	2026-09-24T14:57:30.7447745Z Download action repository 'actions/checkout@11d5960a326750d5838078e36cf38b85af677262' (SHA:11d5960a326750d5838078e36cf38b85af677262)
Rust	Set up job	2026-09-24T14:57:30.8723341Z Download action repository 'actions/cache@0057852bfaa89a56745cba8c7296529d2fc39830' (SHA:0057852bfaa89a56745cba8c7296529d2fc39830)
Rust	Set up job	2026-09-24T14:57:31.0968624Z Complete job name: Rust
Rust	Run actions/checkout@11d5960a326750d5838078e36cf38b85af677262	﻿2026-09-24T14:57:31.1786336Z ##[group]Run actions/checkout@11d5960a326750d5838078e36cf38b85af677262
Rust	Run actions/checkout@11d5960a326750d5838078e36cf38b85af677262	2026-09-24T14:57:31.1787441Z with:
Rust	Run actions/checkout@11d5960a326750d5838078e36cf38b85af677262	2026-09-24T14:57:31.1787966Z   persist-credentials: false
Rust	Run actions/checkout@11d5960a326750d5838078e36cf38b85af677262	2026-09-24T14:57:31.1788509Z   repository: jack0682/rx-platform
Rust	Run actions/checkout@11d5960a326750d5838078e36cf38b85af677262	2026-09-24T14:57:31.1792311Z   token: ***
Rust	Run actions/checkout@11d5960a326750d5838078e36cf38b85af677262	2026-09-24T14:57:31.1792928Z   ssh-strict: true
Rust	Run actions/checkout@11d5960a326750d5838078e36cf38b85af677262	2026-09-24T14:57:31.1793369Z   ssh-user: git
Rust	Run actions/checkout@11d5960a326750d5838078e36cf38b85af677262	2026-09-24T14:57:31.1793783Z   clean: true
Rust	Run actions/checkout@11d5960a326750d5838078e36cf38b85af677262	2026-09-24T14:57:31.1794216Z   sparse-checkout-cone-mode: true
Rust	Run actions/checkout@11d5960a326750d5838078e36cf38b85af677262	2026-09-24T14:57:31.1794750Z   fetch-depth: 1
Rust	Run actions/checkout@11d5960a326750d5838078e36cf38b85af677262	2026-09-24T14:57:31.1795183Z   fetch-tags: false
Rust	Run actions/checkout@11d5960a326750d5838078e36cf38b85af677262	2026-09-24T14:57:31.1795624Z   show-progress: true
Rust	Run actions/checkout@11d5960a326750d5838078e36cf38b85af677262	2026-09-24T14:57:31.1796068Z   lfs: false
Rust	Run actions/checkout@11d5960a326750d5838078e36cf38b85af677262	2026-09-24T14:57:31.1796476Z   submodules: false
Rust	Run actions/checkout@11d5960a326750d5838078e36cf38b85af677262	2026-09-24T14:57:31.1796927Z   set-safe-directory: true
Rust	Run actions/checkout@11d5960a326750d5838078e36cf38b85af677262	2026-09-24T14:57:31.1797430Z   allow-unsafe-pr-checkout: false
Rust	Run actions/checkout@11d5960a326750d5838078e36cf38b85af677262	2026-09-24T14:57:31.1798340Z env:
Rust	Run actions/checkout@11d5960a326750d5838078e36cf38b85af677262	2026-09-24T14:57:31.1798773Z   CARGO_TERM_COLOR: always
Rust	Run actions/checkout@11d5960a326750d5838078e36cf38b85af677262	2026-09-24T14:57:31.1799260Z   RUST_BACKTRACE: 1
Rust	Run actions/checkout@11d5960a326750d5838078e36cf38b85af677262	2026-09-24T14:57:31.1799698Z ##[endgroup]
Rust	Run actions/checkout@11d5960a326750d5838078e36cf38b85af677262	2026-09-24T14:57:31.2925432Z Syncing repository: jack0682/rx-platform
Rust	Run actions/checkout@11d5960a326750d5838078e36cf38b85af677262	2026-09-24T14:57:31.2928412Z ##[group]Getting Git version info
Rust	Run actions/checkout@11d5960a326750d5838078e36cf38b85af677262	2026-09-24T14:57:31.2929769Z Working directory is '/home/runner/work/rx-platform/rx-platform'
Rust	Run actions/checkout@11d5960a326750d5838078e36cf38b85af677262	2026-09-24T14:57:31.2931796Z [command]/usr/bin/git version
Rust	Run actions/checkout@11d5960a326750d5838078e36cf38b85af677262	2026-09-24T14:57:31.2974186Z git version 2.55.0
Rust	Run actions/checkout@11d5960a326750d5838078e36cf38b85af677262	2026-09-24T14:57:31.3011580Z ##[endgroup]
Rust	Run actions/checkout@11d5960a326750d5838078e36cf38b85af677262	2026-09-24T14:57:31.3021256Z Temporarily overriding HOME='/home/runner/work/_temp/bcf5e8c2-54ce-4977-8bca-5e2379e3f619' before making global git config changes
Rust	Run actions/checkout@11d5960a326750d5838078e36cf38b85af677262	2026-09-24T14:57:31.3024013Z Adding repository directory to the temporary git global config as a safe directory
Rust	Run actions/checkout@11d5960a326750d5838078e36cf38b85af677262	2026-09-24T14:57:31.3025910Z [command]/usr/bin/git config --global --add safe.directory /home/runner/work/rx-platform/rx-platform
Rust	Run actions/checkout@11d5960a326750d5838078e36cf38b85af677262	2026-09-24T14:57:31.3076885Z Deleting the contents of '/home/runner/work/rx-platform/rx-platform'
Rust	Run actions/checkout@11d5960a326750d5838078e36cf38b85af677262	2026-09-24T14:57:31.3078674Z ##[group]Initializing the repository
Rust	Run actions/checkout@11d5960a326750d5838078e36cf38b85af677262	2026-09-24T14:57:31.3081568Z [command]/usr/bin/git init /home/runner/work/rx-platform/rx-platform
Rust	Run actions/checkout@11d5960a326750d5838078e36cf38b85af677262	2026-09-24T14:57:31.3194807Z hint: Using 'master' as the name for the initial branch. This default branch name
Rust	Run actions/checkout@11d5960a326750d5838078e36cf38b85af677262	2026-09-24T14:57:31.3197529Z hint: will change to "main" in Git 3.0. To configure the initial branch name
Rust	Run actions/checkout@11d5960a326750d5838078e36cf38b85af677262	2026-09-24T14:57:31.3198974Z hint: to use in all of your new repositories, which will suppress this warning,
Rust	Run actions/checkout@11d5960a326750d5838078e36cf38b85af677262	2026-09-24T14:57:31.3199997Z hint: call:
Rust	Run actions/checkout@11d5960a326750d5838078e36cf38b85af677262	2026-09-24T14:57:31.3200539Z hint:
Rust	Run actions/checkout@11d5960a326750d5838078e36cf38b85af677262	2026-09-24T14:57:31.3201243Z hint: 	git config --global init.defaultBranch <name>
Rust	Run actions/checkout@11d5960a326750d5838078e36cf38b85af677262	2026-09-24T14:57:31.3202095Z hint:
Rust	Run actions/checkout@11d5960a326750d5838078e36cf38b85af677262	2026-09-24T14:57:31.3203449Z hint: Names commonly chosen instead of 'master' are 'main', 'trunk' and
Rust	Run actions/checkout@11d5960a326750d5838078e36cf38b85af677262	2026-09-24T14:57:31.3205179Z hint: 'development'. The just-created branch can be renamed via this command:
Rust	Run actions/checkout@11d5960a326750d5838078e36cf38b85af677262	2026-09-24T14:57:31.3206523Z hint:
Rust	Run actions/checkout@11d5960a326750d5838078e36cf38b85af677262	2026-09-24T14:57:31.3207358Z hint: 	git branch -m <name>
Rust	Run actions/checkout@11d5960a326750d5838078e36cf38b85af677262	2026-09-24T14:57:31.3208237Z hint:
Rust	Run actions/checkout@11d5960a326750d5838078e36cf38b85af677262	2026-09-24T14:57:31.3209407Z hint: Disable this message with "git config set advice.defaultBranchName false"
Rust	Run actions/checkout@11d5960a326750d5838078e36cf38b85af677262	2026-09-24T14:57:31.3211560Z Initialized empty Git repository in /home/runner/work/rx-platform/rx-platform/.git/
Rust	Run actions/checkout@11d5960a326750d5838078e36cf38b85af677262	2026-09-24T14:57:31.3221209Z [command]/usr/bin/git remote add origin https://github.com/jack0682/rx-platform
Rust	Run actions/checkout@11d5960a326750d5838078e36cf38b85af677262	2026-09-24T14:57:31.3279280Z ##[endgroup]
Rust	Run actions/checkout@11d5960a326750d5838078e36cf38b85af677262	2026-09-24T14:57:31.3280822Z ##[group]Disabling automatic garbage collection
Rust	Run actions/checkout@11d5960a326750d5838078e36cf38b85af677262	2026-09-24T14:57:31.3284462Z [command]/usr/bin/git config --local gc.auto 0
Rust	Run actions/checkout@11d5960a326750d5838078e36cf38b85af677262	2026-09-24T14:57:31.3323510Z ##[endgroup]
Rust	Run actions/checkout@11d5960a326750d5838078e36cf38b85af677262	2026-09-24T14:57:31.3325166Z ##[group]Setting up auth
Rust	Run actions/checkout@11d5960a326750d5838078e36cf38b85af677262	2026-09-24T14:57:31.3333044Z [command]/usr/bin/git config --local --name-only --get-regexp core\.sshCommand
Rust	Run actions/checkout@11d5960a326750d5838078e36cf38b85af677262	2026-09-24T14:57:31.3377521Z [command]/usr/bin/git submodule foreach --recursive sh -c "git config --local --name-only --get-regexp 'core\.sshCommand' && git config --local --unset-all 'core.sshCommand' || :"
Rust	Run actions/checkout@11d5960a326750d5838078e36cf38b85af677262	2026-09-24T14:57:31.3809946Z [command]/usr/bin/git config --local --name-only --get-regexp http\.https\:\/\/github\.com\/\.extraheader
Rust	Run actions/checkout@11d5960a326750d5838078e36cf38b85af677262	2026-09-24T14:57:31.3855151Z [command]/usr/bin/git submodule foreach --recursive sh -c "git config --local --name-only --get-regexp 'http\.https\:\/\/github\.com\/\.extraheader' && git config --local --unset-all 'http.https://github.com/.extraheader' || :"
Rust	Run actions/checkout@11d5960a326750d5838078e36cf38b85af677262	2026-09-24T14:57:31.4124663Z [command]/usr/bin/git config --local --name-only --get-regexp ^includeIf\.gitdir:
Rust	Run actions/checkout@11d5960a326750d5838078e36cf38b85af677262	2026-09-24T14:57:31.4174126Z [command]/usr/bin/git submodule foreach --recursive git config --local --show-origin --name-only --get-regexp remote.origin.url
Rust	Run actions/checkout@11d5960a326750d5838078e36cf38b85af677262	2026-09-24T14:57:31.4450494Z [command]/usr/bin/git config --local http.https://github.com/.extraheader AUTHORIZATION: basic ***
Rust	Run actions/checkout@11d5960a326750d5838078e36cf38b85af677262	2026-09-24T14:57:31.4495130Z ##[endgroup]
Rust	Run actions/checkout@11d5960a326750d5838078e36cf38b85af677262	2026-09-24T14:57:31.4496755Z ##[group]Fetching the repository
Rust	Run actions/checkout@11d5960a326750d5838078e36cf38b85af677262	2026-09-24T14:57:31.4507539Z [command]/usr/bin/git -c protocol.version=2 fetch --no-tags --prune --no-recurse-submodules --depth=1 origin +1f198009c5c022e106fa8d0542b0e37601c9f174:refs/remotes/pull/20/merge
Rust	Run actions/checkout@11d5960a326750d5838078e36cf38b85af677262	2026-09-24T14:57:31.9263445Z From https://github.com/jack0682/rx-platform
Rust	Run actions/checkout@11d5960a326750d5838078e36cf38b85af677262	2026-09-24T14:57:31.9265048Z  * [new ref]         1f198009c5c022e106fa8d0542b0e37601c9f174 -> pull/20/merge
Rust	Run actions/checkout@11d5960a326750d5838078e36cf38b85af677262	2026-09-24T14:57:31.9268758Z ##[endgroup]
Rust	Run actions/checkout@11d5960a326750d5838078e36cf38b85af677262	2026-09-24T14:57:31.9269857Z ##[group]Determining the checkout info
Rust	Run actions/checkout@11d5960a326750d5838078e36cf38b85af677262	2026-09-24T14:57:31.9271434Z ##[endgroup]
Rust	Run actions/checkout@11d5960a326750d5838078e36cf38b85af677262	2026-09-24T14:57:31.9277796Z [command]/usr/bin/git sparse-checkout disable
Rust	Run actions/checkout@11d5960a326750d5838078e36cf38b85af677262	2026-09-24T14:57:31.9367373Z [command]/usr/bin/git config --local --unset-all extensions.worktreeConfig
Rust	Run actions/checkout@11d5960a326750d5838078e36cf38b85af677262	2026-09-24T14:57:31.9408855Z ##[group]Checking out the ref
Rust	Run actions/checkout@11d5960a326750d5838078e36cf38b85af677262	2026-09-24T14:57:31.9409710Z [command]/usr/bin/git checkout --progress --force refs/remotes/pull/20/merge
Rust	Run actions/checkout@11d5960a326750d5838078e36cf38b85af677262	2026-09-24T14:57:31.9823806Z Note: switching to 'refs/remotes/pull/20/merge'.
Rust	Run actions/checkout@11d5960a326750d5838078e36cf38b85af677262	2026-09-24T14:57:31.9824428Z 
Rust	Run actions/checkout@11d5960a326750d5838078e36cf38b85af677262	2026-09-24T14:57:31.9824867Z You are in 'detached HEAD' state. You can look around, make experimental
Rust	Run actions/checkout@11d5960a326750d5838078e36cf38b85af677262	2026-09-24T14:57:31.9825901Z changes and commit them, and you can discard any commits you make in this
Rust	Run actions/checkout@11d5960a326750d5838078e36cf38b85af677262	2026-09-24T14:57:31.9826920Z state without impacting any branches by switching back to a branch.
Rust	Run actions/checkout@11d5960a326750d5838078e36cf38b85af677262	2026-09-24T14:57:31.9827541Z 
Rust	Run actions/checkout@11d5960a326750d5838078e36cf38b85af677262	2026-09-24T14:57:31.9827939Z If you want to create a new branch to retain commits you create, you may
Rust	Run actions/checkout@11d5960a326750d5838078e36cf38b85af677262	2026-09-24T14:57:31.9829204Z do so (now or later) by using -c with the switch command. Example:
Rust	Run actions/checkout@11d5960a326750d5838078e36cf38b85af677262	2026-09-24T14:57:31.9829762Z 
Rust	Run actions/checkout@11d5960a326750d5838078e36cf38b85af677262	2026-09-24T14:57:31.9830008Z   git switch -c <new-branch-name>
Rust	Run actions/checkout@11d5960a326750d5838078e36cf38b85af677262	2026-09-24T14:57:31.9830381Z 
Rust	Run actions/checkout@11d5960a326750d5838078e36cf38b85af677262	2026-09-24T14:57:31.9830615Z Or undo this operation with:
Rust	Run actions/checkout@11d5960a326750d5838078e36cf38b85af677262	2026-09-24T14:57:31.9830963Z 
Rust	Run actions/checkout@11d5960a326750d5838078e36cf38b85af677262	2026-09-24T14:57:31.9831176Z   git switch -
Rust	Run actions/checkout@11d5960a326750d5838078e36cf38b85af677262	2026-09-24T14:57:31.9831448Z 
Rust	Run actions/checkout@11d5960a326750d5838078e36cf38b85af677262	2026-09-24T14:57:31.9831907Z Turn off this advice by setting config variable advice.detachedHead to false
Rust	Run actions/checkout@11d5960a326750d5838078e36cf38b85af677262	2026-09-24T14:57:31.9832900Z 
Rust	Run actions/checkout@11d5960a326750d5838078e36cf38b85af677262	2026-09-24T14:57:31.9833682Z HEAD is now at 1f19800 Merge 95fbba235bd0c28ffcf51a7fe71717c8ab17d41f into 980308500d321c4275c0e4a391f6c0a5c693cbbb
Rust	Run actions/checkout@11d5960a326750d5838078e36cf38b85af677262	2026-09-24T14:57:31.9844446Z ##[endgroup]
Rust	Run actions/checkout@11d5960a326750d5838078e36cf38b85af677262	2026-09-24T14:57:31.9891646Z [command]/usr/bin/git log -1 --format=%H
Rust	Run actions/checkout@11d5960a326750d5838078e36cf38b85af677262	2026-09-24T14:57:31.9920719Z 1f198009c5c022e106fa8d0542b0e37601c9f174
Rust	Run actions/checkout@11d5960a326750d5838078e36cf38b85af677262	2026-09-24T14:57:31.9930157Z ##[group]Removing auth
Rust	Run actions/checkout@11d5960a326750d5838078e36cf38b85af677262	2026-09-24T14:57:31.9934192Z [command]/usr/bin/git config --local --name-only --get-regexp core\.sshCommand
Rust	Run actions/checkout@11d5960a326750d5838078e36cf38b85af677262	2026-09-24T14:57:31.9971683Z [command]/usr/bin/git submodule foreach --recursive sh -c "git config --local --name-only --get-regexp 'core\.sshCommand' && git config --local --unset-all 'core.sshCommand' || :"
Rust	Run actions/checkout@11d5960a326750d5838078e36cf38b85af677262	2026-09-24T14:57:32.0202431Z [command]/usr/bin/git config --local --name-only --get-regexp http\.https\:\/\/github\.com\/\.extraheader
Rust	Run actions/checkout@11d5960a326750d5838078e36cf38b85af677262	2026-09-24T14:57:32.0231516Z http.https://github.com/.extraheader
Rust	Run actions/checkout@11d5960a326750d5838078e36cf38b85af677262	2026-09-24T14:57:32.0239387Z [command]/usr/bin/git config --local --unset-all http.https://github.com/.extraheader
Rust	Run actions/checkout@11d5960a326750d5838078e36cf38b85af677262	2026-09-24T14:57:32.0349006Z [command]/usr/bin/git submodule foreach --recursive sh -c "git config --local --name-only --get-regexp 'http\.https\:\/\/github\.com\/\.extraheader' && git config --local --unset-all 'http.https://github.com/.extraheader' || :"
Rust	Run actions/checkout@11d5960a326750d5838078e36cf38b85af677262	2026-09-24T14:57:32.0540219Z [command]/usr/bin/git config --local --name-only --get-regexp ^includeIf\.gitdir:
Rust	Run actions/checkout@11d5960a326750d5838078e36cf38b85af677262	2026-09-24T14:57:32.0580497Z [command]/usr/bin/git submodule foreach --recursive git config --local --show-origin --name-only --get-regexp remote.origin.url
Rust	Run actions/checkout@11d5960a326750d5838078e36cf38b85af677262	2026-09-24T14:57:32.0832072Z ##[endgroup]
Rust	Install repository Rust toolchain	﻿2026-09-24T14:57:32.1065657Z ##[group]Run toolchain=$(python3 -c 'import tomllib; print(tomllib.load(open("rust-toolchain.toml", "rb"))["toolchain"]["channel"])')
Rust	Install repository Rust toolchain	2026-09-24T14:57:32.1068876Z ^[[36;1mtoolchain=$(python3 -c 'import tomllib; print(tomllib.load(open("rust-toolchain.toml", "rb"))["toolchain"]["channel"])')^[[0m
Rust	Install repository Rust toolchain	2026-09-24T14:57:32.1071610Z ^[[36;1mrustup toolchain install "$toolchain" --profile minimal --component rustfmt --component clippy^[[0m
Rust	Install repository Rust toolchain	2026-09-24T14:57:32.1327249Z shell: /usr/bin/bash --noprofile --norc -e -o pipefail {0}
Rust	Install repository Rust toolchain	2026-09-24T14:57:32.1328634Z env:
Rust	Install repository Rust toolchain	2026-09-24T14:57:32.1329293Z   CARGO_TERM_COLOR: always
Rust	Install repository Rust toolchain	2026-09-24T14:57:32.1330166Z   RUST_BACKTRACE: 1
Rust	Install repository Rust toolchain	2026-09-24T14:57:32.1330894Z ##[endgroup]
Rust	Install repository Rust toolchain	2026-09-24T14:57:32.2990864Z info: syncing channel updates for 1.98.1-x86_64-unknown-linux-gnu
Rust	Install repository Rust toolchain	2026-09-24T14:57:32.5439168Z info: latest update on 2026-09-03 for version 1.98.1 (48a229cea 2026-09-01)
Rust	Install repository Rust toolchain	2026-09-24T14:57:32.5441511Z info: downloading 5 components
Rust	Install repository Rust toolchain	2026-09-24T14:57:40.9565166Z 
Rust	Install repository Rust toolchain	2026-09-24T14:57:40.9641897Z   1.98.1-x86_64-unknown-linux-gnu installed - rustc 1.98.1 (48a229cea 2026-09-01)
Rust	Install repository Rust toolchain	2026-09-24T14:57:40.9643204Z 
Rust	Run actions/cache@0057852bfaa89a56745cba8c7296529d2fc39830	﻿2026-09-24T14:57:41.0404425Z ##[group]Run actions/cache@0057852bfaa89a56745cba8c7296529d2fc39830
Rust	Run actions/cache@0057852bfaa89a56745cba8c7296529d2fc39830	2026-09-24T14:57:41.0404966Z with:
Rust	Run actions/cache@0057852bfaa89a56745cba8c7296529d2fc39830	2026-09-24T14:57:41.0405383Z   path: ~/.cargo/registry/index
Rust	Run actions/cache@0057852bfaa89a56745cba8c7296529d2fc39830	~/.cargo/registry/cache
Rust	Run actions/cache@0057852bfaa89a56745cba8c7296529d2fc39830	~/.cargo/git/db
Rust	Run actions/cache@0057852bfaa89a56745cba8c7296529d2fc39830	target
Rust	Run actions/cache@0057852bfaa89a56745cba8c7296529d2fc39830	
Rust	Run actions/cache@0057852bfaa89a56745cba8c7296529d2fc39830	2026-09-24T14:57:41.0406114Z   key: Linux-X64-rust-2392bc21c910933165eb1dace4f794eb8d755a9868039a4e3549d3d18eeaa5f6
Rust	Run actions/cache@0057852bfaa89a56745cba8c7296529d2fc39830	2026-09-24T14:57:41.0406681Z   enableCrossOsArchive: false
Rust	Run actions/cache@0057852bfaa89a56745cba8c7296529d2fc39830	2026-09-24T14:57:41.0407043Z   fail-on-cache-miss: false
Rust	Run actions/cache@0057852bfaa89a56745cba8c7296529d2fc39830	2026-09-24T14:57:41.0407375Z   lookup-only: false
Rust	Run actions/cache@0057852bfaa89a56745cba8c7296529d2fc39830	2026-09-24T14:57:41.0407667Z   save-always: false
Rust	Run actions/cache@0057852bfaa89a56745cba8c7296529d2fc39830	2026-09-24T14:57:41.0407947Z env:
Rust	Run actions/cache@0057852bfaa89a56745cba8c7296529d2fc39830	2026-09-24T14:57:41.0408215Z   CARGO_TERM_COLOR: always
Rust	Run actions/cache@0057852bfaa89a56745cba8c7296529d2fc39830	2026-09-24T14:57:41.0408539Z   RUST_BACKTRACE: 1
Rust	Run actions/cache@0057852bfaa89a56745cba8c7296529d2fc39830	2026-09-24T14:57:41.0408844Z ##[endgroup]
Rust	Run actions/cache@0057852bfaa89a56745cba8c7296529d2fc39830	2026-09-24T14:57:41.1500689Z (node:2388) [DEP0040] DeprecationWarning: The `punycode` module is deprecated. Please use a userland alternative instead.
Rust	Run actions/cache@0057852bfaa89a56745cba8c7296529d2fc39830	2026-09-24T14:57:41.1502379Z (Use `node --trace-deprecation ...` to show where the warning was created)
Rust	Run actions/cache@0057852bfaa89a56745cba8c7296529d2fc39830	2026-09-24T14:57:41.3961565Z Cache not found for input keys: Linux-X64-rust-2392bc21c910933165eb1dace4f794eb8d755a9868039a4e3549d3d18eeaa5f6
Rust	Check Rust formatting	﻿2026-09-24T14:57:41.5553939Z ##[group]Run cargo fmt --all -- --check
Rust	Check Rust formatting	2026-09-24T14:57:41.5554436Z ^[[36;1mcargo fmt --all -- --check^[[0m
Rust	Check Rust formatting	2026-09-24T14:57:41.5620394Z shell: /usr/bin/bash --noprofile --norc -e -o pipefail {0}
Rust	Check Rust formatting	2026-09-24T14:57:41.5620872Z env:
Rust	Check Rust formatting	2026-09-24T14:57:41.5621156Z   CARGO_TERM_COLOR: always
Rust	Check Rust formatting	2026-09-24T14:57:41.5621479Z   RUST_BACKTRACE: 1
Rust	Check Rust formatting	2026-09-24T14:57:41.5621766Z ##[endgroup]
Rust	Check Rust lints	﻿2026-09-24T14:57:43.0031154Z ##[group]Run cargo clippy --workspace --all-targets --all-features --locked -- -D warnings
Rust	Check Rust lints	2026-09-24T14:57:43.0031921Z ^[[36;1mcargo clippy --workspace --all-targets --all-features --locked -- -D warnings^[[0m
Rust	Check Rust lints	2026-09-24T14:57:43.0095600Z shell: /usr/bin/bash --noprofile --norc -e -o pipefail {0}
Rust	Check Rust lints	2026-09-24T14:57:43.0096069Z env:
Rust	Check Rust lints	2026-09-24T14:57:43.0096316Z   CARGO_TERM_COLOR: always
Rust	Check Rust lints	2026-09-24T14:57:43.0096611Z   RUST_BACKTRACE: 1
Rust	Check Rust lints	2026-09-24T14:57:43.0096871Z ##[endgroup]
Rust	Check Rust lints	2026-09-24T14:57:43.0970021Z ^[[1m^[[92m    Updating^[[0m crates.io index
Rust	Check Rust lints	2026-09-24T14:57:43.6155768Z ^[[1m^[[92m Downloading^[[0m crates ...
Rust	Check Rust lints	2026-09-24T14:57:43.7707725Z ^[[1m^[[92m  Downloaded^[[0m ambient-authority v0.0.2
Rust	Check Rust lints	2026-09-24T14:57:43.7723961Z ^[[1m^[[92m  Downloaded^[[0m argon2 v0.5.3
Rust	Check Rust lints	2026-09-24T14:57:43.7742459Z ^[[1m^[[92m  Downloaded^[[0m cfg-if v1.0.4
Rust	Check Rust lints	2026-09-24T14:57:43.7759058Z ^[[1m^[[92m  Downloaded^[[0m asn1-rs-derive v0.6.0
Rust	Check Rust lints	2026-09-24T14:57:43.7797882Z ^[[1m^[[92m  Downloaded^[[0m atomic-waker v1.1.2
Rust	Check Rust lints	2026-09-24T14:57:43.7811636Z ^[[1m^[[92m  Downloaded^[[0m generic-array v0.14.7
Rust	Check Rust lints	2026-09-24T14:57:43.7841062Z ^[[1m^[[92m  Downloaded^[[0m cpufeatures v0.2.17
Rust	Check Rust lints	2026-09-24T14:57:43.7861236Z ^[[1m^[[92m  Downloaded^[[0m anyhow v1.0.104
Rust	Check Rust lints	2026-09-24T14:57:43.7918590Z ^[[1m^[[92m  Downloaded^[[0m axum-core v0.5.6
Rust	Check Rust lints	2026-09-24T14:57:43.7953764Z ^[[1m^[[92m  Downloaded^[[0m base64ct v1.8.3
Rust	Check Rust lints	2026-09-24T14:57:43.7988721Z ^[[1m^[[92m  Downloaded^[[0m async-trait v0.1.92
Rust	Check Rust lints	2026-09-24T14:57:43.8048417Z ^[[1m^[[92m  Downloaded^[[0m autocfg v1.5.1
Rust	Check Rust lints	2026-09-24T14:57:43.8076482Z ^[[1m^[[92m  Downloaded^[[0m cpufeatures v0.3.1
Rust	Check Rust lints	2026-09-24T14:57:43.8098237Z ^[[1m^[[92m  Downloaded^[[0m ed25519 v3.0.0
Rust	Check Rust lints	2026-09-24T14:57:43.8124175Z ^[[1m^[[92m  Downloaded^[[0m either v1.18.0
Rust	Check Rust lints	2026-09-24T14:57:43.8146035Z ^[[1m^[[92m  Downloaded^[[0m fallible-iterator v0.3.0
Rust	Check Rust lints	2026-09-24T14:57:43.8164404Z ^[[1m^[[92m  Downloaded^[[0m foldhash v0.1.5
Rust	Check Rust lints	2026-09-24T14:57:43.8183024Z ^[[1m^[[92m  Downloaded^[[0m io-lifetimes v2.0.4
Rust	Check Rust lints	2026-09-24T14:57:43.8207026Z ^[[1m^[[92m  Downloaded^[[0m blake2 v0.10.6
Rust	Check Rust lints	2026-09-24T14:57:43.8244250Z ^[[1m^[[92m  Downloaded^[[0m cap-fs-ext v4.0.3
Rust	Check Rust lints	2026-09-24T14:57:43.8269734Z ^[[1m^[[92m  Downloaded^[[0m cfg_aliases v0.2.2
Rust	Check Rust lints	2026-09-24T14:57:43.8286197Z ^[[1m^[[92m  Downloaded^[[0m crypto-common v0.1.7
Rust	Check Rust lints	2026-09-24T14:57:43.8300187Z ^[[1m^[[92m  Downloaded^[[0m asn1-rs-impl v0.2.0
Rust	Check Rust lints	2026-09-24T14:57:43.8310592Z ^[[1m^[[92m  Downloaded^[[0m block-buffer v0.12.1
Rust	Check Rust lints	2026-09-24T14:57:43.8329150Z ^[[1m^[[92m  Downloaded^[[0m chacha20 v0.10.2
Rust	Check Rust lints	2026-09-24T14:57:43.8366540Z ^[[1m^[[92m  Downloaded^[[0m fallible-streaming-iterator v0.1.9
Rust	Check Rust lints	2026-09-24T14:57:43.8378624Z ^[[1m^[[92m  Downloaded^[[0m fnv v1.0.7
Rust	Check Rust lints	2026-09-24T14:57:43.8387461Z ^[[1m^[[92m  Downloaded^[[0m futures-sink v0.3.34
Rust	Check Rust lints	2026-09-24T14:57:43.8399327Z ^[[1m^[[92m  Downloaded^[[0m bit-vec v0.9.1
Rust	Check Rust lints	2026-09-24T14:57:43.8420230Z ^[[1m^[[92m  Downloaded^[[0m bytes v1.12.1
Rust	Check Rust lints	2026-09-24T14:57:43.8463551Z ^[[1m^[[92m  Downloaded^[[0m crypto-common v0.2.2
Rust	Check Rust lints	2026-09-24T14:57:43.8476379Z ^[[1m^[[92m  Downloaded^[[0m data-encoding v2.11.1
Rust	Check Rust lints	2026-09-24T14:57:43.8489077Z ^[[1m^[[92m  Downloaded^[[0m errno v0.3.14
Rust	Check Rust lints	2026-09-24T14:57:43.8511231Z ^[[1m^[[92m  Downloaded^[[0m futures-core v0.3.34
Rust	Check Rust lints	2026-09-24T14:57:43.8527016Z ^[[1m^[[92m  Downloaded^[[0m asn1-rs v0.7.2
Rust	Check Rust lints	2026-09-24T14:57:43.8622149Z ^[[1m^[[92m  Downloaded^[[0m httpdate v1.0.3
Rust	Check Rust lints	2026-09-24T14:57:43.8636752Z ^[[1m^[[92m  Downloaded^[[0m tonic-prost-build v0.14.6
Rust	Check Rust lints	2026-09-24T14:57:43.8648218Z ^[[1m^[[92m  Downloaded^[[0m tower-service v0.3.3
Rust	Check Rust lints	2026-09-24T14:57:43.8658024Z ^[[1m^[[92m  Downloaded^[[0m try-lock v0.2.5
Rust	Check Rust lints	2026-09-24T14:57:43.8676453Z ^[[1m^[[92m  Downloaded^[[0m block-buffer v0.10.4
Rust	Check Rust lints	2026-09-24T14:57:43.8692958Z ^[[1m^[[92m  Downloaded^[[0m curve25519-dalek-derive v0.1.1
Rust	Check Rust lints	2026-09-24T14:57:43.8704940Z ^[[1m^[[92m  Downloaded^[[0m form_urlencoded v1.2.2
Rust	Check Rust lints	2026-09-24T14:57:43.8715483Z ^[[1m^[[92m  Downloaded^[[0m fs-set-times v0.20.3
Rust	Check Rust lints	2026-09-24T14:57:43.8732132Z ^[[1m^[[92m  Downloaded^[[0m futures-task v0.3.34
Rust	Check Rust lints	2026-09-24T14:57:43.8746953Z ^[[1m^[[92m  Downloaded^[[0m heck v0.5.0
Rust	Check Rust lints	2026-09-24T14:57:43.8773716Z ^[[1m^[[92m  Downloaded^[[0m http-body v1.1.0
Rust	Check Rust lints	2026-09-24T14:57:43.8777958Z ^[[1m^[[92m  Downloaded^[[0m idna_adapter v1.2.2
Rust	Check Rust lints	2026-09-24T14:57:43.8789296Z ^[[1m^[[92m  Downloaded^[[0m itoa v1.0.18
Rust	Check Rust lints	2026-09-24T14:57:43.8808766Z ^[[1m^[[92m  Downloaded^[[0m lazy_static v1.5.0
Rust	Check Rust lints	2026-09-24T14:57:43.8831963Z ^[[1m^[[92m  Downloaded^[[0m maybe-owned v0.3.4
Rust	Check Rust lints	2026-09-24T14:57:43.8844802Z ^[[1m^[[92m  Downloaded^[[0m base64 v0.22.1
Rust	Check Rust lints	2026-09-24T14:57:43.8891022Z ^[[1m^[[92m  Downloaded^[[0m deranged v0.5.8
Rust	Check Rust lints	2026-09-24T14:57:43.8905812Z ^[[1m^[[92m  Downloaded^[[0m find-msvc-tools v0.1.12
Rust	Check Rust lints	2026-09-24T14:57:43.8924965Z ^[[1m^[[92m  Downloaded^[[0m foldhash v0.2.0
Rust	Check Rust lints	2026-09-24T14:57:43.8939124Z ^[[1m^[[92m  Downloaded^[[0m hashlink v0.12.2
Rust	Check Rust lints	2026-09-24T14:57:43.8961820Z ^[[1m^[[92m  Downloaded^[[0m http-body-util v0.1.5
Rust	Check Rust lints	2026-09-24T14:57:43.8984426Z ^[[1m^[[92m  Downloaded^[[0m hyper-rustls v0.27.9
Rust	Check Rust lints	2026-09-24T14:57:43.9014342Z ^[[1m^[[92m  Downloaded^[[0m io-lifetimes v3.0.1
Rust	Check Rust lints	2026-09-24T14:57:43.9035191Z ^[[1m^[[92m  Downloaded^[[0m untrusted v0.9.0
Rust	Check Rust lints	2026-09-24T14:57:43.9067030Z ^[[1m^[[92m  Downloaded^[[0m yoke-derive v0.8.2
Rust	Check Rust lints	2026-09-24T14:57:43.9082814Z ^[[1m^[[92m  Downloaded^[[0m digest v0.10.7
Rust	Check Rust lints	2026-09-24T14:57:43.9106328Z ^[[1m^[[92m  Downloaded^[[0m digest v0.11.3
Rust	Check Rust lints	2026-09-24T14:57:43.9135366Z ^[[1m^[[92m  Downloaded^[[0m equivalent v1.0.2
Rust	Check Rust lints	2026-09-24T14:57:43.9148773Z ^[[1m^[[92m  Downloaded^[[0m fastrand v2.5.0
Rust	Check Rust lints	2026-09-24T14:57:43.9166873Z ^[[1m^[[92m  Downloaded^[[0m fixedbitset v0.5.7
Rust	Check Rust lints	2026-09-24T14:57:43.9194006Z ^[[1m^[[92m  Downloaded^[[0m getrandom v0.2.17
Rust	Check Rust lints	2026-09-24T14:57:43.9242030Z ^[[1m^[[92m  Downloaded^[[0m hybrid-array v0.4.15
Rust	Check Rust lints	2026-09-24T14:57:43.9267991Z ^[[1m^[[92m  Downloaded^[[0m hyper-timeout v0.5.2
Rust	Check Rust lints	2026-09-24T14:57:43.9284691Z ^[[1m^[[92m  Downloaded^[[0m icu_provider v2.3.1
Rust	Check Rust lints	2026-09-24T14:57:43.9322961Z ^[[1m^[[92m  Downloaded^[[0m io-extras v0.19.0
Rust	Check Rust lints	2026-09-24T14:57:43.9347805Z ^[[1m^[[92m  Downloaded^[[0m ipnet v2.12.2
Rust	Check Rust lints	2026-09-24T14:57:43.9365164Z ^[[1m^[[92m  Downloaded^[[0m litemap v0.8.3
Rust	Check Rust lints	2026-09-24T14:57:43.9402382Z ^[[1m^[[92m  Downloaded^[[0m log v0.4.34
Rust	Check Rust lints	2026-09-24T14:57:43.9427355Z ^[[1m^[[92m  Downloaded^[[0m num-conv v0.2.2
Rust	Check Rust lints	2026-09-24T14:57:43.9436071Z ^[[1m^[[92m  Downloaded^[[0m oid-registry v0.8.1
Rust	Check Rust lints	2026-09-24T14:57:43.9448344Z ^[[1m^[[92m  Downloaded^[[0m base64 v0.23.1
Rust	Check Rust lints	2026-09-24T14:57:43.9487767Z ^[[1m^[[92m  Downloaded^[[0m bitflags v2.13.2
Rust	Check Rust lints	2026-09-24T14:57:43.9534017Z ^[[1m^[[92m  Downloaded^[[0m cap-std v4.0.3
Rust	Check Rust lints	2026-09-24T14:57:43.9564593Z ^[[1m^[[92m  Downloaded^[[0m cc v1.4.5
Rust	Check Rust lints	2026-09-24T14:57:43.9595497Z ^[[1m^[[92m  Downloaded^[[0m der-parser v10.0.0
Rust	Check Rust lints	2026-09-24T14:57:43.9630556Z ^[[1m^[[92m  Downloaded^[[0m displaydoc v0.2.7
Rust	Check Rust lints	2026-09-24T14:57:43.9651362Z ^[[1m^[[92m  Downloaded^[[0m futures-channel v0.3.34
Rust	Check Rust lints	2026-09-24T14:57:43.9670749Z ^[[1m^[[92m  Downloaded^[[0m getrandom v0.4.3
Rust	Check Rust lints	2026-09-24T14:57:43.9709225Z ^[[1m^[[92m  Downloaded^[[0m httparse v1.10.1
Rust	Check Rust lints	2026-09-24T14:57:43.9734358Z ^[[1m^[[92m  Downloaded^[[0m icu_locale_core v2.3.0
Rust	Check Rust lints	2026-09-24T14:57:43.9809429Z ^[[1m^[[92m  Downloaded^[[0m icu_normalizer_data v2.3.0
Rust	Check Rust lints	2026-09-24T14:57:43.9830646Z ^[[1m^[[92m  Downloaded^[[0m multimap v0.10.1
Rust	Check Rust lints	2026-09-24T14:57:43.9841045Z ^[[1m^[[92m  Downloaded^[[0m num-traits v0.2.19
Rust	Check Rust lints	2026-09-24T14:57:43.9867766Z ^[[1m^[[92m  Downloaded^[[0m aho-corasick v1.1.5
Rust	Check Rust lints	2026-09-24T14:57:43.9920935Z ^[[1m^[[92m  Downloaded^[[0m cap-primitives v4.0.3
Rust	Check Rust lints	2026-09-24T14:57:44.0035179Z ^[[1m^[[92m  Downloaded^[[0m http v1.5.0
Rust	Check Rust lints	2026-09-24T14:57:44.0073605Z ^[[1m^[[92m  Downloaded^[[0m icu_collections v2.3.0
Rust	Check Rust lints	2026-09-24T14:57:44.0138555Z ^[[1m^[[92m  Downloaded^[[0m icu_properties v2.3.0
Rust	Check Rust lints	2026-09-24T14:57:44.0171790Z ^[[1m^[[92m  Downloaded^[[0m protoc-bin-vendored v3.2.0
Rust	Check Rust lints	2026-09-24T14:57:44.0182060Z ^[[1m^[[92m  Downloaded^[[0m signature v3.0.0
Rust	Check Rust lints	2026-09-24T14:57:44.0197313Z ^[[1m^[[92m  Downloaded^[[0m rusticata-macros v4.1.0
Rust	Check Rust lints	2026-09-24T14:57:44.0214296Z ^[[1m^[[92m  Downloaded^[[0m num-integer v0.1.47
Rust	Check Rust lints	2026-09-24T14:57:44.0231671Z ^[[1m^[[92m  Downloaded^[[0m shlex v2.0.1
Rust	Check Rust lints	2026-09-24T14:57:44.0246586Z ^[[1m^[[92m  Downloaded^[[0m smallvec v1.16.0
Rust	Check Rust lints	2026-09-24T14:57:44.0261081Z ^[[1m^[[92m  Downloaded^[[0m ryu-js v0.2.2
Rust	Check Rust lints	2026-09-24T14:57:44.0295639Z ^[[1m^[[92m  Downloaded^[[0m signal-hook-registry v1.4.8
Rust	Check Rust lints	2026-09-24T14:57:44.0309037Z ^[[1m^[[92m  Downloaded^[[0m slab v0.4.12
Rust	Check Rust lints	2026-09-24T14:57:44.0323423Z ^[[1m^[[92m  Downloaded^[[0m zerotrie v0.2.5
Rust	Check Rust lints	2026-09-24T14:57:44.0364769Z ^[[1m^[[92m  Downloaded^[[0m ed25519-dalek v3.0.0
Rust	Check Rust lints	2026-09-24T14:57:44.0399344Z ^[[1m^[[92m  Downloaded^[[0m hyper-util v0.1.20
Rust	Check Rust lints	2026-09-24T14:57:44.0463572Z ^[[1m^[[92m  Downloaded^[[0m indexmap v2.14.2
Rust	Check Rust lints	2026-09-24T14:57:44.0508708Z ^[[1m^[[92m  Downloaded^[[0m prost-types v0.14.4
Rust	Check Rust lints	2026-09-24T14:57:44.0527819Z ^[[1m^[[92m  Downloaded^[[0m x509-parser v0.18.1
Rust	Check Rust lints	2026-09-24T14:57:44.0586924Z ^[[1m^[[92m  Downloaded^[[0m rustls-webpki v0.103.15
Rust	Check Rust lints	2026-09-24T14:57:44.0619148Z ^[[1m^[[92m  Downloaded^[[0m ryu v1.0.23
Rust	Check Rust lints	2026-09-24T14:57:44.0652936Z ^[[1m^[[92m  Downloaded^[[0m socket2 v0.6.5
Rust	Check Rust lints	2026-09-24T14:57:44.0671579Z ^[[1m^[[92m  Downloaded^[[0m tokio-util v0.7.19
Rust	Check Rust lints	2026-09-24T14:57:44.0755245Z ^[[1m^[[92m  Downloaded^[[0m axum v0.8.9
Rust	Check Rust lints	2026-09-24T14:57:44.0840964Z ^[[1m^[[92m  Downloaded^[[0m h2 v0.4.19
Rust	Check Rust lints	2026-09-24T14:57:44.0906920Z ^[[1m^[[92m  Downloaded^[[0m hashbrown v0.15.5
Rust	Check Rust lints	2026-09-24T14:57:44.0957059Z ^[[1m^[[92m  Downloaded^[[0m hashbrown v0.17.1
Rust	Check Rust lints	2026-09-24T14:57:44.1010780Z ^[[1m^[[92m  Downloaded^[[0m icu_properties_data v2.3.0
Rust	Check Rust lints	2026-09-24T14:57:44.1121834Z ^[[1m^[[92m  Downloaded^[[0m idna v1.1.0
Rust	Check Rust lints	2026-09-24T14:57:44.1158242Z ^[[1m^[[92m  Downloaded^[[0m itertools v0.14.0
Rust	Check Rust lints	2026-09-24T14:57:44.1229523Z ^[[1m^[[92m  Downloaded^[[0m nom v7.1.3
Rust	Check Rust lints	2026-09-24T14:57:44.1281728Z ^[[1m^[[92m  Downloaded^[[0m lru-slab v0.1.2
Rust	Check Rust lints	2026-09-24T14:57:44.1290583Z ^[[1m^[[92m  Downloaded^[[0m num-bigint v0.4.8
Rust	Check Rust lints	2026-09-24T14:57:44.1338978Z ^[[1m^[[92m  Downloaded^[[0m hyper v1.11.1
Rust	Check Rust lints	2026-09-24T14:57:44.1409634Z ^[[1m^[[92m  Downloaded^[[0m mio v1.2.3
Rust	Check Rust lints	2026-09-24T14:57:44.1472467Z ^[[1m^[[92m  Downloaded^[[0m prost-reflect v0.16.5
Rust	Check Rust lints	2026-09-24T14:57:44.1637780Z ^[[1m^[[92m  Downloaded^[[0m reqwest v0.12.28
Rust	Check Rust lints	2026-09-24T14:57:44.1693726Z ^[[1m^[[92m  Downloaded^[[0m tinystr v0.8.4
Rust	Check Rust lints	2026-09-24T14:57:44.1715786Z ^[[1m^[[92m  Downloaded^[[0m tinyvec v1.13.2
Rust	Check Rust lints	2026-09-24T14:57:44.1751163Z ^[[1m^[[92m  Downloaded^[[0m vcpkg v0.2.15
Rust	Check Rust lints	2026-09-24T14:57:44.2306776Z ^[[1m^[[92m  Downloaded^[[0m futures-util v0.3.34
Rust	Check Rust lints	2026-09-24T14:57:44.2442854Z ^[[1m^[[92m  Downloaded^[[0m mime v0.3.17
Rust	Check Rust lints	2026-09-24T14:57:44.2456534Z ^[[1m^[[92m  Downloaded^[[0m pin-project v1.1.13
Rust	Check Rust lints	2026-09-24T14:57:44.2594604Z ^[[1m^[[92m  Downloaded^[[0m rustix-linux-procfs v0.1.1
Rust	Check Rust lints	2026-09-24T14:57:44.2606796Z ^[[1m^[[92m  Downloaded^[[0m typenum v1.20.1
Rust	Check Rust lints	2026-09-24T14:57:44.2641742Z ^[[1m^[[92m  Downloaded^[[0m memchr v2.8.3
Rust	Check Rust lints	2026-09-24T14:57:44.2699865Z ^[[1m^[[92m  Downloaded^[[0m once_cell v1.21.4
Rust	Check Rust lints	2026-09-24T14:57:44.2725590Z ^[[1m^[[92m  Downloaded^[[0m password-hash v0.5.0
Rust	Check Rust lints	2026-09-24T14:57:44.2744091Z ^[[1m^[[92m  Downloaded^[[0m pem v4.0.0
Rust	Check Rust lints	2026-09-24T14:57:44.2758166Z ^[[1m^[[92m  Downloaded^[[0m percent-encoding v2.3.2
Rust	Check Rust lints	2026-09-24T14:57:44.2767338Z ^[[1m^[[92m  Downloaded^[[0m pin-project-internal v1.1.13
Rust	Check Rust lints	2026-09-24T14:57:44.2783847Z ^[[1m^[[92m  Downloaded^[[0m rustc-hash v2.1.3
Rust	Check Rust lints	2026-09-24T14:57:44.2797188Z ^[[1m^[[92m  Downloaded^[[0m rustc_version v0.4.1
Rust	Check Rust lints	2026-09-24T14:57:44.2810508Z ^[[1m^[[92m  Downloaded^[[0m rustls-pki-types v1.15.1
Rust	Check Rust lints	2026-09-24T14:57:44.2836420Z ^[[1m^[[92m  Downloaded^[[0m semver v1.0.28
Rust	Check Rust lints	2026-09-24T14:57:44.2860613Z ^[[1m^[[92m  Downloaded^[[0m curve25519-dalek v5.0.0
Rust	Check Rust lints	2026-09-24T14:57:44.2954612Z ^[[1m^[[92m  Downloaded^[[0m matchit v0.8.4
Rust	Check Rust lints	2026-09-24T14:57:44.2977144Z ^[[1m^[[92m  Downloaded^[[0m rcgen v0.14.10
Rust	Check Rust lints	2026-09-24T14:57:44.3001112Z ^[[1m^[[92m  Downloaded^[[0m tower v0.5.3
Rust	Check Rust lints	2026-09-24T14:57:44.3105106Z ^[[1m^[[92m  Downloaded^[[0m minimal-lexical v0.2.1
Rust	Check Rust lints	2026-09-24T14:57:44.3151644Z ^[[1m^[[92m  Downloaded^[[0m regex-syntax v0.8.11
Rust	Check Rust lints	2026-09-24T14:57:44.3219134Z ^[[1m^[[92m  Downloaded^[[0m regex v1.13.1
Rust	Check Rust lints	2026-09-24T14:57:44.3272782Z ^[[1m^[[92m  Downloaded^[[0m icu_normalizer v2.3.0
Rust	Check Rust lints	2026-09-24T14:57:44.3369133Z ^[[1m^[[92m  Downloaded^[[0m rusqlite v0.40.2
Rust	Check Rust lints	2026-09-24T14:57:44.3438374Z ^[[1m^[[92m  Downloaded^[[0m url v2.5.8
Rust	Check Rust lints	2026-09-24T14:57:44.3464409Z ^[[1m^[[92m  Downloaded^[[0m tracing v0.1.44
Rust	Check Rust lints	2026-09-24T14:57:44.3624432Z ^[[1m^[[92m  Downloaded^[[0m zerofrom v0.1.8
Rust	Check Rust lints	2026-09-24T14:57:44.3634754Z ^[[1m^[[92m  Downloaded^[[0m rustix v1.1.4
Rust	Check Rust lints	2026-09-24T14:57:44.3912465Z ^[[1m^[[92m  Downloaded^[[0m sha2 v0.10.9
Rust	Check Rust lints	2026-09-24T14:57:44.3938719Z ^[[1m^[[92m  Downloaded^[[0m libc v0.2.189
Rust	Check Rust lints	2026-09-24T14:57:44.4379956Z ^[[1m^[[92m  Downloaded^[[0m regex-automata v0.4.18
Rust	Check Rust lints	2026-09-24T14:57:44.4520566Z ^[[1m^[[92m  Downloaded^[[0m serde_derive v1.0.229
Rust	Check Rust lints	2026-09-24T14:57:44.4552018Z ^[[1m^[[92m  Downloaded^[[0m stable_deref_trait v1.2.1
Rust	Check Rust lints	2026-09-24T14:57:44.4561684Z ^[[1m^[[92m  Downloaded^[[0m potential_utf v0.1.6
Rust	Check Rust lints	2026-09-24T14:57:44.4572169Z ^[[1m^[[92m  Downloaded^[[0m prost v0.14.4
Rust	Check Rust lints	2026-09-24T14:57:44.4589663Z ^[[1m^[[92m  Downloaded^[[0m thiserror-impl v2.0.20
Rust	Check Rust lints	2026-09-24T14:57:44.4604501Z ^[[1m^[[92m  Downloaded^[[0m petgraph v0.8.3
Rust	Check Rust lints	2026-09-24T14:57:44.4814214Z ^[[1m^[[92m  Downloaded^[[0m pin-project-lite v0.2.17
Rust	Check Rust lints	2026-09-24T14:57:44.4874940Z ^[[1m^[[92m  Downloaded^[[0m powerfmt v0.2.0
Rust	Check Rust lints	2026-09-24T14:57:44.4887039Z ^[[1m^[[92m  Downloaded^[[0m proc-macro2 v1.0.107
Rust	Check Rust lints	2026-09-24T14:57:44.4917001Z ^[[1m^[[92m  Downloaded^[[0m pkg-config v0.3.34
Rust	Check Rust lints	2026-09-24T14:57:44.4932736Z ^[[1m^[[92m  Downloaded^[[0m prettyplease v0.2.37
Rust	Check Rust lints	2026-09-24T14:57:44.4968417Z ^[[1m^[[92m  Downloaded^[[0m prost-build v0.14.4
Rust	Check Rust lints	2026-09-24T14:57:44.5004736Z ^[[1m^[[92m  Downloaded^[[0m prost-derive v0.14.4
Rust	Check Rust lints	2026-09-24T14:57:44.5018364Z ^[[1m^[[92m  Downloaded^[[0m tonic-build v0.14.6
Rust	Check Rust lints	2026-09-24T14:57:44.5030717Z ^[[1m^[[92m  Downloaded^[[0m quinn-udp v0.5.15
Rust	Check Rust lints	2026-09-24T14:57:44.5048654Z ^[[1m^[[92m  Downloaded^[[0m serde_urlencoded v0.7.1
Rust	Check Rust lints	2026-09-24T14:57:44.5065972Z ^[[1m^[[92m  Downloaded^[[0m subtle v2.6.1
Rust	Check Rust lints	2026-09-24T14:57:44.5078298Z ^[[1m^[[92m  Downloaded^[[0m time-core v0.1.9
Rust	Check Rust lints	2026-09-24T14:57:44.5089568Z ^[[1m^[[92m  Downloaded^[[0m utf8_iter v1.0.4
Rust	Check Rust lints	2026-09-24T14:57:44.5100413Z ^[[1m^[[92m  Downloaded^[[0m want v0.3.1
Rust	Check Rust lints	2026-09-24T14:57:44.5109529Z ^[[1m^[[92m  Downloaded^[[0m thiserror v2.0.20
Rust	Check Rust lints	2026-09-24T14:57:44.5175863Z ^[[1m^[[92m  Downloaded^[[0m version_check v0.9.5
Rust	Check Rust lints	2026-09-24T14:57:44.5189240Z ^[[1m^[[92m  Downloaded^[[0m zerofrom-derive v0.1.7
Rust	Check Rust lints	2026-09-24T14:57:44.5199528Z ^[[1m^[[92m  Downloaded^[[0m rand_pcg v0.10.2
Rust	Check Rust lints	2026-09-24T14:57:44.5214743Z ^[[1m^[[92m  Downloaded^[[0m synstructure v0.13.2
Rust	Check Rust lints	2026-09-24T14:57:44.5225129Z ^[[1m^[[92m  Downloaded^[[0m rand_core v0.6.4
Rust	Check Rust lints	2026-09-24T14:57:44.5238867Z ^[[1m^[[92m  Downloaded^[[0m tinyvec_macros v0.1.1
Rust	Check Rust lints	2026-09-24T14:57:44.5247338Z ^[[1m^[[92m  Downloaded^[[0m tokio-macros v2.7.2
Rust	Check Rust lints	2026-09-24T14:57:44.5258088Z ^[[1m^[[92m  Downloaded^[[0m unicode-ident v1.0.24
Rust	Check Rust lints	2026-09-24T14:57:44.5286250Z ^[[1m^[[92m  Downloaded^[[0m sync_wrapper v1.0.2
Rust	Check Rust lints	2026-09-24T14:57:44.5294819Z ^[[1m^[[92m  Downloaded^[[0m tonic-prost v0.14.6
Rust	Check Rust lints	2026-09-24T14:57:44.5303767Z ^[[1m^[[92m  Downloaded^[[0m zeroize v1.9.0
Rust	Check Rust lints	2026-09-24T14:57:44.5319396Z ^[[1m^[[92m  Downloaded^[[0m serde_path_to_error v0.1.20
Rust	Check Rust lints	2026-09-24T14:57:44.5336207Z ^[[1m^[[92m  Downloaded^[[0m tokio-rustls v0.26.5
Rust	Check Rust lints	2026-09-24T14:57:44.5352929Z ^[[1m^[[92m  Downloaded^[[0m tower-layer v0.3.3
Rust	Check Rust lints	2026-09-24T14:57:44.5363001Z ^[[1m^[[92m  Downloaded^[[0m tracing-attributes v0.1.31
Rust	Check Rust lints	2026-09-24T14:57:44.5389699Z ^[[1m^[[92m  Downloaded^[[0m unicase v2.9.0
Rust	Check Rust lints	2026-09-24T14:57:44.5404223Z ^[[1m^[[92m  Downloaded^[[0m uuid v1.26.1
Rust	Check Rust lints	2026-09-24T14:57:44.5434531Z ^[[1m^[[92m  Downloaded^[[0m yasna v0.6.0
Rust	Check Rust lints	2026-09-24T14:57:44.5457232Z ^[[1m^[[92m  Downloaded^[[0m yoke v0.8.3
Rust	Check Rust lints	2026-09-24T14:57:44.5476927Z ^[[1m^[[92m  Downloaded^[[0m zmij v1.0.23
Rust	Check Rust lints	2026-09-24T14:57:44.5495304Z ^[[1m^[[92m  Downloaded^[[0m serde_core v1.0.229
Rust	Check Rust lints	2026-09-24T14:57:44.5522900Z ^[[1m^[[92m  Downloaded^[[0m serde_jcs v0.2.0
Rust	Check Rust lints	2026-09-24T14:57:44.5547770Z ^[[1m^[[92m  Downloaded^[[0m time-macros v0.2.32
Rust	Check Rust lints	2026-09-24T14:57:44.5572728Z ^[[1m^[[92m  Downloaded^[[0m rand_core v0.10.1
Rust	Check Rust lints	2026-09-24T14:57:44.5589870Z ^[[1m^[[92m  Downloaded^[[0m tokio-stream v0.1.19
Rust	Check Rust lints	2026-09-24T14:57:44.5643169Z ^[[1m^[[92m  Downloaded^[[0m writeable v0.6.4
Rust	Check Rust lints	2026-09-24T14:57:44.5664874Z ^[[1m^[[92m  Downloaded^[[0m pulldown-cmark-to-cmark v22.0.1
Rust	Check Rust lints	2026-09-24T14:57:44.5678659Z ^[[1m^[[92m  Downloaded^[[0m quote v1.0.47
Rust	Check Rust lints	2026-09-24T14:57:44.5706819Z ^[[1m^[[92m  Downloaded^[[0m sha2 v0.11.0
Rust	Check Rust lints	2026-09-24T14:57:44.5745468Z ^[[1m^[[92m  Downloaded^[[0m tempfile v3.27.0
Rust	Check Rust lints	2026-09-24T14:57:44.5771480Z ^[[1m^[[92m  Downloaded^[[0m zerovec-derive v0.11.6
Rust	Check Rust lints	2026-09-24T14:57:44.5790244Z ^[[1m^[[92m  Downloaded^[[0m quinn v0.11.11
Rust	Check Rust lints	2026-09-24T14:57:44.5824215Z ^[[1m^[[92m  Downloaded^[[0m tracing-core v0.1.36
Rust	Check Rust lints	2026-09-24T14:57:44.5851883Z ^[[1m^[[92m  Downloaded^[[0m serde v1.0.229
Rust	Check Rust lints	2026-09-24T14:57:44.5887612Z ^[[1m^[[92m  Downloaded^[[0m rand v0.10.2
Rust	Check Rust lints	2026-09-24T14:57:44.5925554Z ^[[1m^[[92m  Downloaded^[[0m tonic v0.14.6
Rust	Check Rust lints	2026-09-24T14:57:44.5987000Z ^[[1m^[[92m  Downloaded^[[0m ring v0.17.14
Rust	Check Rust lints	2026-09-24T14:57:44.6407369Z ^[[1m^[[92m  Downloaded^[[0m rustls v0.23.44
Rust	Check Rust lints	2026-09-24T14:57:44.6526205Z ^[[1m^[[92m  Downloaded^[[0m zerovec v0.11.8
Rust	Check Rust lints	2026-09-24T14:57:44.6587160Z ^[[1m^[[92m  Downloaded^[[0m serde_json v1.0.151
Rust	Check Rust lints	2026-09-24T14:57:44.6662219Z ^[[1m^[[92m  Downloaded^[[0m tower-http v0.6.11
Rust	Check Rust lints	2026-09-24T14:57:44.6761188Z ^[[1m^[[92m  Downloaded^[[0m pulldown-cmark v0.13.4
Rust	Check Rust lints	2026-09-24T14:57:44.6812004Z ^[[1m^[[92m  Downloaded^[[0m time v0.3.55
Rust	Check Rust lints	2026-09-24T14:57:44.6960537Z ^[[1m^[[92m  Downloaded^[[0m quinn-proto v0.11.17
Rust	Check Rust lints	2026-09-24T14:57:44.7028434Z ^[[1m^[[92m  Downloaded^[[0m syn v2.0.119
Rust	Check Rust lints	2026-09-24T14:57:44.7135015Z ^[[1m^[[92m  Downloaded^[[0m syn v3.0.5
Rust	Check Rust lints	2026-09-24T14:57:44.7241434Z ^[[1m^[[92m  Downloaded^[[0m tokio v1.53.1
Rust	Check Rust lints	2026-09-24T14:57:44.7704980Z ^[[1m^[[92m  Downloaded^[[0m linux-raw-sys v0.12.1
Rust	Check Rust lints	2026-09-24T14:57:44.8327909Z ^[[1m^[[92m  Downloaded^[[0m protoc-bin-vendored-linux-aarch_64 v3.2.0
Rust	Check Rust lints	2026-09-24T14:57:44.8681223Z ^[[1m^[[92m  Downloaded^[[0m protoc-bin-vendored-macos-aarch_64 v3.2.0
Rust	Check Rust lints	2026-09-24T14:57:44.8952560Z ^[[1m^[[92m  Downloaded^[[0m protoc-bin-vendored-macos-x86_64 v3.2.0
Rust	Check Rust lints	2026-09-24T14:57:44.9231823Z ^[[1m^[[92m  Downloaded^[[0m protoc-bin-vendored-linux-x86_64 v3.2.0
Rust	Check Rust lints	2026-09-24T14:57:44.9582964Z ^[[1m^[[92m  Downloaded^[[0m protoc-bin-vendored-linux-ppcle_64 v3.2.0
Rust	Check Rust lints	2026-09-24T14:57:44.9977058Z ^[[1m^[[92m  Downloaded^[[0m protoc-bin-vendored-linux-x86_32 v3.2.0
Rust	Check Rust lints	2026-09-24T14:57:45.0369610Z ^[[1m^[[92m  Downloaded^[[0m protoc-bin-vendored-win32 v3.2.0
Rust	Check Rust lints	2026-09-24T14:57:45.0748780Z ^[[1m^[[92m  Downloaded^[[0m libsqlite3-sys v0.38.2
Rust	Check Rust lints	2026-09-24T14:57:45.1346402Z ^[[1m^[[92m  Downloaded^[[0m protoc-bin-vendored-linux-s390_64 v3.2.0
Rust	Check Rust lints	2026-09-24T14:57:45.2974654Z ^[[1m^[[92m   Compiling^[[0m proc-macro2 v1.0.107
Rust	Check Rust lints	2026-09-24T14:57:45.2978320Z ^[[1m^[[92m   Compiling^[[0m unicode-ident v1.0.24
Rust	Check Rust lints	2026-09-24T14:57:45.2979593Z ^[[1m^[[92m   Compiling^[[0m quote v1.0.47
Rust	Check Rust lints	2026-09-24T14:57:45.2980705Z ^[[1m^[[92m   Compiling^[[0m libc v0.2.189
Rust	Check Rust lints	2026-09-24T14:57:45.3724168Z ^[[1m^[[92m    Checking^[[0m cfg-if v1.0.4
Rust	Check Rust lints	2026-09-24T14:57:45.3975696Z ^[[1m^[[92m    Checking^[[0m itoa v1.0.18
Rust	Check Rust lints	2026-09-24T14:57:45.4660655Z ^[[1m^[[92m   Compiling^[[0m version_check v0.9.5
Rust	Check Rust lints	2026-09-24T14:57:45.5993917Z ^[[1m^[[92m   Compiling^[[0m generic-array v0.14.7
Rust	Check Rust lints	2026-09-24T14:57:45.6663067Z ^[[1m^[[92m    Checking^[[0m typenum v1.20.1
Rust	Check Rust lints	2026-09-24T14:57:45.6969525Z ^[[1m^[[92m    Checking^[[0m subtle v2.6.1
Rust	Check Rust lints	2026-09-24T14:57:45.7739711Z ^[[1m^[[92m   Compiling^[[0m serde_core v1.0.229
Rust	Check Rust lints	2026-09-24T14:57:45.9603518Z ^[[1m^[[92m   Compiling^[[0m zmij v1.0.23
Rust	Check Rust lints	2026-09-24T14:57:46.3344774Z ^[[1m^[[92m   Compiling^[[0m syn v3.0.5
Rust	Check Rust lints	2026-09-24T14:57:46.3423445Z ^[[1m^[[92m   Compiling^[[0m syn v2.0.119
Rust	Check Rust lints	2026-09-24T14:57:46.5674541Z ^[[1m^[[92m   Compiling^[[0m getrandom v0.4.3
Rust	Check Rust lints	2026-09-24T14:57:46.6973857Z ^[[1m^[[92m    Checking^[[0m once_cell v1.21.4
Rust	Check Rust lints	2026-09-24T14:57:46.8246928Z ^[[1m^[[92m    Checking^[[0m memchr v2.8.3
Rust	Check Rust lints	2026-09-24T14:57:47.2068242Z ^[[1m^[[92m   Compiling^[[0m serde v1.0.229
Rust	Check Rust lints	2026-09-24T14:57:47.4063876Z ^[[1m^[[92m   Compiling^[[0m serde_json v1.0.151
Rust	Check Rust lints	2026-09-24T14:57:48.3185105Z ^[[1m^[[92m    Checking^[[0m block-buffer v0.10.4
Rust	Check Rust lints	2026-09-24T14:57:48.3904513Z ^[[1m^[[92m    Checking^[[0m crypto-common v0.1.7
Rust	Check Rust lints	2026-09-24T14:57:48.4460126Z ^[[1m^[[92m   Compiling^[[0m shlex v2.0.1
Rust	Check Rust lints	2026-09-24T14:57:48.5764786Z ^[[1m^[[92m   Compiling^[[0m find-msvc-tools v0.1.12
Rust	Check Rust lints	2026-09-24T14:57:48.7413829Z ^[[1m^[[92m   Compiling^[[0m cc v1.4.5
Rust	Check Rust lints	2026-09-24T14:57:49.3764101Z ^[[1m^[[92m    Checking^[[0m digest v0.10.7
Rust	Check Rust lints	2026-09-24T14:57:49.6014150Z ^[[1m^[[92m    Checking^[[0m foldhash v0.2.0
Rust	Check Rust lints	2026-09-24T14:57:49.6824061Z ^[[1m^[[92m    Checking^[[0m cpufeatures v0.2.17
Rust	Check Rust lints	2026-09-24T14:57:49.7123810Z ^[[1m^[[92m   Compiling^[[0m thiserror v2.0.20
Rust	Check Rust lints	2026-09-24T14:57:49.9417531Z ^[[1m^[[92m    Checking^[[0m hashbrown v0.17.1
Rust	Check Rust lints	2026-09-24T14:57:50.2343897Z ^[[1m^[[92m    Checking^[[0m smallvec v1.16.0
Rust	Check Rust lints	2026-09-24T14:57:50.3659140Z ^[[1m^[[92m    Checking^[[0m ryu-js v0.2.2
Rust	Check Rust lints	2026-09-24T14:57:50.4454469Z ^[[1m^[[92m    Checking^[[0m bytes v1.12.1
Rust	Check Rust lints	2026-09-24T14:57:50.4542952Z ^[[1m^[[92m    Checking^[[0m sha2 v0.10.9
Rust	Check Rust lints	2026-09-24T14:57:50.6854538Z ^[[1m^[[92m    Checking^[[0m uuid v1.26.1
Rust	Check Rust lints	2026-09-24T14:57:50.8864581Z ^[[1m^[[92m    Checking^[[0m pin-project-lite v0.2.17
Rust	Check Rust lints	2026-09-24T14:57:50.9263925Z ^[[1m^[[92m    Checking^[[0m zeroize v1.9.0
Rust	Check Rust lints	2026-09-24T14:57:50.9703939Z ^[[1m^[[92m    Checking^[[0m ipnet v2.12.2
Rust	Check Rust lints	2026-09-24T14:57:51.0294249Z ^[[1m^[[92m    Checking^[[0m errno v0.3.14
Rust	Check Rust lints	2026-09-24T14:57:51.0914158Z ^[[1m^[[92m    Checking^[[0m bitflags v2.13.2
Rust	Check Rust lints	2026-09-24T14:57:51.1483794Z ^[[1m^[[92m    Checking^[[0m signal-hook-registry v1.4.8
Rust	Check Rust lints	2026-09-24T14:57:51.2154084Z ^[[1m^[[92m    Checking^[[0m mio v1.2.3
Rust	Check Rust lints	2026-09-24T14:57:51.2534072Z ^[[1m^[[92m    Checking^[[0m socket2 v0.6.5
Rust	Check Rust lints	2026-09-24T14:57:51.3767947Z ^[[1m^[[92m   Compiling^[[0m serde_derive v1.0.229
Rust	Check Rust lints	2026-09-24T14:57:51.4674324Z ^[[1m^[[92m   Compiling^[[0m thiserror-impl v2.0.20
Rust	Check Rust lints	2026-09-24T14:57:51.4972242Z ^[[1m^[[92m   Compiling^[[0m tokio-macros v2.7.2
Rust	Check Rust lints	2026-09-24T14:57:51.6614203Z ^[[1m^[[92m    Checking^[[0m futures-core v0.3.34
Rust	Check Rust lints	2026-09-24T14:57:51.7244156Z ^[[1m^[[92m   Compiling^[[0m rustix v1.1.4
Rust	Check Rust lints	2026-09-24T14:57:52.0173905Z ^[[1m^[[92m    Checking^[[0m log v0.4.34
Rust	Check Rust lints	2026-09-24T14:57:52.0384198Z ^[[1m^[[92m    Checking^[[0m tokio v1.53.1
Rust	Check Rust lints	2026-09-24T14:57:52.1094068Z ^[[1m^[[92m    Checking^[[0m linux-raw-sys v0.12.1
Rust	Check Rust lints	2026-09-24T14:57:52.6684310Z ^[[1m^[[92m   Compiling^[[0m tracing-attributes v0.1.31
Rust	Check Rust lints	2026-09-24T14:57:53.8524279Z ^[[1m^[[92m    Checking^[[0m http v1.5.0
Rust	Check Rust lints	2026-09-24T14:57:54.4714339Z ^[[1m^[[92m    Checking^[[0m tracing-core v0.1.36
Rust	Check Rust lints	2026-09-24T14:57:54.7483901Z ^[[1m^[[92m    Checking^[[0m base64 v0.22.1
Rust	Check Rust lints	2026-09-24T14:57:54.9404438Z ^[[1m^[[92m    Checking^[[0m serde_jcs v0.2.0
Rust	Check Rust lints	2026-09-24T14:57:54.9433357Z ^[[1m^[[92m   Compiling^[[0m anyhow v1.0.104
Rust	Check Rust lints	2026-09-24T14:57:54.9872785Z ^[[1m^[[92m    Checking^[[0m tracing v0.1.44
Rust	Check Rust lints	2026-09-24T14:57:55.0253685Z ^[[1m^[[92m    Checking^[[0m rx-domain v0.1.0 (/home/runner/work/rx-platform/rx-platform/crates/rx-domain)
Rust	Check Rust lints	2026-09-24T14:57:55.1414148Z ^[[1m^[[92m    Checking^[[0m getrandom v0.2.17
Rust	Check Rust lints	2026-09-24T14:57:55.1604067Z ^[[1m^[[92m   Compiling^[[0m either v1.18.0
Rust	Check Rust lints	2026-09-24T14:57:55.1793915Z ^[[1m^[[92m    Checking^[[0m equivalent v1.0.2
Rust	Check Rust lints	2026-09-24T14:57:55.2080181Z ^[[1m^[[92m    Checking^[[0m futures-sink v0.3.34
Rust	Check Rust lints	2026-09-24T14:57:55.2284822Z ^[[1m^[[92m    Checking^[[0m slab v0.4.12
Rust	Check Rust lints	2026-09-24T14:57:55.2604524Z ^[[1m^[[92m    Checking^[[0m tokio-util v0.7.19
Rust	Check Rust lints	2026-09-24T14:57:55.3314488Z ^[[1m^[[92m   Compiling^[[0m itertools v0.14.0
Rust	Check Rust lints	2026-09-24T14:57:55.3403978Z ^[[1m^[[92m    Checking^[[0m indexmap v2.14.2
Rust	Check Rust lints	2026-09-24T14:57:55.9116227Z ^[[1m^[[92m    Checking^[[0m http-body v1.1.0
Rust	Check Rust lints	2026-09-24T14:57:55.9581878Z ^[[1m^[[92m   Compiling^[[0m ring v0.17.14
Rust	Check Rust lints	2026-09-24T14:57:55.9796681Z ^[[1m^[[92m    Checking^[[0m hybrid-array v0.4.15
Rust	Check Rust lints	2026-09-24T14:57:56.3264150Z ^[[1m^[[92m   Compiling^[[0m io-lifetimes v2.0.4
Rust	Check Rust lints	2026-09-24T14:57:56.4904152Z ^[[1m^[[92m   Compiling^[[0m io-lifetimes v3.0.1
Rust	Check Rust lints	2026-09-24T14:57:56.5324076Z ^[[1m^[[92m    Checking^[[0m percent-encoding v2.3.2
Rust	Check Rust lints	2026-09-24T14:57:56.6804045Z ^[[1m^[[92m    Checking^[[0m futures-task v0.3.34
Rust	Check Rust lints	2026-09-24T14:57:56.7563873Z ^[[1m^[[92m    Checking^[[0m tower-service v0.3.3
Rust	Check Rust lints	2026-09-24T14:57:56.7943812Z ^[[1m^[[92m   Compiling^[[0m io-extras v0.19.0
Rust	Check Rust lints	2026-09-24T14:57:56.8094545Z ^[[1m^[[92m   Compiling^[[0m prost-derive v0.14.4
Rust	Check Rust lints	2026-09-24T14:57:56.8774188Z ^[[1m^[[92m   Compiling^[[0m semver v1.0.28
Rust	Check Rust lints	2026-09-24T14:57:56.9510554Z ^[[1m^[[92m   Compiling^[[0m httparse v1.10.1
Rust	Check Rust lints	2026-09-24T14:57:57.1593900Z ^[[1m^[[92m   Compiling^[[0m rustc_version v0.4.1
Rust	Check Rust lints	2026-09-24T14:57:57.2924250Z ^[[1m^[[92m    Checking^[[0m rx-ports v0.1.0 (/home/runner/work/rx-platform/rx-platform/crates/rx-ports)
Rust	Check Rust lints	2026-09-24T14:57:57.4104967Z ^[[1m^[[92m    Checking^[[0m futures-util v0.3.34
Rust	Check Rust lints	2026-09-24T14:57:57.5663768Z ^[[1m^[[92m    Checking^[[0m block-buffer v0.12.1
Rust	Check Rust lints	2026-09-24T14:57:57.6254025Z ^[[1m^[[92m    Checking^[[0m crypto-common v0.2.2
Rust	Check Rust lints	2026-09-24T14:57:58.1050170Z ^[[1m^[[92m    Checking^[[0m atomic-waker v1.1.2
Rust	Check Rust lints	2026-09-24T14:57:58.1514453Z ^[[1m^[[92m    Checking^[[0m fastrand v2.5.0
Rust	Check Rust lints	2026-09-24T14:57:58.2563767Z ^[[1m^[[92m    Checking^[[0m untrusted v0.9.0
Rust	Check Rust lints	2026-09-24T14:57:58.2673880Z ^[[1m^[[92m   Compiling^[[0m cap-primitives v4.0.3
Rust	Check Rust lints	2026-09-24T14:57:58.3114402Z ^[[1m^[[92m    Checking^[[0m fnv v1.0.7
Rust	Check Rust lints	2026-09-24T14:57:58.3454397Z ^[[1m^[[92m    Checking^[[0m try-lock v0.2.5
Rust	Check Rust lints	2026-09-24T14:57:58.3812788Z ^[[1m^[[92m    Checking^[[0m want v0.3.1
Rust	Check Rust lints	2026-09-24T14:57:58.4404052Z ^[[1m^[[92m    Checking^[[0m h2 v0.4.19
Rust	Check Rust lints	2026-09-24T14:57:58.5264020Z ^[[1m^[[92m    Checking^[[0m tempfile v3.27.0
Rust	Check Rust lints	2026-09-24T14:57:58.6763952Z ^[[1m^[[92m    Checking^[[0m digest v0.11.3
Rust	Check Rust lints	2026-09-24T14:57:58.7683999Z ^[[1m^[[92m    Checking^[[0m fs-set-times v0.20.3
Rust	Check Rust lints	2026-09-24T14:57:58.8145373Z ^[[1m^[[92m   Compiling^[[0m curve25519-dalek v5.0.0
Rust	Check Rust lints	2026-09-24T14:57:58.9495509Z ^[[1m^[[92m    Checking^[[0m rustix-linux-procfs v0.1.1
Rust	Check Rust lints	2026-09-24T14:57:59.0200862Z ^[[1m^[[92m    Checking^[[0m futures-channel v0.3.34
Rust	Check Rust lints	2026-09-24T14:57:59.0302434Z ^[[1m^[[92m    Checking^[[0m rustls-pki-types v1.15.1
Rust	Check Rust lints	2026-09-24T14:57:59.1467990Z ^[[1m^[[92m   Compiling^[[0m cap-std v4.0.3
Rust	Check Rust lints	2026-09-24T14:57:59.2194102Z ^[[1m^[[92m    Checking^[[0m httpdate v1.0.3
Rust	Check Rust lints	2026-09-24T14:57:59.2849913Z ^[[1m^[[92m    Checking^[[0m ambient-authority v0.0.2
Rust	Check Rust lints	2026-09-24T14:57:59.3026012Z ^[[1m^[[92m    Checking^[[0m maybe-owned v0.3.4
Rust	Check Rust lints	2026-09-24T14:57:59.3158173Z ^[[1m^[[92m    Checking^[[0m cpufeatures v0.3.1
Rust	Check Rust lints	2026-09-24T14:57:59.7493539Z ^[[1m^[[92m    Checking^[[0m form_urlencoded v1.2.2
Rust	Check Rust lints	2026-09-24T14:57:59.8173989Z ^[[1m^[[92m    Checking^[[0m sync_wrapper v1.0.2
Rust	Check Rust lints	2026-09-24T14:57:59.8413974Z ^[[1m^[[92m   Compiling^[[0m curve25519-dalek-derive v0.1.1
Rust	Check Rust lints	2026-09-24T14:58:00.4946085Z ^[[1m^[[92m    Checking^[[0m signature v3.0.0
Rust	Check Rust lints	2026-09-24T14:58:00.7710888Z ^[[1m^[[92m   Compiling^[[0m pulldown-cmark v0.13.4
Rust	Check Rust lints	2026-09-24T14:58:00.8493522Z ^[[1m^[[92m   Compiling^[[0m cap-fs-ext v4.0.3
Rust	Check Rust lints	2026-09-24T14:58:00.8551408Z ^[[1m^[[92m    Checking^[[0m tower-layer v0.3.3
Rust	Check Rust lints	2026-09-24T14:58:00.9553850Z ^[[1m^[[92m   Compiling^[[0m rustls v0.23.44
Rust	Check Rust lints	2026-09-24T14:58:00.9630164Z ^[[1m^[[92m   Compiling^[[0m prettyplease v0.2.37
Rust	Check Rust lints	2026-09-24T14:58:01.1170477Z ^[[1m^[[92m    Checking^[[0m ed25519 v3.0.0
Rust	Check Rust lints	2026-09-24T14:58:01.5115028Z ^[[1m^[[92m    Checking^[[0m hyper v1.11.1
Rust	Check Rust lints	2026-09-24T14:58:01.6783805Z ^[[1m^[[92m    Checking^[[0m sha2 v0.11.0
Rust	Check Rust lints	2026-09-24T14:58:02.0554441Z ^[[1m^[[92m   Compiling^[[0m pkg-config v0.3.34
Rust	Check Rust lints	2026-09-24T14:58:02.3457399Z ^[[1m^[[92m   Compiling^[[0m unicase v2.9.0
Rust	Check Rust lints	2026-09-24T14:58:02.5020488Z ^[[1m^[[92m    Checking^[[0m hyper-util v0.1.20
Rust	Check Rust lints	2026-09-24T14:58:02.9038251Z ^[[1m^[[92m   Compiling^[[0m foldhash v0.1.5
Rust	Check Rust lints	2026-09-24T14:58:02.9708015Z ^[[1m^[[92m   Compiling^[[0m vcpkg v0.2.15
Rust	Check Rust lints	2026-09-24T14:58:02.9848945Z ^[[1m^[[92m   Compiling^[[0m regex-syntax v0.8.11
Rust	Check Rust lints	2026-09-24T14:58:03.5398711Z ^[[1m^[[92m   Compiling^[[0m libsqlite3-sys v0.38.2
Rust	Check Rust lints	2026-09-24T14:58:03.9223239Z ^[[1m^[[92m   Compiling^[[0m prost v0.14.4
Rust	Check Rust lints	2026-09-24T14:58:04.1575468Z ^[[1m^[[92m   Compiling^[[0m regex-automata v0.4.18
Rust	Check Rust lints	2026-09-24T14:58:04.3644133Z ^[[1m^[[92m   Compiling^[[0m hashbrown v0.15.5
Rust	Check Rust lints	2026-09-24T14:58:06.0412945Z ^[[1m^[[92m    Checking^[[0m ed25519-dalek v3.0.0
Rust	Check Rust lints	2026-09-24T14:58:06.1373968Z ^[[1m^[[92m    Checking^[[0m tower v0.5.3
Rust	Check Rust lints	2026-09-24T14:58:06.1781064Z ^[[1m^[[92m    Checking^[[0m http-body-util v0.1.5
Rust	Check Rust lints	2026-09-24T14:58:06.5177861Z ^[[1m^[[92m    Checking^[[0m ryu v1.0.23
Rust	Check Rust lints	2026-09-24T14:58:06.7221440Z ^[[1m^[[92m   Compiling^[[0m fixedbitset v0.5.7
Rust	Check Rust lints	2026-09-24T14:58:06.9024012Z ^[[1m^[[92m   Compiling^[[0m petgraph v0.8.3
Rust	Check Rust lints	2026-09-24T14:58:06.9389380Z ^[[1m^[[92m    Checking^[[0m serde_urlencoded v0.7.1
Rust	Check Rust lints	2026-09-24T14:58:07.0994579Z ^[[1m^[[92m   Compiling^[[0m pulldown-cmark-to-cmark v22.0.1
Rust	Check Rust lints	2026-09-24T14:58:07.3094108Z ^[[1m^[[92m   Compiling^[[0m regex v1.13.1
Rust	Check Rust lints	2026-09-24T14:58:07.3724063Z ^[[1m^[[92m   Compiling^[[0m prost-types v0.14.4
Rust	Check Rust lints	2026-09-24T14:58:08.2555147Z ^[[1m^[[92m    Checking^[[0m rustls-webpki v0.103.15
Rust	Check Rust lints	2026-09-24T14:58:08.5604215Z ^[[1m^[[92m   Compiling^[[0m synstructure v0.13.2
Rust	Check Rust lints	2026-09-24T14:58:08.6093784Z ^[[1m^[[92m    Checking^[[0m mime v0.3.17
Rust	Check Rust lints	2026-09-24T14:58:08.7304038Z ^[[1m^[[92m    Checking^[[0m time-core v0.1.9
Rust	Check Rust lints	2026-09-24T14:58:08.8724083Z ^[[1m^[[92m   Compiling^[[0m multimap v0.10.1
Rust	Check Rust lints	2026-09-24T14:58:08.9864287Z ^[[1m^[[92m    Checking^[[0m deranged v0.5.8
Rust	Check Rust lints	2026-09-24T14:58:09.0824642Z ^[[1m^[[92m   Compiling^[[0m heck v0.5.0
Rust	Check Rust lints	2026-09-24T14:58:09.2303924Z ^[[1m^[[92m    Checking^[[0m powerfmt v0.2.0
Rust	Check Rust lints	2026-09-24T14:58:09.5544349Z ^[[1m^[[92m    Checking^[[0m num-conv v0.2.2
Rust	Check Rust lints	2026-09-24T14:58:09.6643774Z ^[[1m^[[92m   Compiling^[[0m prost-build v0.14.4
Rust	Check Rust lints	2026-09-24T14:58:10.0083796Z ^[[1m^[[92m    Checking^[[0m time v0.3.55
Rust	Check Rust lints	2026-09-24T14:58:11.0464381Z ^[[1m^[[92m    Checking^[[0m axum-core v0.5.6
Rust	Check Rust lints	2026-09-24T14:58:11.1199190Z ^[[1m^[[92m    Checking^[[0m tokio-rustls v0.26.5
Rust	Check Rust lints	2026-09-24T14:58:11.6123802Z ^[[1m^[[92m   Compiling^[[0m tonic-build v0.14.6
Rust	Check Rust lints	2026-09-24T14:58:12.2874337Z ^[[1m^[[92m    Checking^[[0m rx-package v0.1.0 (/home/runner/work/rx-platform/rx-platform/crates/rx-package)
Rust	Check Rust lints	2026-09-24T14:58:12.6904945Z ^[[1m^[[92m   Compiling^[[0m pin-project-internal v1.1.13
Rust	Check Rust lints	2026-09-24T14:58:13.3174073Z ^[[1m^[[92m    Checking^[[0m hashlink v0.12.2
Rust	Check Rust lints	2026-09-24T14:58:13.5544035Z ^[[1m^[[92m    Checking^[[0m serde_path_to_error v0.1.20
Rust	Check Rust lints	2026-09-24T14:58:13.7805804Z ^[[1m^[[92m   Compiling^[[0m protoc-bin-vendored-linux-x86_64 v3.2.0
Rust	Check Rust lints	2026-09-24T14:58:13.8124070Z ^[[1m^[[92m    Checking^[[0m fallible-iterator v0.3.0
Rust	Check Rust lints	2026-09-24T14:58:13.8294516Z ^[[1m^[[92m    Checking^[[0m fallible-streaming-iterator v0.1.9
Rust	Check Rust lints	2026-09-24T14:58:13.9124435Z ^[[1m^[[92m   Compiling^[[0m protoc-bin-vendored-win32 v3.2.0
Rust	Check Rust lints	2026-09-24T14:58:13.9409270Z ^[[1m^[[92m   Compiling^[[0m protoc-bin-vendored-linux-aarch_64 v3.2.0
Rust	Check Rust lints	2026-09-24T14:58:13.9713904Z ^[[1m^[[92m   Compiling^[[0m protoc-bin-vendored-linux-x86_32 v3.2.0
Rust	Check Rust lints	2026-09-24T14:58:14.0239175Z ^[[1m^[[92m   Compiling^[[0m protoc-bin-vendored-macos-aarch_64 v3.2.0
Rust	Check Rust lints	2026-09-24T14:58:14.0314076Z ^[[1m^[[92m   Compiling^[[0m protoc-bin-vendored-linux-ppcle_64 v3.2.0
Rust	Check Rust lints	2026-09-24T14:58:14.0714435Z ^[[1m^[[92m   Compiling^[[0m protoc-bin-vendored-linux-s390_64 v3.2.0
Rust	Check Rust lints	2026-09-24T14:58:14.0764879Z ^[[1m^[[92m   Compiling^[[0m protoc-bin-vendored-macos-x86_64 v3.2.0
Rust	Check Rust lints	2026-09-24T14:58:14.0813644Z ^[[1m^[[92m    Checking^[[0m matchit v0.8.4
Rust	Check Rust lints	2026-09-24T14:58:14.1247156Z ^[[1m^[[92m   Compiling^[[0m protoc-bin-vendored v3.2.0
Rust	Check Rust lints	2026-09-24T14:58:14.2394619Z ^[[1m^[[92m    Checking^[[0m axum v0.8.9
Rust	Check Rust lints	2026-09-24T14:58:14.4874335Z ^[[1m^[[92m    Checking^[[0m pin-project v1.1.13
Rust	Check Rust lints	2026-09-24T14:58:14.5254132Z ^[[1m^[[92m   Compiling^[[0m tonic-prost-build v0.14.6
Rust	Check Rust lints	2026-09-24T14:58:14.9654481Z ^[[1m^[[92m   Compiling^[[0m zerofrom-derive v0.1.7
Rust	Check Rust lints	2026-09-24T14:58:15.2794295Z ^[[1m^[[92m    Checking^[[0m hyper-timeout v0.5.2
Rust	Check Rust lints	2026-09-24T14:58:15.3994294Z ^[[1m^[[92m    Checking^[[0m rx-process-contract v0.1.0 (/home/runner/work/rx-platform/rx-platform/crates/rx-process-contract)
Rust	Check Rust lints	2026-09-24T14:58:16.1263907Z ^[[1m^[[92m    Checking^[[0m tokio-stream v0.1.19
Rust	Check Rust lints	2026-09-24T14:58:16.4530870Z ^[[1m^[[92m   Compiling^[[0m async-trait v0.1.92
Rust	Check Rust lints	2026-09-24T14:58:17.2344723Z ^[[1m^[[92m    Checking^[[0m zerofrom v0.1.8
Rust	Check Rust lints	2026-09-24T14:58:17.3084128Z ^[[1m^[[92m   Compiling^[[0m rx-protocol v0.1.0 (/home/runner/work/rx-platform/rx-platform/crates/rx-protocol)
Rust	Check Rust lints	2026-09-24T14:58:17.5264552Z ^[[1m^[[92m    Checking^[[0m rusqlite v0.40.2
Rust	Check Rust lints	2026-09-24T14:58:17.5503045Z ^[[1m^[[92m    Checking^[[0m tonic v0.14.6
Rust	Check Rust lints	2026-09-24T14:58:18.2524056Z ^[[1m^[[92m   Compiling^[[0m yoke-derive v0.8.2
Rust	Check Rust lints	2026-09-24T14:58:18.2703975Z ^[[1m^[[92m    Checking^[[0m stable_deref_trait v1.2.1
Rust	Check Rust lints	2026-09-24T14:58:18.6533973Z ^[[1m^[[92m    Checking^[[0m prost-reflect v0.16.5
Rust	Check Rust lints	2026-09-24T14:58:19.0653920Z ^[[1m^[[92m    Checking^[[0m tonic-prost v0.14.6
Rust	Check Rust lints	2026-09-24T14:58:19.1314548Z ^[[1m^[[92m    Checking^[[0m rx-storage v0.1.0 (/home/runner/work/rx-platform/rx-platform/crates/rx-storage)
Rust	Check Rust lints	2026-09-24T14:58:19.2161843Z ^[[1m^[[92m    Checking^[[0m yoke v0.8.3
Rust	Check Rust lints	2026-09-24T14:58:19.2544489Z ^[[1m^[[92m    Checking^[[0m rx-application v0.1.0 (/home/runner/work/rx-platform/rx-platform/crates/rx-application)
Rust	Check Rust lints	2026-09-24T14:58:19.3413906Z ^[[1m^[[92m   Compiling^[[0m zerovec-derive v0.11.6
Rust	Check Rust lints	2026-09-24T14:58:19.3553893Z ^[[1m^[[92m   Compiling^[[0m displaydoc v0.2.7
Rust	Check Rust lints	2026-09-24T14:58:19.9154000Z ^[[1m^[[92m    Checking^[[0m litemap v0.8.3
Rust	Check Rust lints	2026-09-24T14:58:20.0391608Z ^[[1m^[[92m    Checking^[[0m writeable v0.6.4
Rust	Check Rust lints	2026-09-24T14:58:20.1833950Z ^[[1m^[[92m    Checking^[[0m zerotrie v0.2.5
Rust	Check Rust lints	2026-09-24T14:58:20.3504159Z ^[[1m^[[92m    Checking^[[0m zerovec v0.11.8
Rust	Check Rust lints	2026-09-24T14:58:20.3791226Z ^[[1m^[[92m   Compiling^[[0m icu_normalizer_data v2.3.0
Rust	Check Rust lints	2026-09-24T14:58:20.4804337Z ^[[1m^[[92m    Checking^[[0m utf8_iter v1.0.4
Rust	Check Rust lints	2026-09-24T14:58:20.5434084Z ^[[1m^[[92m   Compiling^[[0m icu_properties_data v2.3.0
Rust	Check Rust lints	2026-09-24T14:58:20.6573704Z ^[[1m^[[92m    Checking^[[0m rand_core v0.6.4
Rust	Check Rust lints	2026-09-24T14:58:20.7464155Z ^[[1m^[[92m    Checking^[[0m base64ct v1.8.3
Rust	Check Rust lints	2026-09-24T14:58:20.8064607Z ^[[1m^[[92m    Checking^[[0m tinystr v0.8.4
Rust	Check Rust lints	2026-09-24T14:58:20.9194477Z ^[[1m^[[92m    Checking^[[0m potential_utf v0.1.6
Rust	Check Rust lints	2026-09-24T14:58:20.9253472Z ^[[1m^[[92m    Checking^[[0m icu_locale_core v2.3.0
Rust	Check Rust lints	2026-09-24T14:58:20.9794127Z ^[[1m^[[92m    Checking^[[0m icu_collections v2.3.0
Rust	Check Rust lints	2026-09-24T14:58:21.2384798Z ^[[1m^[[92m    Checking^[[0m password-hash v0.5.0
Rust	Check Rust lints	2026-09-24T14:58:21.5233843Z ^[[1m^[[92m    Checking^[[0m blake2 v0.10.6
Rust	Check Rust lints	2026-09-24T14:58:21.5934642Z ^[[1m^[[92m    Checking^[[0m icu_provider v2.3.1
Rust	Check Rust lints	2026-09-24T14:58:21.6994978Z ^[[1m^[[92m    Checking^[[0m argon2 v0.5.3
Rust	Check Rust lints	2026-09-24T14:58:21.7794039Z ^[[1m^[[92m    Checking^[[0m icu_normalizer v2.3.0
Rust	Check Rust lints	2026-09-24T14:58:21.9644016Z ^[[1m^[[92m    Checking^[[0m icu_properties v2.3.0
Rust	Check Rust lints	2026-09-24T14:58:22.0424641Z ^[[1m^[[92m    Checking^[[0m base64 v0.23.1
Rust	Check Rust lints	2026-09-24T14:58:22.2565678Z ^[[1m^[[92m    Checking^[[0m pem v4.0.0
Rust	Check Rust lints	2026-09-24T14:58:22.3533767Z ^[[1m^[[92m    Checking^[[0m yasna v0.6.0
Rust	Check Rust lints	2026-09-24T14:58:22.7263835Z ^[[1m^[[92m    Checking^[[0m hyper-rustls v0.27.9
Rust	Check Rust lints	2026-09-24T14:58:22.8373894Z ^[[1m^[[92m    Checking^[[0m rcgen v0.14.10
Rust	Check Rust lints	2026-09-24T14:58:23.0144572Z ^[[1m^[[92m    Checking^[[0m idna_adapter v1.2.2
Rust	Check Rust lints	2026-09-24T14:58:23.0684089Z ^[[1m^[[92m    Checking^[[0m idna v1.1.0
Rust	Check Rust lints	2026-09-24T14:58:23.2013905Z ^[[1m^[[92m    Checking^[[0m aho-corasick v1.1.5
Rust	Check Rust lints	2026-09-24T14:58:23.2654499Z ^[[1m^[[92m    Checking^[[0m url v2.5.8
Rust	Check Rust lints	2026-09-24T14:58:23.6415672Z ^[[1m^[[92m    Checking^[[0m tower-http v0.6.11
Rust	Check Rust lints	2026-09-24T14:58:23.8843790Z ^[[1m^[[92m    Checking^[[0m reqwest v0.12.28
Rust	Check Rust lints	2026-09-24T14:58:32.6617017Z ^[[1m^[[92m    Checking^[[0m rx-protocol-adapter v0.1.0 (/home/runner/work/rx-platform/rx-platform/crates/rx-protocol-adapter)
Rust	Check Rust lints	2026-09-24T14:58:32.6618878Z ^[[1m^[[92m    Checking^[[0m rx-runtime v0.1.0 (/home/runner/work/rx-platform/rx-platform/crates/rx-runtime)
Rust	Check Rust lints	2026-09-24T14:58:33.2316602Z ^[[1m^[[92m    Checking^[[0m rx-api v0.1.0 (/home/runner/work/rx-platform/rx-platform/crates/rx-api)
Rust	Check Rust lints	2026-09-24T14:58:33.2318417Z ^[[1m^[[92m    Checking^[[0m rx-host-client v0.1.0 (/home/runner/work/rx-platform/rx-platform/crates/rx-host-client)
Rust	Check Rust lints	2026-09-24T14:58:35.6595260Z ^[[1m^[[92m    Checking^[[0m rx-platformd v0.1.0 (/home/runner/work/rx-platform/rx-platform/crates/rx-platformd)
Rust	Check Rust lints	2026-09-24T14:58:40.7948460Z ^[[1m^[[92m    Finished^[[0m `dev` profile [unoptimized + debuginfo] target(s) in 57.73s
Rust	Test Rust workspace	﻿2026-09-24T14:58:40.8900618Z ##[group]Run cargo test --workspace --all-features --locked
Rust	Test Rust workspace	2026-09-24T14:58:40.8901102Z ^[[36;1mcargo test --workspace --all-features --locked^[[0m
Rust	Test Rust workspace	2026-09-24T14:58:40.8965798Z shell: /usr/bin/bash --noprofile --norc -e -o pipefail {0}
Rust	Test Rust workspace	2026-09-24T14:58:40.8966180Z env:
Rust	Test Rust workspace	2026-09-24T14:58:40.8966392Z   CARGO_TERM_COLOR: always
Rust	Test Rust workspace	2026-09-24T14:58:40.8966644Z   RUST_BACKTRACE: 1
Rust	Test Rust workspace	2026-09-24T14:58:40.8966866Z ##[endgroup]
Rust	Test Rust workspace	2026-09-24T14:58:41.1658193Z ^[[1m^[[92m   Compiling^[[0m cfg-if v1.0.4
Rust	Test Rust workspace	2026-09-24T14:58:41.1659009Z ^[[1m^[[92m   Compiling^[[0m libc v0.2.189
Rust	Test Rust workspace	2026-09-24T14:58:41.1660146Z ^[[1m^[[92m   Compiling^[[0m itoa v1.0.18
Rust	Test Rust workspace	2026-09-24T14:58:41.1680958Z ^[[1m^[[92m   Compiling^[[0m memchr v2.8.3
Rust	Test Rust workspace	2026-09-24T14:58:41.1923945Z ^[[1m^[[92m   Compiling^[[0m typenum v1.20.1
Rust	Test Rust workspace	2026-09-24T14:58:41.3090828Z ^[[1m^[[92m   Compiling^[[0m subtle v2.6.1
Rust	Test Rust workspace	2026-09-24T14:58:41.4002429Z ^[[1m^[[92m   Compiling^[[0m serde_core v1.0.229
Rust	Test Rust workspace	2026-09-24T14:58:41.9343452Z ^[[1m^[[92m   Compiling^[[0m zmij v1.0.23
Rust	Test Rust workspace	2026-09-24T14:58:42.1227307Z ^[[1m^[[92m   Compiling^[[0m once_cell v1.21.4
Rust	Test Rust workspace	2026-09-24T14:58:42.2164249Z ^[[1m^[[92m   Compiling^[[0m cpufeatures v0.2.17
Rust	Test Rust workspace	2026-09-24T14:58:42.2464026Z ^[[1m^[[92m   Compiling^[[0m bitflags v2.13.2
Rust	Test Rust workspace	2026-09-24T14:58:42.2784192Z ^[[1m^[[92m   Compiling^[[0m generic-array v0.14.7
Rust	Test Rust workspace	2026-09-24T14:58:42.2903898Z ^[[1m^[[92m   Compiling^[[0m getrandom v0.4.3
Rust	Test Rust workspace	2026-09-24T14:58:42.4069372Z ^[[1m^[[92m   Compiling^[[0m ryu-js v0.2.2
Rust	Test Rust workspace	2026-09-24T14:58:42.4314066Z ^[[1m^[[92m   Compiling^[[0m thiserror v2.0.20
Rust	Test Rust workspace	2026-09-24T14:58:42.4724081Z ^[[1m^[[92m   Compiling^[[0m foldhash v0.2.0
Rust	Test Rust workspace	2026-09-24T14:58:42.5353970Z ^[[1m^[[92m   Compiling^[[0m smallvec v1.16.0
Rust	Test Rust workspace	2026-09-24T14:58:42.5753809Z ^[[1m^[[92m   Compiling^[[0m hashbrown v0.17.1
Rust	Test Rust workspace	2026-09-24T14:58:42.6854022Z ^[[1m^[[92m   Compiling^[[0m bytes v1.12.1
Rust	Test Rust workspace	2026-09-24T14:58:42.8414043Z ^[[1m^[[92m   Compiling^[[0m crypto-common v0.1.7
Rust	Test Rust workspace	2026-09-24T14:58:42.9014190Z ^[[1m^[[92m   Compiling^[[0m block-buffer v0.10.4
Rust	Test Rust workspace	2026-09-24T14:58:42.9734360Z ^[[1m^[[92m   Compiling^[[0m digest v0.10.7
Rust	Test Rust workspace	2026-09-24T14:58:43.1198854Z ^[[1m^[[92m   Compiling^[[0m sha2 v0.10.9
Rust	Test Rust workspace	2026-09-24T14:58:43.1672414Z ^[[1m^[[92m   Compiling^[[0m zeroize v1.9.0
Rust	Test Rust workspace	2026-09-24T14:58:43.2903836Z ^[[1m^[[92m   Compiling^[[0m ipnet v2.12.2
Rust	Test Rust workspace	2026-09-24T14:58:43.3503834Z ^[[1m^[[92m   Compiling^[[0m fastrand v2.5.0
Rust	Test Rust workspace	2026-09-24T14:58:43.4983838Z ^[[1m^[[92m   Compiling^[[0m pin-project-lite v0.2.17
Rust	Test Rust workspace	2026-09-24T14:58:43.5204719Z ^[[1m^[[92m   Compiling^[[0m errno v0.3.14
Rust	Test Rust workspace	2026-09-24T14:58:43.5403953Z ^[[1m^[[92m   Compiling^[[0m mio v1.2.3
Rust	Test Rust workspace	2026-09-24T14:58:43.6154063Z ^[[1m^[[92m   Compiling^[[0m signal-hook-registry v1.4.8
Rust	Test Rust workspace	2026-09-24T14:58:43.8134057Z ^[[1m^[[92m   Compiling^[[0m serde v1.0.229
Rust	Test Rust workspace	2026-09-24T14:58:43.8494563Z ^[[1m^[[92m   Compiling^[[0m serde_json v1.0.151
Rust	Test Rust workspace	2026-09-24T14:58:43.8570025Z ^[[1m^[[92m   Compiling^[[0m uuid v1.26.1
Rust	Test Rust workspace	2026-09-24T14:58:44.0614199Z ^[[1m^[[92m   Compiling^[[0m socket2 v0.6.5
Rust	Test Rust workspace	2026-09-24T14:58:44.3294549Z ^[[1m^[[92m   Compiling^[[0m log v0.4.34
Rust	Test Rust workspace	2026-09-24T14:58:44.3704503Z ^[[1m^[[92m   Compiling^[[0m tokio v1.53.1
Rust	Test Rust workspace	2026-09-24T14:58:44.4474105Z ^[[1m^[[92m   Compiling^[[0m linux-raw-sys v0.12.1
Rust	Test Rust workspace	2026-09-24T14:58:44.6024922Z ^[[1m^[[92m   Compiling^[[0m futures-core v0.3.34
Rust	Test Rust workspace	2026-09-24T14:58:44.6939626Z ^[[1m^[[92m   Compiling^[[0m equivalent v1.0.2
Rust	Test Rust workspace	2026-09-24T14:58:44.7389300Z ^[[1m^[[92m   Compiling^[[0m base64 v0.22.1
Rust	Test Rust workspace	2026-09-24T14:58:44.8074408Z ^[[1m^[[92m   Compiling^[[0m rustix v1.1.4
Rust	Test Rust workspace	2026-09-24T14:58:45.0264335Z ^[[1m^[[92m   Compiling^[[0m serde_jcs v0.2.0
Rust	Test Rust workspace	2026-09-24T14:58:45.2024837Z ^[[1m^[[92m   Compiling^[[0m rx-domain v0.1.0 (/home/runner/work/rx-platform/rx-platform/crates/rx-domain)
Rust	Test Rust workspace	2026-09-24T14:58:45.5579909Z ^[[1m^[[92m   Compiling^[[0m http v1.5.0
Rust	Test Rust workspace	2026-09-24T14:58:46.6244530Z ^[[1m^[[92m   Compiling^[[0m hybrid-array v0.4.15
Rust	Test Rust workspace	2026-09-24T14:58:47.1804204Z ^[[1m^[[92m   Compiling^[[0m tracing-core v0.1.36
Rust	Test Rust workspace	2026-09-24T14:58:47.7594602Z ^[[1m^[[92m   Compiling^[[0m rx-ports v0.1.0 (/home/runner/work/rx-platform/rx-platform/crates/rx-ports)
Rust	Test Rust workspace	2026-09-24T14:58:48.0371959Z ^[[1m^[[92m   Compiling^[[0m tracing v0.1.44
Rust	Test Rust workspace	2026-09-24T14:58:48.2474929Z ^[[1m^[[92m   Compiling^[[0m getrandom v0.2.17
Rust	Test Rust workspace	2026-09-24T14:58:48.3674942Z ^[[1m^[[92m   Compiling^[[0m slab v0.4.12
Rust	Test Rust workspace	2026-09-24T14:58:48.4394512Z ^[[1m^[[92m   Compiling^[[0m futures-sink v0.3.34
Rust	Test Rust workspace	2026-09-24T14:58:48.4834376Z ^[[1m^[[92m   Compiling^[[0m tokio-util v0.7.19
Rust	Test Rust workspace	2026-09-24T14:58:48.4934166Z ^[[1m^[[92m   Compiling^[[0m io-lifetimes v3.0.1
Rust	Test Rust workspace	2026-09-24T14:58:48.5544111Z ^[[1m^[[92m   Compiling^[[0m io-lifetimes v2.0.4
Rust	Test Rust workspace	2026-09-24T14:58:48.6154677Z ^[[1m^[[92m   Compiling^[[0m tempfile v3.27.0
Rust	Test Rust workspace	2026-09-24T14:58:49.0534641Z ^[[1m^[[92m   Compiling^[[0m crypto-common v0.2.2
Rust	Test Rust workspace	2026-09-24T14:58:49.1734778Z ^[[1m^[[92m   Compiling^[[0m block-buffer v0.12.1
Rust	Test Rust workspace	2026-09-24T14:58:49.2684235Z ^[[1m^[[92m   Compiling^[[0m http-body v1.1.0
Rust	Test Rust workspace	2026-09-24T14:58:49.2752034Z ^[[1m^[[92m   Compiling^[[0m indexmap v2.14.2
Rust	Test Rust workspace	2026-09-24T14:58:49.3564052Z ^[[1m^[[92m   Compiling^[[0m percent-encoding v2.3.2
Rust	Test Rust workspace	2026-09-24T14:58:49.4944109Z ^[[1m^[[92m   Compiling^[[0m fs-set-times v0.20.3
Rust	Test Rust workspace	2026-09-24T14:58:49.5734398Z ^[[1m^[[92m   Compiling^[[0m io-extras v0.19.0
Rust	Test Rust workspace	2026-09-24T14:58:49.6674096Z ^[[1m^[[92m   Compiling^[[0m rustix-linux-procfs v0.1.1
Rust	Test Rust workspace	2026-09-24T14:58:49.8624072Z ^[[1m^[[92m   Compiling^[[0m digest v0.11.3
Rust	Test Rust workspace	2026-09-24T14:58:49.9024262Z ^[[1m^[[92m   Compiling^[[0m maybe-owned v0.3.4
Rust	Test Rust workspace	2026-09-24T14:58:49.9713984Z ^[[1m^[[92m   Compiling^[[0m ambient-authority v0.0.2
Rust	Test Rust workspace	2026-09-24T14:58:50.0024152Z ^[[1m^[[92m   Compiling^[[0m tower-service v0.3.3
Rust	Test Rust workspace	2026-09-24T14:58:50.0353869Z ^[[1m^[[92m   Compiling^[[0m cpufeatures v0.3.1
Rust	Test Rust workspace	2026-09-24T14:58:50.0413532Z ^[[1m^[[92m   Compiling^[[0m futures-task v0.3.34
Rust	Test Rust workspace	2026-09-24T14:58:50.0724148Z ^[[1m^[[92m   Compiling^[[0m cap-primitives v4.0.3
Rust	Test Rust workspace	2026-09-24T14:58:50.1308657Z ^[[1m^[[92m   Compiling^[[0m futures-util v0.3.34
Rust	Test Rust workspace	2026-09-24T14:58:50.2914883Z ^[[1m^[[92m   Compiling^[[0m fnv v1.0.7
Rust	Test Rust workspace	2026-09-24T14:58:50.3270924Z ^[[1m^[[92m   Compiling^[[0m untrusted v0.9.0
Rust	Test Rust workspace	2026-09-24T14:58:50.3817510Z ^[[1m^[[92m   Compiling^[[0m try-lock v0.2.5
Rust	Test Rust workspace	2026-09-24T14:58:50.3914980Z ^[[1m^[[92m   Compiling^[[0m atomic-waker v1.1.2
Rust	Test Rust workspace	2026-09-24T14:58:50.4240137Z ^[[1m^[[92m   Compiling^[[0m signature v3.0.0
Rust	Test Rust workspace	2026-09-24T14:58:50.4438054Z ^[[1m^[[92m   Compiling^[[0m h2 v0.4.19
Rust	Test Rust workspace	2026-09-24T14:58:50.4824682Z ^[[1m^[[92m   Compiling^[[0m ed25519 v3.0.0
Rust	Test Rust workspace	2026-09-24T14:58:50.5854158Z ^[[1m^[[92m   Compiling^[[0m cap-std v4.0.3
Rust	Test Rust workspace	2026-09-24T14:58:50.8273974Z ^[[1m^[[92m   Compiling^[[0m want v0.3.1
Rust	Test Rust workspace	2026-09-24T14:58:50.9088182Z ^[[1m^[[92m   Compiling^[[0m ring v0.17.14
Rust	Test Rust workspace	2026-09-24T14:58:50.9229261Z ^[[1m^[[92m   Compiling^[[0m curve25519-dalek v5.0.0
Rust	Test Rust workspace	2026-09-24T14:58:51.9394008Z ^[[1m^[[92m   Compiling^[[0m httparse v1.10.1
Rust	Test Rust workspace	2026-09-24T14:58:52.1965545Z ^[[1m^[[92m   Compiling^[[0m sha2 v0.11.0
Rust	Test Rust workspace	2026-09-24T14:58:52.2044065Z ^[[1m^[[92m   Compiling^[[0m futures-channel v0.3.34
Rust	Test Rust workspace	2026-09-24T14:58:52.3733874Z ^[[1m^[[92m   Compiling^[[0m rustls-pki-types v1.15.1
Rust	Test Rust workspace	2026-09-24T14:58:52.8343830Z ^[[1m^[[92m   Compiling^[[0m httpdate v1.0.3
Rust	Test Rust workspace	2026-09-24T14:58:53.0086580Z ^[[1m^[[92m   Compiling^[[0m ed25519-dalek v3.0.0
Rust	Test Rust workspace	2026-09-24T14:58:53.1804039Z ^[[1m^[[92m   Compiling^[[0m cap-fs-ext v4.0.3
Rust	Test Rust workspace	2026-09-24T14:58:53.1994819Z ^[[1m^[[92m   Compiling^[[0m form_urlencoded v1.2.2
Rust	Test Rust workspace	2026-09-24T14:58:53.2394507Z ^[[1m^[[92m   Compiling^[[0m sync_wrapper v1.0.2
Rust	Test Rust workspace	2026-09-24T14:58:53.2934246Z ^[[1m^[[92m   Compiling^[[0m semver v1.0.28
Rust	Test Rust workspace	2026-09-24T14:58:53.3154371Z ^[[1m^[[92m   Compiling^[[0m tower-layer v0.3.3
Rust	Test Rust workspace	2026-09-24T14:58:53.4284343Z ^[[1m^[[92m   Compiling^[[0m rustls-webpki v0.103.15
Rust	Test Rust workspace	2026-09-24T14:58:53.9304043Z ^[[1m^[[92m   Compiling^[[0m rustls v0.23.44
Rust	Test Rust workspace	2026-09-24T14:58:54.5974317Z ^[[1m^[[92m   Compiling^[[0m hyper v1.11.1
Rust	Test Rust workspace	2026-09-24T14:58:55.5333844Z ^[[1m^[[92m   Compiling^[[0m pulldown-cmark v0.13.4
Rust	Test Rust workspace	2026-09-24T14:58:56.4764759Z ^[[1m^[[92m   Compiling^[[0m hyper-util v0.1.20
Rust	Test Rust workspace	2026-09-24T14:58:56.6424369Z ^[[1m^[[92m   Compiling^[[0m rx-package v0.1.0 (/home/runner/work/rx-platform/rx-platform/crates/rx-package)
Rust	Test Rust workspace	2026-09-24T14:58:56.9543812Z ^[[1m^[[92m   Compiling^[[0m libsqlite3-sys v0.38.2
Rust	Test Rust workspace	2026-09-24T14:58:57.2594534Z ^[[1m^[[92m   Compiling^[[0m tower v0.5.3
Rust	Test Rust workspace	2026-09-24T14:58:58.3442802Z ^[[1m^[[92m   Compiling^[[0m http-body-util v0.1.5
Rust	Test Rust workspace	2026-09-24T14:58:58.4553985Z ^[[1m^[[92m   Compiling^[[0m hashlink v0.12.2
Rust	Test Rust workspace	2026-09-24T14:58:58.5695521Z ^[[1m^[[92m   Compiling^[[0m fallible-streaming-iterator v0.1.9
Rust	Test Rust workspace	2026-09-24T14:58:58.6633843Z ^[[1m^[[92m   Compiling^[[0m time-core v0.1.9
Rust	Test Rust workspace	2026-09-24T14:58:58.7113835Z ^[[1m^[[92m   Compiling^[[0m powerfmt v0.2.0
Rust	Test Rust workspace	2026-09-24T14:58:58.8192436Z ^[[1m^[[92m   Compiling^[[0m num-conv v0.2.2
Rust	Test Rust workspace	2026-09-24T14:58:58.8583963Z ^[[1m^[[92m   Compiling^[[0m fallible-iterator v0.3.0
Rust	Test Rust workspace	2026-09-24T14:58:58.9244014Z ^[[1m^[[92m   Compiling^[[0m deranged v0.5.8
Rust	Test Rust workspace	2026-09-24T14:58:59.1633783Z ^[[1m^[[92m   Compiling^[[0m ryu v1.0.23
Rust	Test Rust workspace	2026-09-24T14:58:59.2924290Z ^[[1m^[[92m   Compiling^[[0m serde_urlencoded v0.7.1
Rust	Test Rust workspace	2026-09-24T14:58:59.4862117Z ^[[1m^[[92m   Compiling^[[0m rusqlite v0.40.2
Rust	Test Rust workspace	2026-09-24T14:59:00.0373931Z ^[[1m^[[92m   Compiling^[[0m time v0.3.55
Rust	Test Rust workspace	2026-09-24T14:59:00.9524749Z ^[[1m^[[92m   Compiling^[[0m petgraph v0.8.3
Rust	Test Rust workspace	2026-09-24T14:59:01.4563776Z ^[[1m^[[92m   Compiling^[[0m tokio-rustls v0.26.5
Rust	Test Rust workspace	2026-09-24T14:59:01.6703928Z ^[[1m^[[92m   Compiling^[[0m pulldown-cmark-to-cmark v22.0.1
Rust	Test Rust workspace	2026-09-24T14:59:01.9251068Z ^[[1m^[[92m   Compiling^[[0m prost-types v0.14.4
Rust	Test Rust workspace	2026-09-24T14:59:02.4074374Z ^[[1m^[[92m   Compiling^[[0m rx-process-contract v0.1.0 (/home/runner/work/rx-platform/rx-platform/crates/rx-process-contract)
Rust	Test Rust workspace	2026-09-24T14:59:02.5624314Z ^[[1m^[[92m   Compiling^[[0m mime v0.3.17
Rust	Test Rust workspace	2026-09-24T14:59:02.7674402Z ^[[1m^[[92m   Compiling^[[0m axum-core v0.5.6
Rust	Test Rust workspace	2026-09-24T14:59:02.7794052Z ^[[1m^[[92m   Compiling^[[0m prost v0.14.4
Rust	Test Rust workspace	2026-09-24T14:59:03.1434654Z ^[[1m^[[92m   Compiling^[[0m prost-build v0.14.4
Rust	Test Rust workspace	2026-09-24T14:59:03.4023206Z ^[[1m^[[92m   Compiling^[[0m serde_path_to_error v0.1.20
Rust	Test Rust workspace	2026-09-24T14:59:03.7454390Z ^[[1m^[[92m   Compiling^[[0m matchit v0.8.4
Rust	Test Rust workspace	2026-09-24T14:59:04.0794571Z ^[[1m^[[92m   Compiling^[[0m tonic-prost-build v0.14.6
Rust	Test Rust workspace	2026-09-24T14:59:04.3853976Z ^[[1m^[[92m   Compiling^[[0m axum v0.8.9
Rust	Test Rust workspace	2026-09-24T14:59:04.5134561Z ^[[1m^[[92m   Compiling^[[0m pin-project v1.1.13
Rust	Test Rust workspace	2026-09-24T14:59:04.9114346Z ^[[1m^[[92m   Compiling^[[0m rx-storage v0.1.0 (/home/runner/work/rx-platform/rx-platform/crates/rx-storage)
Rust	Test Rust workspace	2026-09-24T14:59:05.6174694Z ^[[1m^[[92m   Compiling^[[0m hyper-timeout v0.5.2
Rust	Test Rust workspace	2026-09-24T14:59:05.7607133Z ^[[1m^[[92m   Compiling^[[0m tokio-stream v0.1.19
Rust	Test Rust workspace	2026-09-24T14:59:06.1527360Z ^[[1m^[[92m   Compiling^[[0m rx-protocol v0.1.0 (/home/runner/work/rx-platform/rx-platform/crates/rx-protocol)
Rust	Test Rust workspace	2026-09-24T14:59:07.6964163Z ^[[1m^[[92m   Compiling^[[0m prost-reflect v0.16.5
Rust	Test Rust workspace	2026-09-24T14:59:08.0935021Z ^[[1m^[[92m   Compiling^[[0m rx-application v0.1.0 (/home/runner/work/rx-platform/rx-platform/crates/rx-application)
Rust	Test Rust workspace	2026-09-24T14:59:08.8684991Z ^[[1m^[[92m   Compiling^[[0m tonic v0.14.6
Rust	Test Rust workspace	2026-09-24T14:59:08.8903961Z ^[[1m^[[92m   Compiling^[[0m zerofrom v0.1.8
Rust	Test Rust workspace	2026-09-24T14:59:08.9663914Z ^[[1m^[[92m   Compiling^[[0m stable_deref_trait v1.2.1
Rust	Test Rust workspace	2026-09-24T14:59:08.9943972Z ^[[1m^[[92m   Compiling^[[0m yoke v0.8.3
Rust	Test Rust workspace	2026-09-24T14:59:09.1263782Z ^[[1m^[[92m   Compiling^[[0m zerovec v0.11.8
Rust	Test Rust workspace	2026-09-24T14:59:09.6564199Z ^[[1m^[[92m   Compiling^[[0m tinystr v0.8.4
Rust	Test Rust workspace	2026-09-24T14:59:09.8003990Z ^[[1m^[[92m   Compiling^[[0m writeable v0.6.4
Rust	Test Rust workspace	2026-09-24T14:59:10.0003874Z ^[[1m^[[92m   Compiling^[[0m litemap v0.8.3
Rust	Test Rust workspace	2026-09-24T14:59:10.1374321Z ^[[1m^[[92m   Compiling^[[0m icu_locale_core v2.3.0
Rust	Test Rust workspace	2026-09-24T14:59:11.3504587Z ^[[1m^[[92m   Compiling^[[0m tonic-prost v0.14.6
Rust	Test Rust workspace	2026-09-24T14:59:12.7734315Z ^[[1m^[[92m   Compiling^[[0m zerotrie v0.2.5
Rust	Test Rust workspace	2026-09-24T14:59:13.0304390Z ^[[1m^[[92m   Compiling^[[0m potential_utf v0.1.6
Rust	Test Rust workspace	2026-09-24T14:59:13.1110038Z ^[[1m^[[92m   Compiling^[[0m utf8_iter v1.0.4
Rust	Test Rust workspace	2026-09-24T14:59:13.1964125Z ^[[1m^[[92m   Compiling^[[0m icu_collections v2.3.0
Rust	Test Rust workspace	2026-09-24T14:59:13.6884129Z ^[[1m^[[92m   Compiling^[[0m icu_provider v2.3.1
Rust	Test Rust workspace	2026-09-24T14:59:13.9593965Z ^[[1m^[[92m   Compiling^[[0m rand_core v0.6.4
Rust	Test Rust workspace	2026-09-24T14:59:14.0754026Z ^[[1m^[[92m   Compiling^[[0m base64ct v1.8.3
Rust	Test Rust workspace	2026-09-24T14:59:14.1614458Z ^[[1m^[[92m   Compiling^[[0m icu_properties_data v2.3.0
Rust	Test Rust workspace	2026-09-24T14:59:14.2593911Z ^[[1m^[[92m   Compiling^[[0m icu_normalizer_data v2.3.0
Rust	Test Rust workspace	2026-09-24T14:59:14.2956135Z ^[[1m^[[92m   Compiling^[[0m password-hash v0.5.0
Rust	Test Rust workspace	2026-09-24T14:59:14.2990425Z ^[[1m^[[92m   Compiling^[[0m blake2 v0.10.6
Rust	Test Rust workspace	2026-09-24T14:59:14.6994257Z ^[[1m^[[92m   Compiling^[[0m argon2 v0.5.3
Rust	Test Rust workspace	2026-09-24T14:59:14.7063990Z ^[[1m^[[92m   Compiling^[[0m icu_normalizer v2.3.0
Rust	Test Rust workspace	2026-09-24T14:59:15.2124448Z ^[[1m^[[92m   Compiling^[[0m icu_properties v2.3.0
Rust	Test Rust workspace	2026-09-24T14:59:15.3003686Z ^[[1m^[[92m   Compiling^[[0m base64 v0.23.1
Rust	Test Rust workspace	2026-09-24T14:59:15.6144560Z ^[[1m^[[92m   Compiling^[[0m pem v4.0.0
Rust	Test Rust workspace	2026-09-24T14:59:15.9194387Z ^[[1m^[[92m   Compiling^[[0m yasna v0.6.0
Rust	Test Rust workspace	2026-09-24T14:59:16.6424004Z ^[[1m^[[92m   Compiling^[[0m idna_adapter v1.2.2
Rust	Test Rust workspace	2026-09-24T14:59:16.6594307Z ^[[1m^[[92m   Compiling^[[0m hyper-rustls v0.27.9
Rust	Test Rust workspace	2026-09-24T14:59:16.7033804Z ^[[1m^[[92m   Compiling^[[0m idna v1.1.0
Rust	Test Rust workspace	2026-09-24T14:59:16.8404026Z ^[[1m^[[92m   Compiling^[[0m rcgen v0.14.10
Rust	Test Rust workspace	2026-09-24T14:59:17.5504318Z ^[[1m^[[92m   Compiling^[[0m url v2.5.8
Rust	Test Rust workspace	2026-09-24T14:59:17.8014005Z ^[[1m^[[92m   Compiling^[[0m aho-corasick v1.1.5
Rust	Test Rust workspace	2026-09-24T14:59:18.4204535Z ^[[1m^[[92m   Compiling^[[0m tower-http v0.6.11
Rust	Test Rust workspace	2026-09-24T14:59:18.7863901Z ^[[1m^[[92m   Compiling^[[0m reqwest v0.12.28
Rust	Test Rust workspace	2026-09-24T14:59:19.5224381Z ^[[1m^[[92m   Compiling^[[0m regex-syntax v0.8.11
Rust	Test Rust workspace	2026-09-24T14:59:22.6123966Z ^[[1m^[[92m   Compiling^[[0m regex-automata v0.4.18
Rust	Test Rust workspace	2026-09-24T14:59:25.0824787Z ^[[1m^[[92m   Compiling^[[0m rx-runtime v0.1.0 (/home/runner/work/rx-platform/rx-platform/crates/rx-runtime)
Rust	Test Rust workspace	2026-09-24T14:59:26.8375111Z ^[[1m^[[92m   Compiling^[[0m rx-protocol-adapter v0.1.0 (/home/runner/work/rx-platform/rx-platform/crates/rx-protocol-adapter)
Rust	Test Rust workspace	2026-09-24T14:59:26.9294066Z ^[[1m^[[92m   Compiling^[[0m regex v1.13.1
Rust	Test Rust workspace	2026-09-24T14:59:27.3654182Z ^[[1m^[[92m   Compiling^[[0m rx-api v0.1.0 (/home/runner/work/rx-platform/rx-platform/crates/rx-api)
Rust	Test Rust workspace	2026-09-24T14:59:27.6954390Z ^[[1m^[[92m   Compiling^[[0m rx-host-client v0.1.0 (/home/runner/work/rx-platform/rx-platform/crates/rx-host-client)
Rust	Test Rust workspace	2026-09-24T14:59:37.2884280Z ^[[1m^[[92m   Compiling^[[0m rx-platformd v0.1.0 (/home/runner/work/rx-platform/rx-platform/crates/rx-platformd)
Rust	Test Rust workspace	2026-09-24T15:01:12.5761154Z ^[[1m^[[92m    Finished^[[0m `test` profile [unoptimized + debuginfo] target(s) in 2m 31s
Rust	Test Rust workspace	2026-09-24T15:01:12.6623144Z ^[[1m^[[92m     Running^[[0m unittests src/lib.rs (target/debug/deps/rx_api-159e862f8e9a3b1a)
Rust	Test Rust workspace	2026-09-24T15:01:12.6637591Z 
Rust	Test Rust workspace	2026-09-24T15:01:12.6637992Z running 7 tests
Rust	Test Rust workspace	2026-09-24T15:01:12.6665927Z test operator_ui::tests::acquisition_rejects_component_links_replaced_after_inventory ... ok
Rust	Test Rust workspace	2026-09-24T15:01:12.6667317Z test operator_ui::tests::bounds_manifest_before_loading_asset_bytes ... ok
Rust	Test Rust workspace	2026-09-24T15:01:13.1069219Z test operator_ui::tests::acquisition_rejects_replaced_fifos_without_waiting_for_a_writer ... ok
Rust	Test Rust workspace	2026-09-24T15:01:13.1176880Z test operator_ui::tests::strict_manifest_and_asset_namespace_reject_aliases_and_unsupported_inputs ... ok
Rust	Test Rust workspace	2026-09-24T15:01:13.3460408Z test operator_ui::tests::rejects_symlink_roots_ancestors_assets_and_manifest ... ok
Rust	Test Rust workspace	2026-09-24T15:01:13.3463150Z test operator_ui::tests::rejects_unlisted_missing_tampered_and_oversized_files ... ok
Rust	Test Rust workspace	2026-09-24T15:01:13.3932674Z test operator_ui::tests::owns_exact_verified_bytes_and_requires_a_pinned_manifest ... ok
Rust	Test Rust workspace	2026-09-24T15:01:13.3933908Z 
Rust	Test Rust workspace	2026-09-24T15:01:13.3934777Z test result: ok. 7 passed; 0 failed; 0 ignored; 0 measured; 0 filtered out; finished in 0.73s
Rust	Test Rust workspace	2026-09-24T15:01:13.3935701Z 
Rust	Test Rust workspace	2026-09-24T15:01:13.3937858Z ^[[1m^[[92m     Running^[[0m unittests src/bin/local.rs (target/debug/deps/rx_platform_local-2ea9ace65c2f9ebc)
Rust	Test Rust workspace	2026-09-24T15:01:13.3949513Z 
Rust	Test Rust workspace	2026-09-24T15:01:13.3949782Z running 0 tests
Rust	Test Rust workspace	2026-09-24T15:01:13.3950148Z 
Rust	Test Rust workspace	2026-09-24T15:01:13.3952122Z test result: ok. 0 passed; 0 failed; 0 ignored; 0 measured; 0 filtered out; finished in 0.00s
Rust	Test Rust workspace	2026-09-24T15:01:13.3953264Z 
Rust	Test Rust workspace	2026-09-24T15:01:13.3953977Z ^[[1m^[[92m     Running^[[0m tests/evidence_ingress.rs (target/debug/deps/evidence_ingress-0904aef9d01040d2)
Rust	Test Rust workspace	2026-09-24T15:01:13.3972052Z 
Rust	Test Rust workspace	2026-09-24T15:01:13.3972305Z running 1 test
Rust	Test Rust workspace	2026-09-24T15:01:13.3974399Z test publisher_catches_up_over_128_records_after_lost_ack_and_preserves_cursor_on_restart ... ignored, tools/test_evidence_e2e.sh builds and supplies the separate Host publisher
Rust	Test Rust workspace	2026-09-24T15:01:13.3975638Z 
Rust	Test Rust workspace	2026-09-24T15:01:13.3976328Z test result: ok. 0 passed; 0 failed; 1 ignored; 0 measured; 0 filtered out; finished in 0.00s
Rust	Test Rust workspace	2026-09-24T15:01:13.3977467Z 
Rust	Test Rust workspace	2026-09-24T15:01:13.3978196Z ^[[1m^[[92m     Running^[[0m tests/executor_ingress.rs (target/debug/deps/executor_ingress-cace6eba52e41c11)
Rust	Test Rust workspace	2026-09-24T15:01:13.3995209Z 
Rust	Test Rust workspace	2026-09-24T15:01:13.3995462Z running 7 tests
Rust	Test Rust workspace	2026-09-24T15:01:13.4008659Z test durable_s_worker_handles_real_bt_requests_and_preserves_crash_boundaries ... ignored, tools/test_executor_worker_e2e.sh supplies S worker and pinned C++ request fixture
Rust	Test Rust workspace	2026-09-24T15:01:13.4012103Z test resident_executor_discovers_two_operator_started_runs_in_one_process_and_session ... ignored, tools/test_executor_cell_e2e.sh supplies the resident S service and pinned C++ fixture
Rust	Test Rust workspace	2026-09-24T15:01:13.4015324Z test solutions_reader_restores_a_new_session_without_restoring_run_authority ... ignored, tools/test_executor_read_e2e.sh supplies the separate solutions reader
Rust	Test Rust workspace	2026-09-24T15:01:14.7807628Z test executor_run_reads_require_both_negotiations_and_the_same_registered_certificate ... ok
Rust	Test Rust workspace	2026-09-24T15:01:14.9474575Z test branch_checkpoint_preparation_and_lost_commit_reply_use_the_frozen_wire_contract ... ok
Rust	Test Rust workspace	2026-09-24T15:01:14.9890184Z test wait_checkpoint_start_and_resolution_use_the_frozen_wire_contract ... ok
Rust	Test Rust workspace	2026-09-24T15:01:15.0386317Z test remote_executor_allocates_and_submits_after_a_simulated_operator_start ... ok
Rust	Test Rust workspace	2026-09-24T15:01:15.0386997Z 
Rust	Test Rust workspace	2026-09-24T15:01:15.0387403Z test result: ok. 4 passed; 0 failed; 3 ignored; 0 measured; 0 filtered out; finished in 1.64s
Rust	Test Rust workspace	2026-09-24T15:01:15.0387908Z 
Rust	Test Rust workspace	2026-09-24T15:01:15.0403368Z ^[[1m^[[92m     Running^[[0m tests/host_recovery.rs (target/debug/deps/host_recovery-49fdd06c5579702f)
Rust	Test Rust workspace	2026-09-24T15:01:15.0426646Z 
Rust	Test Rust workspace	2026-09-24T15:01:15.0427099Z running 8 tests
Rust	Test Rust workspace	2026-09-24T15:01:17.3603811Z test exact_keys_cas_and_existing_operation_ids_reach_only_the_configured_service ... ok
Rust	Test Rust workspace	2026-09-24T15:01:17.3626006Z test context_digests_are_computed_by_the_server_and_diagnostic_queries_cannot_claim_authority ... ok
Rust	Test Rust workspace	2026-09-24T15:01:18.5764798Z test cached_proposal_keeps_historical_actor_after_relogin_on_another_registered_terminal ... ok
Rust	Test Rust workspace	2026-09-24T15:01:19.1715780Z test proposal_response_matches_the_original_request_and_actor_even_when_diagnostic_blockers_change ... ok
Rust	Test Rust workspace	2026-09-24T15:01:19.6217087Z test absence_is_reported_only_after_current_terminal_and_release_role_authentication ... ok
Rust	Test Rust workspace	2026-09-24T15:01:20.4823936Z test recovery_discovery_requires_current_role_bounds_and_forwards_the_exact_cursor ... ok
Rust	Test Rust workspace	2026-09-24T15:01:20.5966507Z test recovery_requests_reject_extra_authority_material_and_reuse_csrf_policy ... ok
Rust	Test Rust workspace	2026-09-24T15:01:20.9309548Z test writer_results_keep_their_existing_codes_and_transport_errors_are_sanitized ... ok
Rust	Test Rust workspace	2026-09-24T15:01:20.9310141Z 
Rust	Test Rust workspace	2026-09-24T15:01:20.9310465Z test result: ok. 8 passed; 0 failed; 0 ignored; 0 measured; 0 filtered out; finished in 5.89s
Rust	Test Rust workspace	2026-09-24T15:01:20.9310923Z 
Rust	Test Rust workspace	2026-09-24T15:01:20.9365001Z ^[[1m^[[92m     Running^[[0m tests/http.rs (target/debug/deps/http-32f284a25443da91)
Rust	Test Rust workspace	2026-09-24T15:01:20.9388801Z 
Rust	Test Rust workspace	2026-09-24T15:01:20.9389198Z running 22 tests
Rust	Test Rust workspace	2026-09-24T15:01:23.8269419Z test canonical_cell_inspection_uses_current_human_scope_and_frozen_json ... ok
Rust	Test Rust workspace	2026-09-24T15:01:24.3694881Z test actual_tcp_listener_uses_verified_socket_origin_and_real_writer ... ok
Rust	Test Rust workspace	2026-09-24T15:01:24.8095894Z test cell_wire_projection_rejects_missing_legacy_metadata_and_impossible_creation_revision ... ok
Rust	Test Rust workspace	2026-09-24T15:01:25.0533559Z test binding_http_produces_a_matched_compile_input_without_cell_activation ... ok
Rust	Test Rust workspace	2026-09-24T15:01:25.0863531Z test case_acknowledgment_records_reading_without_changing_containment_or_scope ... ok
Rust	Test Rust workspace	2026-09-24T15:01:25.0865151Z test export_operator_package_fixture ... ignored, browser package harness requests isolated fixture files; no production keys
Rust	Test Rust workspace	2026-09-24T15:01:27.2826046Z test expired_session_and_stopped_writer_never_return_cached_success ... ok
Rust	Test Rust workspace	2026-09-24T15:01:27.4101689Z test checkpoint_wire_and_exact_artifact_are_scoped_to_current_user_access ... ok
Rust	Test Rust workspace	2026-09-24T15:01:27.5313595Z test invalid_service_inventory_is_not_partially_configured_and_empty_inventory_is_explicit ... ok
Rust	Test Rust workspace	2026-09-24T15:01:28.0473692Z test close_http_requires_current_lead_cohort_evidence_and_real_clearance ... ok
Rust	Test Rust workspace	2026-09-24T15:01:29.6606835Z test mutations_are_durable_idempotent_and_terminal_bypass_is_rejected ... ok
Rust	Test Rust workspace	2026-09-24T15:01:29.6634130Z test process_review_real_compiler_report_crosses_http_and_approval_rechecks_store ... ignored, tools/test_process_review_e2e.sh supplies the separately built S verifier
Rust	Test Rust workspace	2026-09-24T15:01:31.0080088Z test process_draft_http_preserves_versions_and_blocks_non_engineer_or_cross_cell_writes ... ok
Rust	Test Rust workspace	2026-09-24T15:01:31.7455778Z test operator_start_http::operator_start_context_requires_scope_and_does_not_promote_a_session_without_terminal ... ok
Rust	Test Rust workspace	2026-09-24T15:01:31.9193596Z test package_intake_http_verifies_real_files_scopes_receipts_and_does_not_activate ... ok
Rust	Test Rust workspace	2026-09-24T15:01:33.4691460Z test runtime_restriction_selection_is_scoped_read_only_and_keeps_missing_origins_null ... ok
Rust	Test Rust workspace	2026-09-24T15:01:33.4703941Z test sign_operator_review_fixture ... ignored, test-only signing for browser-generated process review requests
Rust	Test Rust workspace	2026-09-24T15:01:33.6422470Z test scoped_snapshot_login_logout_and_current_revocation ... ok
Rust	Test Rust workspace	2026-09-24T15:01:33.6945628Z test service_diagnostics_expire_without_rejuvenating_worker_activity_and_reject_old_owners ... ok
Rust	Test Rust workspace	2026-09-24T15:01:35.2394095Z test service_diagnostics_are_scope_filtered_and_new_runtime_cannot_reuse_a_previous_owner ... ok
Rust	Test Rust workspace	2026-09-24T15:01:35.2824421Z test stale_external_procedure_report_returns_its_durable_fact_ids ... ok
Rust	Test Rust workspace	2026-09-24T15:01:36.2998798Z test strict_ingress_and_credentials_never_create_authority_from_headers ... ok
Rust	Test Rust workspace	2026-09-24T15:01:36.2999534Z 
Rust	Test Rust workspace	2026-09-24T15:01:36.3000005Z test result: ok. 19 passed; 0 failed; 3 ignored; 0 measured; 0 filtered out; finished in 15.36s
Rust	Test Rust workspace	2026-09-24T15:01:36.3000673Z 
Rust	Test Rust workspace	2026-09-24T15:01:36.3059296Z ^[[1m^[[92m     Running^[[0m tests/terminal_https.rs (target/debug/deps/terminal_https-b884682e1501b1c1)
Rust	Test Rust workspace	2026-09-24T15:01:36.3084124Z 
Rust	Test Rust workspace	2026-09-24T15:01:36.3084359Z running 5 tests
Rust	Test Rust workspace	2026-09-24T15:01:38.6864008Z test authenticated_terminal_cannot_bypass_qualification_or_current_user_role ... ok
Rust	Test Rust workspace	2026-09-24T15:01:38.7235396Z test terminal_bound_operator_can_prepare_start_but_revocation_blocks_cached_requests ... ok
Rust	Test Rust workspace	2026-09-24T15:01:38.7356670Z test operator_start_https::terminal_https_start_context_and_attempt_reads_preserve_real_start_and_identity_checks ... ok
Rust	Test Rust workspace	2026-09-24T15:01:39.2580453Z test operator_bundle_uses_direct_mtls_and_never_masks_api_or_missing_assets ... ok
Rust	Test Rust workspace	2026-09-24T15:01:41.9597738Z test tls_certificate_and_registry_are_both_required_and_cookie_is_bound_to_terminal ... ok
Rust	Test Rust workspace	2026-09-24T15:01:41.9598561Z 
Rust	Test Rust workspace	2026-09-24T15:01:41.9598996Z test result: ok. 5 passed; 0 failed; 0 ignored; 0 measured; 0 filtered out; finished in 5.65s
Rust	Test Rust workspace	2026-09-24T15:01:41.9599627Z 
Rust	Test Rust workspace	2026-09-24T15:01:41.9640643Z ^[[1m^[[92m     Running^[[0m unittests src/lib.rs (target/debug/deps/rx_application-a012ffbcc22175de)
Rust	Test Rust workspace	2026-09-24T15:01:41.9655131Z 
Rust	Test Rust workspace	2026-09-24T15:01:41.9655459Z running 3 tests
Rust	Test Rust workspace	2026-09-24T15:01:41.9665282Z test engine::admission::tests::current_source_identity_and_uncertainty_contract_apply_to_stored_facts ... ok
Rust	Test Rust workspace	2026-09-24T15:01:41.9782174Z test engine::run_configuration::tests::legacy_configuration_is_inferred_only_before_replacement_and_bound_history_never_drifts ... ok
Rust	Test Rust workspace	2026-09-24T15:01:41.9818168Z test checkpoint_artifact::tests::rejects_a_valid_older_artifact_substituted_into_a_newer_run_view ... ok
Rust	Test Rust workspace	2026-09-24T15:01:41.9819012Z 
Rust	Test Rust workspace	2026-09-24T15:01:41.9819662Z test result: ok. 3 passed; 0 failed; 0 ignored; 0 measured; 0 filtered out; finished in 0.02s
Rust	Test Rust workspace	2026-09-24T15:01:41.9820265Z 
Rust	Test Rust workspace	2026-09-24T15:01:41.9824609Z ^[[1m^[[92m     Running^[[0m tests/transactions.rs (target/debug/deps/transactions-1d896644800dc6e4)
Rust	Test Rust workspace	2026-09-24T15:01:41.9841818Z 
Rust	Test Rust workspace	2026-09-24T15:01:41.9842194Z running 240 tests
Rust	Test Rust workspace	2026-09-24T15:01:42.1736955Z test an_entered_send_with_no_remote_receipt_remains_unknown_and_is_not_reissued ... ok
Rust	Test Rust workspace	2026-09-24T15:01:42.1746912Z test activation_visits_are_unique_for_the_whole_run_across_parts ... ok
Rust	Test Rust workspace	2026-09-24T15:01:42.2370894Z test admission_receipt_is_anchored_to_the_original_control_record_and_survives_later_changes ... ok
Rust	Test Rust workspace	2026-09-24T15:01:42.2405968Z test a_new_contradictory_native_result_preserves_historical_outcome ... ok
Rust	Test Rust workspace	2026-09-24T15:01:42.2953881Z test assignment_tests::assignment_contract_rejects_false_cardinality_duplicate_witness_and_changed_cut ... ok
Rust	Test Rust workspace	2026-09-24T15:01:42.3750268Z test assignment_tests::ambiguous_discovery_does_not_revoke_an_already_bound_independent_run ... ok
Rust	Test Rust workspace	2026-09-24T15:01:42.3993626Z test assignment_tests::assignment_read_requires_current_role_cell_and_configured_executor ... ok
Rust	Test Rust workspace	2026-09-24T15:01:42.4113951Z test assignment_tests::assignment_read_discovers_arming_and_ambiguity_without_creating_or_selecting_work ... ok
Rust	Test Rust workspace	2026-09-24T15:01:42.4286588Z test assignment_tests::assignment_read_keeps_recovery_work_visible_after_its_previous_owner_is_revoked ... ok
Rust	Test Rust workspace	2026-09-24T15:01:42.4624000Z test binding_catalog_change_survives_runtime_restart_and_cannot_be_exported_as_current ... ok
Rust	Test Rust workspace	2026-09-24T15:01:42.4833331Z test binding_receipt_recovery_still_requires_current_engineer_role ... ok
Rust	Test Rust workspace	2026-09-24T15:01:42.5030390Z test binding_history_is_not_rebound_by_source_changes_and_title_only_changes_keep_the_same_content ... ok
Rust	Test Rust workspace	2026-09-24T15:01:42.5582894Z test cell_operating_context_rejects_competing_active_purposes ... ok
Rust	Test Rust workspace	2026-09-24T15:01:42.6387211Z test changed_intent_under_same_key_is_a_conflict ... ok
Rust	Test Rust workspace	2026-09-24T15:01:42.7223765Z test checkpoint_artifact_requires_current_run_scope_and_exact_owned_reference ... ok
Rust	Test Rust workspace	2026-09-24T15:01:42.7320362Z test changing_evidence_journal_does_not_silently_reset_sequence_history ... ok
Rust	Test Rust workspace	2026-09-24T15:01:42.7442420Z test checkpoint_artifact_and_run_projection_commit_with_slot_or_roll_back_together ... ok
Rust	Test Rust workspace	2026-09-24T15:01:43.0035970Z test checkpoint_commit_rejects_changed_mapping_artifact_and_stale_condition ... ok
Rust	Test Rust workspace	2026-09-24T15:01:43.0411462Z test checkpoint_preparation_loss_and_expiry_never_advance_the_run ... ok
Rust	Test Rust workspace	2026-09-24T15:01:43.1973263Z test checkpoint_proposal_is_not_an_applied_decision_and_commit_response_survives_loss ... ok
Rust	Test Rust workspace	2026-09-24T15:01:43.1994970Z test checkpoint_successor_preserves_an_existing_child_slot_from_another_visit ... ok
Rust	Test Rust workspace	2026-09-24T15:01:43.3836602Z test checkpoint_wait_uses_p_time_and_success_cannot_be_committed_after_deadline ... ok
Rust	Test Rust workspace	2026-09-24T15:01:43.5487772Z test closed_case_duplicate_reports_never_replay_but_new_physical_reports_reopen_containment ... ok
Rust	Test Rust workspace	2026-09-24T15:01:44.3640622Z test configuration_dispatch_tests::configuration_apply_cannot_use_partial_host_results_or_revoked_terminal ... ok
Rust	Test Rust workspace	2026-09-24T15:01:44.3802987Z test configuration_dispatch_tests::configuration_apply_rejects_expired_host_read_even_with_a_fresh_release_session ... ok
Rust	Test Rust workspace	2026-09-24T15:01:45.8962177Z test configuration_dispatch_tests::configuration_apply_keeps_completed_process_artifacts_and_new_runs_bind_new_configuration ... ok
Rust	Test Rust workspace	2026-09-24T15:01:46.2374314Z test configuration_dispatch_tests::configuration_apply_is_atomic_and_lost_reply_recovers_selection_epoch_and_history ... ok
Rust	Test Rust workspace	2026-09-24T15:01:46.4764398Z test configuration_dispatch_tests::configuration_apply_requires_volatile_fresh_observations_at_both_prepare_and_commit ... ok
Rust	Test Rust workspace	2026-09-24T15:01:46.8767877Z test configuration_dispatch_tests::configuration_dispatch_conflicting_receipt_never_overwrites_first_fact ... ok
Rust	Test Rust workspace	2026-09-24T15:01:47.0235983Z test configuration_dispatch_tests::configuration_dispatch_new_preparation_cannot_bypass_older_unknown_send ... ok
Rust	Test Rust workspace	2026-09-24T15:01:47.3550018Z test configuration_dispatch_tests::configuration_dispatch_partial_host_confirmation_is_mixed_without_platform_swap ... ok
Rust	Test Rust workspace	2026-09-24T15:01:47.7041100Z test configuration_dispatch_tests::configuration_dispatch_receipt_survives_transport_failure_and_disappearance_latches_dispute ... ok
Rust	Test Rust workspace	2026-09-24T15:01:48.1515848Z test configuration_dispatch_tests::configuration_dispatch_revoked_sender_blocks_resend_but_late_fact_is_retained ... ok
Rust	Test Rust workspace	2026-09-24T15:01:48.3125580Z test configuration_dispatch_tests::configuration_dispatch_requires_fences_terminal_and_retains_one_task_after_commit_loss ... ok
Rust	Test Rust workspace	2026-09-24T15:01:48.3703916Z test configuration_dispatch_tests::configuration_dispatch_changed_snapshot_cannot_authorize_missing_receipt_retry ... ok
Rust	Test Rust workspace	2026-09-24T15:01:49.1124420Z test configuration_dispatch_tests::host_recovery_tests::recovery_commit_reply_retry_cannot_hide_a_new_source_generation_after_historical_success ... ok
Rust	Test Rust workspace	2026-09-24T15:01:49.2324298Z test configuration_dispatch_tests::host_recovery_tests::recovery_ambiguous_current_fences_and_page_overflow_never_select_a_partial_candidate_set ... ok
Rust	Test Rust workspace	2026-09-24T15:01:49.2861008Z test configuration_dispatch_tests::configuration_dispatch_send_entry_is_durable_and_missing_retry_uses_exact_request ... ok
Rust	Test Rust workspace	2026-09-24T15:01:49.3664166Z test configuration_dispatch_tests::host_recovery_tests::recovery_adopts_current_original_outbox_and_commits_marker_and_exact_ack_atomically ... ok
Rust	Test Rust workspace	2026-09-24T15:01:49.4583863Z test configuration_dispatch_tests::host_recovery_tests::recovery_external_payload_cannot_inject_transport_observations_or_operating_actions ... ok
Rust	Test Rust workspace	2026-09-24T15:01:50.0460811Z test configuration_dispatch_tests::host_recovery_tests::recovery_late_ack_survives_all_cell_cas_loss_and_never_changes_registration ... ok
Rust	Test Rust workspace	2026-09-24T15:01:50.0763401Z test configuration_dispatch_tests::host_recovery_tests::recovery_initial_unapplied_and_normal_renewal_preserve_dynamic_authority_while_restoring_real_false_fact ... ok
Rust	Test Rust workspace	2026-09-24T15:01:50.1644066Z test configuration_dispatch_tests::host_recovery_tests::recovery_history_is_discoverable_in_bounded_host_pages_without_partial_cell_access ... ok
Rust	Test Rust workspace	2026-09-24T15:01:50.2448849Z test configuration_dispatch_tests::host_recovery_tests::recovery_known_unknown_allows_original_lookup_and_receipt_only_without_new_authorize_or_release ... ok
Rust	Test Rust workspace	2026-09-24T15:01:50.9474733Z test configuration_dispatch_tests::host_recovery_tests::recovery_permanent_void_without_invocation_preserves_known_prepare_identity_and_records_only_not_executed ... ok
Rust	Test Rust workspace	2026-09-24T15:01:50.9530391Z test configuration_dispatch_tests::host_recovery_tests::recovery_missing_baseline_or_changed_identity_never_autogenerates_continuity ... ok
Rust	Test Rust workspace	2026-09-24T15:01:51.1466818Z test configuration_dispatch_tests::host_recovery_tests::recovery_lost_commits_keep_original_proposal_fence_and_ack_without_replaying_authority ... ok
Rust	Test Rust workspace	2026-09-24T15:01:51.2144051Z test configuration_dispatch_tests::host_recovery_tests::recovery_proposal_reply_is_recovered_without_fresh_host_data_and_still_checks_key_and_actor ... ok
Rust	Test Rust workspace	2026-09-24T15:01:51.3726494Z test configuration_dispatch_tests::host_recovery_tests::recovery_shared_host_requires_terminal_rights_for_every_affected_cell ... ok
Rust	Test Rust workspace	2026-09-24T15:01:51.3833727Z test configuration_dispatch_tests::host_recovery_tests::recovery_sender_reapproval_keeps_original_fence_and_old_runtime_cannot_resume ... ok
Rust	Test Rust workspace	2026-09-24T15:01:51.5546645Z test configuration_dispatch_tests::host_recovery_tests::recovery_normal_apply_after_initial_none_uses_current_application_proof_instead_of_initial_configuration ... ok
Rust	Test Rust workspace	2026-09-24T15:01:51.6549692Z test configuration_dispatch_tests::host_recovery_tests::recovery_stored_actor_roundtrip_retains_identifiers_without_restoring_session_authority ... ok
Rust	Test Rust workspace	2026-09-24T15:01:52.6234515Z test configuration_dispatch_tests::process_revalidation_tests::current_revalidation_keeps_review_fence_host_ack_and_unqualified_apply_gates_and_reuses_applied_root ... ok
Rust	Test Rust workspace	2026-09-24T15:01:52.6948768Z test configuration_dispatch_tests::process_revalidation_tests::current_revalidation_proposal_commit_loss_is_atomic_and_recoverable ... ok
Rust	Test Rust workspace	2026-09-24T15:01:52.8284346Z test configuration_dispatch_tests::process_revalidation_tests::current_revalidation_requires_explicit_mode_exact_target_and_existing_compiled_process ... ok
Rust	Test Rust workspace	2026-09-24T15:01:52.9163990Z test configuration_dispatch_tests::process_revalidation_tests::replace_default_preserves_legacy_request_change_shape_and_plan_digest ... ok
Rust	Test Rust workspace	2026-09-24T15:01:53.1284122Z test configuration_dispatch_tests::host_recovery_tests::recovery_source_clock_configuration_and_unknown_pending_changes_cannot_be_promoted ... ok
Rust	Test Rust workspace	2026-09-24T15:01:54.0617030Z test configuration_dispatch_tests::requalification_tests::qualification_activation_tests::qualification_activation_rechecks_context_after_off_writer_verification ... ok
Rust	Test Rust workspace	2026-09-24T15:01:54.2248056Z test configuration_dispatch_tests::requalification_tests::qualification_activation_tests::qualification_disappearing_receipt_suspends_active_cohort_without_overwriting_fact ... ok
Rust	Test Rust workspace	2026-09-24T15:01:55.0301275Z test configuration_dispatch_tests::requalification_tests::qualification_activation_tests::qualification_legacy_policy_can_be_reviewed_but_cannot_issue_execution_purposes ... ok
Rust	Test Rust workspace	2026-09-24T15:01:55.2486889Z test configuration_dispatch_tests::requalification_tests::qualification_activation_tests::qualification_issuance_is_atomic_and_request_loss_preserves_ids_and_clear_plan ... ok
Rust	Test Rust workspace	2026-09-24T15:01:55.5239570Z test configuration_dispatch_tests::requalification_tests::qualification_activation_tests::qualification_never_clears_a_manual_hold_without_owned_provenance ... ok
Rust	Test Rust workspace	2026-09-24T15:01:55.5247656Z test configuration_dispatch_tests::requalification_tests::qualification_activation_tests::qualification_activation_is_atomic_clears_only_owned_blocks_and_requires_separate_start ... ok
Rust	Test Rust workspace	2026-09-24T15:01:56.3573942Z test configuration_dispatch_tests::requalification_tests::qualification_activation_tests::qualification_new_session_reauthorizes_same_pending_request_without_new_ids ... ok
Rust	Test Rust workspace	2026-09-24T15:01:56.8230251Z test configuration_dispatch_tests::requalification_tests::qualification_activation_tests::qualification_policy_replacement_revokes_active_grade_but_preserves_history ... ok
Rust	Test Rust workspace	2026-09-24T15:01:56.8563590Z test configuration_dispatch_tests::requalification_tests::qualification_activation_tests::qualification_permits_only_the_reviewed_operating_purposes ... ok
Rust	Test Rust workspace	2026-09-24T15:01:56.9943972Z test configuration_dispatch_tests::requalification_tests::qualification_activation_tests::qualification_partial_host_receipts_never_activate_the_cell ... ok
Rust	Test Rust workspace	2026-09-24T15:01:57.6911019Z test configuration_dispatch_tests::requalification_tests::qualification_activation_tests::qualification_restart_retires_active_authority_and_preserves_completed_batch ... ok
Rust	Test Rust workspace	2026-09-24T15:01:57.8494417Z test configuration_dispatch_tests::requalification_tests::qualification_activation_tests::runtime_requalification_tests::a_later_review_without_selection_cannot_reuse_an_earlier_runtime_adoption ... ok
Rust	Test Rust workspace	2026-09-24T15:01:57.9930474Z test configuration_dispatch_tests::requalification_tests::qualification_activation_tests::qualification_send_journal_does_not_infer_rejection_from_missing_reply ... ok
Rust	Test Rust workspace	2026-09-24T15:01:59.1045588Z test configuration_dispatch_tests::requalification_tests::qualification_activation_tests::runtime_requalification_tests::activated_root_after_restart_keeps_exact_origin_owner_and_can_begin_explicit_revalidation ... ok
Rust	Test Rust workspace	2026-09-24T15:01:59.1964103Z test configuration_dispatch_tests::requalification_tests::qualification_activation_tests::runtime_requalification_tests::a_new_shared_cell_invalidates_pending_and_active_requalification_without_changing_the_original_cell ... ok
Rust	Test Rust workspace	2026-09-24T15:01:59.2495568Z test configuration_dispatch_tests::requalification_tests::qualification_activation_tests::runtime_requalification_tests::initial_runtime_restriction_is_signed_into_requalification_and_cleared_only_at_activation ... ok
Rust	Test Rust workspace	2026-09-24T15:01:59.6183656Z test configuration_dispatch_tests::requalification_tests::qualification_activation_tests::runtime_requalification_tests::restriction_binding_is_atomic_and_missing_or_wrong_origins_never_generate_authority ... ok
Rust	Test Rust workspace	2026-09-24T15:02:00.0264156Z test configuration_dispatch_tests::requalification_tests::qualification_activation_tests::runtime_requalification_tests::review_without_explicit_runtime_restriction_cannot_issue_a_clear_for_it ... ok
Rust	Test Rust workspace	2026-09-24T15:02:00.1903842Z test configuration_dispatch_tests::requalification_tests::requalification_approval_requires_fences_and_independent_reviewer_and_fresh_context ... ok
Rust	Test Rust workspace	2026-09-24T15:02:00.2124040Z test configuration_dispatch_tests::requalification_tests::requalification_approval_is_idempotent_and_new_report_invalidates_its_scope ... ok
Rust	Test Rust workspace	2026-09-24T15:02:01.0104384Z test configuration_dispatch_tests::requalification_tests::requalification_not_run_is_preserved_and_cannot_be_approved ... ok
Rust	Test Rust workspace	2026-09-24T15:02:01.0475146Z test configuration_dispatch_tests::requalification_tests::requalification_rejects_missing_forged_or_wrong_environment_evidence ... ok
Rust	Test Rust workspace	2026-09-24T15:02:01.1339055Z test confirmed_new_cell_fence_advances_registration_and_allows_only_original_grant_renewal ... ok
Rust	Test Rust workspace	2026-09-24T15:02:01.1433482Z test configuration_dispatch_tests::requalification_tests::requalification_begin_is_atomic_and_same_key_preserves_fences ... ok
Rust	Test Rust workspace	2026-09-24T15:02:01.2369000Z test conflicting_observation_is_committed_as_invalidation_even_though_api_rejects_it ... ok
Rust	Test Rust workspace	2026-09-24T15:02:01.2833545Z test current_engineer_role_is_required_even_when_recovering_an_existing_draft_receipt ... ok
Rust	Test Rust workspace	2026-09-24T15:02:01.3578019Z test control_journal_is_atomic_and_audit_sessions_do_not_advance_its_cursor ... ok
Rust	Test Rust workspace	2026-09-24T15:02:01.6653127Z test device_binding_tests::approved_action_produces_exact_nonexecuting_candidate_and_independent_impact_review ... ok
Rust	Test Rust workspace	2026-09-24T15:02:02.1044700Z test device_binding_tests::missing_mandatory_conditions_and_malformed_conditions_never_get_default_success ... ok
Rust	Test Rust workspace	2026-09-24T15:02:02.1670785Z test configuration_dispatch_tests::requalification_tests::requalification_large_evidence_is_chunked_atomically_and_restored_exactly ... ok
Rust	Test Rust workspace	2026-09-24T15:02:02.7984851Z test configuration_dispatch_tests::requalification_tests::requalification_report_commit_loss_recovers_original_bytes_and_never_qualifies ... ok
Rust	Test Rust workspace	2026-09-24T15:02:02.8003505Z test device_binding_tests::device_plan_authoring_exports_exact_provenance_without_changing_active_steps ... ok
Rust	Test Rust workspace	2026-09-24T15:02:02.8373857Z test device_binding_tests::new_shared_cell_or_new_report_invalidates_impact_review ... ok
Rust	Test Rust workspace	2026-09-24T15:02:03.1353565Z test device_binding_tests::proposal_and_impact_review_recover_original_records_after_commit_faults ... ok
Rust	Test Rust workspace	2026-09-24T15:02:03.2297193Z test device_binding_tests::prospective_resources_expand_impact_and_uncovered_cell_scope_rejects_commit ... ok
Rust	Test Rust workspace	2026-09-24T15:02:03.2303897Z test device_catalog_tests::device_catalog_intake_is_atomic_preserves_source_and_never_changes_active_configuration ... ok
Rust	Test Rust workspace	2026-09-24T15:02:03.3423830Z test device_catalog_tests::old_packages_without_catalog_remain_readable_without_claiming_device_validation ... ok
Rust	Test Rust workspace	2026-09-24T15:02:03.4237379Z test device_binding_tests::stale_or_incomplete_device_plans_do_not_export_or_silently_fall_back ... ok
Rust	Test Rust workspace	2026-09-24T15:02:03.4703421Z test device_generation_change_is_preserved_and_does_not_disappear_on_rejection ... ok
Rust	Test Rust workspace	2026-09-24T15:02:03.5050478Z test device_catalog_tests::installation_environment_and_expired_tickets_do_not_commit_a_catalog ... ok
Rust	Test Rust workspace	2026-09-24T15:02:03.5958397Z test device_provenance_cannot_pass_the_legacy_process_review_even_when_actions_match ... ok
Rust	Test Rust workspace	2026-09-24T15:02:03.6769616Z test device_review_tests::failed_checks_are_recorded_but_not_approved_and_rejection_survives_policy_revocation ... ok
Rust	Test Rust workspace	2026-09-24T15:02:03.9123127Z test device_review_tests::independent_device_approval_requires_exact_latest_report_and_leaves_cell_unchanged ... ok
Rust	Test Rust workspace	2026-09-24T15:02:03.9713594Z test device_catalog_tests::signed_catalog_mismatches_cannot_enter_the_writer_as_valid_declarations ... ok
Rust	Test Rust workspace	2026-09-24T15:02:04.0683707Z test device_review_tests::list_returns_bounded_summaries_instead_of_copying_large_reports ... ok
Rust	Test Rust workspace	2026-09-24T15:02:04.0957892Z test device_review_tests::fresh_proof_loses_applicability_when_authority_or_report_changes_before_commit ... ok
Rust	Test Rust workspace	2026-09-24T15:02:04.2181044Z test device_review_tests::signature_validator_request_and_catalog_mismatch_cannot_be_recorded_as_verified ... ok
Rust	Test Rust workspace	2026-09-24T15:02:04.2643637Z test diagnostic_case_keeps_epoch_and_mandate_but_blocks_new_admission ... ok
Rust	Test Rust workspace	2026-09-24T15:02:04.3585845Z test draft_binding_selection_requires_current_source_catalog_and_real_registered_step ... ok
Rust	Test Rust workspace	2026-09-24T15:02:04.3595940Z test direct_state_puts_during_hold_are_captured_at_one_final_transaction_cut ... ok
Rust	Test Rust workspace	2026-09-24T15:02:04.3834347Z test draft_binding_commit_loss_and_input_conflict_preserve_one_resolved_snapshot ... ok
Rust	Test Rust workspace	2026-09-24T15:02:04.4363261Z test draft_history_keeps_incomplete_sources_and_concurrent_updates_do_not_overwrite_them ... ok
Rust	Test Rust workspace	2026-09-24T15:02:04.5420163Z test device_review_tests::report_and_decision_commit_faults_recover_one_original_version_and_decision ... ok
Rust	Test Rust workspace	2026-09-24T15:02:04.5690482Z test draft_saves_are_atomic_recoverable_and_never_change_the_installed_cell ... ok
Rust	Test Rust workspace	2026-09-24T15:02:04.5894765Z test early_native_evidence_is_reapplied_when_the_receipt_establishes_correlation ... ok
Rust	Test Rust workspace	2026-09-24T15:02:04.7194052Z test evidence_gap_is_not_skipped_and_conflicting_sequence_is_quarantined ... ok
Rust	Test Rust workspace	2026-09-24T15:02:04.9588692Z test executor_part_and_activation_mutations_preserve_full_request_identity_and_atomic_results ... ok
Rust	Test Rust workspace	2026-09-24T15:02:05.0253924Z test false_handover_facts_are_retained_and_identity_conflicts_block_release ... ok
Rust	Test Rust workspace	2026-09-24T15:02:05.0614114Z test executor_reconnect_is_idempotent_but_changed_incarnation_revokes_authority ... ok
Rust	Test Rust workspace	2026-09-24T15:02:05.1678403Z test executor_submit_checks_the_whole_envelope_and_recovers_an_immutable_receipt_after_t1_loss ... ok
Rust	Test Rust workspace	2026-09-24T15:02:05.2636855Z test hold_proves_unsent_work_not_executed_without_releasing_resource ... ok
Rust	Test Rust workspace	2026-09-24T15:02:05.2686448Z test handover_release_is_atomic_and_duplicate_proof_does_not_release_another_owner ... ok
Rust	Test Rust workspace	2026-09-24T15:02:05.4334247Z test host_binding_baseline_tests::baseline_bound_cut_uses_fence_while_pre_fence_config_and_read_keep_their_lower_epoch ... ok
Rust	Test Rust workspace	2026-09-24T15:02:05.4598962Z test hold_propagates_to_shared_resources_and_preserves_independent_cells ... ok
Rust	Test Rust workspace	2026-09-24T15:02:05.4769204Z test host_binding_baseline_tests::baseline_and_bound_transition_are_atomic_across_rollback_and_commit_response_loss ... ok
Rust	Test Rust workspace	2026-09-24T15:02:05.4937057Z test host_binding_baseline_tests::commit_body_and_reusable_transport_pin_changes_cannot_replace_the_original_baseline ... ok
Rust	Test Rust workspace	2026-09-24T15:02:05.5384457Z test host_binding_baseline_tests::exact_initial_applied_context_is_preserved_without_claiming_activation ... ok
Rust	Test Rust workspace	2026-09-24T15:02:05.5774631Z test host_binding_baseline_tests::legacy_none_and_already_bound_missing_baseline_never_backfill_on_later_provenance ... ok
Rust	Test Rust workspace	2026-09-24T15:02:05.6338435Z test host_binding_baseline_tests::historical_baseline_survives_renewal_and_later_registration_epoch_changes ... ok
Rust	Test Rust workspace	2026-09-24T15:02:05.7431497Z test host_binding_baseline_tests::missing_primary_baseline_is_integrity_when_pinned_bound_history_survives ... ok
Rust	Test Rust workspace	2026-09-24T15:02:05.7963842Z test host_binding_baseline_tests::missing_or_tampered_original_objects_and_reference_metadata_fail_historical_read ... ok
Rust	Test Rust workspace	2026-09-24T15:02:05.8064254Z test host_binding_baseline_tests::uri_pin_accepts_only_public_https_origin_without_credentials_or_request_data ... ok
Rust	Test Rust workspace	2026-09-24T15:02:05.8731572Z test host_binding_baseline_tests::known_pinned_plan_cannot_downgrade_to_none_even_after_its_expiry ... ok
Rust	Test Rust workspace	2026-09-24T15:02:05.8909658Z test host_binding_baseline_tests::only_new_normal_commit_creates_exact_immutable_baseline_and_initial_applied_none_is_valid ... ok
Rust	Test Rust workspace	2026-09-24T15:02:06.0200440Z test host_bootstrap_plan_and_registration_are_durable_and_do_not_fabricate_readiness ... ok
Rust	Test Rust workspace	2026-09-24T15:02:06.0763954Z test host_bootstrap_never_reuses_a_changed_delivery_journal_in_the_same_boot ... ok
Rust	Test Rust workspace	2026-09-24T15:02:06.2155015Z test host_bootstrap_rejects_wrong_incarnation_missing_sources_and_changed_context ... ok
Rust	Test Rust workspace	2026-09-24T15:02:06.2897699Z test host_binding_baseline_tests::mismatched_actual_configuration_read_scope_and_time_never_prepare_a_baseline_plan ... ok
Rust	Test Rust workspace	2026-09-24T15:02:06.2899854Z test late_prepared_receipt_after_pause_does_not_create_an_authorization ... ok
Rust	Test Rust workspace	2026-09-24T15:02:06.4298484Z test maintained_condition_recovery_does_not_revive_an_old_mandate ... ok
Rust	Test Rust workspace	2026-09-24T15:02:06.4453335Z test maintained_watchdog_revokes_expired_facts_without_fabricating_a_negative_sample ... ok
Rust	Test Rust workspace	2026-09-24T15:02:06.5689443Z test live_execution_snapshot_preserves_the_cut_and_does_not_reuse_aged_maintained_conditions ... ok
Rust	Test Rust workspace	2026-09-24T15:02:06.5950086Z test host_read_ingestion_checks_context_and_preserves_the_native_source_fields ... ok
Rust	Test Rust workspace	2026-09-24T15:02:06.6984293Z test native_metadata_changes_conflict_and_ack_cursor_is_part_of_t2_commit ... ok
Rust	Test Rust workspace	2026-09-24T15:02:06.7784269Z test native_outcomes_tests::native_outcome_table_rejects_ambiguous_unbound_and_nonterminal_policy ... ok
Rust	Test Rust workspace	2026-09-24T15:02:06.9750406Z test native_receipt_capture_does_not_stand_in_for_completion_policy ... ok
Rust	Test Rust workspace	2026-09-24T15:02:07.0090609Z test native_outcomes_tests::native_outcome_atomic_ack_loss_and_late_contradiction_preserve_first_conclusion ... ok
Rust	Test Rust workspace	2026-09-24T15:02:07.4098926Z test native_outcomes_tests::native_outcome_postconditions_require_current_evidence_and_no_hold ... ok
Rust	Test Rust workspace	2026-09-24T15:02:08.2404136Z test non_operating_close_preparation_lost_reply_and_rollback_do_not_duplicate_clearances ... ok
Rust	Test Rust workspace	2026-09-24T15:02:08.4174012Z test non_operating_close_does_not_accept_missing_people_proof_or_invented_evidence ... ok
Rust	Test Rust workspace	2026-09-24T15:02:08.4623711Z test non_operating_close_is_atomic_idempotent_and_retains_other_case_restrictions ... ok
Rust	Test Rust workspace	2026-09-24T15:02:08.7048670Z test native_outcomes_tests::native_outcome_pairs_separate_terminal_meanings_and_leave_unknown_unsettled ... ok
Rust	Test Rust workspace	2026-09-24T15:02:08.7863716Z test observation_batch_evaluates_the_complete_cut_and_recovers_commit_reply_loss ... ok
Rust	Test Rust workspace	2026-09-24T15:02:08.7877119Z test non_operating_close_preserves_unknown_effect_and_does_not_release_resources ... ok
Rust	Test Rust workspace	2026-09-24T15:02:08.8675912Z test observation_batch_rejects_bad_last_source_before_writing_any_fact ... ok
Rust	Test Rust workspace	2026-09-24T15:02:08.8704339Z test observation_batch_keeps_conflict_evidence_and_other_source_truth_without_repeated_revocation ... ok
Rust	Test Rust workspace	2026-09-24T15:02:08.9479802Z test operator_diagnostic_browser_fixtures_are_real_unqualified_read_models ... ok
Rust	Test Rust workspace	2026-09-24T15:02:08.9513468Z test observation_generation_loss_is_latched_once_and_does_not_adopt_the_new_source ... ok
Rust	Test Rust workspace	2026-09-24T15:02:09.0573574Z test operator_diagnostics_share_the_condition_evaluator_and_do_not_change_authority ... ok
Rust	Test Rust workspace	2026-09-24T15:02:09.1184446Z test operator_diagnostics_distinguish_missing_generation_and_expression_mismatch ... ok
Rust	Test Rust workspace	2026-09-24T15:02:09.1478717Z test one_physical_resource_is_reserved_across_cells_not_per_cell_alias ... ok
Rust	Test Rust workspace	2026-09-24T15:02:09.1959540Z test operator_service_reconnect_cannot_start_work_or_replace_executor_authority ... ok
Rust	Test Rust workspace	2026-09-24T15:02:09.2011506Z test operator_start_tests::a_valid_operator_without_terminal_gets_a_blocked_candidate_and_scope_stays_private ... ok
Rust	Test Rust workspace	2026-09-24T15:02:09.3104281Z test operator_start_tests::lost_start_response_uses_the_original_attempt_and_deadline_read_does_not_mutate_status ... ok
Rust	Test Rust workspace	2026-09-24T15:02:09.3785140Z test operator_start_tests::context_is_read_only_and_the_exact_candidate_starts_only_after_explicit_mutation ... ok
Rust	Test Rust workspace	2026-09-24T15:02:09.5565958Z test operator_start_tests::candidate_rejections_match_start_and_old_context_cannot_override_a_new_revision ... ok
Rust	Test Rust workspace	2026-09-24T15:02:09.5740395Z test package_intake_commit_rejects_role_or_terminal_revoked_while_worker_runs ... ok
Rust	Test Rust workspace	2026-09-24T15:02:09.7375092Z test p_commits_branch_choice_and_rejects_the_untaken_activation ... ok
Rust	Test Rust workspace	2026-09-24T15:02:09.7424342Z test package_intake_conflicting_ids_and_stale_configuration_never_create_two_receipts ... ok
Rust	Test Rust workspace	2026-09-24T15:02:09.8743719Z test package_intake_receipt_is_historical_after_policy_disable_and_current_role_revocation_applies_first ... ok
Rust	Test Rust workspace	2026-09-24T15:02:09.8910321Z test package_intake_receipts_survive_restart_but_live_policy_and_preflight_do_not ... ok
Rust	Test Rust workspace	2026-09-24T15:02:09.9135918Z test package_intake_commits_receipt_event_and_request_atomically_without_cell_change ... ok
Rust	Test Rust workspace	2026-09-24T15:02:10.0343801Z test package_intake_rejects_unregistered_store_or_different_verification_policy ... ok
Rust	Test Rust workspace	2026-09-24T15:02:10.2652088Z test part_completion_waits_for_release_and_closes_exhausted_run ... ok
Rust	Test Rust workspace	2026-09-24T15:02:10.3077089Z test package_intake_rechecks_authority_policy_and_time_after_file_work ... ok
Rust	Test Rust workspace	2026-09-24T15:02:10.3152750Z test part_completion_requires_only_the_committed_branch_and_its_real_release_proof ... ok
Rust	Test Rust workspace	2026-09-24T15:02:10.4083286Z test pause_rejects_a_late_arm_acknowledgment_from_start_preparation ... ok
Rust	Test Rust workspace	2026-09-24T15:02:10.4703215Z test pausing_a_prepared_run_without_arm_does_not_fence_other_cell_work ... ok
Rust	Test Rust workspace	2026-09-24T15:02:10.4721887Z test pause_after_emit_is_not_cancellation_and_late_correlated_result_is_still_recorded ... ok
Rust	Test Rust workspace	2026-09-24T15:02:10.5539987Z test pending_start_has_a_deadline_and_key_covers_budget_intent ... ok
Rust	Test Rust workspace	2026-09-24T15:02:10.6100135Z test permit_deadline_cannot_outlive_the_observation_that_supported_it ... ok
Rust	Test Rust workspace	2026-09-24T15:02:10.7913286Z test pause_commits_reply_fence_and_unsent_sealing_atomically_without_refunding_budget ... ok
Rust	Test Rust workspace	2026-09-24T15:02:10.8024864Z test prepared_is_not_an_authorization_ack_and_duplicate_receipts_complete_the_right_message ... ok
Rust	Test Rust workspace	2026-09-24T15:02:10.8402158Z test physical_case_open_is_atomic_and_acknowledgment_cannot_restore_authority ... ok
Rust	Test Rust workspace	2026-09-24T15:02:11.2761788Z test process_change_fence_confirmation_is_not_configuration_application ... ok
Rust	Test Rust workspace	2026-09-24T15:02:11.3963791Z test procedure_requires_real_fence_and_condition_evidence_then_accounts_for_every_worker ... ok
Rust	Test Rust workspace	2026-09-24T15:02:11.4958309Z test non_operating_close_rechecks_time_case_epoch_evidence_and_current_actor ... ok
Rust	Test Rust workspace	2026-09-24T15:02:11.8474442Z test process_change_proposal_and_stage_preserve_configuration_and_all_step_guards ... ok
Rust	Test Rust workspace	2026-09-24T15:02:11.9168149Z test process_change_preparation_requires_current_terminal_and_serializes_overlapping_changes ... ok
Rust	Test Rust workspace	2026-09-24T15:02:12.0880028Z test process_change_preparation_is_atomic_preserves_unknown_work_and_requires_config_ack ... ok
Rust	Test Rust workspace	2026-09-24T15:02:12.1597954Z test process_change_proposal_failure_is_atomic_and_lost_reply_recovers_original_plan ... ok
Rust	Test Rust workspace	2026-09-24T15:02:12.3383737Z test process_change_revoked_software_review_rejects_pending_stage_without_installing_target ... ok
Rust	Test Rust workspace	2026-09-24T15:02:12.3583645Z test process_change_refresh_preserves_existing_blocks_and_replaces_only_preparation_context ... ok
Rust	Test Rust workspace	2026-09-24T15:02:12.3903620Z test process_checkpoint_survives_runtime_restart_without_restoring_execution_authority ... ok
Rust	Test Rust workspace	2026-09-24T15:02:12.4033735Z test process_change_shared_host_closure_requires_rights_for_every_affected_cell ... ok
Rust	Test Rust workspace	2026-09-24T15:02:12.5849630Z test process_review_lists_are_scoped_and_history_is_read_only_with_latest_revision_visible ... ok
Rust	Test Rust workspace	2026-09-24T15:02:12.6631957Z test process_review_restart_preserves_software_decision_but_rejects_old_pending_ticket ... ok
Rust	Test Rust workspace	2026-09-24T15:02:12.7166157Z test process_review_new_report_invalidates_old_decision_and_cas_prevents_overwriting_reviews ... ok
Rust	Test Rust workspace	2026-09-24T15:02:12.7357543Z test process_review_signature_and_compiled_bytes_cannot_be_replaced_or_rebound ... ok
Rust	Test Rust workspace	2026-09-24T15:02:12.7703955Z test process_review_authority_and_role_changes_reject_pending_approvals ... ok
Rust	Test Rust workspace	2026-09-24T15:02:12.8191783Z test producer_reconnect_requires_current_identity_and_cell_negotiation ... ok
Rust	Test Rust workspace	2026-09-24T15:02:12.8493055Z test process_review_signed_compiler_success_does_not_override_cell_binding_mismatch ... ok
Rust	Test Rust workspace	2026-09-24T15:02:12.9589244Z test producer_runtime_restart_tests::consecutive_p_restarts_preserve_historical_operating_session_and_each_runtime_block ... ok
Rust	Test Rust workspace	2026-09-24T15:02:13.1727307Z test producer_runtime_restart_tests::current_origin_must_cover_every_registered_cell_of_the_host ... ok
Rust	Test Rust workspace	2026-09-24T15:02:13.2018911Z test producer_runtime_restart_tests::absent_or_wrong_boot_configuration_and_scope_coverage_cannot_suppress_invalidation ... ok
Rust	Test Rust workspace	2026-09-24T15:02:13.2141291Z test producer_runtime_restart_tests::changed_host_journal_authentication_or_session_validity_still_adds_device_restart ... ok
Rust	Test Rust workspace	2026-09-24T15:02:13.2277072Z test producer_runtime_restart_tests::malformed_provenance_rolls_back_session_replacement_instead_of_claiming_runtime_only ... ok
Rust	Test Rust workspace	2026-09-24T15:02:13.3211007Z test process_review_signed_report_and_separate_reviewer_approval_are_atomic_and_non_actuating ... ok
Rust	Test Rust workspace	2026-09-24T15:02:13.4022246Z test producer_runtime_restart_tests::runtime_only_session_replacement_recovers_commit_loss_without_repeated_invalidation ... ok
Rust	Test Rust workspace	2026-09-24T15:02:13.4238226Z test producer_runtime_restart_tests::prior_source_generation_loss_remains_restricted_after_p_runtime_evidence_reconnect ... ok
Rust	Test Rust workspace	2026-09-24T15:02:13.5251912Z test production_read_before_first_part_has_complete_budget_and_detects_missing_parts ... ok
Rust	Test Rust workspace	2026-09-24T15:02:13.5680816Z test qualification_defaults::close_policy_admission_requires_an_explicit_qualification_capability ... ok
Rust	Test Rust workspace	2026-09-24T15:02:13.6567409Z test qualification_defaults::procedure_admission_requires_an_explicit_qualification_capability ... ok
Rust	Test Rust workspace	2026-09-24T15:02:13.6581100Z test production_completion_requires_release_and_preserves_original_reply_and_budget ... ok
Rust	Test Rust workspace	2026-09-24T15:02:13.7360439Z test producer_runtime_restart_tests::p_only_restart_replaces_only_evidence_session_and_preserves_all_authority_records ... ok
Rust	Test Rust workspace	2026-09-24T15:02:13.7476511Z test renewal_uses_durable_sequence_and_original_send_time_without_replaying_permission ... ok
Rust	Test Rust workspace	2026-09-24T15:02:13.7864814Z test resolved_plan_binding_and_digest_cannot_be_substituted_in_cell_configuration ... ok
Rust	Test Rust workspace	2026-09-24T15:02:13.7869093Z test recorded_cell_context_tracks_start_intervention_and_real_block_creation_revisions ... ok
Rust	Test Rust workspace	2026-09-24T15:02:13.7919775Z test reconciliation_requests_are_durable_coalesced_and_cannot_claim_release ... ok
Rust	Test Rust workspace	2026-09-24T15:02:13.8990701Z test repeated_disputed_samples_do_not_create_unbounded_latches_but_a_new_episode_does ... ok
Rust	Test Rust workspace	2026-09-24T15:02:13.9347130Z test restarting_runtime_preserves_consumption_and_revokes_mandate ... ok
Rust	Test Rust workspace	2026-09-24T15:02:13.9623296Z test role_revocation_is_checked_before_cached_result_lookup ... ok
Rust	Test Rust workspace	2026-09-24T15:02:13.9884079Z test runtime_invalidation_tests::consecutive_restarts_keep_each_immutable_origin_and_old_block_readable ... ok
Rust	Test Rust workspace	2026-09-24T15:02:13.9916112Z test runtime_invalidation_tests::first_runtime_restart_records_the_exact_before_and_after_boundaries ... ok
Rust	Test Rust workspace	2026-09-24T15:02:14.0200872Z test runtime_invalidation_tests::older_runtime_restart_reasons_and_operator_holds_do_not_acquire_origins ... ok
Rust	Test Rust workspace	2026-09-24T15:02:14.0583611Z test runtime_invalidation_tests::origin_lookup_rejects_wrong_identity_and_does_not_accept_a_changed_block ... ok
Rust	Test Rust workspace	2026-09-24T15:02:14.1364313Z test runtime_invalidation_tests::origin_recording_preserves_source_facts_and_existing_run_budget_on_restart ... ok
Rust	Test Rust workspace	2026-09-24T15:02:14.1408165Z test runtime_invalidation_tests::restart_origin_and_restriction_commit_together_even_when_the_reply_is_lost ... ok
Rust	Test Rust workspace	2026-09-24T15:02:14.2774193Z test runtime_invalidation_tests::runtime_restriction_view_checks_current_roles_cell_access_and_preserves_authority_state ... ok
Rust	Test Rust workspace	2026-09-24T15:02:14.2889441Z test same_slot_new_key_and_lost_reply_do_not_create_another_operation ... ok
Rust	Test Rust workspace	2026-09-24T15:02:14.3546601Z test service_roles_cannot_impersonate_human_procedure_reporters_or_case_leads ... ok
Rust	Test Rust workspace	2026-09-24T15:02:14.4312847Z test stale_observation_and_wrong_executor_do_not_reach_t1 ... ok
Rust	Test Rust workspace	2026-09-24T15:02:14.5096444Z test stale_procedure_report_keeps_external_fact_and_latch_but_never_grants_entry ... ok
Rust	Test Rust workspace	2026-09-24T15:02:14.5241204Z test start_requires_all_hosts_and_cannot_be_completed_by_partial_ack ... ok
Rust	Test Rust workspace	2026-09-24T15:02:14.5494482Z test runtime_stop_barrier_is_atomic_blocks_new_authority_and_keeps_unknown_work ... ok
Rust	Test Rust workspace	2026-09-24T15:02:14.6744066Z test t1_failure_rolls_back_slot_resource_permit_and_outbox_together ... ok
Rust	Test Rust workspace	2026-09-24T15:02:14.7220744Z test uncommissioned_cell_cannot_start_from_package_presence ... ok
Rust	Test Rust workspace	2026-09-24T15:02:14.7273968Z test t2_commits_native_evidence_outcome_and_contiguous_cursor_atomically ... ok
Rust	Test Rust workspace	2026-09-24T15:02:14.7596731Z test resource_release_requires_all_current_handover_facts ... ok
Rust	Test Rust workspace	2026-09-24T15:02:14.7833952Z test unregistered_terminal_cannot_start_even_with_operator_role ... ok
Rust	Test Rust workspace	2026-09-24T15:02:14.7938290Z test user_session_requires_its_issued_terminal_binding_and_registry_revision ... ok
Rust	Test Rust workspace	2026-09-24T15:02:14.8893923Z test t2_rollback_and_lost_ack_preserve_exactly_one_recorded_result ... ok
Rust	Test Rust workspace	2026-09-24T15:02:15.0505446Z test wait_deadline_and_success_are_decided_by_p_and_cannot_be_reset_by_retries ... ok
Rust	Test Rust workspace	2026-09-24T15:02:15.0505902Z 
Rust	Test Rust workspace	2026-09-24T15:02:15.0506182Z test result: ok. 240 passed; 0 failed; 0 ignored; 0 measured; 0 filtered out; finished in 33.07s
Rust	Test Rust workspace	2026-09-24T15:02:15.0506545Z 
Rust	Test Rust workspace	2026-09-24T15:02:15.0518341Z ^[[1m^[[92m     Running^[[0m unittests src/lib.rs (target/debug/deps/rx_domain-cf4c45d8f28ba785)
Rust	Test Rust workspace	2026-09-24T15:02:15.0529739Z 
Rust	Test Rust workspace	2026-09-24T15:02:15.0530241Z running 0 tests
Rust	Test Rust workspace	2026-09-24T15:02:15.0530409Z 
Rust	Test Rust workspace	2026-09-24T15:02:15.0530683Z test result: ok. 0 passed; 0 failed; 0 ignored; 0 measured; 0 filtered out; finished in 0.00s
Rust	Test Rust workspace	2026-09-24T15:02:15.0531075Z 
Rust	Test Rust workspace	2026-09-24T15:02:15.0533329Z ^[[1m^[[92m     Running^[[0m tests/cell_invariants.rs (target/debug/deps/cell_invariants-d0c73cf87a5e96a3)
Rust	Test Rust workspace	2026-09-24T15:02:15.0542913Z 
Rust	Test Rust workspace	2026-09-24T15:02:15.0543077Z running 4 tests
Rust	Test Rust workspace	2026-09-24T15:02:15.0547568Z test duplicate_or_empty_scope_vectors_do_not_vacuously_authorize ... ok
Rust	Test Rust workspace	2026-09-24T15:02:15.0548639Z test last_counted_part_can_continue_but_a_new_part_cannot_be_created ... ok
Rust	Test Rust workspace	2026-09-24T15:02:15.0549378Z test setup_and_material_budgets_are_not_interchangeable ... ok
Rust	Test Rust workspace	2026-09-24T15:02:15.0549893Z test stale_vector_does_not_regress_or_partially_update_any_scope ... ok
Rust	Test Rust workspace	2026-09-24T15:02:15.0550223Z 
Rust	Test Rust workspace	2026-09-24T15:02:15.0550502Z test result: ok. 4 passed; 0 failed; 0 ignored; 0 measured; 0 filtered out; finished in 0.00s
Rust	Test Rust workspace	2026-09-24T15:02:15.0550897Z 
Rust	Test Rust workspace	2026-09-24T15:02:15.0552454Z ^[[1m^[[92m     Running^[[0m tests/contracts.rs (target/debug/deps/contracts-fc939fca5713cae6)
Rust	Test Rust workspace	2026-09-24T15:02:15.0563052Z 
Rust	Test Rust workspace	2026-09-24T15:02:15.0563403Z running 16 tests
Rust	Test Rust workspace	2026-09-24T15:02:15.0567494Z test counters_preserve_full_width_and_reject_json_numbers ... ok
Rust	Test Rust workspace	2026-09-24T15:02:15.0568496Z test any_uses_a_valid_witness_deadline_and_all_uses_the_earliest_deadline ... ok
Rust	Test Rust workspace	2026-09-24T15:02:15.0569342Z test condition_schema_is_closed ... ok
Rust	Test Rust workspace	2026-09-24T15:02:15.0576031Z test duplicate_conclusion_is_idempotent_and_empty_proof_rejected ... ok
Rust	Test Rust workspace	2026-09-24T15:02:15.0577580Z test frozen_cv02_negative_zero_and_cv03_false ... ok
Rust	Test Rust workspace	2026-09-24T15:02:15.0578627Z test frozen_cv01_canonical_bytes_and_digest ... ok
Rust	Test Rust workspace	2026-09-24T15:02:15.0579717Z test oneof_presence_and_false_are_not_missing_or_null ... ok
Rust	Test Rust workspace	2026-09-24T15:02:15.0580820Z test quality_alone_never_proves_freshness_generation_or_unit ... ok
Rust	Test Rust workspace	2026-09-24T15:02:15.0581988Z test input_rejects_unknown_duplicate_and_incompatible_fields ... ok
Rust	Test Rust workspace	2026-09-24T15:02:15.0583516Z test response_loss_and_running_poll_never_create_a_result ... ok
Rust	Test Rust workspace	2026-09-24T15:02:15.0584598Z test resource_order_is_not_semantic_but_duplicates_are_invalid ... ok
Rust	Test Rust workspace	2026-09-24T15:02:15.0585623Z test source_age_not_callback_time_controls_freshness ... ok
Rust	Test Rust workspace	2026-09-24T15:02:15.0586752Z test strict_json_rejects_trailing_bytes_and_duplicate_escaped_keys ... ok
Rust	Test Rust workspace	2026-09-24T15:02:15.0587674Z test profile_calibration_and_rule_change_identity ... ok
Rust	Test Rust workspace	2026-09-24T15:02:15.0588294Z test terminal_success_does_not_release_and_conflicting_result_is_preserved ... ok
Rust	Test Rust workspace	2026-09-24T15:02:15.0589073Z test three_valued_groups_and_invalid_hidden_branch ... ok
Rust	Test Rust workspace	2026-09-24T15:02:15.0590215Z ^[[1m^[[92m     Running^[[0m tests/restoration.rs (target/debug/deps/restoration-5be3e192e86975f1)
Rust	Test Rust workspace	2026-09-24T15:02:15.0590973Z 
Rust	Test Rust workspace	2026-09-24T15:02:15.0591356Z test result: ok. 16 passed; 0 failed; 0 ignored; 0 measured; 0 filtered out; finished in 0.00s
Rust	Test Rust workspace	2026-09-24T15:02:15.0591831Z 
Rust	Test Rust workspace	2026-09-24T15:02:15.0600237Z 
Rust	Test Rust workspace	2026-09-24T15:02:15.0600388Z running 5 tests
Rust	Test Rust workspace	2026-09-24T15:02:15.0605872Z test duplicate_or_overbudget_history_is_corruption_not_a_refund ... ok
Rust	Test Rust workspace	2026-09-24T15:02:15.0607079Z test historical_dispute_survives_restart_without_rewriting_success ... ok
Rust	Test Rust workspace	2026-09-24T15:02:15.0610419Z test restoring_reconciling_operation_preserves_unknown_and_quarantine ... ok
Rust	Test Rust workspace	2026-09-24T15:02:15.0611331Z test restoring_run_budget_never_refunds_consumption ... ok
Rust	Test Rust workspace	2026-09-24T15:02:15.0612086Z test stored_state_cannot_claim_success_without_terminal_evidence ... ok
Rust	Test Rust workspace	2026-09-24T15:02:15.0613266Z 
Rust	Test Rust workspace	2026-09-24T15:02:15.0613699Z test result: ok. 5 passed; 0 failed; 0 ignored; 0 measured; 0 filtered out; finished in 0.00s
Rust	Test Rust workspace	2026-09-24T15:02:15.0614312Z 
Rust	Test Rust workspace	2026-09-24T15:02:15.0614951Z ^[[1m^[[92m     Running^[[0m unittests src/lib.rs (target/debug/deps/rx_host_client-774ab5b36e0541e5)
Rust	Test Rust workspace	2026-09-24T15:02:15.0628616Z 
Rust	Test Rust workspace	2026-09-24T15:02:15.0628772Z running 13 tests
Rust	Test Rust workspace	2026-09-24T15:02:15.0637535Z test bootstrap::provenance_tests::credential_bearing_and_non_origin_endpoints_are_rejected_before_tls ... ok
Rust	Test Rust workspace	2026-09-24T15:02:15.0654673Z test configuration_worker::tests::configuration_worker_propagates_writer_failure_and_never_contacts_host ... ok
Rust	Test Rust workspace	2026-09-24T15:02:15.0656001Z test connection::diagnostic::tests::stage_and_typed_reason_survive_without_logging_remote_text ... ok
Rust	Test Rust workspace	2026-09-24T15:02:15.0657201Z test connection::diagnostic::tests::varying_timing_does_not_repeat_the_same_failure ... ok
Rust	Test Rust workspace	2026-09-24T15:02:15.0658321Z test connection::tests::closed_owner_while_waiting_for_producer_stops_without_connecting ... ok
Rust	Test Rust workspace	2026-09-24T15:02:15.0659607Z test delivery::diagnostic::tests::excludes_rpc_metadata_details_structured_bodies_and_request_identifiers ... ok
Rust	Test Rust workspace	2026-09-24T15:02:15.0660994Z test delivery::reconciliation::tests::unavailable_read_retries_but_broken_proof_and_revoked_authority_do_not ... ok
Rust	Test Rust workspace	2026-09-24T15:02:15.0662395Z test delivery::diagnostic::tests::suppresses_only_consecutive_identical_diagnostics_and_keeps_writer_reason ... ok
Rust	Test Rust workspace	2026-09-24T15:02:15.0663906Z test configuration_worker::tests::configuration_worker_stops_while_a_writer_reply_is_pending ... ok
Rust	Test Rust workspace	2026-09-24T15:02:15.0665089Z test service_health::tests::a_relay_cannot_label_another_services_samples_with_its_owner ... ok
Rust	Test Rust workspace	2026-09-24T15:02:15.0666325Z test observation::tests::maintained_monitor_does_not_hide_writer_failure_or_run_after_owner_disappears ... ok
Rust	Test Rust workspace	2026-09-24T15:02:15.0816808Z test delivery::diagnostic::tests::bounds_the_complete_json_line_including_unicode_escaping_and_newline ... ok
Rust	Test Rust workspace	2026-09-24T15:02:15.0907703Z test observation::tests::maintained_monitor_polls_independently_and_obeys_owner_stop ... ok
Rust	Test Rust workspace	2026-09-24T15:02:15.0908361Z 
Rust	Test Rust workspace	2026-09-24T15:02:15.0908621Z test result: ok. 13 passed; 0 failed; 0 ignored; 0 measured; 0 filtered out; finished in 0.03s
Rust	Test Rust workspace	2026-09-24T15:02:15.0908995Z 
Rust	Test Rust workspace	2026-09-24T15:02:15.0911976Z ^[[1m^[[92m     Running^[[0m tests/configuration_e2e.rs (target/debug/deps/configuration_e2e-c238de9271801b39)
Rust	Test Rust workspace	2026-09-24T15:02:15.0933681Z 
Rust	Test Rust workspace	2026-09-24T15:02:15.0933870Z running 2 tests
Rust	Test Rust workspace	2026-09-24T15:02:15.0935030Z test configuration_coordinator_persists_request_and_recovers_real_host_reply_loss ... ignored, tools/test_host_configuration_e2e.sh supplies S simulation server
Rust	Test Rust workspace	2026-09-24T15:02:15.0936291Z test configuration_reply_loss_recovers_same_receipt_and_restarted_host_stays_unqualified ... ignored, tools/test_host_configuration_e2e.sh supplies S simulation server
Rust	Test Rust workspace	2026-09-24T15:02:15.0937065Z 
Rust	Test Rust workspace	2026-09-24T15:02:15.0937484Z test result: ok. 0 passed; 0 failed; 2 ignored; 0 measured; 0 filtered out; finished in 0.00s
Rust	Test Rust workspace	2026-09-24T15:02:15.0938104Z 
Rust	Test Rust workspace	2026-09-24T15:02:15.0938857Z ^[[1m^[[92m     Running^[[0m tests/network_e2e.rs (target/debug/deps/network_e2e-c51b1aada503ffc5)
Rust	Test Rust workspace	2026-09-24T15:02:15.0958053Z 
Rust	Test Rust workspace	2026-09-24T15:02:15.0958239Z running 3 tests
Rust	Test Rust workspace	2026-09-24T15:02:15.0959345Z test application_outbox_reaches_mtls_host_and_t2_commits_the_result ... ignored, tools/test_host_e2e.sh builds the separate Host fixture and supplies its path
Rust	Test Rust workspace	2026-09-24T15:02:15.0960706Z test automatic_dispatcher_recovers_a_lost_authorize_reply_without_native_reexecution ... ignored, tools/test_host_e2e.sh builds the separate Host fixture and supplies its path
Rust	Test Rust workspace	2026-09-24T15:02:15.0962749Z test remote_executor_submission_and_host_reply_loss_preserve_one_native_effect_per_slot ... ignored, tools/test_host_e2e.sh supplies the separate Host server
Rust	Test Rust workspace	2026-09-24T15:02:15.0963633Z 
Rust	Test Rust workspace	2026-09-24T15:02:15.0963918Z test result: ok. 0 passed; 0 failed; 3 ignored; 0 measured; 0 filtered out; finished in 0.00s
Rust	Test Rust workspace	2026-09-24T15:02:15.0964539Z 
Rust	Test Rust workspace	2026-09-24T15:02:15.0965216Z ^[[1m^[[92m     Running^[[0m unittests src/lib.rs (target/debug/deps/rx_package-be5957b91f57286c)
Rust	Test Rust workspace	2026-09-24T15:02:15.0971491Z 
Rust	Test Rust workspace	2026-09-24T15:02:15.0971654Z running 0 tests
Rust	Test Rust workspace	2026-09-24T15:02:15.0971870Z 
Rust	Test Rust workspace	2026-09-24T15:02:15.0972282Z test result: ok. 0 passed; 0 failed; 0 ignored; 0 measured; 0 filtered out; finished in 0.00s
Rust	Test Rust workspace	2026-09-24T15:02:15.0973043Z 
Rust	Test Rust workspace	2026-09-24T15:02:15.0974842Z ^[[1m^[[92m     Running^[[0m tests/release.rs (target/debug/deps/release-dface4a5d8deac6e)
Rust	Test Rust workspace	2026-09-24T15:02:15.0985524Z 
Rust	Test Rust workspace	2026-09-24T15:02:15.0985706Z running 3 tests
Rust	Test Rust workspace	2026-09-24T15:02:15.1831106Z test compiled_root_distinguishes_unsigned_signature_key_and_content_refusals ... ok
Rust	Test Rust workspace	2026-09-24T15:02:15.2615838Z test revocation_survives_denied_candidate_restart_and_replayed_or_shrunk_lists ... ok
Rust	Test Rust workspace	2026-09-24T15:02:15.3058198Z test durable_floor_rejects_restart_downgrade_and_same_version_equivocation ... ok
Rust	Test Rust workspace	2026-09-24T15:02:15.3058995Z 
Rust	Test Rust workspace	2026-09-24T15:02:15.3059431Z test result: ok. 3 passed; 0 failed; 0 ignored; 0 measured; 0 filtered out; finished in 0.21s
Rust	Test Rust workspace	2026-09-24T15:02:15.3060226Z 
Rust	Test Rust workspace	2026-09-24T15:02:15.3062970Z ^[[1m^[[92m     Running^[[0m tests/verification.rs (target/debug/deps/verification-964b4a4e50624e0f)
Rust	Test Rust workspace	2026-09-24T15:02:15.3076746Z 
Rust	Test Rust workspace	2026-09-24T15:02:15.3076971Z running 21 tests
Rust	Test Rust workspace	2026-09-24T15:02:15.3104208Z test canonical_set_order_is_stable_and_duplicate_json_fields_are_rejected ... ok
Rust	Test Rust workspace	2026-09-24T15:02:15.3241528Z test closed_paths_and_inventory_reject_traversal_aliases_and_hidden_files ... ok
Rust	Test Rust workspace	2026-09-24T15:02:15.3354945Z test a_dependency_verified_before_key_revocation_is_not_retrusted_implicitly ... ok
Rust	Test Rust workspace	2026-09-24T15:02:15.3513528Z test dependency_cannot_pull_an_older_copy_of_the_root_back_into_the_bundle ... ok
Rust	Test Rust workspace	2026-09-24T15:02:15.3533523Z test deeply_nested_valid_package_roundtrips_and_excess_file_inventory_is_bounded ... ok
Rust	Test Rust workspace	2026-09-24T15:02:15.3683475Z test device_reference_v2_has_explicit_version_and_no_executable_payload ... ok
Rust	Test Rust workspace	2026-09-24T15:02:15.3793260Z test directory_verification_owns_bytes_and_rejects_links ... ok
Rust	Test Rust workspace	2026-09-24T15:02:15.3914743Z test dependency_closure_is_pinned_and_rechecked_against_current_trust ... ok
Rust	Test Rust workspace	2026-09-24T15:02:15.4033447Z test object_corruption_is_not_repaired_by_repeat_import ... ok
Rust	Test Rust workspace	2026-09-24T15:02:15.4063557Z test policy_document_requires_explicit_v2_schema_for_additional_abis ... ok
Rust	Test Rust workspace	2026-09-24T15:02:15.4123183Z test package_kind_target_contract_and_publisher_scope_are_checked ... ok
Rust	Test Rust workspace	2026-09-24T15:02:15.4124336Z test object_survives_source_change_restart_and_repeat_import_without_trust_persistence ... ok
Rust	Test Rust workspace	2026-09-24T15:02:15.4153192Z test relative_review_artifact_reads_are_bounded_and_reject_link_components ... ok
Rust	Test Rust workspace	2026-09-24T15:02:15.4304004Z test policy_reader_pins_exact_bytes_and_reacquires_dependencies ... ok
Rust	Test Rust workspace	2026-09-24T15:02:15.4371567Z test explicit_multi_abi_policy_preserves_manifest_kind_target_and_trust_checks ... ok
Rust	Test Rust workspace	2026-09-24T15:02:15.4497033Z test signed_content_is_immutable_and_signature_is_bound_to_key_identity ... ok
Rust	Test Rust workspace	2026-09-24T15:02:15.4613594Z test signing_key_alias_has_distinct_object_and_misnamed_valid_objects_are_rejected ... ok
Rust	Test Rust workspace	2026-09-24T15:02:15.4627272Z test verification_policy_fingerprint_preserves_all_u64_limits ... ok
Rust	Test Rust workspace	2026-09-24T15:02:15.4651460Z test store_and_import_reject_symlinks_and_store_handles_survive_root_path_replacement ... ok
Rust	Test Rust workspace	2026-09-24T15:02:15.4718596Z test store_ownership_marker_and_unpublished_objects_cannot_be_bypassed ... ok
Rust	Test Rust workspace	2026-09-24T15:02:15.5012214Z test stored_package_dependencies_are_rechecked_after_revocation ... ok
Rust	Test Rust workspace	2026-09-24T15:02:15.5013298Z 
Rust	Test Rust workspace	2026-09-24T15:02:15.5013988Z test result: ok. 21 passed; 0 failed; 0 ignored; 0 measured; 0 filtered out; finished in 0.19s
Rust	Test Rust workspace	2026-09-24T15:02:15.5015047Z 
Rust	Test Rust workspace	2026-09-24T15:02:15.5017483Z ^[[1m^[[92m     Running^[[0m unittests src/lib.rs (target/debug/deps/rx_platformd-f7665ee93c2415e7)
Rust	Test Rust workspace	2026-09-24T15:02:15.5028935Z 
Rust	Test Rust workspace	2026-09-24T15:02:15.5029147Z running 0 tests
Rust	Test Rust workspace	2026-09-24T15:02:15.5029429Z 
Rust	Test Rust workspace	2026-09-24T15:02:15.5029995Z test result: ok. 0 passed; 0 failed; 0 ignored; 0 measured; 0 filtered out; finished in 0.00s
Rust	Test Rust workspace	2026-09-24T15:02:15.5030840Z 
Rust	Test Rust workspace	2026-09-24T15:02:15.5031914Z ^[[1m^[[92m     Running^[[0m unittests src/bin/rx-package-store.rs (target/debug/deps/rx_package_store-8bf972bb4b7fcc4b)
Rust	Test Rust workspace	2026-09-24T15:02:15.5041809Z 
Rust	Test Rust workspace	2026-09-24T15:02:15.5042180Z running 0 tests
Rust	Test Rust workspace	2026-09-24T15:02:15.5042510Z 
Rust	Test Rust workspace	2026-09-24T15:02:15.5043337Z test result: ok. 0 passed; 0 failed; 0 ignored; 0 measured; 0 filtered out; finished in 0.00s
Rust	Test Rust workspace	2026-09-24T15:02:15.5044044Z 
Rust	Test Rust workspace	2026-09-24T15:02:15.5044695Z ^[[1m^[[92m     Running^[[0m unittests src/main.rs (target/debug/deps/rx_platformd-7ecb7e219c2b8fe3)
Rust	Test Rust workspace	2026-09-24T15:02:15.5054517Z 
Rust	Test Rust workspace	2026-09-24T15:02:15.5054838Z running 0 tests
Rust	Test Rust workspace	2026-09-24T15:02:15.5055172Z 
Rust	Test Rust workspace	2026-09-24T15:02:15.5055808Z test result: ok. 0 passed; 0 failed; 0 ignored; 0 measured; 0 filtered out; finished in 0.00s
Rust	Test Rust workspace	2026-09-24T15:02:15.5056520Z 
Rust	Test Rust workspace	2026-09-24T15:02:15.5057354Z ^[[1m^[[92m     Running^[[0m tests/composition.rs (target/debug/deps/composition-760c95526928924a)
Rust	Test Rust workspace	2026-09-24T15:02:15.5081352Z 
Rust	Test Rust workspace	2026-09-24T15:02:15.5081574Z running 10 tests
Rust	Test Rust workspace	2026-09-24T15:02:17.3244386Z test configured_operator_ui_is_verified_before_installation_and_rejects_mutable_roots ... ok
Rust	Test Rust workspace	2026-09-24T15:02:19.2955450Z test configured_operator_ui_serves_over_terminal_https_without_creating_runs_or_qualification ... ok
Rust	Test Rust workspace	2026-09-24T15:02:19.2957281Z test export_container_fixture ... ignored, tools/test_platform_image.py requests isolated temporary container inputs
Rust	Test Rust workspace	2026-09-24T15:02:20.3343313Z test invalid_pins_or_catalog_never_publish_a_partial_installation ... ok
Rust	Test Rust workspace	2026-09-24T15:02:21.9794902Z test configured_package_intake_uses_real_terminal_https_and_retains_history_across_restart ... ok
Rust	Test Rust workspace	2026-09-24T15:02:22.8604087Z test composed_startup_restart_and_stop_preserve_store_and_never_start_a_run ... ok
Rust	Test Rust workspace	2026-09-24T15:02:22.9426069Z test configured_process_review_records_separate_account_approval_over_terminal_https ... ok
Rust	Test Rust workspace	2026-09-24T15:02:23.2253924Z test operator_ui_compares_resolved_aliases_with_missing_directory_suffixes ... ok
Rust	Test Rust workspace	2026-09-24T15:02:23.7194629Z test operator_ui_rejects_parent_traversal_in_mutable_directory_locations ... ok
Rust	Test Rust workspace	2026-09-24T15:02:24.2646637Z test linux_executable_uses_shared_clock_and_sigterm_commits_process_stop ... ok
Rust	Test Rust workspace	2026-09-24T15:02:24.2647861Z 
Rust	Test Rust workspace	2026-09-24T15:02:24.2648762Z test result: ok. 9 passed; 0 failed; 1 ignored; 0 measured; 0 filtered out; finished in 8.76s
Rust	Test Rust workspace	2026-09-24T15:02:24.2650184Z 
Rust	Test Rust workspace	2026-09-24T15:02:24.2695728Z ^[[1m^[[92m     Running^[[0m tests/delivery_fixture.rs (target/debug/deps/delivery_fixture-9a5e597d7c839f3e)
Rust	Test Rust workspace	2026-09-24T15:02:24.2709771Z 
Rust	Test Rust workspace	2026-09-24T15:02:24.2710018Z running 3 tests
Rust	Test Rust workspace	2026-09-24T15:02:24.2713405Z test export_delivery_final ... ignored, explicit phase77 final export; requires actual S product compiler/package outputs
Rust	Test Rust workspace	2026-09-24T15:02:24.2714447Z test export_delivery_seed ... ignored, explicit phase77 seed export; requires a fresh output directory
Rust	Test Rust workspace	2026-09-24T15:02:24.2715738Z test sign_delivery ... ignored, explicit external test-only signer; never a product signing service
Rust	Test Rust workspace	2026-09-24T15:02:24.2716377Z 
Rust	Test Rust workspace	2026-09-24T15:02:24.2716888Z test result: ok. 0 passed; 0 failed; 3 ignored; 0 measured; 0 filtered out; finished in 0.00s
Rust	Test Rust workspace	2026-09-24T15:02:24.2717618Z 
Rust	Test Rust workspace	2026-09-24T15:02:24.2718565Z ^[[1m^[[92m     Running^[[0m unittests src/lib.rs (target/debug/deps/rx_ports-c834cce2dddbde46)
Rust	Test Rust workspace	2026-09-24T15:02:24.2726300Z 
Rust	Test Rust workspace	2026-09-24T15:02:24.2726696Z running 0 tests
Rust	Test Rust workspace	2026-09-24T15:02:24.2727135Z 
Rust	Test Rust workspace	2026-09-24T15:02:24.2727642Z test result: ok. 0 passed; 0 failed; 0 ignored; 0 measured; 0 filtered out; finished in 0.00s
Rust	Test Rust workspace	2026-09-24T15:02:24.2728381Z 
Rust	Test Rust workspace	2026-09-24T15:02:24.2730305Z ^[[1m^[[92m     Running^[[0m unittests src/lib.rs (target/debug/deps/rx_process_contract-cd8724eef0ab0226)
Rust	Test Rust workspace	2026-09-24T15:02:24.2741738Z 
Rust	Test Rust workspace	2026-09-24T15:02:24.2741937Z running 5 tests
Rust	Test Rust workspace	2026-09-24T15:02:24.2763392Z test device_catalog::tests::duplicate_conditions_are_rejected_instead_of_normalized_away ... ok
Rust	Test Rust workspace	2026-09-24T15:02:24.2790384Z test compile_input::tests::altered_bundle_source_is_not_accepted_under_the_original_digest ... ok
Rust	Test Rust workspace	2026-09-24T15:02:24.2791705Z test source_validation::tests::a_full_error_budget_does_not_attempt_to_follow_missing_nodes ... ok
Rust	Test Rust workspace	2026-09-24T15:02:24.2793518Z test source_validation::tests::source_validation_does_not_claim_binding_or_package_approval ... ok
Rust	Test Rust workspace	2026-09-24T15:02:24.2823227Z test source_validation::tests::recursive_calls_unreachable_nodes_and_expansion_overflow_are_invalid ... ok
Rust	Test Rust workspace	2026-09-24T15:02:24.2824128Z 
Rust	Test Rust workspace	2026-09-24T15:02:24.2824694Z test result: ok. 5 passed; 0 failed; 0 ignored; 0 measured; 0 filtered out; finished in 0.01s
Rust	Test Rust workspace	2026-09-24T15:02:24.2825281Z 
Rust	Test Rust workspace	2026-09-24T15:02:24.2825979Z ^[[1m^[[92m     Running^[[0m tests/native_outcome.rs (target/debug/deps/native_outcome-dc878e1a99df7601)
Rust	Test Rust workspace	2026-09-24T15:02:24.2836080Z 
Rust	Test Rust workspace	2026-09-24T15:02:24.2836250Z running 2 tests
Rust	Test Rust workspace	2026-09-24T15:02:24.2842165Z test table_is_strict_data_and_missing_pair_cannot_resolve ... ok
Rust	Test Rust workspace	2026-09-24T15:02:24.2843230Z test table_rejects_duplicates_conflicts_and_oversized_code_sets ... ok
Rust	Test Rust workspace	2026-09-24T15:02:24.2843811Z 
Rust	Test Rust workspace	2026-09-24T15:02:24.2844422Z test result: ok. 2 passed; 0 failed; 0 ignored; 0 measured; 0 filtered out; finished in 0.00s
Rust	Test Rust workspace	2026-09-24T15:02:24.2845027Z 
Rust	Test Rust workspace	2026-09-24T15:02:24.2845698Z ^[[1m^[[92m     Running^[[0m unittests src/lib.rs (target/debug/deps/rx_protocol-8e600f775fe2c348)
Rust	Test Rust workspace	2026-09-24T15:02:24.2855397Z 
Rust	Test Rust workspace	2026-09-24T15:02:24.2855768Z running 1 test
Rust	Test Rust workspace	2026-09-24T15:02:24.3011315Z test checkpoint_rejection::tests::text_transport_errors_and_malformed_or_duplicated_details_do_not_prove_rejection ... ok
Rust	Test Rust workspace	2026-09-24T15:02:24.3013425Z ^[[1m^[[92m     Running^[[0m tests/grpc_boundary.rs (target/debug/deps/grpc_boundary-cbfdad1df6ab9d49)
Rust	Test Rust workspace	2026-09-24T15:02:24.3014168Z 
Rust	Test Rust workspace	2026-09-24T15:02:24.3014718Z test result: ok. 1 passed; 0 failed; 0 ignored; 0 measured; 0 filtered out; finished in 0.02s
Rust	Test Rust workspace	2026-09-24T15:02:24.3015444Z 
Rust	Test Rust workspace	2026-09-24T15:02:24.3026149Z 
Rust	Test Rust workspace	2026-09-24T15:02:24.3026328Z running 1 test
Rust	Test Rust workspace	2026-09-24T15:02:24.3229366Z test malformed_wire_never_reaches_generated_service_handler ... ok
Rust	Test Rust workspace	2026-09-24T15:02:24.3229983Z 
Rust	Test Rust workspace	2026-09-24T15:02:24.3230532Z test result: ok. 1 passed; 0 failed; 0 ignored; 0 measured; 0 filtered out; finished in 0.02s
Rust	Test Rust workspace	2026-09-24T15:02:24.3231148Z 
Rust	Test Rust workspace	2026-09-24T15:02:24.3236923Z ^[[1m^[[92m     Running^[[0m tests/wire.rs (target/debug/deps/wire-6f1fcf181e910857)
Rust	Test Rust workspace	2026-09-24T15:02:24.3250516Z 
Rust	Test Rust workspace	2026-09-24T15:02:24.3251396Z running 11 tests
Rust	Test Rust workspace	2026-09-24T15:02:24.3260838Z test document_manifest_hashes_remain_the_negotiation_identity ... ok
Rust	Test Rust workspace	2026-09-24T15:02:24.3484850Z test core_enum_numbers_and_cell_union_tags_are_stable ... ok
Rust	Test Rust workspace	2026-09-24T15:02:24.3486521Z test explicit_false_zero_and_optional_zero_survive_binary_roundtrip ... ok
Rust	Test Rust workspace	2026-09-24T15:02:24.3487861Z test nested_duplicate_singular_is_not_merged ... ok
Rust	Test Rust workspace	2026-09-24T15:02:24.3489572Z test nonfinite_numbers_rejected_in_scalar_and_packed_vector ... ok
Rust	Test Rust workspace	2026-09-24T15:02:24.3509594Z test json_is_rx_projection_not_protojson ... ok
Rust	Test Rust workspace	2026-09-24T15:02:24.3511074Z test prost_last_wins_and_unknown_field_behavior_is_blocked_before_decode ... ok
Rust	Test Rust workspace	2026-09-24T15:02:24.3512084Z test unknown_enum_bad_wire_and_varint_overflow_are_rejected ... ok
Rust	Test Rust workspace	2026-09-24T15:02:24.3513301Z test fixed_digest_hex_and_oneof_contracts_are_checked ... ok
Rust	Test Rust workspace	2026-09-24T15:02:24.3522046Z test intent_crosses_json_protobuf_domain_without_changing_frozen_digest ... ok
Rust	Test Rust workspace	2026-09-24T15:02:24.3547241Z test numbered_fields_match_frozen_documents_independently_of_generator ... ok
Rust	Test Rust workspace	2026-09-24T15:02:24.3547731Z 
Rust	Test Rust workspace	2026-09-24T15:02:24.3548306Z test result: ok. 11 passed; 0 failed; 0 ignored; 0 measured; 0 filtered out; finished in 0.03s
Rust	Test Rust workspace	2026-09-24T15:02:24.3548765Z 
Rust	Test Rust workspace	2026-09-24T15:02:24.3556124Z ^[[1m^[[92m     Running^[[0m unittests src/lib.rs (target/debug/deps/rx_protocol_adapter-f29592df5d00300b)
Rust	Test Rust workspace	2026-09-24T15:02:24.3568712Z 
Rust	Test Rust workspace	2026-09-24T15:02:24.3569029Z running 2 tests
Rust	Test Rust workspace	2026-09-24T15:02:24.3746656Z test operation::tests::unknown_and_late_contradiction_preserve_distinct_result_integrity_and_release_axes ... ok
Rust	Test Rust workspace	2026-09-24T15:02:24.3774354Z test workflow::tests::frozen_run_view_preserves_counters_slots_and_each_run_state ... ok
Rust	Test Rust workspace	2026-09-24T15:02:24.3774767Z 
Rust	Test Rust workspace	2026-09-24T15:02:24.3775323Z test result: ok. 2 passed; 0 failed; 0 ignored; 0 measured; 0 filtered out; finished in 0.02s
Rust	Test Rust workspace	2026-09-24T15:02:24.3776204Z 
Rust	Test Rust workspace	2026-09-24T15:02:24.3781593Z ^[[1m^[[92m     Running^[[0m tests/evidence.rs (target/debug/deps/evidence-958198b27fc807d2)
Rust	Test Rust workspace	2026-09-24T15:02:24.3793312Z 
Rust	Test Rust workspace	2026-09-24T15:02:24.3793659Z running 2 tests
Rust	Test Rust workspace	2026-09-24T15:02:24.3798979Z test native_result_round_trip_keeps_vendor_id_payload_and_full_width_values ... ok
Rust	Test Rust workspace	2026-09-24T15:02:24.3800398Z ^[[1m^[[92m     Running^[[0m unittests src/lib.rs (target/debug/deps/rx_runtime-27fd1eef80a0665a)
Rust	Test Rust workspace	2026-09-24T15:02:24.3802142Z test projection_only_evidence_cannot_be_claimed_as_a_complete_source ... ok
Rust	Test Rust workspace	2026-09-24T15:02:24.3804519Z 
Rust	Test Rust workspace	2026-09-24T15:02:24.3805007Z test result: ok. 2 passed; 0 failed; 0 ignored; 0 measured; 0 filtered out; finished in 0.00s
Rust	Test Rust workspace	2026-09-24T15:02:24.3805650Z 
Rust	Test Rust workspace	2026-09-24T15:02:24.3810471Z 
Rust	Test Rust workspace	2026-09-24T15:02:24.3810690Z running 0 tests
Rust	Test Rust workspace	2026-09-24T15:02:24.3810953Z 
Rust	Test Rust workspace	2026-09-24T15:02:24.3811405Z test result: ok. 0 passed; 0 failed; 0 ignored; 0 measured; 0 filtered out; finished in 0.00s
Rust	Test Rust workspace	2026-09-24T15:02:24.3812057Z 
Rust	Test Rust workspace	2026-09-24T15:02:24.3813612Z ^[[1m^[[92m     Running^[[0m tests/writer.rs (target/debug/deps/writer-bcecf11c2e7da772)
Rust	Test Rust workspace	2026-09-24T15:02:24.3825653Z 
Rust	Test Rust workspace	2026-09-24T15:02:24.3825960Z running 3 tests
Rust	Test Rust workspace	2026-09-24T15:02:24.3993604Z test dropped_response_still_commits_and_shutdown_drains ... ok
Rust	Test Rust workspace	2026-09-24T15:02:24.4097643Z test normal_load_cannot_consume_control_reserve_and_control_is_scheduled_first ... ok
Rust	Test Rust workspace	2026-09-24T15:02:24.4727344Z test panic_closes_admission_without_retrying_the_command ... ok
Rust	Test Rust workspace	2026-09-24T15:02:24.4727757Z 
Rust	Test Rust workspace	2026-09-24T15:02:24.4728040Z test result: ok. 3 passed; 0 failed; 0 ignored; 0 measured; 0 filtered out; finished in 0.09s
Rust	Test Rust workspace	2026-09-24T15:02:24.4728445Z 
Rust	Test Rust workspace	2026-09-24T15:02:24.4805817Z ^[[1m^[[92m     Running^[[0m unittests src/lib.rs (target/debug/deps/rx_storage-c671c5cfb02467d7)
Rust	Test Rust workspace	2026-09-24T15:02:24.4818886Z 
Rust	Test Rust workspace	2026-09-24T15:02:24.4819121Z running 1 test
Rust	Test Rust workspace	2026-09-24T15:02:24.4965877Z test ownership_close_tests::sqlite_close_failure_retains_ownership_until_process_exit ... ok
Rust	Test Rust workspace	2026-09-24T15:02:24.4966991Z 
Rust	Test Rust workspace	2026-09-24T15:02:24.4967484Z test result: ok. 1 passed; 0 failed; 0 ignored; 0 measured; 0 filtered out; finished in 0.01s
Rust	Test Rust workspace	2026-09-24T15:02:24.4968005Z 
Rust	Test Rust workspace	2026-09-24T15:02:24.4971156Z ^[[1m^[[92m     Running^[[0m tests/atomicity.rs (target/debug/deps/atomicity-48aec588bc6a691e)
Rust	Test Rust workspace	2026-09-24T15:02:24.4982997Z 
Rust	Test Rust workspace	2026-09-24T15:02:24.4983390Z running 12 tests
Rust	Test Rust workspace	2026-09-24T15:02:24.5121505Z test one_transaction_commits_state_key_event_and_outbox ... ok
Rust	Test Rust workspace	2026-09-24T15:02:24.5157016Z test control_projection_and_sequence_roll_back_together_and_ignore_audit_appends ... ok
Rust	Test Rust workspace	2026-09-24T15:02:24.5252841Z test metadata_compatibility_upgrade_preserves_record_bytes_and_rejects_future_stores ... ok
Rust	Test Rust workspace	2026-09-24T15:02:24.5286638Z test online_backup_preserves_committed_state_without_copying_live_db_file ... ok
Rust	Test Rust workspace	2026-09-24T15:02:24.5397855Z test request_identity_survives_reopening_and_namespace_isolated ... ok
Rust	Test Rust workspace	2026-09-24T15:02:24.5474624Z test pending_outbox_pages_are_exclusive_and_do_not_starve_later_ids ... ok
Rust	Test Rust workspace	2026-09-24T15:02:24.5478798Z test second_runtime_cannot_open_owned_database ... ok
Rust	Test Rust workspace	2026-09-24T15:02:24.5485649Z test schema_upgrade_preserves_emitted_work_and_delivered_records_never_resurrect ... ok
Rust	Test Rust workspace	2026-09-24T15:02:24.5495486Z test failure_at_each_commit_component_rolls_everything_back ... ok
Rust	Test Rust workspace	2026-09-24T15:02:24.5606494Z test snapshot_is_a_cut_and_after_is_exclusive ... ok
Rust	Test Rust workspace	2026-09-24T15:02:24.5607883Z test voided_outbox_cannot_be_resurrected_or_sent ... ok
Rust	Test Rust workspace	2026-09-24T15:02:24.5618813Z test stale_revision_does_not_partially_record_an_event ... ok
Rust	Test Rust workspace	2026-09-24T15:02:24.5619448Z 
Rust	Test Rust workspace	2026-09-24T15:02:24.5620005Z test result: ok. 12 passed; 0 failed; 0 ignored; 0 measured; 0 filtered out; finished in 0.06s
Rust	Test Rust workspace	2026-09-24T15:02:24.5620723Z 
Rust	Test Rust workspace	2026-09-24T15:02:24.5624693Z ^[[1m^[[92m     Running^[[0m tests/ownership.rs (target/debug/deps/ownership-1b6289d39a964036)
Rust	Test Rust workspace	2026-09-24T15:02:24.5640552Z 
Rust	Test Rust workspace	2026-09-24T15:02:24.5640805Z running 3 tests
Rust	Test Rust workspace	2026-09-24T15:02:24.5682848Z test failed_initialization_releases_its_own_lock_but_failed_acquisition_never_releases_another ... ok
Rust	Test Rust workspace	2026-09-24T15:02:24.5766485Z test live_writer_failed_contenders_and_rollback_preserve_exclusion_then_close_reopens_history ... ok
Rust	Test Rust workspace	2026-09-24T15:02:24.5927141Z test unwinding_transaction_does_not_release_live_owner ... ok
Rust	Test Rust workspace	2026-09-24T15:02:24.5927734Z 
Rust	Test Rust workspace	2026-09-24T15:02:24.5928272Z test result: ok. 3 passed; 0 failed; 0 ignored; 0 measured; 0 filtered out; finished in 0.03s
Rust	Test Rust workspace	2026-09-24T15:02:24.5928835Z 
Rust	Test Rust workspace	2026-09-24T15:02:24.5949865Z ^[[1m^[[92m   Doc-tests^[[0m rx_api
Rust	Test Rust workspace	2026-09-24T15:02:24.7896167Z 
Rust	Test Rust workspace	2026-09-24T15:02:24.7896750Z running 0 tests
Rust	Test Rust workspace	2026-09-24T15:02:24.7897197Z 
Rust	Test Rust workspace	2026-09-24T15:02:24.7897805Z test result: ok. 0 passed; 0 failed; 0 ignored; 0 measured; 0 filtered out; finished in 0.00s
Rust	Test Rust workspace	2026-09-24T15:02:24.7898372Z 
Rust	Test Rust workspace	2026-09-24T15:02:24.7913755Z ^[[1m^[[92m   Doc-tests^[[0m rx_application
Rust	Test Rust workspace	2026-09-24T15:02:25.9314268Z 
Rust	Test Rust workspace	2026-09-24T15:02:25.9314879Z running 0 tests
Rust	Test Rust workspace	2026-09-24T15:02:25.9315246Z 
Rust	Test Rust workspace	2026-09-24T15:02:25.9315813Z test result: ok. 0 passed; 0 failed; 0 ignored; 0 measured; 0 filtered out; finished in 0.00s
Rust	Test Rust workspace	2026-09-24T15:02:25.9316442Z 
Rust	Test Rust workspace	2026-09-24T15:02:25.9330649Z ^[[1m^[[92m   Doc-tests^[[0m rx_domain
Rust	Test Rust workspace	2026-09-24T15:02:26.1199668Z 
Rust	Test Rust workspace	2026-09-24T15:02:26.1200140Z running 0 tests
Rust	Test Rust workspace	2026-09-24T15:02:26.1200472Z 
Rust	Test Rust workspace	2026-09-24T15:02:26.1200902Z test result: ok. 0 passed; 0 failed; 0 ignored; 0 measured; 0 filtered out; finished in 0.00s
Rust	Test Rust workspace	2026-09-24T15:02:26.1201422Z 
Rust	Test Rust workspace	2026-09-24T15:02:26.1217320Z ^[[1m^[[92m   Doc-tests^[[0m rx_host_client
Rust	Test Rust workspace	2026-09-24T15:02:26.2116431Z 
Rust	Test Rust workspace	2026-09-24T15:02:26.2117038Z running 0 tests
Rust	Test Rust workspace	2026-09-24T15:02:26.2117393Z 
Rust	Test Rust workspace	2026-09-24T15:02:26.2117975Z test result: ok. 0 passed; 0 failed; 0 ignored; 0 measured; 0 filtered out; finished in 0.00s
Rust	Test Rust workspace	2026-09-24T15:02:26.2118701Z 
Rust	Test Rust workspace	2026-09-24T15:02:26.2140402Z ^[[1m^[[92m   Doc-tests^[[0m rx_package
Rust	Test Rust workspace	2026-09-24T15:02:26.3077430Z 
Rust	Test Rust workspace	2026-09-24T15:02:26.3077921Z running 0 tests
Rust	Test Rust workspace	2026-09-24T15:02:26.3078377Z 
Rust	Test Rust workspace	2026-09-24T15:02:26.3079087Z test result: ok. 0 passed; 0 failed; 0 ignored; 0 measured; 0 filtered out; finished in 0.00s
Rust	Test Rust workspace	2026-09-24T15:02:26.3079884Z 
Rust	Test Rust workspace	2026-09-24T15:02:26.3091968Z ^[[1m^[[92m   Doc-tests^[[0m rx_platformd
Rust	Test Rust workspace	2026-09-24T15:02:26.3776504Z 
Rust	Test Rust workspace	2026-09-24T15:02:26.3777044Z running 0 tests
Rust	Test Rust workspace	2026-09-24T15:02:26.3777460Z 
Rust	Test Rust workspace	2026-09-24T15:02:26.3778190Z test result: ok. 0 passed; 0 failed; 0 ignored; 0 measured; 0 filtered out; finished in 0.00s
Rust	Test Rust workspace	2026-09-24T15:02:26.3778840Z 
Rust	Test Rust workspace	2026-09-24T15:02:26.3794370Z ^[[1m^[[92m   Doc-tests^[[0m rx_ports
Rust	Test Rust workspace	2026-09-24T15:02:26.4115942Z 
Rust	Test Rust workspace	2026-09-24T15:02:26.4116412Z running 0 tests
Rust	Test Rust workspace	2026-09-24T15:02:26.4116811Z 
Rust	Test Rust workspace	2026-09-24T15:02:26.4117498Z test result: ok. 0 passed; 0 failed; 0 ignored; 0 measured; 0 filtered out; finished in 0.00s
Rust	Test Rust workspace	2026-09-24T15:02:26.4118135Z 
Rust	Test Rust workspace	2026-09-24T15:02:26.4130331Z ^[[1m^[[92m   Doc-tests^[[0m rx_process_contract
Rust	Test Rust workspace	2026-09-24T15:02:26.6496005Z 
Rust	Test Rust workspace	2026-09-24T15:02:26.6496557Z running 0 tests
Rust	Test Rust workspace	2026-09-24T15:02:26.6496999Z 
Rust	Test Rust workspace	2026-09-24T15:02:26.6497716Z test result: ok. 0 passed; 0 failed; 0 ignored; 0 measured; 0 filtered out; finished in 0.00s
Rust	Test Rust workspace	2026-09-24T15:02:26.6498417Z 
Rust	Test Rust workspace	2026-09-24T15:02:26.6513940Z ^[[1m^[[92m   Doc-tests^[[0m rx_protocol
Rust	Test Rust workspace	2026-09-24T15:02:27.0945415Z 
Rust	Test Rust workspace	2026-09-24T15:02:27.0945951Z running 0 tests
Rust	Test Rust workspace	2026-09-24T15:02:27.0946340Z 
Rust	Test Rust workspace	2026-09-24T15:02:27.0947051Z test result: ok. 0 passed; 0 failed; 0 ignored; 0 measured; 0 filtered out; finished in 0.00s
Rust	Test Rust workspace	2026-09-24T15:02:27.0947664Z 
Rust	Test Rust workspace	2026-09-24T15:02:27.0963246Z ^[[1m^[[92m   Doc-tests^[[0m rx_protocol_adapter
Rust	Test Rust workspace	2026-09-24T15:02:27.1277281Z 
Rust	Test Rust workspace	2026-09-24T15:02:27.1277683Z running 0 tests
Rust	Test Rust workspace	2026-09-24T15:02:27.1278065Z 
Rust	Test Rust workspace	2026-09-24T15:02:27.1278733Z test result: ok. 0 passed; 0 failed; 0 ignored; 0 measured; 0 filtered out; finished in 0.00s
Rust	Test Rust workspace	2026-09-24T15:02:27.1279465Z 
Rust	Test Rust workspace	2026-09-24T15:02:27.1291492Z ^[[1m^[[92m   Doc-tests^[[0m rx_runtime
Rust	Test Rust workspace	2026-09-24T15:02:27.1714412Z 
Rust	Test Rust workspace	2026-09-24T15:02:27.1714832Z running 0 tests
Rust	Test Rust workspace	2026-09-24T15:02:27.1715225Z 
Rust	Test Rust workspace	2026-09-24T15:02:27.1715918Z test result: ok. 0 passed; 0 failed; 0 ignored; 0 measured; 0 filtered out; finished in 0.00s
Rust	Test Rust workspace	2026-09-24T15:02:27.1716613Z 
Rust	Test Rust workspace	2026-09-24T15:02:27.1730553Z ^[[1m^[[92m   Doc-tests^[[0m rx_storage
Rust	Test Rust workspace	2026-09-24T15:02:27.1976597Z 
Rust	Test Rust workspace	2026-09-24T15:02:27.1977019Z running 2 tests
Rust	Test Rust workspace	2026-09-24T15:02:27.2302871Z test crates/rx-storage/src/ownership.rs - ownership::ExclusiveFileLock (line 15) - compile fail ... ok
Rust	Test Rust workspace	2026-09-24T15:02:27.2390395Z test crates/rx-storage/src/ownership.rs - ownership::ExclusiveFileLock (line 11) - compile fail ... ok
Rust	Test Rust workspace	2026-09-24T15:02:27.2391256Z 
Rust	Test Rust workspace	2026-09-24T15:02:27.2391712Z test result: ok. 2 passed; 0 failed; 0 ignored; 0 measured; 0 filtered out; finished in 0.04s
Rust	Test Rust workspace	2026-09-24T15:02:27.2392371Z 
Rust	Post Run actions/cache@0057852bfaa89a56745cba8c7296529d2fc39830	﻿2026-09-24T15:02:27.3182379Z Post job cleanup.
Rust	Post Run actions/cache@0057852bfaa89a56745cba8c7296529d2fc39830	2026-09-24T15:02:27.4285033Z (node:15538) [DEP0040] DeprecationWarning: The `punycode` module is deprecated. Please use a userland alternative instead.
Rust	Post Run actions/cache@0057852bfaa89a56745cba8c7296529d2fc39830	2026-09-24T15:02:27.4289935Z (Use `node --trace-deprecation ...` to show where the warning was created)
Rust	Post Run actions/cache@0057852bfaa89a56745cba8c7296529d2fc39830	2026-09-24T15:02:27.4534109Z [command]/usr/bin/tar --posix -cf cache.tzst --exclude cache.tzst -P -C /home/runner/work/rx-platform/rx-platform --files-from manifest.txt --use-compress-program zstdmt
Rust	Post Run actions/cache@0057852bfaa89a56745cba8c7296529d2fc39830	2026-09-24T15:02:52.4938594Z (node:15538) [DEP0169] DeprecationWarning: `url.parse()` behavior is not standardized and prone to errors that have security implications. Use the WHATWG URL API instead. CVEs are not issued for `url.parse()` vulnerabilities.
Rust	Post Run actions/cache@0057852bfaa89a56745cba8c7296529d2fc39830	2026-09-24T15:02:53.4740848Z Sent 0 of 2560787589 (0.0%), 0.0 MBs/sec
Rust	Post Run actions/cache@0057852bfaa89a56745cba8c7296529d2fc39830	2026-09-24T15:02:54.4745538Z Sent 0 of 2560787589 (0.0%), 0.0 MBs/sec
Rust	Post Run actions/cache@0057852bfaa89a56745cba8c7296529d2fc39830	2026-09-24T15:02:55.4749977Z Sent 536870912 of 2560787589 (21.0%), 170.6 MBs/sec
Rust	Post Run actions/cache@0057852bfaa89a56745cba8c7296529d2fc39830	2026-09-24T15:02:56.4783810Z Sent 1073741824 of 2560787589 (41.9%), 255.9 MBs/sec
Rust	Post Run actions/cache@0057852bfaa89a56745cba8c7296529d2fc39830	2026-09-24T15:02:57.4771995Z Sent 1342177280 of 2560787589 (52.4%), 255.8 MBs/sec
Rust	Post Run actions/cache@0057852bfaa89a56745cba8c7296529d2fc39830	2026-09-24T15:02:58.4799586Z Sent 1610612736 of 2560787589 (62.9%), 255.7 MBs/sec
Rust	Post Run actions/cache@0057852bfaa89a56745cba8c7296529d2fc39830	2026-09-24T15:02:59.4799337Z Sent 2158134405 of 2560787589 (84.3%), 293.8 MBs/sec
Rust	Post Run actions/cache@0057852bfaa89a56745cba8c7296529d2fc39830	2026-09-24T15:03:00.4805091Z Sent 2560787589 of 2560787589 (100.0%), 305.0 MBs/sec
Rust	Post Run actions/cache@0057852bfaa89a56745cba8c7296529d2fc39830	2026-09-24T15:03:01.0394916Z Cache saved with key: Linux-X64-rust-2392bc21c910933165eb1dace4f794eb8d755a9868039a4e3549d3d18eeaa5f6
Rust	Post Run actions/checkout@11d5960a326750d5838078e36cf38b85af677262	﻿2026-09-24T15:03:01.0605844Z Post job cleanup.
Rust	Post Run actions/checkout@11d5960a326750d5838078e36cf38b85af677262	2026-09-24T15:03:01.1588647Z [command]/usr/bin/git version
Rust	Post Run actions/checkout@11d5960a326750d5838078e36cf38b85af677262	2026-09-24T15:03:01.1636851Z git version 2.55.0
Rust	Post Run actions/checkout@11d5960a326750d5838078e36cf38b85af677262	2026-09-24T15:03:01.1680982Z Temporarily overriding HOME='/home/runner/work/_temp/4d32c526-1c37-46f9-89d4-61b941a58938' before making global git config changes
Rust	Post Run actions/checkout@11d5960a326750d5838078e36cf38b85af677262	2026-09-24T15:03:01.1683195Z Adding repository directory to the temporary git global config as a safe directory
Rust	Post Run actions/checkout@11d5960a326750d5838078e36cf38b85af677262	2026-09-24T15:03:01.1686928Z [command]/usr/bin/git config --global --add safe.directory /home/runner/work/rx-platform/rx-platform
Rust	Post Run actions/checkout@11d5960a326750d5838078e36cf38b85af677262	2026-09-24T15:03:01.1727528Z [command]/usr/bin/git config --local --name-only --get-regexp core\.sshCommand
Rust	Post Run actions/checkout@11d5960a326750d5838078e36cf38b85af677262	2026-09-24T15:03:01.1762307Z [command]/usr/bin/git submodule foreach --recursive sh -c "git config --local --name-only --get-regexp 'core\.sshCommand' && git config --local --unset-all 'core.sshCommand' || :"
Rust	Post Run actions/checkout@11d5960a326750d5838078e36cf38b85af677262	2026-09-24T15:03:01.2026867Z [command]/usr/bin/git config --local --name-only --get-regexp http\.https\:\/\/github\.com\/\.extraheader
Rust	Post Run actions/checkout@11d5960a326750d5838078e36cf38b85af677262	2026-09-24T15:03:01.2062920Z [command]/usr/bin/git submodule foreach --recursive sh -c "git config --local --name-only --get-regexp 'http\.https\:\/\/github\.com\/\.extraheader' && git config --local --unset-all 'http.https://github.com/.extraheader' || :"
Rust	Post Run actions/checkout@11d5960a326750d5838078e36cf38b85af677262	2026-09-24T15:03:01.2305485Z [command]/usr/bin/git config --local --name-only --get-regexp ^includeIf\.gitdir:
Rust	Post Run actions/checkout@11d5960a326750d5838078e36cf38b85af677262	2026-09-24T15:03:01.2340307Z [command]/usr/bin/git submodule foreach --recursive git config --local --show-origin --name-only --get-regexp remote.origin.url
Rust	Complete job	﻿2026-09-24T15:03:01.2802398Z Cleaning up orphan processes
Rust	Complete job	2026-09-24T15:03:01.3225230Z ##[warning]Node.js 20 is deprecated. The following actions target Node.js 20 but are being forced to run on Node.js 24: actions/cache@0057852bfaa89a56745cba8c7296529d2fc39830, actions/checkout@11d5960a326750d5838078e36cf38b85af677262. For more information see: https://github.blog/changelog/2025-09-19-deprecation-of-node-20-on-github-actions-runners/
Repository and GitFlow	Set up job	﻿2026-09-24T14:57:28.8529885Z Current runner version: '2.337.0'
Repository and GitFlow	Set up job	2026-09-24T14:57:28.8550514Z ##[group]Runner Image Provisioner
Repository and GitFlow	Set up job	2026-09-24T14:57:28.8551707Z Hosted Compute Agent
Repository and GitFlow	Set up job	2026-09-24T14:57:28.8552321Z Version: 20260828.587
Repository and GitFlow	Set up job	2026-09-24T14:57:28.8552918Z Commit: abac92662cab4cc7352de4f9f9d2e2419aad9c29
Repository and GitFlow	Set up job	2026-09-24T14:57:28.8553615Z Build Date: 2026-08-28T16:44:25Z
Repository and GitFlow	Set up job	2026-09-24T14:57:28.8554300Z Worker ID: {6d3e9b27-3691-4318-aff1-5c1d7c4288a6}
Repository and GitFlow	Set up job	2026-09-24T14:57:28.8554989Z Azure Region: westus3
Repository and GitFlow	Set up job	2026-09-24T14:57:28.8555557Z ##[endgroup]
Repository and GitFlow	Set up job	2026-09-24T14:57:28.8556799Z ##[group]Operating System
Repository and GitFlow	Set up job	2026-09-24T14:57:28.8557362Z Ubuntu
Repository and GitFlow	Set up job	2026-09-24T14:57:28.8557880Z 24.04.5
Repository and GitFlow	Set up job	2026-09-24T14:57:28.8558355Z LTS
Repository and GitFlow	Set up job	2026-09-24T14:57:28.8558818Z ##[endgroup]
Repository and GitFlow	Set up job	2026-09-24T14:57:28.8559354Z ##[group]Runner Image
Repository and GitFlow	Set up job	2026-09-24T14:57:28.8559927Z Image: ubuntu-24.04
Repository and GitFlow	Set up job	2026-09-24T14:57:28.8560485Z Version: 20260920.314.1
Repository and GitFlow	Set up job	2026-09-24T14:57:28.8561645Z Included Software: https://github.com/actions/runner-images/blob/ubuntu24/20260920.314/images/ubuntu/Ubuntu2404-Readme.md
Repository and GitFlow	Set up job	2026-09-24T14:57:28.8563205Z Image Release: https://github.com/actions/runner-images/releases/tag/ubuntu24%2F20260920.314
Repository and GitFlow	Set up job	2026-09-24T14:57:28.8564105Z ##[endgroup]
Repository and GitFlow	Set up job	2026-09-24T14:57:28.8565123Z ##[group]GITHUB_TOKEN Permissions
Repository and GitFlow	Set up job	2026-09-24T14:57:28.8566964Z Contents: read
Repository and GitFlow	Set up job	2026-09-24T14:57:28.8567529Z Metadata: read
Repository and GitFlow	Set up job	2026-09-24T14:57:28.8568043Z ##[endgroup]
Repository and GitFlow	Set up job	2026-09-24T14:57:28.8569759Z Secret source: Actions
Repository and GitFlow	Set up job	2026-09-24T14:57:28.8570809Z Cache mode: write
Repository and GitFlow	Set up job	2026-09-24T14:57:28.8571467Z Prepare workflow directory
Repository and GitFlow	Set up job	2026-09-24T14:57:28.8932647Z Prepare all required actions
Repository and GitFlow	Set up job	2026-09-24T14:57:28.8977964Z Getting action download info
Repository and GitFlow	Set up job	2026-09-24T14:57:29.2211407Z Download action repository 'actions/checkout@11d5960a326750d5838078e36cf38b85af677262' (SHA:11d5960a326750d5838078e36cf38b85af677262)
Repository and GitFlow	Set up job	2026-09-24T14:57:29.3899225Z Complete job name: Repository and GitFlow
Repository and GitFlow	Run actions/checkout@11d5960a326750d5838078e36cf38b85af677262	﻿2026-09-24T14:57:29.4516009Z ##[group]Run actions/checkout@11d5960a326750d5838078e36cf38b85af677262
Repository and GitFlow	Run actions/checkout@11d5960a326750d5838078e36cf38b85af677262	2026-09-24T14:57:29.4517030Z with:
Repository and GitFlow	Run actions/checkout@11d5960a326750d5838078e36cf38b85af677262	2026-09-24T14:57:29.4517652Z   persist-credentials: false
Repository and GitFlow	Run actions/checkout@11d5960a326750d5838078e36cf38b85af677262	2026-09-24T14:57:29.4518269Z   fetch-depth: 0
Repository and GitFlow	Run actions/checkout@11d5960a326750d5838078e36cf38b85af677262	2026-09-24T14:57:29.4518821Z   repository: jack0682/rx-platform
Repository and GitFlow	Run actions/checkout@11d5960a326750d5838078e36cf38b85af677262	2026-09-24T14:57:29.4523022Z   token: ***
Repository and GitFlow	Run actions/checkout@11d5960a326750d5838078e36cf38b85af677262	2026-09-24T14:57:29.4523528Z   ssh-strict: true
Repository and GitFlow	Run actions/checkout@11d5960a326750d5838078e36cf38b85af677262	2026-09-24T14:57:29.4524046Z   ssh-user: git
Repository and GitFlow	Run actions/checkout@11d5960a326750d5838078e36cf38b85af677262	2026-09-24T14:57:29.4524568Z   clean: true
Repository and GitFlow	Run actions/checkout@11d5960a326750d5838078e36cf38b85af677262	2026-09-24T14:57:29.4525079Z   sparse-checkout-cone-mode: true
Repository and GitFlow	Run actions/checkout@11d5960a326750d5838078e36cf38b85af677262	2026-09-24T14:57:29.4525675Z   fetch-tags: false
Repository and GitFlow	Run actions/checkout@11d5960a326750d5838078e36cf38b85af677262	2026-09-24T14:57:29.4526164Z   show-progress: true
Repository and GitFlow	Run actions/checkout@11d5960a326750d5838078e36cf38b85af677262	2026-09-24T14:57:29.4526669Z   lfs: false
Repository and GitFlow	Run actions/checkout@11d5960a326750d5838078e36cf38b85af677262	2026-09-24T14:57:29.4527128Z   submodules: false
Repository and GitFlow	Run actions/checkout@11d5960a326750d5838078e36cf38b85af677262	2026-09-24T14:57:29.4527609Z   set-safe-directory: true
Repository and GitFlow	Run actions/checkout@11d5960a326750d5838078e36cf38b85af677262	2026-09-24T14:57:29.4528204Z   allow-unsafe-pr-checkout: false
Repository and GitFlow	Run actions/checkout@11d5960a326750d5838078e36cf38b85af677262	2026-09-24T14:57:29.4528926Z ##[endgroup]
Repository and GitFlow	Run actions/checkout@11d5960a326750d5838078e36cf38b85af677262	2026-09-24T14:57:29.5448921Z Syncing repository: jack0682/rx-platform
Repository and GitFlow	Run actions/checkout@11d5960a326750d5838078e36cf38b85af677262	2026-09-24T14:57:29.5451640Z ##[group]Getting Git version info
Repository and GitFlow	Run actions/checkout@11d5960a326750d5838078e36cf38b85af677262	2026-09-24T14:57:29.5452837Z Working directory is '/home/runner/work/rx-platform/rx-platform'
Repository and GitFlow	Run actions/checkout@11d5960a326750d5838078e36cf38b85af677262	2026-09-24T14:57:29.5454275Z [command]/usr/bin/git version
Repository and GitFlow	Run actions/checkout@11d5960a326750d5838078e36cf38b85af677262	2026-09-24T14:57:29.5508769Z git version 2.55.0
Repository and GitFlow	Run actions/checkout@11d5960a326750d5838078e36cf38b85af677262	2026-09-24T14:57:29.5523656Z ##[endgroup]
Repository and GitFlow	Run actions/checkout@11d5960a326750d5838078e36cf38b85af677262	2026-09-24T14:57:29.5534218Z Temporarily overriding HOME='/home/runner/work/_temp/02834514-b99e-4734-aaea-8881db91a2e1' before making global git config changes
Repository and GitFlow	Run actions/checkout@11d5960a326750d5838078e36cf38b85af677262	2026-09-24T14:57:29.5536320Z Adding repository directory to the temporary git global config as a safe directory
Repository and GitFlow	Run actions/checkout@11d5960a326750d5838078e36cf38b85af677262	2026-09-24T14:57:29.5538173Z [command]/usr/bin/git config --global --add safe.directory /home/runner/work/rx-platform/rx-platform
Repository and GitFlow	Run actions/checkout@11d5960a326750d5838078e36cf38b85af677262	2026-09-24T14:57:29.5580323Z Deleting the contents of '/home/runner/work/rx-platform/rx-platform'
Repository and GitFlow	Run actions/checkout@11d5960a326750d5838078e36cf38b85af677262	2026-09-24T14:57:29.5593458Z ##[group]Initializing the repository
Repository and GitFlow	Run actions/checkout@11d5960a326750d5838078e36cf38b85af677262	2026-09-24T14:57:29.5610307Z [command]/usr/bin/git init /home/runner/work/rx-platform/rx-platform
Repository and GitFlow	Run actions/checkout@11d5960a326750d5838078e36cf38b85af677262	2026-09-24T14:57:29.5683680Z hint: Using 'master' as the name for the initial branch. This default branch name
Repository and GitFlow	Run actions/checkout@11d5960a326750d5838078e36cf38b85af677262	2026-09-24T14:57:29.5685725Z hint: will change to "main" in Git 3.0. To configure the initial branch name
Repository and GitFlow	Run actions/checkout@11d5960a326750d5838078e36cf38b85af677262	2026-09-24T14:57:29.5687072Z hint: to use in all of your new repositories, which will suppress this warning,
Repository and GitFlow	Run actions/checkout@11d5960a326750d5838078e36cf38b85af677262	2026-09-24T14:57:29.5688343Z hint: call:
Repository and GitFlow	Run actions/checkout@11d5960a326750d5838078e36cf38b85af677262	2026-09-24T14:57:29.5689222Z hint:
Repository and GitFlow	Run actions/checkout@11d5960a326750d5838078e36cf38b85af677262	2026-09-24T14:57:29.5689955Z hint: 	git config --global init.defaultBranch <name>
Repository and GitFlow	Run actions/checkout@11d5960a326750d5838078e36cf38b85af677262	2026-09-24T14:57:29.5691031Z hint:
Repository and GitFlow	Run actions/checkout@11d5960a326750d5838078e36cf38b85af677262	2026-09-24T14:57:29.5691953Z hint: Names commonly chosen instead of 'master' are 'main', 'trunk' and
Repository and GitFlow	Run actions/checkout@11d5960a326750d5838078e36cf38b85af677262	2026-09-24T14:57:29.5693189Z hint: 'development'. The just-created branch can be renamed via this command:
Repository and GitFlow	Run actions/checkout@11d5960a326750d5838078e36cf38b85af677262	2026-09-24T14:57:29.5694299Z hint:
Repository and GitFlow	Run actions/checkout@11d5960a326750d5838078e36cf38b85af677262	2026-09-24T14:57:29.5694933Z hint: 	git branch -m <name>
Repository and GitFlow	Run actions/checkout@11d5960a326750d5838078e36cf38b85af677262	2026-09-24T14:57:29.5695633Z hint:
Repository and GitFlow	Run actions/checkout@11d5960a326750d5838078e36cf38b85af677262	2026-09-24T14:57:29.5696583Z hint: Disable this message with "git config set advice.defaultBranchName false"
Repository and GitFlow	Run actions/checkout@11d5960a326750d5838078e36cf38b85af677262	2026-09-24T14:57:29.5698345Z Initialized empty Git repository in /home/runner/work/rx-platform/rx-platform/.git/
Repository and GitFlow	Run actions/checkout@11d5960a326750d5838078e36cf38b85af677262	2026-09-24T14:57:29.5701137Z [command]/usr/bin/git remote add origin https://github.com/jack0682/rx-platform
Repository and GitFlow	Run actions/checkout@11d5960a326750d5838078e36cf38b85af677262	2026-09-24T14:57:29.5746000Z ##[endgroup]
Repository and GitFlow	Run actions/checkout@11d5960a326750d5838078e36cf38b85af677262	2026-09-24T14:57:29.5747499Z ##[group]Disabling automatic garbage collection
Repository and GitFlow	Run actions/checkout@11d5960a326750d5838078e36cf38b85af677262	2026-09-24T14:57:29.5749192Z [command]/usr/bin/git config --local gc.auto 0
Repository and GitFlow	Run actions/checkout@11d5960a326750d5838078e36cf38b85af677262	2026-09-24T14:57:29.5778260Z ##[endgroup]
Repository and GitFlow	Run actions/checkout@11d5960a326750d5838078e36cf38b85af677262	2026-09-24T14:57:29.5779811Z ##[group]Setting up auth
Repository and GitFlow	Run actions/checkout@11d5960a326750d5838078e36cf38b85af677262	2026-09-24T14:57:29.5785132Z [command]/usr/bin/git config --local --name-only --get-regexp core\.sshCommand
Repository and GitFlow	Run actions/checkout@11d5960a326750d5838078e36cf38b85af677262	2026-09-24T14:57:29.5814417Z [command]/usr/bin/git submodule foreach --recursive sh -c "git config --local --name-only --get-regexp 'core\.sshCommand' && git config --local --unset-all 'core.sshCommand' || :"
Repository and GitFlow	Run actions/checkout@11d5960a326750d5838078e36cf38b85af677262	2026-09-24T14:57:29.6107534Z [command]/usr/bin/git config --local --name-only --get-regexp http\.https\:\/\/github\.com\/\.extraheader
Repository and GitFlow	Run actions/checkout@11d5960a326750d5838078e36cf38b85af677262	2026-09-24T14:57:29.6135219Z [command]/usr/bin/git submodule foreach --recursive sh -c "git config --local --name-only --get-regexp 'http\.https\:\/\/github\.com\/\.extraheader' && git config --local --unset-all 'http.https://github.com/.extraheader' || :"
Repository and GitFlow	Run actions/checkout@11d5960a326750d5838078e36cf38b85af677262	2026-09-24T14:57:29.6323525Z [command]/usr/bin/git config --local --name-only --get-regexp ^includeIf\.gitdir:
Repository and GitFlow	Run actions/checkout@11d5960a326750d5838078e36cf38b85af677262	2026-09-24T14:57:29.6343985Z [command]/usr/bin/git submodule foreach --recursive git config --local --show-origin --name-only --get-regexp remote.origin.url
Repository and GitFlow	Run actions/checkout@11d5960a326750d5838078e36cf38b85af677262	2026-09-24T14:57:29.6505589Z [command]/usr/bin/git config --local http.https://github.com/.extraheader AUTHORIZATION: basic ***
Repository and GitFlow	Run actions/checkout@11d5960a326750d5838078e36cf38b85af677262	2026-09-24T14:57:29.6536058Z ##[endgroup]
Repository and GitFlow	Run actions/checkout@11d5960a326750d5838078e36cf38b85af677262	2026-09-24T14:57:29.6537147Z ##[group]Fetching the repository
Repository and GitFlow	Run actions/checkout@11d5960a326750d5838078e36cf38b85af677262	2026-09-24T14:57:29.6544421Z [command]/usr/bin/git -c protocol.version=2 fetch --prune --no-recurse-submodules origin +refs/heads/*:refs/remotes/origin/* +refs/tags/*:refs/tags/* +1f198009c5c022e106fa8d0542b0e37601c9f174:refs/remotes/pull/20/merge
Repository and GitFlow	Run actions/checkout@11d5960a326750d5838078e36cf38b85af677262	2026-09-24T14:57:30.7631469Z From https://github.com/jack0682/rx-platform
Repository and GitFlow	Run actions/checkout@11d5960a326750d5838078e36cf38b85af677262	2026-09-24T14:57:30.7633519Z  * [new branch]      develop                                  -> origin/develop
Repository and GitFlow	Run actions/checkout@11d5960a326750d5838078e36cf38b85af677262	2026-09-24T14:57:30.7635566Z  * [new branch]      feature/g2-authenticated-release-origin  -> origin/feature/g2-authenticated-release-origin
Repository and GitFlow	Run actions/checkout@11d5960a326750d5838078e36cf38b85af677262	2026-09-24T14:57:30.7637559Z  * [new branch]      main                                     -> origin/main
Repository and GitFlow	Run actions/checkout@11d5960a326750d5838078e36cf38b85af677262	2026-09-24T14:57:30.7639316Z  * [new tag]         archive/initial-draft-2026-09-14         -> archive/initial-draft-2026-09-14
Repository and GitFlow	Run actions/checkout@11d5960a326750d5838078e36cf38b85af677262	2026-09-24T14:57:30.7641430Z  * [new tag]         archive/investigation-wip-2026-09-14     -> archive/investigation-wip-2026-09-14
Repository and GitFlow	Run actions/checkout@11d5960a326750d5838078e36cf38b85af677262	2026-09-24T14:57:30.7643287Z  * [new tag]         codex/initial-draft                      -> codex/initial-draft
Repository and GitFlow	Run actions/checkout@11d5960a326750d5838078e36cf38b85af677262	2026-09-24T14:57:30.7644921Z  * [new tag]         codex/investigation-wip                  -> codex/investigation-wip
Repository and GitFlow	Run actions/checkout@11d5960a326750d5838078e36cf38b85af677262	2026-09-24T14:57:30.7646932Z  * [new tag]         draft-v0.1                               -> draft-v0.1
Repository and GitFlow	Run actions/checkout@11d5960a326750d5838078e36cf38b85af677262	2026-09-24T14:57:30.7648436Z  * [new ref]         1f198009c5c022e106fa8d0542b0e37601c9f174 -> pull/20/merge
Repository and GitFlow	Run actions/checkout@11d5960a326750d5838078e36cf38b85af677262	2026-09-24T14:57:30.7653237Z ##[endgroup]
Repository and GitFlow	Run actions/checkout@11d5960a326750d5838078e36cf38b85af677262	2026-09-24T14:57:30.7654251Z ##[group]Determining the checkout info
Repository and GitFlow	Run actions/checkout@11d5960a326750d5838078e36cf38b85af677262	2026-09-24T14:57:30.7655284Z ##[endgroup]
Repository and GitFlow	Run actions/checkout@11d5960a326750d5838078e36cf38b85af677262	2026-09-24T14:57:30.7655920Z [command]/usr/bin/git sparse-checkout disable
Repository and GitFlow	Run actions/checkout@11d5960a326750d5838078e36cf38b85af677262	2026-09-24T14:57:30.7699493Z [command]/usr/bin/git config --local --unset-all extensions.worktreeConfig
Repository and GitFlow	Run actions/checkout@11d5960a326750d5838078e36cf38b85af677262	2026-09-24T14:57:30.7739138Z ##[group]Checking out the ref
Repository and GitFlow	Run actions/checkout@11d5960a326750d5838078e36cf38b85af677262	2026-09-24T14:57:30.7742519Z [command]/usr/bin/git checkout --progress --force refs/remotes/pull/20/merge
Repository and GitFlow	Run actions/checkout@11d5960a326750d5838078e36cf38b85af677262	2026-09-24T14:57:30.8073418Z Note: switching to 'refs/remotes/pull/20/merge'.
Repository and GitFlow	Run actions/checkout@11d5960a326750d5838078e36cf38b85af677262	2026-09-24T14:57:30.8077833Z 
Repository and GitFlow	Run actions/checkout@11d5960a326750d5838078e36cf38b85af677262	2026-09-24T14:57:30.8079221Z You are in 'detached HEAD' state. You can look around, make experimental
Repository and GitFlow	Run actions/checkout@11d5960a326750d5838078e36cf38b85af677262	2026-09-24T14:57:30.8082295Z changes and commit them, and you can discard any commits you make in this
Repository and GitFlow	Run actions/checkout@11d5960a326750d5838078e36cf38b85af677262	2026-09-24T14:57:30.8085146Z state without impacting any branches by switching back to a branch.
Repository and GitFlow	Run actions/checkout@11d5960a326750d5838078e36cf38b85af677262	2026-09-24T14:57:30.8086645Z 
Repository and GitFlow	Run actions/checkout@11d5960a326750d5838078e36cf38b85af677262	2026-09-24T14:57:30.8087489Z If you want to create a new branch to retain commits you create, you may
Repository and GitFlow	Run actions/checkout@11d5960a326750d5838078e36cf38b85af677262	2026-09-24T14:57:30.8090015Z do so (now or later) by using -c with the switch command. Example:
Repository and GitFlow	Run actions/checkout@11d5960a326750d5838078e36cf38b85af677262	2026-09-24T14:57:30.8091731Z 
Repository and GitFlow	Run actions/checkout@11d5960a326750d5838078e36cf38b85af677262	2026-09-24T14:57:30.8092390Z   git switch -c <new-branch-name>
Repository and GitFlow	Run actions/checkout@11d5960a326750d5838078e36cf38b85af677262	2026-09-24T14:57:30.8093693Z 
Repository and GitFlow	Run actions/checkout@11d5960a326750d5838078e36cf38b85af677262	2026-09-24T14:57:30.8094359Z Or undo this operation with:
Repository and GitFlow	Run actions/checkout@11d5960a326750d5838078e36cf38b85af677262	2026-09-24T14:57:30.8095703Z 
Repository and GitFlow	Run actions/checkout@11d5960a326750d5838078e36cf38b85af677262	2026-09-24T14:57:30.8096199Z   git switch -
Repository and GitFlow	Run actions/checkout@11d5960a326750d5838078e36cf38b85af677262	2026-09-24T14:57:30.8096736Z 
Repository and GitFlow	Run actions/checkout@11d5960a326750d5838078e36cf38b85af677262	2026-09-24T14:57:30.8097733Z Turn off this advice by setting config variable advice.detachedHead to false
Repository and GitFlow	Run actions/checkout@11d5960a326750d5838078e36cf38b85af677262	2026-09-24T14:57:30.8099128Z 
Repository and GitFlow	Run actions/checkout@11d5960a326750d5838078e36cf38b85af677262	2026-09-24T14:57:30.8100960Z HEAD is now at 1f19800 Merge 95fbba235bd0c28ffcf51a7fe71717c8ab17d41f into 980308500d321c4275c0e4a391f6c0a5c693cbbb
Repository and GitFlow	Run actions/checkout@11d5960a326750d5838078e36cf38b85af677262	2026-09-24T14:57:30.8106502Z ##[endgroup]
Repository and GitFlow	Run actions/checkout@11d5960a326750d5838078e36cf38b85af677262	2026-09-24T14:57:30.8123692Z [command]/usr/bin/git log -1 --format=%H
Repository and GitFlow	Run actions/checkout@11d5960a326750d5838078e36cf38b85af677262	2026-09-24T14:57:30.8146270Z 1f198009c5c022e106fa8d0542b0e37601c9f174
Repository and GitFlow	Run actions/checkout@11d5960a326750d5838078e36cf38b85af677262	2026-09-24T14:57:30.8155820Z ##[group]Removing auth
Repository and GitFlow	Run actions/checkout@11d5960a326750d5838078e36cf38b85af677262	2026-09-24T14:57:30.8160985Z [command]/usr/bin/git config --local --name-only --get-regexp core\.sshCommand
Repository and GitFlow	Run actions/checkout@11d5960a326750d5838078e36cf38b85af677262	2026-09-24T14:57:30.8188173Z [command]/usr/bin/git submodule foreach --recursive sh -c "git config --local --name-only --get-regexp 'core\.sshCommand' && git config --local --unset-all 'core.sshCommand' || :"
Repository and GitFlow	Run actions/checkout@11d5960a326750d5838078e36cf38b85af677262	2026-09-24T14:57:30.8370833Z [command]/usr/bin/git config --local --name-only --get-regexp http\.https\:\/\/github\.com\/\.extraheader
Repository and GitFlow	Run actions/checkout@11d5960a326750d5838078e36cf38b85af677262	2026-09-24T14:57:30.8392326Z http.https://github.com/.extraheader
Repository and GitFlow	Run actions/checkout@11d5960a326750d5838078e36cf38b85af677262	2026-09-24T14:57:30.8399867Z [command]/usr/bin/git config --local --unset-all http.https://github.com/.extraheader
Repository and GitFlow	Run actions/checkout@11d5960a326750d5838078e36cf38b85af677262	2026-09-24T14:57:30.8430919Z [command]/usr/bin/git submodule foreach --recursive sh -c "git config --local --name-only --get-regexp 'http\.https\:\/\/github\.com\/\.extraheader' && git config --local --unset-all 'http.https://github.com/.extraheader' || :"
Repository and GitFlow	Run actions/checkout@11d5960a326750d5838078e36cf38b85af677262	2026-09-24T14:57:30.8599465Z [command]/usr/bin/git config --local --name-only --get-regexp ^includeIf\.gitdir:
Repository and GitFlow	Run actions/checkout@11d5960a326750d5838078e36cf38b85af677262	2026-09-24T14:57:30.8626376Z [command]/usr/bin/git submodule foreach --recursive git config --local --show-origin --name-only --get-regexp remote.origin.url
Repository and GitFlow	Run actions/checkout@11d5960a326750d5838078e36cf38b85af677262	2026-09-24T14:57:30.8796629Z ##[endgroup]
Repository and GitFlow	Test repository checks	﻿2026-09-24T14:57:30.9030327Z ##[group]Run python3 .github/test_repository.py
Repository and GitFlow	Test repository checks	2026-09-24T14:57:30.9032555Z ^[[36;1mpython3 .github/test_repository.py^[[0m
Repository and GitFlow	Test repository checks	2026-09-24T14:57:30.9034202Z ^[[36;1mpython3 .github/test_commit_policy.py^[[0m
Repository and GitFlow	Test repository checks	2026-09-24T14:57:30.9205665Z shell: /usr/bin/bash --noprofile --norc -e -o pipefail {0}
Repository and GitFlow	Test repository checks	2026-09-24T14:57:30.9207404Z ##[endgroup]
Repository and GitFlow	Test repository checks	2026-09-24T14:57:31.1005029Z ........................
Repository and GitFlow	Test repository checks	2026-09-24T14:57:31.1007427Z ----------------------------------------------------------------------
Repository and GitFlow	Test repository checks	2026-09-24T14:57:31.1009167Z Ran 24 tests in 0.010s
Repository and GitFlow	Test repository checks	2026-09-24T14:57:31.1009880Z 
Repository and GitFlow	Test repository checks	2026-09-24T14:57:31.1010346Z OK
Repository and GitFlow	Test repository checks	2026-09-24T14:57:34.3383471Z .................
Repository and GitFlow	Test repository checks	2026-09-24T14:57:34.3384858Z ----------------------------------------------------------------------
Repository and GitFlow	Test repository checks	2026-09-24T14:57:34.3386061Z Ran 17 tests in 3.153s
Repository and GitFlow	Test repository checks	2026-09-24T14:57:34.3386683Z 
Repository and GitFlow	Test repository checks	2026-09-24T14:57:34.3387493Z OK
Repository and GitFlow	Check DCO and verified OpenPGP signatures	﻿2026-09-24T14:57:34.3584791Z ##[group]Run python3 tools/check_commit_policy.py --head "$HEAD_SHA" --github-repository "$GITHUB_REPOSITORY"
Repository and GitFlow	Check DCO and verified OpenPGP signatures	2026-09-24T14:57:34.3585479Z ^[[36;1mpython3 tools/check_commit_policy.py --head "$HEAD_SHA" --github-repository "$GITHUB_REPOSITORY"^[[0m
Repository and GitFlow	Check DCO and verified OpenPGP signatures	2026-09-24T14:57:34.3627079Z shell: /usr/bin/bash --noprofile --norc -e -o pipefail {0}
Repository and GitFlow	Check DCO and verified OpenPGP signatures	2026-09-24T14:57:34.3627682Z env:
Repository and GitFlow	Check DCO and verified OpenPGP signatures	2026-09-24T14:57:34.3629963Z   GH_TOKEN: ***
Repository and GitFlow	Check DCO and verified OpenPGP signatures	2026-09-24T14:57:34.3630238Z   HEAD_SHA: 95fbba235bd0c28ffcf51a7fe71717c8ab17d41f
Repository and GitFlow	Check DCO and verified OpenPGP signatures	2026-09-24T14:57:34.3630626Z ##[endgroup]
Repository and GitFlow	Check DCO and verified OpenPGP signatures	2026-09-24T14:57:56.7406888Z OK: 42 commits audited; 42 author sign-offs; 0 recorded historical DCO violations; all signatures verified OpenPGP
Repository and GitFlow	Validate PR branch route	﻿2026-09-24T14:57:56.7529479Z ##[group]Run python3 tools/check_repository.py --event "$GITHUB_EVENT_PATH"
Repository and GitFlow	Validate PR branch route	2026-09-24T14:57:56.7530127Z ^[[36;1mpython3 tools/check_repository.py --event "$GITHUB_EVENT_PATH"^[[0m
Repository and GitFlow	Validate PR branch route	2026-09-24T14:57:56.7570304Z shell: /usr/bin/bash --noprofile --norc -e -o pipefail {0}
Repository and GitFlow	Validate PR branch route	2026-09-24T14:57:56.7570920Z ##[endgroup]
Repository and GitFlow	Validate PR branch route	2026-09-24T14:57:56.8063727Z Repository checks passed.
Repository and GitFlow	Validate JSON, local links and contract integrity	﻿2026-09-24T14:57:56.8145159Z ##[group]Run python3 tools/check_repository.py
Repository and GitFlow	Validate JSON, local links and contract integrity	2026-09-24T14:57:56.8145624Z ^[[36;1mpython3 tools/check_repository.py^[[0m
Repository and GitFlow	Validate JSON, local links and contract integrity	2026-09-24T14:57:56.8181725Z shell: /usr/bin/bash --noprofile --norc -e -o pipefail {0}
Repository and GitFlow	Validate JSON, local links and contract integrity	2026-09-24T14:57:56.8182165Z ##[endgroup]
Repository and GitFlow	Validate JSON, local links and contract integrity	2026-09-24T14:57:57.0049062Z Checked 33 JSON files, local targets in 100 Markdown files, and two contract baselines; 0 links outside this checkout are not checked.
Repository and GitFlow	Validate JSON, local links and contract integrity	2026-09-24T14:57:57.0050334Z Repository checks passed.
Repository and GitFlow	Check invariant traceability	﻿2026-09-24T14:57:57.0136257Z ##[group]Run python3 tools/check_invariant_traceability.py
Repository and GitFlow	Check invariant traceability	2026-09-24T14:57:57.0136820Z ^[[36;1mpython3 tools/check_invariant_traceability.py^[[0m
Repository and GitFlow	Check invariant traceability	2026-09-24T14:57:57.0176049Z shell: /usr/bin/bash --noprofile --norc -e -o pipefail {0}
Repository and GitFlow	Check invariant traceability	2026-09-24T14:57:57.0176594Z ##[endgroup]
Repository and GitFlow	Check invariant traceability	2026-09-24T14:57:57.3031728Z Invariant traceability: I=12 OI=18; declared=10 uncovered=20; test links=16. Semantic coverage not checked.
Repository and GitFlow	Check contract baselines and SDK export regressions	﻿2026-09-24T14:57:57.3108984Z ##[group]Run python3 tools/check_contract_baselines.py
Repository and GitFlow	Check contract baselines and SDK export regressions	2026-09-24T14:57:57.3109503Z ^[[36;1mpython3 tools/check_contract_baselines.py^[[0m
Repository and GitFlow	Check contract baselines and SDK export regressions	2026-09-24T14:57:57.3109961Z ^[[36;1mpython3 tools/test_export_host_sdk.py^[[0m
Repository and GitFlow	Check contract baselines and SDK export regressions	2026-09-24T14:57:57.3148484Z shell: /usr/bin/bash --noprofile --norc -e -o pipefail {0}
Repository and GitFlow	Check contract baselines and SDK export regressions	2026-09-24T14:57:57.3148952Z ##[endgroup]
Repository and GitFlow	Check contract baselines and SDK export regressions	2026-09-24T14:57:57.3978920Z contracts: 4 normative files unchanged
Repository and GitFlow	Check contract baselines and SDK export regressions	2026-09-24T14:57:57.3979457Z cell_operations: 4 normative files unchanged
Repository and GitFlow	Check contract baselines and SDK export regressions	2026-09-24T14:57:57.6624545Z PASS: fresh inventory, modified destination preserved/refused, authority crate excluded
Repository and GitFlow	Check optional binding manifests without rewriting them	﻿2026-09-24T14:57:57.6719565Z ##[group]Run for checker in tools/update_*_binding.py; do
Repository and GitFlow	Check optional binding manifests without rewriting them	2026-09-24T14:57:57.6720117Z ^[[36;1mfor checker in tools/update_*_binding.py; do^[[0m
Repository and GitFlow	Check optional binding manifests without rewriting them	2026-09-24T14:57:57.6720558Z ^[[36;1m  python3 "$checker" --check^[[0m
Repository and GitFlow	Check optional binding manifests without rewriting them	2026-09-24T14:57:57.6721033Z ^[[36;1mdone^[[0m
Repository and GitFlow	Check optional binding manifests without rewriting them	2026-09-24T14:57:57.6761694Z shell: /usr/bin/bash --noprofile --norc -e -o pipefail {0}
Repository and GitFlow	Check optional binding manifests without rewriting them	2026-09-24T14:57:57.6762152Z ##[endgroup]
Repository and GitFlow	Check optional binding manifests without rewriting them	2026-09-24T14:57:57.7669157Z Assignment binding sources unchanged
Repository and GitFlow	Check optional binding manifests without rewriting them	2026-09-24T14:57:57.7993971Z Executor plan binding sources unchanged
Repository and GitFlow	Check optional binding manifests without rewriting them	2026-09-24T14:57:57.8308898Z Executor read binding sources unchanged
Repository and GitFlow	Check optional binding manifests without rewriting them	2026-09-24T14:57:57.8615781Z Host configuration binding unchanged
Repository and GitFlow	Check optional binding manifests without rewriting them	2026-09-24T14:57:57.8930159Z Host qualification binding unchanged
Repository and GitFlow	Check optional binding manifests without rewriting them	2026-09-24T14:57:57.9232638Z Host read binding unchanged
Repository and GitFlow	Check optional binding manifests without rewriting them	2026-09-24T14:57:57.9530203Z Production binding sources unchanged
Repository and GitFlow	Post Run actions/checkout@11d5960a326750d5838078e36cf38b85af677262	﻿2026-09-24T14:57:57.9695952Z Post job cleanup.
Repository and GitFlow	Post Run actions/checkout@11d5960a326750d5838078e36cf38b85af677262	2026-09-24T14:57:58.0461398Z [command]/usr/bin/git version
Repository and GitFlow	Post Run actions/checkout@11d5960a326750d5838078e36cf38b85af677262	2026-09-24T14:57:58.0500528Z git version 2.55.0
Repository and GitFlow	Post Run actions/checkout@11d5960a326750d5838078e36cf38b85af677262	2026-09-24T14:57:58.0537653Z Temporarily overriding HOME='/home/runner/work/_temp/24514db4-fb93-4f74-8134-3fc75ec24a7c' before making global git config changes
Repository and GitFlow	Post Run actions/checkout@11d5960a326750d5838078e36cf38b85af677262	2026-09-24T14:57:58.0538893Z Adding repository directory to the temporary git global config as a safe directory
Repository and GitFlow	Post Run actions/checkout@11d5960a326750d5838078e36cf38b85af677262	2026-09-24T14:57:58.0542567Z [command]/usr/bin/git config --global --add safe.directory /home/runner/work/rx-platform/rx-platform
Repository and GitFlow	Post Run actions/checkout@11d5960a326750d5838078e36cf38b85af677262	2026-09-24T14:57:58.1041866Z [command]/usr/bin/git config --local --name-only --get-regexp core\.sshCommand
Repository and GitFlow	Post Run actions/checkout@11d5960a326750d5838078e36cf38b85af677262	2026-09-24T14:57:58.1072728Z [command]/usr/bin/git submodule foreach --recursive sh -c "git config --local --name-only --get-regexp 'core\.sshCommand' && git config --local --unset-all 'core.sshCommand' || :"
Repository and GitFlow	Post Run actions/checkout@11d5960a326750d5838078e36cf38b85af677262	2026-09-24T14:57:58.1253224Z [command]/usr/bin/git config --local --name-only --get-regexp http\.https\:\/\/github\.com\/\.extraheader
Repository and GitFlow	Post Run actions/checkout@11d5960a326750d5838078e36cf38b85af677262	2026-09-24T14:57:58.1287153Z [command]/usr/bin/git submodule foreach --recursive sh -c "git config --local --name-only --get-regexp 'http\.https\:\/\/github\.com\/\.extraheader' && git config --local --unset-all 'http.https://github.com/.extraheader' || :"
Repository and GitFlow	Post Run actions/checkout@11d5960a326750d5838078e36cf38b85af677262	2026-09-24T14:57:58.1486562Z [command]/usr/bin/git config --local --name-only --get-regexp ^includeIf\.gitdir:
Repository and GitFlow	Post Run actions/checkout@11d5960a326750d5838078e36cf38b85af677262	2026-09-24T14:57:58.1514382Z [command]/usr/bin/git submodule foreach --recursive git config --local --show-origin --name-only --get-regexp remote.origin.url
Repository and GitFlow	Complete job	﻿2026-09-24T14:57:58.1808695Z Cleaning up orphan processes
Repository and GitFlow	Complete job	2026-09-24T14:57:58.2068324Z ##[warning]Node.js 20 is deprecated. The following actions target Node.js 20 but are being forced to run on Node.js 24: actions/checkout@11d5960a326750d5838078e36cf38b85af677262. For more information see: https://github.blog/changelog/2025-09-19-deprecation-of-node-20-on-github-actions-runners/
CI	Set up job	﻿2026-09-24T15:03:07.0098598Z Current runner version: '2.337.0'
CI	Set up job	2026-09-24T15:03:07.0116812Z ##[group]Runner Image Provisioner
CI	Set up job	2026-09-24T15:03:07.0117594Z Hosted Compute Agent
CI	Set up job	2026-09-24T15:03:07.0118055Z Version: 20260828.587
CI	Set up job	2026-09-24T15:03:07.0118604Z Commit: abac92662cab4cc7352de4f9f9d2e2419aad9c29
CI	Set up job	2026-09-24T15:03:07.0119197Z Build Date: 2026-08-28T16:44:25Z
CI	Set up job	2026-09-24T15:03:07.0119812Z Worker ID: {5ebb8e6b-55d3-4bf5-ae52-5db1600bb462}
CI	Set up job	2026-09-24T15:03:07.0120384Z Azure Region: westus3
CI	Set up job	2026-09-24T15:03:07.0120832Z ##[endgroup]
CI	Set up job	2026-09-24T15:03:07.0122038Z ##[group]Operating System
CI	Set up job	2026-09-24T15:03:07.0122566Z Ubuntu
CI	Set up job	2026-09-24T15:03:07.0123001Z 24.04.5
CI	Set up job	2026-09-24T15:03:07.0123449Z LTS
CI	Set up job	2026-09-24T15:03:07.0123918Z ##[endgroup]
CI	Set up job	2026-09-24T15:03:07.0124389Z ##[group]Runner Image
CI	Set up job	2026-09-24T15:03:07.0125024Z Image: ubuntu-24.04
CI	Set up job	2026-09-24T15:03:07.0125539Z Version: 20260920.314.1
CI	Set up job	2026-09-24T15:03:07.0126414Z Included Software: https://github.com/actions/runner-images/blob/ubuntu24/20260920.314/images/ubuntu/Ubuntu2404-Readme.md
CI	Set up job	2026-09-24T15:03:07.0127756Z Image Release: https://github.com/actions/runner-images/releases/tag/ubuntu24%2F20260920.314
CI	Set up job	2026-09-24T15:03:07.0128557Z ##[endgroup]
CI	Set up job	2026-09-24T15:03:07.0129450Z ##[group]GITHUB_TOKEN Permissions
CI	Set up job	2026-09-24T15:03:07.0131283Z Contents: read
CI	Set up job	2026-09-24T15:03:07.0131776Z Metadata: read
CI	Set up job	2026-09-24T15:03:07.0132496Z ##[endgroup]
CI	Set up job	2026-09-24T15:03:07.0134162Z Secret source: Actions
CI	Set up job	2026-09-24T15:03:07.0134958Z Cache mode: write
CI	Set up job	2026-09-24T15:03:07.0135539Z Prepare workflow directory
CI	Set up job	2026-09-24T15:03:07.1422261Z Prepare all required actions
CI	Set up job	2026-09-24T15:03:07.1480176Z Complete job name: CI
CI	Require every validation job to pass	﻿2026-09-24T15:03:07.2195459Z ##[group]Run python3 - <<'PYTHON'
CI	Require every validation job to pass	2026-09-24T15:03:07.2196167Z ^[[36;1mpython3 - <<'PYTHON'^[[0m
CI	Require every validation job to pass	2026-09-24T15:03:07.2196666Z ^[[36;1mimport json, os, sys^[[0m
CI	Require every validation job to pass	2026-09-24T15:03:07.2197229Z ^[[36;1mresults = json.loads(os.environ["NEEDS"])^[[0m
CI	Require every validation job to pass	2026-09-24T15:03:07.2198269Z ^[[36;1mfailed = {name: value["result"] for name, value in results.items() if value["result"] != "success"}^[[0m
CI	Require every validation job to pass	2026-09-24T15:03:07.2199098Z ^[[36;1mif failed:^[[0m
CI	Require every validation job to pass	2026-09-24T15:03:07.2199691Z ^[[36;1m    sys.exit(f"Required validation jobs did not pass: {failed}")^[[0m
CI	Require every validation job to pass	2026-09-24T15:03:07.2200406Z ^[[36;1mprint("All required validation jobs passed.")^[[0m
CI	Require every validation job to pass	2026-09-24T15:03:07.2201044Z ^[[36;1mPYTHON^[[0m
CI	Require every validation job to pass	2026-09-24T15:03:07.4556725Z shell: /usr/bin/bash --noprofile --norc -e -o pipefail {0}
CI	Require every validation job to pass	2026-09-24T15:03:07.4557619Z env:
CI	Require every validation job to pass	2026-09-24T15:03:07.4558378Z   NEEDS: {
CI	Require every validation job to pass	  "repository": {
CI	Require every validation job to pass	    "result": "success",
CI	Require every validation job to pass	    "outputs": {}
CI	Require every validation job to pass	  },
CI	Require every validation job to pass	  "rust": {
CI	Require every validation job to pass	    "result": "success",
CI	Require every validation job to pass	    "outputs": {}
CI	Require every validation job to pass	  }
CI	Require every validation job to pass	}
CI	Require every validation job to pass	2026-09-24T15:03:07.4559333Z ##[endgroup]
CI	Require every validation job to pass	2026-09-24T15:03:07.4897017Z All required validation jobs passed.
CI	Complete job	﻿2026-09-24T15:03:07.5082531Z Cleaning up orphan processes
