Rust	Set up job	﻿2026-09-24T15:08:57.0029302Z Current runner version: '2.337.0'
Rust	Set up job	2026-09-24T15:08:57.0057024Z ##[group]Runner Image Provisioner
Rust	Set up job	2026-09-24T15:08:57.0058031Z Hosted Compute Agent
Rust	Set up job	2026-09-24T15:08:57.0058657Z Version: 20260828.587
Rust	Set up job	2026-09-24T15:08:57.0059313Z Commit: abac92662cab4cc7352de4f9f9d2e2419aad9c29
Rust	Set up job	2026-09-24T15:08:57.0060139Z Build Date: 2026-08-28T16:44:25Z
Rust	Set up job	2026-09-24T15:08:57.0061038Z Worker ID: {3bf268aa-34a5-4997-9751-10ecedb80324}
Rust	Set up job	2026-09-24T15:08:57.0061804Z Azure Region: westus2
Rust	Set up job	2026-09-24T15:08:57.0062418Z ##[endgroup]
Rust	Set up job	2026-09-24T15:08:57.0063786Z ##[group]Operating System
Rust	Set up job	2026-09-24T15:08:57.0064577Z Ubuntu
Rust	Set up job	2026-09-24T15:08:57.0065167Z 24.04.5
Rust	Set up job	2026-09-24T15:08:57.0065735Z LTS
Rust	Set up job	2026-09-24T15:08:57.0066292Z ##[endgroup]
Rust	Set up job	2026-09-24T15:08:57.0066880Z ##[group]Runner Image
Rust	Set up job	2026-09-24T15:08:57.0067554Z Image: ubuntu-24.04
Rust	Set up job	2026-09-24T15:08:57.0068186Z Version: 20260920.314.1
Rust	Set up job	2026-09-24T15:08:57.0069264Z Included Software: https://github.com/actions/runner-images/blob/ubuntu24/20260920.314/images/ubuntu/Ubuntu2404-Readme.md
Rust	Set up job	2026-09-24T15:08:57.0071324Z Image Release: https://github.com/actions/runner-images/releases/tag/ubuntu24%2F20260920.314
Rust	Set up job	2026-09-24T15:08:57.0072417Z ##[endgroup]
Rust	Set up job	2026-09-24T15:08:57.0073621Z ##[group]GITHUB_TOKEN Permissions
Rust	Set up job	2026-09-24T15:08:57.0075599Z Contents: read
Rust	Set up job	2026-09-24T15:08:57.0076244Z Metadata: read
Rust	Set up job	2026-09-24T15:08:57.0076838Z ##[endgroup]
Rust	Set up job	2026-09-24T15:08:57.0079083Z Secret source: Actions
Rust	Set up job	2026-09-24T15:08:57.0080123Z Cache mode: write
Rust	Set up job	2026-09-24T15:08:57.0081117Z Prepare workflow directory
Rust	Set up job	2026-09-24T15:08:57.0539154Z Prepare all required actions
Rust	Set up job	2026-09-24T15:08:57.0586232Z Getting action download info
Rust	Set up job	2026-09-24T15:08:57.4138705Z Download action repository 'actions/checkout@11d5960a326750d5838078e36cf38b85af677262' (SHA:11d5960a326750d5838078e36cf38b85af677262)
Rust	Set up job	2026-09-24T15:08:57.5082606Z Download action repository 'actions/cache@0057852bfaa89a56745cba8c7296529d2fc39830' (SHA:0057852bfaa89a56745cba8c7296529d2fc39830)
Rust	Set up job	2026-09-24T15:08:57.7479977Z Complete job name: Rust
Rust	Run actions/checkout@11d5960a326750d5838078e36cf38b85af677262	﻿2026-09-24T15:08:57.8244099Z ##[group]Run actions/checkout@11d5960a326750d5838078e36cf38b85af677262
Rust	Run actions/checkout@11d5960a326750d5838078e36cf38b85af677262	2026-09-24T15:08:57.8245168Z with:
Rust	Run actions/checkout@11d5960a326750d5838078e36cf38b85af677262	2026-09-24T15:08:57.8245628Z   persist-credentials: false
Rust	Run actions/checkout@11d5960a326750d5838078e36cf38b85af677262	2026-09-24T15:08:57.8246161Z   repository: jack0682/rx-solutions
Rust	Run actions/checkout@11d5960a326750d5838078e36cf38b85af677262	2026-09-24T15:08:57.8249959Z   token: ***
Rust	Run actions/checkout@11d5960a326750d5838078e36cf38b85af677262	2026-09-24T15:08:57.8250396Z   ssh-strict: true
Rust	Run actions/checkout@11d5960a326750d5838078e36cf38b85af677262	2026-09-24T15:08:57.8251134Z   ssh-user: git
Rust	Run actions/checkout@11d5960a326750d5838078e36cf38b85af677262	2026-09-24T15:08:57.8251668Z   clean: true
Rust	Run actions/checkout@11d5960a326750d5838078e36cf38b85af677262	2026-09-24T15:08:57.8252135Z   sparse-checkout-cone-mode: true
Rust	Run actions/checkout@11d5960a326750d5838078e36cf38b85af677262	2026-09-24T15:08:57.8252667Z   fetch-depth: 1
Rust	Run actions/checkout@11d5960a326750d5838078e36cf38b85af677262	2026-09-24T15:08:57.8253101Z   fetch-tags: false
Rust	Run actions/checkout@11d5960a326750d5838078e36cf38b85af677262	2026-09-24T15:08:57.8253547Z   show-progress: true
Rust	Run actions/checkout@11d5960a326750d5838078e36cf38b85af677262	2026-09-24T15:08:57.8253993Z   lfs: false
Rust	Run actions/checkout@11d5960a326750d5838078e36cf38b85af677262	2026-09-24T15:08:57.8254405Z   submodules: false
Rust	Run actions/checkout@11d5960a326750d5838078e36cf38b85af677262	2026-09-24T15:08:57.8254898Z   set-safe-directory: true
Rust	Run actions/checkout@11d5960a326750d5838078e36cf38b85af677262	2026-09-24T15:08:57.8255407Z   allow-unsafe-pr-checkout: false
Rust	Run actions/checkout@11d5960a326750d5838078e36cf38b85af677262	2026-09-24T15:08:57.8256170Z env:
Rust	Run actions/checkout@11d5960a326750d5838078e36cf38b85af677262	2026-09-24T15:08:57.8256591Z   CARGO_TERM_COLOR: always
Rust	Run actions/checkout@11d5960a326750d5838078e36cf38b85af677262	2026-09-24T15:08:57.8257071Z   RUST_BACKTRACE: 1
Rust	Run actions/checkout@11d5960a326750d5838078e36cf38b85af677262	2026-09-24T15:08:57.8257504Z ##[endgroup]
Rust	Run actions/checkout@11d5960a326750d5838078e36cf38b85af677262	2026-09-24T15:08:57.9348124Z Syncing repository: jack0682/rx-solutions
Rust	Run actions/checkout@11d5960a326750d5838078e36cf38b85af677262	2026-09-24T15:08:57.9350125Z ##[group]Getting Git version info
Rust	Run actions/checkout@11d5960a326750d5838078e36cf38b85af677262	2026-09-24T15:08:57.9351207Z Working directory is '/home/runner/work/rx-solutions/rx-solutions'
Rust	Run actions/checkout@11d5960a326750d5838078e36cf38b85af677262	2026-09-24T15:08:57.9352348Z [command]/usr/bin/git version
Rust	Run actions/checkout@11d5960a326750d5838078e36cf38b85af677262	2026-09-24T15:08:57.9395595Z git version 2.55.0
Rust	Run actions/checkout@11d5960a326750d5838078e36cf38b85af677262	2026-09-24T15:08:57.9416067Z ##[endgroup]
Rust	Run actions/checkout@11d5960a326750d5838078e36cf38b85af677262	2026-09-24T15:08:57.9433737Z Temporarily overriding HOME='/home/runner/work/_temp/e1df6856-7a30-4845-a0d5-c128b386651b' before making global git config changes
Rust	Run actions/checkout@11d5960a326750d5838078e36cf38b85af677262	2026-09-24T15:08:57.9436112Z Adding repository directory to the temporary git global config as a safe directory
Rust	Run actions/checkout@11d5960a326750d5838078e36cf38b85af677262	2026-09-24T15:08:57.9439696Z [command]/usr/bin/git config --global --add safe.directory /home/runner/work/rx-solutions/rx-solutions
Rust	Run actions/checkout@11d5960a326750d5838078e36cf38b85af677262	2026-09-24T15:08:57.9491471Z Deleting the contents of '/home/runner/work/rx-solutions/rx-solutions'
Rust	Run actions/checkout@11d5960a326750d5838078e36cf38b85af677262	2026-09-24T15:08:57.9496041Z ##[group]Initializing the repository
Rust	Run actions/checkout@11d5960a326750d5838078e36cf38b85af677262	2026-09-24T15:08:57.9500007Z [command]/usr/bin/git init /home/runner/work/rx-solutions/rx-solutions
Rust	Run actions/checkout@11d5960a326750d5838078e36cf38b85af677262	2026-09-24T15:08:57.9580120Z hint: Using 'master' as the name for the initial branch. This default branch name
Rust	Run actions/checkout@11d5960a326750d5838078e36cf38b85af677262	2026-09-24T15:08:57.9582373Z hint: will change to "main" in Git 3.0. To configure the initial branch name
Rust	Run actions/checkout@11d5960a326750d5838078e36cf38b85af677262	2026-09-24T15:08:57.9584044Z hint: to use in all of your new repositories, which will suppress this warning,
Rust	Run actions/checkout@11d5960a326750d5838078e36cf38b85af677262	2026-09-24T15:08:57.9585288Z hint: call:
Rust	Run actions/checkout@11d5960a326750d5838078e36cf38b85af677262	2026-09-24T15:08:57.9586021Z hint:
Rust	Run actions/checkout@11d5960a326750d5838078e36cf38b85af677262	2026-09-24T15:08:57.9586853Z hint: 	git config --global init.defaultBranch <name>
Rust	Run actions/checkout@11d5960a326750d5838078e36cf38b85af677262	2026-09-24T15:08:57.9587867Z hint:
Rust	Run actions/checkout@11d5960a326750d5838078e36cf38b85af677262	2026-09-24T15:08:57.9588854Z hint: Names commonly chosen instead of 'master' are 'main', 'trunk' and
Rust	Run actions/checkout@11d5960a326750d5838078e36cf38b85af677262	2026-09-24T15:08:57.9590467Z hint: 'development'. The just-created branch can be renamed via this command:
Rust	Run actions/checkout@11d5960a326750d5838078e36cf38b85af677262	2026-09-24T15:08:57.9591848Z hint:
Rust	Run actions/checkout@11d5960a326750d5838078e36cf38b85af677262	2026-09-24T15:08:57.9592499Z hint: 	git branch -m <name>
Rust	Run actions/checkout@11d5960a326750d5838078e36cf38b85af677262	2026-09-24T15:08:57.9593377Z hint:
Rust	Run actions/checkout@11d5960a326750d5838078e36cf38b85af677262	2026-09-24T15:08:57.9594422Z hint: Disable this message with "git config set advice.defaultBranchName false"
Rust	Run actions/checkout@11d5960a326750d5838078e36cf38b85af677262	2026-09-24T15:08:57.9596175Z Initialized empty Git repository in /home/runner/work/rx-solutions/rx-solutions/.git/
Rust	Run actions/checkout@11d5960a326750d5838078e36cf38b85af677262	2026-09-24T15:08:57.9601751Z [command]/usr/bin/git remote add origin https://github.com/jack0682/rx-solutions
Rust	Run actions/checkout@11d5960a326750d5838078e36cf38b85af677262	2026-09-24T15:08:57.9648264Z ##[endgroup]
Rust	Run actions/checkout@11d5960a326750d5838078e36cf38b85af677262	2026-09-24T15:08:57.9649544Z ##[group]Disabling automatic garbage collection
Rust	Run actions/checkout@11d5960a326750d5838078e36cf38b85af677262	2026-09-24T15:08:57.9652100Z [command]/usr/bin/git config --local gc.auto 0
Rust	Run actions/checkout@11d5960a326750d5838078e36cf38b85af677262	2026-09-24T15:08:57.9688080Z ##[endgroup]
Rust	Run actions/checkout@11d5960a326750d5838078e36cf38b85af677262	2026-09-24T15:08:57.9689426Z ##[group]Setting up auth
Rust	Run actions/checkout@11d5960a326750d5838078e36cf38b85af677262	2026-09-24T15:08:57.9695903Z [command]/usr/bin/git config --local --name-only --get-regexp core\.sshCommand
Rust	Run actions/checkout@11d5960a326750d5838078e36cf38b85af677262	2026-09-24T15:08:57.9744802Z [command]/usr/bin/git submodule foreach --recursive sh -c "git config --local --name-only --get-regexp 'core\.sshCommand' && git config --local --unset-all 'core.sshCommand' || :"
Rust	Run actions/checkout@11d5960a326750d5838078e36cf38b85af677262	2026-09-24T15:08:58.0129449Z [command]/usr/bin/git config --local --name-only --get-regexp http\.https\:\/\/github\.com\/\.extraheader
Rust	Run actions/checkout@11d5960a326750d5838078e36cf38b85af677262	2026-09-24T15:08:58.0174235Z [command]/usr/bin/git submodule foreach --recursive sh -c "git config --local --name-only --get-regexp 'http\.https\:\/\/github\.com\/\.extraheader' && git config --local --unset-all 'http.https://github.com/.extraheader' || :"
Rust	Run actions/checkout@11d5960a326750d5838078e36cf38b85af677262	2026-09-24T15:08:58.0446999Z [command]/usr/bin/git config --local --name-only --get-regexp ^includeIf\.gitdir:
Rust	Run actions/checkout@11d5960a326750d5838078e36cf38b85af677262	2026-09-24T15:08:58.0487024Z [command]/usr/bin/git submodule foreach --recursive git config --local --show-origin --name-only --get-regexp remote.origin.url
Rust	Run actions/checkout@11d5960a326750d5838078e36cf38b85af677262	2026-09-24T15:08:58.0751449Z [command]/usr/bin/git config --local http.https://github.com/.extraheader AUTHORIZATION: basic ***
Rust	Run actions/checkout@11d5960a326750d5838078e36cf38b85af677262	2026-09-24T15:08:58.0801539Z ##[endgroup]
Rust	Run actions/checkout@11d5960a326750d5838078e36cf38b85af677262	2026-09-24T15:08:58.0802829Z ##[group]Fetching the repository
Rust	Run actions/checkout@11d5960a326750d5838078e36cf38b85af677262	2026-09-24T15:08:58.0812851Z [command]/usr/bin/git -c protocol.version=2 fetch --no-tags --prune --no-recurse-submodules --depth=1 origin +d28f0ee44fcd934c843d28ec46e39cd3c2cc3639:refs/remotes/pull/36/merge
Rust	Run actions/checkout@11d5960a326750d5838078e36cf38b85af677262	2026-09-24T15:08:58.5522011Z From https://github.com/jack0682/rx-solutions
Rust	Run actions/checkout@11d5960a326750d5838078e36cf38b85af677262	2026-09-24T15:08:58.5523340Z  * [new ref]         d28f0ee44fcd934c843d28ec46e39cd3c2cc3639 -> pull/36/merge
Rust	Run actions/checkout@11d5960a326750d5838078e36cf38b85af677262	2026-09-24T15:08:58.5526831Z ##[endgroup]
Rust	Run actions/checkout@11d5960a326750d5838078e36cf38b85af677262	2026-09-24T15:08:58.5528033Z ##[group]Determining the checkout info
Rust	Run actions/checkout@11d5960a326750d5838078e36cf38b85af677262	2026-09-24T15:08:58.5529233Z ##[endgroup]
Rust	Run actions/checkout@11d5960a326750d5838078e36cf38b85af677262	2026-09-24T15:08:58.5534733Z [command]/usr/bin/git sparse-checkout disable
Rust	Run actions/checkout@11d5960a326750d5838078e36cf38b85af677262	2026-09-24T15:08:58.5589075Z [command]/usr/bin/git config --local --unset-all extensions.worktreeConfig
Rust	Run actions/checkout@11d5960a326750d5838078e36cf38b85af677262	2026-09-24T15:08:58.5636057Z ##[group]Checking out the ref
Rust	Run actions/checkout@11d5960a326750d5838078e36cf38b85af677262	2026-09-24T15:08:58.5638702Z [command]/usr/bin/git checkout --progress --force refs/remotes/pull/36/merge
Rust	Run actions/checkout@11d5960a326750d5838078e36cf38b85af677262	2026-09-24T15:08:58.6129060Z Note: switching to 'refs/remotes/pull/36/merge'.
Rust	Run actions/checkout@11d5960a326750d5838078e36cf38b85af677262	2026-09-24T15:08:58.6129950Z 
Rust	Run actions/checkout@11d5960a326750d5838078e36cf38b85af677262	2026-09-24T15:08:58.6130526Z You are in 'detached HEAD' state. You can look around, make experimental
Rust	Run actions/checkout@11d5960a326750d5838078e36cf38b85af677262	2026-09-24T15:08:58.6132423Z changes and commit them, and you can discard any commits you make in this
Rust	Run actions/checkout@11d5960a326750d5838078e36cf38b85af677262	2026-09-24T15:08:58.6134289Z state without impacting any branches by switching back to a branch.
Rust	Run actions/checkout@11d5960a326750d5838078e36cf38b85af677262	2026-09-24T15:08:58.6145164Z 
Rust	Run actions/checkout@11d5960a326750d5838078e36cf38b85af677262	2026-09-24T15:08:58.6145912Z If you want to create a new branch to retain commits you create, you may
Rust	Run actions/checkout@11d5960a326750d5838078e36cf38b85af677262	2026-09-24T15:08:58.6147537Z do so (now or later) by using -c with the switch command. Example:
Rust	Run actions/checkout@11d5960a326750d5838078e36cf38b85af677262	2026-09-24T15:08:58.6148300Z 
Rust	Run actions/checkout@11d5960a326750d5838078e36cf38b85af677262	2026-09-24T15:08:58.6148656Z   git switch -c <new-branch-name>
Rust	Run actions/checkout@11d5960a326750d5838078e36cf38b85af677262	2026-09-24T15:08:58.6149208Z 
Rust	Run actions/checkout@11d5960a326750d5838078e36cf38b85af677262	2026-09-24T15:08:58.6149543Z Or undo this operation with:
Rust	Run actions/checkout@11d5960a326750d5838078e36cf38b85af677262	2026-09-24T15:08:58.6150041Z 
Rust	Run actions/checkout@11d5960a326750d5838078e36cf38b85af677262	2026-09-24T15:08:58.6150350Z   git switch -
Rust	Run actions/checkout@11d5960a326750d5838078e36cf38b85af677262	2026-09-24T15:08:58.6150764Z 
Rust	Run actions/checkout@11d5960a326750d5838078e36cf38b85af677262	2026-09-24T15:08:58.6151937Z Turn off this advice by setting config variable advice.detachedHead to false
Rust	Run actions/checkout@11d5960a326750d5838078e36cf38b85af677262	2026-09-24T15:08:58.6153423Z 
Rust	Run actions/checkout@11d5960a326750d5838078e36cf38b85af677262	2026-09-24T15:08:58.6155021Z HEAD is now at d28f0ee Merge 1f9cc7def3f1aa30c7a32472f0220f16fe9b508d into 5a3e2a20a6a826dab135e817b96a0c264ad444f1
Rust	Run actions/checkout@11d5960a326750d5838078e36cf38b85af677262	2026-09-24T15:08:58.6159834Z ##[endgroup]
Rust	Run actions/checkout@11d5960a326750d5838078e36cf38b85af677262	2026-09-24T15:08:58.6201165Z [command]/usr/bin/git log -1 --format=%H
Rust	Run actions/checkout@11d5960a326750d5838078e36cf38b85af677262	2026-09-24T15:08:58.6230110Z d28f0ee44fcd934c843d28ec46e39cd3c2cc3639
Rust	Run actions/checkout@11d5960a326750d5838078e36cf38b85af677262	2026-09-24T15:08:58.6240578Z ##[group]Removing auth
Rust	Run actions/checkout@11d5960a326750d5838078e36cf38b85af677262	2026-09-24T15:08:58.6244461Z [command]/usr/bin/git config --local --name-only --get-regexp core\.sshCommand
Rust	Run actions/checkout@11d5960a326750d5838078e36cf38b85af677262	2026-09-24T15:08:58.6281839Z [command]/usr/bin/git submodule foreach --recursive sh -c "git config --local --name-only --get-regexp 'core\.sshCommand' && git config --local --unset-all 'core.sshCommand' || :"
Rust	Run actions/checkout@11d5960a326750d5838078e36cf38b85af677262	2026-09-24T15:08:58.6528494Z [command]/usr/bin/git config --local --name-only --get-regexp http\.https\:\/\/github\.com\/\.extraheader
Rust	Run actions/checkout@11d5960a326750d5838078e36cf38b85af677262	2026-09-24T15:08:58.6559426Z http.https://github.com/.extraheader
Rust	Run actions/checkout@11d5960a326750d5838078e36cf38b85af677262	2026-09-24T15:08:58.6568620Z [command]/usr/bin/git config --local --unset-all http.https://github.com/.extraheader
Rust	Run actions/checkout@11d5960a326750d5838078e36cf38b85af677262	2026-09-24T15:08:58.6609614Z [command]/usr/bin/git submodule foreach --recursive sh -c "git config --local --name-only --get-regexp 'http\.https\:\/\/github\.com\/\.extraheader' && git config --local --unset-all 'http.https://github.com/.extraheader' || :"
Rust	Run actions/checkout@11d5960a326750d5838078e36cf38b85af677262	2026-09-24T15:08:58.6853328Z [command]/usr/bin/git config --local --name-only --get-regexp ^includeIf\.gitdir:
Rust	Run actions/checkout@11d5960a326750d5838078e36cf38b85af677262	2026-09-24T15:08:58.6888469Z [command]/usr/bin/git submodule foreach --recursive git config --local --show-origin --name-only --get-regexp remote.origin.url
Rust	Run actions/checkout@11d5960a326750d5838078e36cf38b85af677262	2026-09-24T15:08:58.7136772Z ##[endgroup]
Rust	Install repository Rust toolchain	﻿2026-09-24T15:08:58.7406896Z ##[group]Run toolchain=$(python3 -c 'import tomllib; print(tomllib.load(open("rust-toolchain.toml", "rb"))["toolchain"]["channel"])')
Rust	Install repository Rust toolchain	2026-09-24T15:08:58.7411168Z ^[[36;1mtoolchain=$(python3 -c 'import tomllib; print(tomllib.load(open("rust-toolchain.toml", "rb"))["toolchain"]["channel"])')^[[0m
Rust	Install repository Rust toolchain	2026-09-24T15:08:58.7414670Z ^[[36;1mrustup toolchain install "$toolchain" --profile minimal --component rustfmt --component clippy^[[0m
Rust	Install repository Rust toolchain	2026-09-24T15:08:58.7658683Z shell: /usr/bin/bash --noprofile --norc -e -o pipefail {0}
Rust	Install repository Rust toolchain	2026-09-24T15:08:58.7660347Z env:
Rust	Install repository Rust toolchain	2026-09-24T15:08:58.7661495Z   CARGO_TERM_COLOR: always
Rust	Install repository Rust toolchain	2026-09-24T15:08:58.7662659Z   RUST_BACKTRACE: 1
Rust	Install repository Rust toolchain	2026-09-24T15:08:58.7663674Z ##[endgroup]
Rust	Install repository Rust toolchain	2026-09-24T15:08:59.4249409Z info: syncing channel updates for 1.98.1-x86_64-unknown-linux-gnu
Rust	Install repository Rust toolchain	2026-09-24T15:08:59.7025876Z info: latest update on 2026-09-03 for version 1.98.1 (48a229cea 2026-09-01)
Rust	Install repository Rust toolchain	2026-09-24T15:08:59.7027001Z info: downloading 5 components
Rust	Install repository Rust toolchain	2026-09-24T15:09:08.1745981Z 
Rust	Install repository Rust toolchain	2026-09-24T15:09:08.1824906Z   1.98.1-x86_64-unknown-linux-gnu installed - rustc 1.98.1 (48a229cea 2026-09-01)
Rust	Install repository Rust toolchain	2026-09-24T15:09:08.1825735Z 
Rust	Run actions/cache@0057852bfaa89a56745cba8c7296529d2fc39830	﻿2026-09-24T15:09:08.2579379Z ##[group]Run actions/cache@0057852bfaa89a56745cba8c7296529d2fc39830
Rust	Run actions/cache@0057852bfaa89a56745cba8c7296529d2fc39830	2026-09-24T15:09:08.2579877Z with:
Rust	Run actions/cache@0057852bfaa89a56745cba8c7296529d2fc39830	2026-09-24T15:09:08.2580274Z   path: ~/.cargo/registry/index
Rust	Run actions/cache@0057852bfaa89a56745cba8c7296529d2fc39830	~/.cargo/registry/cache
Rust	Run actions/cache@0057852bfaa89a56745cba8c7296529d2fc39830	~/.cargo/git/db
Rust	Run actions/cache@0057852bfaa89a56745cba8c7296529d2fc39830	target
Rust	Run actions/cache@0057852bfaa89a56745cba8c7296529d2fc39830	
Rust	Run actions/cache@0057852bfaa89a56745cba8c7296529d2fc39830	2026-09-24T15:09:08.2581244Z   key: Linux-X64-rust-eabaacf092aacfc00294c708d296c67e76b357b50a5d92e70037a68fa89eeb8a
Rust	Run actions/cache@0057852bfaa89a56745cba8c7296529d2fc39830	2026-09-24T15:09:08.2581776Z   enableCrossOsArchive: false
Rust	Run actions/cache@0057852bfaa89a56745cba8c7296529d2fc39830	2026-09-24T15:09:08.2582093Z   fail-on-cache-miss: false
Rust	Run actions/cache@0057852bfaa89a56745cba8c7296529d2fc39830	2026-09-24T15:09:08.2582396Z   lookup-only: false
Rust	Run actions/cache@0057852bfaa89a56745cba8c7296529d2fc39830	2026-09-24T15:09:08.2582673Z   save-always: false
Rust	Run actions/cache@0057852bfaa89a56745cba8c7296529d2fc39830	2026-09-24T15:09:08.2582938Z env:
Rust	Run actions/cache@0057852bfaa89a56745cba8c7296529d2fc39830	2026-09-24T15:09:08.2583239Z   CARGO_TERM_COLOR: always
Rust	Run actions/cache@0057852bfaa89a56745cba8c7296529d2fc39830	2026-09-24T15:09:08.2583532Z   RUST_BACKTRACE: 1
Rust	Run actions/cache@0057852bfaa89a56745cba8c7296529d2fc39830	2026-09-24T15:09:08.2583795Z ##[endgroup]
Rust	Run actions/cache@0057852bfaa89a56745cba8c7296529d2fc39830	2026-09-24T15:09:08.3680733Z (node:2438) [DEP0040] DeprecationWarning: The `punycode` module is deprecated. Please use a userland alternative instead.
Rust	Run actions/cache@0057852bfaa89a56745cba8c7296529d2fc39830	2026-09-24T15:09:08.3682305Z (Use `node --trace-deprecation ...` to show where the warning was created)
Rust	Run actions/cache@0057852bfaa89a56745cba8c7296529d2fc39830	2026-09-24T15:09:08.6194285Z Cache hit for: Linux-X64-rust-eabaacf092aacfc00294c708d296c67e76b357b50a5d92e70037a68fa89eeb8a
Rust	Run actions/cache@0057852bfaa89a56745cba8c7296529d2fc39830	2026-09-24T15:09:08.6296164Z (node:2438) [DEP0169] DeprecationWarning: `url.parse()` behavior is not standardized and prone to errors that have security implications. Use the WHATWG URL API instead. CVEs are not issued for `url.parse()` vulnerabilities.
Rust	Run actions/cache@0057852bfaa89a56745cba8c7296529d2fc39830	2026-09-24T15:09:09.9176216Z Received 0 of 3015661094 (0.0%), 0.0 MBs/sec
Rust	Run actions/cache@0057852bfaa89a56745cba8c7296529d2fc39830	2026-09-24T15:09:10.9182327Z Received 125829120 of 3015661094 (4.2%), 60.0 MBs/sec
Rust	Run actions/cache@0057852bfaa89a56745cba8c7296529d2fc39830	2026-09-24T15:09:11.9224785Z Received 243269632 of 3015661094 (8.1%), 77.2 MBs/sec
Rust	Run actions/cache@0057852bfaa89a56745cba8c7296529d2fc39830	2026-09-24T15:09:12.9224426Z Received 402653184 of 3015661094 (13.4%), 95.9 MBs/sec
Rust	Run actions/cache@0057852bfaa89a56745cba8c7296529d2fc39830	2026-09-24T15:09:13.9229247Z Received 536870912 of 3015661094 (17.8%), 102.3 MBs/sec
Rust	Run actions/cache@0057852bfaa89a56745cba8c7296529d2fc39830	2026-09-24T15:09:14.9231243Z Received 666894336 of 3015661094 (22.1%), 105.9 MBs/sec
Rust	Run actions/cache@0057852bfaa89a56745cba8c7296529d2fc39830	2026-09-24T15:09:15.9240169Z Received 792723456 of 3015661094 (26.3%), 107.9 MBs/sec
Rust	Run actions/cache@0057852bfaa89a56745cba8c7296529d2fc39830	2026-09-24T15:09:16.9292246Z Received 922746880 of 3015661094 (30.6%), 109.9 MBs/sec
Rust	Run actions/cache@0057852bfaa89a56745cba8c7296529d2fc39830	2026-09-24T15:09:17.9267446Z Received 1031798784 of 3015661094 (34.2%), 109.2 MBs/sec
Rust	Run actions/cache@0057852bfaa89a56745cba8c7296529d2fc39830	2026-09-24T15:09:18.9269057Z Received 1157627904 of 3015661094 (38.4%), 110.3 MBs/sec
Rust	Run actions/cache@0057852bfaa89a56745cba8c7296529d2fc39830	2026-09-24T15:09:19.9276975Z Received 1245708288 of 3015661094 (41.3%), 107.9 MBs/sec
Rust	Run actions/cache@0057852bfaa89a56745cba8c7296529d2fc39830	2026-09-24T15:09:20.9280946Z Received 1342177280 of 3015661094 (44.5%), 106.6 MBs/sec
Rust	Run actions/cache@0057852bfaa89a56745cba8c7296529d2fc39830	2026-09-24T15:09:21.9438857Z Received 1476395008 of 3015661094 (49.0%), 108.1 MBs/sec
Rust	Run actions/cache@0057852bfaa89a56745cba8c7296529d2fc39830	2026-09-24T15:09:22.9442111Z Received 1602224128 of 3015661094 (53.1%), 109.0 MBs/sec
Rust	Run actions/cache@0057852bfaa89a56745cba8c7296529d2fc39830	2026-09-24T15:09:23.9415458Z Received 1702887424 of 3015661094 (56.5%), 108.1 MBs/sec
Rust	Run actions/cache@0057852bfaa89a56745cba8c7296529d2fc39830	2026-09-24T15:09:24.9422024Z Received 1824522240 of 3015661094 (60.5%), 108.6 MBs/sec
Rust	Run actions/cache@0057852bfaa89a56745cba8c7296529d2fc39830	2026-09-24T15:09:25.9419584Z Received 1916796928 of 3015661094 (63.6%), 107.4 MBs/sec
Rust	Run actions/cache@0057852bfaa89a56745cba8c7296529d2fc39830	2026-09-24T15:09:26.9433767Z Received 2013265920 of 3015661094 (66.8%), 106.5 MBs/sec
Rust	Run actions/cache@0057852bfaa89a56745cba8c7296529d2fc39830	2026-09-24T15:09:27.9443029Z Received 2143289344 of 3015661094 (71.1%), 107.4 MBs/sec
Rust	Run actions/cache@0057852bfaa89a56745cba8c7296529d2fc39830	2026-09-24T15:09:28.9453730Z Received 2256535552 of 3015661094 (74.8%), 107.4 MBs/sec
Rust	Run actions/cache@0057852bfaa89a56745cba8c7296529d2fc39830	2026-09-24T15:09:29.9482587Z Received 2390753280 of 3015661094 (79.3%), 108.4 MBs/sec
Rust	Run actions/cache@0057852bfaa89a56745cba8c7296529d2fc39830	2026-09-24T15:09:30.9472833Z Received 2487222272 of 3015661094 (82.5%), 107.7 MBs/sec
Rust	Run actions/cache@0057852bfaa89a56745cba8c7296529d2fc39830	2026-09-24T15:09:31.9474727Z Received 2596274176 of 3015661094 (86.1%), 107.5 MBs/sec
Rust	Run actions/cache@0057852bfaa89a56745cba8c7296529d2fc39830	2026-09-24T15:09:32.9477271Z Received 2692743168 of 3015661094 (89.3%), 106.9 MBs/sec
Rust	Run actions/cache@0057852bfaa89a56745cba8c7296529d2fc39830	2026-09-24T15:09:33.9484509Z Received 2818572288 of 3015661094 (93.5%), 107.4 MBs/sec
Rust	Run actions/cache@0057852bfaa89a56745cba8c7296529d2fc39830	2026-09-24T15:09:34.9493436Z Received 2936012800 of 3015661094 (97.4%), 107.6 MBs/sec
Rust	Run actions/cache@0057852bfaa89a56745cba8c7296529d2fc39830	2026-09-24T15:09:35.9584265Z Received 3015661094 of 3015661094 (100.0%), 106.4 MBs/sec
Rust	Run actions/cache@0057852bfaa89a56745cba8c7296529d2fc39830	2026-09-24T15:09:35.9586364Z Cache Size: ~2876 MB (3015661094 B)
Rust	Run actions/cache@0057852bfaa89a56745cba8c7296529d2fc39830	2026-09-24T15:09:35.9709572Z [command]/usr/bin/tar -xf /home/runner/work/_temp/efa4303a-d41d-4d45-884d-32aba3619c8c/cache.tzst -P -C /home/runner/work/rx-solutions/rx-solutions --use-compress-program unzstd
Rust	Run actions/cache@0057852bfaa89a56745cba8c7296529d2fc39830	2026-09-24T15:10:05.5538925Z Cache restored successfully
Rust	Run actions/cache@0057852bfaa89a56745cba8c7296529d2fc39830	2026-09-24T15:10:06.6012843Z Cache restored from key: Linux-X64-rust-eabaacf092aacfc00294c708d296c67e76b357b50a5d92e70037a68fa89eeb8a
Rust	Check Rust formatting	﻿2026-09-24T15:10:06.6476211Z ##[group]Run cargo fmt --all -- --check
Rust	Check Rust formatting	2026-09-24T15:10:06.6476597Z ^[[36;1mcargo fmt --all -- --check^[[0m
Rust	Check Rust formatting	2026-09-24T15:10:06.6584977Z shell: /usr/bin/bash --noprofile --norc -e -o pipefail {0}
Rust	Check Rust formatting	2026-09-24T15:10:06.6585521Z env:
Rust	Check Rust formatting	2026-09-24T15:10:06.6585876Z   CARGO_TERM_COLOR: always
Rust	Check Rust formatting	2026-09-24T15:10:06.6586238Z   RUST_BACKTRACE: 1
Rust	Check Rust formatting	2026-09-24T15:10:06.6586572Z ##[endgroup]
Rust	Check Rust lints	﻿2026-09-24T15:10:09.0135725Z ##[group]Run cargo clippy --workspace --all-targets --all-features --locked -- -D warnings
Rust	Check Rust lints	2026-09-24T15:10:09.0136411Z ^[[36;1mcargo clippy --workspace --all-targets --all-features --locked -- -D warnings^[[0m
Rust	Check Rust lints	2026-09-24T15:10:09.0205996Z shell: /usr/bin/bash --noprofile --norc -e -o pipefail {0}
Rust	Check Rust lints	2026-09-24T15:10:09.0206581Z env:
Rust	Check Rust lints	2026-09-24T15:10:09.0206804Z   CARGO_TERM_COLOR: always
Rust	Check Rust lints	2026-09-24T15:10:09.0207053Z   RUST_BACKTRACE: 1
Rust	Check Rust lints	2026-09-24T15:10:09.0207276Z ##[endgroup]
Rust	Check Rust lints	2026-09-24T15:10:11.3211625Z ^[[1m^[[92m    Checking^[[0m rx-domain v0.1.0 (/home/runner/work/rx-solutions/rx-solutions/sdk/crates/rx-domain)
Rust	Check Rust lints	2026-09-24T15:10:11.3268148Z ^[[1m^[[92m   Compiling^[[0m rx-protocol v0.1.0 (/home/runner/work/rx-solutions/rx-solutions/sdk/crates/rx-protocol)
Rust	Check Rust lints	2026-09-24T15:10:11.3270696Z ^[[1m^[[92m   Compiling^[[0m rx-host v0.1.0 (/home/runner/work/rx-solutions/rx-solutions/runtime/rx-host)
Rust	Check Rust lints	2026-09-24T15:10:11.3271942Z ^[[1m^[[92m    Checking^[[0m rx-melsec-mc v0.1.0 (/home/runner/work/rx-solutions/rx-solutions/drivers/rx-melsec-mc)
Rust	Check Rust lints	2026-09-24T15:10:12.9038209Z ^[[1m^[[92m    Checking^[[0m rx-ports v0.1.0 (/home/runner/work/rx-solutions/rx-solutions/sdk/crates/rx-ports)
Rust	Check Rust lints	2026-09-24T15:10:12.9142298Z ^[[1m^[[92m    Checking^[[0m rx-process-contract v0.1.0 (/home/runner/work/rx-solutions/rx-solutions/sdk/crates/rx-process-contract)
Rust	Check Rust lints	2026-09-24T15:10:12.9698929Z ^[[1m^[[92m    Checking^[[0m rx-package v0.1.0 (/home/runner/work/rx-solutions/rx-solutions/sdk/crates/rx-package)
Rust	Check Rust lints	2026-09-24T15:10:13.0550690Z ^[[1m^[[92m    Checking^[[0m rx-service-status v0.1.0 (/home/runner/work/rx-solutions/rx-solutions/runtime/rx-service-status)
Rust	Check Rust lints	2026-09-24T15:10:13.1704898Z ^[[1m^[[92m    Checking^[[0m rx-storage v0.1.0 (/home/runner/work/rx-solutions/rx-solutions/sdk/crates/rx-storage)
Rust	Check Rust lints	2026-09-24T15:10:13.2174596Z ^[[1m^[[92m    Checking^[[0m rx-solution-catalog v0.1.0 (/home/runner/work/rx-solutions/rx-solutions/runtime/rx-solution-catalog)
Rust	Check Rust lints	2026-09-24T15:10:13.3658553Z ^[[1m^[[92m    Checking^[[0m rx-supervisor v0.1.0 (/home/runner/work/rx-solutions/rx-solutions/runtime/rx-supervisor)
Rust	Check Rust lints	2026-09-24T15:10:13.4442668Z ^[[1m^[[92m    Checking^[[0m rx-process v0.1.0 (/home/runner/work/rx-solutions/rx-solutions/runtime/rx-process)
Rust	Check Rust lints	2026-09-24T15:10:13.5312923Z ^[[1m^[[92m    Checking^[[0m rx-process-package v0.1.0 (/home/runner/work/rx-solutions/rx-solutions/runtime/rx-process-package)
Rust	Check Rust lints	2026-09-24T15:10:15.0682325Z ^[[1m^[[92m    Checking^[[0m rx-executor v0.1.0 (/home/runner/work/rx-solutions/rx-solutions/runtime/rx-executor)
Rust	Check Rust lints	2026-09-24T15:10:16.4455508Z ^[[1m^[[92m    Checking^[[0m rx-device-package v0.1.0 (/home/runner/work/rx-solutions/rx-solutions/runtime/rx-device-package)
Rust	Check Rust lints	2026-09-24T15:10:18.2046016Z ^[[1m^[[92m    Finished^[[0m `dev` profile [unoptimized + debuginfo] target(s) in 9.12s
Rust	Test Rust workspace	﻿2026-09-24T15:10:18.2540162Z ##[group]Run cargo test --workspace --all-features --locked
Rust	Test Rust workspace	2026-09-24T15:10:18.2540636Z ^[[36;1mcargo test --workspace --all-features --locked^[[0m
Rust	Test Rust workspace	2026-09-24T15:10:18.2611587Z shell: /usr/bin/bash --noprofile --norc -e -o pipefail {0}
Rust	Test Rust workspace	2026-09-24T15:10:18.2611955Z env:
Rust	Test Rust workspace	2026-09-24T15:10:18.2612181Z   CARGO_TERM_COLOR: always
Rust	Test Rust workspace	2026-09-24T15:10:18.2612428Z   RUST_BACKTRACE: 1
Rust	Test Rust workspace	2026-09-24T15:10:18.2612651Z ##[endgroup]
Rust	Test Rust workspace	2026-09-24T15:10:18.5270912Z ^[[1m^[[92m   Compiling^[[0m rx-domain v0.1.0 (/home/runner/work/rx-solutions/rx-solutions/sdk/crates/rx-domain)
Rust	Test Rust workspace	2026-09-24T15:10:18.5394301Z ^[[1m^[[92m   Compiling^[[0m rx-protocol v0.1.0 (/home/runner/work/rx-solutions/rx-solutions/sdk/crates/rx-protocol)
Rust	Test Rust workspace	2026-09-24T15:10:18.5399783Z ^[[1m^[[92m   Compiling^[[0m rx-melsec-mc v0.1.0 (/home/runner/work/rx-solutions/rx-solutions/drivers/rx-melsec-mc)
Rust	Test Rust workspace	2026-09-24T15:10:18.5401598Z ^[[1m^[[92m   Compiling^[[0m rx-host v0.1.0 (/home/runner/work/rx-solutions/rx-solutions/runtime/rx-host)
Rust	Test Rust workspace	2026-09-24T15:10:19.0442943Z ^[[1m^[[92m   Compiling^[[0m rx-ports v0.1.0 (/home/runner/work/rx-solutions/rx-solutions/sdk/crates/rx-ports)
Rust	Test Rust workspace	2026-09-24T15:10:19.0643043Z ^[[1m^[[92m   Compiling^[[0m rx-process-contract v0.1.0 (/home/runner/work/rx-solutions/rx-solutions/sdk/crates/rx-process-contract)
Rust	Test Rust workspace	2026-09-24T15:10:19.1433323Z ^[[1m^[[92m   Compiling^[[0m rx-package v0.1.0 (/home/runner/work/rx-solutions/rx-solutions/sdk/crates/rx-package)
Rust	Test Rust workspace	2026-09-24T15:10:19.1554089Z ^[[1m^[[92m   Compiling^[[0m rx-service-status v0.1.0 (/home/runner/work/rx-solutions/rx-solutions/runtime/rx-service-status)
Rust	Test Rust workspace	2026-09-24T15:10:19.3802721Z ^[[1m^[[92m   Compiling^[[0m rx-storage v0.1.0 (/home/runner/work/rx-solutions/rx-solutions/sdk/crates/rx-storage)
Rust	Test Rust workspace	2026-09-24T15:10:19.5119529Z ^[[1m^[[92m   Compiling^[[0m rx-solution-catalog v0.1.0 (/home/runner/work/rx-solutions/rx-solutions/runtime/rx-solution-catalog)
Rust	Test Rust workspace	2026-09-24T15:10:19.6149131Z ^[[1m^[[92m   Compiling^[[0m rx-process v0.1.0 (/home/runner/work/rx-solutions/rx-solutions/runtime/rx-process)
Rust	Test Rust workspace	2026-09-24T15:10:19.7249961Z ^[[1m^[[92m   Compiling^[[0m rx-supervisor v0.1.0 (/home/runner/work/rx-solutions/rx-solutions/runtime/rx-supervisor)
Rust	Test Rust workspace	2026-09-24T15:10:19.7773219Z ^[[1m^[[92m   Compiling^[[0m rx-process-package v0.1.0 (/home/runner/work/rx-solutions/rx-solutions/runtime/rx-process-package)
Rust	Test Rust workspace	2026-09-24T15:10:21.2624468Z ^[[1m^[[92m   Compiling^[[0m rx-executor v0.1.0 (/home/runner/work/rx-solutions/rx-solutions/runtime/rx-executor)
Rust	Test Rust workspace	2026-09-24T15:10:22.3092972Z ^[[1m^[[92m   Compiling^[[0m rx-device-package v0.1.0 (/home/runner/work/rx-solutions/rx-solutions/runtime/rx-device-package)
Rust	Test Rust workspace	2026-09-24T15:10:51.8055073Z ^[[1m^[[92m    Finished^[[0m `test` profile [unoptimized + debuginfo] target(s) in 33.50s
Rust	Test Rust workspace	2026-09-24T15:10:51.8392626Z ^[[1m^[[92m     Running^[[0m unittests src/lib.rs (target/debug/deps/rx_device_package-169dbeefae2a626d)
Rust	Test Rust workspace	2026-09-24T15:10:51.8405659Z 
Rust	Test Rust workspace	2026-09-24T15:10:51.8405860Z running 0 tests
Rust	Test Rust workspace	2026-09-24T15:10:51.8406050Z 
Rust	Test Rust workspace	2026-09-24T15:10:51.8406406Z test result: ok. 0 passed; 0 failed; 0 ignored; 0 measured; 0 filtered out; finished in 0.00s
Rust	Test Rust workspace	2026-09-24T15:10:51.8406936Z 
Rust	Test Rust workspace	2026-09-24T15:10:51.8411569Z ^[[1m^[[92m     Running^[[0m unittests src/bin/rx-device-package.rs (target/debug/deps/rx_device_package-c9a1924f29bbd344)
Rust	Test Rust workspace	2026-09-24T15:10:51.8419918Z 
Rust	Test Rust workspace	2026-09-24T15:10:51.8420047Z running 0 tests
Rust	Test Rust workspace	2026-09-24T15:10:51.8420245Z 
Rust	Test Rust workspace	2026-09-24T15:10:51.8420579Z test result: ok. 0 passed; 0 failed; 0 ignored; 0 measured; 0 filtered out; finished in 0.00s
Rust	Test Rust workspace	2026-09-24T15:10:51.8421087Z 
Rust	Test Rust workspace	2026-09-24T15:10:51.8422991Z ^[[1m^[[92m     Running^[[0m tests/authoring.rs (target/debug/deps/authoring-223bcd1e9023f33a)
Rust	Test Rust workspace	2026-09-24T15:10:51.8435177Z 
Rust	Test Rust workspace	2026-09-24T15:10:51.8435364Z running 9 tests
Rust	Test Rust workspace	2026-09-24T15:10:51.8439889Z test export_image_fixture ... ignored, exports explicitly simulated, unsigned inputs and public test policy for container verification
Rust	Test Rust workspace	2026-09-24T15:10:51.8521862Z test one_template_resolves_two_sites_without_editing_the_shared_semantics ... ok
Rust	Test Rust workspace	2026-09-24T15:10:51.8584604Z test semantically_unordered_inputs_produce_the_same_signing_message ... ok
Rust	Test Rust workspace	2026-09-24T15:10:51.8586330Z test sign_image_request ... ignored, signs only with an embedded test key for isolated container verification
Rust	Test Rust workspace	2026-09-24T15:10:51.8781613Z test candidate_changes_permissions_keys_and_missing_assets_do_not_bypass_verification ... ok
Rust	Test Rust workspace	2026-09-24T15:10:51.8787803Z test template_hash_missing_extra_and_alias_bindings_are_rejected ... ok
Rust	Test Rust workspace	2026-09-24T15:10:51.8800132Z test signed_but_inconsistent_assembly_cannot_pass_the_host_resolver ... ok
Rust	Test Rust workspace	2026-09-24T15:10:51.9002403Z test candidate_roundtrip_external_signature_and_host_decoding_preserve_signed_provenance ... ok
Rust	Test Rust workspace	2026-09-24T15:10:51.9403606Z test cli_assembles_requests_external_signature_seals_and_verifies_without_network ... ok
Rust	Test Rust workspace	2026-09-24T15:10:51.9404307Z 
Rust	Test Rust workspace	2026-09-24T15:10:51.9404713Z test result: ok. 7 passed; 0 failed; 2 ignored; 0 measured; 0 filtered out; finished in 0.10s
Rust	Test Rust workspace	2026-09-24T15:10:51.9405276Z 
Rust	Test Rust workspace	2026-09-24T15:10:51.9408957Z ^[[1m^[[92m     Running^[[0m tests/jtc_authoring.rs (target/debug/deps/jtc_authoring-d4af4256306c18b2)
Rust	Test Rust workspace	2026-09-24T15:10:51.9430701Z 
Rust	Test Rust workspace	2026-09-24T15:10:51.9431105Z running 14 tests
Rust	Test Rust workspace	2026-09-24T15:10:51.9433975Z test export_device_review_authority ... ignored, exports a public device verifier trust fixture, never a production key
Rust	Test Rust workspace	2026-09-24T15:10:51.9480475Z test export_image_fixture ... ignored, exports only SIMULATION inputs and a public test policy for the image authoring test
Rust	Test Rust workspace	2026-09-24T15:10:52.0992865Z test actual_cli_generates_a_report_and_a_separate_signing_request ... ok
Rust	Test Rust workspace	2026-09-24T15:10:52.1846668Z test device_software_report_uses_real_decoder_and_cannot_claim_physical_validation ... ok
Rust	Test Rust workspace	2026-09-24T15:10:52.2186198Z test missing_alias_or_foreign_bindings_and_invalid_trajectory_are_rejected ... ok
Rust	Test Rust workspace	2026-09-24T15:10:52.2187674Z test sign_device_report ... ignored, external test-only device report signer for real API integration
Rust	Test Rust workspace	2026-09-24T15:10:52.2189340Z test sign_image_request ... ignored, test-only external signer for the isolated image fixture
Rust	Test Rust workspace	2026-09-24T15:10:52.3161658Z test host_package_checks_assets_and_exact_intents_but_cannot_create_control_authority ... ok
Rust	Test Rust workspace	2026-09-24T15:10:52.3304144Z test simulation_catalog_cannot_be_promoted_to_a_physical_site ... ok
Rust	Test Rust workspace	2026-09-24T15:10:52.4192800Z test actual_cli_assembles_requests_external_signature_seals_and_inspects_jtc ... ok
Rust	Test Rust workspace	2026-09-24T15:10:52.5033548Z test signed_but_inconsistent_results_actions_model_and_release_are_rejected ... ok
Rust	Test Rust workspace	2026-09-24T15:10:52.5942622Z test template_reuse_and_candidate_roundtrip_preserve_bound_actions_and_result_meanings ... ok
Rust	Test Rust workspace	2026-09-24T15:10:52.6224802Z test unordered_template_actions_have_one_digest_and_joint_order_is_preserved ... ok
Rust	Test Rust workspace	2026-09-24T15:10:52.6409018Z test host_initializes_jtc_metadata_and_refuses_run_before_creating_a_controller_client ... ok
Rust	Test Rust workspace	2026-09-24T15:10:52.6409675Z 
Rust	Test Rust workspace	2026-09-24T15:10:52.6410080Z test result: ok. 10 passed; 0 failed; 4 ignored; 0 measured; 0 filtered out; finished in 0.70s
Rust	Test Rust workspace	2026-09-24T15:10:52.6410628Z 
Rust	Test Rust workspace	2026-09-24T15:10:52.6416910Z ^[[1m^[[92m     Running^[[0m unittests src/lib.rs (target/debug/deps/rx_executor-e97c1dca65aa457d)
Rust	Test Rust workspace	2026-09-24T15:10:52.6436906Z 
Rust	Test Rust workspace	2026-09-24T15:10:52.6437107Z running 40 tests
Rust	Test Rust workspace	2026-09-24T15:10:52.6457796Z test cell_service::tests::discovery_does_not_hide_old_owner_expired_attempt_or_restricted_work ... ok
Rust	Test Rust workspace	2026-09-24T15:10:52.6458910Z test cell_service::tests::historical_session_runtime_and_paused_attachment_cannot_resume ... ok
Rust	Test Rust workspace	2026-09-24T15:10:52.6460639Z test cell_service::tests::completion_requires_structured_cleanup_exact_stop_and_actual_completed_state ... ok
Rust	Test Rust workspace	2026-09-24T15:10:52.6461854Z test cell_service::tests::none_and_arming_are_observation_only_and_ambiguity_has_no_winner ... ok
Rust	Test Rust workspace	2026-09-24T15:10:52.6463106Z test cell_service::tests::observation_shutdown_preserves_preparing_attached_and_known_arming_as_attention ... ok
Rust	Test Rust workspace	2026-09-24T15:10:52.6617424Z test cell_service::tests::actual_production_cut_must_revalidate_discovery_before_any_reservation ... ok
Rust	Test Rust workspace	2026-09-24T15:10:52.6634283Z test client::assignment::tests::accepted_read_expires_or_loses_currency_when_the_trusted_clock_changes ... ok
Rust	Test Rust workspace	2026-09-24T15:10:52.6668828Z test client::assignment::tests::assignment_shares_runtime_sequence_and_time_regression_guards ... ok
Rust	Test Rust workspace	2026-09-24T15:10:52.6869466Z test client::assignment::tests::cardinalities_retain_old_sessions_expired_attempts_and_restricted_work ... ok
Rust	Test Rust workspace	2026-09-24T15:10:52.6892192Z test cell_service::tests::missing_file_after_creation_entered_never_becomes_fresh_initialization ... ok
Rust	Test Rust workspace	2026-09-24T15:10:52.6901818Z test client::assignment::tests::expired_response_does_not_advance_the_shared_cut ... ok
Rust	Test Rust workspace	2026-09-24T15:10:52.6951947Z test client::assignment::tests::forged_identity_is_rejected_even_with_a_matching_payload_hash ... ok
Rust	Test Rust workspace	2026-09-24T15:10:52.6991645Z test client::assignment::tests::forged_cut_cardinality_and_duplicate_witnesses_fail_closed ... ok
Rust	Test Rust workspace	2026-09-24T15:10:52.7009525Z test client::assignment::tests::payload_digest_size_schema_and_strict_json_are_independent_checks ... ok
Rust	Test Rust workspace	2026-09-24T15:10:52.7011211Z test client::tests::artifact_hash_does_not_replace_size_schema_or_typed_payload_validation ... ok
Rust	Test Rust workspace	2026-09-24T15:10:52.7013971Z test clock::tests::linux_clock_uses_the_shared_boot_identity_and_non_decreasing_boottime ... ok
Rust	Test Rust workspace	2026-09-24T15:10:52.7015774Z test engine_process::tests::verified_product_binary_uses_live_linux_clock_and_preserves_one_process ... ignored, Linux validation image supplies RX_BT_ENGINE_BINARY
Rust	Test Rust workspace	2026-09-24T15:10:52.7042639Z test frame::tests::a_new_epoch_is_not_implicitly_adopted_by_an_existing_context ... ok
Rust	Test Rust workspace	2026-09-24T15:10:52.7091244Z test client::assignment::tests::ttl_and_clock_interval_are_checked_before_accepting_a_view ... ok
Rust	Test Rust workspace	2026-09-24T15:10:52.7092672Z test cell_service::tests::preparing_recovery_keeps_original_ids_and_cannot_switch_to_new_candidate ... ok
Rust	Test Rust workspace	2026-09-24T15:10:52.7094518Z test frame::tests::restored_p_snapshot_preserves_work_and_does_not_restore_admission ... ok
Rust	Test Rust workspace	2026-09-24T15:10:52.7095784Z test frame::tests::source_clock_expiry_blocks_a_view_even_if_the_local_steady_deadline_has_not_passed ... ok
Rust	Test Rust workspace	2026-09-24T15:10:52.7097083Z test journal::recovery::wal::tests::checksum_word_order_and_accumulation_have_independent_known_values ... ok
Rust	Test Rust workspace	2026-09-24T15:10:52.7098536Z test journal::recovery::wal::tests::invalid_page_numbers_commit_sizes_and_oversize_files_fail_before_unbounded_reads ... ok
Rust	Test Rust workspace	2026-09-24T15:10:52.7100011Z test journal::recovery::wal::tests::header_fields_and_header_checksum_cannot_silently_drop_the_wal ... ok
Rust	Test Rust workspace	2026-09-24T15:10:52.7101921Z test pending::tests::full_queue_and_inflight_normal_work_do_not_block_pause_and_meaning_cannot_change ... ok
Rust	Test Rust workspace	2026-09-24T15:10:52.7103367Z test pending::tests::wait_start_does_not_drop_the_only_bt_request_and_due_requests_are_fair ... ok
Rust	Test Rust workspace	2026-09-24T15:10:52.7104645Z test journal::recovery::wal::tests::page_data_checksums_salts_partial_and_uncommitted_tails_are_rejected ... ok
Rust	Test Rust workspace	2026-09-24T15:10:52.7106164Z test service::tests::cancelled_serial_retirement_cannot_become_confirmation_for_an_empty_engine_slot ... ok
Rust	Test Rust workspace	2026-09-24T15:10:52.7107577Z test service::tests::cleanup_confirmation_distinguishes_no_spawn_and_local_close_from_uncertainty ... ok
Rust	Test Rust workspace	2026-09-24T15:10:52.7108869Z test service::tests::each_serial_planner_requires_its_own_confirmed_cleanup ... ok
Rust	Test Rust workspace	2026-09-24T15:10:52.7109950Z test service::tests::failed_close_is_sticky_after_a_later_successful_cleanup ... ok
Rust	Test Rust workspace	2026-09-24T15:10:52.7111359Z test service::tests::production_expiry::expired_waiting_cannot_republish_an_old_admission_flag ... ok
Rust	Test Rust workspace	2026-09-24T15:10:52.7114658Z test service::tests::spawn_attempts_are_uncertain_until_cleanup_and_failures_remain_latched ... ok
Rust	Test Rust workspace	2026-09-24T15:10:52.7118715Z test service_owner::tests::explicit_release_does_not_wait_for_an_inherited_open_file_description ... ok
Rust	Test Rust workspace	2026-09-24T15:10:52.7141466Z test worker::production::tests::serial_selection_preserves_zero_or_one_active_part_without_rewriting_completed_parts ... ok
Rust	Test Rust workspace	2026-09-24T15:10:52.7142710Z test worker::production::tests::valid_platform_views_with_multiple_active_parts_require_serial_attention ... ok
Rust	Test Rust workspace	2026-09-24T15:10:52.7160619Z test cell_service::tests::closing_a_preserves_its_stop_and_frees_only_the_next_attachment ... ok
Rust	Test Rust workspace	2026-09-24T15:10:52.7196658Z test journal::recovery::wal::tests::absent_empty_header_only_and_complete_commits_are_distinct_valid_shapes ... ok
Rust	Test Rust workspace	2026-09-24T15:10:52.7238211Z test service::tests::production_expiry::journal_observation_expiry_retries_completed_read_instead_of_stopping_context ... ok
Rust	Test Rust workspace	2026-09-24T15:10:52.7238943Z 
Rust	Test Rust workspace	2026-09-24T15:10:52.7239320Z test result: ok. 39 passed; 0 failed; 1 ignored; 0 measured; 0 filtered out; finished in 0.08s
Rust	Test Rust workspace	2026-09-24T15:10:52.7239864Z 
Rust	Test Rust workspace	2026-09-24T15:10:52.7246032Z ^[[1m^[[92m     Running^[[0m unittests tests/support/cell_service_fixture.rs (target/debug/deps/rx_executor_cell_service_fixture-24d13f943a7e3abb)
Rust	Test Rust workspace	2026-09-24T15:10:52.7258280Z 
Rust	Test Rust workspace	2026-09-24T15:10:52.7258427Z running 0 tests
Rust	Test Rust workspace	2026-09-24T15:10:52.7258645Z 
Rust	Test Rust workspace	2026-09-24T15:10:52.7259147Z test result: ok. 0 passed; 0 failed; 0 ignored; 0 measured; 0 filtered out; finished in 0.00s
Rust	Test Rust workspace	2026-09-24T15:10:52.7259543Z 
Rust	Test Rust workspace	2026-09-24T15:10:52.7263977Z ^[[1m^[[92m     Running^[[0m unittests tests/support/decision_fixture.rs (target/debug/deps/rx_executor_decision_fixture-5c908a9565470cd5)
Rust	Test Rust workspace	2026-09-24T15:10:52.7273854Z 
Rust	Test Rust workspace	2026-09-24T15:10:52.7274066Z running 0 tests
Rust	Test Rust workspace	2026-09-24T15:10:52.7275637Z 
Rust	Test Rust workspace	2026-09-24T15:10:52.7277826Z test result: ok. 0 passed; 0 failed; 0 ignored; 0 measured; 0 filtered out; finished in 0.00s
Rust	Test Rust workspace	2026-09-24T15:10:52.7278224Z 
Rust	Test Rust workspace	2026-09-24T15:10:52.7279878Z ^[[1m^[[92m     Running^[[0m unittests tests/support/read_fixture.rs (target/debug/deps/rx_executor_read_fixture-63acd12cbd2c3a4e)
Rust	Test Rust workspace	2026-09-24T15:10:52.7289062Z 
Rust	Test Rust workspace	2026-09-24T15:10:52.7289207Z running 0 tests
Rust	Test Rust workspace	2026-09-24T15:10:52.7289517Z 
Rust	Test Rust workspace	2026-09-24T15:10:52.7290326Z test result: ok. 0 passed; 0 failed; 0 ignored; 0 measured; 0 filtered out; finished in 0.00s
Rust	Test Rust workspace	2026-09-24T15:10:52.7291217Z 
Rust	Test Rust workspace	2026-09-24T15:10:52.7292624Z ^[[1m^[[92m     Running^[[0m unittests src/bin/service.rs (target/debug/deps/rx_executor_service-9b9c58fda1673bb8)
Rust	Test Rust workspace	2026-09-24T15:10:52.7304647Z 
Rust	Test Rust workspace	2026-09-24T15:10:52.7304797Z running 4 tests
Rust	Test Rust workspace	2026-09-24T15:10:52.7309608Z test cell_cli::guarded_tests::completed_run_retirement_keeps_the_resident_executor_protocol_ready ... ok
Rust	Test Rust workspace	2026-09-24T15:10:52.7310681Z test cell_cli::guarded_tests::executor_final_state_preserves_attention_and_rejects_incomplete_stop ... ok
Rust	Test Rust workspace	2026-09-24T15:10:52.7311937Z test cell_cli::guarded_tests::live_executor_status_never_claims_terminal_cleanup_or_p_admission ... ok
Rust	Test Rust workspace	2026-09-24T15:10:52.7343492Z test cell_cli::guarded_tests::executor_report_failure_signals_existing_cooperative_shutdown ... ok
Rust	Test Rust workspace	2026-09-24T15:10:52.7344036Z 
Rust	Test Rust workspace	2026-09-24T15:10:52.7344296Z test result: ok. 4 passed; 0 failed; 0 ignored; 0 measured; 0 filtered out; finished in 0.00s
Rust	Test Rust workspace	2026-09-24T15:10:52.7344687Z 
Rust	Test Rust workspace	2026-09-24T15:10:52.7346965Z ^[[1m^[[92m     Running^[[0m unittests tests/support/service_fixture.rs (target/debug/deps/rx_executor_service_fixture-6fb491dad887bf00)
Rust	Test Rust workspace	2026-09-24T15:10:52.7357462Z 
Rust	Test Rust workspace	2026-09-24T15:10:52.7357608Z running 0 tests
Rust	Test Rust workspace	2026-09-24T15:10:52.7359332Z 
Rust	Test Rust workspace	2026-09-24T15:10:52.7359727Z test result: ok. 0 passed; 0 failed; 0 ignored; 0 measured; 0 filtered out; finished in 0.00s
Rust	Test Rust workspace	2026-09-24T15:10:52.7361189Z ^[[1m^[[92m     Running^[[0m unittests tests/support/worker_fixture.rs (target/debug/deps/rx_executor_worker_fixture-1c9bdb0c7297f234)
Rust	Test Rust workspace	2026-09-24T15:10:52.7361962Z 
Rust	Test Rust workspace	2026-09-24T15:10:52.7370477Z 
Rust	Test Rust workspace	2026-09-24T15:10:52.7370671Z running 0 tests
Rust	Test Rust workspace	2026-09-24T15:10:52.7372307Z 
Rust	Test Rust workspace	2026-09-24T15:10:52.7372690Z test result: ok. 0 passed; 0 failed; 0 ignored; 0 measured; 0 filtered out; finished in 0.00s
Rust	Test Rust workspace	2026-09-24T15:10:52.7373139Z 
Rust	Test Rust workspace	2026-09-24T15:10:52.7373625Z ^[[1m^[[92m     Running^[[0m tests/assignment_journal.rs (target/debug/deps/assignment_journal-d1e91b290cfda7e8)
Rust	Test Rust workspace	2026-09-24T15:10:52.7387019Z 
Rust	Test Rust workspace	2026-09-24T15:10:52.7387148Z running 21 tests
Rust	Test Rust workspace	2026-09-24T15:10:52.7891383Z test a_run_store_from_another_service_identity_cannot_be_attached ... ok
Rust	Test Rust workspace	2026-09-24T15:10:52.8023301Z test attach_rollback_and_lost_reply_are_recovered_without_a_second_transition ... ok
Rust	Test Rust workspace	2026-09-24T15:10:52.8098834Z test a_crash_before_header_commit_leaves_an_error_instead_of_reinitializing_the_file ... ok
Rust	Test Rust workspace	2026-09-24T15:10:52.8127150Z test changed_scope_or_run_journal_identity_is_never_repaired ... ok
Rust	Test Rust workspace	2026-09-24T15:10:52.8418524Z test creation_marker_committed_before_filesystem_failure_forbids_later_retry ... ok
Rust	Test Rust workspace	2026-09-24T15:10:52.8553030Z test initialized_header_survives_a_lost_initialization_reply ... ok
Rust	Test Rust workspace	2026-09-24T15:10:52.8578046Z test completion_rejects_paused_recovery_abandoned_wrong_identity_and_incomplete_parts ... ok
Rust	Test Rust workspace	2026-09-24T15:10:52.8593921Z test creation_marker_rollback_permits_the_first_initialization_without_changing_phase ... ok
Rust	Test Rust workspace	2026-09-24T15:10:52.8733267Z test close_rollback_and_lost_reply_clear_current_atomically_and_preserve_stop_and_pending_requests ... ok
Rust	Test Rust workspace	2026-09-24T15:10:52.8921379Z test malformed_current_pointer_fails_required_open_instead_of_hiding_the_attached_run ... ok
Rust	Test Rust workspace	2026-09-24T15:10:52.8933295Z test lost_creation_marker_reply_stops_before_file_reservation_and_survives_reopen ... ok
Rust	Test Rust workspace	2026-09-24T15:10:52.9011327Z test old_header_without_creation_history_is_not_silently_upgraded ... ok
Rust	Test Rust workspace	2026-09-24T15:10:52.9143367Z test lost_run_initialization_reply_recovers_binding_without_reinitializing ... ok
Rust	Test Rust workspace	2026-09-24T15:10:52.9378607Z test preparing_rollback_and_lost_reply_preserve_exact_reservation_and_single_current ... ok
Rust	Test Rust workspace	2026-09-24T15:10:52.9582730Z test required_open_never_initializes_missing_empty_or_foreign_service_metadata ... ok
Rust	Test Rust workspace	2026-09-24T15:10:52.9752619Z test required_run_file_does_not_follow_symlinks ... ok
Rust	Test Rust workspace	2026-09-24T15:10:52.9946117Z test preparing_missing_run_is_explicit_but_partial_or_attached_missing_run_is_an_error ... ok
Rust	Test Rust workspace	2026-09-24T15:10:53.0083794Z test initialized_preparing_run_file_loss_never_reuses_either_initializer ... ok
Rust	Test Rust workspace	2026-09-24T15:10:53.0099764Z test preparing_cannot_close_and_closed_history_cannot_rebind_the_same_run ... ok
Rust	Test Rust workspace	2026-09-24T15:10:53.0108550Z test run_creation_marker_cannot_change_after_header_initialization ... ok
Rust	Test Rust workspace	2026-09-24T15:10:53.0239597Z test unbound_legacy_journal_is_not_adopted_or_modified ... ok
Rust	Test Rust workspace	2026-09-24T15:10:53.0240084Z 
Rust	Test Rust workspace	2026-09-24T15:10:53.0240503Z test result: ok. 21 passed; 0 failed; 0 ignored; 0 measured; 0 filtered out; finished in 0.29s
Rust	Test Rust workspace	2026-09-24T15:10:53.0241160Z 
Rust	Test Rust workspace	2026-09-24T15:10:53.0246984Z ^[[1m^[[92m     Running^[[0m tests/cell_cli.rs (target/debug/deps/cell_cli-20bb5779b032ae91)
Rust	Test Rust workspace	2026-09-24T15:10:53.0262364Z 
Rust	Test Rust workspace	2026-09-24T15:10:53.1344049Z running 15 tests
Rust	Test Rust workspace	2026-09-24T15:10:53.1344587Z test cell_configuration_rejects_run_visit_program_arguments_and_invalid_timing ... ok
Rust	Test Rust workspace	2026-09-24T15:10:53.2626187Z test changed_configuration_and_pinned_bytes_cannot_reach_session_open ... ok
Rust	Test Rust workspace	2026-09-24T15:10:53.2949623Z test copied_installation_cannot_silently_change_its_root ... ok
Rust	Test Rust workspace	2026-09-24T15:10:53.3172489Z test deployment_file_symlinks_and_private_key_permissions_are_rejected ... ok
Rust	Test Rust workspace	2026-09-24T15:10:53.3705259Z test duplicate_and_root_alias_are_refused_before_session_open_then_cleanup_allows_reopen ... ok
Rust	Test Rust workspace	2026-09-24T15:10:53.4129607Z test guarded_status_validation_fails_before_executor_peer_registration ... ok
Rust	Test Rust workspace	2026-09-24T15:10:53.4783627Z test init_pins_expected_identity_and_normalized_defaults_without_peer_registration ... ok
Rust	Test Rust workspace	2026-09-24T15:10:53.6000243Z test initialized_preparing_or_attached_run_file_loss_is_detected_before_new_peer_boot_registration ... ok
Rust	Test Rust workspace	2026-09-24T15:10:53.6318913Z test manifest_only_partial_installation_is_not_overwritten_or_connected ... ok
Rust	Test Rust workspace	2026-09-24T15:10:53.7401179Z test missing_manifest_empty_journal_and_changed_header_are_refused_before_connect ... ok
Rust	Test Rust workspace	2026-09-24T15:10:53.7858990Z test recovery_inspect_does_not_compete_with_service_or_store_owner ... ok
Rust	Test Rust workspace	2026-09-24T15:10:53.8562825Z test recovery_inspect_initialized_idle_store_is_deterministic_and_does_not_connect_or_modify_files ... ok
Rust	Test Rust workspace	2026-09-24T15:10:54.0023131Z test recovery_inspect_missing_or_corrupt_required_files_never_repairs_them ... ok
Rust	Test Rust workspace	2026-09-24T15:10:54.0131758Z test recovery_inspect_missing_root_does_not_initialize_a_service_or_connect ... ok
Rust	Test Rust workspace	2026-09-24T15:10:54.0773208Z test recovery_inspect_rejects_alias_root_and_changed_deployment_scope ... ok
Rust	Test Rust workspace	2026-09-24T15:10:54.0773999Z 
Rust	Test Rust workspace	2026-09-24T15:10:54.0774268Z test result: ok. 15 passed; 0 failed; 0 ignored; 0 measured; 0 filtered out; finished in 1.05s
Rust	Test Rust workspace	2026-09-24T15:10:54.0774656Z 
Rust	Test Rust workspace	2026-09-24T15:10:54.0777600Z ^[[1m^[[92m     Running^[[0m tests/journal.rs (target/debug/deps/journal-43d05bd66ab48b0d)
Rust	Test Rust workspace	2026-09-24T15:10:54.0792660Z 
Rust	Test Rust workspace	2026-09-24T15:10:54.0792866Z running 9 tests
Rust	Test Rust workspace	2026-09-24T15:10:54.1002912Z test only_a_confirmed_transactional_rejection_allows_new_cas_and_key ... ok
Rust	Test Rust workspace	2026-09-24T15:10:54.1016725Z test p_observation_preserves_network_uncertainty_and_deduplicates_unchanged_identity ... ok
Rust	Test Rust workspace	2026-09-24T15:10:54.1179077Z test pause_intent_is_scoped_to_executor_session_and_epoch_without_changing_operation_keys ... ok
Rust	Test Rust workspace	2026-09-24T15:10:54.1191753Z test checkpoint_expiry_preserves_old_attempt_and_pending_projection_is_not_an_rpc_reply ... ok
Rust	Test Rust workspace	2026-09-24T15:10:54.1193619Z test material_identity_is_observed_without_rewriting_a_lost_begin_reply ... ok
Rust	Test Rust workspace	2026-09-24T15:10:54.1298614Z test prepared_entered_and_reply_boundaries_survive_rollback_and_lost_commit_response ... ok
Rust	Test Rust workspace	2026-09-24T15:10:54.1317620Z test stop_intent_survives_commit_response_loss_and_never_becomes_a_part_request ... ok
Rust	Test Rust workspace	2026-09-24T15:10:54.1392615Z test stop_attempt_key_is_preserved_and_p_observation_does_not_invent_a_reply ... ok
Rust	Test Rust workspace	2026-09-24T15:10:54.1393571Z test reconciliation_acknowledgment_is_not_a_resource_release_observation ... ok
Rust	Test Rust workspace	2026-09-24T15:10:54.1394096Z 
Rust	Test Rust workspace	2026-09-24T15:10:54.1394488Z test result: ok. 9 passed; 0 failed; 0 ignored; 0 measured; 0 filtered out; finished in 0.06s
Rust	Test Rust workspace	2026-09-24T15:10:54.1395067Z 
Rust	Test Rust workspace	2026-09-24T15:10:54.1397729Z ^[[1m^[[92m     Running^[[0m tests/recovery_inspect.rs (target/debug/deps/recovery_inspect-151783a10d3b0347)
Rust	Test Rust workspace	2026-09-24T15:10:54.1414021Z 
Rust	Test Rust workspace	2026-09-24T15:10:54.1414206Z running 5 tests
Rust	Test Rust workspace	2026-09-24T15:10:54.1550376Z test owner_conflict_symlink_parent_and_size_limit_fail_without_source_writes ... ok
Rust	Test Rust workspace	2026-09-24T15:10:54.2201518Z test missing_header_wrong_identity_and_missing_writer_lock_are_never_initialized ... ok
Rust	Test Rust workspace	2026-09-24T15:10:54.2444956Z test preparing_never_initializes_or_attaches_and_creation_loss_is_rejected ... ok
Rust	Test Rust workspace	2026-09-24T15:10:54.2567872Z test current_pending_stop_is_inspected_twice_without_source_change_or_resolution ... ok
Rust	Test Rust workspace	2026-09-24T15:10:54.2691979Z test crash_style_wal_copy_is_included_without_touching_the_retained_source ... ok
Rust	Test Rust workspace	2026-09-24T15:10:54.2692583Z 
Rust	Test Rust workspace	2026-09-24T15:10:54.2692939Z test result: ok. 5 passed; 0 failed; 0 ignored; 0 measured; 0 filtered out; finished in 0.13s
Rust	Test Rust workspace	2026-09-24T15:10:54.2693451Z 
Rust	Test Rust workspace	2026-09-24T15:10:54.2697799Z ^[[1m^[[92m     Running^[[0m tests/recovery_wal_corruption.rs (target/debug/deps/recovery_wal_corruption-b0d84b9deb53cb50)
Rust	Test Rust workspace	2026-09-24T15:10:54.2714018Z 
Rust	Test Rust workspace	2026-09-24T15:10:54.2714216Z running 2 tests
Rust	Test Rust workspace	2026-09-24T15:10:54.3691411Z test invalid_assignment_wal_header_cannot_hide_committed_attachment_and_pending_requests ... ok
Rust	Test Rust workspace	2026-09-24T15:10:54.4235079Z test stale_committed_shm_cannot_hide_later_complete_wal_commits_or_change_the_original_copy ... ok
Rust	Test Rust workspace	2026-09-24T15:10:54.4235586Z 
Rust	Test Rust workspace	2026-09-24T15:10:54.4235893Z test result: ok. 2 passed; 0 failed; 0 ignored; 0 measured; 0 filtered out; finished in 0.15s
Rust	Test Rust workspace	2026-09-24T15:10:54.4236254Z 
Rust	Test Rust workspace	2026-09-24T15:10:54.4239273Z ^[[1m^[[92m     Running^[[0m tests/service_owner.rs (target/debug/deps/service_owner-a4c2520645b653c0)
Rust	Test Rust workspace	2026-09-24T15:10:54.4253013Z 
Rust	Test Rust workspace	2026-09-24T15:10:54.4253171Z running 8 tests
Rust	Test Rust workspace	2026-09-24T15:10:54.4261682Z test invalid_journal_path_cannot_overwrite_the_ownership_file ... ok
Rust	Test Rust workspace	2026-09-24T15:10:54.4262914Z test different_service_roots_do_not_impose_a_global_cell_owner ... ok
Rust	Test Rust workspace	2026-09-24T15:10:54.4263631Z test directory_alias_cannot_bypass_the_service_owner ... ok
Rust	Test Rust workspace	2026-09-24T15:10:54.4266384Z test one_root_cannot_register_two_services_with_different_run_journals ... ok
Rust	Test Rust workspace	2026-09-24T15:10:54.4267178Z test ownership_symlink_is_rejected_without_touching_its_target ... ok
Rust	Test Rust workspace	2026-09-24T15:10:54.4269799Z test startup_failure_releases_ownership_without_removing_the_lock_file ... ok
Rust	Test Rust workspace	2026-09-24T15:10:54.4293351Z test ownership_special_files_are_rejected ... ok
Rust	Test Rust workspace	2026-09-24T15:10:54.4578889Z test entrypoint::competing_product_process_never_reaches_connect_and_failure_unlocks_root ... ok
Rust	Test Rust workspace	2026-09-24T15:10:54.4579382Z 
Rust	Test Rust workspace	2026-09-24T15:10:54.4579656Z test result: ok. 8 passed; 0 failed; 0 ignored; 0 measured; 0 filtered out; finished in 0.03s
Rust	Test Rust workspace	2026-09-24T15:10:54.4580011Z 
Rust	Test Rust workspace	2026-09-24T15:10:54.4582017Z ^[[1m^[[92m     Running^[[0m unittests src/lib.rs (target/debug/deps/rx_host-d54e17a84c41e296)
Rust	Test Rust workspace	2026-09-24T15:10:54.4600932Z 
Rust	Test Rust workspace	2026-09-24T15:10:54.4601069Z running 5 tests
Rust	Test Rust workspace	2026-09-24T15:10:54.4617770Z test service::guarded_tests::guarded_host_stopped_requires_final_adapter_proof_and_closed_admission ... ok
Rust	Test Rust workspace	2026-09-24T15:10:54.4619026Z test publication::tests::local_idle_ticks_do_not_extend_the_one_second_remote_probe_deadline ... ok
Rust	Test Rust workspace	2026-09-24T15:10:54.4745057Z test service::guarded_tests::host_report_failure_requests_stop_and_cannot_become_stopped_later ... ok
Rust	Test Rust workspace	2026-09-24T15:10:54.4974853Z test publication::tests::idle_remote_probe_detects_expired_session_without_new_evidence_or_native_effects ... ok
Rust	Test Rust workspace	2026-09-24T15:10:54.9217544Z test service::guarded_tests::unchanged_host_status_heartbeats_and_stays_terminal_after_finish ... ok
Rust	Test Rust workspace	2026-09-24T15:10:54.9218041Z 
Rust	Test Rust workspace	2026-09-24T15:10:54.9218305Z test result: ok. 5 passed; 0 failed; 0 ignored; 0 measured; 0 filtered out; finished in 0.46s
Rust	Test Rust workspace	2026-09-24T15:10:54.9218646Z 
Rust	Test Rust workspace	2026-09-24T15:10:54.9228938Z ^[[1m^[[92m     Running^[[0m unittests tests/support/crash_harness.rs (target/debug/deps/rx_host_crash_fixture-137f087ba151e10b)
Rust	Test Rust workspace	2026-09-24T15:10:54.9241245Z 
Rust	Test Rust workspace	2026-09-24T15:10:54.9241388Z running 0 tests
Rust	Test Rust workspace	2026-09-24T15:10:54.9242801Z 
Rust	Test Rust workspace	2026-09-24T15:10:54.9243696Z test result: ok. 0 passed; 0 failed; 0 ignored; 0 measured; 0 filtered out; finished in 0.00s
Rust	Test Rust workspace	2026-09-24T15:10:54.9244252Z 
Rust	Test Rust workspace	2026-09-24T15:10:54.9244873Z ^[[1m^[[92m     Running^[[0m unittests tests/support/recovery_native_fixture.rs (target/debug/deps/rx_host_recovery_fixture-93cddd1789b1cf6c)
Rust	Test Rust workspace	2026-09-24T15:10:54.9255078Z 
Rust	Test Rust workspace	2026-09-24T15:10:54.9255330Z running 0 tests
Rust	Test Rust workspace	2026-09-24T15:10:54.9255560Z 
Rust	Test Rust workspace	2026-09-24T15:10:54.9255996Z test result: ok. 0 passed; 0 failed; 0 ignored; 0 measured; 0 filtered out; finished in 0.00s
Rust	Test Rust workspace	2026-09-24T15:10:54.9256555Z 
Rust	Test Rust workspace	2026-09-24T15:10:54.9257922Z ^[[1m^[[92m     Running^[[0m unittests tests/support/sim_server.rs (target/debug/deps/rx_host_sim_server-94933df64e5a0ad6)
Rust	Test Rust workspace	2026-09-24T15:10:54.9268156Z 
Rust	Test Rust workspace	2026-09-24T15:10:54.9268482Z running 0 tests
Rust	Test Rust workspace	2026-09-24T15:10:54.9268696Z 
Rust	Test Rust workspace	2026-09-24T15:10:54.9268962Z test result: ok. 0 passed; 0 failed; 0 ignored; 0 measured; 0 filtered out; finished in 0.00s
Rust	Test Rust workspace	2026-09-24T15:10:54.9269309Z 
Rust	Test Rust workspace	2026-09-24T15:10:54.9271352Z ^[[1m^[[92m     Running^[[0m unittests src/bin/rx-hostd.rs (target/debug/deps/rx_hostd-9c932a2b5f600fec)
Rust	Test Rust workspace	2026-09-24T15:10:54.9281378Z 
Rust	Test Rust workspace	2026-09-24T15:10:54.9281524Z running 0 tests
Rust	Test Rust workspace	2026-09-24T15:10:54.9281756Z 
Rust	Test Rust workspace	2026-09-24T15:10:54.9282279Z test result: ok. 0 passed; 0 failed; 0 ignored; 0 measured; 0 filtered out; finished in 0.00s
Rust	Test Rust workspace	2026-09-24T15:10:54.9282808Z 
Rust	Test Rust workspace	2026-09-24T15:10:54.9283959Z ^[[1m^[[92m     Running^[[0m tests/gate.rs (target/debug/deps/gate-eb294fcb9135eeca)
Rust	Test Rust workspace	2026-09-24T15:10:54.9297373Z 
Rust	Test Rust workspace	2026-09-24T15:10:54.9297617Z running 30 tests
Rust	Test Rust workspace	2026-09-24T15:10:54.9503573Z test cancellation_arriving_before_prepare_creates_permanent_tombstone ... ok
Rust	Test Rust workspace	2026-09-24T15:10:54.9530531Z test altered_permit_and_unapproved_intent_are_rejected_before_effect ... ok
Rust	Test Rust workspace	2026-09-24T15:10:54.9571968Z test configuration_commit_failure_has_no_receipt_context_or_consumed_slot ... ok
Rust	Test Rust workspace	2026-09-24T15:10:54.9683420Z test configuration_cohort_is_complete_and_a_rejected_member_prevents_all_context_changes ... ok
Rust	Test Rust workspace	2026-09-24T15:10:54.9803618Z test configuration_missing_quiescence_does_not_create_applied_context ... ok
Rust	Test Rust workspace	2026-09-24T15:10:54.9814843Z test configuration_does_not_treat_prepared_native_work_as_quiescent ... ok
Rust	Test Rust workspace	2026-09-24T15:10:54.9887293Z test configuration_context_is_durable_unqualified_and_same_request_never_reapplies ... ok
Rust	Test Rust workspace	2026-09-24T15:10:54.9940558Z test configuration_rejects_an_old_quiescence_observation ... ok
Rust	Test Rust workspace	2026-09-24T15:10:55.0021597Z test configuration_scope_binding_and_fence_are_not_caller_success_claims ... ok
Rust	Test Rust workspace	2026-09-24T15:10:55.0131456Z test expiry_during_commit_does_not_enter_native_and_is_not_retried ... ok
Rust	Test Rust workspace	2026-09-24T15:10:55.0148406Z test late_fence_replay_cannot_remove_a_new_arm_or_rewind_epoch ... ok
Rust	Test Rust workspace	2026-09-24T15:10:55.0321840Z test native_submission_serializes_fence_while_protection_is_independent ... ok
Rust	Test Rust workspace	2026-09-24T15:10:55.0413895Z test evidence_publication_cursor_is_durable_scoped_and_never_accepts_a_foreign_ack ... ok
Rust	Test Rust workspace	2026-09-24T15:10:55.0449765Z test prepare_does_not_call_device_and_authorize_duplicates_are_receipt_lookup ... ok
Rust	Test Rust workspace	2026-09-24T15:10:55.0621034Z test prepared_rebind_retires_old_permit_permanently ... ok
Rust	Test Rust workspace	2026-09-24T15:10:55.0822327Z test qualification_tests::qualification_commit_failure_rolls_back_cohort_receipt_and_slot ... ok
Rust	Test Rust workspace	2026-09-24T15:10:55.0982338Z test qualification_tests::qualification_arm_rejects_partial_clearance_and_any_changed_cohort_member ... ok
Rust	Test Rust workspace	2026-09-24T15:10:55.1109511Z test qualification_tests::qualification_full_cohort_is_atomic_and_a_wrong_member_cannot_be_accepted ... ok
Rust	Test Rust workspace	2026-09-24T15:10:55.1261878Z test qualification_tests::qualification_acceptance_preserves_blocks_requires_explicit_arm_and_rejects_old_qualification ... ok
Rust	Test Rust workspace	2026-09-24T15:10:55.1362590Z test qualification_tests::qualification_identity_cannot_be_reused_for_different_evidence_and_empty_scope_grants_no_operations ... ok
Rust	Test Rust workspace	2026-09-24T15:10:55.1549159Z test qualification_tests::qualification_restart_keeps_receipt_and_never_restores_applicability_or_arm ... ok
Rust	Test Rust workspace	2026-09-24T15:10:55.1679237Z test renewal_replay_does_not_extend_expiry_and_expired_grant_stays_expired ... ok
Rust	Test Rust workspace	2026-09-24T15:10:55.1785627Z test qualification_tests::qualification_revalidation_does_not_hide_prepared_native_work ... ok
Rust	Test Rust workspace	2026-09-24T15:10:55.1848365Z test same_grant_fence_requires_same_request_identity ... ok
Rust	Test Rust workspace	2026-09-24T15:10:55.1876667Z test qualification_tests::qualification_same_key_same_review_and_changed_scope_cannot_replace_accepted_identity ... ok
Rust	Test Rust workspace	2026-09-24T15:10:55.1880491Z test simulated_device_has_an_independent_exclusive_owner ... ok
Rust	Test Rust workspace	2026-09-24T15:10:55.2009317Z test stable_handover_is_not_permission_to_drop_an_adapter ... ok
Rust	Test Rust workspace	2026-09-24T15:10:55.2034449Z test service_stop_latch_interrupts_the_pre_native_boundary_without_waiting_for_gate_lock ... ok
Rust	Test Rust workspace	2026-09-24T15:10:55.2058703Z test service_stop_latches_before_database_access_and_preserves_uncertain_work ... ok
Rust	Test Rust workspace	2026-09-24T15:10:55.2402609Z test qualification_tests::qualification_requires_supported_fresh_local_quiescence ... ok
Rust	Test Rust workspace	2026-09-24T15:10:55.2403146Z 
Rust	Test Rust workspace	2026-09-24T15:10:55.2403420Z test result: ok. 30 passed; 0 failed; 0 ignored; 0 measured; 0 filtered out; finished in 0.31s
Rust	Test Rust workspace	2026-09-24T15:10:55.2403808Z 
Rust	Test Rust workspace	2026-09-24T15:10:55.2408803Z ^[[1m^[[92m     Running^[[0m tests/guarded_status.rs (target/debug/deps/guarded_status-cf1ea2e98adf4445)
Rust	Test Rust workspace	2026-09-24T15:10:55.2432052Z 
Rust	Test Rust workspace	2026-09-24T15:10:55.2432216Z running 3 tests
Rust	Test Rust workspace	2026-09-24T15:10:55.2452376Z test held_adapter_startup_status_failure_fixture ... ignored, isolated environment fixture invoked by the bounded parent test
Rust	Test Rust workspace	2026-09-24T15:10:55.2771278Z test invalid_guarded_writer_fails_before_passive_native_open_or_rpc_admission ... ok
Rust	Test Rust workspace	2026-09-24T15:10:56.8200120Z test reporter_failure_after_native_open_waits_for_explicit_adapter_drop_permission ... ok
Rust	Test Rust workspace	2026-09-24T15:10:56.8201200Z 
Rust	Test Rust workspace	2026-09-24T15:10:56.8201937Z test result: ok. 2 passed; 0 failed; 1 ignored; 0 measured; 0 filtered out; finished in 1.58s
Rust	Test Rust workspace	2026-09-24T15:10:56.8202479Z 
Rust	Test Rust workspace	2026-09-24T15:10:56.8208146Z ^[[1m^[[92m     Running^[[0m tests/melsec.rs (target/debug/deps/melsec-93ca7b8091a0dbbb)
Rust	Test Rust workspace	2026-09-24T15:10:56.8225616Z 
Rust	Test Rust workspace	2026-09-24T15:10:56.8225814Z running 15 tests
Rust	Test Rust workspace	2026-09-24T15:10:56.8490164Z test ack_is_pending_and_only_later_independent_sensor_observation_captures ... ok
Rust	Test Rust workspace	2026-09-24T15:10:56.9346782Z test abrupt_exit_at_native_commit_and_write_boundaries_never_replays ... ok
Rust	Test Rust workspace	2026-09-24T15:10:56.9509556Z test already_satisfied_state_records_evidence_without_a_native_write ... ok
Rust	Test Rust workspace	2026-09-24T15:10:56.9929464Z test actual_host_gate_journal_reconcile_evidence_and_stop_use_melsec_adapter ... ok
Rust	Test Rust workspace	2026-09-24T15:10:57.0356908Z test captured_original_session_survives_restart_but_uncaptured_ack_does_not ... ok
Rust	Test Rust workspace	2026-09-24T15:10:57.0522909Z test corrupted_completion_record_is_not_adopted_as_historical_fact ... ok
Rust	Test Rust workspace	2026-09-24T15:10:57.0685478Z test final_native_read_after_journal_commit_rechecks_ready_without_resend ... ok
Rust	Test Rust workspace	2026-09-24T15:10:57.0686725Z test melsec_crash_child ... ignored, executed only as an isolated child by the crash-boundary test
Rust	Test Rust workspace	2026-09-24T15:10:57.0933193Z test final_read_within_transport_budget_but_beyond_guard_lifetime_cannot_write ... ok
Rust	Test Rust workspace	2026-09-24T15:10:57.1138080Z test linux_real_boottime_adapter_observation_write_completion_and_drop ... ok
Rust	Test Rust workspace	2026-09-24T15:10:57.1354130Z test lost_reply_and_new_process_never_resubmit_or_clear_pending ... ok
Rust	Test Rust workspace	2026-09-24T15:10:57.1451936Z test new_or_replaced_journal_and_mismatched_profile_are_rejected_without_native_io ... ok
Rust	Test Rust workspace	2026-09-24T15:10:57.1571261Z test profile_and_intent_scope_fail_before_native_writes ... ok
Rust	Test Rust workspace	2026-09-24T15:10:57.1964113Z test publication_generation_regression_stale_and_inconsistent_images_latch ... ok
Rust	Test Rust workspace	2026-09-24T15:10:57.2094437Z test valid_support_does_not_imply_drop_permission_and_protection_does_not_release_chuck ... ok
Rust	Test Rust workspace	2026-09-24T15:10:57.2095121Z 
Rust	Test Rust workspace	2026-09-24T15:10:57.2095482Z test result: ok. 14 passed; 0 failed; 1 ignored; 0 measured; 0 filtered out; finished in 0.39s
Rust	Test Rust workspace	2026-09-24T15:10:57.2095973Z 
Rust	Test Rust workspace	2026-09-24T15:10:57.2100702Z ^[[1m^[[92m     Running^[[0m tests/melsec_service.rs (target/debug/deps/melsec_service-ef2c28730cb8c5c7)
Rust	Test Rust workspace	2026-09-24T15:10:57.2123199Z 
Rust	Test Rust workspace	2026-09-24T15:10:57.2123838Z running 7 tests
Rust	Test Rust workspace	2026-09-24T15:10:57.2132833Z test export_melsec_image_fixture ... ignored, exports signed, test-only loopback configuration for the product image test
Rust	Test Rust workspace	2026-09-24T15:10:57.3191498Z test physical_startup_qualification_id_does_not_authorize_arm ... ok
Rust	Test Rust workspace	2026-09-24T15:10:57.4744578Z test physical_metadata_requires_current_qualification_and_separate_arm_on_loopback ... ok
Rust	Test Rust workspace	2026-09-24T15:10:57.6637861Z test product_composition_initializes_starts_and_stops_the_signed_melsec_package ... ok
Rust	Test Rust workspace	2026-09-24T15:10:57.6714672Z test signature_content_policy_asset_release_and_binding_tampering_fail_before_initialization ... ok
Rust	Test Rust workspace	2026-09-24T15:10:57.8072342Z test signed_device_package_binds_release_profile_assets_and_exact_cell_without_io ... ok
Rust	Test Rust workspace	2026-09-24T15:10:57.9421253Z test validly_signed_wrong_release_controller_or_installation_is_rejected ... ok
Rust	Test Rust workspace	2026-09-24T15:10:57.9421685Z 
Rust	Test Rust workspace	2026-09-24T15:10:57.9421957Z test result: ok. 6 passed; 0 failed; 1 ignored; 0 measured; 0 filtered out; finished in 0.73s
Rust	Test Rust workspace	2026-09-24T15:10:57.9422342Z 
Rust	Test Rust workspace	2026-09-24T15:10:57.9431465Z ^[[1m^[[92m     Running^[[0m tests/mtls.rs (target/debug/deps/mtls-bcaa923cca25e484)
Rust	Test Rust workspace	2026-09-24T15:10:57.9453228Z 
Rust	Test Rust workspace	2026-09-24T15:10:57.9453388Z running 5 tests
Rust	Test Rust workspace	2026-09-24T15:10:57.9942406Z test cell_manifest_and_session_are_mandatory_before_grant ... ok
Rust	Test Rust workspace	2026-09-24T15:10:58.0187530Z test changed_content_under_rpc_key_is_rejected_and_legacy_dispatch_cannot_bypass_cell ... ok
Rust	Test Rust workspace	2026-09-24T15:10:58.0211056Z test concurrent_hello_retries_produce_one_usable_session ... ok
Rust	Test Rust workspace	2026-09-24T15:10:58.0244520Z test valid_ca_without_registered_fingerprint_cannot_impersonate_platform ... ok
Rust	Test Rust workspace	2026-09-24T15:10:58.0346481Z test mtls_negotiation_prepare_authorize_and_evidence_roundtrip ... ok
Rust	Test Rust workspace	2026-09-24T15:10:58.0347000Z 
Rust	Test Rust workspace	2026-09-24T15:10:58.0347386Z test result: ok. 5 passed; 0 failed; 0 ignored; 0 measured; 0 filtered out; finished in 0.09s
Rust	Test Rust workspace	2026-09-24T15:10:58.0347922Z 
Rust	Test Rust workspace	2026-09-24T15:10:58.0360166Z ^[[1m^[[92m     Running^[[0m tests/process_crash.rs (target/debug/deps/process_crash-251eadd18effc867)
Rust	Test Rust workspace	2026-09-24T15:10:58.0373473Z 
Rust	Test Rust workspace	2026-09-24T15:10:58.0373762Z running 3 tests
Rust	Test Rust workspace	2026-09-24T15:10:58.0671552Z test configuration_commit_survives_sigkill_before_reply_without_restoring_arm ... ok
Rust	Test Rust workspace	2026-09-24T15:10:58.0748373Z test qualification_commit_survives_sigkill_before_reply_without_restoring_authority ... ok
Rust	Test Rust workspace	2026-09-24T15:10:58.0965512Z test sigkill_at_both_journal_native_boundaries_never_replays_device_effect ... ok
Rust	Test Rust workspace	2026-09-24T15:10:58.0966266Z 
Rust	Test Rust workspace	2026-09-24T15:10:58.0966544Z test result: ok. 3 passed; 0 failed; 0 ignored; 0 measured; 0 filtered out; finished in 0.06s
Rust	Test Rust workspace	2026-09-24T15:10:58.0967074Z 
Rust	Test Rust workspace	2026-09-24T15:10:58.0968667Z ^[[1m^[[92m     Running^[[0m tests/ros_jtc.rs (target/debug/deps/ros_jtc-ad6ef763b5bc48e8)
Rust	Test Rust workspace	2026-09-24T15:10:58.0984293Z 
Rust	Test Rust workspace	2026-09-24T15:10:58.0984586Z running 12 tests
Rust	Test Rust workspace	2026-09-24T15:10:58.0992846Z test actual_rust_host_to_cpp_bridge_to_ros_action_preserves_original_goal ... ignored, requires the isolated real ROS simulator and shipped bridge binary
Rust	Test Rust workspace	2026-09-24T15:10:58.1345392Z test action_completion_does_not_close_bridge_until_support_and_child_exit_are_proven ... ok
Rust	Test Rust workspace	2026-09-24T15:10:58.1346096Z test crash_jtc_child ... ignored, child-only abrupt-exit fixture
Rust	Test Rust workspace	2026-09-24T15:10:58.2789232Z test abrupt_exit_at_each_native_boundary_preserves_entry_and_never_replays ... ok
Rust	Test Rust workspace	2026-09-24T15:10:58.5009421Z test bound_jtc_outcome_table_interprets_native_captures_without_code_zero_fallback ... ok
Rust	Test Rust workspace	2026-09-24T15:10:58.5304626Z test contradictory_result_is_stored_without_success_capture ... ok
Rust	Test Rust workspace	2026-09-24T15:10:58.5767591Z test host_dispatch_context_survives_native_journal_and_rejects_expiry_or_generation_change ... ok
Rust	Test Rust workspace	2026-09-24T15:10:58.6147587Z test independent_generation_ownership_and_drop_proof_are_required ... ok
Rust	Test Rust workspace	2026-09-24T15:10:58.6236315Z test simulation_fixture_profile_cannot_claim_physical_equipment ... ok
Rust	Test Rust workspace	2026-09-24T15:10:58.6569041Z test journal_identity_loss_and_corrupt_capture_cannot_be_adopted ... ok
Rust	Test Rust workspace	2026-09-24T15:10:58.6813903Z test missing_authority_or_changed_artifact_never_dispatches ... ok
Rust	Test Rust workspace	2026-09-24T15:10:58.7421257Z test native_journal_prevents_resend_and_new_id_bypass_after_reply_loss_and_reopen ... ok
Rust	Test Rust workspace	2026-09-24T15:10:58.7421926Z 
Rust	Test Rust workspace	2026-09-24T15:10:58.7422301Z test result: ok. 10 passed; 0 failed; 2 ignored; 0 measured; 0 filtered out; finished in 0.64s
Rust	Test Rust workspace	2026-09-24T15:10:58.7422846Z 
Rust	Test Rust workspace	2026-09-24T15:10:58.7426816Z ^[[1m^[[92m     Running^[[0m tests/ros_process.rs (target/debug/deps/ros_process-03b80a0894e53a23)
Rust	Test Rust workspace	2026-09-24T15:10:58.7440631Z 
Rust	Test Rust workspace	2026-09-24T15:10:58.7440944Z running 3 tests
Rust	Test Rust workspace	2026-09-24T15:10:58.7459975Z test executable_pin_and_configuration_are_checked_before_spawn ... ok
Rust	Test Rust workspace	2026-09-24T15:10:58.7905894Z test owned_executable_copy_and_bounded_pipes_preserve_context_and_close_without_kill ... ok
Rust	Test Rust workspace	2026-09-24T15:10:59.0685800Z test timeout_oversize_and_wrong_instance_permanently_fault_the_pipe ... ok
Rust	Test Rust workspace	2026-09-24T15:10:59.0696809Z ^[[1m^[[92m     Running^[[0m tests/service.rs (target/debug/deps/service-0d9496f45e29db74)
Rust	Test Rust workspace	2026-09-24T15:10:59.0697380Z 
Rust	Test Rust workspace	2026-09-24T15:10:59.0704631Z test result: ok. 3 passed; 0 failed; 0 ignored; 0 measured; 0 filtered out; finished in 0.32s
Rust	Test Rust workspace	2026-09-24T15:10:59.0729948Z 
Rust	Test Rust workspace	2026-09-24T15:10:59.0730325Z 
Rust	Test Rust workspace	2026-09-24T15:10:59.0730638Z running 16 tests
Rust	Test Rust workspace	2026-09-24T15:10:59.0743176Z test export_host_image_fixture ... ignored, exports isolated container fixture
Rust	Test Rust workspace	2026-09-24T15:10:59.0906622Z test binding_inspection_compares_full_cohort_without_creating_installation_or_restoring_authority ... ok
Rust	Test Rust workspace	2026-09-24T15:10:59.1064547Z test initialization_cannot_replace_a_concurrently_created_empty_destination ... ok
Rust	Test Rust workspace	2026-09-24T15:10:59.1066220Z test maintenance_crash_child ... ignored, abrupt-exit helper invoked only by the maintenance crash test
Rust	Test Rust workspace	2026-09-24T15:10:59.1079840Z test empty_replacement_database_is_not_reinitialized_as_a_fresh_host ... ok
Rust	Test Rust workspace	2026-09-24T15:10:59.2452613Z test maintenance_requires_descriptor_feature_marker_and_does_not_silently_upgrade_legacy_installations ... ok
Rust	Test Rust workspace	2026-09-24T15:10:59.3484249Z test failed_startup_invalidates_old_stop_even_when_old_status_file_still_says_stopped ... ok
Rust	Test Rust workspace	2026-09-24T15:10:59.3765058Z test operational_state_changes_after_stop_invalidate_preparation_without_reinitializing_the_journal ... ok
Rust	Test Rust workspace	2026-09-24T15:10:59.4006491Z test durable_maintenance_requires_real_stop_recovers_same_request_and_blocks_startup_until_cancelled ... ok
Rust	Test Rust workspace	2026-09-24T15:10:59.4477702Z test normal_stop_retains_adapter_until_drop_permission_is_explicit ... ok
Rust	Test Rust workspace	2026-09-24T15:10:59.4583999Z test startup_rejects_a_symlink_at_the_actual_host_writer_lock_path ... ok
Rust	Test Rust workspace	2026-09-24T15:10:59.4661730Z test startup_rejects_policy_tampering_unknown_fields_and_unimplemented_physical_backend ... ok
Rust	Test Rust workspace	2026-09-24T15:10:59.5006256Z test preparation_cannot_swap_both_current_and_proposed_around_the_actual_stopped_startup ... ok
Rust	Test Rust workspace	2026-09-24T15:10:59.5311408Z test product_composition_has_immutable_installation_real_owner_and_clean_software_stop ... ok
Rust	Test Rust workspace	2026-09-24T15:10:59.6307012Z test unavailable_runtime_lock_refuses_service_without_claiming_a_known_owner ... ok
Rust	Test Rust workspace	2026-09-24T15:10:59.6729156Z test preparation_commit_crashes_preserve_atomicity_and_durable_same_request_recovery ... ok
Rust	Test Rust workspace	2026-09-24T15:10:59.6729677Z 
Rust	Test Rust workspace	2026-09-24T15:10:59.6729948Z test result: ok. 14 passed; 0 failed; 2 ignored; 0 measured; 0 filtered out; finished in 0.60s
Rust	Test Rust workspace	2026-09-24T15:10:59.6730296Z 
Rust	Test Rust workspace	2026-09-24T15:10:59.6739071Z ^[[1m^[[92m     Running^[[0m unittests src/lib.rs (target/debug/deps/rx_melsec_mc-77986d4f92d89cf4)
Rust	Test Rust workspace	2026-09-24T15:10:59.6751690Z 
Rust	Test Rust workspace	2026-09-24T15:10:59.6751882Z running 0 tests
Rust	Test Rust workspace	2026-09-24T15:10:59.6752108Z 
Rust	Test Rust workspace	2026-09-24T15:10:59.6752371Z test result: ok. 0 passed; 0 failed; 0 ignored; 0 measured; 0 filtered out; finished in 0.00s
Rust	Test Rust workspace	2026-09-24T15:10:59.6752711Z 
Rust	Test Rust workspace	2026-09-24T15:10:59.6754886Z ^[[1m^[[92m     Running^[[0m tests/transport.rs (target/debug/deps/transport-5b7a848e485e449c)
Rust	Test Rust workspace	2026-09-24T15:10:59.6765152Z 
Rust	Test Rust workspace	2026-09-24T15:10:59.6765315Z running 12 tests
Rust	Test Rust workspace	2026-09-24T15:10:59.6772676Z test invalid_configuration_fails_before_a_connection_attempt ... ok
Rust	Test Rust workspace	2026-09-24T15:10:59.6773709Z test denied_addresses_and_zero_or_oversize_reads_send_no_bytes ... ok
Rust	Test Rust workspace	2026-09-24T15:10:59.6776724Z test lost_write_response_preserves_uncertainty_and_never_resends ... ok
Rust	Test Rust workspace	2026-09-24T15:10:59.6777685Z test explicit_route_bytes_and_24_bit_addresses_are_preserved ... ok
Rust	Test Rust workspace	2026-09-24T15:10:59.6778676Z test documented_bit_read_and_word_read_vectors_over_fragmented_tcp ... ok
Rust	Test Rust workspace	2026-09-24T15:10:59.6781460Z test mapped_single_bit_write_ack_does_not_claim_physical_completion ... ok
Rust	Test Rust workspace	2026-09-24T15:10:59.6785741Z test plc_error_code_is_preserved_without_assuming_write_nonexecution ... ok
Rust	Test Rust workspace	2026-09-24T15:10:59.6786759Z test profile_is_explicit_bounded_and_simulation_cannot_target_the_site ... ok
Rust	Test Rust workspace	2026-09-24T15:10:59.6787644Z test passive_connect_and_drop_never_send_plc_commands ... ok
Rust	Test Rust workspace	2026-09-24T15:10:59.6788321Z test write_ack_payload_cannot_smuggle_a_completion_value ... ok
Rust	Test Rust workspace	2026-09-24T15:10:59.6795929Z test malformed_headers_lengths_end_codes_and_payloads_fault_the_connection ... ok
Rust	Test Rust workspace	2026-09-24T15:10:59.8296967Z test total_deadline_is_not_extended_by_a_slow_trickle ... ok
Rust	Test Rust workspace	2026-09-24T15:10:59.8297535Z 
Rust	Test Rust workspace	2026-09-24T15:10:59.8297830Z test result: ok. 12 passed; 0 failed; 0 ignored; 0 measured; 0 filtered out; finished in 0.15s
Rust	Test Rust workspace	2026-09-24T15:10:59.8298181Z 
Rust	Test Rust workspace	2026-09-24T15:10:59.8300618Z ^[[1m^[[92m     Running^[[0m unittests src/lib.rs (target/debug/deps/rx_process-fc69fd54e9218f3d)
Rust	Test Rust workspace	2026-09-24T15:10:59.8313921Z 
Rust	Test Rust workspace	2026-09-24T15:10:59.8314076Z running 0 tests
Rust	Test Rust workspace	2026-09-24T15:10:59.8314350Z 
Rust	Test Rust workspace	2026-09-24T15:10:59.8314920Z test result: ok. 0 passed; 0 failed; 0 ignored; 0 measured; 0 filtered out; finished in 0.00s
Rust	Test Rust workspace	2026-09-24T15:10:59.8315511Z 
Rust	Test Rust workspace	2026-09-24T15:10:59.8316999Z ^[[1m^[[92m     Running^[[0m unittests src/bin/rx-process-compile.rs (target/debug/deps/rx_process_compile-a607862fe73c2429)
Rust	Test Rust workspace	2026-09-24T15:10:59.8327143Z 
Rust	Test Rust workspace	2026-09-24T15:10:59.8327288Z running 0 tests
Rust	Test Rust workspace	2026-09-24T15:10:59.8327531Z 
Rust	Test Rust workspace	2026-09-24T15:10:59.8328045Z test result: ok. 0 passed; 0 failed; 0 ignored; 0 measured; 0 filtered out; finished in 0.00s
Rust	Test Rust workspace	2026-09-24T15:10:59.8328586Z 
Rust	Test Rust workspace	2026-09-24T15:10:59.8329689Z ^[[1m^[[92m     Running^[[0m tests/n1_handover.rs (target/debug/deps/n1_handover-6be6fad83f307e2c)
Rust	Test Rust workspace	2026-09-24T15:10:59.8341547Z 
Rust	Test Rust workspace	2026-09-24T15:10:59.8341857Z running 2 tests
Rust	Test Rust workspace	2026-09-24T15:10:59.8410160Z test n1_cross_host_support_collision_is_not_hidden_by_controller_names ... ok
Rust	Test Rust workspace	2026-09-24T15:10:59.8912753Z test n1_command_handover_and_lost_response_trace ... ok
Rust	Test Rust workspace	2026-09-24T15:10:59.8913235Z 
Rust	Test Rust workspace	2026-09-24T15:10:59.8913601Z test result: ok. 2 passed; 0 failed; 0 ignored; 0 measured; 0 filtered out; finished in 0.06s
Rust	Test Rust workspace	2026-09-24T15:10:59.8914768Z 
Rust	Test Rust workspace	2026-09-24T15:10:59.8917097Z ^[[1m^[[92m     Running^[[0m tests/package.rs (target/debug/deps/package-7608c13ab0f18341)
Rust	Test Rust workspace	2026-09-24T15:10:59.8930661Z 
Rust	Test Rust workspace	2026-09-24T15:10:59.8930970Z running 1 test
Rust	Test Rust workspace	2026-09-24T15:10:59.9242518Z test verified_content_still_requires_process_semantic_validation ... ok
Rust	Test Rust workspace	2026-09-24T15:10:59.9243084Z 
Rust	Test Rust workspace	2026-09-24T15:10:59.9243480Z test result: ok. 1 passed; 0 failed; 0 ignored; 0 measured; 0 filtered out; finished in 0.03s
Rust	Test Rust workspace	2026-09-24T15:10:59.9243996Z 
Rust	Test Rust workspace	2026-09-24T15:10:59.9245901Z ^[[1m^[[92m     Running^[[0m tests/process.rs (target/debug/deps/process-1449fc5be981f8af)
Rust	Test Rust workspace	2026-09-24T15:10:59.9259092Z 
Rust	Test Rust workspace	2026-09-24T15:10:59.9259257Z running 10 tests
Rust	Test Rust workspace	2026-09-24T15:10:59.9332100Z test branches_require_a_committed_choice_and_reject_opposite_branch_history ... ok
Rust	Test Rust workspace	2026-09-24T15:10:59.9333290Z test incomplete_history_and_recursive_subflows_do_not_create_new_work ... ok
Rust	Test Rust workspace	2026-09-24T15:10:59.9341877Z test parallel_checks_resolved_resource_conflicts_and_suppresses_new_work_on_unknown ... ok
Rust	Test Rust workspace	2026-09-24T15:10:59.9351754Z test malformed_or_unbounded_source_and_partial_progress_are_rejected ... ok
Rust	Test Rust workspace	2026-09-24T15:10:59.9447726Z test source_link_checks_repeat_count_and_call_instantiation ... ok
Rust	Test Rust workspace	2026-09-24T15:10:59.9452251Z test repeat_and_subflow_expand_into_distinct_stable_occurrences ... ok
Rust	Test Rust workspace	2026-09-24T15:10:59.9471829Z test sequence_waits_for_authoritative_completion_and_resource_handover ... ok
Rust	Test Rust workspace	2026-09-24T15:10:59.9497300Z test source_link_rejects_reordered_children_and_swapped_branch_arms_with_valid_node_ids ... ok
Rust	Test Rust workspace	2026-09-24T15:10:59.9499004Z test waits_and_interventions_require_recorded_decisions_without_local_timeout_success ... ok
Rust	Test Rust workspace	2026-09-24T15:10:59.9526824Z test unknown_and_disputed_results_never_become_failure_or_a_new_attempt ... ok
Rust	Test Rust workspace	2026-09-24T15:10:59.9527360Z 
Rust	Test Rust workspace	2026-09-24T15:10:59.9527673Z test result: ok. 10 passed; 0 failed; 0 ignored; 0 measured; 0 filtered out; finished in 0.03s
Rust	Test Rust workspace	2026-09-24T15:10:59.9528037Z 
Rust	Test Rust workspace	2026-09-24T15:10:59.9530194Z ^[[1m^[[92m     Running^[[0m unittests src/lib.rs (target/debug/deps/rx_process_package-a6631ca49ab4727f)
Rust	Test Rust workspace	2026-09-24T15:10:59.9542698Z 
Rust	Test Rust workspace	2026-09-24T15:10:59.9542890Z running 0 tests
Rust	Test Rust workspace	2026-09-24T15:10:59.9543104Z 
Rust	Test Rust workspace	2026-09-24T15:10:59.9543481Z test result: ok. 0 passed; 0 failed; 0 ignored; 0 measured; 0 filtered out; finished in 0.00s
Rust	Test Rust workspace	2026-09-24T15:10:59.9544001Z 
Rust	Test Rust workspace	2026-09-24T15:10:59.9545593Z ^[[1m^[[92m     Running^[[0m unittests src/bin/rx-process-package.rs (target/debug/deps/rx_process_package-c5428826a3928468)
Rust	Test Rust workspace	2026-09-24T15:10:59.9555427Z 
Rust	Test Rust workspace	2026-09-24T15:10:59.9555586Z running 0 tests
Rust	Test Rust workspace	2026-09-24T15:10:59.9555802Z 
Rust	Test Rust workspace	2026-09-24T15:10:59.9556321Z test result: ok. 0 passed; 0 failed; 0 ignored; 0 measured; 0 filtered out; finished in 0.00s
Rust	Test Rust workspace	2026-09-24T15:10:59.9556864Z 
Rust	Test Rust workspace	2026-09-24T15:10:59.9558214Z ^[[1m^[[92m     Running^[[0m tests/package.rs (target/debug/deps/package-69f11c7625bbe923)
Rust	Test Rust workspace	2026-09-24T15:10:59.9569985Z 
Rust	Test Rust workspace	2026-09-24T15:10:59.9570145Z running 15 tests
Rust	Test Rust workspace	2026-09-24T15:10:59.9861912Z test a_valid_signature_does_not_hide_inconsistent_packaged_compile_inputs ... ok
Rust	Test Rust workspace	2026-09-24T15:10:59.9881482Z test export_device_process_review_authority ... ignored
Rust	Test Rust workspace	2026-09-24T15:10:59.9902306Z test export_process_authoring_key ... ignored, exports a test-only public PROCESS signing key for mixed ABI policy integration
Rust	Test Rust workspace	2026-09-24T15:10:59.9941666Z test external_signer_fixture_can_sign_a_caller_selected_local_test_candidate ... ok
Rust	Test Rust workspace	2026-09-24T15:10:59.9961593Z test device_provenance_survives_signed_package_and_actual_recompilation ... ok
Rust	Test Rust workspace	2026-09-24T15:10:59.9962909Z test deterministic_candidate_detached_signature_and_recompilation_preserve_input_identity ... ok
Rust	Test Rust workspace	2026-09-24T15:10:59.9991568Z test missing_program_artifacts_and_parallel_resource_conflicts_block_assembly ... ok
Rust	Test Rust workspace	2026-09-24T15:11:00.0021225Z test sign_device_process_review ... ignored
Rust	Test Rust workspace	2026-09-24T15:11:00.0051486Z test sign_mixed_process_request ... ignored, test-only external package signer for the isolated mixed-policy harness
Rust	Test Rust workspace	2026-09-24T15:11:00.0070072Z test fixture_for_external_signing_demo_is_explicit_and_never_a_default_production_key ... ok
Rust	Test Rust workspace	2026-09-24T15:11:00.0115570Z test candidate_publication_does_not_overwrite_and_signed_directory_has_exact_inventory ... ok
Rust	Test Rust workspace	2026-09-24T15:11:00.0198019Z test policy_assets_are_read_and_dependency_files_are_verified_under_current_trust ... ok
Rust	Test Rust workspace	2026-09-24T15:11:00.0294166Z test signed_but_inconsistent_process_produces_failure_report_without_resolved_artifact ... ok
Rust	Test Rust workspace	2026-09-24T15:11:00.0334753Z test signer_scope_key_alias_and_content_changes_do_not_gain_trust ... ok
Rust	Test Rust workspace	2026-09-24T15:11:00.0434510Z test verification_report_uses_actual_signed_compilation_and_binds_request_policy ... ok
Rust	Test Rust workspace	2026-09-24T15:11:00.0434905Z 
Rust	Test Rust workspace	2026-09-24T15:11:00.0435164Z test result: ok. 11 passed; 0 failed; 4 ignored; 0 measured; 0 filtered out; finished in 0.09s
Rust	Test Rust workspace	2026-09-24T15:11:00.0435525Z 
Rust	Test Rust workspace	2026-09-24T15:11:00.0439934Z ^[[1m^[[92m     Running^[[0m unittests src/lib.rs (target/debug/deps/rx_service_status-8ebaccd1a8145767)
Rust	Test Rust workspace	2026-09-24T15:11:00.0453112Z 
Rust	Test Rust workspace	2026-09-24T15:11:00.0453329Z running 14 tests
Rust	Test Rust workspace	2026-09-24T15:11:00.0460620Z test support::tests::legacy_text_is_not_a_typed_ownership_failure ... ok
Rust	Test Rust workspace	2026-09-24T15:11:00.0476910Z test tests::executor_cell_journal_and_configuration_are_exact_scope ... ok
Rust	Test Rust workspace	2026-09-24T15:11:00.0477694Z test tests::host_role_installation_identity_instance_and_pid_are_exact ... ok
Rust	Test Rust workspace	2026-09-24T15:11:00.0485364Z test tests::atomic_publication_keeps_old_readers_on_a_complete_old_file ... ok
Rust	Test Rust workspace	2026-09-24T15:11:00.0497821Z test tests::malformed_or_removed_owned_status_cannot_be_silently_recreated ... ok
Rust	Test Rust workspace	2026-09-24T15:11:00.0503734Z test tests::product_reader_and_reporter_clock_use_linux_boottime ... ok
Rust	Test Rust workspace	2026-09-24T15:11:00.0516561Z test tests::one_writer_rejects_foreign_owner_and_content_replacement ... ok
Rust	Test Rust workspace	2026-09-24T15:11:00.0521638Z test tests::lifecycle_publication_preserves_exact_source_time_and_owner ... ok
Rust	Test Rust workspace	2026-09-24T15:11:00.0522770Z test tests::reader_preserves_same_sequence_content_changes_for_supervisor_comparison ... ok
Rust	Test Rust workspace	2026-09-24T15:11:00.0523803Z test tests::status_path_opts_in_without_breaking_legacy_instance_id_only_environment ... ok
Rust	Test Rust workspace	2026-09-24T15:11:00.0534167Z test tests::stale_future_and_other_clock_observations_are_rejected_without_refresh ... ok
Rust	Test Rust workspace	2026-09-24T15:11:00.0539707Z test tests::reporter_clock_regression_and_sequence_overflow_do_not_replace_last_state ... ok
Rust	Test Rust workspace	2026-09-24T15:11:00.0548217Z test tests::symlinks_special_files_and_missing_parent_are_errors_not_absence ... ok
Rust	Test Rust workspace	2026-09-24T15:11:00.0570677Z test tests::schema_zero_sequence_and_strict_payload_shape_are_enforced ... ok
Rust	Test Rust workspace	2026-09-24T15:11:00.0571246Z 
Rust	Test Rust workspace	2026-09-24T15:11:00.0571524Z test result: ok. 14 passed; 0 failed; 0 ignored; 0 measured; 0 filtered out; finished in 0.01s
Rust	Test Rust workspace	2026-09-24T15:11:00.0571863Z 
Rust	Test Rust workspace	2026-09-24T15:11:00.0574608Z ^[[1m^[[92m     Running^[[0m unittests src/lib.rs (target/debug/deps/rx_solution_catalog-bc5d864cce88e209)
Rust	Test Rust workspace	2026-09-24T15:11:00.0585294Z 
Rust	Test Rust workspace	2026-09-24T15:11:00.0585451Z running 0 tests
Rust	Test Rust workspace	2026-09-24T15:11:00.0585720Z 
Rust	Test Rust workspace	2026-09-24T15:11:00.0586161Z test result: ok. 0 passed; 0 failed; 0 ignored; 0 measured; 0 filtered out; finished in 0.00s
Rust	Test Rust workspace	2026-09-24T15:11:00.0588233Z ^[[1m^[[92m     Running^[[0m tests/builtin.rs (target/debug/deps/builtin-962fef28c043b508)
Rust	Test Rust workspace	2026-09-24T15:11:00.0588597Z 
Rust	Test Rust workspace	2026-09-24T15:11:00.0599020Z 
Rust	Test Rust workspace	2026-09-24T15:11:00.0599194Z running 3 tests
Rust	Test Rust workspace	2026-09-24T15:11:00.0610639Z test builtin_is_explicit_simulation_with_independent_joint_sets ... ok
Rust	Test Rust workspace	2026-09-24T15:11:00.0613198Z test external_sources_are_vendor_neutral_and_still_revision_bound ... ok
Rust	Test Rust workspace	2026-09-24T15:11:00.0633869Z test provenance_and_commissioning_cannot_be_erased_or_relabeled ... ok
Rust	Test Rust workspace	2026-09-24T15:11:00.0634381Z 
Rust	Test Rust workspace	2026-09-24T15:11:00.0634771Z test result: ok. 3 passed; 0 failed; 0 ignored; 0 measured; 0 filtered out; finished in 0.00s
Rust	Test Rust workspace	2026-09-24T15:11:00.0635158Z 
Rust	Test Rust workspace	2026-09-24T15:11:00.0636811Z ^[[1m^[[92m     Running^[[0m unittests src/lib.rs (target/debug/deps/rx_supervisor-f5bf65a07cd3e231)
Rust	Test Rust workspace	2026-09-24T15:11:00.0649345Z 
Rust	Test Rust workspace	2026-09-24T15:11:00.0649483Z running 21 tests
Rust	Test Rust workspace	2026-09-24T15:11:00.0655281Z test initialization::termination_tests::failed_signal_command_status_is_not_a_successful_delivery ... ok
Rust	Test Rust workspace	2026-09-24T15:11:00.0659713Z test execution_store::tests::unknown_run_does_not_create_nested_execution_store ... ok
Rust	Test Rust workspace	2026-09-24T15:11:00.0698688Z test initialization::termination_tests::failed_term_keeps_the_same_owned_child_retryable_until_delivery_is_confirmed ... ok
Rust	Test Rust workspace	2026-09-24T15:11:00.8643684Z test process::linux_limits::tests::exec_syscall_failure_is_not_an_admission ... ok
Rust	Test Rust workspace	2026-09-24T15:11:00.8686015Z test process::linux_limits::tests::gate_death_in_exec_window_cannot_mint_a_receipt_from_eof ... ok
Rust	Test Rust workspace	2026-09-24T15:11:00.8687206Z test process::linux_limits::tests::actual_kernel_permission_failure_after_lowering_rolls_back_before_target ... ok
Rust	Test Rust workspace	2026-09-24T15:11:00.8694840Z test process::linux_limits::tests::authority_change_after_application_prevents_exec_and_confirms_rollback ... ok
Rust	Test Rust workspace	2026-09-24T15:11:00.8710572Z test process::signal_tests::failed_signal_keeps_control_and_unknown_effect_errors ... ok
Rust	Test Rust workspace	2026-09-24T15:11:00.8716466Z test process::signal_tests::failed_signal_uses_only_confirmed_owned_non_actuating_exit ... ok
Rust	Test Rust workspace	2026-09-24T15:11:00.8741841Z test process::signal_tests::failed_signal_with_live_or_unconfirmed_child_remains_error ... ok
Rust	Test Rust workspace	2026-09-24T15:11:00.8760259Z test process::signal_tests::signal_acceptance_does_not_claim_child_exit ... ok
Rust	Test Rust workspace	2026-09-24T15:11:00.8768009Z test process_identity::linux::tests::foreign_namespace_neither_matches_nor_proves_absence ... ok
Rust	Test Rust workspace	2026-09-24T15:11:00.8769068Z test process_identity::linux::tests::namespace_lifetime_read_race_has_its_own_rejection ... ok
Rust	Test Rust workspace	2026-09-24T15:11:00.8771170Z test process_identity::linux::tests::stat_comm_parentheses_do_not_shift_starttime ... ok
Rust	Test Rust workspace	2026-09-24T15:11:00.8772628Z test process_identity::linux::tests::zombie_and_read_race_are_distinct_unverifiable_findings ... ok
Rust	Test Rust workspace	2026-09-24T15:11:00.8774414Z test registration::recovery::investigation_tests::legacy_string_summary_decodes_only_as_history ... ok
Rust	Test Rust workspace	2026-09-24T15:11:00.8839323Z test process_identity::linux::tests::every_saved_scope_dimension_is_required_before_absence ... ok
Rust	Test Rust workspace	2026-09-24T15:11:00.9100050Z test registration::recovery::investigation_tests::real_zombie_is_unverifiable_then_reaped_absence_can_confirm_without_changing_unknown ... ok
Rust	Test Rust workspace	2026-09-24T15:11:00.9129471Z test registration::recovery::investigation_tests::registry_reads_original_identity_and_does_not_backfill_legacy_records ... ok
Rust	Test Rust workspace	2026-09-24T15:11:01.4761188Z test process::linux_limits::tests::observation_failure_after_application_confirms_no_remaining_child_policy ... ok
Rust	Test Rust workspace	2026-09-24T15:11:01.4946136Z test process::linux_limits::tests::gate_excludes_current_directory_python_module_shadowing ... ok
Rust	Test Rust workspace	2026-09-24T15:11:01.4946815Z 
Rust	Test Rust workspace	2026-09-24T15:11:01.4947085Z test result: ok. 21 passed; 0 failed; 0 ignored; 0 measured; 0 filtered out; finished in 1.43s
Rust	Test Rust workspace	2026-09-24T15:11:01.4947424Z 
Rust	Test Rust workspace	2026-09-24T15:11:01.4963818Z ^[[1m^[[92m     Running^[[0m unittests src/bin/rx-solutionsd.rs (target/debug/deps/rx_solutionsd-3ed5966293e5829b)
Rust	Test Rust workspace	2026-09-24T15:11:01.4974830Z 
Rust	Test Rust workspace	2026-09-24T15:11:01.4974979Z running 0 tests
Rust	Test Rust workspace	2026-09-24T15:11:01.4975238Z 
Rust	Test Rust workspace	2026-09-24T15:11:01.4977280Z test result: ok. 0 passed; 0 failed; 0 ignored; 0 measured; 0 filtered out; finished in 0.00s
Rust	Test Rust workspace	2026-09-24T15:11:01.4978364Z ^[[1m^[[92m     Running^[[0m tests/decision_anchors.rs (target/debug/deps/decision_anchors-e8132d7ab5f80e77)
Rust	Test Rust workspace	2026-09-24T15:11:01.4978733Z 
Rust	Test Rust workspace	2026-09-24T15:11:01.4990008Z 
Rust	Test Rust workspace	2026-09-24T15:11:01.4990172Z running 1 test
Rust	Test Rust workspace	2026-09-24T15:11:01.5073546Z test author_anchors_are_pinned_and_site_data_cannot_override_them ... ok
Rust	Test Rust workspace	2026-09-24T15:11:01.5073924Z 
Rust	Test Rust workspace	2026-09-24T15:11:01.5074197Z test result: ok. 1 passed; 0 failed; 0 ignored; 0 measured; 0 filtered out; finished in 0.01s
Rust	Test Rust workspace	2026-09-24T15:11:01.5074534Z 
Rust	Test Rust workspace	2026-09-24T15:11:01.5077246Z ^[[1m^[[92m     Running^[[0m tests/dependency_binding.rs (target/debug/deps/dependency_binding-554d4be2f384a5da)
Rust	Test Rust workspace	2026-09-24T15:11:01.5090777Z 
Rust	Test Rust workspace	2026-09-24T15:11:01.5091201Z running 10 tests
Rust	Test Rust workspace	2026-09-24T15:11:01.8459433Z test author_scope_cannot_be_replaced_and_unknown_is_not_independent ... ok
Rust	Test Rust workspace	2026-09-24T15:11:02.1778265Z test absent_and_malformed_sources_and_explicit_denial_have_named_distinct_states ... ok
Rust	Test Rust workspace	2026-09-24T15:11:03.2447193Z test bounded_collection_keeps_a_finish_slot_and_cannot_overwrite_result ... ok
Rust	Test Rust workspace	2026-09-24T15:11:03.9569081Z test captured_response_cannot_be_replayed_for_another_diagnostic_request ... ok
Rust	Test Rust workspace	2026-09-24T15:11:04.7411575Z test continuous_loss_blocks_only_dependent_progress_and_current_result_consumption ... ok
Rust	Test Rust workspace	2026-09-24T15:11:05.5110406Z test current_report_change_and_consumer_retirement_do_not_rewrite_historical_result ... ok
Rust	Test Rust workspace	2026-09-24T15:11:06.2403759Z test generation_window_defers_input_until_finish_and_preserves_completed_snapshot ... ok
Rust	Test Rust workspace	2026-09-24T15:11:07.0134666Z test preparation_input_outlives_provider_and_result_is_durable_without_permission ... ok
Rust	Test Rust workspace	2026-09-24T15:11:07.0312052Z test result_run_and_history_commit_atomically_on_storage_failure ... ok
Rust	Test Rust workspace	2026-09-24T15:11:08.8711116Z test same_format_registration_and_same_registration_new_execution_do_not_inherit_binding ... ok
Rust	Test Rust workspace	2026-09-24T15:11:08.8711860Z 
Rust	Test Rust workspace	2026-09-24T15:11:08.8712218Z test result: ok. 10 passed; 0 failed; 0 ignored; 0 measured; 0 filtered out; finished in 7.36s
Rust	Test Rust workspace	2026-09-24T15:11:08.8712706Z 
Rust	Test Rust workspace	2026-09-24T15:11:08.8735162Z ^[[1m^[[92m     Running^[[0m tests/execution_admission.rs (target/debug/deps/execution_admission-e9a466a916a20a7d)
Rust	Test Rust workspace	2026-09-24T15:11:08.8749878Z 
Rust	Test Rust workspace	2026-09-24T15:11:08.8750126Z running 12 tests
Rust	Test Rust workspace	2026-09-24T15:11:08.8948719Z test malformed_rejection_is_not_falsely_reported_as_confirmed_non_application ... ok
Rust	Test Rust workspace	2026-09-24T15:11:08.8970715Z test authority_recheck_precedes_any_simulated_resource_application ... ok
Rust	Test Rust workspace	2026-09-24T15:11:08.8977496Z test diagnostic_query_does_not_enter_admission_or_spawn ... ok
Rust	Test Rust workspace	2026-09-24T15:11:08.9092143Z test legacy_serialization_is_unchanged_and_explicit_empty_has_its_own_identity ... ok
Rust	Test Rust workspace	2026-09-24T15:11:08.9189099Z test reopening_does_not_restore_application_evidence_or_resource_ownership ... ok
Rust	Test Rust workspace	2026-09-24T15:11:08.9267337Z test site_overrides_and_lowered_catalog_are_rejected_in_three_distinct_paths ... ok
Rust	Test Rust workspace	2026-09-24T15:11:08.9376305Z test real_backend_rejects_required_policies_before_exec_and_reports_no_application ... ok
Rust	Test Rust workspace	2026-09-24T15:11:08.9622967Z test unknown_is_rejected_even_by_a_capable_backend_and_not_required_is_distinct ... ok
Rust	Test Rust workspace	2026-09-24T15:11:08.9681629Z test stale_receipts_and_lost_application_responses_remain_unknown_without_retry ... ok
Rust	Test Rust workspace	2026-09-24T15:11:08.9691919Z test real_backend_keeps_legacy_and_explicit_no_policy_startup_working ... ok
Rust	Test Rust workspace	2026-09-24T15:11:09.0055034Z test whole_bundle_all_available_all_unavailable_and_mixed_have_no_partial_application ... ok
Rust	Test Rust workspace	2026-09-24T15:11:09.0227005Z test upper_bounds_do_not_reserve_but_reserved_capacity_and_access_conflicts_are_atomic ... ok
Rust	Test Rust workspace	2026-09-24T15:11:09.0227660Z 
Rust	Test Rust workspace	2026-09-24T15:11:09.0228059Z test result: ok. 12 passed; 0 failed; 0 ignored; 0 measured; 0 filtered out; finished in 0.15s
Rust	Test Rust workspace	2026-09-24T15:11:09.0228603Z 
Rust	Test Rust workspace	2026-09-24T15:11:09.0232347Z ^[[1m^[[92m     Running^[[0m tests/guarded.rs (target/debug/deps/guarded-b967eda9d12c2709)
Rust	Test Rust workspace	2026-09-24T15:11:09.0248084Z 
Rust	Test Rust workspace	2026-09-24T15:11:09.0248231Z running 7 tests
Rust	Test Rust workspace	2026-09-24T15:11:09.0255035Z test guarded_paths_are_per_instance_and_scope_is_preserved ... ok
Rust	Test Rust workspace	2026-09-24T15:11:09.0279247Z test guarded_recipe_cannot_use_alive_only_parameters_restart_or_physical_authority_fallback ... ok
Rust	Test Rust workspace	2026-09-24T15:11:09.0485523Z test failed_first_term_retries_the_same_owned_service_without_waiting_for_timeout ... ok
Rust	Test Rust workspace	2026-09-24T15:11:09.0549997Z test lost_protocol_readiness_latches_cooperative_shutdown_instead_of_restart ... ok
Rust	Test Rust workspace	2026-09-24T15:11:09.0622697Z test nonzero_guarded_exit_is_unconfirmed_even_with_stopped_report ... ok
Rust	Test Rust workspace	2026-09-24T15:11:09.0794277Z test guarded_readiness_requires_protocol_and_exit_zero_requires_terminal_report ... ok
Rust	Test Rust workspace	2026-09-24T15:11:09.1673872Z test held_guarded_service_is_not_forced_after_timeout ... ok
Rust	Test Rust workspace	2026-09-24T15:11:09.1674340Z 
Rust	Test Rust workspace	2026-09-24T15:11:09.1679356Z ^[[1m^[[92m     Running^[[0m tests/guarded_os.rs (target/debug/deps/guarded_os-00b099df8fc6439f)
Rust	Test Rust workspace	2026-09-24T15:11:09.1681619Z test result: ok. 7 passed; 0 failed; 0 ignored; 0 measured; 0 filtered out; finished in 0.14s
Rust	Test Rust workspace	2026-09-24T15:11:09.1682179Z 
Rust	Test Rust workspace	2026-09-24T15:11:09.1693068Z 
Rust	Test Rust workspace	2026-09-24T15:11:09.1693228Z running 1 test
Rust	Test Rust workspace	2026-09-24T15:11:09.9774203Z test guarded_term_targets_only_the_owned_leader_and_force_is_rejected ... ok
Rust	Test Rust workspace	2026-09-24T15:11:09.9774619Z 
Rust	Test Rust workspace	2026-09-24T15:11:09.9774888Z test result: ok. 1 passed; 0 failed; 0 ignored; 0 measured; 0 filtered out; finished in 0.81s
Rust	Test Rust workspace	2026-09-24T15:11:09.9775242Z 
Rust	Test Rust workspace	2026-09-24T15:11:09.9781038Z ^[[1m^[[92m     Running^[[0m tests/initialization.rs (target/debug/deps/initialization-07a5fd1f923c6ed5)
Rust	Test Rust workspace	2026-09-24T15:11:09.9796158Z 
Rust	Test Rust workspace	2026-09-24T15:11:09.9796304Z running 2 tests
Rust	Test Rust workspace	2026-09-24T15:11:09.9875859Z test required_composition_initialization_rejects_missing_partial_changed_list_and_wrong_digest ... ok
Rust	Test Rust workspace	2026-09-24T15:11:12.4757836Z test four_named_initializer_successes_are_recorded_once_and_entered_is_never_replayed ... ok
Rust	Test Rust workspace	2026-09-24T15:11:12.4758473Z 
Rust	Test Rust workspace	2026-09-24T15:11:12.4758883Z test result: ok. 2 passed; 0 failed; 0 ignored; 0 measured; 0 filtered out; finished in 2.50s
Rust	Test Rust workspace	2026-09-24T15:11:12.4759378Z 
Rust	Test Rust workspace	2026-09-24T15:11:12.4769226Z ^[[1m^[[92m     Running^[[0m tests/lifecycle.rs (target/debug/deps/lifecycle-dc09046337347ae8)
Rust	Test Rust workspace	2026-09-24T15:11:12.4785163Z 
Rust	Test Rust workspace	2026-09-24T15:11:12.4785329Z running 10 tests
Rust	Test Rust workspace	2026-09-24T15:11:12.5039200Z test default_authority_does_not_start_control_owners_and_other_stores_are_not_claimed ... ok
Rust	Test Rust workspace	2026-09-24T15:11:12.5121223Z test failed_stop_persistence_still_prevents_new_processes_and_exit_observation_can_be_retried ... ok
Rust	Test Rust workspace	2026-09-24T15:11:12.5138579Z test release_program_change_and_unsafe_plan_choices_are_rejected ... ok
Rust	Test Rust workspace	2026-09-24T15:11:12.5223224Z test dependencies_start_after_readiness_and_stop_before_their_provider ... ok
Rust	Test Rust workspace	2026-09-24T15:11:12.5591441Z test launch_commit_boundaries_never_replay_an_uncertain_spawn ... ok
Rust	Test Rust workspace	2026-09-24T15:11:12.5739385Z test supervisor_restart_keeps_live_or_uncertain_processes_unknown_and_never_signals_saved_pids ... ok
Rust	Test Rust workspace	2026-09-24T15:11:12.5839768Z test uncertain_backend_result_is_not_a_known_start_failure ... ok
Rust	Test Rust workspace	2026-09-24T15:11:12.6238244Z test execution_retry::previous_application_observation_does_not_cover_a_new_prepared_instance ... ok
Rust	Test Rust workspace	2026-09-24T15:11:12.6606738Z test stop_authority_is_required_and_control_processes_are_never_force_killed ... ok
Rust	Test Rust workspace	2026-09-24T15:11:12.7777082Z test software_restart_budget_persists_until_an_explicit_clean_reactivation ... ok
Rust	Test Rust workspace	2026-09-24T15:11:12.7777742Z 
Rust	Test Rust workspace	2026-09-24T15:11:12.7778139Z test result: ok. 10 passed; 0 failed; 0 ignored; 0 measured; 0 filtered out; finished in 0.30s
Rust	Test Rust workspace	2026-09-24T15:11:12.7778725Z 
Rust	Test Rust workspace	2026-09-24T15:11:12.7782466Z ^[[1m^[[92m     Running^[[0m tests/os_process.rs (target/debug/deps/os_process-5c9ee116084ed269)
Rust	Test Rust workspace	2026-09-24T15:11:12.7797709Z 
Rust	Test Rust workspace	2026-09-24T15:11:12.7797869Z running 2 tests
Rust	Test Rust workspace	2026-09-24T15:11:13.4502385Z test tampered_program_file_is_not_started ... ok
Rust	Test Rust workspace	2026-09-24T15:11:14.6277798Z test real_process_readiness_is_instance_correlated_and_shutdown_reaps_the_owned_process ... ok
Rust	Test Rust workspace	2026-09-24T15:11:14.6278310Z 
Rust	Test Rust workspace	2026-09-24T15:11:14.6278583Z test result: ok. 2 passed; 0 failed; 0 ignored; 0 measured; 0 filtered out; finished in 1.85s
Rust	Test Rust workspace	2026-09-24T15:11:14.6278926Z 
Rust	Test Rust workspace	2026-09-24T15:11:14.6286143Z ^[[1m^[[92m     Running^[[0m tests/recovery.rs (target/debug/deps/recovery-2c413163b6b9f14a)
Rust	Test Rust workspace	2026-09-24T15:11:14.6301929Z 
Rust	Test Rust workspace	2026-09-24T15:11:14.6302112Z running 9 tests
Rust	Test Rust workspace	2026-09-24T15:11:14.7012422Z test confirmed_disposition_preserves_unknown_and_does_not_automatically_open_assignment ... ok
Rust	Test Rust workspace	2026-09-24T15:11:14.7622516Z test disposed_observation_cannot_be_overwritten_by_an_old_supervisor ... ok
Rust	Test Rust workspace	2026-09-24T15:11:14.8752490Z test disposition_and_resume_consumption_rollback_without_half_records ... ok
Rust	Test Rust workspace	2026-09-24T15:11:14.9835183Z test explicit_resume_consumes_once_and_uses_new_instance_without_restoring_receipts ... ok
Rust	Test Rust workspace	2026-09-24T15:11:15.0287400Z test missing_original_pid_binding_requires_another_provider_not_an_inferred_closure ... ok
Rust	Test Rust workspace	2026-09-24T15:11:15.0967439Z test old_run_prepared_instance_and_automatic_restart_budget_are_not_recovery_routes ... ok
Rust	Test Rust workspace	2026-09-24T15:11:15.1466300Z test unable_to_resolve_is_not_success_or_permission_to_resume ... ok
Rust	Test Rust workspace	2026-09-24T15:11:15.1915405Z test weak_observations_and_default_authority_cannot_dispose ... ok
Rust	Test Rust workspace	2026-09-24T15:11:15.2369208Z test witness_scope_time_target_actor_and_stale_revision_are_checked ... ok
Rust	Test Rust workspace	2026-09-24T15:11:15.2369636Z 
Rust	Test Rust workspace	2026-09-24T15:11:15.2369895Z test result: ok. 9 passed; 0 failed; 0 ignored; 0 measured; 0 filtered out; finished in 0.61s
Rust	Test Rust workspace	2026-09-24T15:11:15.2370253Z 
Rust	Test Rust workspace	2026-09-24T15:11:15.2374898Z ^[[1m^[[92m     Running^[[0m tests/registration.rs (target/debug/deps/registration-08e002bb34b998f0)
Rust	Test Rust workspace	2026-09-24T15:11:15.2390505Z 
Rust	Test Rust workspace	2026-09-24T15:11:15.2390675Z running 11 tests
Rust	Test Rust workspace	2026-09-24T15:11:15.2551635Z test failed_transaction_commits_neither_revision_nor_control_event_or_projection ... ok
Rust	Test Rust workspace	2026-09-24T15:11:15.2572912Z test competing_updates_and_retired_reactivation_fail_without_erasing_history ... ok
Rust	Test Rust workspace	2026-09-24T15:11:15.3099439Z test catalog_weakening_and_legacy_reopen_are_explained_and_leave_old_records_readable ... ok
Rust	Test Rust workspace	2026-09-24T15:11:15.3153842Z test historical_assignment_revision_survives_a_label_review_after_exit ... ok
Rust	Test Rust workspace	2026-09-24T15:11:15.3155591Z test failure_between_assignment_and_observation_is_unconfirmed_and_cannot_replay ... ok
Rust	Test Rust workspace	2026-09-24T15:11:15.3226261Z test different_plan_same_name_pid_and_port_make_distinct_executions_of_one_registration ... ok
Rust	Test Rust workspace	2026-09-24T15:11:15.3307312Z test registration_exists_without_execution_or_plan_and_survives_repository_reopen ... ok
Rust	Test Rust workspace	2026-09-24T15:11:15.3427769Z test missing_executable_does_not_deregister_the_component ... ok
Rust	Test Rust workspace	2026-09-24T15:11:15.3512834Z test registration_never_replaces_lifecycle_authority ... ok
Rust	Test Rust workspace	2026-09-24T15:11:15.4044594Z test retirement_blocks_new_assignment_but_keeps_running_history_and_unresolved_obligations ... ok
Rust	Test Rust workspace	2026-09-24T15:11:15.4332471Z test normal_exit_unexpected_handle_loss_and_restart_preserve_registration ... ok
Rust	Test Rust workspace	2026-09-24T15:11:15.4333088Z 
Rust	Test Rust workspace	2026-09-24T15:11:15.4333498Z test result: ok. 11 passed; 0 failed; 0 ignored; 0 measured; 0 filtered out; finished in 0.19s
Rust	Test Rust workspace	2026-09-24T15:11:15.4333994Z 
Rust	Test Rust workspace	2026-09-24T15:11:15.4339079Z ^[[1m^[[92m     Running^[[0m tests/registration_passage.rs (target/debug/deps/registration_passage-f640ef069476d403)
Rust	Test Rust workspace	2026-09-24T15:11:15.4356223Z 
Rust	Test Rust workspace	2026-09-24T15:11:15.4356365Z running 2 tests
Rust	Test Rust workspace	2026-09-24T15:11:15.4357070Z test passage_worker ... ignored, worker invoked only by the real registration passage
Rust	Test Rust workspace	2026-09-24T15:11:15.4357753Z test real_registration_passage ... ignored, requires validated /opt/rx release; run tools/registration_passage.py
Rust	Test Rust workspace	2026-09-24T15:11:15.4358218Z 
Rust	Test Rust workspace	2026-09-24T15:11:15.4358471Z test result: ok. 0 passed; 0 failed; 2 ignored; 0 measured; 0 filtered out; finished in 0.00s
Rust	Test Rust workspace	2026-09-24T15:11:15.4358811Z 
Rust	Test Rust workspace	2026-09-24T15:11:15.4360612Z ^[[1m^[[92m     Running^[[0m tests/replacement.rs (target/debug/deps/replacement-c5ab2e8083cbd839)
Rust	Test Rust workspace	2026-09-24T15:11:15.4375912Z 
Rust	Test Rust workspace	2026-09-24T15:11:15.4376059Z running 9 tests
Rust	Test Rust workspace	2026-09-24T15:11:16.8051073Z test assignment_observed_before_switch_cannot_commit_against_superseded_route ... ok
Rust	Test Rust workspace	2026-09-24T15:11:20.0915661Z test authority_expiry_revocation_restart_and_candidate_generation_are_rechecked ... ok
Rust	Test Rust workspace	2026-09-24T15:11:21.4401487Z test changed_consumer_revision_preserves_history_but_cannot_reinterpret_old_route ... ok
Rust	Test Rust workspace	2026-09-24T15:11:23.8482501Z test default_catalog_does_not_apply_a_replacement_or_block_diagnostic_completion ... ok
Rust	Test Rust workspace	2026-09-24T15:11:26.6484641Z test manager_loss_during_replacement_recovers_old_or_new_without_ownership ... ok
Rust	Test Rust workspace	2026-09-24T15:11:28.0831120Z test old_source_loss_withholds_only_its_interval_while_new_and_independent_work_continue ... ok
Rust	Test Rust workspace	2026-09-24T15:11:29.4320147Z test partial_staging_rollback_and_lost_reply_leave_one_route_and_preserve_receipt ... ok
Rust	Test Rust workspace	2026-09-24T15:11:30.8332777Z test route_switch_midflight_keeps_old_version_and_new_assignments_use_new_then_return ... ok
Rust	Test Rust workspace	2026-09-24T15:11:32.1933794Z test two_concurrent_applications_from_one_base_cannot_both_win ... ok
Rust	Test Rust workspace	2026-09-24T15:11:32.1934724Z 
Rust	Test Rust workspace	2026-09-24T15:11:32.1935099Z test result: ok. 9 passed; 0 failed; 0 ignored; 0 measured; 0 filtered out; finished in 16.76s
Rust	Test Rust workspace	2026-09-24T15:11:32.1935601Z 
Rust	Test Rust workspace	2026-09-24T15:11:32.1951322Z ^[[1m^[[92m     Running^[[0m tests/resident_registration.rs (target/debug/deps/resident_registration-447b3ce7bb4fb6c7)
Rust	Test Rust workspace	2026-09-24T15:11:32.1966288Z 
Rust	Test Rust workspace	2026-09-24T15:11:32.1966578Z running 12 tests
Rust	Test Rust workspace	2026-09-24T15:11:32.2301983Z test resident_catalog_change_does_not_rewrite_accepted_history ... ok
Rust	Test Rust workspace	2026-09-24T15:11:32.2324001Z test resident_duplicate_selection_mapping_is_refused ... ok
Rust	Test Rust workspace	2026-09-24T15:11:32.2344700Z test resident_duplicate_registration_mapping_is_refused ... ok
Rust	Test Rust workspace	2026-09-24T15:11:32.2562511Z test resident_cross_selection_assignment_cannot_satisfy_reconciliation ... ok
Rust	Test Rust workspace	2026-09-24T15:11:32.2652998Z test resident_failed_assignment_never_reaches_the_os_backend ... ok
Rust	Test Rust workspace	2026-09-24T15:11:32.2666860Z test resident_failure_between_registration_and_index_rolls_back_every_record ... ok
Rust	Test Rust workspace	2026-09-24T15:11:32.2985463Z test resident_legacy_store_cannot_be_adopted_by_creating_registration ... ok
Rust	Test Rust workspace	2026-09-24T15:11:32.3130428Z test resident_missing_selection_is_not_automatically_registered ... ok
Rust	Test Rust workspace	2026-09-24T15:11:32.3427564Z test resident_retirement_does_not_register_a_replacement ... ok
Rust	Test Rust workspace	2026-09-24T15:11:32.3447047Z test resident_reopen_keeps_distinct_ids_and_unknown_without_pid_adoption ... ok
Rust	Test Rust workspace	2026-09-24T15:11:32.3589962Z test resident_swapped_index_cannot_adopt_another_components_execution ... ok
Rust	Test Rust workspace	2026-09-24T15:11:32.4258119Z test resident_guarded_legacy_retains_dependency_stop_order_and_never_forces ... ok
Rust	Test Rust workspace	2026-09-24T15:11:32.4258851Z 
Rust	Test Rust workspace	2026-09-24T15:11:32.4259123Z test result: ok. 12 passed; 0 failed; 0 ignored; 0 measured; 0 filtered out; finished in 0.23s
Rust	Test Rust workspace	2026-09-24T15:11:32.4259483Z 
Rust	Test Rust workspace	2026-09-24T15:11:32.4264652Z ^[[1m^[[92m     Running^[[0m tests/resource_enforcement.rs (target/debug/deps/resource_enforcement-2ced829b02201fd5)
Rust	Test Rust workspace	2026-09-24T15:11:32.4280082Z 
Rust	Test Rust workspace	2026-09-24T15:11:32.4280245Z running 4 tests
Rust	Test Rust workspace	2026-09-24T15:11:33.0179462Z test linux::executable_integrity_failure_is_a_named_no_application_rejection ... ok
Rust	Test Rust workspace	2026-09-24T15:11:33.6620735Z test linux::actual_rx_child_limit_is_observed_by_a_separate_process_and_binds_allocations ... ok
Rust	Test Rust workspace	2026-09-24T15:11:34.2817037Z test linux::saved_limit_history_never_restores_a_current_receipt_after_owner_loss ... ok
Rust	Test Rust workspace	2026-09-24T15:11:34.5779473Z test unsupported_reserved_capacity_rejects_the_entire_bundle ... ok
Rust	Test Rust workspace	2026-09-24T15:11:34.5779878Z 
Rust	Test Rust workspace	2026-09-24T15:11:34.5780147Z test result: ok. 4 passed; 0 failed; 0 ignored; 0 measured; 0 filtered out; finished in 2.15s
Rust	Test Rust workspace	2026-09-24T15:11:34.5780515Z 
Rust	Test Rust workspace	2026-09-24T15:11:34.5801020Z ^[[1m^[[92m     Running^[[0m tests/service_catalog.rs (target/debug/deps/service_catalog-1ed7b87481c52e4a)
Rust	Test Rust workspace	2026-09-24T15:11:34.5814638Z 
Rust	Test Rust workspace	2026-09-24T15:11:34.5814771Z running 4 tests
Rust	Test Rust workspace	2026-09-24T15:11:34.6143373Z test distinct_executor_principals_cannot_compete_for_the_same_installation_cell ... ok
Rust	Test Rust workspace	2026-09-24T15:11:34.6144562Z test each_executor_requires_matching_host_edges_and_definitions_without_cross_cell_shortcuts ... ok
Rust	Test Rust workspace	2026-09-24T15:11:34.6145601Z test service_names_cannot_be_paths_or_choose_programs ... ok
Rust	Test Rust workspace	2026-09-24T15:11:34.6146172Z test two_hosts_and_two_cells_resolve_fixed_binaries_and_independent_dependency_order ... ok
Rust	Test Rust workspace	2026-09-24T15:11:34.6146585Z 
Rust	Test Rust workspace	2026-09-24T15:11:34.6147210Z test result: ok. 4 passed; 0 failed; 0 ignored; 0 measured; 0 filtered out; finished in 0.03s
Rust	Test Rust workspace	2026-09-24T15:11:34.6147784Z 
Rust	Test Rust workspace	2026-09-24T15:11:34.6150540Z ^[[1m^[[92m     Running^[[0m tests/support_limits.rs (target/debug/deps/support_limits-88f54f483688185e)
Rust	Test Rust workspace	2026-09-24T15:11:34.6166753Z 
Rust	Test Rust workspace	2026-09-24T15:11:34.6166971Z running 1 test
Rust	Test Rust workspace	2026-09-24T15:11:35.9700750Z test failed_guarded_delivery_never_settles_without_owned_exit_and_current_final_report ... ok
Rust	Test Rust workspace	2026-09-24T15:11:35.9701520Z 
Rust	Test Rust workspace	2026-09-24T15:11:35.9701798Z test result: ok. 1 passed; 0 failed; 0 ignored; 0 measured; 0 filtered out; finished in 1.35s
Rust	Test Rust workspace	2026-09-24T15:11:35.9702142Z 
Rust	Test Rust workspace	2026-09-24T15:11:35.9706499Z ^[[1m^[[92m     Running^[[0m tests/use_assessment.rs (target/debug/deps/use_assessment-449bd0612036e612)
Rust	Test Rust workspace	2026-09-24T15:11:35.9722605Z 
Rust	Test Rust workspace	2026-09-24T15:11:35.9722779Z running 9 tests
Rust	Test Rust workspace	2026-09-24T15:11:37.2962351Z test alive_only_and_undeclared_programs_stay_unsupported ... ok
Rust	Test Rust workspace	2026-09-24T15:11:38.0151181Z test another_instance_and_previous_assessment_response_cannot_be_promoted ... ok
Rust	Test Rust workspace	2026-09-24T15:11:38.3462370Z test declared_conditions_cannot_be_lowered_through_site_or_existing_catalog_pin ... ok
Rust	Test Rust workspace	2026-09-24T15:11:39.0746416Z test new_owner_does_not_restore_a_readiness_assessment_or_permission ... ok
Rust	Test Rust workspace	2026-09-24T15:11:39.7953344Z test not_evaluated_not_met_and_unsupported_have_named_conditions ... ok
Rust	Test Rust workspace	2026-09-24T15:11:41.1937621Z test omitted_declaration_preserves_legacy_serialization_and_closed_child_cannot_report_ready ... ok
Rust	Test Rust workspace	2026-09-24T15:11:41.8977541Z test registration_and_f1_admission_do_not_evaluate_or_grant_use ... ok
Rust	Test Rust workspace	2026-09-24T15:11:42.6082643Z test reported_area_denial_differs_from_unconnected_or_invalid_provider ... ok
Rust	Test Rust workspace	2026-09-24T15:11:43.3167166Z test reported_conditions_and_work_use_are_separate_and_read_only ... ok
Rust	Test Rust workspace	2026-09-24T15:11:43.3167710Z 
Rust	Test Rust workspace	2026-09-24T15:11:43.3168044Z test result: ok. 9 passed; 0 failed; 0 ignored; 0 measured; 0 filtered out; finished in 7.34s
Rust	Test Rust workspace	2026-09-24T15:11:43.3168637Z 
Rust	Test Rust workspace	2026-09-24T15:11:43.3187324Z ^[[1m^[[92m     Running^[[0m tests/verified_decision.rs (target/debug/deps/verified_decision-3249e0737e39fd35)
Rust	Test Rust workspace	2026-09-24T15:11:43.3203662Z 
Rust	Test Rust workspace	2026-09-24T15:11:43.3203950Z running 9 tests
Rust	Test Rust workspace	2026-09-24T15:11:43.6658677Z test changed_program_anchor_cannot_reopen_an_existing_registration ... ok
Rust	Test Rust workspace	2026-09-24T15:11:44.4435947Z test a_signed_decision_id_cannot_be_redefined_or_extended ... ok
Rust	Test Rust workspace	2026-09-24T15:11:46.3102249Z test exact_registration_scope_generation_and_binding_are_required ... ok
Rust	Test Rust workspace	2026-09-24T15:11:47.3806098Z test expiry_is_anchored_to_challenge_and_ttl_cannot_exceed_author_policy ... ok
Rust	Test Rust workspace	2026-09-24T15:11:48.1288583Z test external_work_decision_does_not_promote_readiness_execution_or_binding ... ok
Rust	Test Rust workspace	2026-09-24T15:11:49.6204664Z test initial_and_replacement_acceptance_are_distinct_and_do_not_grant_work_or_apply_binding ... ok
Rust	Test Rust workspace	2026-09-24T15:11:51.0642663Z test receiver_loss_and_unconfigured_catalogs_cannot_restore_permission ... ok
Rust	Test Rust workspace	2026-09-24T15:11:51.8173515Z test signature_key_context_and_wire_shape_attacks_are_rejected ... ok
Rust	Test Rust workspace	2026-09-24T15:11:52.6041571Z test signed_revocation_blocks_clones_and_reimport_without_rewriting_history ... ok
Rust	Test Rust workspace	2026-09-24T15:11:52.6042247Z 
Rust	Test Rust workspace	2026-09-24T15:11:52.6042644Z test result: ok. 9 passed; 0 failed; 0 ignored; 0 measured; 0 filtered out; finished in 9.28s
Rust	Test Rust workspace	2026-09-24T15:11:52.6043183Z 
Rust	Test Rust workspace	2026-09-24T15:11:52.6061882Z ^[[1m^[[92m     Running^[[0m tests/work_use.rs (target/debug/deps/work_use-75e91b2128866b22)
Rust	Test Rust workspace	2026-09-24T15:11:52.6077547Z 
Rust	Test Rust workspace	2026-09-24T15:11:52.6077800Z running 9 tests
Rust	Test Rust workspace	2026-09-24T15:11:53.3315393Z test changed_report_and_registration_between_judgment_and_cut_refuse_commit ... ok
Rust	Test Rust workspace	2026-09-24T15:11:53.9945779Z test absent_authority_blocks_work_without_blocking_f5_diagnostics ... ok
Rust	Test Rust workspace	2026-09-24T15:11:54.7902670Z test derived_support_gap_is_actual_work_and_history_is_not_current_permission ... ok
Rust	Test Rust workspace	2026-09-24T15:11:56.6966069Z test expiry_after_logical_cut_during_commit_io_preserves_inert_result ... ok
Rust	Test Rust workspace	2026-09-24T15:11:58.4338701Z test expiry_and_revocation_before_cut_do_not_commit_or_spend ... ok
Rust	Test Rust workspace	2026-09-24T15:11:59.0886646Z test explicit_external_denial_and_missing_judgment_response_cannot_prepare_work ... ok
Rust	Test Rust workspace	2026-09-24T15:11:59.7960512Z test receiver_restart_keeps_history_but_invalidates_retained_permission ... ok
Rust	Test Rust workspace	2026-09-24T15:12:01.3351691Z test revocation_waits_for_whole_transaction_and_does_not_rewrite_completed_work ... ok
Rust	Test Rust workspace	2026-09-24T15:12:02.0702359Z test rollback_spends_nothing_and_response_loss_is_resolved_by_query_not_replay ... ok
Rust	Test Rust workspace	2026-09-24T15:12:02.0703012Z 
Rust	Test Rust workspace	2026-09-24T15:12:02.0703382Z test result: ok. 9 passed; 0 failed; 0 ignored; 0 measured; 0 filtered out; finished in 9.46s
Rust	Test Rust workspace	2026-09-24T15:12:02.0703865Z 
Rust	Test Rust workspace	2026-09-24T15:12:02.0731585Z ^[[1m^[[92m   Doc-tests^[[0m rx_device_package
Rust	Test Rust workspace	2026-09-24T15:12:02.1387067Z 
Rust	Test Rust workspace	2026-09-24T15:12:02.1388265Z running 0 tests
Rust	Test Rust workspace	2026-09-24T15:12:02.1388549Z 
Rust	Test Rust workspace	2026-09-24T15:12:02.1389346Z test result: ok. 0 passed; 0 failed; 0 ignored; 0 measured; 0 filtered out; finished in 0.00s
Rust	Test Rust workspace	2026-09-24T15:12:02.1390066Z 
Rust	Test Rust workspace	2026-09-24T15:12:02.1427935Z ^[[1m^[[92m   Doc-tests^[[0m rx_executor
Rust	Test Rust workspace	2026-09-24T15:12:02.4030721Z 
Rust	Test Rust workspace	2026-09-24T15:12:02.4031521Z running 0 tests
Rust	Test Rust workspace	2026-09-24T15:12:02.4031782Z 
Rust	Test Rust workspace	2026-09-24T15:12:02.4032195Z test result: ok. 0 passed; 0 failed; 0 ignored; 0 measured; 0 filtered out; finished in 0.00s
Rust	Test Rust workspace	2026-09-24T15:12:02.4032746Z 
Rust	Test Rust workspace	2026-09-24T15:12:02.4069795Z ^[[1m^[[92m   Doc-tests^[[0m rx_host
Rust	Test Rust workspace	2026-09-24T15:12:02.8687104Z 
Rust	Test Rust workspace	2026-09-24T15:12:02.8687786Z running 0 tests
Rust	Test Rust workspace	2026-09-24T15:12:02.8688263Z 
Rust	Test Rust workspace	2026-09-24T15:12:02.8688873Z test result: ok. 0 passed; 0 failed; 0 ignored; 0 measured; 0 filtered out; finished in 0.00s
Rust	Test Rust workspace	2026-09-24T15:12:02.8689656Z 
Rust	Test Rust workspace	2026-09-24T15:12:02.8727608Z ^[[1m^[[92m   Doc-tests^[[0m rx_melsec_mc
Rust	Test Rust workspace	2026-09-24T15:12:02.9145686Z 
Rust	Test Rust workspace	2026-09-24T15:12:02.9146382Z running 0 tests
Rust	Test Rust workspace	2026-09-24T15:12:02.9146801Z 
Rust	Test Rust workspace	2026-09-24T15:12:02.9147461Z test result: ok. 0 passed; 0 failed; 0 ignored; 0 measured; 0 filtered out; finished in 0.00s
Rust	Test Rust workspace	2026-09-24T15:12:02.9147958Z 
Rust	Test Rust workspace	2026-09-24T15:12:02.9182088Z ^[[1m^[[92m   Doc-tests^[[0m rx_process
Rust	Test Rust workspace	2026-09-24T15:12:02.9468520Z 
Rust	Test Rust workspace	2026-09-24T15:12:02.9469167Z running 0 tests
Rust	Test Rust workspace	2026-09-24T15:12:02.9469575Z 
Rust	Test Rust workspace	2026-09-24T15:12:02.9470491Z test result: ok. 0 passed; 0 failed; 0 ignored; 0 measured; 0 filtered out; finished in 0.00s
Rust	Test Rust workspace	2026-09-24T15:12:02.9471270Z 
Rust	Test Rust workspace	2026-09-24T15:12:02.9514453Z ^[[1m^[[92m   Doc-tests^[[0m rx_process_package
Rust	Test Rust workspace	2026-09-24T15:12:02.9943909Z 
Rust	Test Rust workspace	2026-09-24T15:12:02.9944944Z running 0 tests
Rust	Test Rust workspace	2026-09-24T15:12:02.9945389Z 
Rust	Test Rust workspace	2026-09-24T15:12:02.9946349Z test result: ok. 0 passed; 0 failed; 0 ignored; 0 measured; 0 filtered out; finished in 0.00s
Rust	Test Rust workspace	2026-09-24T15:12:02.9946941Z 
Rust	Test Rust workspace	2026-09-24T15:12:02.9987436Z ^[[1m^[[92m   Doc-tests^[[0m rx_service_status
Rust	Test Rust workspace	2026-09-24T15:12:03.0498034Z 
Rust	Test Rust workspace	2026-09-24T15:12:03.0498640Z running 0 tests
Rust	Test Rust workspace	2026-09-24T15:12:03.0498905Z 
Rust	Test Rust workspace	2026-09-24T15:12:03.0499379Z test result: ok. 0 passed; 0 failed; 0 ignored; 0 measured; 0 filtered out; finished in 0.00s
Rust	Test Rust workspace	2026-09-24T15:12:03.0499902Z 
Rust	Test Rust workspace	2026-09-24T15:12:03.0531773Z ^[[1m^[[92m   Doc-tests^[[0m rx_solution_catalog
Rust	Test Rust workspace	2026-09-24T15:12:03.1054244Z 
Rust	Test Rust workspace	2026-09-24T15:12:03.1055265Z running 0 tests
Rust	Test Rust workspace	2026-09-24T15:12:03.1055811Z 
Rust	Test Rust workspace	2026-09-24T15:12:03.1056398Z test result: ok. 0 passed; 0 failed; 0 ignored; 0 measured; 0 filtered out; finished in 0.00s
Rust	Test Rust workspace	2026-09-24T15:12:03.1057241Z 
Rust	Test Rust workspace	2026-09-24T15:12:03.1087798Z ^[[1m^[[92m   Doc-tests^[[0m rx_supervisor
Rust	Test Rust workspace	2026-09-24T15:12:03.4730124Z 
Rust	Test Rust workspace	2026-09-24T15:12:03.4730720Z running 12 tests
Rust	Test Rust workspace	2026-09-24T15:12:03.5368000Z test runtime/rx-supervisor/src/registration/diagnostic/replacement.rs - registration::diagnostic::replacement::PreparedReplacement (line 84) - compile fail ... ok
Rust	Test Rust workspace	2026-09-24T15:12:03.5391999Z test runtime/rx-supervisor/src/registration/diagnostic/replacement.rs - registration::diagnostic::replacement::PreparedReplacement (line 80) - compile fail ... ok
Rust	Test Rust workspace	2026-09-24T15:12:03.5399487Z test runtime/rx-supervisor/src/registration/diagnostic/replacement.rs - registration::diagnostic::replacement::PreparedReplacement (line 76) - compile fail ... ok
Rust	Test Rust workspace	2026-09-24T15:12:03.5440513Z test runtime/rx-supervisor/src/registration/diagnostic/replacement.rs - registration::diagnostic::replacement::PreparedReplacement (line 72) - compile fail ... ok
Rust	Test Rust workspace	2026-09-24T15:12:03.5939600Z test runtime/rx-supervisor/src/registration/recovery.rs - registration::recovery::ProcessInvestigation (line 12) - compile fail ... ok
Rust	Test Rust workspace	2026-09-24T15:12:03.5943962Z test runtime/rx-supervisor/src/registration/recovery.rs - registration::recovery::ProcessInvestigation (line 17) - compile fail ... ok
Rust	Test Rust workspace	2026-09-24T15:12:03.6013060Z test runtime/rx-supervisor/src/registration/recovery.rs - registration::recovery::ProcessInvestigation (line 8) - compile fail ... ok
Rust	Test Rust workspace	2026-09-24T15:12:03.6352745Z test runtime/rx-supervisor/src/registration/recovery.rs - registration::recovery::Registry<R>::investigate (line 494) - compile fail ... ok
Rust	Test Rust workspace	2026-09-24T15:12:03.6590517Z test runtime/rx-supervisor/src/work_use.rs - work_use::Prepared (line 74) - compile fail ... ok
Rust	Test Rust workspace	2026-09-24T15:12:03.6592404Z test runtime/rx-supervisor/src/work_use.rs - work_use::Prepared (line 70) - compile fail ... ok
Rust	Test Rust workspace	2026-09-24T15:12:03.6668479Z test runtime/rx-supervisor/src/work_use.rs - work_use::Prepared (line 78) - compile fail ... ok
Rust	Test Rust workspace	2026-09-24T15:12:03.6833617Z test runtime/rx-supervisor/src/work_use.rs - work_use::Prepared (line 82) - compile fail ... ok
Rust	Test Rust workspace	2026-09-24T15:12:03.6834211Z 
Rust	Test Rust workspace	2026-09-24T15:12:03.6834471Z test result: ok. 12 passed; 0 failed; 0 ignored; 0 measured; 0 filtered out; finished in 0.21s
Rust	Test Rust workspace	2026-09-24T15:12:03.6834850Z 
Rust	Post Run actions/cache@0057852bfaa89a56745cba8c7296529d2fc39830	﻿2026-09-24T15:12:03.8431859Z Post job cleanup.
Rust	Post Run actions/cache@0057852bfaa89a56745cba8c7296529d2fc39830	2026-09-24T15:12:03.9676978Z Cache hit occurred on the primary key Linux-X64-rust-eabaacf092aacfc00294c708d296c67e76b357b50a5d92e70037a68fa89eeb8a, not saving cache.
Rust	Post Run actions/cache@0057852bfaa89a56745cba8c7296529d2fc39830	2026-09-24T15:12:03.9680058Z (node:17416) [DEP0040] DeprecationWarning: The `punycode` module is deprecated. Please use a userland alternative instead.
Rust	Post Run actions/cache@0057852bfaa89a56745cba8c7296529d2fc39830	2026-09-24T15:12:03.9681433Z (Use `node --trace-deprecation ...` to show where the warning was created)
Rust	Post Run actions/checkout@11d5960a326750d5838078e36cf38b85af677262	﻿2026-09-24T15:12:03.9828225Z Post job cleanup.
Rust	Post Run actions/checkout@11d5960a326750d5838078e36cf38b85af677262	2026-09-24T15:12:04.0721736Z [command]/usr/bin/git version
Rust	Post Run actions/checkout@11d5960a326750d5838078e36cf38b85af677262	2026-09-24T15:12:04.0768289Z git version 2.55.0
Rust	Post Run actions/checkout@11d5960a326750d5838078e36cf38b85af677262	2026-09-24T15:12:04.0811565Z Temporarily overriding HOME='/home/runner/work/_temp/c5f94d2f-97b9-4572-8c92-4ab6746fa190' before making global git config changes
Rust	Post Run actions/checkout@11d5960a326750d5838078e36cf38b85af677262	2026-09-24T15:12:04.0812758Z Adding repository directory to the temporary git global config as a safe directory
Rust	Post Run actions/checkout@11d5960a326750d5838078e36cf38b85af677262	2026-09-24T15:12:04.0818094Z [command]/usr/bin/git config --global --add safe.directory /home/runner/work/rx-solutions/rx-solutions
Rust	Post Run actions/checkout@11d5960a326750d5838078e36cf38b85af677262	2026-09-24T15:12:04.0867514Z [command]/usr/bin/git config --local --name-only --get-regexp core\.sshCommand
Rust	Post Run actions/checkout@11d5960a326750d5838078e36cf38b85af677262	2026-09-24T15:12:04.0910346Z [command]/usr/bin/git submodule foreach --recursive sh -c "git config --local --name-only --get-regexp 'core\.sshCommand' && git config --local --unset-all 'core.sshCommand' || :"
Rust	Post Run actions/checkout@11d5960a326750d5838078e36cf38b85af677262	2026-09-24T15:12:04.1206296Z [command]/usr/bin/git config --local --name-only --get-regexp http\.https\:\/\/github\.com\/\.extraheader
Rust	Post Run actions/checkout@11d5960a326750d5838078e36cf38b85af677262	2026-09-24T15:12:04.1246586Z [command]/usr/bin/git submodule foreach --recursive sh -c "git config --local --name-only --get-regexp 'http\.https\:\/\/github\.com\/\.extraheader' && git config --local --unset-all 'http.https://github.com/.extraheader' || :"
Rust	Post Run actions/checkout@11d5960a326750d5838078e36cf38b85af677262	2026-09-24T15:12:04.1538274Z [command]/usr/bin/git config --local --name-only --get-regexp ^includeIf\.gitdir:
Rust	Post Run actions/checkout@11d5960a326750d5838078e36cf38b85af677262	2026-09-24T15:12:04.1588765Z [command]/usr/bin/git submodule foreach --recursive git config --local --show-origin --name-only --get-regexp remote.origin.url
Rust	Complete job	﻿2026-09-24T15:12:04.2029226Z Cleaning up orphan processes
Rust	Complete job	2026-09-24T15:12:04.2403899Z ##[warning]Node.js 20 is deprecated. The following actions target Node.js 20 but are being forced to run on Node.js 24: actions/cache@0057852bfaa89a56745cba8c7296529d2fc39830, actions/checkout@11d5960a326750d5838078e36cf38b85af677262. For more information see: https://github.blog/changelog/2025-09-19-deprecation-of-node-20-on-github-actions-runners/
Operator app	Set up job	﻿2026-09-24T15:08:56.0501103Z Current runner version: '2.337.0'
Operator app	Set up job	2026-09-24T15:08:56.0538918Z ##[group]Runner Image Provisioner
Operator app	Set up job	2026-09-24T15:08:56.0540254Z Hosted Compute Agent
Operator app	Set up job	2026-09-24T15:08:56.0541230Z Version: 20260828.587
Operator app	Set up job	2026-09-24T15:08:56.0542393Z Commit: abac92662cab4cc7352de4f9f9d2e2419aad9c29
Operator app	Set up job	2026-09-24T15:08:56.0543968Z Build Date: 2026-08-28T16:44:25Z
Operator app	Set up job	2026-09-24T15:08:56.0545193Z Worker ID: {3b691341-485b-4770-b7d6-37a13408eb53}
Operator app	Set up job	2026-09-24T15:08:56.0546403Z Azure Region: eastus
Operator app	Set up job	2026-09-24T15:08:56.0547348Z ##[endgroup]
Operator app	Set up job	2026-09-24T15:08:56.0549810Z ##[group]Operating System
Operator app	Set up job	2026-09-24T15:08:56.0550911Z Ubuntu
Operator app	Set up job	2026-09-24T15:08:56.0551910Z 24.04.5
Operator app	Set up job	2026-09-24T15:08:56.0552735Z LTS
Operator app	Set up job	2026-09-24T15:08:56.0553836Z ##[endgroup]
Operator app	Set up job	2026-09-24T15:08:56.0554903Z ##[group]Runner Image
Operator app	Set up job	2026-09-24T15:08:56.0555960Z Image: ubuntu-24.04
Operator app	Set up job	2026-09-24T15:08:56.0556937Z Version: 20260920.314.1
Operator app	Set up job	2026-09-24T15:08:56.0558749Z Included Software: https://github.com/actions/runner-images/blob/ubuntu24/20260920.314/images/ubuntu/Ubuntu2404-Readme.md
Operator app	Set up job	2026-09-24T15:08:56.0561800Z Image Release: https://github.com/actions/runner-images/releases/tag/ubuntu24%2F20260920.314
Operator app	Set up job	2026-09-24T15:08:56.0563740Z ##[endgroup]
Operator app	Set up job	2026-09-24T15:08:56.0565708Z ##[group]GITHUB_TOKEN Permissions
Operator app	Set up job	2026-09-24T15:08:56.0568530Z Contents: read
Operator app	Set up job	2026-09-24T15:08:56.0569602Z Metadata: read
Operator app	Set up job	2026-09-24T15:08:56.0570484Z ##[endgroup]
Operator app	Set up job	2026-09-24T15:08:56.0574214Z Secret source: Actions
Operator app	Set up job	2026-09-24T15:08:56.0575850Z Cache mode: write
Operator app	Set up job	2026-09-24T15:08:56.0577182Z Prepare workflow directory
Operator app	Set up job	2026-09-24T15:08:56.1159564Z Prepare all required actions
Operator app	Set up job	2026-09-24T15:08:56.1232052Z Getting action download info
Operator app	Set up job	2026-09-24T15:08:56.4286980Z Download action repository 'actions/checkout@11d5960a326750d5838078e36cf38b85af677262' (SHA:11d5960a326750d5838078e36cf38b85af677262)
Operator app	Set up job	2026-09-24T15:08:56.5492118Z Download action repository 'actions/setup-node@49933ea5288caeca8642d1e84afbd3f7d6820020' (SHA:49933ea5288caeca8642d1e84afbd3f7d6820020)
Operator app	Set up job	2026-09-24T15:08:56.7405700Z Complete job name: Operator app
Operator app	Run actions/checkout@11d5960a326750d5838078e36cf38b85af677262	﻿2026-09-24T15:08:56.8249275Z ##[group]Run actions/checkout@11d5960a326750d5838078e36cf38b85af677262
Operator app	Run actions/checkout@11d5960a326750d5838078e36cf38b85af677262	2026-09-24T15:08:56.8250470Z with:
Operator app	Run actions/checkout@11d5960a326750d5838078e36cf38b85af677262	2026-09-24T15:08:56.8250984Z   persist-credentials: false
Operator app	Run actions/checkout@11d5960a326750d5838078e36cf38b85af677262	2026-09-24T15:08:56.8251574Z   repository: jack0682/rx-solutions
Operator app	Run actions/checkout@11d5960a326750d5838078e36cf38b85af677262	2026-09-24T15:08:56.8255807Z   token: ***
Operator app	Run actions/checkout@11d5960a326750d5838078e36cf38b85af677262	2026-09-24T15:08:56.8256317Z   ssh-strict: true
Operator app	Run actions/checkout@11d5960a326750d5838078e36cf38b85af677262	2026-09-24T15:08:56.8256804Z   ssh-user: git
Operator app	Run actions/checkout@11d5960a326750d5838078e36cf38b85af677262	2026-09-24T15:08:56.8257267Z   clean: true
Operator app	Run actions/checkout@11d5960a326750d5838078e36cf38b85af677262	2026-09-24T15:08:56.8257757Z   sparse-checkout-cone-mode: true
Operator app	Run actions/checkout@11d5960a326750d5838078e36cf38b85af677262	2026-09-24T15:08:56.8258333Z   fetch-depth: 1
Operator app	Run actions/checkout@11d5960a326750d5838078e36cf38b85af677262	2026-09-24T15:08:56.8258816Z   fetch-tags: false
Operator app	Run actions/checkout@11d5960a326750d5838078e36cf38b85af677262	2026-09-24T15:08:56.8259303Z   show-progress: true
Operator app	Run actions/checkout@11d5960a326750d5838078e36cf38b85af677262	2026-09-24T15:08:56.8259824Z   lfs: false
Operator app	Run actions/checkout@11d5960a326750d5838078e36cf38b85af677262	2026-09-24T15:08:56.8260292Z   submodules: false
Operator app	Run actions/checkout@11d5960a326750d5838078e36cf38b85af677262	2026-09-24T15:08:56.8260784Z   set-safe-directory: true
Operator app	Run actions/checkout@11d5960a326750d5838078e36cf38b85af677262	2026-09-24T15:08:56.8261340Z   allow-unsafe-pr-checkout: false
Operator app	Run actions/checkout@11d5960a326750d5838078e36cf38b85af677262	2026-09-24T15:08:56.8262217Z ##[endgroup]
Operator app	Run actions/checkout@11d5960a326750d5838078e36cf38b85af677262	2026-09-24T15:08:56.9337920Z Syncing repository: jack0682/rx-solutions
Operator app	Run actions/checkout@11d5960a326750d5838078e36cf38b85af677262	2026-09-24T15:08:56.9340835Z ##[group]Getting Git version info
Operator app	Run actions/checkout@11d5960a326750d5838078e36cf38b85af677262	2026-09-24T15:08:56.9342328Z Working directory is '/home/runner/work/rx-solutions/rx-solutions'
Operator app	Run actions/checkout@11d5960a326750d5838078e36cf38b85af677262	2026-09-24T15:08:56.9344585Z [command]/usr/bin/git version
Operator app	Run actions/checkout@11d5960a326750d5838078e36cf38b85af677262	2026-09-24T15:08:56.9405071Z git version 2.55.0
Operator app	Run actions/checkout@11d5960a326750d5838078e36cf38b85af677262	2026-09-24T15:08:56.9408526Z ##[endgroup]
Operator app	Run actions/checkout@11d5960a326750d5838078e36cf38b85af677262	2026-09-24T15:08:56.9424882Z Temporarily overriding HOME='/home/runner/work/_temp/fb6d5f7b-74ad-426f-bb78-72c15c3e50ca' before making global git config changes
Operator app	Run actions/checkout@11d5960a326750d5838078e36cf38b85af677262	2026-09-24T15:08:56.9427611Z Adding repository directory to the temporary git global config as a safe directory
Operator app	Run actions/checkout@11d5960a326750d5838078e36cf38b85af677262	2026-09-24T15:08:56.9430532Z [command]/usr/bin/git config --global --add safe.directory /home/runner/work/rx-solutions/rx-solutions
Operator app	Run actions/checkout@11d5960a326750d5838078e36cf38b85af677262	2026-09-24T15:08:56.9496583Z Deleting the contents of '/home/runner/work/rx-solutions/rx-solutions'
Operator app	Run actions/checkout@11d5960a326750d5838078e36cf38b85af677262	2026-09-24T15:08:56.9502341Z ##[group]Initializing the repository
Operator app	Run actions/checkout@11d5960a326750d5838078e36cf38b85af677262	2026-09-24T15:08:56.9507891Z [command]/usr/bin/git init /home/runner/work/rx-solutions/rx-solutions
Operator app	Run actions/checkout@11d5960a326750d5838078e36cf38b85af677262	2026-09-24T15:08:56.9633090Z hint: Using 'master' as the name for the initial branch. This default branch name
Operator app	Run actions/checkout@11d5960a326750d5838078e36cf38b85af677262	2026-09-24T15:08:56.9635855Z hint: will change to "main" in Git 3.0. To configure the initial branch name
Operator app	Run actions/checkout@11d5960a326750d5838078e36cf38b85af677262	2026-09-24T15:08:56.9637729Z hint: to use in all of your new repositories, which will suppress this warning,
Operator app	Run actions/checkout@11d5960a326750d5838078e36cf38b85af677262	2026-09-24T15:08:56.9639242Z hint: call:
Operator app	Run actions/checkout@11d5960a326750d5838078e36cf38b85af677262	2026-09-24T15:08:56.9640318Z hint:
Operator app	Run actions/checkout@11d5960a326750d5838078e36cf38b85af677262	2026-09-24T15:08:56.9641213Z hint: 	git config --global init.defaultBranch <name>
Operator app	Run actions/checkout@11d5960a326750d5838078e36cf38b85af677262	2026-09-24T15:08:56.9642303Z hint:
Operator app	Run actions/checkout@11d5960a326750d5838078e36cf38b85af677262	2026-09-24T15:08:56.9643614Z hint: Names commonly chosen instead of 'master' are 'main', 'trunk' and
Operator app	Run actions/checkout@11d5960a326750d5838078e36cf38b85af677262	2026-09-24T15:08:56.9645427Z hint: 'development'. The just-created branch can be renamed via this command:
Operator app	Run actions/checkout@11d5960a326750d5838078e36cf38b85af677262	2026-09-24T15:08:56.9646762Z hint:
Operator app	Run actions/checkout@11d5960a326750d5838078e36cf38b85af677262	2026-09-24T15:08:56.9647484Z hint: 	git branch -m <name>
Operator app	Run actions/checkout@11d5960a326750d5838078e36cf38b85af677262	2026-09-24T15:08:56.9648329Z hint:
Operator app	Run actions/checkout@11d5960a326750d5838078e36cf38b85af677262	2026-09-24T15:08:56.9649576Z hint: Disable this message with "git config set advice.defaultBranchName false"
Operator app	Run actions/checkout@11d5960a326750d5838078e36cf38b85af677262	2026-09-24T15:08:56.9651532Z Initialized empty Git repository in /home/runner/work/rx-solutions/rx-solutions/.git/
Operator app	Run actions/checkout@11d5960a326750d5838078e36cf38b85af677262	2026-09-24T15:08:56.9654876Z [command]/usr/bin/git remote add origin https://github.com/jack0682/rx-solutions
Operator app	Run actions/checkout@11d5960a326750d5838078e36cf38b85af677262	2026-09-24T15:08:56.9710015Z ##[endgroup]
Operator app	Run actions/checkout@11d5960a326750d5838078e36cf38b85af677262	2026-09-24T15:08:56.9711485Z ##[group]Disabling automatic garbage collection
Operator app	Run actions/checkout@11d5960a326750d5838078e36cf38b85af677262	2026-09-24T15:08:56.9713936Z [command]/usr/bin/git config --local gc.auto 0
Operator app	Run actions/checkout@11d5960a326750d5838078e36cf38b85af677262	2026-09-24T15:08:56.9748758Z ##[endgroup]
Operator app	Run actions/checkout@11d5960a326750d5838078e36cf38b85af677262	2026-09-24T15:08:56.9750287Z ##[group]Setting up auth
Operator app	Run actions/checkout@11d5960a326750d5838078e36cf38b85af677262	2026-09-24T15:08:56.9757111Z [command]/usr/bin/git config --local --name-only --get-regexp core\.sshCommand
Operator app	Run actions/checkout@11d5960a326750d5838078e36cf38b85af677262	2026-09-24T15:08:56.9792132Z [command]/usr/bin/git submodule foreach --recursive sh -c "git config --local --name-only --get-regexp 'core\.sshCommand' && git config --local --unset-all 'core.sshCommand' || :"
Operator app	Run actions/checkout@11d5960a326750d5838078e36cf38b85af677262	2026-09-24T15:08:57.0196417Z [command]/usr/bin/git config --local --name-only --get-regexp http\.https\:\/\/github\.com\/\.extraheader
Operator app	Run actions/checkout@11d5960a326750d5838078e36cf38b85af677262	2026-09-24T15:08:57.0235976Z [command]/usr/bin/git submodule foreach --recursive sh -c "git config --local --name-only --get-regexp 'http\.https\:\/\/github\.com\/\.extraheader' && git config --local --unset-all 'http.https://github.com/.extraheader' || :"
Operator app	Run actions/checkout@11d5960a326750d5838078e36cf38b85af677262	2026-09-24T15:08:57.0526357Z [command]/usr/bin/git config --local --name-only --get-regexp ^includeIf\.gitdir:
Operator app	Run actions/checkout@11d5960a326750d5838078e36cf38b85af677262	2026-09-24T15:08:57.0574029Z [command]/usr/bin/git submodule foreach --recursive git config --local --show-origin --name-only --get-regexp remote.origin.url
Operator app	Run actions/checkout@11d5960a326750d5838078e36cf38b85af677262	2026-09-24T15:08:57.0841136Z [command]/usr/bin/git config --local http.https://github.com/.extraheader AUTHORIZATION: basic ***
Operator app	Run actions/checkout@11d5960a326750d5838078e36cf38b85af677262	2026-09-24T15:08:57.0890154Z ##[endgroup]
Operator app	Run actions/checkout@11d5960a326750d5838078e36cf38b85af677262	2026-09-24T15:08:57.0891907Z ##[group]Fetching the repository
Operator app	Run actions/checkout@11d5960a326750d5838078e36cf38b85af677262	2026-09-24T15:08:57.0901534Z [command]/usr/bin/git -c protocol.version=2 fetch --no-tags --prune --no-recurse-submodules --depth=1 origin +d28f0ee44fcd934c843d28ec46e39cd3c2cc3639:refs/remotes/pull/36/merge
Operator app	Run actions/checkout@11d5960a326750d5838078e36cf38b85af677262	2026-09-24T15:08:57.5189576Z From https://github.com/jack0682/rx-solutions
Operator app	Run actions/checkout@11d5960a326750d5838078e36cf38b85af677262	2026-09-24T15:08:57.5192325Z  * [new ref]         d28f0ee44fcd934c843d28ec46e39cd3c2cc3639 -> pull/36/merge
Operator app	Run actions/checkout@11d5960a326750d5838078e36cf38b85af677262	2026-09-24T15:08:57.5197678Z ##[endgroup]
Operator app	Run actions/checkout@11d5960a326750d5838078e36cf38b85af677262	2026-09-24T15:08:57.5199474Z ##[group]Determining the checkout info
Operator app	Run actions/checkout@11d5960a326750d5838078e36cf38b85af677262	2026-09-24T15:08:57.5201106Z ##[endgroup]
Operator app	Run actions/checkout@11d5960a326750d5838078e36cf38b85af677262	2026-09-24T15:08:57.5202643Z [command]/usr/bin/git sparse-checkout disable
Operator app	Run actions/checkout@11d5960a326750d5838078e36cf38b85af677262	2026-09-24T15:08:57.5257569Z [command]/usr/bin/git config --local --unset-all extensions.worktreeConfig
Operator app	Run actions/checkout@11d5960a326750d5838078e36cf38b85af677262	2026-09-24T15:08:57.5296566Z ##[group]Checking out the ref
Operator app	Run actions/checkout@11d5960a326750d5838078e36cf38b85af677262	2026-09-24T15:08:57.5299818Z [command]/usr/bin/git checkout --progress --force refs/remotes/pull/36/merge
Operator app	Run actions/checkout@11d5960a326750d5838078e36cf38b85af677262	2026-09-24T15:08:57.5781381Z Note: switching to 'refs/remotes/pull/36/merge'.
Operator app	Run actions/checkout@11d5960a326750d5838078e36cf38b85af677262	2026-09-24T15:08:57.5782924Z 
Operator app	Run actions/checkout@11d5960a326750d5838078e36cf38b85af677262	2026-09-24T15:08:57.5784466Z You are in 'detached HEAD' state. You can look around, make experimental
Operator app	Run actions/checkout@11d5960a326750d5838078e36cf38b85af677262	2026-09-24T15:08:57.5787508Z changes and commit them, and you can discard any commits you make in this
Operator app	Run actions/checkout@11d5960a326750d5838078e36cf38b85af677262	2026-09-24T15:08:57.5789719Z state without impacting any branches by switching back to a branch.
Operator app	Run actions/checkout@11d5960a326750d5838078e36cf38b85af677262	2026-09-24T15:08:57.5790839Z 
Operator app	Run actions/checkout@11d5960a326750d5838078e36cf38b85af677262	2026-09-24T15:08:57.5791768Z If you want to create a new branch to retain commits you create, you may
Operator app	Run actions/checkout@11d5960a326750d5838078e36cf38b85af677262	2026-09-24T15:08:57.5794671Z do so (now or later) by using -c with the switch command. Example:
Operator app	Run actions/checkout@11d5960a326750d5838078e36cf38b85af677262	2026-09-24T15:08:57.5796733Z 
Operator app	Run actions/checkout@11d5960a326750d5838078e36cf38b85af677262	2026-09-24T15:08:57.5797311Z   git switch -c <new-branch-name>
Operator app	Run actions/checkout@11d5960a326750d5838078e36cf38b85af677262	2026-09-24T15:08:57.5798022Z 
Operator app	Run actions/checkout@11d5960a326750d5838078e36cf38b85af677262	2026-09-24T15:08:57.5798525Z Or undo this operation with:
Operator app	Run actions/checkout@11d5960a326750d5838078e36cf38b85af677262	2026-09-24T15:08:57.5799330Z 
Operator app	Run actions/checkout@11d5960a326750d5838078e36cf38b85af677262	2026-09-24T15:08:57.5799866Z   git switch -
Operator app	Run actions/checkout@11d5960a326750d5838078e36cf38b85af677262	2026-09-24T15:08:57.5800544Z 
Operator app	Run actions/checkout@11d5960a326750d5838078e36cf38b85af677262	2026-09-24T15:08:57.5801499Z Turn off this advice by setting config variable advice.detachedHead to false
Operator app	Run actions/checkout@11d5960a326750d5838078e36cf38b85af677262	2026-09-24T15:08:57.5802897Z 
Operator app	Run actions/checkout@11d5960a326750d5838078e36cf38b85af677262	2026-09-24T15:08:57.5804808Z HEAD is now at d28f0ee Merge 1f9cc7def3f1aa30c7a32472f0220f16fe9b508d into 5a3e2a20a6a826dab135e817b96a0c264ad444f1
Operator app	Run actions/checkout@11d5960a326750d5838078e36cf38b85af677262	2026-09-24T15:08:57.5810396Z ##[endgroup]
Operator app	Run actions/checkout@11d5960a326750d5838078e36cf38b85af677262	2026-09-24T15:08:57.5842831Z [command]/usr/bin/git log -1 --format=%H
Operator app	Run actions/checkout@11d5960a326750d5838078e36cf38b85af677262	2026-09-24T15:08:57.5871888Z d28f0ee44fcd934c843d28ec46e39cd3c2cc3639
Operator app	Run actions/checkout@11d5960a326750d5838078e36cf38b85af677262	2026-09-24T15:08:57.5881883Z ##[group]Removing auth
Operator app	Run actions/checkout@11d5960a326750d5838078e36cf38b85af677262	2026-09-24T15:08:57.5885599Z [command]/usr/bin/git config --local --name-only --get-regexp core\.sshCommand
Operator app	Run actions/checkout@11d5960a326750d5838078e36cf38b85af677262	2026-09-24T15:08:57.5923708Z [command]/usr/bin/git submodule foreach --recursive sh -c "git config --local --name-only --get-regexp 'core\.sshCommand' && git config --local --unset-all 'core.sshCommand' || :"
Operator app	Run actions/checkout@11d5960a326750d5838078e36cf38b85af677262	2026-09-24T15:08:57.6156499Z [command]/usr/bin/git config --local --name-only --get-regexp http\.https\:\/\/github\.com\/\.extraheader
Operator app	Run actions/checkout@11d5960a326750d5838078e36cf38b85af677262	2026-09-24T15:08:57.6189768Z http.https://github.com/.extraheader
Operator app	Run actions/checkout@11d5960a326750d5838078e36cf38b85af677262	2026-09-24T15:08:57.6199191Z [command]/usr/bin/git config --local --unset-all http.https://github.com/.extraheader
Operator app	Run actions/checkout@11d5960a326750d5838078e36cf38b85af677262	2026-09-24T15:08:57.6236224Z [command]/usr/bin/git submodule foreach --recursive sh -c "git config --local --name-only --get-regexp 'http\.https\:\/\/github\.com\/\.extraheader' && git config --local --unset-all 'http.https://github.com/.extraheader' || :"
Operator app	Run actions/checkout@11d5960a326750d5838078e36cf38b85af677262	2026-09-24T15:08:57.6463879Z [command]/usr/bin/git config --local --name-only --get-regexp ^includeIf\.gitdir:
Operator app	Run actions/checkout@11d5960a326750d5838078e36cf38b85af677262	2026-09-24T15:08:57.6496110Z [command]/usr/bin/git submodule foreach --recursive git config --local --show-origin --name-only --get-regexp remote.origin.url
Operator app	Run actions/checkout@11d5960a326750d5838078e36cf38b85af677262	2026-09-24T15:08:57.6724309Z ##[endgroup]
Operator app	Run actions/setup-node@49933ea5288caeca8642d1e84afbd3f7d6820020	﻿2026-09-24T15:08:57.7176727Z ##[group]Run actions/setup-node@49933ea5288caeca8642d1e84afbd3f7d6820020
Operator app	Run actions/setup-node@49933ea5288caeca8642d1e84afbd3f7d6820020	2026-09-24T15:08:57.7178521Z with:
Operator app	Run actions/setup-node@49933ea5288caeca8642d1e84afbd3f7d6820020	2026-09-24T15:08:57.7179403Z   node-version: 24
Operator app	Run actions/setup-node@49933ea5288caeca8642d1e84afbd3f7d6820020	2026-09-24T15:08:57.7180353Z   cache: npm
Operator app	Run actions/setup-node@49933ea5288caeca8642d1e84afbd3f7d6820020	2026-09-24T15:08:57.7181547Z   cache-dependency-path: apps/operator/package-lock.json
Operator app	Run actions/setup-node@49933ea5288caeca8642d1e84afbd3f7d6820020	2026-09-24T15:08:57.7183050Z   always-auth: false
Operator app	Run actions/setup-node@49933ea5288caeca8642d1e84afbd3f7d6820020	2026-09-24T15:08:57.7184291Z   check-latest: false
Operator app	Run actions/setup-node@49933ea5288caeca8642d1e84afbd3f7d6820020	2026-09-24T15:08:57.7194031Z   token: ***
Operator app	Run actions/setup-node@49933ea5288caeca8642d1e84afbd3f7d6820020	2026-09-24T15:08:57.7194989Z ##[endgroup]
Operator app	Run actions/setup-node@49933ea5288caeca8642d1e84afbd3f7d6820020	2026-09-24T15:08:57.8699053Z Found in cache @ /opt/hostedtoolcache/node/24.21.0/x64
Operator app	Run actions/setup-node@49933ea5288caeca8642d1e84afbd3f7d6820020	2026-09-24T15:08:57.8704534Z (node:2315) [DEP0040] DeprecationWarning: The `punycode` module is deprecated. Please use a userland alternative instead.
Operator app	Run actions/setup-node@49933ea5288caeca8642d1e84afbd3f7d6820020	2026-09-24T15:08:57.8709011Z (Use `node --trace-deprecation ...` to show where the warning was created)
Operator app	Run actions/setup-node@49933ea5288caeca8642d1e84afbd3f7d6820020	2026-09-24T15:08:57.8712093Z ##[group]Environment details
Operator app	Run actions/setup-node@49933ea5288caeca8642d1e84afbd3f7d6820020	2026-09-24T15:08:58.2836563Z node: v24.21.0
Operator app	Run actions/setup-node@49933ea5288caeca8642d1e84afbd3f7d6820020	2026-09-24T15:08:58.2837714Z npm: 11.19.0
Operator app	Run actions/setup-node@49933ea5288caeca8642d1e84afbd3f7d6820020	2026-09-24T15:08:58.2838633Z yarn: 1.22.22
Operator app	Run actions/setup-node@49933ea5288caeca8642d1e84afbd3f7d6820020	2026-09-24T15:08:58.2840346Z ##[endgroup]
Operator app	Run actions/setup-node@49933ea5288caeca8642d1e84afbd3f7d6820020	2026-09-24T15:08:58.2858490Z [command]/opt/hostedtoolcache/node/24.21.0/x64/bin/npm config get cache
Operator app	Run actions/setup-node@49933ea5288caeca8642d1e84afbd3f7d6820020	2026-09-24T15:08:58.4046442Z /home/runner/.npm
Operator app	Run actions/setup-node@49933ea5288caeca8642d1e84afbd3f7d6820020	2026-09-24T15:08:58.5069468Z Cache hit for: node-cache-Linux-x64-npm-f7049b356cd2537bb1cb7d4c983f6736b00e504a22a04a9bb724c41964922b7f
Operator app	Run actions/setup-node@49933ea5288caeca8642d1e84afbd3f7d6820020	2026-09-24T15:08:58.5183163Z (node:2315) [DEP0169] DeprecationWarning: `url.parse()` behavior is not standardized and prone to errors that have security implications. Use the WHATWG URL API instead. CVEs are not issued for `url.parse()` vulnerabilities.
Operator app	Run actions/setup-node@49933ea5288caeca8642d1e84afbd3f7d6820020	2026-09-24T15:08:58.8930358Z Received 48390980 of 48390980 (100.0%), 139.8 MBs/sec
Operator app	Run actions/setup-node@49933ea5288caeca8642d1e84afbd3f7d6820020	2026-09-24T15:08:58.8935633Z Cache Size: ~46 MB (48390980 B)
Operator app	Run actions/setup-node@49933ea5288caeca8642d1e84afbd3f7d6820020	2026-09-24T15:08:58.8966500Z [command]/usr/bin/tar -xf /home/runner/work/_temp/f6fa7805-2bcb-4994-a976-c62898ce85fa/cache.tzst -P -C /home/runner/work/rx-solutions/rx-solutions --use-compress-program unzstd
Operator app	Run actions/setup-node@49933ea5288caeca8642d1e84afbd3f7d6820020	2026-09-24T15:08:58.9860520Z Cache restored successfully
Operator app	Run actions/setup-node@49933ea5288caeca8642d1e84afbd3f7d6820020	2026-09-24T15:08:58.9887668Z Cache restored from key: node-cache-Linux-x64-npm-f7049b356cd2537bb1cb7d4c983f6736b00e504a22a04a9bb724c41964922b7f
Operator app	Run npm ci	﻿2026-09-24T15:08:59.0087254Z ##[group]Run npm ci
Operator app	Run npm ci	2026-09-24T15:08:59.0087609Z ^[[36;1mnpm ci^[[0m
Operator app	Run npm ci	2026-09-24T15:08:59.0368118Z shell: /usr/bin/bash -e {0}
Operator app	Run npm ci	2026-09-24T15:08:59.0368532Z ##[endgroup]
Operator app	Run npm ci	2026-09-24T15:09:01.2110287Z 
Operator app	Run npm ci	2026-09-24T15:09:01.2119581Z added 57 packages, and audited 58 packages in 2s
Operator app	Run npm ci	2026-09-24T15:09:01.2120278Z 
Operator app	Run npm ci	2026-09-24T15:09:01.2120757Z 20 packages are looking for funding
Operator app	Run npm ci	2026-09-24T15:09:01.2121421Z   run `npm fund` for details
Operator app	Run npm ci	2026-09-24T15:09:01.2126107Z 
Operator app	Run npm ci	2026-09-24T15:09:01.2126578Z found 0 vulnerabilities
Operator app	Run npm run format:check	﻿2026-09-24T15:09:01.2647754Z ##[group]Run npm run format:check
Operator app	Run npm run format:check	2026-09-24T15:09:01.2648155Z ^[[36;1mnpm run format:check^[[0m
Operator app	Run npm run format:check	2026-09-24T15:09:01.2711392Z shell: /usr/bin/bash -e {0}
Operator app	Run npm run format:check	2026-09-24T15:09:01.2711707Z ##[endgroup]
Operator app	Run npm run format:check	2026-09-24T15:09:01.4006425Z 
Operator app	Run npm run format:check	2026-09-24T15:09:01.4006941Z > @rx/operator@0.1.0 format:check
Operator app	Run npm run format:check	2026-09-24T15:09:01.4007666Z > prettier --check src index.html vite.config.ts tsconfig.json package.json .prettierrc.json
Operator app	Run npm run format:check	2026-09-24T15:09:01.4008122Z 
Operator app	Run npm run format:check	2026-09-24T15:09:01.4883223Z Checking formatting...
Operator app	Run npm run format:check	2026-09-24T15:09:03.1420468Z All matched files use Prettier code style!
Operator app	Run npm test	﻿2026-09-24T15:09:03.1806437Z ##[group]Run npm test
Operator app	Run npm test	2026-09-24T15:09:03.1806779Z ^[[36;1mnpm test^[[0m
Operator app	Run npm test	2026-09-24T15:09:03.1868574Z shell: /usr/bin/bash -e {0}
Operator app	Run npm test	2026-09-24T15:09:03.1868911Z ##[endgroup]
Operator app	Run npm test	2026-09-24T15:09:03.2984445Z 
Operator app	Run npm test	2026-09-24T15:09:03.2985064Z > @rx/operator@0.1.0 test
Operator app	Run npm test	2026-09-24T15:09:03.2985607Z > vitest run src
Operator app	Run npm test	2026-09-24T15:09:03.2986968Z 
Operator app	Run npm test	2026-09-24T15:09:03.6233922Z 
Operator app	Run npm test	2026-09-24T15:09:03.6265274Z ^[[1m^[[30m^[[46m RUN ^[[49m^[[39m^[[22m ^[[36mv4.1.11 ^[[39m^[[90m/home/runner/work/rx-solutions/rx-solutions/apps/operator^[[39m
Operator app	Run npm test	2026-09-24T15:09:03.6266084Z 
Operator app	Run npm test	2026-09-24T15:09:04.1499267Z  ^[[32m✓^[[39m src/device-review-schema.test.ts ^[[2m(^[[22m^[[2m5 tests^[[22m^[[2m)^[[22m^[[32m 22^[[2mms^[[22m^[[39m
Operator app	Run npm test	2026-09-24T15:09:04.2335579Z  ^[[32m✓^[[39m src/run-start-schema.test.ts ^[[2m(^[[22m^[[2m12 tests^[[22m^[[2m)^[[22m^[[32m 44^[[2mms^[[22m^[[39m
Operator app	Run npm test	2026-09-24T15:09:04.3354025Z  ^[[32m✓^[[39m src/host-recovery-schema.test.ts ^[[2m(^[[22m^[[2m11 tests^[[22m^[[2m)^[[22m^[[32m 93^[[2mms^[[22m^[[39m
Operator app	Run npm test	2026-09-24T15:09:04.5789161Z  ^[[32m✓^[[39m src/device-catalog.test.ts ^[[2m(^[[22m^[[2m3 tests^[[22m^[[2m)^[[22m^[[32m 14^[[2mms^[[22m^[[39m
Operator app	Run npm test	2026-09-24T15:09:04.5876667Z  ^[[32m✓^[[39m src/package-schema.test.ts ^[[2m(^[[22m^[[2m4 tests^[[22m^[[2m)^[[22m^[[32m 18^[[2mms^[[22m^[[39m
Operator app	Run npm test	2026-09-24T15:09:04.6814355Z  ^[[32m✓^[[39m src/pending.test.ts ^[[2m(^[[22m^[[2m3 tests^[[22m^[[2m)^[[22m^[[32m 13^[[2mms^[[22m^[[39m
Operator app	Run npm test	2026-09-24T15:09:04.8347410Z  ^[[32m✓^[[39m src/service-health.test.ts ^[[2m(^[[22m^[[2m2 tests^[[22m^[[2m)^[[22m^[[32m 7^[[2mms^[[22m^[[39m
Operator app	Run npm test	2026-09-24T15:09:04.9495804Z  ^[[32m✓^[[39m src/process-preview.test.ts ^[[2m(^[[22m^[[2m3 tests^[[22m^[[2m)^[[22m^[[32m 17^[[2mms^[[22m^[[39m
Operator app	Run npm test	2026-09-24T15:09:05.0045673Z  ^[[32m✓^[[39m src/diagnostic-time.test.ts ^[[2m(^[[22m^[[2m3 tests^[[22m^[[2m)^[[22m^[[32m 11^[[2mms^[[22m^[[39m
Operator app	Run npm test	2026-09-24T15:09:05.1443990Z  ^[[32m✓^[[39m src/device-provenance.test.ts ^[[2m(^[[22m^[[2m2 tests^[[22m^[[2m)^[[22m^[[32m 8^[[2mms^[[22m^[[39m
Operator app	Run npm test	2026-09-24T15:09:05.2075723Z  ^[[32m✓^[[39m src/schema-runtime.test.ts ^[[2m(^[[22m^[[2m1 test^[[22m^[[2m)^[[22m^[[32m 73^[[2mms^[[22m^[[39m
Operator app	Run npm test	2026-09-24T15:09:05.2103936Z 
Operator app	Run npm test	2026-09-24T15:09:05.2105221Z ^[[2m Test Files ^[[22m ^[[1m^[[32m11 passed^[[39m^[[22m^[[90m (11)^[[39m
Operator app	Run npm test	2026-09-24T15:09:05.2106735Z ^[[2m      Tests ^[[22m ^[[1m^[[32m49 passed^[[39m^[[22m^[[90m (49)^[[39m
Operator app	Run npm test	2026-09-24T15:09:05.2107770Z ^[[2m   Start at ^[[22m 15:09:03
Operator app	Run npm test	2026-09-24T15:09:05.2109156Z ^[[2m   Duration ^[[22m 1.57s^[[2m (transform 540ms, setup 0ms, import 1.86s, tests 319ms, environment 2ms)^[[22m
Operator app	Run npm test	2026-09-24T15:09:05.2110063Z 
Operator app	Run npm run test:bundle	﻿2026-09-24T15:09:05.2569337Z ##[group]Run npm run test:bundle
Operator app	Run npm run test:bundle	2026-09-24T15:09:05.2569871Z ^[[36;1mnpm run test:bundle^[[0m
Operator app	Run npm run test:bundle	2026-09-24T15:09:05.2640303Z shell: /usr/bin/bash -e {0}
Operator app	Run npm run test:bundle	2026-09-24T15:09:05.2640617Z ##[endgroup]
Operator app	Run npm run test:bundle	2026-09-24T15:09:05.3753948Z 
Operator app	Run npm run test:bundle	2026-09-24T15:09:05.3754986Z > @rx/operator@0.1.0 test:bundle
Operator app	Run npm run test:bundle	2026-09-24T15:09:05.3755697Z > node --test tools/build-bundle.test.mjs
Operator app	Run npm run test:bundle	2026-09-24T15:09:05.3756077Z 
Operator app	Run npm run test:bundle	2026-09-24T15:09:05.4865535Z ✔ manifest is reproducible, ordered, exact-size and excludes itself (20.376408ms)
Operator app	Run npm run test:bundle	2026-09-24T15:09:05.4937436Z ✔ unlisted file types, reserved names and symlinks cannot enter a bundle (10.005908ms)
Operator app	Run npm run test:bundle	2026-09-24T15:09:05.5050332Z ✔ missing entry point and oversized files fail instead of producing a partial manifest (11.233167ms)
Operator app	Run npm run test:bundle	2026-09-24T15:09:05.5155555Z ℹ tests 3
Operator app	Run npm run test:bundle	2026-09-24T15:09:05.5194814Z ℹ suites 0
Operator app	Run npm run test:bundle	2026-09-24T15:09:05.5204552Z ℹ pass 3
Operator app	Run npm run test:bundle	2026-09-24T15:09:05.5205192Z ℹ fail 0
Operator app	Run npm run test:bundle	2026-09-24T15:09:05.5205865Z ℹ cancelled 0
Operator app	Run npm run test:bundle	2026-09-24T15:09:05.5206516Z ℹ skipped 0
Operator app	Run npm run test:bundle	2026-09-24T15:09:05.5207051Z ℹ todo 0
Operator app	Run npm run test:bundle	2026-09-24T15:09:05.5207728Z ℹ duration_ms 106.571166
Operator app	Run npm run build	﻿2026-09-24T15:09:05.5321236Z ##[group]Run npm run build
Operator app	Run npm run build	2026-09-24T15:09:05.5321549Z ^[[36;1mnpm run build^[[0m
Operator app	Run npm run build	2026-09-24T15:09:05.5393872Z shell: /usr/bin/bash -e {0}
Operator app	Run npm run build	2026-09-24T15:09:05.5394365Z ##[endgroup]
Operator app	Run npm run build	2026-09-24T15:09:05.6507641Z 
Operator app	Run npm run build	2026-09-24T15:09:05.6508243Z > @rx/operator@0.1.0 build
Operator app	Run npm run build	2026-09-24T15:09:05.6509058Z > tsc --noEmit && vite build && node tools/build-bundle.mjs dist
Operator app	Run npm run build	2026-09-24T15:09:05.6509597Z 
Operator app	Run npm run build	2026-09-24T15:09:10.8309429Z ^[[36mvite v8.2.2 ^[[32mbuilding client environment for production...^[[36m^[[39m
Operator app	Run npm run build	2026-09-24T15:09:10.8421401Z transforming...
Operator app	Run npm run build	2026-09-24T15:09:11.1520559Z ✓ 140 modules transformed.
Operator app	Run npm run build	2026-09-24T15:09:11.1959183Z rendering chunks...
Operator app	Run npm run build	2026-09-24T15:09:11.3200645Z computing gzip size...
Operator app	Run npm run build	2026-09-24T15:09:11.3295764Z dist/index.html                                                     0.45 kB │ gzip:   0.29 kB
Operator app	Run npm run build	2026-09-24T15:09:11.3296980Z dist/assets/ibm-plex-sans-kr-latin-ext-500-normal-BYGwY8Sr.woff     1.51 kB
Operator app	Run npm run build	2026-09-24T15:09:11.3298136Z dist/assets/ibm-plex-sans-kr-latin-ext-400-normal-BdSmf8qi.woff     1.51 kB
Operator app	Run npm run build	2026-09-24T15:09:11.3299367Z dist/assets/ibm-plex-sans-kr-latin-ext-600-normal-BIoLTTrT.woff     1.52 kB
Operator app	Run npm run build	2026-09-24T15:09:11.3300458Z dist/assets/ibm-plex-sans-kr-95-500-normal-yg9AsfDC.woff            1.76 kB
Operator app	Run npm run build	2026-09-24T15:09:11.3301546Z dist/assets/ibm-plex-sans-kr-95-600-normal-DiDFTR9Q.woff            1.77 kB
Operator app	Run npm run build	2026-09-24T15:09:11.3302648Z dist/assets/ibm-plex-sans-kr-95-400-normal-BR6ElHWu.woff            1.78 kB
Operator app	Run npm run build	2026-09-24T15:09:11.3304212Z dist/assets/ibm-plex-sans-kr-95-400-normal-CXzGt2L1.woff2           2.44 kB
Operator app	Run npm run build	2026-09-24T15:09:11.3305333Z dist/assets/ibm-plex-sans-kr-95-500-normal-CwbOeWyD.woff2           2.44 kB
Operator app	Run npm run build	2026-09-24T15:09:11.3306459Z dist/assets/ibm-plex-sans-kr-latin-ext-400-normal-C-1ywfZu.woff2    2.50 kB
Operator app	Run npm run build	2026-09-24T15:09:11.3307576Z dist/assets/ibm-plex-sans-kr-95-600-normal-CzslQFpy.woff2           2.51 kB
Operator app	Run npm run build	2026-09-24T15:09:11.3308694Z dist/assets/ibm-plex-sans-kr-latin-ext-600-normal-CwjUnNuf.woff2    2.54 kB
Operator app	Run npm run build	2026-09-24T15:09:11.3309881Z dist/assets/ibm-plex-sans-kr-latin-ext-500-normal-C8K5qbyi.woff2    2.56 kB
Operator app	Run npm run build	2026-09-24T15:09:11.3311013Z dist/assets/ibm-plex-sans-kr-65-400-normal-BLI3xZEh.woff            2.93 kB
Operator app	Run npm run build	2026-09-24T15:09:11.3312108Z dist/assets/ibm-plex-sans-kr-65-500-normal-DeZUxdRN.woff            2.95 kB
Operator app	Run npm run build	2026-09-24T15:09:11.3313195Z dist/assets/ibm-plex-sans-kr-65-600-normal-DVDtx_Xg.woff            2.96 kB
Operator app	Run npm run build	2026-09-24T15:09:11.3314570Z dist/assets/ibm-plex-sans-kr-65-400-normal-DnzyhmoU.woff2           3.93 kB
Operator app	Run npm run build	2026-09-24T15:09:11.3315673Z dist/assets/ibm-plex-sans-kr-99-400-normal-DKb2WQ2R.woff            3.93 kB
Operator app	Run npm run build	2026-09-24T15:09:11.3316785Z dist/assets/ibm-plex-sans-kr-99-500-normal-HPdjitvo.woff            3.98 kB
Operator app	Run npm run build	2026-09-24T15:09:11.3317885Z dist/assets/ibm-plex-sans-kr-99-600-normal-C-L_eISe.woff            4.03 kB
Operator app	Run npm run build	2026-09-24T15:09:11.3318966Z dist/assets/ibm-plex-sans-kr-65-500-normal-nL2tz1fq.woff2           4.05 kB
Operator app	Run npm run build	2026-09-24T15:09:11.3320056Z dist/assets/ibm-plex-sans-kr-65-600-normal-CuB_ApqX.woff2           4.12 kB
Operator app	Run npm run build	2026-09-24T15:09:11.3321131Z dist/assets/ibm-plex-sans-kr-96-600-normal-E6j9XpvP.woff            4.29 kB
Operator app	Run npm run build	2026-09-24T15:09:11.3322201Z dist/assets/ibm-plex-sans-kr-96-400-normal-m9r3xH18.woff            4.35 kB
Operator app	Run npm run build	2026-09-24T15:09:11.3323702Z dist/assets/ibm-plex-sans-kr-96-500-normal-DOFBEi4W.woff            4.36 kB
Operator app	Run npm run build	2026-09-24T15:09:11.3325216Z dist/assets/ibm-plex-sans-kr-96-600-normal-qnNrW3Df.woff2           4.60 kB
Operator app	Run npm run build	2026-09-24T15:09:11.3327073Z dist/assets/ibm-plex-sans-kr-96-400-normal-DqxPcneT.woff2           4.71 kB
Operator app	Run npm run build	2026-09-24T15:09:11.3328163Z dist/assets/ibm-plex-sans-kr-96-500-normal-BTbACruS.woff2           4.85 kB
Operator app	Run npm run build	2026-09-24T15:09:11.3329378Z dist/assets/ibm-plex-sans-kr-93-400-normal-5J6UR9CM.woff2           4.98 kB
Operator app	Run npm run build	2026-09-24T15:09:11.3330479Z dist/assets/ibm-plex-sans-kr-93-500-normal-CYfF4l4d.woff2           5.00 kB
Operator app	Run npm run build	2026-09-24T15:09:11.3331136Z dist/assets/ibm-plex-sans-kr-99-400-normal-COuj214s.woff2           5.04 kB
Operator app	Run npm run build	2026-09-24T15:09:11.3331768Z dist/assets/ibm-plex-sans-kr-99-500-normal-Dz27KSuo.woff2           5.11 kB
Operator app	Run npm run build	2026-09-24T15:09:11.3333156Z dist/assets/ibm-plex-sans-kr-93-600-normal-C3ObUrek.woff2           5.11 kB
Operator app	Run npm run build	2026-09-24T15:09:11.3334583Z dist/assets/ibm-plex-sans-kr-93-500-normal-Cdd0aOxJ.woff            5.15 kB
Operator app	Run npm run build	2026-09-24T15:09:11.3335687Z dist/assets/ibm-plex-sans-kr-93-400-normal-Cdi-IBra.woff            5.16 kB
Operator app	Run npm run build	2026-09-24T15:09:11.3337006Z dist/assets/ibm-plex-sans-kr-99-600-normal-j_ccRvHi.woff2           5.18 kB
Operator app	Run npm run build	2026-09-24T15:09:11.3338139Z dist/assets/ibm-plex-sans-kr-93-600-normal-4KzAAJzD.woff            5.28 kB
Operator app	Run npm run build	2026-09-24T15:09:11.3339331Z dist/assets/ibm-plex-sans-kr-101-600-normal-DOUVV8ig.woff           5.77 kB
Operator app	Run npm run build	2026-09-24T15:09:11.3340488Z dist/assets/ibm-plex-sans-kr-101-500-normal-Dt55yHJE.woff           5.79 kB
Operator app	Run npm run build	2026-09-24T15:09:11.3341624Z dist/assets/ibm-plex-sans-kr-0-400-normal-COdVePwF.woff2            5.84 kB
Operator app	Run npm run build	2026-09-24T15:09:11.3342721Z dist/assets/ibm-plex-sans-kr-0-500-normal-ZOw-Oe4Z.woff2            5.87 kB
Operator app	Run npm run build	2026-09-24T15:09:11.3344032Z dist/assets/ibm-plex-sans-kr-101-400-normal-DQN8MKOE.woff           5.87 kB
Operator app	Run npm run build	2026-09-24T15:09:11.3345135Z dist/assets/ibm-plex-sans-kr-98-400-normal-D-_zohjb.woff            5.96 kB
Operator app	Run npm run build	2026-09-24T15:09:11.3346225Z dist/assets/ibm-plex-sans-kr-100-600-normal-ZYmKSXu1.woff           5.97 kB
Operator app	Run npm run build	2026-09-24T15:09:11.3347317Z dist/assets/ibm-plex-sans-kr-0-600-normal-DuzcAQdo.woff2            5.98 kB
Operator app	Run npm run build	2026-09-24T15:09:11.3348415Z dist/assets/ibm-plex-sans-kr-98-500-normal-CtGPk__x.woff            5.98 kB
Operator app	Run npm run build	2026-09-24T15:09:11.3349497Z dist/assets/ibm-plex-sans-kr-98-600-normal-CizO16Ew.woff            6.01 kB
Operator app	Run npm run build	2026-09-24T15:09:11.3350502Z dist/assets/ibm-plex-sans-kr-100-500-normal-CYmhs-uc.woff           6.02 kB
Operator app	Run npm run build	2026-09-24T15:09:11.3351580Z dist/assets/ibm-plex-sans-kr-98-400-normal-CyxDRXqs.woff2           6.04 kB
Operator app	Run npm run build	2026-09-24T15:09:11.3352650Z dist/assets/ibm-plex-sans-kr-100-400-normal-BQdwTqgb.woff           6.07 kB
Operator app	Run npm run build	2026-09-24T15:09:11.3353919Z dist/assets/ibm-plex-sans-kr-0-500-normal-aGZllF0U.woff             6.16 kB
Operator app	Run npm run build	2026-09-24T15:09:11.3355014Z dist/assets/ibm-plex-sans-kr-0-400-normal-DEF_oZFa.woff             6.16 kB
Operator app	Run npm run build	2026-09-24T15:09:11.3356090Z dist/assets/ibm-plex-sans-kr-98-500-normal-PEz79xhx.woff2           6.17 kB
Operator app	Run npm run build	2026-09-24T15:09:11.3357291Z dist/assets/ibm-plex-sans-kr-0-600-normal-DLXpb0hq.woff             6.21 kB
Operator app	Run npm run build	2026-09-24T15:09:11.3358538Z dist/assets/ibm-plex-sans-kr-98-600-normal-D-SBD5Hk.woff2           6.22 kB
Operator app	Run npm run build	2026-09-24T15:09:11.3359620Z dist/assets/ibm-plex-sans-kr-97-400-normal-DOlHHts_.woff2           6.48 kB
Operator app	Run npm run build	2026-09-24T15:09:11.3360653Z dist/assets/ibm-plex-sans-kr-97-500-normal-C_F2h3q_.woff2           6.53 kB
Operator app	Run npm run build	2026-09-24T15:09:11.3361720Z dist/assets/ibm-plex-sans-kr-97-600-normal-CHxkMEAU.woff2           6.55 kB
Operator app	Run npm run build	2026-09-24T15:09:11.3362778Z dist/assets/ibm-plex-sans-kr-102-600-normal-BIIL4Btv.woff           6.69 kB
Operator app	Run npm run build	2026-09-24T15:09:11.3364068Z dist/assets/ibm-plex-sans-kr-102-500-normal-CW45f5lP.woff           6.73 kB
Operator app	Run npm run build	2026-09-24T15:09:11.3365135Z dist/assets/ibm-plex-sans-kr-97-400-normal-TWLDWHgL.woff            6.75 kB
Operator app	Run npm run build	2026-09-24T15:09:11.3367146Z dist/assets/ibm-plex-sans-kr-97-500-normal-BAgq0JpV.woff            6.77 kB
Operator app	Run npm run build	2026-09-24T15:09:11.3368258Z dist/assets/ibm-plex-sans-kr-97-600-normal-CXVo40nf.woff            6.78 kB
Operator app	Run npm run build	2026-09-24T15:09:11.3369362Z dist/assets/ibm-plex-sans-kr-102-400-normal-DHfan8x-.woff           6.81 kB
Operator app	Run npm run build	2026-09-24T15:09:11.3370551Z dist/assets/ibm-plex-sans-kr-104-500-normal-DA4R5HED.woff           7.06 kB
Operator app	Run npm run build	2026-09-24T15:09:11.3372183Z dist/assets/ibm-plex-sans-kr-104-600-normal-DbfrFOKo.woff           7.08 kB
Operator app	Run npm run build	2026-09-24T15:09:11.3373739Z dist/assets/ibm-plex-sans-kr-104-400-normal-kn3L8mkz.woff           7.09 kB
Operator app	Run npm run build	2026-09-24T15:09:11.3374902Z dist/assets/ibm-plex-sans-kr-103-600-normal-BKXxr4Vf.woff           7.30 kB
Operator app	Run npm run build	2026-09-24T15:09:11.3376048Z dist/assets/ibm-plex-sans-kr-103-500-normal-W1XFNDU3.woff           7.34 kB
Operator app	Run npm run build	2026-09-24T15:09:11.3377180Z dist/assets/ibm-plex-sans-kr-103-400-normal-BQNnzD7b.woff           7.48 kB
Operator app	Run npm run build	2026-09-24T15:09:11.3378316Z dist/assets/ibm-plex-sans-kr-105-600-normal-DU6215sy.woff           8.09 kB
Operator app	Run npm run build	2026-09-24T15:09:11.3379473Z dist/assets/ibm-plex-sans-kr-105-500-normal-DU0dswGg.woff           8.13 kB
Operator app	Run npm run build	2026-09-24T15:09:11.3380102Z dist/assets/ibm-plex-sans-kr-105-400-normal-D20hKn8x.woff           8.14 kB
Operator app	Run npm run build	2026-09-24T15:09:11.3380709Z dist/assets/ibm-plex-sans-kr-101-400-normal-CwhtzdGH.woff2          8.45 kB
Operator app	Run npm run build	2026-09-24T15:09:11.3381322Z dist/assets/ibm-plex-sans-kr-118-500-normal-CDUCZo4L.woff           8.48 kB
Operator app	Run npm run build	2026-09-24T15:09:11.3381943Z dist/assets/ibm-plex-sans-kr-118-400-normal-BvkVX0xm.woff           8.49 kB
Operator app	Run npm run build	2026-09-24T15:09:11.3382552Z dist/assets/ibm-plex-sans-kr-117-500-normal-CZylu9y6.woff           8.60 kB
Operator app	Run npm run build	2026-09-24T15:09:11.3383158Z dist/assets/ibm-plex-sans-kr-118-600-normal-BKNr8HaE.woff           8.61 kB
Operator app	Run npm run build	2026-09-24T15:09:11.3384113Z dist/assets/ibm-plex-sans-kr-106-600-normal-CIkK4pwL.woff           8.63 kB
Operator app	Run npm run build	2026-09-24T15:09:11.3384745Z dist/assets/ibm-plex-sans-kr-117-600-normal-BUVowAmE.woff           8.64 kB
Operator app	Run npm run build	2026-09-24T15:09:11.3385371Z dist/assets/ibm-plex-sans-kr-94-400-normal-CsJn1kPf.woff2           8.66 kB
Operator app	Run npm run build	2026-09-24T15:09:11.3385986Z dist/assets/ibm-plex-sans-kr-117-400-normal-CAkrqKEd.woff           8.67 kB
Operator app	Run npm run build	2026-09-24T15:09:11.3386584Z dist/assets/ibm-plex-sans-kr-106-500-normal-B9LKd6uR.woff           8.69 kB
Operator app	Run npm run build	2026-09-24T15:09:11.3387184Z dist/assets/ibm-plex-sans-kr-94-500-normal-DAIKdeR_.woff2           8.80 kB
Operator app	Run npm run build	2026-09-24T15:09:11.3387786Z dist/assets/ibm-plex-sans-kr-106-400-normal-DRimGseV.woff           8.81 kB
Operator app	Run npm run build	2026-09-24T15:09:11.3388376Z dist/assets/ibm-plex-sans-kr-94-600-normal-BqkCATJS.woff2           8.83 kB
Operator app	Run npm run build	2026-09-24T15:09:11.3388977Z dist/assets/ibm-plex-sans-kr-100-400-normal-3DeNbFry.woff2          8.89 kB
Operator app	Run npm run build	2026-09-24T15:09:11.3389580Z dist/assets/ibm-plex-sans-kr-101-600-normal-Cf7HWvBM.woff2          8.94 kB
Operator app	Run npm run build	2026-09-24T15:09:11.3390168Z dist/assets/ibm-plex-sans-kr-101-500-normal-D3ziJXl9.woff2          9.04 kB
Operator app	Run npm run build	2026-09-24T15:09:11.3390769Z dist/assets/ibm-plex-sans-kr-112-600-normal-lS3UdozO.woff           9.43 kB
Operator app	Run npm run build	2026-09-24T15:09:11.3391367Z dist/assets/ibm-plex-sans-kr-112-500-normal-CfQwtfnO.woff           9.48 kB
Operator app	Run npm run build	2026-09-24T15:09:11.3391965Z dist/assets/ibm-plex-sans-kr-115-500-normal-iyItw9QE.woff           9.52 kB
Operator app	Run npm run build	2026-09-24T15:09:11.3392566Z dist/assets/ibm-plex-sans-kr-116-500-normal-CLkvTRzN.woff           9.57 kB
Operator app	Run npm run build	2026-09-24T15:09:11.3393158Z dist/assets/ibm-plex-sans-kr-112-400-normal-B8TcbMdb.woff           9.60 kB
Operator app	Run npm run build	2026-09-24T15:09:11.3394405Z dist/assets/ibm-plex-sans-kr-116-600-normal-2NuQXMn5.woff           9.61 kB
Operator app	Run npm run build	2026-09-24T15:09:11.3395345Z dist/assets/ibm-plex-sans-kr-94-400-normal-CLS33fqM.woff            9.62 kB
Operator app	Run npm run build	2026-09-24T15:09:11.3395950Z dist/assets/ibm-plex-sans-kr-115-600-normal-c6nUiZEv.woff           9.62 kB
Operator app	Run npm run build	2026-09-24T15:09:11.3396552Z dist/assets/ibm-plex-sans-kr-115-400-normal-CM7tVCiU.woff           9.63 kB
Operator app	Run npm run build	2026-09-24T15:09:11.3397152Z dist/assets/ibm-plex-sans-kr-100-600-normal-CcI0wmDd.woff2          9.64 kB
Operator app	Run npm run build	2026-09-24T15:09:11.3397747Z dist/assets/ibm-plex-sans-kr-116-400-normal-BCjvaIwI.woff           9.66 kB
Operator app	Run npm run build	2026-09-24T15:09:11.3398337Z dist/assets/ibm-plex-sans-kr-102-400-normal-BC0mCFX2.woff2          9.67 kB
Operator app	Run npm run build	2026-09-24T15:09:11.3398950Z dist/assets/ibm-plex-sans-kr-107-600-normal-IB6GFZTf.woff           9.67 kB
Operator app	Run npm run build	2026-09-24T15:09:11.3399545Z dist/assets/ibm-plex-sans-kr-108-600-normal-C5FnASlc.woff           9.67 kB
Operator app	Run npm run build	2026-09-24T15:09:11.3400139Z dist/assets/ibm-plex-sans-kr-94-500-normal-sf6j_mxe.woff            9.72 kB
Operator app	Run npm run build	2026-09-24T15:09:11.3400963Z dist/assets/ibm-plex-sans-kr-107-500-normal-B8C6z9mf.woff           9.75 kB
Operator app	Run npm run build	2026-09-24T15:09:11.3401577Z dist/assets/ibm-plex-sans-kr-94-600-normal-DGs8D_d9.woff            9.76 kB
Operator app	Run npm run build	2026-09-24T15:09:11.3402184Z dist/assets/ibm-plex-sans-kr-108-500-normal-CAKLebRT.woff           9.78 kB
Operator app	Run npm run build	2026-09-24T15:09:11.3402785Z dist/assets/ibm-plex-sans-kr-38-600-normal-Dln3mVPi.woff            9.80 kB
Operator app	Run npm run build	2026-09-24T15:09:11.3403673Z dist/assets/ibm-plex-sans-kr-108-400-normal-D7nsD7Wm.woff           9.81 kB
Operator app	Run npm run build	2026-09-24T15:09:11.3404299Z dist/assets/ibm-plex-sans-kr-113-600-normal-C_RUWM8I.woff           9.82 kB
Operator app	Run npm run build	2026-09-24T15:09:11.3405390Z dist/assets/ibm-plex-sans-kr-107-400-normal-9_m442uC.woff           9.82 kB
Operator app	Run npm run build	2026-09-24T15:09:11.3406023Z dist/assets/ibm-plex-sans-kr-114-500-normal-DwbHpjAF.woff           9.83 kB
Operator app	Run npm run build	2026-09-24T15:09:11.3406635Z dist/assets/ibm-plex-sans-kr-114-600-normal-BKj6RBZ7.woff           9.88 kB
Operator app	Run npm run build	2026-09-24T15:09:11.3407229Z dist/assets/ibm-plex-sans-kr-113-400-normal-DlThbTsi.woff           9.88 kB
Operator app	Run npm run build	2026-09-24T15:09:11.3407834Z dist/assets/ibm-plex-sans-kr-113-500-normal-DYUtiDlk.woff           9.88 kB
Operator app	Run npm run build	2026-09-24T15:09:11.3408762Z dist/assets/ibm-plex-sans-kr-38-500-normal-DPBjbA25.woff            9.89 kB
Operator app	Run npm run build	2026-09-24T15:09:11.3409367Z dist/assets/ibm-plex-sans-kr-38-400-normal-B4UIE9Zj.woff            9.93 kB
Operator app	Run npm run build	2026-09-24T15:09:11.3409957Z dist/assets/ibm-plex-sans-kr-110-500-normal-BNbXS7l_.woff           9.94 kB
Operator app	Run npm run build	2026-09-24T15:09:11.3410541Z dist/assets/ibm-plex-sans-kr-110-600-normal-ReaqIn5m.woff           9.95 kB
Operator app	Run npm run build	2026-09-24T15:09:11.3411394Z dist/assets/ibm-plex-sans-kr-114-400-normal-5bMSGSar.woff           9.97 kB
Operator app	Run npm run build	2026-09-24T15:09:11.3412581Z dist/assets/ibm-plex-sans-kr-100-500-normal-DRrgX_RY.woff2          9.99 kB
Operator app	Run npm run build	2026-09-24T15:09:11.3413610Z dist/assets/ibm-plex-sans-kr-111-500-normal-yMGVhWWr.woff          10.03 kB
Operator app	Run npm run build	2026-09-24T15:09:11.3414650Z dist/assets/ibm-plex-sans-kr-41-400-normal-Ce6_8B6O.woff           10.03 kB
Operator app	Run npm run build	2026-09-24T15:09:11.3415270Z dist/assets/ibm-plex-sans-kr-11-500-normal-BuJhjvIH.woff           10.04 kB
Operator app	Run npm run build	2026-09-24T15:09:11.3415858Z dist/assets/ibm-plex-sans-kr-110-400-normal-D259vsJ_.woff          10.04 kB
Operator app	Run npm run build	2026-09-24T15:09:11.3416442Z dist/assets/ibm-plex-sans-kr-111-600-normal-2DkYfPPb.woff          10.04 kB
Operator app	Run npm run build	2026-09-24T15:09:11.3417202Z dist/assets/ibm-plex-sans-kr-41-500-normal-DiLp_0kR.woff           10.05 kB
Operator app	Run npm run build	2026-09-24T15:09:11.3418335Z dist/assets/ibm-plex-sans-kr-109-600-normal-CG9-PeCF.woff          10.08 kB
Operator app	Run npm run build	2026-09-24T15:09:11.3419437Z dist/assets/ibm-plex-sans-kr-109-500-normal-BnWOOl51.woff          10.13 kB
Operator app	Run npm run build	2026-09-24T15:09:11.3420516Z dist/assets/ibm-plex-sans-kr-111-400-normal-BqppHOeA.woff          10.14 kB
Operator app	Run npm run build	2026-09-24T15:09:11.3421607Z dist/assets/ibm-plex-sans-kr-109-400-normal-Ch-uxywT.woff          10.19 kB
Operator app	Run npm run build	2026-09-24T15:09:11.3422680Z dist/assets/ibm-plex-sans-kr-11-400-normal-CN_UQa3U.woff           10.20 kB
Operator app	Run npm run build	2026-09-24T15:09:11.3423958Z dist/assets/ibm-plex-sans-kr-104-400-normal-BrHR60F5.woff2         10.20 kB
Operator app	Run npm run build	2026-09-24T15:09:11.3425037Z dist/assets/ibm-plex-sans-kr-102-500-normal-BmX3x0t4.woff2         10.27 kB
Operator app	Run npm run build	2026-09-24T15:09:11.3426117Z dist/assets/ibm-plex-sans-kr-41-600-normal-Df3Wep6L.woff           10.28 kB
Operator app	Run npm run build	2026-09-24T15:09:11.3427235Z dist/assets/ibm-plex-sans-kr-102-600-normal-CN8RaHGd.woff2         10.28 kB
Operator app	Run npm run build	2026-09-24T15:09:11.3428332Z dist/assets/ibm-plex-sans-kr-11-600-normal-BUarw7E5.woff           10.28 kB
Operator app	Run npm run build	2026-09-24T15:09:11.3429432Z dist/assets/ibm-plex-sans-kr-64-500-normal-CdK6D4vh.woff           10.50 kB
Operator app	Run npm run build	2026-09-24T15:09:11.3430523Z dist/assets/ibm-plex-sans-kr-38-400-normal-CLr3K58D.woff2          10.53 kB
Operator app	Run npm run build	2026-09-24T15:09:11.3431609Z dist/assets/ibm-plex-sans-kr-64-400-normal-DhttFBeF.woff           10.53 kB
Operator app	Run npm run build	2026-09-24T15:09:11.3432707Z dist/assets/ibm-plex-sans-kr-11-400-normal-DY57wkwV.woff2          10.54 kB
Operator app	Run npm run build	2026-09-24T15:09:11.3434006Z dist/assets/ibm-plex-sans-kr-2-600-normal-BBWiOGe2.woff            10.56 kB
Operator app	Run npm run build	2026-09-24T15:09:11.3435095Z dist/assets/ibm-plex-sans-kr-2-500-normal-CSqMQxgI.woff            10.65 kB
Operator app	Run npm run build	2026-09-24T15:09:11.3436507Z dist/assets/ibm-plex-sans-kr-8-600-normal-BJjl00Le.woff            10.66 kB
Operator app	Run npm run build	2026-09-24T15:09:11.3437608Z dist/assets/ibm-plex-sans-kr-8-500-normal-BSA0Y_vv.woff            10.71 kB
Operator app	Run npm run build	2026-09-24T15:09:11.3438680Z dist/assets/ibm-plex-sans-kr-103-400-normal-CYHfi_5o.woff2         10.72 kB
Operator app	Run npm run build	2026-09-24T15:09:11.3439760Z dist/assets/ibm-plex-sans-kr-2-400-normal-ZCEqhetZ.woff            10.73 kB
Operator app	Run npm run build	2026-09-24T15:09:11.3440854Z dist/assets/ibm-plex-sans-kr-41-400-normal-THO3jy3s.woff2          10.73 kB
Operator app	Run npm run build	2026-09-24T15:09:11.3441938Z dist/assets/ibm-plex-sans-kr-11-600-normal-Ds-mjTNk.woff2          10.74 kB
Operator app	Run npm run build	2026-09-24T15:09:11.3443208Z dist/assets/ibm-plex-sans-kr-38-600-normal-Uy8tuoQH.woff2          10.78 kB
Operator app	Run npm run build	2026-09-24T15:09:11.3444510Z dist/assets/ibm-plex-sans-kr-8-400-normal-BmMhoS32.woff2           10.80 kB
Operator app	Run npm run build	2026-09-24T15:09:11.3445596Z dist/assets/ibm-plex-sans-kr-64-400-normal-BoOvEFVR.woff2          10.86 kB
Operator app	Run npm run build	2026-09-24T15:09:11.3446660Z dist/assets/ibm-plex-sans-kr-8-400-normal-Ci0W5IWz.woff            10.86 kB
Operator app	Run npm run build	2026-09-24T15:09:11.3447765Z dist/assets/ibm-plex-sans-kr-11-500-normal-dR3lXot0.woff2          10.92 kB
Operator app	Run npm run build	2026-09-24T15:09:11.3448848Z dist/assets/ibm-plex-sans-kr-38-500-normal-KdQq52D1.woff2          10.92 kB
Operator app	Run npm run build	2026-09-24T15:09:11.3449938Z dist/assets/ibm-plex-sans-kr-8-600-normal-B0rxBWNc.woff2           10.93 kB
Operator app	Run npm run build	2026-09-24T15:09:11.3451028Z dist/assets/ibm-plex-sans-kr-44-400-normal-BPQ_BGOm.woff           10.96 kB
Operator app	Run npm run build	2026-09-24T15:09:11.3452142Z dist/assets/ibm-plex-sans-kr-44-500-normal-CKASaSWW.woff           11.00 kB
Operator app	Run npm run build	2026-09-24T15:09:11.3453233Z dist/assets/ibm-plex-sans-kr-64-600-normal-DnHS-nmP.woff           11.02 kB
Operator app	Run npm run build	2026-09-24T15:09:11.3454537Z dist/assets/ibm-plex-sans-kr-48-500-normal-BFJwbsKF.woff           11.03 kB
Operator app	Run npm run build	2026-09-24T15:09:11.3455671Z dist/assets/ibm-plex-sans-kr-61-400-normal-Ci1tC2DE.woff           11.08 kB
Operator app	Run npm run build	2026-09-24T15:09:11.3456790Z dist/assets/ibm-plex-sans-kr-44-400-normal-BvoXxhh-.woff2          11.13 kB
Operator app	Run npm run build	2026-09-24T15:09:11.3457926Z dist/assets/ibm-plex-sans-kr-48-400-normal-5VJWa5C8.woff           11.14 kB
Operator app	Run npm run build	2026-09-24T15:09:11.3459049Z dist/assets/ibm-plex-sans-kr-104-500-normal-DHbM5qs4.woff2         11.15 kB
Operator app	Run npm run build	2026-09-24T15:09:11.3460197Z dist/assets/ibm-plex-sans-kr-10-500-normal-4KY48fu0.woff           11.17 kB
Operator app	Run npm run build	2026-09-24T15:09:11.3461431Z dist/assets/ibm-plex-sans-kr-2-400-normal-CnxhIj-f.woff2           11.17 kB
Operator app	Run npm run build	2026-09-24T15:09:11.3462696Z dist/assets/ibm-plex-sans-kr-51-500-normal-kawlUwcv.woff           11.17 kB
Operator app	Run npm run build	2026-09-24T15:09:11.3464070Z dist/assets/ibm-plex-sans-kr-58-400-normal-i71EDyfV.woff2          11.17 kB
Operator app	Run npm run build	2026-09-24T15:09:11.3465886Z dist/assets/ibm-plex-sans-kr-51-600-normal-DCKOx3do.woff           11.18 kB
Operator app	Run npm run build	2026-09-24T15:09:11.3467101Z dist/assets/ibm-plex-sans-kr-48-600-normal-DAbbVYEi.woff           11.19 kB
Operator app	Run npm run build	2026-09-24T15:09:11.3468237Z dist/assets/ibm-plex-sans-kr-58-400-normal-DqIzdKrV.woff           11.20 kB
Operator app	Run npm run build	2026-09-24T15:09:11.3469426Z dist/assets/ibm-plex-sans-kr-104-600-normal-DHHBh9NH.woff2         11.24 kB
Operator app	Run npm run build	2026-09-24T15:09:11.3470613Z dist/assets/ibm-plex-sans-kr-58-500-normal-D5AnMdIq.woff           11.27 kB
Operator app	Run npm run build	2026-09-24T15:09:11.3471788Z dist/assets/ibm-plex-sans-kr-61-500-normal-BWi6Ha-w.woff           11.27 kB
Operator app	Run npm run build	2026-09-24T15:09:11.3473123Z dist/assets/ibm-plex-sans-kr-8-500-normal-UU4QCA8B.woff2           11.27 kB
Operator app	Run npm run build	2026-09-24T15:09:11.3474498Z dist/assets/ibm-plex-sans-kr-10-600-normal-DIq7Gv9V.woff           11.28 kB
Operator app	Run npm run build	2026-09-24T15:09:11.3475699Z dist/assets/ibm-plex-sans-kr-48-400-normal-CBCdCJJN.woff2          11.30 kB
Operator app	Run npm run build	2026-09-24T15:09:11.3476881Z dist/assets/ibm-plex-sans-kr-61-600-normal-BZxjTCO5.woff           11.30 kB
Operator app	Run npm run build	2026-09-24T15:09:11.3478084Z dist/assets/ibm-plex-sans-kr-10-400-normal-BOnpTeYv.woff2          11.31 kB
Operator app	Run npm run build	2026-09-24T15:09:11.3479291Z dist/assets/ibm-plex-sans-kr-44-600-normal-B1vhjtxY.woff           11.31 kB
Operator app	Run npm run build	2026-09-24T15:09:11.3480487Z dist/assets/ibm-plex-sans-kr-58-600-normal-Bpgq8MX2.woff           11.32 kB
Operator app	Run npm run build	2026-09-24T15:09:11.3481676Z dist/assets/ibm-plex-sans-kr-10-400-normal-CRn7_mZz.woff           11.33 kB
Operator app	Run npm run build	2026-09-24T15:09:11.3483101Z dist/assets/ibm-plex-sans-kr-51-400-normal-Nb_ATV55.woff           11.33 kB
Operator app	Run npm run build	2026-09-24T15:09:11.3484469Z dist/assets/ibm-plex-sans-kr-51-400-normal-CI8zKOiq.woff2          11.41 kB
Operator app	Run npm run build	2026-09-24T15:09:11.3485644Z dist/assets/ibm-plex-sans-kr-103-600-normal-8oNp3a_g.woff2         11.43 kB
Operator app	Run npm run build	2026-09-24T15:09:11.3486831Z dist/assets/ibm-plex-sans-kr-41-500-normal-CoKUeK1m.woff2          11.43 kB
Operator app	Run npm run build	2026-09-24T15:09:11.3487945Z dist/assets/ibm-plex-sans-kr-41-600-normal-Ck2K5Ulf.woff2          11.46 kB
Operator app	Run npm run build	2026-09-24T15:09:11.3489122Z dist/assets/ibm-plex-sans-kr-53-400-normal-uFBOSatZ.woff2          11.52 kB
Operator app	Run npm run build	2026-09-24T15:09:11.3490641Z dist/assets/ibm-plex-sans-kr-51-600-normal-D1q9iZG9.woff2          11.54 kB
Operator app	Run npm run build	2026-09-24T15:09:11.3492124Z dist/assets/ibm-plex-sans-kr-45-600-normal-D74kcLg1.woff           11.56 kB
Operator app	Run npm run build	2026-09-24T15:09:11.3493567Z dist/assets/ibm-plex-sans-kr-55-400-normal-DACpgdpL.woff           11.57 kB
Operator app	Run npm run build	2026-09-24T15:09:11.3494769Z dist/assets/ibm-plex-sans-kr-10-500-normal-ycH3xAAg.woff2          11.60 kB
Operator app	Run npm run build	2026-09-24T15:09:11.3496000Z dist/assets/ibm-plex-sans-kr-58-600-normal-Bqgrv0lo.woff2          11.60 kB
Operator app	Run npm run build	2026-09-24T15:09:11.3497314Z dist/assets/ibm-plex-sans-kr-103-500-normal-2RWRnHUp.woff2         11.62 kB
Operator app	Run npm run build	2026-09-24T15:09:11.3498632Z dist/assets/ibm-plex-sans-kr-45-400-normal-BN1x-JCl.woff           11.63 kB
Operator app	Run npm run build	2026-09-24T15:09:11.3499944Z dist/assets/ibm-plex-sans-kr-45-500-normal-CSR2L3Yg.woff           11.63 kB
Operator app	Run npm run build	2026-09-24T15:09:11.3501153Z dist/assets/ibm-plex-sans-kr-64-500-normal-CgK0jDrR.woff2          11.64 kB
Operator app	Run npm run build	2026-09-24T15:09:11.3502350Z dist/assets/ibm-plex-sans-kr-55-600-normal-CNKcN-Ig.woff           11.65 kB
Operator app	Run npm run build	2026-09-24T15:09:11.3503739Z dist/assets/ibm-plex-sans-kr-55-500-normal-Bk4ZO-Yx.woff           11.66 kB
Operator app	Run npm run build	2026-09-24T15:09:11.3504927Z dist/assets/ibm-plex-sans-kr-48-600-normal-QEQJ2vNg.woff2          11.68 kB
Operator app	Run npm run build	2026-09-24T15:09:11.3506090Z dist/assets/ibm-plex-sans-kr-119-400-normal-BVAYXEqw.woff          11.68 kB
Operator app	Run npm run build	2026-09-24T15:09:11.3507280Z dist/assets/ibm-plex-sans-kr-50-400-normal-wVEmJJbn.woff2          11.68 kB
Operator app	Run npm run build	2026-09-24T15:09:11.3508462Z dist/assets/ibm-plex-sans-kr-105-400-normal-BY6JiZG_.woff2         11.71 kB
Operator app	Run npm run build	2026-09-24T15:09:11.3509628Z dist/assets/ibm-plex-sans-kr-25-400-normal-CSCHltyB.woff           11.71 kB
Operator app	Run npm run build	2026-09-24T15:09:11.3510803Z dist/assets/ibm-plex-sans-kr-45-400-normal-DMKz6H_F.woff2          11.72 kB
Operator app	Run npm run build	2026-09-24T15:09:11.3511969Z dist/assets/ibm-plex-sans-kr-51-500-normal-B3Qlfb5-.woff2          11.72 kB
Operator app	Run npm run build	2026-09-24T15:09:11.3513164Z dist/assets/ibm-plex-sans-kr-44-500-normal-CnrBiW8T.woff2          11.75 kB
Operator app	Run npm run build	2026-09-24T15:09:11.3514508Z dist/assets/ibm-plex-sans-kr-2-500-normal-CCn-pwD2.woff2           11.75 kB
Operator app	Run npm run build	2026-09-24T15:09:11.3515775Z dist/assets/ibm-plex-sans-kr-61-400-normal-DnyFjM_B.woff2          11.76 kB
Operator app	Run npm run build	2026-09-24T15:09:11.3516961Z dist/assets/ibm-plex-sans-kr-25-500-normal-DAuTWcSe.woff           11.78 kB
Operator app	Run npm run build	2026-09-24T15:09:11.3518147Z dist/assets/ibm-plex-sans-kr-25-600-normal-ClJ2q6nT.woff           11.79 kB
Operator app	Run npm run build	2026-09-24T15:09:11.3519363Z dist/assets/ibm-plex-sans-kr-47-500-normal-BWfN8bqy.woff           11.79 kB
Operator app	Run npm run build	2026-09-24T15:09:11.3520668Z dist/assets/ibm-plex-sans-kr-53-600-normal-3e73VLox.woff2          11.81 kB
Operator app	Run npm run build	2026-09-24T15:09:11.3521780Z dist/assets/ibm-plex-sans-kr-18-400-normal-Bs1zlN0G.woff2          11.81 kB
Operator app	Run npm run build	2026-09-24T15:09:11.3522914Z dist/assets/ibm-plex-sans-kr-54-400-normal-DShvO3nx.woff           11.82 kB
Operator app	Run npm run build	2026-09-24T15:09:11.3524204Z dist/assets/ibm-plex-sans-kr-44-600-normal-B1scqjS5.woff2          11.82 kB
Operator app	Run npm run build	2026-09-24T15:09:11.3525285Z dist/assets/ibm-plex-sans-kr-54-600-normal-HSAnxCQg.woff           11.83 kB
Operator app	Run npm run build	2026-09-24T15:09:11.3526459Z dist/assets/ibm-plex-sans-kr-58-500-normal-BFNTZIBF.woff2          11.85 kB
Operator app	Run npm run build	2026-09-24T15:09:11.3527761Z dist/assets/ibm-plex-sans-kr-54-500-normal-DjX9ImWQ.woff           11.86 kB
Operator app	Run npm run build	2026-09-24T15:09:11.3528979Z dist/assets/ibm-plex-sans-kr-50-400-normal-DSyr09Pi.woff           11.86 kB
Operator app	Run npm run build	2026-09-24T15:09:11.3530058Z dist/assets/ibm-plex-sans-kr-48-500-normal-B2EKWItw.woff2          11.87 kB
Operator app	Run npm run build	2026-09-24T15:09:11.3531353Z dist/assets/ibm-plex-sans-kr-15-400-normal-CBiEIaz5.woff2          11.88 kB
Operator app	Run npm run build	2026-09-24T15:09:11.3532430Z dist/assets/ibm-plex-sans-kr-18-500-normal-CNuq5r-l.woff           11.88 kB
Operator app	Run npm run build	2026-09-24T15:09:11.3533691Z dist/assets/ibm-plex-sans-kr-47-600-normal-CxMB4f1K.woff           11.88 kB
Operator app	Run npm run build	2026-09-24T15:09:11.3534780Z dist/assets/ibm-plex-sans-kr-40-500-normal-BuazCxCP.woff           11.90 kB
Operator app	Run npm run build	2026-09-24T15:09:11.3535865Z dist/assets/ibm-plex-sans-kr-55-400-normal-BIBVbLNo.woff2          11.90 kB
Operator app	Run npm run build	2026-09-24T15:09:11.3537019Z dist/assets/ibm-plex-sans-kr-36-400-normal-BT6SwwtR.woff2          11.91 kB
Operator app	Run npm run build	2026-09-24T15:09:11.3538271Z dist/assets/ibm-plex-sans-kr-56-400-normal-D6a133Nk.woff           11.91 kB
Operator app	Run npm run build	2026-09-24T15:09:11.3539331Z dist/assets/ibm-plex-sans-kr-56-400-normal-E_0UP4jm.woff2          11.93 kB
Operator app	Run npm run build	2026-09-24T15:09:11.3540391Z dist/assets/ibm-plex-sans-kr-118-400-normal-CPvF_U24.woff2         11.93 kB
Operator app	Run npm run build	2026-09-24T15:09:11.3541505Z dist/assets/ibm-plex-sans-kr-6-400-normal-CTPxjOYB.woff2           11.93 kB
Operator app	Run npm run build	2026-09-24T15:09:11.3542635Z dist/assets/ibm-plex-sans-kr-47-400-normal-BHD-6hCF.woff           11.94 kB
Operator app	Run npm run build	2026-09-24T15:09:11.3544198Z dist/assets/ibm-plex-sans-kr-50-500-normal-Bxw81ACJ.woff           11.97 kB
Operator app	Run npm run build	2026-09-24T15:09:11.3545270Z dist/assets/ibm-plex-sans-kr-53-500-normal-Cf9lqm0Z.woff           11.97 kB
Operator app	Run npm run build	2026-09-24T15:09:11.3546335Z dist/assets/ibm-plex-sans-kr-56-500-normal-BxiWtQ63.woff           11.98 kB
Operator app	Run npm run build	2026-09-24T15:09:11.3547392Z dist/assets/ibm-plex-sans-kr-53-400-normal-BPlmQmyN.woff           12.00 kB
Operator app	Run npm run build	2026-09-24T15:09:11.3548467Z dist/assets/ibm-plex-sans-kr-15-400-normal-D-mZ9inR.woff           12.00 kB
Operator app	Run npm run build	2026-09-24T15:09:11.3549531Z dist/assets/ibm-plex-sans-kr-18-600-normal-C0tjZHt0.woff           12.00 kB
Operator app	Run npm run build	2026-09-24T15:09:11.3550593Z dist/assets/ibm-plex-sans-kr-53-600-normal-CHFWjDbo.woff           12.00 kB
Operator app	Run npm run build	2026-09-24T15:09:11.3551640Z dist/assets/ibm-plex-sans-kr-6-400-normal-AY_mybA2.woff            12.02 kB
Operator app	Run npm run build	2026-09-24T15:09:11.3552683Z dist/assets/ibm-plex-sans-kr-40-600-normal-D79iYZbh.woff           12.02 kB
Operator app	Run npm run build	2026-09-24T15:09:11.3554113Z dist/assets/ibm-plex-sans-kr-64-600-normal-DdDi5wpQ.woff2          12.03 kB
Operator app	Run npm run build	2026-09-24T15:09:11.3555221Z dist/assets/ibm-plex-sans-kr-46-400-normal-K8yMYku4.woff           12.04 kB
Operator app	Run npm run build	2026-09-24T15:09:11.3556308Z dist/assets/ibm-plex-sans-kr-18-400-normal-BTtbRNyU.woff           12.04 kB
Operator app	Run npm run build	2026-09-24T15:09:11.3557352Z dist/assets/ibm-plex-sans-kr-50-600-normal-DwlyYo3O.woff           12.04 kB
Operator app	Run npm run build	2026-09-24T15:09:11.3558441Z dist/assets/ibm-plex-sans-kr-40-400-normal-BJCaISym.woff           12.05 kB
Operator app	Run npm run build	2026-09-24T15:09:11.3559506Z dist/assets/ibm-plex-sans-kr-46-600-normal-Yu7W5Ur_.woff           12.06 kB
Operator app	Run npm run build	2026-09-24T15:09:11.3560574Z dist/assets/ibm-plex-sans-kr-47-400-normal-DapCxPvn.woff2          12.06 kB
Operator app	Run npm run build	2026-09-24T15:09:11.3561595Z dist/assets/ibm-plex-sans-kr-6-600-normal-oGadQOpD.woff            12.06 kB
Operator app	Run npm run build	2026-09-24T15:09:11.3562590Z dist/assets/ibm-plex-sans-kr-46-500-normal-7ktFSJad.woff           12.07 kB
Operator app	Run npm run build	2026-09-24T15:09:11.3563846Z dist/assets/ibm-plex-sans-kr-15-600-normal-Dl-orC8M.woff           12.08 kB
Operator app	Run npm run build	2026-09-24T15:09:11.3564936Z dist/assets/ibm-plex-sans-kr-53-500-normal-CTkqgr8Q.woff2          12.08 kB
Operator app	Run npm run build	2026-09-24T15:09:11.3566019Z dist/assets/ibm-plex-sans-kr-2-600-normal-i3phtpOA.woff2           12.09 kB
Operator app	Run npm run build	2026-09-24T15:09:11.3567090Z dist/assets/ibm-plex-sans-kr-54-400-normal-B_JBM8HP.woff2          12.09 kB
Operator app	Run npm run build	2026-09-24T15:09:11.3568177Z dist/assets/ibm-plex-sans-kr-61-500-normal-BHfyY8C5.woff2          12.09 kB
Operator app	Run npm run build	2026-09-24T15:09:11.3569261Z dist/assets/ibm-plex-sans-kr-10-600-normal-BAjKvcG-.woff2          12.12 kB
Operator app	Run npm run build	2026-09-24T15:09:11.3570338Z dist/assets/ibm-plex-sans-kr-15-500-normal-BJiRyHxF.woff           12.13 kB
Operator app	Run npm run build	2026-09-24T15:09:11.3571434Z dist/assets/ibm-plex-sans-kr-50-600-normal-CNwgbPME.woff2          12.13 kB
Operator app	Run npm run build	2026-09-24T15:09:11.3572517Z dist/assets/ibm-plex-sans-kr-56-600-normal-hzikha37.woff           12.13 kB
Operator app	Run npm run build	2026-09-24T15:09:11.3573807Z dist/assets/ibm-plex-sans-kr-57-600-normal-BR6Du0PQ.woff           12.14 kB
Operator app	Run npm run build	2026-09-24T15:09:11.3575447Z dist/assets/ibm-plex-sans-kr-6-500-normal-Dke2b5Bz.woff            12.15 kB
Operator app	Run npm run build	2026-09-24T15:09:11.3576549Z dist/assets/ibm-plex-sans-kr-36-500-normal-B1iFWDLF.woff2          12.17 kB
Operator app	Run npm run build	2026-09-24T15:09:11.3577639Z dist/assets/ibm-plex-sans-kr-57-500-normal-BtBoxULz.woff           12.17 kB
Operator app	Run npm run build	2026-09-24T15:09:11.3578724Z dist/assets/ibm-plex-sans-kr-5-600-normal-vSSmYEgt.woff            12.18 kB
Operator app	Run npm run build	2026-09-24T15:09:11.3579801Z dist/assets/ibm-plex-sans-kr-52-500-normal-CBaFAE5p.woff           12.18 kB
Operator app	Run npm run build	2026-09-24T15:09:11.3580879Z dist/assets/ibm-plex-sans-kr-57-400-normal-CBQftTJt.woff           12.18 kB
Operator app	Run npm run build	2026-09-24T15:09:11.3582123Z dist/assets/ibm-plex-sans-kr-52-400-normal-DgbfUacv.woff           12.20 kB
Operator app	Run npm run build	2026-09-24T15:09:11.3583172Z dist/assets/ibm-plex-sans-kr-25-400-normal-C5hUXC4y.woff2          12.20 kB
Operator app	Run npm run build	2026-09-24T15:09:11.3584513Z dist/assets/ibm-plex-sans-kr-18-500-normal-BWeF5dyd.woff2          12.24 kB
Operator app	Run npm run build	2026-09-24T15:09:11.3585570Z dist/assets/ibm-plex-sans-kr-36-600-normal-kFFPHZH9.woff2          12.24 kB
Operator app	Run npm run build	2026-09-24T15:09:11.3586616Z dist/assets/ibm-plex-sans-kr-61-600-normal-ChG7s6jj.woff2          12.24 kB
Operator app	Run npm run build	2026-09-24T15:09:11.3587689Z dist/assets/ibm-plex-sans-kr-50-500-normal-B90Dmlwo.woff2          12.25 kB
Operator app	Run npm run build	2026-09-24T15:09:11.3588740Z dist/assets/ibm-plex-sans-kr-28-500-normal-BspvdxR3.woff           12.27 kB
Operator app	Run npm run build	2026-09-24T15:09:11.3589806Z dist/assets/ibm-plex-sans-kr-28-400-normal-DNnelfuN.woff           12.29 kB
Operator app	Run npm run build	2026-09-24T15:09:11.3590879Z dist/assets/ibm-plex-sans-kr-42-600-normal-BIw3yp_o.woff           12.29 kB
Operator app	Run npm run build	2026-09-24T15:09:11.3591932Z dist/assets/ibm-plex-sans-kr-43-500-normal-B_MM_0i3.woff           12.29 kB
Operator app	Run npm run build	2026-09-24T15:09:11.3592982Z dist/assets/ibm-plex-sans-kr-5-500-normal-L-1Rm88n.woff            12.30 kB
Operator app	Run npm run build	2026-09-24T15:09:11.3594261Z dist/assets/ibm-plex-sans-kr-42-500-normal-Y6rzavLQ.woff           12.30 kB
Operator app	Run npm run build	2026-09-24T15:09:11.3595330Z dist/assets/ibm-plex-sans-kr-52-600-normal-DpEHO2lx.woff           12.31 kB
Operator app	Run npm run build	2026-09-24T15:09:11.3596416Z dist/assets/ibm-plex-sans-kr-47-500-normal-CJrfuNV6.woff2          12.32 kB
Operator app	Run npm run build	2026-09-24T15:09:11.3597483Z dist/assets/ibm-plex-sans-kr-43-400-normal-rklqUmDh.woff           12.33 kB
Operator app	Run npm run build	2026-09-24T15:09:11.3598539Z dist/assets/ibm-plex-sans-kr-42-400-normal-mWRC9cE4.woff           12.36 kB
Operator app	Run npm run build	2026-09-24T15:09:11.3599730Z dist/assets/ibm-plex-sans-kr-43-600-normal-Dl6BB-Lj.woff           12.36 kB
Operator app	Run npm run build	2026-09-24T15:09:11.3600929Z dist/assets/ibm-plex-sans-kr-12-400-normal-AF35YmmH.woff2          12.37 kB
Operator app	Run npm run build	2026-09-24T15:09:11.3602018Z dist/assets/ibm-plex-sans-kr-37-400-normal-BiWBJPQ7.woff2          12.40 kB
Operator app	Run npm run build	2026-09-24T15:09:11.3603155Z dist/assets/ibm-plex-sans-kr-5-400-normal-BBWPbJ8R.woff2           12.40 kB
Operator app	Run npm run build	2026-09-24T15:09:11.3604482Z dist/assets/ibm-plex-sans-kr-5-400-normal-B1Nb7Dqt.woff            12.42 kB
Operator app	Run npm run build	2026-09-24T15:09:11.3605614Z dist/assets/ibm-plex-sans-kr-55-600-normal-ByArDHHI.woff2          12.42 kB
Operator app	Run npm run build	2026-09-24T15:09:11.3606712Z dist/assets/ibm-plex-sans-kr-56-600-normal-DScuu4Uu.woff2          12.42 kB
Operator app	Run npm run build	2026-09-24T15:09:11.3607809Z dist/assets/ibm-plex-sans-kr-31-600-normal-DWFfqfVJ.woff2          12.43 kB
Operator app	Run npm run build	2026-09-24T15:09:11.3608887Z dist/assets/ibm-plex-sans-kr-54-600-normal-CIir-_6C.woff2          12.43 kB
Operator app	Run npm run build	2026-09-24T15:09:11.3609966Z dist/assets/ibm-plex-sans-kr-63-500-normal-EwyND2AG.woff           12.43 kB
Operator app	Run npm run build	2026-09-24T15:09:11.3611043Z dist/assets/ibm-plex-sans-kr-35-600-normal-M066d6gr.woff           12.44 kB
Operator app	Run npm run build	2026-09-24T15:09:11.3612126Z dist/assets/ibm-plex-sans-kr-49-400-normal-BENNdZwd.woff2          12.44 kB
Operator app	Run npm run build	2026-09-24T15:09:11.3613217Z dist/assets/ibm-plex-sans-kr-46-400-normal-Z0YZvJMA.woff2          12.45 kB
Operator app	Run npm run build	2026-09-24T15:09:11.3614491Z dist/assets/ibm-plex-sans-kr-6-600-normal-CdfPYwdk.woff2           12.45 kB
Operator app	Run npm run build	2026-09-24T15:09:11.3615579Z dist/assets/ibm-plex-sans-kr-31-500-normal-nX_pe9VE.woff2          12.46 kB
Operator app	Run npm run build	2026-09-24T15:09:11.3616657Z dist/assets/ibm-plex-sans-kr-37-500-normal-B-MNJEe6.woff2          12.46 kB
Operator app	Run npm run build	2026-09-24T15:09:11.3617735Z dist/assets/ibm-plex-sans-kr-57-400-normal-F8LL-J5_.woff2          12.46 kB
Operator app	Run npm run build	2026-09-24T15:09:11.3619022Z dist/assets/ibm-plex-sans-kr-31-400-normal-DhPplA2S.woff2          12.48 kB
Operator app	Run npm run build	2026-09-24T15:09:11.3620111Z dist/assets/ibm-plex-sans-kr-7-400-normal-CDkAi-IU.woff2           12.48 kB
Operator app	Run npm run build	2026-09-24T15:09:11.3621188Z dist/assets/ibm-plex-sans-kr-47-600-normal-tmv6xC_z.woff2          12.48 kB
Operator app	Run npm run build	2026-09-24T15:09:11.3622267Z dist/assets/ibm-plex-sans-kr-6-500-normal-UElWVruj.woff2           12.48 kB
Operator app	Run npm run build	2026-09-24T15:09:11.3623620Z dist/assets/ibm-plex-sans-kr-34-400-normal-BFI-kcuc.woff           12.49 kB
Operator app	Run npm run build	2026-09-24T15:09:11.3624729Z dist/assets/ibm-plex-sans-kr-28-600-normal-BeDPvyp8.woff           12.51 kB
Operator app	Run npm run build	2026-09-24T15:09:11.3626050Z dist/assets/ibm-plex-sans-kr-9-500-normal-C6DRVnCw.woff            12.51 kB
Operator app	Run npm run build	2026-09-24T15:09:11.3627137Z dist/assets/ibm-plex-sans-kr-15-500-normal-BWepl2fS.woff2          12.52 kB
Operator app	Run npm run build	2026-09-24T15:09:11.3628222Z dist/assets/ibm-plex-sans-kr-37-600-normal-Cvgtdz7H.woff           12.52 kB
Operator app	Run npm run build	2026-09-24T15:09:11.3629314Z dist/assets/ibm-plex-sans-kr-45-600-normal-DNXvxDIf.woff2          12.52 kB
Operator app	Run npm run build	2026-09-24T15:09:11.3630417Z dist/assets/ibm-plex-sans-kr-9-400-normal-CeBwsqAD.woff            12.52 kB
Operator app	Run npm run build	2026-09-24T15:09:11.3631506Z dist/assets/ibm-plex-sans-kr-39-600-normal-DHmemGdc.woff           12.54 kB
Operator app	Run npm run build	2026-09-24T15:09:11.3632587Z dist/assets/ibm-plex-sans-kr-63-400-normal-Bi-DePsy.woff           12.54 kB
Operator app	Run npm run build	2026-09-24T15:09:11.3634024Z dist/assets/ibm-plex-sans-kr-9-600-normal-DWoOSbq5.woff            12.54 kB
Operator app	Run npm run build	2026-09-24T15:09:11.3635109Z dist/assets/ibm-plex-sans-kr-45-500-normal-uti_Zlfe.woff2          12.55 kB
Operator app	Run npm run build	2026-09-24T15:09:11.3636183Z dist/assets/ibm-plex-sans-kr-36-400-normal-Cd-eoA5H.woff           12.56 kB
Operator app	Run npm run build	2026-09-24T15:09:11.3637336Z dist/assets/ibm-plex-sans-kr-39-400-normal-WTG9_11D.woff           12.56 kB
Operator app	Run npm run build	2026-09-24T15:09:11.3638409Z dist/assets/ibm-plex-sans-kr-34-600-normal-Dkhx4lxu.woff           12.56 kB
Operator app	Run npm run build	2026-09-24T15:09:11.3639491Z dist/assets/ibm-plex-sans-kr-35-400-normal-D8XpW-jV.woff           12.56 kB
Operator app	Run npm run build	2026-09-24T15:09:11.3640586Z dist/assets/ibm-plex-sans-kr-49-400-normal-DrUErJVA.woff           12.56 kB
Operator app	Run npm run build	2026-09-24T15:09:11.3641674Z dist/assets/ibm-plex-sans-kr-63-600-normal-DXp5U46T.woff           12.56 kB
Operator app	Run npm run build	2026-09-24T15:09:11.3642758Z dist/assets/ibm-plex-sans-kr-35-400-normal-CHpiv9C7.woff2          12.57 kB
Operator app	Run npm run build	2026-09-24T15:09:11.3644018Z dist/assets/ibm-plex-sans-kr-37-400-normal-Bj7jp-Iz.woff           12.57 kB
Operator app	Run npm run build	2026-09-24T15:09:11.3645116Z dist/assets/ibm-plex-sans-kr-34-500-normal-CFjeJ1tN.woff           12.58 kB
Operator app	Run npm run build	2026-09-24T15:09:11.3646202Z dist/assets/ibm-plex-sans-kr-7-500-normal-DHoZsm8z.woff            12.58 kB
Operator app	Run npm run build	2026-09-24T15:09:11.3647296Z dist/assets/ibm-plex-sans-kr-56-500-normal-CpmKpo0e.woff2          12.58 kB
Operator app	Run npm run build	2026-09-24T15:09:11.3648395Z dist/assets/ibm-plex-sans-kr-23-400-normal-CUhld-kf.woff2          12.58 kB
Operator app	Run npm run build	2026-09-24T15:09:11.3649479Z dist/assets/ibm-plex-sans-kr-37-500-normal-B6-fjph3.woff           12.60 kB
Operator app	Run npm run build	2026-09-24T15:09:11.3650573Z dist/assets/ibm-plex-sans-kr-37-600-normal-CnPg-4RZ.woff2          12.60 kB
Operator app	Run npm run build	2026-09-24T15:09:11.3651681Z dist/assets/ibm-plex-sans-kr-28-400-normal-Bwghrgjh.woff2          12.62 kB
Operator app	Run npm run build	2026-09-24T15:09:11.3652795Z dist/assets/ibm-plex-sans-kr-106-400-normal-CKM4EqLH.woff2         12.62 kB
Operator app	Run npm run build	2026-09-24T15:09:11.3654077Z dist/assets/ibm-plex-sans-kr-35-500-normal-DxaJNFWV.woff           12.63 kB
Operator app	Run npm run build	2026-09-24T15:09:11.3655175Z dist/assets/ibm-plex-sans-kr-39-500-normal-C8uyz1B3.woff           12.63 kB
Operator app	Run npm run build	2026-09-24T15:09:11.3656263Z dist/assets/ibm-plex-sans-kr-12-500-normal-CRJzzWQI.woff2          12.64 kB
Operator app	Run npm run build	2026-09-24T15:09:11.3657360Z dist/assets/ibm-plex-sans-kr-18-600-normal-3CkcYQgr.woff2          12.64 kB
Operator app	Run npm run build	2026-09-24T15:09:11.3658446Z dist/assets/ibm-plex-sans-kr-52-400-normal-Dqrwgacb.woff2          12.64 kB
Operator app	Run npm run build	2026-09-24T15:09:11.3659541Z dist/assets/ibm-plex-sans-kr-54-500-normal-B5hzExpm.woff2          12.65 kB
Operator app	Run npm run build	2026-09-24T15:09:11.3660635Z dist/assets/ibm-plex-sans-kr-12-400-normal-J5xWG5gS.woff           12.65 kB
Operator app	Run npm run build	2026-09-24T15:09:11.3661718Z dist/assets/ibm-plex-sans-kr-12-500-normal-CZNo5Xam.woff           12.65 kB
Operator app	Run npm run build	2026-09-24T15:09:11.3662985Z dist/assets/ibm-plex-sans-kr-55-500-normal-Bd7gnpgG.woff2          12.66 kB
Operator app	Run npm run build	2026-09-24T15:09:11.3664254Z dist/assets/ibm-plex-sans-kr-49-600-normal-DHvPm2NF.woff           12.67 kB
Operator app	Run npm run build	2026-09-24T15:09:11.3665350Z dist/assets/ibm-plex-sans-kr-118-600-normal-SYUuQfwq.woff2         12.68 kB
Operator app	Run npm run build	2026-09-24T15:09:11.3666436Z dist/assets/ibm-plex-sans-kr-7-600-normal-CeGVp1rD.woff            12.69 kB
Operator app	Run npm run build	2026-09-24T15:09:11.3667528Z dist/assets/ibm-plex-sans-kr-12-600-normal-Cdi7mG90.woff           12.70 kB
Operator app	Run npm run build	2026-09-24T15:09:11.3668603Z dist/assets/ibm-plex-sans-kr-7-400-normal-VZ_YUdPy.woff            12.71 kB
Operator app	Run npm run build	2026-09-24T15:09:11.3669849Z dist/assets/ibm-plex-sans-kr-36-600-normal-DsGroCqE.woff           12.72 kB
Operator app	Run npm run build	2026-09-24T15:09:11.3670933Z dist/assets/ibm-plex-sans-kr-12-600-normal-Ba8rnT7_.woff2          12.72 kB
Operator app	Run npm run build	2026-09-24T15:09:11.3672012Z dist/assets/ibm-plex-sans-kr-7-600-normal-Dh7JSXz4.woff2           12.72 kB
Operator app	Run npm run build	2026-09-24T15:09:11.3673093Z dist/assets/ibm-plex-sans-kr-36-500-normal-brkbKZcZ.woff           12.74 kB
Operator app	Run npm run build	2026-09-24T15:09:11.3674375Z dist/assets/ibm-plex-sans-kr-15-600-normal-CAapLUyl.woff2          12.74 kB
Operator app	Run npm run build	2026-09-24T15:09:11.3675457Z dist/assets/ibm-plex-sans-kr-119-400-normal-CF0EWuft.woff2         12.75 kB
Operator app	Run npm run build	2026-09-24T15:09:11.3676534Z dist/assets/ibm-plex-sans-kr-31-400-normal-BnpH2dyr.woff           12.75 kB
Operator app	Run npm run build	2026-09-24T15:09:11.3677617Z dist/assets/ibm-plex-sans-kr-31-500-normal-BX-CPZrW.woff           12.75 kB
Operator app	Run npm run build	2026-09-24T15:09:11.3678711Z dist/assets/ibm-plex-sans-kr-118-500-normal-bGPKLk2B.woff2         12.76 kB
Operator app	Run npm run build	2026-09-24T15:09:11.3679801Z dist/assets/ibm-plex-sans-kr-43-400-normal-DofKP3XM.woff2          12.76 kB
Operator app	Run npm run build	2026-09-24T15:09:11.3680894Z dist/assets/ibm-plex-sans-kr-31-600-normal-BDIwmQD2.woff           12.76 kB
Operator app	Run npm run build	2026-09-24T15:09:11.3681984Z dist/assets/ibm-plex-sans-kr-25-600-normal-CpgWTSx7.woff2          12.77 kB
Operator app	Run npm run build	2026-09-24T15:09:11.3683061Z dist/assets/ibm-plex-sans-kr-49-500-normal-7q_oMxUd.woff           12.80 kB
Operator app	Run npm run build	2026-09-24T15:09:11.3684271Z dist/assets/ibm-plex-sans-kr-40-400-normal-DxlOKNb6.woff2          12.82 kB
Operator app	Run npm run build	2026-09-24T15:09:11.3685330Z dist/assets/ibm-plex-sans-kr-57-600-normal-CQ1redVd.woff2          12.82 kB
Operator app	Run npm run build	2026-09-24T15:09:11.3686378Z dist/assets/ibm-plex-sans-kr-14-400-normal-DPe2AXol.woff           12.83 kB
Operator app	Run npm run build	2026-09-24T15:09:11.3687432Z dist/assets/ibm-plex-sans-kr-35-600-normal-CD4ArYzM.woff2          12.87 kB
Operator app	Run npm run build	2026-09-24T15:09:11.3688515Z dist/assets/ibm-plex-sans-kr-52-600-normal-HtoGXJPD.woff2          12.90 kB
Operator app	Run npm run build	2026-09-24T15:09:11.3689612Z dist/assets/ibm-plex-sans-kr-5-600-normal-BV1Q-ya9.woff2           12.91 kB
Operator app	Run npm run build	2026-09-24T15:09:11.3690744Z dist/assets/ibm-plex-sans-kr-14-600-normal-BZRywIXe.woff           12.92 kB
Operator app	Run npm run build	2026-09-24T15:09:11.3691837Z dist/assets/ibm-plex-sans-kr-117-400-normal-Bqi1rgUh.woff2         12.92 kB
Operator app	Run npm run build	2026-09-24T15:09:11.3693074Z dist/assets/ibm-plex-sans-kr-34-400-normal-b_F-aCuz.woff2          12.93 kB
Operator app	Run npm run build	2026-09-24T15:09:11.3694416Z dist/assets/ibm-plex-sans-kr-57-500-normal-B4IoHQu1.woff2          12.98 kB
Operator app	Run npm run build	2026-09-24T15:09:11.3695570Z dist/assets/ibm-plex-sans-kr-5-500-normal-BAnyZ6Z-.woff2           13.01 kB
Operator app	Run npm run build	2026-09-24T15:09:11.3696605Z dist/assets/ibm-plex-sans-kr-35-500-normal-cydu_WKV.woff2          13.01 kB
Operator app	Run npm run build	2026-09-24T15:09:11.3697740Z dist/assets/ibm-plex-sans-kr-119-500-normal-Df4yrjnE.woff          13.02 kB
Operator app	Run npm run build	2026-09-24T15:09:11.3698913Z dist/assets/ibm-plex-sans-kr-13-400-normal-CpXdOOTc.woff2          13.02 kB
Operator app	Run npm run build	2026-09-24T15:09:11.3700001Z dist/assets/ibm-plex-sans-kr-23-500-normal-CCfThX_w.woff2          13.03 kB
Operator app	Run npm run build	2026-09-24T15:09:11.3701127Z dist/assets/ibm-plex-sans-kr-49-600-normal-B9kwAyIi.woff2          13.03 kB
Operator app	Run npm run build	2026-09-24T15:09:11.3702248Z dist/assets/ibm-plex-sans-kr-14-500-normal-Y4UlonKU.woff           13.04 kB
Operator app	Run npm run build	2026-09-24T15:09:11.3703624Z dist/assets/ibm-plex-sans-kr-7-500-normal-CoHWPa7p.woff2           13.04 kB
Operator app	Run npm run build	2026-09-24T15:09:11.3704790Z dist/assets/ibm-plex-sans-kr-59-600-normal-BuQf4YmM.woff           13.07 kB
Operator app	Run npm run build	2026-09-24T15:09:11.3705892Z dist/assets/ibm-plex-sans-kr-25-500-normal-Dx_nna5V.woff2          13.08 kB
Operator app	Run npm run build	2026-09-24T15:09:11.3706810Z dist/assets/ibm-plex-sans-kr-42-400-normal-Cgyyi6Mk.woff2          13.10 kB
Operator app	Run npm run build	2026-09-24T15:09:11.3707421Z dist/assets/ibm-plex-sans-kr-23-600-normal-CR-CWSvQ.woff2          13.11 kB
Operator app	Run npm run build	2026-09-24T15:09:11.3708036Z dist/assets/ibm-plex-sans-kr-52-500-normal-PI1BlAgy.woff2          13.12 kB
Operator app	Run npm run build	2026-09-24T15:09:11.3708633Z dist/assets/ibm-plex-sans-kr-105-500-normal-CwEuw_bU.woff2         13.14 kB
Operator app	Run npm run build	2026-09-24T15:09:11.3709255Z dist/assets/ibm-plex-sans-kr-105-600-normal-Bdo6QjXy.woff2         13.14 kB
Operator app	Run npm run build	2026-09-24T15:09:11.3709854Z dist/assets/ibm-plex-sans-kr-119-600-normal-CSej5QVJ.woff          13.14 kB
Operator app	Run npm run build	2026-09-24T15:09:11.3710590Z dist/assets/ibm-plex-sans-kr-14-400-normal-C-oyfrUa.woff2          13.15 kB
Operator app	Run npm run build	2026-09-24T15:09:11.3711185Z dist/assets/ibm-plex-sans-kr-13-400-normal-eM8eMXyQ.woff           13.16 kB
Operator app	Run npm run build	2026-09-24T15:09:11.3711784Z dist/assets/ibm-plex-sans-kr-43-600-normal-BPJjrS1c.woff2          13.16 kB
Operator app	Run npm run build	2026-09-24T15:09:11.3712388Z dist/assets/ibm-plex-sans-kr-23-400-normal-DTBYTMn7.woff           13.17 kB
Operator app	Run npm run build	2026-09-24T15:09:11.3712989Z dist/assets/ibm-plex-sans-kr-17-400-normal-BDhrvRnL.woff2          13.18 kB
Operator app	Run npm run build	2026-09-24T15:09:11.3713942Z dist/assets/ibm-plex-sans-kr-46-500-normal-DSzZPjD2.woff2          13.19 kB
Operator app	Run npm run build	2026-09-24T15:09:11.3714571Z dist/assets/ibm-plex-sans-kr-49-500-normal-BN2Nz7gV.woff2          13.19 kB
Operator app	Run npm run build	2026-09-24T15:09:11.3715174Z dist/assets/ibm-plex-sans-kr-40-500-normal-BCFCRCdk.woff2          13.22 kB
Operator app	Run npm run build	2026-09-24T15:09:11.3715785Z dist/assets/ibm-plex-sans-kr-63-400-normal-DbEg4X6i.woff2          13.24 kB
Operator app	Run npm run build	2026-09-24T15:09:11.3716389Z dist/assets/ibm-plex-sans-kr-23-500-normal-B9nBP66o.woff           13.26 kB
Operator app	Run npm run build	2026-09-24T15:09:11.3716997Z dist/assets/ibm-plex-sans-kr-40-600-normal-DyMFY3yG.woff2          13.28 kB
Operator app	Run npm run build	2026-09-24T15:09:11.3717598Z dist/assets/ibm-plex-sans-kr-28-500-normal-Kfg687Jz.woff2          13.29 kB
Operator app	Run npm run build	2026-09-24T15:09:11.3718190Z dist/assets/ibm-plex-sans-kr-62-400-normal-BIF8JT4K.woff2          13.30 kB
Operator app	Run npm run build	2026-09-24T15:09:11.3718791Z dist/assets/ibm-plex-sans-kr-28-600-normal-BBQsSgWd.woff2          13.30 kB
Operator app	Run npm run build	2026-09-24T15:09:11.3719392Z dist/assets/ibm-plex-sans-kr-42-600-normal-CgHlrSUg.woff2          13.30 kB
Operator app	Run npm run build	2026-09-24T15:09:11.3719996Z dist/assets/ibm-plex-sans-kr-13-500-normal-DNr72JYY.woff           13.32 kB
Operator app	Run npm run build	2026-09-24T15:09:11.3720588Z dist/assets/ibm-plex-sans-kr-23-600-normal-Cq5mpPr_.woff           13.32 kB
Operator app	Run npm run build	2026-09-24T15:09:11.3721183Z dist/assets/ibm-plex-sans-kr-59-500-normal-CyiP_8_L.woff           13.33 kB
Operator app	Run npm run build	2026-09-24T15:09:11.3721769Z dist/assets/ibm-plex-sans-kr-60-400-normal-CEDE9rS0.woff           13.34 kB
Operator app	Run npm run build	2026-09-24T15:09:11.3722359Z dist/assets/ibm-plex-sans-kr-59-400-normal-BHAiqXEM.woff2          13.36 kB
Operator app	Run npm run build	2026-09-24T15:09:11.3722964Z dist/assets/ibm-plex-sans-kr-62-400-normal-BMQQOADr.woff           13.38 kB
Operator app	Run npm run build	2026-09-24T15:09:11.3723778Z dist/assets/ibm-plex-sans-kr-59-400-normal-B-8F2Uet.woff           13.39 kB
Operator app	Run npm run build	2026-09-24T15:09:11.3724701Z dist/assets/ibm-plex-sans-kr-62-500-normal-DbYRmfJO.woff           13.39 kB
Operator app	Run npm run build	2026-09-24T15:09:11.3725364Z dist/assets/ibm-plex-sans-kr-9-400-normal-DJinq116.woff2           13.39 kB
Operator app	Run npm run build	2026-09-24T15:09:11.3725961Z dist/assets/ibm-plex-sans-kr-60-500-normal-Bs-OK-6m.woff           13.39 kB
Operator app	Run npm run build	2026-09-24T15:09:11.3726780Z dist/assets/ibm-plex-sans-kr-13-600-normal-DXBEl0OU.woff           13.40 kB
Operator app	Run npm run build	2026-09-24T15:09:11.3727400Z dist/assets/ibm-plex-sans-kr-17-500-normal-BI9iG84Y.woff           13.40 kB
Operator app	Run npm run build	2026-09-24T15:09:11.3727996Z dist/assets/ibm-plex-sans-kr-4-600-normal-BGAcZoa5.woff            13.41 kB
Operator app	Run npm run build	2026-09-24T15:09:11.3728589Z dist/assets/ibm-plex-sans-kr-43-500-normal-DYkscpdQ.woff2          13.45 kB
Operator app	Run npm run build	2026-09-24T15:09:11.3729183Z dist/assets/ibm-plex-sans-kr-62-600-normal-BwPZY4No.woff           13.45 kB
Operator app	Run npm run build	2026-09-24T15:09:11.3729778Z dist/assets/ibm-plex-sans-kr-17-400-normal-BOjgDpon.woff           13.46 kB
Operator app	Run npm run build	2026-09-24T15:09:11.3730751Z dist/assets/ibm-plex-sans-kr-60-400-normal-z5dDoQx9.woff2          13.50 kB
Operator app	Run npm run build	2026-09-24T15:09:11.3731390Z dist/assets/ibm-plex-sans-kr-60-600-normal-OLqttnKu.woff           13.57 kB
Operator app	Run npm run build	2026-09-24T15:09:11.3732203Z dist/assets/ibm-plex-sans-kr-34-500-normal-JswnezOz.woff2          13.58 kB
Operator app	Run npm run build	2026-09-24T15:09:11.3732802Z dist/assets/ibm-plex-sans-kr-59-500-normal-Ddlt4yS6.woff2          13.58 kB
Operator app	Run npm run build	2026-09-24T15:09:11.3733638Z dist/assets/ibm-plex-sans-kr-4-500-normal-CZSxnr6K.woff            13.59 kB
Operator app	Run npm run build	2026-09-24T15:09:11.3734245Z dist/assets/ibm-plex-sans-kr-59-600-normal-B-CGe3sL.woff2          13.60 kB
Operator app	Run npm run build	2026-09-24T15:09:11.3734852Z dist/assets/ibm-plex-sans-kr-34-600-normal-BwgNjnnm.woff2          13.62 kB
Operator app	Run npm run build	2026-09-24T15:09:11.3735451Z dist/assets/ibm-plex-sans-kr-4-400-normal-1GfpLFeR.woff            13.66 kB
Operator app	Run npm run build	2026-09-24T15:09:11.3736053Z dist/assets/ibm-plex-sans-kr-62-500-normal-lDNHneib.woff2          13.67 kB
Operator app	Run npm run build	2026-09-24T15:09:11.3736831Z dist/assets/ibm-plex-sans-kr-22-400-normal-3CnvMMD7.woff2          13.68 kB
Operator app	Run npm run build	2026-09-24T15:09:11.3737427Z dist/assets/ibm-plex-sans-kr-22-600-normal-bBSJai_o.woff           13.68 kB
Operator app	Run npm run build	2026-09-24T15:09:11.3738482Z dist/assets/ibm-plex-sans-kr-39-400-normal-BzR2eDWi.woff2          13.68 kB
Operator app	Run npm run build	2026-09-24T15:09:11.3739692Z dist/assets/ibm-plex-sans-kr-27-500-normal-CPgbZ_eJ.woff           13.72 kB
Operator app	Run npm run build	2026-09-24T15:09:11.3740795Z dist/assets/ibm-plex-sans-kr-17-600-normal-uD_8VqjX.woff           13.73 kB
Operator app	Run npm run build	2026-09-24T15:09:11.3741919Z dist/assets/ibm-plex-sans-kr-26-600-normal-bxA4bluv.woff           13.73 kB
Operator app	Run npm run build	2026-09-24T15:09:11.3743058Z dist/assets/ibm-plex-sans-kr-119-600-normal-CWNURXbv.woff2         13.74 kB
Operator app	Run npm run build	2026-09-24T15:09:11.3744466Z dist/assets/ibm-plex-sans-kr-14-600-normal-BEKBLOkr.woff2          13.76 kB
Operator app	Run npm run build	2026-09-24T15:09:11.3745672Z dist/assets/ibm-plex-sans-kr-106-600-normal-o84Tuavw.woff2         13.77 kB
Operator app	Run npm run build	2026-09-24T15:09:11.3746833Z dist/assets/ibm-plex-sans-kr-62-600-normal-CCy9m1Yi.woff2          13.77 kB
Operator app	Run npm run build	2026-09-24T15:09:11.3747976Z dist/assets/ibm-plex-sans-kr-13-500-normal-DVkNF81I.woff2          13.80 kB
Operator app	Run npm run build	2026-09-24T15:09:11.3749077Z dist/assets/ibm-plex-sans-kr-42-500-normal-DceQ0siJ.woff2          13.81 kB
Operator app	Run npm run build	2026-09-24T15:09:11.3750184Z dist/assets/ibm-plex-sans-kr-106-500-normal-waJW03NJ.woff2         13.81 kB
Operator app	Run npm run build	2026-09-24T15:09:11.3751311Z dist/assets/ibm-plex-sans-kr-17-500-normal-B5RrK24I.woff2          13.82 kB
Operator app	Run npm run build	2026-09-24T15:09:11.3752422Z dist/assets/ibm-plex-sans-kr-22-400-normal-TNl1bUeL.woff           13.82 kB
Operator app	Run npm run build	2026-09-24T15:09:11.3753844Z dist/assets/ibm-plex-sans-kr-119-500-normal-CJJ-meqF.woff2         13.82 kB
Operator app	Run npm run build	2026-09-24T15:09:11.3755001Z dist/assets/ibm-plex-sans-kr-22-600-normal-B4PQFGba.woff2          13.85 kB
Operator app	Run npm run build	2026-09-24T15:09:11.3756114Z dist/assets/ibm-plex-sans-kr-46-600-normal-CfEBl86K.woff2          13.86 kB
Operator app	Run npm run build	2026-09-24T15:09:11.3757296Z dist/assets/ibm-plex-sans-kr-16-400-normal-CKSk9toV.woff2          13.86 kB
Operator app	Run npm run build	2026-09-24T15:09:11.3758455Z dist/assets/ibm-plex-sans-kr-26-400-normal-BDNWBg-b.woff           13.86 kB
Operator app	Run npm run build	2026-09-24T15:09:11.3759588Z dist/assets/ibm-plex-sans-kr-63-500-normal-DnCEtrzT.woff2          13.88 kB
Operator app	Run npm run build	2026-09-24T15:09:11.3760687Z dist/assets/ibm-plex-sans-kr-22-500-normal-B4MFCOia.woff           13.90 kB
Operator app	Run npm run build	2026-09-24T15:09:11.3761783Z dist/assets/ibm-plex-sans-kr-27-600-normal-C07c5If1.woff           13.90 kB
Operator app	Run npm run build	2026-09-24T15:09:11.3762896Z dist/assets/ibm-plex-sans-kr-27-400-normal-Dy5-YEOY.woff           13.92 kB
Operator app	Run npm run build	2026-09-24T15:09:11.3764300Z dist/assets/ibm-plex-sans-kr-26-500-normal-BKPcd-dF.woff           13.93 kB
Operator app	Run npm run build	2026-09-24T15:09:11.3765513Z dist/assets/ibm-plex-sans-kr-latin-400-normal-7kwLL-e3.woff        13.94 kB
Operator app	Run npm run build	2026-09-24T15:09:11.3766635Z dist/assets/ibm-plex-sans-kr-63-600-normal-B_hznMYb.woff2          13.96 kB
Operator app	Run npm run build	2026-09-24T15:09:11.3767789Z dist/assets/ibm-plex-sans-kr-24-500-normal-Cv5QDDSV.woff           14.02 kB
Operator app	Run npm run build	2026-09-24T15:09:11.3768911Z dist/assets/ibm-plex-sans-kr-16-400-normal-DNGmaJIL.woff           14.06 kB
Operator app	Run npm run build	2026-09-24T15:09:11.3770041Z dist/assets/ibm-plex-sans-kr-112-400-normal-BJLUyYDo.woff2         14.07 kB
Operator app	Run npm run build	2026-09-24T15:09:11.3771160Z dist/assets/ibm-plex-sans-kr-60-500-normal-Dt1XTT7t.woff2          14.08 kB
Operator app	Run npm run build	2026-09-24T15:09:11.3772306Z dist/assets/ibm-plex-sans-kr-16-600-normal-DDZagcz1.woff           14.13 kB
Operator app	Run npm run build	2026-09-24T15:09:11.3773917Z dist/assets/ibm-plex-sans-kr-117-500-normal-B8S6P0qk.woff2         14.14 kB
Operator app	Run npm run build	2026-09-24T15:09:11.3775058Z dist/assets/ibm-plex-sans-kr-14-500-normal-C6PSB_z7.woff2          14.16 kB
Operator app	Run npm run build	2026-09-24T15:09:11.3776326Z dist/assets/ibm-plex-sans-kr-16-500-normal-CmCp5IpX.woff           14.17 kB
Operator app	Run npm run build	2026-09-24T15:09:11.3777514Z dist/assets/ibm-plex-sans-kr-117-600-normal-CVV1AoIy.woff2         14.18 kB
Operator app	Run npm run build	2026-09-24T15:09:11.3778733Z dist/assets/ibm-plex-sans-kr-24-400-normal-DDVUYQLq.woff           14.20 kB
Operator app	Run npm run build	2026-09-24T15:09:11.3779629Z dist/assets/ibm-plex-sans-kr-60-600-normal-Bl94dFYa.woff2          14.22 kB
Operator app	Run npm run build	2026-09-24T15:09:11.3780245Z dist/assets/ibm-plex-sans-kr-22-500-normal-9RYlHGVt.woff2          14.25 kB
Operator app	Run npm run build	2026-09-24T15:09:11.3781060Z dist/assets/ibm-plex-sans-kr-115-400-normal-6-qa9Uj4.woff2         14.26 kB
Operator app	Run npm run build	2026-09-24T15:09:11.3781694Z dist/assets/ibm-plex-sans-kr-39-600-normal-DxNgVy70.woff2          14.28 kB
Operator app	Run npm run build	2026-09-24T15:09:11.3782300Z dist/assets/ibm-plex-sans-kr-4-400-normal-BSOJFi3M.woff2           14.32 kB
Operator app	Run npm run build	2026-09-24T15:09:11.3782911Z dist/assets/ibm-plex-sans-kr-116-400-normal-CPQAppG5.woff2         14.34 kB
Operator app	Run npm run build	2026-09-24T15:09:11.3783952Z dist/assets/ibm-plex-sans-kr-13-600-normal-ON8tPSnT.woff2          14.35 kB
Operator app	Run npm run build	2026-09-24T15:09:11.3785404Z dist/assets/ibm-plex-sans-kr-33-500-normal-DrcDIvwW.woff           14.35 kB
Operator app	Run npm run build	2026-09-24T15:09:11.3786666Z dist/assets/ibm-plex-sans-kr-107-400-normal-DFBsPAhk.woff2         14.36 kB
Operator app	Run npm run build	2026-09-24T15:09:11.3787823Z dist/assets/ibm-plex-sans-kr-24-600-normal-DL0LF1av.woff           14.37 kB
Operator app	Run npm run build	2026-09-24T15:09:11.3788962Z dist/assets/ibm-plex-sans-kr-114-400-normal-Bpqw4_PX.woff2         14.38 kB
Operator app	Run npm run build	2026-09-24T15:09:11.3790107Z dist/assets/ibm-plex-sans-kr-39-500-normal-CeHGwbYp.woff2          14.40 kB
Operator app	Run npm run build	2026-09-24T15:09:11.3791295Z dist/assets/ibm-plex-sans-kr-33-400-normal-BEJcB5Pj.woff           14.40 kB
Operator app	Run npm run build	2026-09-24T15:09:11.3792479Z dist/assets/ibm-plex-sans-kr-21-400-normal-Cv3FeIij.woff2          14.42 kB
Operator app	Run npm run build	2026-09-24T15:09:11.3793859Z dist/assets/ibm-plex-sans-kr-108-400-normal-DbmD_Owd.woff2         14.42 kB
Operator app	Run npm run build	2026-09-24T15:09:11.3795095Z dist/assets/ibm-plex-sans-kr-33-600-normal-Dk43PWfK.woff           14.43 kB
Operator app	Run npm run build	2026-09-24T15:09:11.3796276Z dist/assets/ibm-plex-sans-kr-3-400-normal-01r-uCGK.woff            14.44 kB
Operator app	Run npm run build	2026-09-24T15:09:11.3797408Z dist/assets/ibm-plex-sans-kr-3-600-normal-OOnXi3dj.woff            14.46 kB
Operator app	Run npm run build	2026-09-24T15:09:11.3798077Z dist/assets/ibm-plex-sans-kr-3-500-normal-BF7AAfCm.woff            14.50 kB
Operator app	Run npm run build	2026-09-24T15:09:11.3798707Z dist/assets/ibm-plex-sans-kr-33-400-normal-DOnua0XC.woff2          14.50 kB
Operator app	Run npm run build	2026-09-24T15:09:11.3799318Z dist/assets/ibm-plex-sans-kr-24-400-normal-BCEQWDh5.woff2          14.51 kB
Operator app	Run npm run build	2026-09-24T15:09:11.3799937Z dist/assets/ibm-plex-sans-kr-21-600-normal-CJHvMuEH.woff2          14.52 kB
Operator app	Run npm run build	2026-09-24T15:09:11.3800541Z dist/assets/ibm-plex-sans-kr-109-400-normal-ChZ2CLi-.woff2         14.64 kB
Operator app	Run npm run build	2026-09-24T15:09:11.3801147Z dist/assets/ibm-plex-sans-kr-9-500-normal-C3WEWxiq.woff2           14.66 kB
Operator app	Run npm run build	2026-09-24T15:09:11.3801771Z dist/assets/ibm-plex-sans-kr-113-400-normal-CEDRAc_f.woff2         14.74 kB
Operator app	Run npm run build	2026-09-24T15:09:11.3802377Z dist/assets/ibm-plex-sans-kr-29-400-normal-gP3qcvie.woff2          14.76 kB
Operator app	Run npm run build	2026-09-24T15:09:11.3802974Z dist/assets/ibm-plex-sans-kr-29-600-normal-Dn9kzegM.woff2          14.76 kB
Operator app	Run npm run build	2026-09-24T15:09:11.3803995Z dist/assets/ibm-plex-sans-kr-21-500-normal-Bq99UyTU.woff2          14.80 kB
Operator app	Run npm run build	2026-09-24T15:09:11.3804862Z dist/assets/ibm-plex-sans-kr-19-600-normal-DcS6irVl.woff2          14.81 kB
Operator app	Run npm run build	2026-09-24T15:09:11.3805680Z dist/assets/ibm-plex-sans-kr-21-400-normal-Dml5TFym.woff           14.82 kB
Operator app	Run npm run build	2026-09-24T15:09:11.3806866Z dist/assets/ibm-plex-sans-kr-110-400-normal-DvUF8GMi.woff2         14.85 kB
Operator app	Run npm run build	2026-09-24T15:09:11.3808043Z dist/assets/ibm-plex-sans-kr-111-400-normal-DaCXFUcH.woff2         14.87 kB
Operator app	Run npm run build	2026-09-24T15:09:11.3809189Z dist/assets/ibm-plex-sans-kr-19-400-normal-CCVU2G9b.woff2          14.91 kB
Operator app	Run npm run build	2026-09-24T15:09:11.3810333Z dist/assets/ibm-plex-sans-kr-32-500-normal-BFr0uy16.woff           14.92 kB
Operator app	Run npm run build	2026-09-24T15:09:11.3811744Z dist/assets/ibm-plex-sans-kr-21-500-normal-DNGhvuIq.woff           14.93 kB
Operator app	Run npm run build	2026-09-24T15:09:11.3812882Z dist/assets/ibm-plex-sans-kr-32-400-normal-GRBsq_TQ.woff           14.95 kB
Operator app	Run npm run build	2026-09-24T15:09:11.3814263Z dist/assets/ibm-plex-sans-kr-29-600-normal-B0Nsm10J.woff           14.97 kB
Operator app	Run npm run build	2026-09-24T15:09:11.3815411Z dist/assets/ibm-plex-sans-kr-32-600-normal-qBGKeeZh.woff           14.99 kB
Operator app	Run npm run build	2026-09-24T15:09:11.3816568Z dist/assets/ibm-plex-sans-kr-32-400-normal-BkNndOiq.woff2          15.01 kB
Operator app	Run npm run build	2026-09-24T15:09:11.3817710Z dist/assets/ibm-plex-sans-kr-33-600-normal-_9rnVtrt.woff2          15.04 kB
Operator app	Run npm run build	2026-09-24T15:09:11.3818824Z dist/assets/ibm-plex-sans-kr-9-600-normal-DraA-1Zl.woff2           15.06 kB
Operator app	Run npm run build	2026-09-24T15:09:11.3820200Z dist/assets/ibm-plex-sans-kr-4-500-normal-DYhdxHR-.woff2           15.07 kB
Operator app	Run npm run build	2026-09-24T15:09:11.3821195Z dist/assets/ibm-plex-sans-kr-21-600-normal-ChXV0eBj.woff           15.10 kB
Operator app	Run npm run build	2026-09-24T15:09:11.3822021Z dist/assets/ibm-plex-sans-kr-29-500-normal-BsGS2LIm.woff2          15.10 kB
Operator app	Run npm run build	2026-09-24T15:09:11.3822707Z dist/assets/ibm-plex-sans-kr-latin-400-normal-Bc7vhvxM.woff2       15.11 kB
Operator app	Run npm run build	2026-09-24T15:09:11.3823541Z dist/assets/ibm-plex-sans-kr-30-500-normal-C_KfcsGa.woff2          15.12 kB
Operator app	Run npm run build	2026-09-24T15:09:11.3824474Z dist/assets/ibm-plex-sans-kr-29-400-normal-Dj7VksMf.woff           15.12 kB
Operator app	Run npm run build	2026-09-24T15:09:11.3825213Z dist/assets/ibm-plex-sans-kr-30-600-normal-CHYuKtvD.woff           15.16 kB
Operator app	Run npm run build	2026-09-24T15:09:11.3826001Z dist/assets/ibm-plex-sans-kr-4-600-normal-DP-OzMv8.woff2           15.16 kB
Operator app	Run npm run build	2026-09-24T15:09:11.3827172Z dist/assets/ibm-plex-sans-kr-30-400-normal-D9W6fT0U.woff2          15.18 kB
Operator app	Run npm run build	2026-09-24T15:09:11.3828346Z dist/assets/ibm-plex-sans-kr-26-400-normal-BnV7FV79.woff2          15.18 kB
Operator app	Run npm run build	2026-09-24T15:09:11.3829490Z dist/assets/ibm-plex-sans-kr-17-600-normal-BeTmwP_K.woff2          15.22 kB
Operator app	Run npm run build	2026-09-24T15:09:11.3830607Z dist/assets/ibm-plex-sans-kr-19-500-normal-lytT2cFM.woff2          15.24 kB
Operator app	Run npm run build	2026-09-24T15:09:11.3831764Z dist/assets/ibm-plex-sans-kr-16-500-normal-CDsqjPM5.woff2          15.24 kB
Operator app	Run npm run build	2026-09-24T15:09:11.3832869Z dist/assets/ibm-plex-sans-kr-30-500-normal-D4wCcu5D.woff           15.26 kB
Operator app	Run npm run build	2026-09-24T15:09:11.3834211Z dist/assets/ibm-plex-sans-kr-3-400-normal-MpgNCYqt.woff2           15.28 kB
Operator app	Run npm run build	2026-09-24T15:09:11.3835340Z dist/assets/ibm-plex-sans-kr-30-400-normal-4H84KBjL.woff           15.28 kB
Operator app	Run npm run build	2026-09-24T15:09:11.3836530Z dist/assets/ibm-plex-sans-kr-32-500-normal-xYF7ztoJ.woff2          15.30 kB
Operator app	Run npm run build	2026-09-24T15:09:11.3837656Z dist/assets/ibm-plex-sans-kr-115-500-normal-HzYFTBDK.woff2         15.31 kB
Operator app	Run npm run build	2026-09-24T15:09:11.3838780Z dist/assets/ibm-plex-sans-kr-24-500-normal-xY0ze7De.woff2          15.31 kB
Operator app	Run npm run build	2026-09-24T15:09:11.3839917Z dist/assets/ibm-plex-sans-kr-29-500-normal-DrYYhV-u.woff           15.34 kB
Operator app	Run npm run build	2026-09-24T15:09:11.3841013Z dist/assets/ibm-plex-sans-kr-32-600-normal-Dc31ixSD.woff2          15.34 kB
Operator app	Run npm run build	2026-09-24T15:09:11.3842116Z dist/assets/ibm-plex-sans-kr-33-500-normal-C9zC6FjO.woff2          15.34 kB
Operator app	Run npm run build	2026-09-24T15:09:11.3843235Z dist/assets/ibm-plex-sans-kr-27-400-normal-B5ZhKYLO.woff2          15.44 kB
Operator app	Run npm run build	2026-09-24T15:09:11.3844555Z dist/assets/ibm-plex-sans-kr-30-600-normal-DAX8ENIb.woff2          15.44 kB
Operator app	Run npm run build	2026-09-24T15:09:11.3845680Z dist/assets/ibm-plex-sans-kr-116-600-normal-pwYieqoq.woff2         15.45 kB
Operator app	Run npm run build	2026-09-24T15:09:11.3846812Z dist/assets/ibm-plex-sans-kr-24-600-normal-DyaIQrhK.woff2          15.50 kB
Operator app	Run npm run build	2026-09-24T15:09:11.3847913Z dist/assets/ibm-plex-sans-kr-112-500-normal-CZCyW_ny.woff2         15.56 kB
Operator app	Run npm run build	2026-09-24T15:09:11.3849019Z dist/assets/ibm-plex-sans-kr-latin-500-normal-DMi_vAK3.woff        15.58 kB
Operator app	Run npm run build	2026-09-24T15:09:11.3850136Z dist/assets/ibm-plex-sans-kr-20-400-normal-2BRpmgCV.woff2          15.66 kB
Operator app	Run npm run build	2026-09-24T15:09:11.3851250Z dist/assets/ibm-plex-sans-kr-116-500-normal-BARxh3Ni.woff2         15.67 kB
Operator app	Run npm run build	2026-09-24T15:09:11.3852362Z dist/assets/ibm-plex-sans-kr-108-600-normal-Cz9v4gjx.woff2         15.69 kB
Operator app	Run npm run build	2026-09-24T15:09:11.3853644Z dist/assets/ibm-plex-sans-kr-20-600-normal-CKeHRgKb.woff           15.69 kB
Operator app	Run npm run build	2026-09-24T15:09:11.3855067Z dist/assets/ibm-plex-sans-kr-19-600-normal-w0hsbhoe.woff           15.70 kB
Operator app	Run npm run build	2026-09-24T15:09:11.3856215Z dist/assets/ibm-plex-sans-kr-latin-600-normal-yks4z4wu.woff        15.72 kB
Operator app	Run npm run build	2026-09-24T15:09:11.3857350Z dist/assets/ibm-plex-sans-kr-108-500-normal-CdP8F2Jv.woff2         15.77 kB
Operator app	Run npm run build	2026-09-24T15:09:11.3858461Z dist/assets/ibm-plex-sans-kr-26-600-normal-BQpAkNz5.woff2          15.79 kB
Operator app	Run npm run build	2026-09-24T15:09:11.3859575Z dist/assets/ibm-plex-sans-kr-115-600-normal-CokKDsRY.woff2         15.81 kB
Operator app	Run npm run build	2026-09-24T15:09:11.3860684Z dist/assets/ibm-plex-sans-kr-19-400-normal-dcW_ilWW.woff           15.82 kB
Operator app	Run npm run build	2026-09-24T15:09:11.3861785Z dist/assets/ibm-plex-sans-kr-112-600-normal-nFX-cMXi.woff2         15.84 kB
Operator app	Run npm run build	2026-09-24T15:09:11.3863101Z dist/assets/ibm-plex-sans-kr-19-500-normal-33mABreN.woff           15.86 kB
Operator app	Run npm run build	2026-09-24T15:09:11.3864998Z dist/assets/ibm-plex-sans-kr-20-400-normal-B2cWSh78.woff           15.86 kB
Operator app	Run npm run build	2026-09-24T15:09:11.3866134Z dist/assets/ibm-plex-sans-kr-27-600-normal-C6bVD75P.woff2          15.92 kB
Operator app	Run npm run build	2026-09-24T15:09:11.3866994Z dist/assets/ibm-plex-sans-kr-20-500-normal-CrfFBvwl.woff           15.93 kB
Operator app	Run npm run build	2026-09-24T15:09:11.3867610Z dist/assets/ibm-plex-sans-kr-27-500-normal-Bqt-c90l.woff2          15.94 kB
Operator app	Run npm run build	2026-09-24T15:09:11.3868215Z dist/assets/ibm-plex-sans-kr-107-500-normal-CywikKdj.woff2         16.02 kB
Operator app	Run npm run build	2026-09-24T15:09:11.3868819Z dist/assets/ibm-plex-sans-kr-114-600-normal-CjRp-Iz4.woff2         16.05 kB
Operator app	Run npm run build	2026-09-24T15:09:11.3869429Z dist/assets/ibm-plex-sans-kr-107-600-normal-Bj6Oga3u.woff2         16.12 kB
Operator app	Run npm run build	2026-09-24T15:09:11.3870245Z dist/assets/ibm-plex-sans-kr-113-600-normal-Dhfyy0ky.woff2         16.14 kB
Operator app	Run npm run build	2026-09-24T15:09:11.3870868Z dist/assets/ibm-plex-sans-kr-20-600-normal-CXFU6tjk.woff2          16.15 kB
Operator app	Run npm run build	2026-09-24T15:09:11.3871469Z dist/assets/ibm-plex-sans-kr-110-600-normal-CisRgCMg.woff2         16.26 kB
Operator app	Run npm run build	2026-09-24T15:09:11.3872062Z dist/assets/ibm-plex-sans-kr-114-500-normal-D4nP60kj.woff2         16.28 kB
Operator app	Run npm run build	2026-09-24T15:09:11.3872670Z dist/assets/ibm-plex-sans-kr-latin-500-normal-2SdHzE3p.woff2       16.30 kB
Operator app	Run npm run build	2026-09-24T15:09:11.3873283Z dist/assets/ibm-plex-sans-kr-110-500-normal-HZkWM0xD.woff2         16.34 kB
Operator app	Run npm run build	2026-09-24T15:09:11.3874637Z dist/assets/ibm-plex-sans-kr-111-600-normal-DN6cN55_.woff2         16.34 kB
Operator app	Run npm run build	2026-09-24T15:09:11.3875763Z dist/assets/ibm-plex-sans-kr-109-600-normal-BkGpNJKI.woff2         16.39 kB
Operator app	Run npm run build	2026-09-24T15:09:11.3877004Z dist/assets/ibm-plex-sans-kr-113-500-normal-DJQiET6F.woff2         16.39 kB
Operator app	Run npm run build	2026-09-24T15:09:11.3878088Z dist/assets/ibm-plex-sans-kr-111-500-normal-B2z91AWP.woff2         16.51 kB
Operator app	Run npm run build	2026-09-24T15:09:11.3879260Z dist/assets/ibm-plex-sans-kr-20-500-normal-mnpVtiHU.woff2          16.53 kB
Operator app	Run npm run build	2026-09-24T15:09:11.3880932Z dist/assets/ibm-plex-sans-kr-26-500-normal-DXCDkot3.woff2          16.57 kB
Operator app	Run npm run build	2026-09-24T15:09:11.3882442Z dist/assets/ibm-plex-sans-kr-latin-600-normal-n-2PV5Ut.woff2       16.59 kB
Operator app	Run npm run build	2026-09-24T15:09:11.3884238Z dist/assets/ibm-plex-sans-kr-16-600-normal-DloGa7SL.woff2          16.62 kB
Operator app	Run npm run build	2026-09-24T15:09:11.3885882Z dist/assets/ibm-plex-sans-kr-109-500-normal-Dm0Ank3e.woff2         16.64 kB
Operator app	Run npm run build	2026-09-24T15:09:11.3887009Z dist/assets/ibm-plex-sans-kr-3-500-normal-C-bo63NS.woff2           17.16 kB
Operator app	Run npm run build	2026-09-24T15:09:11.3888161Z dist/assets/ibm-plex-sans-kr-3-600-normal-CuyoBBEp.woff2           17.65 kB
Operator app	Run npm run build	2026-09-24T15:09:11.3890113Z dist/assets/index-z7WyhjN_.css                                    188.28 kB │ gzip:  54.84 kB
Operator app	Run npm run build	2026-09-24T15:09:11.3891970Z dist/assets/index-WmV_6c6c.js                                     490.05 kB │ gzip: 140.21 kB
Operator app	Run npm run build	2026-09-24T15:09:11.3892961Z 
Operator app	Run npm run build	2026-09-24T15:09:11.3893308Z ^[[32m✓ built in 503ms^[[39m
Operator app	Run npm run build	2026-09-24T15:09:11.6049154Z {"manifest":"operator-bundle.json","sha256":"37ce55aa9f6bef0246c83237e18e6504c2ebf237aec8084800ed1ff79f269e40","files":567,"content_bytes":7287750}
Operator app	Post Run actions/setup-node@49933ea5288caeca8642d1e84afbd3f7d6820020	﻿2026-09-24T15:09:11.6269541Z Post job cleanup.
Operator app	Post Run actions/setup-node@49933ea5288caeca8642d1e84afbd3f7d6820020	2026-09-24T15:09:11.7491581Z (node:2690) [DEP0040] DeprecationWarning: The `punycode` module is deprecated. Please use a userland alternative instead.
Operator app	Post Run actions/setup-node@49933ea5288caeca8642d1e84afbd3f7d6820020	2026-09-24T15:09:11.7493214Z (Use `node --trace-deprecation ...` to show where the warning was created)
Operator app	Post Run actions/setup-node@49933ea5288caeca8642d1e84afbd3f7d6820020	2026-09-24T15:09:11.7496711Z Cache hit occurred on the primary key node-cache-Linux-x64-npm-f7049b356cd2537bb1cb7d4c983f6736b00e504a22a04a9bb724c41964922b7f, not saving cache.
Operator app	Post Run actions/checkout@11d5960a326750d5838078e36cf38b85af677262	﻿2026-09-24T15:09:11.7663115Z Post job cleanup.
Operator app	Post Run actions/checkout@11d5960a326750d5838078e36cf38b85af677262	2026-09-24T15:09:11.8523364Z [command]/usr/bin/git version
Operator app	Post Run actions/checkout@11d5960a326750d5838078e36cf38b85af677262	2026-09-24T15:09:11.8568457Z git version 2.55.0
Operator app	Post Run actions/checkout@11d5960a326750d5838078e36cf38b85af677262	2026-09-24T15:09:11.8614725Z Temporarily overriding HOME='/home/runner/work/_temp/d9eadee4-b74f-4c5f-a4ed-13d76f8d5457' before making global git config changes
Operator app	Post Run actions/checkout@11d5960a326750d5838078e36cf38b85af677262	2026-09-24T15:09:11.8616426Z Adding repository directory to the temporary git global config as a safe directory
Operator app	Post Run actions/checkout@11d5960a326750d5838078e36cf38b85af677262	2026-09-24T15:09:11.8620772Z [command]/usr/bin/git config --global --add safe.directory /home/runner/work/rx-solutions/rx-solutions
Operator app	Post Run actions/checkout@11d5960a326750d5838078e36cf38b85af677262	2026-09-24T15:09:11.8661652Z [command]/usr/bin/git config --local --name-only --get-regexp core\.sshCommand
Operator app	Post Run actions/checkout@11d5960a326750d5838078e36cf38b85af677262	2026-09-24T15:09:11.8701452Z [command]/usr/bin/git submodule foreach --recursive sh -c "git config --local --name-only --get-regexp 'core\.sshCommand' && git config --local --unset-all 'core.sshCommand' || :"
Operator app	Post Run actions/checkout@11d5960a326750d5838078e36cf38b85af677262	2026-09-24T15:09:11.8961434Z [command]/usr/bin/git config --local --name-only --get-regexp http\.https\:\/\/github\.com\/\.extraheader
Operator app	Post Run actions/checkout@11d5960a326750d5838078e36cf38b85af677262	2026-09-24T15:09:11.9004215Z [command]/usr/bin/git submodule foreach --recursive sh -c "git config --local --name-only --get-regexp 'http\.https\:\/\/github\.com\/\.extraheader' && git config --local --unset-all 'http.https://github.com/.extraheader' || :"
Operator app	Post Run actions/checkout@11d5960a326750d5838078e36cf38b85af677262	2026-09-24T15:09:11.9267805Z [command]/usr/bin/git config --local --name-only --get-regexp ^includeIf\.gitdir:
Operator app	Post Run actions/checkout@11d5960a326750d5838078e36cf38b85af677262	2026-09-24T15:09:11.9307318Z [command]/usr/bin/git submodule foreach --recursive git config --local --show-origin --name-only --get-regexp remote.origin.url
Operator app	Complete job	﻿2026-09-24T15:09:11.9740024Z Cleaning up orphan processes
Operator app	Complete job	2026-09-24T15:09:12.0192839Z ##[warning]Node.js 20 is deprecated. The following actions target Node.js 20 but are being forced to run on Node.js 24: actions/checkout@11d5960a326750d5838078e36cf38b85af677262, actions/setup-node@49933ea5288caeca8642d1e84afbd3f7d6820020. For more information see: https://github.blog/changelog/2025-09-19-deprecation-of-node-20-on-github-actions-runners/
Repository and GitFlow	Set up job	﻿2026-09-24T15:08:56.5756021Z Current runner version: '2.337.0'
Repository and GitFlow	Set up job	2026-09-24T15:08:56.5777017Z ##[group]Runner Image Provisioner
Repository and GitFlow	Set up job	2026-09-24T15:08:56.5777723Z Hosted Compute Agent
Repository and GitFlow	Set up job	2026-09-24T15:08:56.5778305Z Version: 20260828.587
Repository and GitFlow	Set up job	2026-09-24T15:08:56.5778852Z Commit: abac92662cab4cc7352de4f9f9d2e2419aad9c29
Repository and GitFlow	Set up job	2026-09-24T15:08:56.5779495Z Build Date: 2026-08-28T16:44:25Z
Repository and GitFlow	Set up job	2026-09-24T15:08:56.5780072Z Worker ID: {1e777c5a-d437-4c3f-ac34-b7f33e80950c}
Repository and GitFlow	Set up job	2026-09-24T15:08:56.5780656Z Azure Region: westus3
Repository and GitFlow	Set up job	2026-09-24T15:08:56.5781153Z ##[endgroup]
Repository and GitFlow	Set up job	2026-09-24T15:08:56.5782180Z ##[group]Operating System
Repository and GitFlow	Set up job	2026-09-24T15:08:56.5782685Z Ubuntu
Repository and GitFlow	Set up job	2026-09-24T15:08:56.5783306Z 24.04.5
Repository and GitFlow	Set up job	2026-09-24T15:08:56.5783727Z LTS
Repository and GitFlow	Set up job	2026-09-24T15:08:56.5784224Z ##[endgroup]
Repository and GitFlow	Set up job	2026-09-24T15:08:56.5784677Z ##[group]Runner Image
Repository and GitFlow	Set up job	2026-09-24T15:08:56.5785181Z Image: ubuntu-24.04
Repository and GitFlow	Set up job	2026-09-24T15:08:56.5785692Z Version: 20260920.314.1
Repository and GitFlow	Set up job	2026-09-24T15:08:56.5786559Z Included Software: https://github.com/actions/runner-images/blob/ubuntu24/20260920.314/images/ubuntu/Ubuntu2404-Readme.md
Repository and GitFlow	Set up job	2026-09-24T15:08:56.5787984Z Image Release: https://github.com/actions/runner-images/releases/tag/ubuntu24%2F20260920.314
Repository and GitFlow	Set up job	2026-09-24T15:08:56.5788769Z ##[endgroup]
Repository and GitFlow	Set up job	2026-09-24T15:08:56.5789713Z ##[group]GITHUB_TOKEN Permissions
Repository and GitFlow	Set up job	2026-09-24T15:08:56.5791159Z Contents: read
Repository and GitFlow	Set up job	2026-09-24T15:08:56.5791742Z Metadata: read
Repository and GitFlow	Set up job	2026-09-24T15:08:56.5792228Z ##[endgroup]
Repository and GitFlow	Set up job	2026-09-24T15:08:56.5794109Z Secret source: Actions
Repository and GitFlow	Set up job	2026-09-24T15:08:56.5794930Z Cache mode: write
Repository and GitFlow	Set up job	2026-09-24T15:08:56.5795536Z Prepare workflow directory
Repository and GitFlow	Set up job	2026-09-24T15:08:56.6125692Z Prepare all required actions
Repository and GitFlow	Set up job	2026-09-24T15:08:56.6167768Z Getting action download info
Repository and GitFlow	Set up job	2026-09-24T15:08:57.0126161Z Download action repository 'actions/checkout@11d5960a326750d5838078e36cf38b85af677262' (SHA:11d5960a326750d5838078e36cf38b85af677262)
Repository and GitFlow	Set up job	2026-09-24T15:08:57.1905567Z Complete job name: Repository and GitFlow
Repository and GitFlow	Run actions/checkout@11d5960a326750d5838078e36cf38b85af677262	﻿2026-09-24T15:08:57.2549903Z ##[group]Run actions/checkout@11d5960a326750d5838078e36cf38b85af677262
Repository and GitFlow	Run actions/checkout@11d5960a326750d5838078e36cf38b85af677262	2026-09-24T15:08:57.2550711Z with:
Repository and GitFlow	Run actions/checkout@11d5960a326750d5838078e36cf38b85af677262	2026-09-24T15:08:57.2551077Z   persist-credentials: false
Repository and GitFlow	Run actions/checkout@11d5960a326750d5838078e36cf38b85af677262	2026-09-24T15:08:57.2551503Z   fetch-depth: 0
Repository and GitFlow	Run actions/checkout@11d5960a326750d5838078e36cf38b85af677262	2026-09-24T15:08:57.2551870Z   repository: jack0682/rx-solutions
Repository and GitFlow	Run actions/checkout@11d5960a326750d5838078e36cf38b85af677262	2026-09-24T15:08:57.2555187Z   token: ***
Repository and GitFlow	Run actions/checkout@11d5960a326750d5838078e36cf38b85af677262	2026-09-24T15:08:57.2555533Z   ssh-strict: true
Repository and GitFlow	Run actions/checkout@11d5960a326750d5838078e36cf38b85af677262	2026-09-24T15:08:57.2555880Z   ssh-user: git
Repository and GitFlow	Run actions/checkout@11d5960a326750d5838078e36cf38b85af677262	2026-09-24T15:08:57.2556208Z   clean: true
Repository and GitFlow	Run actions/checkout@11d5960a326750d5838078e36cf38b85af677262	2026-09-24T15:08:57.2556556Z   sparse-checkout-cone-mode: true
Repository and GitFlow	Run actions/checkout@11d5960a326750d5838078e36cf38b85af677262	2026-09-24T15:08:57.2556965Z   fetch-tags: false
Repository and GitFlow	Run actions/checkout@11d5960a326750d5838078e36cf38b85af677262	2026-09-24T15:08:57.2557377Z   show-progress: true
Repository and GitFlow	Run actions/checkout@11d5960a326750d5838078e36cf38b85af677262	2026-09-24T15:08:57.2557879Z   lfs: false
Repository and GitFlow	Run actions/checkout@11d5960a326750d5838078e36cf38b85af677262	2026-09-24T15:08:57.2558319Z   submodules: false
Repository and GitFlow	Run actions/checkout@11d5960a326750d5838078e36cf38b85af677262	2026-09-24T15:08:57.2558847Z   set-safe-directory: true
Repository and GitFlow	Run actions/checkout@11d5960a326750d5838078e36cf38b85af677262	2026-09-24T15:08:57.2559429Z   allow-unsafe-pr-checkout: false
Repository and GitFlow	Run actions/checkout@11d5960a326750d5838078e36cf38b85af677262	2026-09-24T15:08:57.2560353Z ##[endgroup]
Repository and GitFlow	Run actions/checkout@11d5960a326750d5838078e36cf38b85af677262	2026-09-24T15:08:57.3409940Z Syncing repository: jack0682/rx-solutions
Repository and GitFlow	Run actions/checkout@11d5960a326750d5838078e36cf38b85af677262	2026-09-24T15:08:57.3412094Z ##[group]Getting Git version info
Repository and GitFlow	Run actions/checkout@11d5960a326750d5838078e36cf38b85af677262	2026-09-24T15:08:57.3413062Z Working directory is '/home/runner/work/rx-solutions/rx-solutions'
Repository and GitFlow	Run actions/checkout@11d5960a326750d5838078e36cf38b85af677262	2026-09-24T15:08:57.3413917Z [command]/usr/bin/git version
Repository and GitFlow	Run actions/checkout@11d5960a326750d5838078e36cf38b85af677262	2026-09-24T15:08:57.3482546Z git version 2.55.0
Repository and GitFlow	Run actions/checkout@11d5960a326750d5838078e36cf38b85af677262	2026-09-24T15:08:57.3511110Z ##[endgroup]
Repository and GitFlow	Run actions/checkout@11d5960a326750d5838078e36cf38b85af677262	2026-09-24T15:08:57.3518019Z Temporarily overriding HOME='/home/runner/work/_temp/c00d93f9-4144-4f6c-a106-8f9590208d34' before making global git config changes
Repository and GitFlow	Run actions/checkout@11d5960a326750d5838078e36cf38b85af677262	2026-09-24T15:08:57.3519939Z Adding repository directory to the temporary git global config as a safe directory
Repository and GitFlow	Run actions/checkout@11d5960a326750d5838078e36cf38b85af677262	2026-09-24T15:08:57.3523508Z [command]/usr/bin/git config --global --add safe.directory /home/runner/work/rx-solutions/rx-solutions
Repository and GitFlow	Run actions/checkout@11d5960a326750d5838078e36cf38b85af677262	2026-09-24T15:08:57.3565027Z Deleting the contents of '/home/runner/work/rx-solutions/rx-solutions'
Repository and GitFlow	Run actions/checkout@11d5960a326750d5838078e36cf38b85af677262	2026-09-24T15:08:57.3571421Z ##[group]Initializing the repository
Repository and GitFlow	Run actions/checkout@11d5960a326750d5838078e36cf38b85af677262	2026-09-24T15:08:57.3577569Z [command]/usr/bin/git init /home/runner/work/rx-solutions/rx-solutions
Repository and GitFlow	Run actions/checkout@11d5960a326750d5838078e36cf38b85af677262	2026-09-24T15:08:57.3645060Z hint: Using 'master' as the name for the initial branch. This default branch name
Repository and GitFlow	Run actions/checkout@11d5960a326750d5838078e36cf38b85af677262	2026-09-24T15:08:57.3646362Z hint: will change to "main" in Git 3.0. To configure the initial branch name
Repository and GitFlow	Run actions/checkout@11d5960a326750d5838078e36cf38b85af677262	2026-09-24T15:08:57.3647505Z hint: to use in all of your new repositories, which will suppress this warning,
Repository and GitFlow	Run actions/checkout@11d5960a326750d5838078e36cf38b85af677262	2026-09-24T15:08:57.3648689Z hint: call:
Repository and GitFlow	Run actions/checkout@11d5960a326750d5838078e36cf38b85af677262	2026-09-24T15:08:57.3649192Z hint:
Repository and GitFlow	Run actions/checkout@11d5960a326750d5838078e36cf38b85af677262	2026-09-24T15:08:57.3649806Z hint: 	git config --global init.defaultBranch <name>
Repository and GitFlow	Run actions/checkout@11d5960a326750d5838078e36cf38b85af677262	2026-09-24T15:08:57.3650597Z hint:
Repository and GitFlow	Run actions/checkout@11d5960a326750d5838078e36cf38b85af677262	2026-09-24T15:08:57.3651294Z hint: Names commonly chosen instead of 'master' are 'main', 'trunk' and
Repository and GitFlow	Run actions/checkout@11d5960a326750d5838078e36cf38b85af677262	2026-09-24T15:08:57.3652442Z hint: 'development'. The just-created branch can be renamed via this command:
Repository and GitFlow	Run actions/checkout@11d5960a326750d5838078e36cf38b85af677262	2026-09-24T15:08:57.3653497Z hint:
Repository and GitFlow	Run actions/checkout@11d5960a326750d5838078e36cf38b85af677262	2026-09-24T15:08:57.3653990Z hint: 	git branch -m <name>
Repository and GitFlow	Run actions/checkout@11d5960a326750d5838078e36cf38b85af677262	2026-09-24T15:08:57.3654562Z hint:
Repository and GitFlow	Run actions/checkout@11d5960a326750d5838078e36cf38b85af677262	2026-09-24T15:08:57.3655343Z hint: Disable this message with "git config set advice.defaultBranchName false"
Repository and GitFlow	Run actions/checkout@11d5960a326750d5838078e36cf38b85af677262	2026-09-24T15:08:57.3656942Z Initialized empty Git repository in /home/runner/work/rx-solutions/rx-solutions/.git/
Repository and GitFlow	Run actions/checkout@11d5960a326750d5838078e36cf38b85af677262	2026-09-24T15:08:57.3658986Z [command]/usr/bin/git remote add origin https://github.com/jack0682/rx-solutions
Repository and GitFlow	Run actions/checkout@11d5960a326750d5838078e36cf38b85af677262	2026-09-24T15:08:57.3699376Z ##[endgroup]
Repository and GitFlow	Run actions/checkout@11d5960a326750d5838078e36cf38b85af677262	2026-09-24T15:08:57.3700468Z ##[group]Disabling automatic garbage collection
Repository and GitFlow	Run actions/checkout@11d5960a326750d5838078e36cf38b85af677262	2026-09-24T15:08:57.3703713Z [command]/usr/bin/git config --local gc.auto 0
Repository and GitFlow	Run actions/checkout@11d5960a326750d5838078e36cf38b85af677262	2026-09-24T15:08:57.3731140Z ##[endgroup]
Repository and GitFlow	Run actions/checkout@11d5960a326750d5838078e36cf38b85af677262	2026-09-24T15:08:57.3731999Z ##[group]Setting up auth
Repository and GitFlow	Run actions/checkout@11d5960a326750d5838078e36cf38b85af677262	2026-09-24T15:08:57.3736590Z [command]/usr/bin/git config --local --name-only --get-regexp core\.sshCommand
Repository and GitFlow	Run actions/checkout@11d5960a326750d5838078e36cf38b85af677262	2026-09-24T15:08:57.3767244Z [command]/usr/bin/git submodule foreach --recursive sh -c "git config --local --name-only --get-regexp 'core\.sshCommand' && git config --local --unset-all 'core.sshCommand' || :"
Repository and GitFlow	Run actions/checkout@11d5960a326750d5838078e36cf38b85af677262	2026-09-24T15:08:57.4059591Z [command]/usr/bin/git config --local --name-only --get-regexp http\.https\:\/\/github\.com\/\.extraheader
Repository and GitFlow	Run actions/checkout@11d5960a326750d5838078e36cf38b85af677262	2026-09-24T15:08:57.4092520Z [command]/usr/bin/git submodule foreach --recursive sh -c "git config --local --name-only --get-regexp 'http\.https\:\/\/github\.com\/\.extraheader' && git config --local --unset-all 'http.https://github.com/.extraheader' || :"
Repository and GitFlow	Run actions/checkout@11d5960a326750d5838078e36cf38b85af677262	2026-09-24T15:08:57.4291196Z [command]/usr/bin/git config --local --name-only --get-regexp ^includeIf\.gitdir:
Repository and GitFlow	Run actions/checkout@11d5960a326750d5838078e36cf38b85af677262	2026-09-24T15:08:57.4323295Z [command]/usr/bin/git submodule foreach --recursive git config --local --show-origin --name-only --get-regexp remote.origin.url
Repository and GitFlow	Run actions/checkout@11d5960a326750d5838078e36cf38b85af677262	2026-09-24T15:08:57.4513506Z [command]/usr/bin/git config --local http.https://github.com/.extraheader AUTHORIZATION: basic ***
Repository and GitFlow	Run actions/checkout@11d5960a326750d5838078e36cf38b85af677262	2026-09-24T15:08:57.4548264Z ##[endgroup]
Repository and GitFlow	Run actions/checkout@11d5960a326750d5838078e36cf38b85af677262	2026-09-24T15:08:57.4548953Z ##[group]Fetching the repository
Repository and GitFlow	Run actions/checkout@11d5960a326750d5838078e36cf38b85af677262	2026-09-24T15:08:57.4556124Z [command]/usr/bin/git -c protocol.version=2 fetch --prune --no-recurse-submodules origin +refs/heads/*:refs/remotes/origin/* +refs/tags/*:refs/tags/* +d28f0ee44fcd934c843d28ec46e39cd3c2cc3639:refs/remotes/pull/36/merge
Repository and GitFlow	Run actions/checkout@11d5960a326750d5838078e36cf38b85af677262	2026-09-24T15:08:58.5600109Z From https://github.com/jack0682/rx-solutions
Repository and GitFlow	Run actions/checkout@11d5960a326750d5838078e36cf38b85af677262	2026-09-24T15:08:58.5602279Z  * [new branch]      develop                                  -> origin/develop
Repository and GitFlow	Run actions/checkout@11d5960a326750d5838078e36cf38b85af677262	2026-09-24T15:08:58.5604841Z  * [new branch]      feature/g2-authenticated-release-origin  -> origin/feature/g2-authenticated-release-origin
Repository and GitFlow	Run actions/checkout@11d5960a326750d5838078e36cf38b85af677262	2026-09-24T15:08:58.5607377Z  * [new branch]      main                                     -> origin/main
Repository and GitFlow	Run actions/checkout@11d5960a326750d5838078e36cf38b85af677262	2026-09-24T15:08:58.5609457Z  * [new tag]         archive/initial-draft-2026-09-14         -> archive/initial-draft-2026-09-14
Repository and GitFlow	Run actions/checkout@11d5960a326750d5838078e36cf38b85af677262	2026-09-24T15:08:58.5611899Z  * [new tag]         archive/investigation-wip-2026-09-14     -> archive/investigation-wip-2026-09-14
Repository and GitFlow	Run actions/checkout@11d5960a326750d5838078e36cf38b85af677262	2026-09-24T15:08:58.5614777Z  * [new tag]         codex/initial-draft                      -> codex/initial-draft
Repository and GitFlow	Run actions/checkout@11d5960a326750d5838078e36cf38b85af677262	2026-09-24T15:08:58.5617106Z  * [new tag]         codex/investigation-wip                  -> codex/investigation-wip
Repository and GitFlow	Run actions/checkout@11d5960a326750d5838078e36cf38b85af677262	2026-09-24T15:08:58.5619099Z  * [new tag]         draft-v0.1                               -> draft-v0.1
Repository and GitFlow	Run actions/checkout@11d5960a326750d5838078e36cf38b85af677262	2026-09-24T15:08:58.5620900Z  * [new ref]         d28f0ee44fcd934c843d28ec46e39cd3c2cc3639 -> pull/36/merge
Repository and GitFlow	Run actions/checkout@11d5960a326750d5838078e36cf38b85af677262	2026-09-24T15:08:58.5624824Z ##[endgroup]
Repository and GitFlow	Run actions/checkout@11d5960a326750d5838078e36cf38b85af677262	2026-09-24T15:08:58.5626032Z ##[group]Determining the checkout info
Repository and GitFlow	Run actions/checkout@11d5960a326750d5838078e36cf38b85af677262	2026-09-24T15:08:58.5627245Z ##[endgroup]
Repository and GitFlow	Run actions/checkout@11d5960a326750d5838078e36cf38b85af677262	2026-09-24T15:08:58.5627983Z [command]/usr/bin/git sparse-checkout disable
Repository and GitFlow	Run actions/checkout@11d5960a326750d5838078e36cf38b85af677262	2026-09-24T15:08:58.5660886Z [command]/usr/bin/git config --local --unset-all extensions.worktreeConfig
Repository and GitFlow	Run actions/checkout@11d5960a326750d5838078e36cf38b85af677262	2026-09-24T15:08:58.5690804Z ##[group]Checking out the ref
Repository and GitFlow	Run actions/checkout@11d5960a326750d5838078e36cf38b85af677262	2026-09-24T15:08:58.5693441Z [command]/usr/bin/git checkout --progress --force refs/remotes/pull/36/merge
Repository and GitFlow	Run actions/checkout@11d5960a326750d5838078e36cf38b85af677262	2026-09-24T15:08:58.6078850Z Note: switching to 'refs/remotes/pull/36/merge'.
Repository and GitFlow	Run actions/checkout@11d5960a326750d5838078e36cf38b85af677262	2026-09-24T15:08:58.6079802Z 
Repository and GitFlow	Run actions/checkout@11d5960a326750d5838078e36cf38b85af677262	2026-09-24T15:08:58.6080545Z You are in 'detached HEAD' state. You can look around, make experimental
Repository and GitFlow	Run actions/checkout@11d5960a326750d5838078e36cf38b85af677262	2026-09-24T15:08:58.6082395Z changes and commit them, and you can discard any commits you make in this
Repository and GitFlow	Run actions/checkout@11d5960a326750d5838078e36cf38b85af677262	2026-09-24T15:08:58.6084955Z state without impacting any branches by switching back to a branch.
Repository and GitFlow	Run actions/checkout@11d5960a326750d5838078e36cf38b85af677262	2026-09-24T15:08:58.6086510Z 
Repository and GitFlow	Run actions/checkout@11d5960a326750d5838078e36cf38b85af677262	2026-09-24T15:08:58.6087511Z If you want to create a new branch to retain commits you create, you may
Repository and GitFlow	Run actions/checkout@11d5960a326750d5838078e36cf38b85af677262	2026-09-24T15:08:58.6089914Z do so (now or later) by using -c with the switch command. Example:
Repository and GitFlow	Run actions/checkout@11d5960a326750d5838078e36cf38b85af677262	2026-09-24T15:08:58.6091255Z 
Repository and GitFlow	Run actions/checkout@11d5960a326750d5838078e36cf38b85af677262	2026-09-24T15:08:58.6091985Z   git switch -c <new-branch-name>
Repository and GitFlow	Run actions/checkout@11d5960a326750d5838078e36cf38b85af677262	2026-09-24T15:08:58.6093102Z 
Repository and GitFlow	Run actions/checkout@11d5960a326750d5838078e36cf38b85af677262	2026-09-24T15:08:58.6093687Z Or undo this operation with:
Repository and GitFlow	Run actions/checkout@11d5960a326750d5838078e36cf38b85af677262	2026-09-24T15:08:58.6094615Z 
Repository and GitFlow	Run actions/checkout@11d5960a326750d5838078e36cf38b85af677262	2026-09-24T15:08:58.6095164Z   git switch -
Repository and GitFlow	Run actions/checkout@11d5960a326750d5838078e36cf38b85af677262	2026-09-24T15:08:58.6095852Z 
Repository and GitFlow	Run actions/checkout@11d5960a326750d5838078e36cf38b85af677262	2026-09-24T15:08:58.6096954Z Turn off this advice by setting config variable advice.detachedHead to false
Repository and GitFlow	Run actions/checkout@11d5960a326750d5838078e36cf38b85af677262	2026-09-24T15:08:58.6098533Z 
Repository and GitFlow	Run actions/checkout@11d5960a326750d5838078e36cf38b85af677262	2026-09-24T15:08:58.6100290Z HEAD is now at d28f0ee Merge 1f9cc7def3f1aa30c7a32472f0220f16fe9b508d into 5a3e2a20a6a826dab135e817b96a0c264ad444f1
Repository and GitFlow	Run actions/checkout@11d5960a326750d5838078e36cf38b85af677262	2026-09-24T15:08:58.6104420Z ##[endgroup]
Repository and GitFlow	Run actions/checkout@11d5960a326750d5838078e36cf38b85af677262	2026-09-24T15:08:58.6127095Z [command]/usr/bin/git log -1 --format=%H
Repository and GitFlow	Run actions/checkout@11d5960a326750d5838078e36cf38b85af677262	2026-09-24T15:08:58.6149901Z d28f0ee44fcd934c843d28ec46e39cd3c2cc3639
Repository and GitFlow	Run actions/checkout@11d5960a326750d5838078e36cf38b85af677262	2026-09-24T15:08:58.6158075Z ##[group]Removing auth
Repository and GitFlow	Run actions/checkout@11d5960a326750d5838078e36cf38b85af677262	2026-09-24T15:08:58.6161312Z [command]/usr/bin/git config --local --name-only --get-regexp core\.sshCommand
Repository and GitFlow	Run actions/checkout@11d5960a326750d5838078e36cf38b85af677262	2026-09-24T15:08:58.6188507Z [command]/usr/bin/git submodule foreach --recursive sh -c "git config --local --name-only --get-regexp 'core\.sshCommand' && git config --local --unset-all 'core.sshCommand' || :"
Repository and GitFlow	Run actions/checkout@11d5960a326750d5838078e36cf38b85af677262	2026-09-24T15:08:58.6375818Z [command]/usr/bin/git config --local --name-only --get-regexp http\.https\:\/\/github\.com\/\.extraheader
Repository and GitFlow	Run actions/checkout@11d5960a326750d5838078e36cf38b85af677262	2026-09-24T15:08:58.6398273Z http.https://github.com/.extraheader
Repository and GitFlow	Run actions/checkout@11d5960a326750d5838078e36cf38b85af677262	2026-09-24T15:08:58.6404130Z [command]/usr/bin/git config --local --unset-all http.https://github.com/.extraheader
Repository and GitFlow	Run actions/checkout@11d5960a326750d5838078e36cf38b85af677262	2026-09-24T15:08:58.6434114Z [command]/usr/bin/git submodule foreach --recursive sh -c "git config --local --name-only --get-regexp 'http\.https\:\/\/github\.com\/\.extraheader' && git config --local --unset-all 'http.https://github.com/.extraheader' || :"
Repository and GitFlow	Run actions/checkout@11d5960a326750d5838078e36cf38b85af677262	2026-09-24T15:08:58.6619372Z [command]/usr/bin/git config --local --name-only --get-regexp ^includeIf\.gitdir:
Repository and GitFlow	Run actions/checkout@11d5960a326750d5838078e36cf38b85af677262	2026-09-24T15:08:58.6646845Z [command]/usr/bin/git submodule foreach --recursive git config --local --show-origin --name-only --get-regexp remote.origin.url
Repository and GitFlow	Run actions/checkout@11d5960a326750d5838078e36cf38b85af677262	2026-09-24T15:08:58.6830014Z ##[endgroup]
Repository and GitFlow	Test repository checks	﻿2026-09-24T15:08:58.7035510Z ##[group]Run python3 .github/test_repository.py
Repository and GitFlow	Test repository checks	2026-09-24T15:08:58.7036775Z ^[[36;1mpython3 .github/test_repository.py^[[0m
Repository and GitFlow	Test repository checks	2026-09-24T15:08:58.7037905Z ^[[36;1mpython3 .github/test_commit_policy.py^[[0m
Repository and GitFlow	Test repository checks	2026-09-24T15:08:58.7242290Z shell: /usr/bin/bash --noprofile --norc -e -o pipefail {0}
Repository and GitFlow	Test repository checks	2026-09-24T15:08:58.7243826Z ##[endgroup]
Repository and GitFlow	Test repository checks	2026-09-24T15:08:58.9168902Z ........................
Repository and GitFlow	Test repository checks	2026-09-24T15:08:58.9170132Z ----------------------------------------------------------------------
Repository and GitFlow	Test repository checks	2026-09-24T15:08:58.9171352Z Ran 24 tests in 0.009s
Repository and GitFlow	Test repository checks	2026-09-24T15:08:58.9171821Z 
Repository and GitFlow	Test repository checks	2026-09-24T15:08:58.9172110Z OK
Repository and GitFlow	Test repository checks	2026-09-24T15:09:02.0372653Z .................
Repository and GitFlow	Test repository checks	2026-09-24T15:09:02.0373367Z ----------------------------------------------------------------------
Repository and GitFlow	Test repository checks	2026-09-24T15:09:02.0373845Z Ran 17 tests in 3.049s
Repository and GitFlow	Test repository checks	2026-09-24T15:09:02.0374029Z 
Repository and GitFlow	Test repository checks	2026-09-24T15:09:02.0374151Z OK
Repository and GitFlow	Test browser server lifecycle helper	﻿2026-09-24T15:09:02.0590913Z ##[group]Run python3 apps/operator/tests/test_with_servers.py
Repository and GitFlow	Test browser server lifecycle helper	2026-09-24T15:09:02.0591364Z ^[[36;1mpython3 apps/operator/tests/test_with_servers.py^[[0m
Repository and GitFlow	Test browser server lifecycle helper	2026-09-24T15:09:02.0649602Z shell: /usr/bin/bash --noprofile --norc -e -o pipefail {0}
Repository and GitFlow	Test browser server lifecycle helper	2026-09-24T15:09:02.0649934Z ##[endgroup]
Repository and GitFlow	Test browser server lifecycle helper	2026-09-24T15:09:02.5089151Z ....
Repository and GitFlow	Test browser server lifecycle helper	2026-09-24T15:09:02.5089797Z ----------------------------------------------------------------------
Repository and GitFlow	Test browser server lifecycle helper	2026-09-24T15:09:02.5090121Z Ran 4 tests in 0.401s
Repository and GitFlow	Test browser server lifecycle helper	2026-09-24T15:09:02.5090259Z 
Repository and GitFlow	Test browser server lifecycle helper	2026-09-24T15:09:02.5090340Z OK
Repository and GitFlow	Check DCO and verified OpenPGP signatures	﻿2026-09-24T15:09:02.5203135Z ##[group]Run python3 tools/check_commit_policy.py --head "$HEAD_SHA" --github-repository "$GITHUB_REPOSITORY"
Repository and GitFlow	Check DCO and verified OpenPGP signatures	2026-09-24T15:09:02.5203780Z ^[[36;1mpython3 tools/check_commit_policy.py --head "$HEAD_SHA" --github-repository "$GITHUB_REPOSITORY"^[[0m
Repository and GitFlow	Check DCO and verified OpenPGP signatures	2026-09-24T15:09:02.5259207Z shell: /usr/bin/bash --noprofile --norc -e -o pipefail {0}
Repository and GitFlow	Check DCO and verified OpenPGP signatures	2026-09-24T15:09:02.5259516Z env:
Repository and GitFlow	Check DCO and verified OpenPGP signatures	2026-09-24T15:09:02.5261713Z   GH_TOKEN: ***
Repository and GitFlow	Check DCO and verified OpenPGP signatures	2026-09-24T15:09:02.5261934Z   HEAD_SHA: 1f9cc7def3f1aa30c7a32472f0220f16fe9b508d
Repository and GitFlow	Check DCO and verified OpenPGP signatures	2026-09-24T15:09:02.5262182Z ##[endgroup]
Repository and GitFlow	Check DCO and verified OpenPGP signatures	2026-09-24T15:09:39.6877639Z HISTORICAL DCO VIOLATION (unresolved): jack0682/rx-solutions@041f4724cf3ab96debc9e8f08d25a64274d41ca0; missing author signoff; recorded policy exception, not certification
Repository and GitFlow	Check DCO and verified OpenPGP signatures	2026-09-24T15:09:39.6878869Z OK: 76 commits audited; 75 author sign-offs; 1 recorded historical DCO violations; all signatures verified OpenPGP
Repository and GitFlow	Validate PR branch route	﻿2026-09-24T15:09:39.6976691Z ##[group]Run python3 tools/check_repository.py --event "$GITHUB_EVENT_PATH"
Repository and GitFlow	Validate PR branch route	2026-09-24T15:09:39.6977123Z ^[[36;1mpython3 tools/check_repository.py --event "$GITHUB_EVENT_PATH"^[[0m
Repository and GitFlow	Validate PR branch route	2026-09-24T15:09:39.7031575Z shell: /usr/bin/bash --noprofile --norc -e -o pipefail {0}
Repository and GitFlow	Validate PR branch route	2026-09-24T15:09:39.7031866Z ##[endgroup]
Repository and GitFlow	Validate PR branch route	2026-09-24T15:09:39.7385069Z Repository checks passed.
Repository and GitFlow	Validate JSON, local links and contract integrity	﻿2026-09-24T15:09:39.7450975Z ##[group]Run python3 tools/check_repository.py
Repository and GitFlow	Validate JSON, local links and contract integrity	2026-09-24T15:09:39.7451311Z ^[[36;1mpython3 tools/check_repository.py^[[0m
Repository and GitFlow	Validate JSON, local links and contract integrity	2026-09-24T15:09:39.7501177Z shell: /usr/bin/bash --noprofile --norc -e -o pipefail {0}
Repository and GitFlow	Validate JSON, local links and contract integrity	2026-09-24T15:09:39.7501463Z ##[endgroup]
Repository and GitFlow	Validate JSON, local links and contract integrity	2026-09-24T15:09:39.8876359Z Checked 55 JSON files, local targets in 92 Markdown files, and two contract baselines; 0 links outside this checkout are not checked.
Repository and GitFlow	Validate JSON, local links and contract integrity	2026-09-24T15:09:39.8931005Z Repository checks passed.
Repository and GitFlow	Check invariant traceability	﻿2026-09-24T15:09:39.8957038Z ##[group]Run python3 tools/check_invariant_traceability.py
Repository and GitFlow	Check invariant traceability	2026-09-24T15:09:39.8957407Z ^[[36;1mpython3 tools/check_invariant_traceability.py^[[0m
Repository and GitFlow	Check invariant traceability	2026-09-24T15:09:39.9011887Z shell: /usr/bin/bash --noprofile --norc -e -o pipefail {0}
Repository and GitFlow	Check invariant traceability	2026-09-24T15:09:39.9012167Z ##[endgroup]
Repository and GitFlow	Check invariant traceability	2026-09-24T15:09:39.9706884Z Invariant traceability: I=12 OI=18; declared=7 uncovered=23; test links=10. Semantic coverage not checked.
Repository and GitFlow	Check device catalog sources and native inventory regressions	﻿2026-09-24T15:09:39.9769677Z ##[group]Run python3 tools/check_device_catalog_sources.py
Repository and GitFlow	Check device catalog sources and native inventory regressions	2026-09-24T15:09:39.9770033Z ^[[36;1mpython3 tools/check_device_catalog_sources.py^[[0m
Repository and GitFlow	Check device catalog sources and native inventory regressions	2026-09-24T15:09:39.9770314Z ^[[36;1mpython3 tools/test_native_inventory.py^[[0m
Repository and GitFlow	Check device catalog sources and native inventory regressions	2026-09-24T15:09:39.9824417Z shell: /usr/bin/bash --noprofile --norc -e -o pipefail {0}
Repository and GitFlow	Check device catalog sources and native inventory regressions	2026-09-24T15:09:39.9824700Z ##[endgroup]
Repository and GitFlow	Check device catalog sources and native inventory regressions	2026-09-24T15:09:40.0165114Z {"schema": "rx.catalog-source-check.v1", "status": "PASS", "external_repositories": 0, "profiles": 4, "unique_source_files": 1, "catalog_sha256": "669aaf825d542bf3173ab49072350b488e2f71826dfd9492e006d059a3c2ccbd", "scope": "Source identity and declarations only; synthetic fixtures are not physical equipment qualification."}
Repository and GitFlow	Check device catalog sources and native inventory regressions	2026-09-24T15:09:40.1322770Z Native source mutation and mode drift rejected
Repository and GitFlow	Post Run actions/checkout@11d5960a326750d5838078e36cf38b85af677262	﻿2026-09-24T15:09:40.1468718Z Post job cleanup.
Repository and GitFlow	Post Run actions/checkout@11d5960a326750d5838078e36cf38b85af677262	2026-09-24T15:09:40.2183556Z [command]/usr/bin/git version
Repository and GitFlow	Post Run actions/checkout@11d5960a326750d5838078e36cf38b85af677262	2026-09-24T15:09:40.2214578Z git version 2.55.0
Repository and GitFlow	Post Run actions/checkout@11d5960a326750d5838078e36cf38b85af677262	2026-09-24T15:09:40.2246158Z Temporarily overriding HOME='/home/runner/work/_temp/da9b8acf-cbdc-4ef2-b340-23f421f69396' before making global git config changes
Repository and GitFlow	Post Run actions/checkout@11d5960a326750d5838078e36cf38b85af677262	2026-09-24T15:09:40.2246896Z Adding repository directory to the temporary git global config as a safe directory
Repository and GitFlow	Post Run actions/checkout@11d5960a326750d5838078e36cf38b85af677262	2026-09-24T15:09:40.2250604Z [command]/usr/bin/git config --global --add safe.directory /home/runner/work/rx-solutions/rx-solutions
Repository and GitFlow	Post Run actions/checkout@11d5960a326750d5838078e36cf38b85af677262	2026-09-24T15:09:40.2284087Z [command]/usr/bin/git config --local --name-only --get-regexp core\.sshCommand
Repository and GitFlow	Post Run actions/checkout@11d5960a326750d5838078e36cf38b85af677262	2026-09-24T15:09:40.2312666Z [command]/usr/bin/git submodule foreach --recursive sh -c "git config --local --name-only --get-regexp 'core\.sshCommand' && git config --local --unset-all 'core.sshCommand' || :"
Repository and GitFlow	Post Run actions/checkout@11d5960a326750d5838078e36cf38b85af677262	2026-09-24T15:09:40.2521844Z [command]/usr/bin/git config --local --name-only --get-regexp http\.https\:\/\/github\.com\/\.extraheader
Repository and GitFlow	Post Run actions/checkout@11d5960a326750d5838078e36cf38b85af677262	2026-09-24T15:09:40.2550977Z [command]/usr/bin/git submodule foreach --recursive sh -c "git config --local --name-only --get-regexp 'http\.https\:\/\/github\.com\/\.extraheader' && git config --local --unset-all 'http.https://github.com/.extraheader' || :"
Repository and GitFlow	Post Run actions/checkout@11d5960a326750d5838078e36cf38b85af677262	2026-09-24T15:09:40.2764734Z [command]/usr/bin/git config --local --name-only --get-regexp ^includeIf\.gitdir:
Repository and GitFlow	Post Run actions/checkout@11d5960a326750d5838078e36cf38b85af677262	2026-09-24T15:09:40.2794489Z [command]/usr/bin/git submodule foreach --recursive git config --local --show-origin --name-only --get-regexp remote.origin.url
Repository and GitFlow	Complete job	﻿2026-09-24T15:09:40.3166669Z Cleaning up orphan processes
Repository and GitFlow	Complete job	2026-09-24T15:09:40.3421098Z ##[warning]Node.js 20 is deprecated. The following actions target Node.js 20 but are being forced to run on Node.js 24: actions/checkout@11d5960a326750d5838078e36cf38b85af677262. For more information see: https://github.blog/changelog/2025-09-19-deprecation-of-node-20-on-github-actions-runners/
CI	Set up job	﻿2026-09-24T15:12:10.9034000Z Current runner version: '2.337.0'
CI	Set up job	2026-09-24T15:12:10.9070225Z ##[group]Runner Image Provisioner
CI	Set up job	2026-09-24T15:12:10.9071384Z Hosted Compute Agent
CI	Set up job	2026-09-24T15:12:10.9072468Z Version: 20260828.587
CI	Set up job	2026-09-24T15:12:10.9073537Z Commit: abac92662cab4cc7352de4f9f9d2e2419aad9c29
CI	Set up job	2026-09-24T15:12:10.9074834Z Build Date: 2026-08-28T16:44:25Z
CI	Set up job	2026-09-24T15:12:10.9075920Z Worker ID: {4a6c9bb7-d099-4b6b-b4f0-bc73dde3ae42}
CI	Set up job	2026-09-24T15:12:10.9077280Z Azure Region: centralus
CI	Set up job	2026-09-24T15:12:10.9078373Z ##[endgroup]
CI	Set up job	2026-09-24T15:12:10.9080371Z ##[group]Operating System
CI	Set up job	2026-09-24T15:12:10.9081431Z Ubuntu
CI	Set up job	2026-09-24T15:12:10.9082275Z 24.04.5
CI	Set up job	2026-09-24T15:12:10.9083063Z LTS
CI	Set up job	2026-09-24T15:12:10.9083866Z ##[endgroup]
CI	Set up job	2026-09-24T15:12:10.9084760Z ##[group]Runner Image
CI	Set up job	2026-09-24T15:12:10.9085760Z Image: ubuntu-24.04
CI	Set up job	2026-09-24T15:12:10.9086836Z Version: 20260920.314.1
CI	Set up job	2026-09-24T15:12:10.9088508Z Included Software: https://github.com/actions/runner-images/blob/ubuntu24/20260920.314/images/ubuntu/Ubuntu2404-Readme.md
CI	Set up job	2026-09-24T15:12:10.9091361Z Image Release: https://github.com/actions/runner-images/releases/tag/ubuntu24%2F20260920.314
CI	Set up job	2026-09-24T15:12:10.9092886Z ##[endgroup]
CI	Set up job	2026-09-24T15:12:10.9094527Z ##[group]GITHUB_TOKEN Permissions
CI	Set up job	2026-09-24T15:12:10.9097438Z Contents: read
CI	Set up job	2026-09-24T15:12:10.9098397Z Metadata: read
CI	Set up job	2026-09-24T15:12:10.9099234Z ##[endgroup]
CI	Set up job	2026-09-24T15:12:10.9103265Z Secret source: Actions
CI	Set up job	2026-09-24T15:12:10.9104788Z Cache mode: write
CI	Set up job	2026-09-24T15:12:10.9106274Z Prepare workflow directory
CI	Set up job	2026-09-24T15:12:10.9541269Z Prepare all required actions
CI	Set up job	2026-09-24T15:12:10.9630310Z Complete job name: CI
CI	Require every validation job to pass	﻿2026-09-24T15:12:11.0714629Z ##[group]Run python3 - <<'PYTHON'
CI	Require every validation job to pass	2026-09-24T15:12:11.0715916Z ^[[36;1mpython3 - <<'PYTHON'^[[0m
CI	Require every validation job to pass	2026-09-24T15:12:11.0717251Z ^[[36;1mimport json, os, sys^[[0m
CI	Require every validation job to pass	2026-09-24T15:12:11.0718358Z ^[[36;1mresults = json.loads(os.environ["NEEDS"])^[[0m
CI	Require every validation job to pass	2026-09-24T15:12:11.0720245Z ^[[36;1mfailed = {name: value["result"] for name, value in results.items() if value["result"] != "success"}^[[0m
CI	Require every validation job to pass	2026-09-24T15:12:11.0721884Z ^[[36;1mif failed:^[[0m
CI	Require every validation job to pass	2026-09-24T15:12:11.0723041Z ^[[36;1m    sys.exit(f"Required validation jobs did not pass: {failed}")^[[0m
CI	Require every validation job to pass	2026-09-24T15:12:11.0724645Z ^[[36;1mprint("All required validation jobs passed.")^[[0m
CI	Require every validation job to pass	2026-09-24T15:12:11.0725818Z ^[[36;1mPYTHON^[[0m
CI	Require every validation job to pass	2026-09-24T15:12:11.1671150Z shell: /usr/bin/bash --noprofile --norc -e -o pipefail {0}
CI	Require every validation job to pass	2026-09-24T15:12:11.1672257Z env:
CI	Require every validation job to pass	2026-09-24T15:12:11.1673349Z   NEEDS: {
CI	Require every validation job to pass	  "repository": {
CI	Require every validation job to pass	    "result": "success",
CI	Require every validation job to pass	    "outputs": {}
CI	Require every validation job to pass	  },
CI	Require every validation job to pass	  "rust": {
CI	Require every validation job to pass	    "result": "success",
CI	Require every validation job to pass	    "outputs": {}
CI	Require every validation job to pass	  },
CI	Require every validation job to pass	  "operator": {
CI	Require every validation job to pass	    "result": "success",
CI	Require every validation job to pass	    "outputs": {}
CI	Require every validation job to pass	  }
CI	Require every validation job to pass	}
CI	Require every validation job to pass	2026-09-24T15:12:11.1674706Z ##[endgroup]
CI	Require every validation job to pass	2026-09-24T15:12:11.2146482Z All required validation jobs passed.
CI	Complete job	﻿2026-09-24T15:12:11.2318642Z Cleaning up orphan processes
