Repository and GitFlow	Set up job	﻿2026-09-24T14:57:38.8133535Z Current runner version: '2.337.0'
Repository and GitFlow	Set up job	2026-09-24T14:57:38.8165768Z ##[group]Runner Image Provisioner
Repository and GitFlow	Set up job	2026-09-24T14:57:38.8166844Z Hosted Compute Agent
Repository and GitFlow	Set up job	2026-09-24T14:57:38.8167899Z Version: 20260828.587
Repository and GitFlow	Set up job	2026-09-24T14:57:38.8168812Z Commit: abac92662cab4cc7352de4f9f9d2e2419aad9c29
Repository and GitFlow	Set up job	2026-09-24T14:57:38.8169781Z Build Date: 2026-08-28T16:44:25Z
Repository and GitFlow	Set up job	2026-09-24T14:57:38.8170717Z Worker ID: {89fd5f6f-ec9f-4d06-a096-dec66c5e2fd9}
Repository and GitFlow	Set up job	2026-09-24T14:57:38.8171700Z Azure Region: eastus
Repository and GitFlow	Set up job	2026-09-24T14:57:38.8172502Z ##[endgroup]
Repository and GitFlow	Set up job	2026-09-24T14:57:38.8174576Z ##[group]Operating System
Repository and GitFlow	Set up job	2026-09-24T14:57:38.8175414Z Ubuntu
Repository and GitFlow	Set up job	2026-09-24T14:57:38.8176175Z 24.04.5
Repository and GitFlow	Set up job	2026-09-24T14:57:38.8176901Z LTS
Repository and GitFlow	Set up job	2026-09-24T14:57:38.8177823Z ##[endgroup]
Repository and GitFlow	Set up job	2026-09-24T14:57:38.8178606Z ##[group]Runner Image
Repository and GitFlow	Set up job	2026-09-24T14:57:38.8179398Z Image: ubuntu-24.04
Repository and GitFlow	Set up job	2026-09-24T14:57:38.8180191Z Version: 20260907.300.1
Repository and GitFlow	Set up job	2026-09-24T14:57:38.8181672Z Included Software: https://github.com/actions/runner-images/blob/ubuntu24/20260907.300/images/ubuntu/Ubuntu2404-Readme.md
Repository and GitFlow	Set up job	2026-09-24T14:57:38.8184122Z Image Release: https://github.com/actions/runner-images/releases/tag/ubuntu24%2F20260907.300
Repository and GitFlow	Set up job	2026-09-24T14:57:38.8185458Z ##[endgroup]
Repository and GitFlow	Set up job	2026-09-24T14:57:38.8187157Z ##[group]GITHUB_TOKEN Permissions
Repository and GitFlow	Set up job	2026-09-24T14:57:38.8189462Z Contents: read
Repository and GitFlow	Set up job	2026-09-24T14:57:38.8190332Z Metadata: read
Repository and GitFlow	Set up job	2026-09-24T14:57:38.8191066Z ##[endgroup]
Repository and GitFlow	Set up job	2026-09-24T14:57:38.8193781Z Secret source: Actions
Repository and GitFlow	Set up job	2026-09-24T14:57:38.8194974Z Cache mode: write
Repository and GitFlow	Set up job	2026-09-24T14:57:38.8195971Z Prepare workflow directory
Repository and GitFlow	Set up job	2026-09-24T14:57:38.8662197Z Prepare all required actions
Repository and GitFlow	Set up job	2026-09-24T14:57:38.8721007Z Getting action download info
Repository and GitFlow	Set up job	2026-09-24T14:57:39.0893089Z Download action repository 'actions/checkout@11d5960a326750d5838078e36cf38b85af677262' (SHA:11d5960a326750d5838078e36cf38b85af677262)
Repository and GitFlow	Set up job	2026-09-24T14:57:39.3029601Z Complete job name: Repository and GitFlow
Repository and GitFlow	Run actions/checkout@11d5960a326750d5838078e36cf38b85af677262	﻿2026-09-24T14:57:39.3768105Z ##[group]Run actions/checkout@11d5960a326750d5838078e36cf38b85af677262
Repository and GitFlow	Run actions/checkout@11d5960a326750d5838078e36cf38b85af677262	2026-09-24T14:57:39.3769115Z with:
Repository and GitFlow	Run actions/checkout@11d5960a326750d5838078e36cf38b85af677262	2026-09-24T14:57:39.3769569Z   persist-credentials: false
Repository and GitFlow	Run actions/checkout@11d5960a326750d5838078e36cf38b85af677262	2026-09-24T14:57:39.3770088Z   fetch-depth: 0
Repository and GitFlow	Run actions/checkout@11d5960a326750d5838078e36cf38b85af677262	2026-09-24T14:57:39.3770541Z   repository: jack0682/rx-solutions
Repository and GitFlow	Run actions/checkout@11d5960a326750d5838078e36cf38b85af677262	2026-09-24T14:57:39.3774014Z   token: ***
Repository and GitFlow	Run actions/checkout@11d5960a326750d5838078e36cf38b85af677262	2026-09-24T14:57:39.3774444Z   ssh-strict: true
Repository and GitFlow	Run actions/checkout@11d5960a326750d5838078e36cf38b85af677262	2026-09-24T14:57:39.3774899Z   ssh-user: git
Repository and GitFlow	Run actions/checkout@11d5960a326750d5838078e36cf38b85af677262	2026-09-24T14:57:39.3775319Z   clean: true
Repository and GitFlow	Run actions/checkout@11d5960a326750d5838078e36cf38b85af677262	2026-09-24T14:57:39.3775770Z   sparse-checkout-cone-mode: true
Repository and GitFlow	Run actions/checkout@11d5960a326750d5838078e36cf38b85af677262	2026-09-24T14:57:39.3776281Z   fetch-tags: false
Repository and GitFlow	Run actions/checkout@11d5960a326750d5838078e36cf38b85af677262	2026-09-24T14:57:39.3776723Z   show-progress: true
Repository and GitFlow	Run actions/checkout@11d5960a326750d5838078e36cf38b85af677262	2026-09-24T14:57:39.3777520Z   lfs: false
Repository and GitFlow	Run actions/checkout@11d5960a326750d5838078e36cf38b85af677262	2026-09-24T14:57:39.3777945Z   submodules: false
Repository and GitFlow	Run actions/checkout@11d5960a326750d5838078e36cf38b85af677262	2026-09-24T14:57:39.3778385Z   set-safe-directory: true
Repository and GitFlow	Run actions/checkout@11d5960a326750d5838078e36cf38b85af677262	2026-09-24T14:57:39.3778873Z   allow-unsafe-pr-checkout: false
Repository and GitFlow	Run actions/checkout@11d5960a326750d5838078e36cf38b85af677262	2026-09-24T14:57:39.3779613Z ##[endgroup]
Repository and GitFlow	Run actions/checkout@11d5960a326750d5838078e36cf38b85af677262	2026-09-24T14:57:39.4734407Z Syncing repository: jack0682/rx-solutions
Repository and GitFlow	Run actions/checkout@11d5960a326750d5838078e36cf38b85af677262	2026-09-24T14:57:39.4736834Z ##[group]Getting Git version info
Repository and GitFlow	Run actions/checkout@11d5960a326750d5838078e36cf38b85af677262	2026-09-24T14:57:39.4738282Z Working directory is '/home/runner/work/rx-solutions/rx-solutions'
Repository and GitFlow	Run actions/checkout@11d5960a326750d5838078e36cf38b85af677262	2026-09-24T14:57:39.4739893Z [command]/usr/bin/git version
Repository and GitFlow	Run actions/checkout@11d5960a326750d5838078e36cf38b85af677262	2026-09-24T14:57:39.4766558Z git version 2.55.0
Repository and GitFlow	Run actions/checkout@11d5960a326750d5838078e36cf38b85af677262	2026-09-24T14:57:39.4786601Z ##[endgroup]
Repository and GitFlow	Run actions/checkout@11d5960a326750d5838078e36cf38b85af677262	2026-09-24T14:57:39.4801691Z Temporarily overriding HOME='/home/runner/work/_temp/80e6e565-0fb5-4bbe-a22e-f8a64b49a497' before making global git config changes
Repository and GitFlow	Run actions/checkout@11d5960a326750d5838078e36cf38b85af677262	2026-09-24T14:57:39.4804203Z Adding repository directory to the temporary git global config as a safe directory
Repository and GitFlow	Run actions/checkout@11d5960a326750d5838078e36cf38b85af677262	2026-09-24T14:57:39.4808353Z [command]/usr/bin/git config --global --add safe.directory /home/runner/work/rx-solutions/rx-solutions
Repository and GitFlow	Run actions/checkout@11d5960a326750d5838078e36cf38b85af677262	2026-09-24T14:57:39.4881124Z Deleting the contents of '/home/runner/work/rx-solutions/rx-solutions'
Repository and GitFlow	Run actions/checkout@11d5960a326750d5838078e36cf38b85af677262	2026-09-24T14:57:39.4882950Z ##[group]Initializing the repository
Repository and GitFlow	Run actions/checkout@11d5960a326750d5838078e36cf38b85af677262	2026-09-24T14:57:39.4884153Z [command]/usr/bin/git init /home/runner/work/rx-solutions/rx-solutions
Repository and GitFlow	Run actions/checkout@11d5960a326750d5838078e36cf38b85af677262	2026-09-24T14:57:39.4984462Z hint: Using 'master' as the name for the initial branch. This default branch name
Repository and GitFlow	Run actions/checkout@11d5960a326750d5838078e36cf38b85af677262	2026-09-24T14:57:39.4986047Z hint: will change to "main" in Git 3.0. To configure the initial branch name
Repository and GitFlow	Run actions/checkout@11d5960a326750d5838078e36cf38b85af677262	2026-09-24T14:57:39.4987558Z hint: to use in all of your new repositories, which will suppress this warning,
Repository and GitFlow	Run actions/checkout@11d5960a326750d5838078e36cf38b85af677262	2026-09-24T14:57:39.4989060Z hint: call:
Repository and GitFlow	Run actions/checkout@11d5960a326750d5838078e36cf38b85af677262	2026-09-24T14:57:39.4989481Z hint:
Repository and GitFlow	Run actions/checkout@11d5960a326750d5838078e36cf38b85af677262	2026-09-24T14:57:39.4990013Z hint: 	git config --global init.defaultBranch <name>
Repository and GitFlow	Run actions/checkout@11d5960a326750d5838078e36cf38b85af677262	2026-09-24T14:57:39.4990649Z hint:
Repository and GitFlow	Run actions/checkout@11d5960a326750d5838078e36cf38b85af677262	2026-09-24T14:57:39.4991243Z hint: Names commonly chosen instead of 'master' are 'main', 'trunk' and
Repository and GitFlow	Run actions/checkout@11d5960a326750d5838078e36cf38b85af677262	2026-09-24T14:57:39.4992367Z hint: 'development'. The just-created branch can be renamed via this command:
Repository and GitFlow	Run actions/checkout@11d5960a326750d5838078e36cf38b85af677262	2026-09-24T14:57:39.4993119Z hint:
Repository and GitFlow	Run actions/checkout@11d5960a326750d5838078e36cf38b85af677262	2026-09-24T14:57:39.4993554Z hint: 	git branch -m <name>
Repository and GitFlow	Run actions/checkout@11d5960a326750d5838078e36cf38b85af677262	2026-09-24T14:57:39.4994194Z hint:
Repository and GitFlow	Run actions/checkout@11d5960a326750d5838078e36cf38b85af677262	2026-09-24T14:57:39.4995107Z hint: Disable this message with "git config set advice.defaultBranchName false"
Repository and GitFlow	Run actions/checkout@11d5960a326750d5838078e36cf38b85af677262	2026-09-24T14:57:39.4996617Z Initialized empty Git repository in /home/runner/work/rx-solutions/rx-solutions/.git/
Repository and GitFlow	Run actions/checkout@11d5960a326750d5838078e36cf38b85af677262	2026-09-24T14:57:39.4999228Z [command]/usr/bin/git remote add origin https://github.com/jack0682/rx-solutions
Repository and GitFlow	Run actions/checkout@11d5960a326750d5838078e36cf38b85af677262	2026-09-24T14:57:39.5040900Z ##[endgroup]
Repository and GitFlow	Run actions/checkout@11d5960a326750d5838078e36cf38b85af677262	2026-09-24T14:57:39.5041889Z ##[group]Disabling automatic garbage collection
Repository and GitFlow	Run actions/checkout@11d5960a326750d5838078e36cf38b85af677262	2026-09-24T14:57:39.5044177Z [command]/usr/bin/git config --local gc.auto 0
Repository and GitFlow	Run actions/checkout@11d5960a326750d5838078e36cf38b85af677262	2026-09-24T14:57:39.5074980Z ##[endgroup]
Repository and GitFlow	Run actions/checkout@11d5960a326750d5838078e36cf38b85af677262	2026-09-24T14:57:39.5075911Z ##[group]Setting up auth
Repository and GitFlow	Run actions/checkout@11d5960a326750d5838078e36cf38b85af677262	2026-09-24T14:57:39.5082574Z [command]/usr/bin/git config --local --name-only --get-regexp core\.sshCommand
Repository and GitFlow	Run actions/checkout@11d5960a326750d5838078e36cf38b85af677262	2026-09-24T14:57:39.5117722Z [command]/usr/bin/git submodule foreach --recursive sh -c "git config --local --name-only --get-regexp 'core\.sshCommand' && git config --local --unset-all 'core.sshCommand' || :"
Repository and GitFlow	Run actions/checkout@11d5960a326750d5838078e36cf38b85af677262	2026-09-24T14:57:39.5476771Z [command]/usr/bin/git config --local --name-only --get-regexp http\.https\:\/\/github\.com\/\.extraheader
Repository and GitFlow	Run actions/checkout@11d5960a326750d5838078e36cf38b85af677262	2026-09-24T14:57:39.5517737Z [command]/usr/bin/git submodule foreach --recursive sh -c "git config --local --name-only --get-regexp 'http\.https\:\/\/github\.com\/\.extraheader' && git config --local --unset-all 'http.https://github.com/.extraheader' || :"
Repository and GitFlow	Run actions/checkout@11d5960a326750d5838078e36cf38b85af677262	2026-09-24T14:57:39.5755877Z [command]/usr/bin/git config --local --name-only --get-regexp ^includeIf\.gitdir:
Repository and GitFlow	Run actions/checkout@11d5960a326750d5838078e36cf38b85af677262	2026-09-24T14:57:39.5795623Z [command]/usr/bin/git submodule foreach --recursive git config --local --show-origin --name-only --get-regexp remote.origin.url
Repository and GitFlow	Run actions/checkout@11d5960a326750d5838078e36cf38b85af677262	2026-09-24T14:57:39.6014369Z [command]/usr/bin/git config --local http.https://github.com/.extraheader AUTHORIZATION: basic ***
Repository and GitFlow	Run actions/checkout@11d5960a326750d5838078e36cf38b85af677262	2026-09-24T14:57:39.6052052Z ##[endgroup]
Repository and GitFlow	Run actions/checkout@11d5960a326750d5838078e36cf38b85af677262	2026-09-24T14:57:39.6053051Z ##[group]Fetching the repository
Repository and GitFlow	Run actions/checkout@11d5960a326750d5838078e36cf38b85af677262	2026-09-24T14:57:39.6061546Z [command]/usr/bin/git -c protocol.version=2 fetch --prune --no-recurse-submodules origin +refs/heads/*:refs/remotes/origin/* +refs/tags/*:refs/tags/* +abda6f8637ec17c3d35d91bfe0a6012f8129cea2:refs/remotes/pull/36/merge
Repository and GitFlow	Run actions/checkout@11d5960a326750d5838078e36cf38b85af677262	2026-09-24T14:57:40.0294667Z From https://github.com/jack0682/rx-solutions
Repository and GitFlow	Run actions/checkout@11d5960a326750d5838078e36cf38b85af677262	2026-09-24T14:57:40.0296331Z  * [new branch]      develop                                  -> origin/develop
Repository and GitFlow	Run actions/checkout@11d5960a326750d5838078e36cf38b85af677262	2026-09-24T14:57:40.0298412Z  * [new branch]      feature/g2-authenticated-release-origin  -> origin/feature/g2-authenticated-release-origin
Repository and GitFlow	Run actions/checkout@11d5960a326750d5838078e36cf38b85af677262	2026-09-24T14:57:40.0300536Z  * [new branch]      main                                     -> origin/main
Repository and GitFlow	Run actions/checkout@11d5960a326750d5838078e36cf38b85af677262	2026-09-24T14:57:40.0302419Z  * [new tag]         archive/initial-draft-2026-09-14         -> archive/initial-draft-2026-09-14
Repository and GitFlow	Run actions/checkout@11d5960a326750d5838078e36cf38b85af677262	2026-09-24T14:57:40.0304690Z  * [new tag]         archive/investigation-wip-2026-09-14     -> archive/investigation-wip-2026-09-14
Repository and GitFlow	Run actions/checkout@11d5960a326750d5838078e36cf38b85af677262	2026-09-24T14:57:40.0306677Z  * [new tag]         codex/initial-draft                      -> codex/initial-draft
Repository and GitFlow	Run actions/checkout@11d5960a326750d5838078e36cf38b85af677262	2026-09-24T14:57:40.0308661Z  * [new tag]         codex/investigation-wip                  -> codex/investigation-wip
Repository and GitFlow	Run actions/checkout@11d5960a326750d5838078e36cf38b85af677262	2026-09-24T14:57:40.0310411Z  * [new tag]         draft-v0.1                               -> draft-v0.1
Repository and GitFlow	Run actions/checkout@11d5960a326750d5838078e36cf38b85af677262	2026-09-24T14:57:40.0312275Z  * [new ref]         abda6f8637ec17c3d35d91bfe0a6012f8129cea2 -> pull/36/merge
Repository and GitFlow	Run actions/checkout@11d5960a326750d5838078e36cf38b85af677262	2026-09-24T14:57:40.0315663Z ##[endgroup]
Repository and GitFlow	Run actions/checkout@11d5960a326750d5838078e36cf38b85af677262	2026-09-24T14:57:40.0316897Z ##[group]Determining the checkout info
Repository and GitFlow	Run actions/checkout@11d5960a326750d5838078e36cf38b85af677262	2026-09-24T14:57:40.0318886Z ##[endgroup]
Repository and GitFlow	Run actions/checkout@11d5960a326750d5838078e36cf38b85af677262	2026-09-24T14:57:40.0319734Z [command]/usr/bin/git sparse-checkout disable
Repository and GitFlow	Run actions/checkout@11d5960a326750d5838078e36cf38b85af677262	2026-09-24T14:57:40.0365765Z [command]/usr/bin/git config --local --unset-all extensions.worktreeConfig
Repository and GitFlow	Run actions/checkout@11d5960a326750d5838078e36cf38b85af677262	2026-09-24T14:57:40.0399312Z ##[group]Checking out the ref
Repository and GitFlow	Run actions/checkout@11d5960a326750d5838078e36cf38b85af677262	2026-09-24T14:57:40.0402609Z [command]/usr/bin/git checkout --progress --force refs/remotes/pull/36/merge
Repository and GitFlow	Run actions/checkout@11d5960a326750d5838078e36cf38b85af677262	2026-09-24T14:57:40.0872630Z Note: switching to 'refs/remotes/pull/36/merge'.
Repository and GitFlow	Run actions/checkout@11d5960a326750d5838078e36cf38b85af677262	2026-09-24T14:57:40.0873437Z 
Repository and GitFlow	Run actions/checkout@11d5960a326750d5838078e36cf38b85af677262	2026-09-24T14:57:40.0874013Z You are in 'detached HEAD' state. You can look around, make experimental
Repository and GitFlow	Run actions/checkout@11d5960a326750d5838078e36cf38b85af677262	2026-09-24T14:57:40.0875389Z changes and commit them, and you can discard any commits you make in this
Repository and GitFlow	Run actions/checkout@11d5960a326750d5838078e36cf38b85af677262	2026-09-24T14:57:40.0876507Z state without impacting any branches by switching back to a branch.
Repository and GitFlow	Run actions/checkout@11d5960a326750d5838078e36cf38b85af677262	2026-09-24T14:57:40.0877216Z 
Repository and GitFlow	Run actions/checkout@11d5960a326750d5838078e36cf38b85af677262	2026-09-24T14:57:40.0877605Z If you want to create a new branch to retain commits you create, you may
Repository and GitFlow	Run actions/checkout@11d5960a326750d5838078e36cf38b85af677262	2026-09-24T14:57:40.0878543Z do so (now or later) by using -c with the switch command. Example:
Repository and GitFlow	Run actions/checkout@11d5960a326750d5838078e36cf38b85af677262	2026-09-24T14:57:40.0879072Z 
Repository and GitFlow	Run actions/checkout@11d5960a326750d5838078e36cf38b85af677262	2026-09-24T14:57:40.0879432Z   git switch -c <new-branch-name>
Repository and GitFlow	Run actions/checkout@11d5960a326750d5838078e36cf38b85af677262	2026-09-24T14:57:40.0879932Z 
Repository and GitFlow	Run actions/checkout@11d5960a326750d5838078e36cf38b85af677262	2026-09-24T14:57:40.0880255Z Or undo this operation with:
Repository and GitFlow	Run actions/checkout@11d5960a326750d5838078e36cf38b85af677262	2026-09-24T14:57:40.0880788Z 
Repository and GitFlow	Run actions/checkout@11d5960a326750d5838078e36cf38b85af677262	2026-09-24T14:57:40.0881085Z   git switch -
Repository and GitFlow	Run actions/checkout@11d5960a326750d5838078e36cf38b85af677262	2026-09-24T14:57:40.0881463Z 
Repository and GitFlow	Run actions/checkout@11d5960a326750d5838078e36cf38b85af677262	2026-09-24T14:57:40.0882051Z Turn off this advice by setting config variable advice.detachedHead to false
Repository and GitFlow	Run actions/checkout@11d5960a326750d5838078e36cf38b85af677262	2026-09-24T14:57:40.0883038Z 
Repository and GitFlow	Run actions/checkout@11d5960a326750d5838078e36cf38b85af677262	2026-09-24T14:57:40.0884181Z HEAD is now at abda6f8 Merge 194b20976919726243bfec6388fb0219ebdecbc5 into 5a3e2a20a6a826dab135e817b96a0c264ad444f1
Repository and GitFlow	Run actions/checkout@11d5960a326750d5838078e36cf38b85af677262	2026-09-24T14:57:40.0887870Z ##[endgroup]
Repository and GitFlow	Run actions/checkout@11d5960a326750d5838078e36cf38b85af677262	2026-09-24T14:57:40.0934549Z [command]/usr/bin/git log -1 --format=%H
Repository and GitFlow	Run actions/checkout@11d5960a326750d5838078e36cf38b85af677262	2026-09-24T14:57:40.0962840Z abda6f8637ec17c3d35d91bfe0a6012f8129cea2
Repository and GitFlow	Run actions/checkout@11d5960a326750d5838078e36cf38b85af677262	2026-09-24T14:57:40.0972443Z ##[group]Removing auth
Repository and GitFlow	Run actions/checkout@11d5960a326750d5838078e36cf38b85af677262	2026-09-24T14:57:40.0976908Z [command]/usr/bin/git config --local --name-only --get-regexp core\.sshCommand
Repository and GitFlow	Run actions/checkout@11d5960a326750d5838078e36cf38b85af677262	2026-09-24T14:57:40.1012436Z [command]/usr/bin/git submodule foreach --recursive sh -c "git config --local --name-only --get-regexp 'core\.sshCommand' && git config --local --unset-all 'core.sshCommand' || :"
Repository and GitFlow	Run actions/checkout@11d5960a326750d5838078e36cf38b85af677262	2026-09-24T14:57:40.1244496Z [command]/usr/bin/git config --local --name-only --get-regexp http\.https\:\/\/github\.com\/\.extraheader
Repository and GitFlow	Run actions/checkout@11d5960a326750d5838078e36cf38b85af677262	2026-09-24T14:57:40.1271720Z http.https://github.com/.extraheader
Repository and GitFlow	Run actions/checkout@11d5960a326750d5838078e36cf38b85af677262	2026-09-24T14:57:40.1278836Z [command]/usr/bin/git config --local --unset-all http.https://github.com/.extraheader
Repository and GitFlow	Run actions/checkout@11d5960a326750d5838078e36cf38b85af677262	2026-09-24T14:57:40.1312657Z [command]/usr/bin/git submodule foreach --recursive sh -c "git config --local --name-only --get-regexp 'http\.https\:\/\/github\.com\/\.extraheader' && git config --local --unset-all 'http.https://github.com/.extraheader' || :"
Repository and GitFlow	Run actions/checkout@11d5960a326750d5838078e36cf38b85af677262	2026-09-24T14:57:40.1537292Z [command]/usr/bin/git config --local --name-only --get-regexp ^includeIf\.gitdir:
Repository and GitFlow	Run actions/checkout@11d5960a326750d5838078e36cf38b85af677262	2026-09-24T14:57:40.1570199Z [command]/usr/bin/git submodule foreach --recursive git config --local --show-origin --name-only --get-regexp remote.origin.url
Repository and GitFlow	Run actions/checkout@11d5960a326750d5838078e36cf38b85af677262	2026-09-24T14:57:40.1799380Z ##[endgroup]
Repository and GitFlow	Test repository checks	﻿2026-09-24T14:57:40.2038811Z ##[group]Run python3 .github/test_repository.py
Repository and GitFlow	Test repository checks	2026-09-24T14:57:40.2039946Z ^[[36;1mpython3 .github/test_repository.py^[[0m
Repository and GitFlow	Test repository checks	2026-09-24T14:57:40.2040932Z ^[[36;1mpython3 .github/test_commit_policy.py^[[0m
Repository and GitFlow	Test repository checks	2026-09-24T14:57:40.2086328Z shell: /usr/bin/bash --noprofile --norc -e -o pipefail {0}
Repository and GitFlow	Test repository checks	2026-09-24T14:57:40.2087556Z ##[endgroup]
Repository and GitFlow	Test repository checks	2026-09-24T14:57:40.4102074Z ........................
Repository and GitFlow	Test repository checks	2026-09-24T14:57:40.4104016Z ----------------------------------------------------------------------
Repository and GitFlow	Test repository checks	2026-09-24T14:57:40.4105772Z Ran 24 tests in 0.010s
Repository and GitFlow	Test repository checks	2026-09-24T14:57:40.4106493Z 
Repository and GitFlow	Test repository checks	2026-09-24T14:57:40.4107230Z OK
Repository and GitFlow	Test repository checks	2026-09-24T14:57:44.0985920Z .................
Repository and GitFlow	Test repository checks	2026-09-24T14:57:44.0986711Z ----------------------------------------------------------------------
Repository and GitFlow	Test repository checks	2026-09-24T14:57:44.0987454Z Ran 17 tests in 3.601s
Repository and GitFlow	Test repository checks	2026-09-24T14:57:44.0987694Z 
Repository and GitFlow	Test repository checks	2026-09-24T14:57:44.0987873Z OK
Repository and GitFlow	Test browser server lifecycle helper	﻿2026-09-24T14:57:44.1270140Z ##[group]Run python3 apps/operator/tests/test_with_servers.py
Repository and GitFlow	Test browser server lifecycle helper	2026-09-24T14:57:44.1270703Z ^[[36;1mpython3 apps/operator/tests/test_with_servers.py^[[0m
Repository and GitFlow	Test browser server lifecycle helper	2026-09-24T14:57:44.1311971Z shell: /usr/bin/bash --noprofile --norc -e -o pipefail {0}
Repository and GitFlow	Test browser server lifecycle helper	2026-09-24T14:57:44.1312393Z ##[endgroup]
Repository and GitFlow	Test browser server lifecycle helper	2026-09-24T14:57:44.6142838Z ....
Repository and GitFlow	Test browser server lifecycle helper	2026-09-24T14:57:44.6143814Z ----------------------------------------------------------------------
Repository and GitFlow	Test browser server lifecycle helper	2026-09-24T14:57:44.6144182Z Ran 4 tests in 0.432s
Repository and GitFlow	Test browser server lifecycle helper	2026-09-24T14:57:44.6144360Z 
Repository and GitFlow	Test browser server lifecycle helper	2026-09-24T14:57:44.6144471Z OK
Repository and GitFlow	Check DCO and verified OpenPGP signatures	﻿2026-09-24T14:57:44.6275731Z ##[group]Run python3 tools/check_commit_policy.py --head "$HEAD_SHA" --github-repository "$GITHUB_REPOSITORY"
Repository and GitFlow	Check DCO and verified OpenPGP signatures	2026-09-24T14:57:44.6276513Z ^[[36;1mpython3 tools/check_commit_policy.py --head "$HEAD_SHA" --github-repository "$GITHUB_REPOSITORY"^[[0m
Repository and GitFlow	Check DCO and verified OpenPGP signatures	2026-09-24T14:57:44.6315355Z shell: /usr/bin/bash --noprofile --norc -e -o pipefail {0}
Repository and GitFlow	Check DCO and verified OpenPGP signatures	2026-09-24T14:57:44.6315682Z env:
Repository and GitFlow	Check DCO and verified OpenPGP signatures	2026-09-24T14:57:44.6318235Z   GH_TOKEN: ***
Repository and GitFlow	Check DCO and verified OpenPGP signatures	2026-09-24T14:57:44.6318500Z   HEAD_SHA: 194b20976919726243bfec6388fb0219ebdecbc5
Repository and GitFlow	Check DCO and verified OpenPGP signatures	2026-09-24T14:57:44.6318790Z ##[endgroup]
Repository and GitFlow	Check DCO and verified OpenPGP signatures	2026-09-24T14:58:14.7169282Z HISTORICAL DCO VIOLATION (unresolved): jack0682/rx-solutions@041f4724cf3ab96debc9e8f08d25a64274d41ca0; missing author signoff; recorded policy exception, not certification
Repository and GitFlow	Check DCO and verified OpenPGP signatures	2026-09-24T14:58:14.7171845Z OK: 75 commits audited; 74 author sign-offs; 1 recorded historical DCO violations; all signatures verified OpenPGP
Repository and GitFlow	Validate PR branch route	﻿2026-09-24T14:58:14.7277634Z ##[group]Run python3 tools/check_repository.py --event "$GITHUB_EVENT_PATH"
Repository and GitFlow	Validate PR branch route	2026-09-24T14:58:14.7278122Z ^[[36;1mpython3 tools/check_repository.py --event "$GITHUB_EVENT_PATH"^[[0m
Repository and GitFlow	Validate PR branch route	2026-09-24T14:58:14.7312033Z shell: /usr/bin/bash --noprofile --norc -e -o pipefail {0}
Repository and GitFlow	Validate PR branch route	2026-09-24T14:58:14.7312346Z ##[endgroup]
Repository and GitFlow	Validate PR branch route	2026-09-24T14:58:14.7669739Z Repository checks passed.
Repository and GitFlow	Validate JSON, local links and contract integrity	﻿2026-09-24T14:58:14.7743228Z ##[group]Run python3 tools/check_repository.py
Repository and GitFlow	Validate JSON, local links and contract integrity	2026-09-24T14:58:14.7743597Z ^[[36;1mpython3 tools/check_repository.py^[[0m
Repository and GitFlow	Validate JSON, local links and contract integrity	2026-09-24T14:58:14.7776453Z shell: /usr/bin/bash --noprofile --norc -e -o pipefail {0}
Repository and GitFlow	Validate JSON, local links and contract integrity	2026-09-24T14:58:14.7776752Z ##[endgroup]
Repository and GitFlow	Validate JSON, local links and contract integrity	2026-09-24T14:58:14.9171768Z Checked 55 JSON files, local targets in 92 Markdown files, and two contract baselines; 0 links outside this checkout are not checked.
Repository and GitFlow	Validate JSON, local links and contract integrity	2026-09-24T14:58:14.9172826Z Repository checks passed.
Repository and GitFlow	Check invariant traceability	﻿2026-09-24T14:58:14.9261218Z ##[group]Run python3 tools/check_invariant_traceability.py
Repository and GitFlow	Check invariant traceability	2026-09-24T14:58:14.9261634Z ^[[36;1mpython3 tools/check_invariant_traceability.py^[[0m
Repository and GitFlow	Check invariant traceability	2026-09-24T14:58:14.9294919Z shell: /usr/bin/bash --noprofile --norc -e -o pipefail {0}
Repository and GitFlow	Check invariant traceability	2026-09-24T14:58:14.9295229Z ##[endgroup]
Repository and GitFlow	Check invariant traceability	2026-09-24T14:58:15.0120385Z Invariant traceability: I=12 OI=18; declared=7 uncovered=23; test links=10. Semantic coverage not checked.
Repository and GitFlow	Check device catalog sources and native inventory regressions	﻿2026-09-24T14:58:15.0196405Z ##[group]Run python3 tools/check_device_catalog_sources.py
Repository and GitFlow	Check device catalog sources and native inventory regressions	2026-09-24T14:58:15.0196839Z ^[[36;1mpython3 tools/check_device_catalog_sources.py^[[0m
Repository and GitFlow	Check device catalog sources and native inventory regressions	2026-09-24T14:58:15.0197482Z ^[[36;1mpython3 tools/test_native_inventory.py^[[0m
Repository and GitFlow	Check device catalog sources and native inventory regressions	2026-09-24T14:58:15.0233740Z shell: /usr/bin/bash --noprofile --norc -e -o pipefail {0}
Repository and GitFlow	Check device catalog sources and native inventory regressions	2026-09-24T14:58:15.0234074Z ##[endgroup]
Repository and GitFlow	Check device catalog sources and native inventory regressions	2026-09-24T14:58:15.0626843Z {"schema": "rx.catalog-source-check.v1", "status": "PASS", "external_repositories": 0, "profiles": 4, "unique_source_files": 1, "catalog_sha256": "669aaf825d542bf3173ab49072350b488e2f71826dfd9492e006d059a3c2ccbd", "scope": "Source identity and declarations only; synthetic fixtures are not physical equipment qualification."}
Repository and GitFlow	Check device catalog sources and native inventory regressions	2026-09-24T14:58:15.2015433Z Native source mutation and mode drift rejected
Repository and GitFlow	Post Run actions/checkout@11d5960a326750d5838078e36cf38b85af677262	﻿2026-09-24T14:58:15.2192974Z Post job cleanup.
Repository and GitFlow	Post Run actions/checkout@11d5960a326750d5838078e36cf38b85af677262	2026-09-24T14:58:15.3031242Z [command]/usr/bin/git version
Repository and GitFlow	Post Run actions/checkout@11d5960a326750d5838078e36cf38b85af677262	2026-09-24T14:58:15.3075819Z git version 2.55.0
Repository and GitFlow	Post Run actions/checkout@11d5960a326750d5838078e36cf38b85af677262	2026-09-24T14:58:15.3110949Z Temporarily overriding HOME='/home/runner/work/_temp/7107032c-1e4d-40ef-8010-689ff1783742' before making global git config changes
Repository and GitFlow	Post Run actions/checkout@11d5960a326750d5838078e36cf38b85af677262	2026-09-24T14:58:15.3112260Z Adding repository directory to the temporary git global config as a safe directory
Repository and GitFlow	Post Run actions/checkout@11d5960a326750d5838078e36cf38b85af677262	2026-09-24T14:58:15.3116561Z [command]/usr/bin/git config --global --add safe.directory /home/runner/work/rx-solutions/rx-solutions
Repository and GitFlow	Post Run actions/checkout@11d5960a326750d5838078e36cf38b85af677262	2026-09-24T14:58:15.3156426Z [command]/usr/bin/git config --local --name-only --get-regexp core\.sshCommand
Repository and GitFlow	Post Run actions/checkout@11d5960a326750d5838078e36cf38b85af677262	2026-09-24T14:58:15.3202649Z [command]/usr/bin/git submodule foreach --recursive sh -c "git config --local --name-only --get-regexp 'core\.sshCommand' && git config --local --unset-all 'core.sshCommand' || :"
Repository and GitFlow	Post Run actions/checkout@11d5960a326750d5838078e36cf38b85af677262	2026-09-24T14:58:15.3448443Z [command]/usr/bin/git config --local --name-only --get-regexp http\.https\:\/\/github\.com\/\.extraheader
Repository and GitFlow	Post Run actions/checkout@11d5960a326750d5838078e36cf38b85af677262	2026-09-24T14:58:15.3487599Z [command]/usr/bin/git submodule foreach --recursive sh -c "git config --local --name-only --get-regexp 'http\.https\:\/\/github\.com\/\.extraheader' && git config --local --unset-all 'http.https://github.com/.extraheader' || :"
Repository and GitFlow	Post Run actions/checkout@11d5960a326750d5838078e36cf38b85af677262	2026-09-24T14:58:15.3761574Z [command]/usr/bin/git config --local --name-only --get-regexp ^includeIf\.gitdir:
Repository and GitFlow	Post Run actions/checkout@11d5960a326750d5838078e36cf38b85af677262	2026-09-24T14:58:15.3798473Z [command]/usr/bin/git submodule foreach --recursive git config --local --show-origin --name-only --get-regexp remote.origin.url
Repository and GitFlow	Complete job	﻿2026-09-24T14:58:15.4222663Z Cleaning up orphan processes
Repository and GitFlow	Complete job	2026-09-24T14:58:15.4492075Z ##[warning]Node.js 20 is deprecated. The following actions target Node.js 20 but are being forced to run on Node.js 24: actions/checkout@11d5960a326750d5838078e36cf38b85af677262. For more information see: https://github.blog/changelog/2025-09-19-deprecation-of-node-20-on-github-actions-runners/
Rust	Set up job	﻿2026-09-24T14:57:39.5064490Z Current runner version: '2.337.0'
Rust	Set up job	2026-09-24T14:57:39.5085805Z ##[group]Runner Image Provisioner
Rust	Set up job	2026-09-24T14:57:39.5086537Z Hosted Compute Agent
Rust	Set up job	2026-09-24T14:57:39.5087128Z Version: 20260828.587
Rust	Set up job	2026-09-24T14:57:39.5087654Z Commit: abac92662cab4cc7352de4f9f9d2e2419aad9c29
Rust	Set up job	2026-09-24T14:57:39.5088317Z Build Date: 2026-08-28T16:44:25Z
Rust	Set up job	2026-09-24T14:57:39.5088890Z Worker ID: {1e61c07b-63db-4785-acf1-2e9c6bd35bf8}
Rust	Set up job	2026-09-24T14:57:39.5089500Z Azure Region: westcentralus
Rust	Set up job	2026-09-24T14:57:39.5090056Z ##[endgroup]
Rust	Set up job	2026-09-24T14:57:39.5091127Z ##[group]Operating System
Rust	Set up job	2026-09-24T14:57:39.5091659Z Ubuntu
Rust	Set up job	2026-09-24T14:57:39.5092165Z 24.04.5
Rust	Set up job	2026-09-24T14:57:39.5092602Z LTS
Rust	Set up job	2026-09-24T14:57:39.5093102Z ##[endgroup]
Rust	Set up job	2026-09-24T14:57:39.5093584Z ##[group]Runner Image
Rust	Set up job	2026-09-24T14:57:39.5094081Z Image: ubuntu-24.04
Rust	Set up job	2026-09-24T14:57:39.5094805Z Version: 20260907.300.1
Rust	Set up job	2026-09-24T14:57:39.5095668Z Included Software: https://github.com/actions/runner-images/blob/ubuntu24/20260907.300/images/ubuntu/Ubuntu2404-Readme.md
Rust	Set up job	2026-09-24T14:57:39.5097130Z Image Release: https://github.com/actions/runner-images/releases/tag/ubuntu24%2F20260907.300
Rust	Set up job	2026-09-24T14:57:39.5097946Z ##[endgroup]
Rust	Set up job	2026-09-24T14:57:39.5098867Z ##[group]GITHUB_TOKEN Permissions
Rust	Set up job	2026-09-24T14:57:39.5100370Z Contents: read
Rust	Set up job	2026-09-24T14:57:39.5100954Z Metadata: read
Rust	Set up job	2026-09-24T14:57:39.5101449Z ##[endgroup]
Rust	Set up job	2026-09-24T14:57:39.5103482Z Secret source: Actions
Rust	Set up job	2026-09-24T14:57:39.5104571Z Cache mode: write
Rust	Set up job	2026-09-24T14:57:39.5105319Z Prepare workflow directory
Rust	Set up job	2026-09-24T14:57:39.5429661Z Prepare all required actions
Rust	Set up job	2026-09-24T14:57:39.5467814Z Getting action download info
Rust	Set up job	2026-09-24T14:57:39.8493864Z Download action repository 'actions/checkout@11d5960a326750d5838078e36cf38b85af677262' (SHA:11d5960a326750d5838078e36cf38b85af677262)
Rust	Set up job	2026-09-24T14:57:39.9616313Z Download action repository 'actions/cache@0057852bfaa89a56745cba8c7296529d2fc39830' (SHA:0057852bfaa89a56745cba8c7296529d2fc39830)
Rust	Set up job	2026-09-24T14:57:40.1870850Z Complete job name: Rust
Rust	Run actions/checkout@11d5960a326750d5838078e36cf38b85af677262	﻿2026-09-24T14:57:40.2457951Z ##[group]Run actions/checkout@11d5960a326750d5838078e36cf38b85af677262
Rust	Run actions/checkout@11d5960a326750d5838078e36cf38b85af677262	2026-09-24T14:57:40.2458760Z with:
Rust	Run actions/checkout@11d5960a326750d5838078e36cf38b85af677262	2026-09-24T14:57:40.2459110Z   persist-credentials: false
Rust	Run actions/checkout@11d5960a326750d5838078e36cf38b85af677262	2026-09-24T14:57:40.2459535Z   repository: jack0682/rx-solutions
Rust	Run actions/checkout@11d5960a326750d5838078e36cf38b85af677262	2026-09-24T14:57:40.2462506Z   token: ***
Rust	Run actions/checkout@11d5960a326750d5838078e36cf38b85af677262	2026-09-24T14:57:40.2462854Z   ssh-strict: true
Rust	Run actions/checkout@11d5960a326750d5838078e36cf38b85af677262	2026-09-24T14:57:40.2463205Z   ssh-user: git
Rust	Run actions/checkout@11d5960a326750d5838078e36cf38b85af677262	2026-09-24T14:57:40.2463539Z   clean: true
Rust	Run actions/checkout@11d5960a326750d5838078e36cf38b85af677262	2026-09-24T14:57:40.2463888Z   sparse-checkout-cone-mode: true
Rust	Run actions/checkout@11d5960a326750d5838078e36cf38b85af677262	2026-09-24T14:57:40.2464439Z   fetch-depth: 1
Rust	Run actions/checkout@11d5960a326750d5838078e36cf38b85af677262	2026-09-24T14:57:40.2464783Z   fetch-tags: false
Rust	Run actions/checkout@11d5960a326750d5838078e36cf38b85af677262	2026-09-24T14:57:40.2465133Z   show-progress: true
Rust	Run actions/checkout@11d5960a326750d5838078e36cf38b85af677262	2026-09-24T14:57:40.2465483Z   lfs: false
Rust	Run actions/checkout@11d5960a326750d5838078e36cf38b85af677262	2026-09-24T14:57:40.2465810Z   submodules: false
Rust	Run actions/checkout@11d5960a326750d5838078e36cf38b85af677262	2026-09-24T14:57:40.2466162Z   set-safe-directory: true
Rust	Run actions/checkout@11d5960a326750d5838078e36cf38b85af677262	2026-09-24T14:57:40.2466569Z   allow-unsafe-pr-checkout: false
Rust	Run actions/checkout@11d5960a326750d5838078e36cf38b85af677262	2026-09-24T14:57:40.2467116Z env:
Rust	Run actions/checkout@11d5960a326750d5838078e36cf38b85af677262	2026-09-24T14:57:40.2467443Z   CARGO_TERM_COLOR: always
Rust	Run actions/checkout@11d5960a326750d5838078e36cf38b85af677262	2026-09-24T14:57:40.2467819Z   RUST_BACKTRACE: 1
Rust	Run actions/checkout@11d5960a326750d5838078e36cf38b85af677262	2026-09-24T14:57:40.2468165Z ##[endgroup]
Rust	Run actions/checkout@11d5960a326750d5838078e36cf38b85af677262	2026-09-24T14:57:40.3263294Z Syncing repository: jack0682/rx-solutions
Rust	Run actions/checkout@11d5960a326750d5838078e36cf38b85af677262	2026-09-24T14:57:40.3265580Z ##[group]Getting Git version info
Rust	Run actions/checkout@11d5960a326750d5838078e36cf38b85af677262	2026-09-24T14:57:40.3266543Z Working directory is '/home/runner/work/rx-solutions/rx-solutions'
Rust	Run actions/checkout@11d5960a326750d5838078e36cf38b85af677262	2026-09-24T14:57:40.3267821Z [command]/usr/bin/git version
Rust	Run actions/checkout@11d5960a326750d5838078e36cf38b85af677262	2026-09-24T14:57:40.3296804Z git version 2.55.0
Rust	Run actions/checkout@11d5960a326750d5838078e36cf38b85af677262	2026-09-24T14:57:40.3311958Z ##[endgroup]
Rust	Run actions/checkout@11d5960a326750d5838078e36cf38b85af677262	2026-09-24T14:57:40.3323416Z Temporarily overriding HOME='/home/runner/work/_temp/a01a87dc-92a5-4809-9983-2c97dfb0fc00' before making global git config changes
Rust	Run actions/checkout@11d5960a326750d5838078e36cf38b85af677262	2026-09-24T14:57:40.3325375Z Adding repository directory to the temporary git global config as a safe directory
Rust	Run actions/checkout@11d5960a326750d5838078e36cf38b85af677262	2026-09-24T14:57:40.3327483Z [command]/usr/bin/git config --global --add safe.directory /home/runner/work/rx-solutions/rx-solutions
Rust	Run actions/checkout@11d5960a326750d5838078e36cf38b85af677262	2026-09-24T14:57:40.3366086Z Deleting the contents of '/home/runner/work/rx-solutions/rx-solutions'
Rust	Run actions/checkout@11d5960a326750d5838078e36cf38b85af677262	2026-09-24T14:57:40.3369238Z ##[group]Initializing the repository
Rust	Run actions/checkout@11d5960a326750d5838078e36cf38b85af677262	2026-09-24T14:57:40.3372297Z [command]/usr/bin/git init /home/runner/work/rx-solutions/rx-solutions
Rust	Run actions/checkout@11d5960a326750d5838078e36cf38b85af677262	2026-09-24T14:57:40.3446598Z hint: Using 'master' as the name for the initial branch. This default branch name
Rust	Run actions/checkout@11d5960a326750d5838078e36cf38b85af677262	2026-09-24T14:57:40.3448336Z hint: will change to "main" in Git 3.0. To configure the initial branch name
Rust	Run actions/checkout@11d5960a326750d5838078e36cf38b85af677262	2026-09-24T14:57:40.3449679Z hint: to use in all of your new repositories, which will suppress this warning,
Rust	Run actions/checkout@11d5960a326750d5838078e36cf38b85af677262	2026-09-24T14:57:40.3450835Z hint: call:
Rust	Run actions/checkout@11d5960a326750d5838078e36cf38b85af677262	2026-09-24T14:57:40.3451658Z hint:
Rust	Run actions/checkout@11d5960a326750d5838078e36cf38b85af677262	2026-09-24T14:57:40.3452367Z hint: 	git config --global init.defaultBranch <name>
Rust	Run actions/checkout@11d5960a326750d5838078e36cf38b85af677262	2026-09-24T14:57:40.3453180Z hint:
Rust	Run actions/checkout@11d5960a326750d5838078e36cf38b85af677262	2026-09-24T14:57:40.3453927Z hint: Names commonly chosen instead of 'master' are 'main', 'trunk' and
Rust	Run actions/checkout@11d5960a326750d5838078e36cf38b85af677262	2026-09-24T14:57:40.3455424Z hint: 'development'. The just-created branch can be renamed via this command:
Rust	Run actions/checkout@11d5960a326750d5838078e36cf38b85af677262	2026-09-24T14:57:40.3456033Z hint:
Rust	Run actions/checkout@11d5960a326750d5838078e36cf38b85af677262	2026-09-24T14:57:40.3456372Z hint: 	git branch -m <name>
Rust	Run actions/checkout@11d5960a326750d5838078e36cf38b85af677262	2026-09-24T14:57:40.3456752Z hint:
Rust	Run actions/checkout@11d5960a326750d5838078e36cf38b85af677262	2026-09-24T14:57:40.3457237Z hint: Disable this message with "git config set advice.defaultBranchName false"
Rust	Run actions/checkout@11d5960a326750d5838078e36cf38b85af677262	2026-09-24T14:57:40.3458025Z Initialized empty Git repository in /home/runner/work/rx-solutions/rx-solutions/.git/
Rust	Run actions/checkout@11d5960a326750d5838078e36cf38b85af677262	2026-09-24T14:57:40.3461275Z [command]/usr/bin/git remote add origin https://github.com/jack0682/rx-solutions
Rust	Run actions/checkout@11d5960a326750d5838078e36cf38b85af677262	2026-09-24T14:57:40.3532236Z ##[endgroup]
Rust	Run actions/checkout@11d5960a326750d5838078e36cf38b85af677262	2026-09-24T14:57:40.3533187Z ##[group]Disabling automatic garbage collection
Rust	Run actions/checkout@11d5960a326750d5838078e36cf38b85af677262	2026-09-24T14:57:40.3536711Z [command]/usr/bin/git config --local gc.auto 0
Rust	Run actions/checkout@11d5960a326750d5838078e36cf38b85af677262	2026-09-24T14:57:40.3568596Z ##[endgroup]
Rust	Run actions/checkout@11d5960a326750d5838078e36cf38b85af677262	2026-09-24T14:57:40.3569571Z ##[group]Setting up auth
Rust	Run actions/checkout@11d5960a326750d5838078e36cf38b85af677262	2026-09-24T14:57:40.3576459Z [command]/usr/bin/git config --local --name-only --get-regexp core\.sshCommand
Rust	Run actions/checkout@11d5960a326750d5838078e36cf38b85af677262	2026-09-24T14:57:40.3610116Z [command]/usr/bin/git submodule foreach --recursive sh -c "git config --local --name-only --get-regexp 'core\.sshCommand' && git config --local --unset-all 'core.sshCommand' || :"
Rust	Run actions/checkout@11d5960a326750d5838078e36cf38b85af677262	2026-09-24T14:57:40.3892934Z [command]/usr/bin/git config --local --name-only --get-regexp http\.https\:\/\/github\.com\/\.extraheader
Rust	Run actions/checkout@11d5960a326750d5838078e36cf38b85af677262	2026-09-24T14:57:40.3930315Z [command]/usr/bin/git submodule foreach --recursive sh -c "git config --local --name-only --get-regexp 'http\.https\:\/\/github\.com\/\.extraheader' && git config --local --unset-all 'http.https://github.com/.extraheader' || :"
Rust	Run actions/checkout@11d5960a326750d5838078e36cf38b85af677262	2026-09-24T14:57:40.4134612Z [command]/usr/bin/git config --local --name-only --get-regexp ^includeIf\.gitdir:
Rust	Run actions/checkout@11d5960a326750d5838078e36cf38b85af677262	2026-09-24T14:57:40.4166222Z [command]/usr/bin/git submodule foreach --recursive git config --local --show-origin --name-only --get-regexp remote.origin.url
Rust	Run actions/checkout@11d5960a326750d5838078e36cf38b85af677262	2026-09-24T14:57:40.4352806Z [command]/usr/bin/git config --local http.https://github.com/.extraheader AUTHORIZATION: basic ***
Rust	Run actions/checkout@11d5960a326750d5838078e36cf38b85af677262	2026-09-24T14:57:40.4385804Z ##[endgroup]
Rust	Run actions/checkout@11d5960a326750d5838078e36cf38b85af677262	2026-09-24T14:57:40.4386573Z ##[group]Fetching the repository
Rust	Run actions/checkout@11d5960a326750d5838078e36cf38b85af677262	2026-09-24T14:57:40.4393635Z [command]/usr/bin/git -c protocol.version=2 fetch --no-tags --prune --no-recurse-submodules --depth=1 origin +abda6f8637ec17c3d35d91bfe0a6012f8129cea2:refs/remotes/pull/36/merge
Rust	Run actions/checkout@11d5960a326750d5838078e36cf38b85af677262	2026-09-24T14:57:41.4797907Z From https://github.com/jack0682/rx-solutions
Rust	Run actions/checkout@11d5960a326750d5838078e36cf38b85af677262	2026-09-24T14:57:41.4799024Z  * [new ref]         abda6f8637ec17c3d35d91bfe0a6012f8129cea2 -> pull/36/merge
Rust	Run actions/checkout@11d5960a326750d5838078e36cf38b85af677262	2026-09-24T14:57:41.4801731Z ##[endgroup]
Rust	Run actions/checkout@11d5960a326750d5838078e36cf38b85af677262	2026-09-24T14:57:41.4802622Z ##[group]Determining the checkout info
Rust	Run actions/checkout@11d5960a326750d5838078e36cf38b85af677262	2026-09-24T14:57:41.4805392Z ##[endgroup]
Rust	Run actions/checkout@11d5960a326750d5838078e36cf38b85af677262	2026-09-24T14:57:41.4811568Z [command]/usr/bin/git sparse-checkout disable
Rust	Run actions/checkout@11d5960a326750d5838078e36cf38b85af677262	2026-09-24T14:57:41.4856233Z [command]/usr/bin/git config --local --unset-all extensions.worktreeConfig
Rust	Run actions/checkout@11d5960a326750d5838078e36cf38b85af677262	2026-09-24T14:57:41.4895375Z ##[group]Checking out the ref
Rust	Run actions/checkout@11d5960a326750d5838078e36cf38b85af677262	2026-09-24T14:57:41.4898529Z [command]/usr/bin/git checkout --progress --force refs/remotes/pull/36/merge
Rust	Run actions/checkout@11d5960a326750d5838078e36cf38b85af677262	2026-09-24T14:57:41.5281647Z Note: switching to 'refs/remotes/pull/36/merge'.
Rust	Run actions/checkout@11d5960a326750d5838078e36cf38b85af677262	2026-09-24T14:57:41.5282411Z 
Rust	Run actions/checkout@11d5960a326750d5838078e36cf38b85af677262	2026-09-24T14:57:41.5282841Z You are in 'detached HEAD' state. You can look around, make experimental
Rust	Run actions/checkout@11d5960a326750d5838078e36cf38b85af677262	2026-09-24T14:57:41.5283976Z changes and commit them, and you can discard any commits you make in this
Rust	Run actions/checkout@11d5960a326750d5838078e36cf38b85af677262	2026-09-24T14:57:41.5285115Z state without impacting any branches by switching back to a branch.
Rust	Run actions/checkout@11d5960a326750d5838078e36cf38b85af677262	2026-09-24T14:57:41.5285666Z 
Rust	Run actions/checkout@11d5960a326750d5838078e36cf38b85af677262	2026-09-24T14:57:41.5286084Z If you want to create a new branch to retain commits you create, you may
Rust	Run actions/checkout@11d5960a326750d5838078e36cf38b85af677262	2026-09-24T14:57:41.5287276Z do so (now or later) by using -c with the switch command. Example:
Rust	Run actions/checkout@11d5960a326750d5838078e36cf38b85af677262	2026-09-24T14:57:41.5288010Z 
Rust	Run actions/checkout@11d5960a326750d5838078e36cf38b85af677262	2026-09-24T14:57:41.5288314Z   git switch -c <new-branch-name>
Rust	Run actions/checkout@11d5960a326750d5838078e36cf38b85af677262	2026-09-24T14:57:41.5288858Z 
Rust	Run actions/checkout@11d5960a326750d5838078e36cf38b85af677262	2026-09-24T14:57:41.5289138Z Or undo this operation with:
Rust	Run actions/checkout@11d5960a326750d5838078e36cf38b85af677262	2026-09-24T14:57:41.5289524Z 
Rust	Run actions/checkout@11d5960a326750d5838078e36cf38b85af677262	2026-09-24T14:57:41.5289768Z   git switch -
Rust	Run actions/checkout@11d5960a326750d5838078e36cf38b85af677262	2026-09-24T14:57:41.5290097Z 
Rust	Run actions/checkout@11d5960a326750d5838078e36cf38b85af677262	2026-09-24T14:57:41.5290674Z Turn off this advice by setting config variable advice.detachedHead to false
Rust	Run actions/checkout@11d5960a326750d5838078e36cf38b85af677262	2026-09-24T14:57:41.5291451Z 
Rust	Run actions/checkout@11d5960a326750d5838078e36cf38b85af677262	2026-09-24T14:57:41.5292236Z HEAD is now at abda6f8 Merge 194b20976919726243bfec6388fb0219ebdecbc5 into 5a3e2a20a6a826dab135e817b96a0c264ad444f1
Rust	Run actions/checkout@11d5960a326750d5838078e36cf38b85af677262	2026-09-24T14:57:41.5295395Z ##[endgroup]
Rust	Run actions/checkout@11d5960a326750d5838078e36cf38b85af677262	2026-09-24T14:57:41.5324535Z [command]/usr/bin/git log -1 --format=%H
Rust	Run actions/checkout@11d5960a326750d5838078e36cf38b85af677262	2026-09-24T14:57:41.5348847Z abda6f8637ec17c3d35d91bfe0a6012f8129cea2
Rust	Run actions/checkout@11d5960a326750d5838078e36cf38b85af677262	2026-09-24T14:57:41.5356199Z ##[group]Removing auth
Rust	Run actions/checkout@11d5960a326750d5838078e36cf38b85af677262	2026-09-24T14:57:41.5359204Z [command]/usr/bin/git config --local --name-only --get-regexp core\.sshCommand
Rust	Run actions/checkout@11d5960a326750d5838078e36cf38b85af677262	2026-09-24T14:57:41.5387733Z [command]/usr/bin/git submodule foreach --recursive sh -c "git config --local --name-only --get-regexp 'core\.sshCommand' && git config --local --unset-all 'core.sshCommand' || :"
Rust	Run actions/checkout@11d5960a326750d5838078e36cf38b85af677262	2026-09-24T14:57:41.5575122Z [command]/usr/bin/git config --local --name-only --get-regexp http\.https\:\/\/github\.com\/\.extraheader
Rust	Run actions/checkout@11d5960a326750d5838078e36cf38b85af677262	2026-09-24T14:57:41.5597979Z http.https://github.com/.extraheader
Rust	Run actions/checkout@11d5960a326750d5838078e36cf38b85af677262	2026-09-24T14:57:41.5603515Z [command]/usr/bin/git config --local --unset-all http.https://github.com/.extraheader
Rust	Run actions/checkout@11d5960a326750d5838078e36cf38b85af677262	2026-09-24T14:57:41.5633561Z [command]/usr/bin/git submodule foreach --recursive sh -c "git config --local --name-only --get-regexp 'http\.https\:\/\/github\.com\/\.extraheader' && git config --local --unset-all 'http.https://github.com/.extraheader' || :"
Rust	Run actions/checkout@11d5960a326750d5838078e36cf38b85af677262	2026-09-24T14:57:41.5822544Z [command]/usr/bin/git config --local --name-only --get-regexp ^includeIf\.gitdir:
Rust	Run actions/checkout@11d5960a326750d5838078e36cf38b85af677262	2026-09-24T14:57:41.5852154Z [command]/usr/bin/git submodule foreach --recursive git config --local --show-origin --name-only --get-regexp remote.origin.url
Rust	Run actions/checkout@11d5960a326750d5838078e36cf38b85af677262	2026-09-24T14:57:41.6039684Z ##[endgroup]
Rust	Install repository Rust toolchain	﻿2026-09-24T14:57:41.6242432Z ##[group]Run toolchain=$(python3 -c 'import tomllib; print(tomllib.load(open("rust-toolchain.toml", "rb"))["toolchain"]["channel"])')
Rust	Install repository Rust toolchain	2026-09-24T14:57:41.6245148Z ^[[36;1mtoolchain=$(python3 -c 'import tomllib; print(tomllib.load(open("rust-toolchain.toml", "rb"))["toolchain"]["channel"])')^[[0m
Rust	Install repository Rust toolchain	2026-09-24T14:57:41.6247422Z ^[[36;1mrustup toolchain install "$toolchain" --profile minimal --component rustfmt --component clippy^[[0m
Rust	Install repository Rust toolchain	2026-09-24T14:57:41.6285844Z shell: /usr/bin/bash --noprofile --norc -e -o pipefail {0}
Rust	Install repository Rust toolchain	2026-09-24T14:57:41.6286967Z env:
Rust	Install repository Rust toolchain	2026-09-24T14:57:41.6287726Z   CARGO_TERM_COLOR: always
Rust	Install repository Rust toolchain	2026-09-24T14:57:41.6288580Z   RUST_BACKTRACE: 1
Rust	Install repository Rust toolchain	2026-09-24T14:57:41.6289349Z ##[endgroup]
Rust	Install repository Rust toolchain	2026-09-24T14:57:41.7397424Z info: syncing channel updates for 1.98.1-x86_64-unknown-linux-gnu
Rust	Install repository Rust toolchain	2026-09-24T14:57:42.0209998Z info: latest update on 2026-09-03 for version 1.98.1 (48a229cea 2026-09-01)
Rust	Install repository Rust toolchain	2026-09-24T14:57:42.0210544Z info: downloading 5 components
Rust	Install repository Rust toolchain	2026-09-24T14:57:48.9071575Z 
Rust	Install repository Rust toolchain	2026-09-24T14:57:48.9133990Z   1.98.1-x86_64-unknown-linux-gnu installed - rustc 1.98.1 (48a229cea 2026-09-01)
Rust	Install repository Rust toolchain	2026-09-24T14:57:48.9134679Z 
Rust	Run actions/cache@0057852bfaa89a56745cba8c7296529d2fc39830	﻿2026-09-24T14:57:48.9748117Z ##[group]Run actions/cache@0057852bfaa89a56745cba8c7296529d2fc39830
Rust	Run actions/cache@0057852bfaa89a56745cba8c7296529d2fc39830	2026-09-24T14:57:48.9748503Z with:
Rust	Run actions/cache@0057852bfaa89a56745cba8c7296529d2fc39830	2026-09-24T14:57:48.9748813Z   path: ~/.cargo/registry/index
Rust	Run actions/cache@0057852bfaa89a56745cba8c7296529d2fc39830	~/.cargo/registry/cache
Rust	Run actions/cache@0057852bfaa89a56745cba8c7296529d2fc39830	~/.cargo/git/db
Rust	Run actions/cache@0057852bfaa89a56745cba8c7296529d2fc39830	target
Rust	Run actions/cache@0057852bfaa89a56745cba8c7296529d2fc39830	
Rust	Run actions/cache@0057852bfaa89a56745cba8c7296529d2fc39830	2026-09-24T14:57:48.9749320Z   key: Linux-X64-rust-eabaacf092aacfc00294c708d296c67e76b357b50a5d92e70037a68fa89eeb8a
Rust	Run actions/cache@0057852bfaa89a56745cba8c7296529d2fc39830	2026-09-24T14:57:48.9749720Z   enableCrossOsArchive: false
Rust	Run actions/cache@0057852bfaa89a56745cba8c7296529d2fc39830	2026-09-24T14:57:48.9749969Z   fail-on-cache-miss: false
Rust	Run actions/cache@0057852bfaa89a56745cba8c7296529d2fc39830	2026-09-24T14:57:48.9750207Z   lookup-only: false
Rust	Run actions/cache@0057852bfaa89a56745cba8c7296529d2fc39830	2026-09-24T14:57:48.9750442Z   save-always: false
Rust	Run actions/cache@0057852bfaa89a56745cba8c7296529d2fc39830	2026-09-24T14:57:48.9750666Z env:
Rust	Run actions/cache@0057852bfaa89a56745cba8c7296529d2fc39830	2026-09-24T14:57:48.9750875Z   CARGO_TERM_COLOR: always
Rust	Run actions/cache@0057852bfaa89a56745cba8c7296529d2fc39830	2026-09-24T14:57:48.9751148Z   RUST_BACKTRACE: 1
Rust	Run actions/cache@0057852bfaa89a56745cba8c7296529d2fc39830	2026-09-24T14:57:48.9751359Z ##[endgroup]
Rust	Run actions/cache@0057852bfaa89a56745cba8c7296529d2fc39830	2026-09-24T14:57:49.0565860Z (node:2242) [DEP0040] DeprecationWarning: The `punycode` module is deprecated. Please use a userland alternative instead.
Rust	Run actions/cache@0057852bfaa89a56745cba8c7296529d2fc39830	2026-09-24T14:57:49.0567284Z (Use `node --trace-deprecation ...` to show where the warning was created)
Rust	Run actions/cache@0057852bfaa89a56745cba8c7296529d2fc39830	2026-09-24T14:57:49.3117963Z Cache not found for input keys: Linux-X64-rust-eabaacf092aacfc00294c708d296c67e76b357b50a5d92e70037a68fa89eeb8a
Rust	Check Rust formatting	﻿2026-09-24T14:57:49.3197073Z ##[group]Run cargo fmt --all -- --check
Rust	Check Rust formatting	2026-09-24T14:57:49.3197402Z ^[[36;1mcargo fmt --all -- --check^[[0m
Rust	Check Rust formatting	2026-09-24T14:57:49.3231396Z shell: /usr/bin/bash --noprofile --norc -e -o pipefail {0}
Rust	Check Rust formatting	2026-09-24T14:57:49.3231712Z env:
Rust	Check Rust formatting	2026-09-24T14:57:49.3231943Z   CARGO_TERM_COLOR: always
Rust	Check Rust formatting	2026-09-24T14:57:49.3232185Z   RUST_BACKTRACE: 1
Rust	Check Rust formatting	2026-09-24T14:57:49.3232399Z ##[endgroup]
Rust	Check Rust lints	﻿2026-09-24T14:57:50.1225756Z ##[group]Run cargo clippy --workspace --all-targets --all-features --locked -- -D warnings
Rust	Check Rust lints	2026-09-24T14:57:50.1226300Z ^[[36;1mcargo clippy --workspace --all-targets --all-features --locked -- -D warnings^[[0m
Rust	Check Rust lints	2026-09-24T14:57:50.1258571Z shell: /usr/bin/bash --noprofile --norc -e -o pipefail {0}
Rust	Check Rust lints	2026-09-24T14:57:50.1258891Z env:
Rust	Check Rust lints	2026-09-24T14:57:50.1259060Z   CARGO_TERM_COLOR: always
Rust	Check Rust lints	2026-09-24T14:57:50.1259250Z   RUST_BACKTRACE: 1
Rust	Check Rust lints	2026-09-24T14:57:50.1259415Z ##[endgroup]
Rust	Check Rust lints	2026-09-24T14:57:50.1989982Z ^[[1m^[[92m    Updating^[[0m crates.io index
Rust	Check Rust lints	2026-09-24T14:57:50.7054571Z ^[[1m^[[92m Downloading^[[0m crates ...
Rust	Check Rust lints	2026-09-24T14:57:50.8404032Z ^[[1m^[[92m  Downloaded^[[0m asn1-rs-derive v0.6.0
Rust	Check Rust lints	2026-09-24T14:57:50.8518887Z ^[[1m^[[92m  Downloaded^[[0m ambient-authority v0.0.2
Rust	Check Rust lints	2026-09-24T14:57:50.8721082Z ^[[1m^[[92m  Downloaded^[[0m asn1-rs v0.7.2
Rust	Check Rust lints	2026-09-24T14:57:50.8780239Z ^[[1m^[[92m  Downloaded^[[0m cpufeatures v0.2.17
Rust	Check Rust lints	2026-09-24T14:57:50.8870592Z ^[[1m^[[92m  Downloaded^[[0m anyhow v1.0.104
Rust	Check Rust lints	2026-09-24T14:57:50.8912233Z ^[[1m^[[92m  Downloaded^[[0m crypto-common v0.1.7
Rust	Check Rust lints	2026-09-24T14:57:50.8921634Z ^[[1m^[[92m  Downloaded^[[0m block-buffer v0.12.1
Rust	Check Rust lints	2026-09-24T14:57:50.8961188Z ^[[1m^[[92m  Downloaded^[[0m cpufeatures v0.3.1
Rust	Check Rust lints	2026-09-24T14:57:50.8975340Z ^[[1m^[[92m  Downloaded^[[0m atomic-waker v1.1.2
Rust	Check Rust lints	2026-09-24T14:57:50.9007629Z ^[[1m^[[92m  Downloaded^[[0m protoc-bin-vendored v3.2.0
Rust	Check Rust lints	2026-09-24T14:57:50.9071440Z ^[[1m^[[92m  Downloaded^[[0m asn1-rs-impl v0.2.0
Rust	Check Rust lints	2026-09-24T14:57:50.9077597Z ^[[1m^[[92m  Downloaded^[[0m curve25519-dalek-derive v0.1.1
Rust	Check Rust lints	2026-09-24T14:57:50.9094773Z ^[[1m^[[92m  Downloaded^[[0m cfg-if v1.0.4
Rust	Check Rust lints	2026-09-24T14:57:50.9141777Z ^[[1m^[[92m  Downloaded^[[0m axum-core v0.5.6
Rust	Check Rust lints	2026-09-24T14:57:50.9163017Z ^[[1m^[[92m  Downloaded^[[0m pin-project v1.1.13
Rust	Check Rust lints	2026-09-24T14:57:50.9292823Z ^[[1m^[[92m  Downloaded^[[0m prost-types v0.14.4
Rust	Check Rust lints	2026-09-24T14:57:50.9307307Z ^[[1m^[[92m  Downloaded^[[0m async-trait v0.1.92
Rust	Check Rust lints	2026-09-24T14:57:50.9337172Z ^[[1m^[[92m  Downloaded^[[0m crypto-common v0.2.2
Rust	Check Rust lints	2026-09-24T14:57:50.9346015Z ^[[1m^[[92m  Downloaded^[[0m fallible-streaming-iterator v0.1.9
Rust	Check Rust lints	2026-09-24T14:57:50.9353008Z ^[[1m^[[92m  Downloaded^[[0m futures-sink v0.3.34
Rust	Check Rust lints	2026-09-24T14:57:50.9359332Z ^[[1m^[[92m  Downloaded^[[0m mime v0.3.17
Rust	Check Rust lints	2026-09-24T14:57:50.9369695Z ^[[1m^[[92m  Downloaded^[[0m futures-core v0.3.34
Rust	Check Rust lints	2026-09-24T14:57:50.9380706Z ^[[1m^[[92m  Downloaded^[[0m rusticata-macros v4.1.0
Rust	Check Rust lints	2026-09-24T14:57:50.9393202Z ^[[1m^[[92m  Downloaded^[[0m block-buffer v0.10.4
Rust	Check Rust lints	2026-09-24T14:57:50.9401058Z ^[[1m^[[92m  Downloaded^[[0m lazy_static v1.5.0
Rust	Check Rust lints	2026-09-24T14:57:50.9415553Z ^[[1m^[[92m  Downloaded^[[0m signature v3.0.0
Rust	Check Rust lints	2026-09-24T14:57:50.9426363Z ^[[1m^[[92m  Downloaded^[[0m maybe-owned v0.3.4
Rust	Check Rust lints	2026-09-24T14:57:50.9436141Z ^[[1m^[[92m  Downloaded^[[0m num-conv v0.2.2
Rust	Check Rust lints	2026-09-24T14:57:50.9443973Z ^[[1m^[[92m  Downloaded^[[0m autocfg v1.5.1
Rust	Check Rust lints	2026-09-24T14:57:50.9462301Z ^[[1m^[[92m  Downloaded^[[0m tonic-prost-build v0.14.6
Rust	Check Rust lints	2026-09-24T14:57:50.9474574Z ^[[1m^[[92m  Downloaded^[[0m prost-derive v0.14.4
Rust	Check Rust lints	2026-09-24T14:57:50.9487047Z ^[[1m^[[92m  Downloaded^[[0m tower-service v0.3.3
Rust	Check Rust lints	2026-09-24T14:57:50.9518092Z ^[[1m^[[92m  Downloaded^[[0m version_check v0.9.5
Rust	Check Rust lints	2026-09-24T14:57:50.9547491Z ^[[1m^[[92m  Downloaded^[[0m httpdate v1.0.3
Rust	Check Rust lints	2026-09-24T14:57:50.9558601Z ^[[1m^[[92m  Downloaded^[[0m multimap v0.10.1
Rust	Check Rust lints	2026-09-24T14:57:50.9569039Z ^[[1m^[[92m  Downloaded^[[0m futures-task v0.3.34
Rust	Check Rust lints	2026-09-24T14:57:50.9579741Z ^[[1m^[[92m  Downloaded^[[0m fnv v1.0.7
Rust	Check Rust lints	2026-09-24T14:57:50.9588167Z ^[[1m^[[92m  Downloaded^[[0m percent-encoding v2.3.2
Rust	Check Rust lints	2026-09-24T14:57:50.9596573Z ^[[1m^[[92m  Downloaded^[[0m itoa v1.0.18
Rust	Check Rust lints	2026-09-24T14:57:50.9611840Z ^[[1m^[[92m  Downloaded^[[0m errno v0.3.14
Rust	Check Rust lints	2026-09-24T14:57:50.9627434Z ^[[1m^[[92m  Downloaded^[[0m generic-array v0.14.7
Rust	Check Rust lints	2026-09-24T14:57:50.9640854Z ^[[1m^[[92m  Downloaded^[[0m fs-set-times v0.20.3
Rust	Check Rust lints	2026-09-24T14:57:50.9652926Z ^[[1m^[[92m  Downloaded^[[0m heck v0.5.0
Rust	Check Rust lints	2026-09-24T14:57:50.9662852Z ^[[1m^[[92m  Downloaded^[[0m equivalent v1.0.2
Rust	Check Rust lints	2026-09-24T14:57:50.9671061Z ^[[1m^[[92m  Downloaded^[[0m foldhash v0.1.5
Rust	Check Rust lints	2026-09-24T14:57:50.9680396Z ^[[1m^[[92m  Downloaded^[[0m cap-fs-ext v4.0.3
Rust	Check Rust lints	2026-09-24T14:57:50.9693174Z ^[[1m^[[92m  Downloaded^[[0m data-encoding v2.11.1
Rust	Check Rust lints	2026-09-24T14:57:50.9701296Z ^[[1m^[[92m  Downloaded^[[0m deranged v0.5.8
Rust	Check Rust lints	2026-09-24T14:57:50.9712934Z ^[[1m^[[92m  Downloaded^[[0m rustc_version v0.4.1
Rust	Check Rust lints	2026-09-24T14:57:50.9724744Z ^[[1m^[[92m  Downloaded^[[0m hyper-timeout v0.5.2
Rust	Check Rust lints	2026-09-24T14:57:50.9737307Z ^[[1m^[[92m  Downloaded^[[0m io-lifetimes v3.0.1
Rust	Check Rust lints	2026-09-24T14:57:50.9750779Z ^[[1m^[[92m  Downloaded^[[0m cap-std v4.0.3
Rust	Check Rust lints	2026-09-24T14:57:50.9776495Z ^[[1m^[[92m  Downloaded^[[0m num-integer v0.1.47
Rust	Check Rust lints	2026-09-24T14:57:50.9789995Z ^[[1m^[[92m  Downloaded^[[0m bit-vec v0.9.1
Rust	Check Rust lints	2026-09-24T14:57:50.9806941Z ^[[1m^[[92m  Downloaded^[[0m digest v0.11.3
Rust	Check Rust lints	2026-09-24T14:57:50.9834840Z ^[[1m^[[92m  Downloaded^[[0m ed25519 v3.0.0
Rust	Check Rust lints	2026-09-24T14:57:50.9855555Z ^[[1m^[[92m  Downloaded^[[0m either v1.18.0
Rust	Check Rust lints	2026-09-24T14:57:50.9862850Z ^[[1m^[[92m  Downloaded^[[0m fallible-iterator v0.3.0
Rust	Check Rust lints	2026-09-24T14:57:50.9874026Z ^[[1m^[[92m  Downloaded^[[0m foldhash v0.2.0
Rust	Check Rust lints	2026-09-24T14:57:50.9883894Z ^[[1m^[[92m  Downloaded^[[0m http-body v1.1.0
Rust	Check Rust lints	2026-09-24T14:57:50.9892922Z ^[[1m^[[92m  Downloaded^[[0m pem v4.0.0
Rust	Check Rust lints	2026-09-24T14:57:50.9914954Z ^[[1m^[[92m  Downloaded^[[0m digest v0.10.7
Rust	Check Rust lints	2026-09-24T14:57:50.9934875Z ^[[1m^[[92m  Downloaded^[[0m http-body-util v0.1.5
Rust	Check Rust lints	2026-09-24T14:57:50.9949492Z ^[[1m^[[92m  Downloaded^[[0m io-lifetimes v2.0.4
Rust	Check Rust lints	2026-09-24T14:57:50.9964877Z ^[[1m^[[92m  Downloaded^[[0m oid-registry v0.8.1
Rust	Check Rust lints	2026-09-24T14:57:50.9996428Z ^[[1m^[[92m  Downloaded^[[0m ipnet v2.12.2
Rust	Check Rust lints	2026-09-24T14:57:50.9996993Z ^[[1m^[[92m  Downloaded^[[0m displaydoc v0.2.7
Rust	Check Rust lints	2026-09-24T14:57:51.0004645Z ^[[1m^[[92m  Downloaded^[[0m fastrand v2.5.0
Rust	Check Rust lints	2026-09-24T14:57:51.0017216Z ^[[1m^[[92m  Downloaded^[[0m io-extras v0.19.0
Rust	Check Rust lints	2026-09-24T14:57:51.0036579Z ^[[1m^[[92m  Downloaded^[[0m matchit v0.8.4
Rust	Check Rust lints	2026-09-24T14:57:51.0056487Z ^[[1m^[[92m  Downloaded^[[0m tonic-build v0.14.6
Rust	Check Rust lints	2026-09-24T14:57:51.0091403Z ^[[1m^[[92m  Downloaded^[[0m tonic-prost v0.14.6
Rust	Check Rust lints	2026-09-24T14:57:51.0091962Z ^[[1m^[[92m  Downloaded^[[0m want v0.3.1
Rust	Check Rust lints	2026-09-24T14:57:51.0093747Z ^[[1m^[[92m  Downloaded^[[0m hybrid-array v0.4.15
Rust	Check Rust lints	2026-09-24T14:57:51.0105437Z ^[[1m^[[92m  Downloaded^[[0m pin-project-internal v1.1.13
Rust	Check Rust lints	2026-09-24T14:57:51.0124467Z ^[[1m^[[92m  Downloaded^[[0m futures-channel v0.3.34
Rust	Check Rust lints	2026-09-24T14:57:51.0141924Z ^[[1m^[[92m  Downloaded^[[0m hashlink v0.12.2
Rust	Check Rust lints	2026-09-24T14:57:51.0160891Z ^[[1m^[[92m  Downloaded^[[0m bitflags v2.13.2
Rust	Check Rust lints	2026-09-24T14:57:51.0202162Z ^[[1m^[[92m  Downloaded^[[0m bytes v1.12.1
Rust	Check Rust lints	2026-09-24T14:57:51.0237842Z ^[[1m^[[92m  Downloaded^[[0m find-msvc-tools v0.1.12
Rust	Check Rust lints	2026-09-24T14:57:51.0254803Z ^[[1m^[[92m  Downloaded^[[0m httparse v1.10.1
Rust	Check Rust lints	2026-09-24T14:57:51.0281286Z ^[[1m^[[92m  Downloaded^[[0m fixedbitset v0.5.7
Rust	Check Rust lints	2026-09-24T14:57:51.0386689Z ^[[1m^[[92m  Downloaded^[[0m getrandom v0.4.3
Rust	Check Rust lints	2026-09-24T14:57:51.0426932Z ^[[1m^[[92m  Downloaded^[[0m once_cell v1.21.4
Rust	Check Rust lints	2026-09-24T14:57:51.0450172Z ^[[1m^[[92m  Downloaded^[[0m cap-primitives v4.0.3
Rust	Check Rust lints	2026-09-24T14:57:51.0558941Z ^[[1m^[[92m  Downloaded^[[0m base64 v0.22.1
Rust	Check Rust lints	2026-09-24T14:57:51.0594689Z ^[[1m^[[92m  Downloaded^[[0m num-traits v0.2.19
Rust	Check Rust lints	2026-09-24T14:57:51.0618632Z ^[[1m^[[92m  Downloaded^[[0m log v0.4.34
Rust	Check Rust lints	2026-09-24T14:57:51.0640745Z ^[[1m^[[92m  Downloaded^[[0m aho-corasick v1.1.5
Rust	Check Rust lints	2026-09-24T14:57:51.0688523Z ^[[1m^[[92m  Downloaded^[[0m der-parser v10.0.0
Rust	Check Rust lints	2026-09-24T14:57:51.0719515Z ^[[1m^[[92m  Downloaded^[[0m getrandom v0.2.17
Rust	Check Rust lints	2026-09-24T14:57:51.0744284Z ^[[1m^[[92m  Downloaded^[[0m powerfmt v0.2.0
Rust	Check Rust lints	2026-09-24T14:57:51.0754487Z ^[[1m^[[92m  Downloaded^[[0m time-core v0.1.9
Rust	Check Rust lints	2026-09-24T14:57:51.0763375Z ^[[1m^[[92m  Downloaded^[[0m subtle v2.6.1
Rust	Check Rust lints	2026-09-24T14:57:51.0773123Z ^[[1m^[[92m  Downloaded^[[0m untrusted v0.9.0
Rust	Check Rust lints	2026-09-24T14:57:51.0786595Z ^[[1m^[[92m  Downloaded^[[0m pin-project-lite v0.2.17
Rust	Check Rust lints	2026-09-24T14:57:51.0839036Z ^[[1m^[[92m  Downloaded^[[0m tokio-rustls v0.26.5
Rust	Check Rust lints	2026-09-24T14:57:51.0854853Z ^[[1m^[[92m  Downloaded^[[0m unicase v2.9.0
Rust	Check Rust lints	2026-09-24T14:57:51.0867659Z ^[[1m^[[92m  Downloaded^[[0m base64 v0.23.1
Rust	Check Rust lints	2026-09-24T14:57:51.0901460Z ^[[1m^[[92m  Downloaded^[[0m minimal-lexical v0.2.1
Rust	Check Rust lints	2026-09-24T14:57:51.0938463Z ^[[1m^[[92m  Downloaded^[[0m prettyplease v0.2.37
Rust	Check Rust lints	2026-09-24T14:57:51.0967098Z ^[[1m^[[92m  Downloaded^[[0m cc v1.4.5
Rust	Check Rust lints	2026-09-24T14:57:51.0992085Z ^[[1m^[[92m  Downloaded^[[0m ed25519-dalek v3.0.0
Rust	Check Rust lints	2026-09-24T14:57:51.1019956Z ^[[1m^[[92m  Downloaded^[[0m num-bigint v0.4.8
Rust	Check Rust lints	2026-09-24T14:57:51.1058893Z ^[[1m^[[92m  Downloaded^[[0m memchr v2.8.3
Rust	Check Rust lints	2026-09-24T14:57:51.1104627Z ^[[1m^[[92m  Downloaded^[[0m http v1.5.0
Rust	Check Rust lints	2026-09-24T14:57:51.1134819Z ^[[1m^[[92m  Downloaded^[[0m mio v1.2.3
Rust	Check Rust lints	2026-09-24T14:57:51.1185099Z ^[[1m^[[92m  Downloaded^[[0m hyper-util v0.1.20
Rust	Check Rust lints	2026-09-24T14:57:51.1237231Z ^[[1m^[[92m  Downloaded^[[0m indexmap v2.14.2
Rust	Check Rust lints	2026-09-24T14:57:51.1272699Z ^[[1m^[[92m  Downloaded^[[0m nom v7.1.3
Rust	Check Rust lints	2026-09-24T14:57:51.1315007Z ^[[1m^[[92m  Downloaded^[[0m hashbrown v0.15.5
Rust	Check Rust lints	2026-09-24T14:57:51.1358256Z ^[[1m^[[92m  Downloaded^[[0m hashbrown v0.17.1
Rust	Check Rust lints	2026-09-24T14:57:51.1402217Z ^[[1m^[[92m  Downloaded^[[0m itertools v0.14.0
Rust	Check Rust lints	2026-09-24T14:57:51.1461122Z ^[[1m^[[92m  Downloaded^[[0m axum v0.8.9
Rust	Check Rust lints	2026-09-24T14:57:51.1529544Z ^[[1m^[[92m  Downloaded^[[0m futures-util v0.3.34
Rust	Check Rust lints	2026-09-24T14:57:51.1639980Z ^[[1m^[[92m  Downloaded^[[0m h2 v0.4.19
Rust	Check Rust lints	2026-09-24T14:57:51.1693120Z ^[[1m^[[92m  Downloaded^[[0m hyper v1.11.1
Rust	Check Rust lints	2026-09-24T14:57:51.1751589Z ^[[1m^[[92m  Downloaded^[[0m rustix-linux-procfs v0.1.1
Rust	Check Rust lints	2026-09-24T14:57:51.1762046Z ^[[1m^[[92m  Downloaded^[[0m tower-layer v0.3.3
Rust	Check Rust lints	2026-09-24T14:57:51.1769620Z ^[[1m^[[92m  Downloaded^[[0m try-lock v0.2.5
Rust	Check Rust lints	2026-09-24T14:57:51.1776789Z ^[[1m^[[92m  Downloaded^[[0m sync_wrapper v1.0.2
Rust	Check Rust lints	2026-09-24T14:57:51.1782963Z ^[[1m^[[92m  Downloaded^[[0m serde_jcs v0.2.0
Rust	Check Rust lints	2026-09-24T14:57:51.1802304Z ^[[1m^[[92m  Downloaded^[[0m sha2 v0.10.9
Rust	Check Rust lints	2026-09-24T14:57:51.1823387Z ^[[1m^[[92m  Downloaded^[[0m signal-hook-registry v1.4.8
Rust	Check Rust lints	2026-09-24T14:57:51.1832985Z ^[[1m^[[92m  Downloaded^[[0m thiserror v2.0.20
Rust	Check Rust lints	2026-09-24T14:57:51.1886084Z ^[[1m^[[92m  Downloaded^[[0m tokio-macros v2.7.2
Rust	Check Rust lints	2026-09-24T14:57:51.1894878Z ^[[1m^[[92m  Downloaded^[[0m shlex v2.0.1
Rust	Check Rust lints	2026-09-24T14:57:51.1905403Z ^[[1m^[[92m  Downloaded^[[0m smallvec v1.16.0
Rust	Check Rust lints	2026-09-24T14:57:51.1916476Z ^[[1m^[[92m  Downloaded^[[0m curve25519-dalek v5.0.0
Rust	Check Rust lints	2026-09-24T14:57:51.1993537Z ^[[1m^[[92m  Downloaded^[[0m pkg-config v0.3.34
Rust	Check Rust lints	2026-09-24T14:57:51.2006049Z ^[[1m^[[92m  Downloaded^[[0m ryu-js v0.2.2
Rust	Check Rust lints	2026-09-24T14:57:51.2031917Z ^[[1m^[[92m  Downloaded^[[0m libc v0.2.189
Rust	Check Rust lints	2026-09-24T14:57:51.2390897Z ^[[1m^[[92m  Downloaded^[[0m petgraph v0.8.3
Rust	Check Rust lints	2026-09-24T14:57:51.2558466Z ^[[1m^[[92m  Downloaded^[[0m pulldown-cmark-to-cmark v22.0.1
Rust	Check Rust lints	2026-09-24T14:57:51.2570931Z ^[[1m^[[92m  Downloaded^[[0m rustls-pki-types v1.15.1
Rust	Check Rust lints	2026-09-24T14:57:51.2591806Z ^[[1m^[[92m  Downloaded^[[0m slab v0.4.12
Rust	Check Rust lints	2026-09-24T14:57:51.2602368Z ^[[1m^[[92m  Downloaded^[[0m synstructure v0.13.2
Rust	Check Rust lints	2026-09-24T14:57:51.2610633Z ^[[1m^[[92m  Downloaded^[[0m thiserror-impl v2.0.20
Rust	Check Rust lints	2026-09-24T14:57:51.2622371Z ^[[1m^[[92m  Downloaded^[[0m zeroize v1.9.0
Rust	Check Rust lints	2026-09-24T14:57:51.2634812Z ^[[1m^[[92m  Downloaded^[[0m zmij v1.0.23
Rust	Check Rust lints	2026-09-24T14:57:51.2649112Z ^[[1m^[[92m  Downloaded^[[0m tempfile v3.27.0
Rust	Check Rust lints	2026-09-24T14:57:51.2670038Z ^[[1m^[[92m  Downloaded^[[0m tracing-core v0.1.36
Rust	Check Rust lints	2026-09-24T14:57:51.2691912Z ^[[1m^[[92m  Downloaded^[[0m semver v1.0.28
Rust	Check Rust lints	2026-09-24T14:57:51.2711081Z ^[[1m^[[92m  Downloaded^[[0m time-macros v0.2.32
Rust	Check Rust lints	2026-09-24T14:57:51.2730834Z ^[[1m^[[92m  Downloaded^[[0m tracing-attributes v0.1.31
Rust	Check Rust lints	2026-09-24T14:57:51.2752397Z ^[[1m^[[92m  Downloaded^[[0m yasna v0.6.0
Rust	Check Rust lints	2026-09-24T14:57:51.2770589Z ^[[1m^[[92m  Downloaded^[[0m socket2 v0.6.5
Rust	Check Rust lints	2026-09-24T14:57:51.2785143Z ^[[1m^[[92m  Downloaded^[[0m rcgen v0.14.10
Rust	Check Rust lints	2026-09-24T14:57:51.2804334Z ^[[1m^[[92m  Downloaded^[[0m tokio-stream v0.1.19
Rust	Check Rust lints	2026-09-24T14:57:51.2847019Z ^[[1m^[[92m  Downloaded^[[0m sha2 v0.11.0
Rust	Check Rust lints	2026-09-24T14:57:51.2877297Z ^[[1m^[[92m  Downloaded^[[0m prost-build v0.14.4
Rust	Check Rust lints	2026-09-24T14:57:51.2908705Z ^[[1m^[[92m  Downloaded^[[0m unicode-ident v1.0.24
Rust	Check Rust lints	2026-09-24T14:57:51.2936320Z ^[[1m^[[92m  Downloaded^[[0m serde_derive v1.0.229
Rust	Check Rust lints	2026-09-24T14:57:51.2961403Z ^[[1m^[[92m  Downloaded^[[0m quote v1.0.47
Rust	Check Rust lints	2026-09-24T14:57:51.2984387Z ^[[1m^[[92m  Downloaded^[[0m serde_core v1.0.229
Rust	Check Rust lints	2026-09-24T14:57:51.3007012Z ^[[1m^[[92m  Downloaded^[[0m uuid v1.26.1
Rust	Check Rust lints	2026-09-24T14:57:51.3032376Z ^[[1m^[[92m  Downloaded^[[0m proc-macro2 v1.0.107
Rust	Check Rust lints	2026-09-24T14:57:51.3057333Z ^[[1m^[[92m  Downloaded^[[0m prost v0.14.4
Rust	Check Rust lints	2026-09-24T14:57:51.3071333Z ^[[1m^[[92m  Downloaded^[[0m linux-raw-sys v0.12.1
Rust	Check Rust lints	2026-09-24T14:57:51.3585314Z ^[[1m^[[92m  Downloaded^[[0m rustls-webpki v0.103.15
Rust	Check Rust lints	2026-09-24T14:57:51.3610759Z ^[[1m^[[92m  Downloaded^[[0m prost-reflect v0.16.5
Rust	Check Rust lints	2026-09-24T14:57:51.3740257Z ^[[1m^[[92m  Downloaded^[[0m libsqlite3-sys v0.38.2
Rust	Check Rust lints	2026-09-24T14:57:51.4246127Z ^[[1m^[[92m  Downloaded^[[0m serde v1.0.229
Rust	Check Rust lints	2026-09-24T14:57:51.4274698Z ^[[1m^[[92m  Downloaded^[[0m typenum v1.20.1
Rust	Check Rust lints	2026-09-24T14:57:51.4303730Z ^[[1m^[[92m  Downloaded^[[0m x509-parser v0.18.1
Rust	Check Rust lints	2026-09-24T14:57:51.4350383Z ^[[1m^[[92m  Downloaded^[[0m tonic v0.14.6
Rust	Check Rust lints	2026-09-24T14:57:51.4400540Z ^[[1m^[[92m  Downloaded^[[0m tower v0.5.3
Rust	Check Rust lints	2026-09-24T14:57:51.4484800Z ^[[1m^[[92m  Downloaded^[[0m pulldown-cmark v0.13.4
Rust	Check Rust lints	2026-09-24T14:57:51.4526126Z ^[[1m^[[92m  Downloaded^[[0m serde_json v1.0.151
Rust	Check Rust lints	2026-09-24T14:57:51.4586254Z ^[[1m^[[92m  Downloaded^[[0m tokio-util v0.7.19
Rust	Check Rust lints	2026-09-24T14:57:51.4651407Z ^[[1m^[[92m  Downloaded^[[0m regex v1.13.1
Rust	Check Rust lints	2026-09-24T14:57:51.4694735Z ^[[1m^[[92m  Downloaded^[[0m rusqlite v0.40.2
Rust	Check Rust lints	2026-09-24T14:57:51.4750174Z ^[[1m^[[92m  Downloaded^[[0m vcpkg v0.2.15
Rust	Check Rust lints	2026-09-24T14:57:51.5199492Z ^[[1m^[[92m  Downloaded^[[0m time v0.3.55
Rust	Check Rust lints	2026-09-24T14:57:51.5319230Z ^[[1m^[[92m  Downloaded^[[0m syn v2.0.119
Rust	Check Rust lints	2026-09-24T14:57:51.5405675Z ^[[1m^[[92m  Downloaded^[[0m syn v3.0.5
Rust	Check Rust lints	2026-09-24T14:57:51.5492105Z ^[[1m^[[92m  Downloaded^[[0m regex-syntax v0.8.11
Rust	Check Rust lints	2026-09-24T14:57:51.5547073Z ^[[1m^[[92m  Downloaded^[[0m rustls v0.23.44
Rust	Check Rust lints	2026-09-24T14:57:51.5643340Z ^[[1m^[[92m  Downloaded^[[0m rustix v1.1.4
Rust	Check Rust lints	2026-09-24T14:57:51.5871307Z ^[[1m^[[92m  Downloaded^[[0m tracing v0.1.44
Rust	Check Rust lints	2026-09-24T14:57:51.6000435Z ^[[1m^[[92m  Downloaded^[[0m regex-automata v0.4.18
Rust	Check Rust lints	2026-09-24T14:57:51.6116673Z ^[[1m^[[92m  Downloaded^[[0m tokio v1.53.1
Rust	Check Rust lints	2026-09-24T14:57:51.6492386Z ^[[1m^[[92m  Downloaded^[[0m ring v0.17.14
Rust	Check Rust lints	2026-09-24T14:57:51.6836896Z ^[[1m^[[92m  Downloaded^[[0m protoc-bin-vendored-macos-aarch_64 v3.2.0
Rust	Check Rust lints	2026-09-24T14:57:51.7069625Z ^[[1m^[[92m  Downloaded^[[0m protoc-bin-vendored-macos-x86_64 v3.2.0
Rust	Check Rust lints	2026-09-24T14:57:51.7307775Z ^[[1m^[[92m  Downloaded^[[0m protoc-bin-vendored-linux-aarch_64 v3.2.0
Rust	Check Rust lints	2026-09-24T14:57:51.7610916Z ^[[1m^[[92m  Downloaded^[[0m protoc-bin-vendored-win32 v3.2.0
Rust	Check Rust lints	2026-09-24T14:57:51.7928045Z ^[[1m^[[92m  Downloaded^[[0m protoc-bin-vendored-linux-x86_64 v3.2.0
Rust	Check Rust lints	2026-09-24T14:57:51.8229224Z ^[[1m^[[92m  Downloaded^[[0m protoc-bin-vendored-linux-x86_32 v3.2.0
Rust	Check Rust lints	2026-09-24T14:57:51.8555694Z ^[[1m^[[92m  Downloaded^[[0m protoc-bin-vendored-linux-ppcle_64 v3.2.0
Rust	Check Rust lints	2026-09-24T14:57:51.8894545Z ^[[1m^[[92m  Downloaded^[[0m protoc-bin-vendored-linux-s390_64 v3.2.0
Rust	Check Rust lints	2026-09-24T14:57:52.0683770Z ^[[1m^[[92m   Compiling^[[0m proc-macro2 v1.0.107
Rust	Check Rust lints	2026-09-24T14:57:52.0684409Z ^[[1m^[[92m   Compiling^[[0m quote v1.0.47
Rust	Check Rust lints	2026-09-24T14:57:52.0684825Z ^[[1m^[[92m   Compiling^[[0m unicode-ident v1.0.24
Rust	Check Rust lints	2026-09-24T14:57:52.0685333Z ^[[1m^[[92m   Compiling^[[0m libc v0.2.189
Rust	Check Rust lints	2026-09-24T14:57:52.1162295Z ^[[1m^[[92m   Compiling^[[0m version_check v0.9.5
Rust	Check Rust lints	2026-09-24T14:57:52.2010365Z ^[[1m^[[92m    Checking^[[0m cfg-if v1.0.4
Rust	Check Rust lints	2026-09-24T14:57:52.2231540Z ^[[1m^[[92m    Checking^[[0m itoa v1.0.18
Rust	Check Rust lints	2026-09-24T14:57:52.2856129Z ^[[1m^[[92m   Compiling^[[0m generic-array v0.14.7
Rust	Check Rust lints	2026-09-24T14:57:52.2919180Z ^[[1m^[[92m   Compiling^[[0m serde_core v1.0.229
Rust	Check Rust lints	2026-09-24T14:57:52.3752884Z ^[[1m^[[92m    Checking^[[0m once_cell v1.21.4
Rust	Check Rust lints	2026-09-24T14:57:52.4395561Z ^[[1m^[[92m   Compiling^[[0m zmij v1.0.23
Rust	Check Rust lints	2026-09-24T14:57:52.4595411Z ^[[1m^[[92m    Checking^[[0m typenum v1.20.1
Rust	Check Rust lints	2026-09-24T14:57:52.7055695Z ^[[1m^[[92m   Compiling^[[0m syn v3.0.5
Rust	Check Rust lints	2026-09-24T14:57:52.7316024Z ^[[1m^[[92m   Compiling^[[0m syn v2.0.119
Rust	Check Rust lints	2026-09-24T14:57:53.1435919Z ^[[1m^[[92m   Compiling^[[0m getrandom v0.4.3
Rust	Check Rust lints	2026-09-24T14:57:53.2445592Z ^[[1m^[[92m    Checking^[[0m memchr v2.8.3
Rust	Check Rust lints	2026-09-24T14:57:53.5199773Z ^[[1m^[[92m   Compiling^[[0m serde v1.0.229
Rust	Check Rust lints	2026-09-24T14:57:53.6755560Z ^[[1m^[[92m   Compiling^[[0m thiserror v2.0.20
Rust	Check Rust lints	2026-09-24T14:57:53.8302353Z ^[[1m^[[92m   Compiling^[[0m serde_json v1.0.151
Rust	Check Rust lints	2026-09-24T14:57:54.3565594Z ^[[1m^[[92m    Checking^[[0m bitflags v2.13.2
Rust	Check Rust lints	2026-09-24T14:57:54.4305404Z ^[[1m^[[92m    Checking^[[0m zeroize v1.9.0
Rust	Check Rust lints	2026-09-24T14:57:54.4965942Z ^[[1m^[[92m   Compiling^[[0m rustix v1.1.4
Rust	Check Rust lints	2026-09-24T14:57:54.7135537Z ^[[1m^[[92m    Checking^[[0m block-buffer v0.10.4
Rust	Check Rust lints	2026-09-24T14:57:54.7605621Z ^[[1m^[[92m    Checking^[[0m crypto-common v0.1.7
Rust	Check Rust lints	2026-09-24T14:57:54.8585518Z ^[[1m^[[92m    Checking^[[0m linux-raw-sys v0.12.1
Rust	Check Rust lints	2026-09-24T14:57:55.0577733Z ^[[1m^[[92m    Checking^[[0m digest v0.10.7
Rust	Check Rust lints	2026-09-24T14:57:55.1419673Z ^[[1m^[[92m    Checking^[[0m cpufeatures v0.2.17
Rust	Check Rust lints	2026-09-24T14:57:55.1655618Z ^[[1m^[[92m    Checking^[[0m ryu-js v0.2.2
Rust	Check Rust lints	2026-09-24T14:57:55.2245347Z ^[[1m^[[92m    Checking^[[0m sha2 v0.10.9
Rust	Check Rust lints	2026-09-24T14:57:55.3845883Z ^[[1m^[[92m    Checking^[[0m uuid v1.26.1
Rust	Check Rust lints	2026-09-24T14:57:55.5805410Z ^[[1m^[[92m    Checking^[[0m subtle v2.6.1
Rust	Check Rust lints	2026-09-24T14:57:55.6345682Z ^[[1m^[[92m    Checking^[[0m hybrid-array v0.4.15
Rust	Check Rust lints	2026-09-24T14:57:55.6847073Z ^[[1m^[[92m   Compiling^[[0m serde_derive v1.0.229
Rust	Check Rust lints	2026-09-24T14:57:56.0215434Z ^[[1m^[[92m   Compiling^[[0m thiserror-impl v2.0.20
Rust	Check Rust lints	2026-09-24T14:57:56.4135779Z ^[[1m^[[92m   Compiling^[[0m io-lifetimes v2.0.4
Rust	Check Rust lints	2026-09-24T14:57:56.5455560Z ^[[1m^[[92m   Compiling^[[0m io-lifetimes v3.0.1
Rust	Check Rust lints	2026-09-24T14:57:56.6995519Z ^[[1m^[[92m   Compiling^[[0m semver v1.0.28
Rust	Check Rust lints	2026-09-24T14:57:56.8705550Z ^[[1m^[[92m   Compiling^[[0m io-extras v0.19.0
Rust	Check Rust lints	2026-09-24T14:57:56.9085844Z ^[[1m^[[92m   Compiling^[[0m rustc_version v0.4.1
Rust	Check Rust lints	2026-09-24T14:57:57.0845425Z ^[[1m^[[92m    Checking^[[0m block-buffer v0.12.1
Rust	Check Rust lints	2026-09-24T14:57:57.1206919Z ^[[1m^[[92m    Checking^[[0m crypto-common v0.2.2
Rust	Check Rust lints	2026-09-24T14:57:57.1385411Z ^[[1m^[[92m   Compiling^[[0m cap-primitives v4.0.3
Rust	Check Rust lints	2026-09-24T14:57:57.2093777Z ^[[1m^[[92m    Checking^[[0m bytes v1.12.1
Rust	Check Rust lints	2026-09-24T14:57:57.3452786Z ^[[1m^[[92m    Checking^[[0m rustix-linux-procfs v0.1.1
Rust	Check Rust lints	2026-09-24T14:57:57.4145630Z ^[[1m^[[92m    Checking^[[0m fs-set-times v0.20.3
Rust	Check Rust lints	2026-09-24T14:57:57.5145502Z ^[[1m^[[92m   Compiling^[[0m curve25519-dalek v5.0.0
Rust	Check Rust lints	2026-09-24T14:57:57.5258634Z ^[[1m^[[92m   Compiling^[[0m cap-std v4.0.3
Rust	Check Rust lints	2026-09-24T14:57:57.5445462Z ^[[1m^[[92m    Checking^[[0m digest v0.11.3
Rust	Check Rust lints	2026-09-24T14:57:57.6201823Z ^[[1m^[[92m    Checking^[[0m cpufeatures v0.3.1
Rust	Check Rust lints	2026-09-24T14:57:57.6285981Z ^[[1m^[[92m    Checking^[[0m ipnet v2.12.2
Rust	Check Rust lints	2026-09-24T14:57:57.6373015Z ^[[1m^[[92m    Checking^[[0m ambient-authority v0.0.2
Rust	Check Rust lints	2026-09-24T14:57:57.6549098Z ^[[1m^[[92m    Checking^[[0m maybe-owned v0.3.4
Rust	Check Rust lints	2026-09-24T14:57:57.7327172Z ^[[1m^[[92m   Compiling^[[0m curve25519-dalek-derive v0.1.1
Rust	Check Rust lints	2026-09-24T14:57:57.7435490Z ^[[1m^[[92m    Checking^[[0m signature v3.0.0
Rust	Check Rust lints	2026-09-24T14:57:57.7789426Z ^[[1m^[[92m    Checking^[[0m fastrand v2.5.0
Rust	Check Rust lints	2026-09-24T14:57:57.8706038Z ^[[1m^[[92m   Compiling^[[0m cap-fs-ext v4.0.3
Rust	Check Rust lints	2026-09-24T14:57:58.0155434Z ^[[1m^[[92m    Checking^[[0m tempfile v3.27.0
Rust	Check Rust lints	2026-09-24T14:57:58.1145882Z ^[[1m^[[92m    Checking^[[0m ed25519 v3.0.0
Rust	Check Rust lints	2026-09-24T14:57:58.1425590Z ^[[1m^[[92m    Checking^[[0m sha2 v0.11.0
Rust	Check Rust lints	2026-09-24T14:57:58.1545544Z ^[[1m^[[92m   Compiling^[[0m shlex v2.0.1
Rust	Check Rust lints	2026-09-24T14:57:58.2465951Z ^[[1m^[[92m   Compiling^[[0m find-msvc-tools v0.1.12
Rust	Check Rust lints	2026-09-24T14:57:58.2695744Z ^[[1m^[[92m    Checking^[[0m serde_jcs v0.2.0
Rust	Check Rust lints	2026-09-24T14:57:58.3335866Z ^[[1m^[[92m    Checking^[[0m rx-domain v0.1.0 (/home/runner/work/rx-solutions/rx-solutions/sdk/crates/rx-domain)
Rust	Check Rust lints	2026-09-24T14:57:58.3755949Z ^[[1m^[[92m    Checking^[[0m pin-project-lite v0.2.17
Rust	Check Rust lints	2026-09-24T14:57:58.4036154Z ^[[1m^[[92m   Compiling^[[0m cc v1.4.5
Rust	Check Rust lints	2026-09-24T14:57:58.6315838Z ^[[1m^[[92m    Checking^[[0m ed25519-dalek v3.0.0
Rust	Check Rust lints	2026-09-24T14:57:58.6995428Z ^[[1m^[[92m    Checking^[[0m errno v0.3.14
Rust	Check Rust lints	2026-09-24T14:57:58.7295433Z ^[[1m^[[92m    Checking^[[0m foldhash v0.2.0
Rust	Check Rust lints	2026-09-24T14:57:58.7445681Z ^[[1m^[[92m    Checking^[[0m signal-hook-registry v1.4.8
Rust	Check Rust lints	2026-09-24T14:57:58.7835519Z ^[[1m^[[92m    Checking^[[0m hashbrown v0.17.1
Rust	Check Rust lints	2026-09-24T14:57:58.8198979Z ^[[1m^[[92m   Compiling^[[0m tokio-macros v2.7.2
Rust	Check Rust lints	2026-09-24T14:57:59.1365573Z ^[[1m^[[92m    Checking^[[0m mio v1.2.3
Rust	Check Rust lints	2026-09-24T14:57:59.2125554Z ^[[1m^[[92m    Checking^[[0m socket2 v0.6.5
Rust	Check Rust lints	2026-09-24T14:57:59.3185605Z ^[[1m^[[92m    Checking^[[0m smallvec v1.16.0
Rust	Check Rust lints	2026-09-24T14:57:59.3925537Z ^[[1m^[[92m    Checking^[[0m tokio v1.53.1
Rust	Check Rust lints	2026-09-24T14:57:59.4165658Z ^[[1m^[[92m   Compiling^[[0m vcpkg v0.2.15
Rust	Check Rust lints	2026-09-24T14:57:59.4855543Z ^[[1m^[[92m   Compiling^[[0m pkg-config v0.3.34
Rust	Check Rust lints	2026-09-24T14:57:59.5835912Z ^[[1m^[[92m    Checking^[[0m rx-ports v0.1.0 (/home/runner/work/rx-solutions/rx-solutions/sdk/crates/rx-ports)
Rust	Check Rust lints	2026-09-24T14:57:59.7265938Z ^[[1m^[[92m    Checking^[[0m rx-package v0.1.0 (/home/runner/work/rx-solutions/rx-solutions/sdk/crates/rx-package)
Rust	Check Rust lints	2026-09-24T14:57:59.8525514Z ^[[1m^[[92m    Checking^[[0m hashlink v0.12.2
Rust	Check Rust lints	2026-09-24T14:57:59.8705568Z ^[[1m^[[92m   Compiling^[[0m libsqlite3-sys v0.38.2
Rust	Check Rust lints	2026-09-24T14:58:00.0634331Z ^[[1m^[[92m    Checking^[[0m fallible-iterator v0.3.0
Rust	Check Rust lints	2026-09-24T14:58:00.2551079Z ^[[1m^[[92m    Checking^[[0m fallible-streaming-iterator v0.1.9
Rust	Check Rust lints	2026-09-24T14:58:00.3175987Z ^[[1m^[[92m    Checking^[[0m rx-service-status v0.1.0 (/home/runner/work/rx-solutions/rx-solutions/runtime/rx-service-status)
Rust	Check Rust lints	2026-09-24T14:58:00.4495925Z ^[[1m^[[92m    Checking^[[0m futures-core v0.3.34
Rust	Check Rust lints	2026-09-24T14:58:00.4975463Z ^[[1m^[[92m   Compiling^[[0m anyhow v1.0.104
Rust	Check Rust lints	2026-09-24T14:58:00.6071734Z ^[[1m^[[92m   Compiling^[[0m either v1.18.0
Rust	Check Rust lints	2026-09-24T14:58:00.7485442Z ^[[1m^[[92m   Compiling^[[0m itertools v0.14.0
Rust	Check Rust lints	2026-09-24T14:58:00.8567030Z ^[[1m^[[92m    Checking^[[0m rx-process-contract v0.1.0 (/home/runner/work/rx-solutions/rx-solutions/sdk/crates/rx-process-contract)
Rust	Check Rust lints	2026-09-24T14:58:01.8095643Z ^[[1m^[[92m   Compiling^[[0m prost-derive v0.14.4
Rust	Check Rust lints	2026-09-24T14:58:02.0831145Z ^[[1m^[[92m    Checking^[[0m http v1.5.0
Rust	Check Rust lints	2026-09-24T14:58:02.4835521Z ^[[1m^[[92m   Compiling^[[0m ring v0.17.14
Rust	Check Rust lints	2026-09-24T14:58:02.5316164Z ^[[1m^[[92m   Compiling^[[0m tracing-attributes v0.1.31
Rust	Check Rust lints	2026-09-24T14:58:02.7516170Z ^[[1m^[[92m    Checking^[[0m tracing-core v0.1.36
Rust	Check Rust lints	2026-09-24T14:58:03.3246329Z ^[[1m^[[92m    Checking^[[0m futures-sink v0.3.34
Rust	Check Rust lints	2026-09-24T14:58:03.3575686Z ^[[1m^[[92m    Checking^[[0m slab v0.4.12
Rust	Check Rust lints	2026-09-24T14:58:03.3601161Z ^[[1m^[[92m    Checking^[[0m equivalent v1.0.2
Rust	Check Rust lints	2026-09-24T14:58:03.3815895Z ^[[1m^[[92m    Checking^[[0m indexmap v2.14.2
Rust	Check Rust lints	2026-09-24T14:58:03.4290593Z ^[[1m^[[92m    Checking^[[0m tokio-util v0.7.19
Rust	Check Rust lints	2026-09-24T14:58:03.7435537Z ^[[1m^[[92m    Checking^[[0m tracing v0.1.44
Rust	Check Rust lints	2026-09-24T14:58:03.8295523Z ^[[1m^[[92m    Checking^[[0m http-body v1.1.0
Rust	Check Rust lints	2026-09-24T14:58:04.0376107Z ^[[1m^[[92m    Checking^[[0m getrandom v0.2.17
Rust	Check Rust lints	2026-09-24T14:58:04.0665655Z ^[[1m^[[92m    Checking^[[0m tower-service v0.3.3
Rust	Check Rust lints	2026-09-24T14:58:04.0895706Z ^[[1m^[[92m    Checking^[[0m futures-task v0.3.34
Rust	Check Rust lints	2026-09-24T14:58:04.0985240Z ^[[1m^[[92m    Checking^[[0m untrusted v0.9.0
Rust	Check Rust lints	2026-09-24T14:58:04.1345557Z ^[[1m^[[92m   Compiling^[[0m pulldown-cmark v0.13.4
Rust	Check Rust lints	2026-09-24T14:58:04.3067790Z ^[[1m^[[92m   Compiling^[[0m httparse v1.10.1
Rust	Check Rust lints	2026-09-24T14:58:04.3345935Z ^[[1m^[[92m   Compiling^[[0m prettyplease v0.2.37
Rust	Check Rust lints	2026-09-24T14:58:04.4785496Z ^[[1m^[[92m    Checking^[[0m futures-util v0.3.34
Rust	Check Rust lints	2026-09-24T14:58:05.2786896Z ^[[1m^[[92m    Checking^[[0m rustls-pki-types v1.15.1
Rust	Check Rust lints	2026-09-24T14:58:05.4570582Z ^[[1m^[[92m    Checking^[[0m fnv v1.0.7
Rust	Check Rust lints	2026-09-24T14:58:05.4824441Z ^[[1m^[[92m    Checking^[[0m try-lock v0.2.5
Rust	Check Rust lints	2026-09-24T14:58:05.6745887Z ^[[1m^[[92m   Compiling^[[0m unicase v2.9.0
Rust	Check Rust lints	2026-09-24T14:58:05.7408245Z ^[[1m^[[92m   Compiling^[[0m foldhash v0.1.5
Rust	Check Rust lints	2026-09-24T14:58:05.8956113Z ^[[1m^[[92m    Checking^[[0m atomic-waker v1.1.2
Rust	Check Rust lints	2026-09-24T14:58:05.9231770Z ^[[1m^[[92m   Compiling^[[0m regex-syntax v0.8.11
Rust	Check Rust lints	2026-09-24T14:58:06.6855807Z ^[[1m^[[92m    Checking^[[0m h2 v0.4.19
Rust	Check Rust lints	2026-09-24T14:58:07.2493493Z ^[[1m^[[92m   Compiling^[[0m regex-automata v0.4.18
Rust	Check Rust lints	2026-09-24T14:58:07.8702970Z ^[[1m^[[92m   Compiling^[[0m prost v0.14.4
Rust	Check Rust lints	2026-09-24T14:58:08.0434956Z ^[[1m^[[92m   Compiling^[[0m hashbrown v0.15.5
Rust	Check Rust lints	2026-09-24T14:58:08.9914928Z ^[[1m^[[92m    Checking^[[0m want v0.3.1
Rust	Check Rust lints	2026-09-24T14:58:09.6714021Z ^[[1m^[[92m    Checking^[[0m futures-channel v0.3.34
Rust	Check Rust lints	2026-09-24T14:58:09.8772742Z ^[[1m^[[92m    Checking^[[0m sync_wrapper v1.0.2
Rust	Check Rust lints	2026-09-24T14:58:09.8970599Z ^[[1m^[[92m   Compiling^[[0m rustls v0.23.44
Rust	Check Rust lints	2026-09-24T14:58:10.0785361Z ^[[1m^[[92m    Checking^[[0m tower-layer v0.3.3
Rust	Check Rust lints	2026-09-24T14:58:10.1494935Z ^[[1m^[[92m   Compiling^[[0m fixedbitset v0.5.7
Rust	Check Rust lints	2026-09-24T14:58:10.2626975Z ^[[1m^[[92m    Checking^[[0m httpdate v1.0.3
Rust	Check Rust lints	2026-09-24T14:58:10.5390135Z ^[[1m^[[92m    Checking^[[0m hyper v1.11.1
Rust	Check Rust lints	2026-09-24T14:58:10.9075527Z ^[[1m^[[92m   Compiling^[[0m petgraph v0.8.3
Rust	Check Rust lints	2026-09-24T14:58:11.2049523Z ^[[1m^[[92m   Compiling^[[0m pulldown-cmark-to-cmark v22.0.1
Rust	Check Rust lints	2026-09-24T14:58:11.3288231Z ^[[1m^[[92m   Compiling^[[0m prost-types v0.14.4
Rust	Check Rust lints	2026-09-24T14:58:11.6792095Z ^[[1m^[[92m   Compiling^[[0m regex v1.13.1
Rust	Check Rust lints	2026-09-24T14:58:11.8709347Z ^[[1m^[[92m    Checking^[[0m http-body-util v0.1.5
Rust	Check Rust lints	2026-09-24T14:58:11.9063612Z ^[[1m^[[92m   Compiling^[[0m log v0.4.34
Rust	Check Rust lints	2026-09-24T14:58:11.9682944Z ^[[1m^[[92m   Compiling^[[0m heck v0.5.0
Rust	Check Rust lints	2026-09-24T14:58:12.0114759Z ^[[1m^[[92m   Compiling^[[0m multimap v0.10.1
Rust	Check Rust lints	2026-09-24T14:58:12.0388038Z ^[[1m^[[92m    Checking^[[0m mime v0.3.17
Rust	Check Rust lints	2026-09-24T14:58:12.0667167Z ^[[1m^[[92m   Compiling^[[0m prost-build v0.14.4
Rust	Check Rust lints	2026-09-24T14:58:12.1008927Z ^[[1m^[[92m    Checking^[[0m axum-core v0.5.6
Rust	Check Rust lints	2026-09-24T14:58:12.6945410Z ^[[1m^[[92m    Checking^[[0m hyper-util v0.1.20
Rust	Check Rust lints	2026-09-24T14:58:12.7445253Z ^[[1m^[[92m    Checking^[[0m tower v0.5.3
Rust	Check Rust lints	2026-09-24T14:58:13.0800567Z ^[[1m^[[92m   Compiling^[[0m tonic-build v0.14.6
Rust	Check Rust lints	2026-09-24T14:58:13.3479487Z ^[[1m^[[92m    Checking^[[0m rx-solution-catalog v0.1.0 (/home/runner/work/rx-solutions/rx-solutions/runtime/rx-solution-catalog)
Rust	Check Rust lints	2026-09-24T14:58:13.4480888Z ^[[1m^[[92m   Compiling^[[0m pin-project-internal v1.1.13
Rust	Check Rust lints	2026-09-24T14:58:13.5347480Z ^[[1m^[[92m   Compiling^[[0m protoc-bin-vendored-linux-x86_32 v3.2.0
Rust	Check Rust lints	2026-09-24T14:58:13.5614747Z ^[[1m^[[92m   Compiling^[[0m protoc-bin-vendored-macos-x86_64 v3.2.0
Rust	Check Rust lints	2026-09-24T14:58:13.5872780Z ^[[1m^[[92m   Compiling^[[0m protoc-bin-vendored-linux-s390_64 v3.2.0
Rust	Check Rust lints	2026-09-24T14:58:13.6134305Z ^[[1m^[[92m   Compiling^[[0m protoc-bin-vendored-win32 v3.2.0
Rust	Check Rust lints	2026-09-24T14:58:13.6394863Z ^[[1m^[[92m   Compiling^[[0m protoc-bin-vendored-linux-ppcle_64 v3.2.0
Rust	Check Rust lints	2026-09-24T14:58:13.6675699Z ^[[1m^[[92m   Compiling^[[0m protoc-bin-vendored-linux-x86_64 v3.2.0
Rust	Check Rust lints	2026-09-24T14:58:13.6925403Z ^[[1m^[[92m   Compiling^[[0m protoc-bin-vendored-macos-aarch_64 v3.2.0
Rust	Check Rust lints	2026-09-24T14:58:13.7203960Z ^[[1m^[[92m    Checking^[[0m percent-encoding v2.3.2
Rust	Check Rust lints	2026-09-24T14:58:13.7613490Z ^[[1m^[[92m   Compiling^[[0m protoc-bin-vendored-linux-aarch_64 v3.2.0
Rust	Check Rust lints	2026-09-24T14:58:13.7883792Z ^[[1m^[[92m    Checking^[[0m matchit v0.8.4
Rust	Check Rust lints	2026-09-24T14:58:13.8682332Z ^[[1m^[[92m    Checking^[[0m axum v0.8.9
Rust	Check Rust lints	2026-09-24T14:58:13.9245894Z ^[[1m^[[92m    Checking^[[0m pin-project v1.1.13
Rust	Check Rust lints	2026-09-24T14:58:13.9429561Z ^[[1m^[[92m   Compiling^[[0m protoc-bin-vendored v3.2.0
Rust	Check Rust lints	2026-09-24T14:58:13.9735146Z ^[[1m^[[92m   Compiling^[[0m tonic-prost-build v0.14.6
Rust	Check Rust lints	2026-09-24T14:58:14.1754941Z ^[[1m^[[92m    Checking^[[0m hyper-timeout v0.5.2
Rust	Check Rust lints	2026-09-24T14:58:14.2375936Z ^[[1m^[[92m    Checking^[[0m tokio-stream v0.1.19
Rust	Check Rust lints	2026-09-24T14:58:14.4019061Z ^[[1m^[[92m   Compiling^[[0m async-trait v0.1.92
Rust	Check Rust lints	2026-09-24T14:58:14.7811599Z ^[[1m^[[92m    Checking^[[0m base64 v0.22.1
Rust	Check Rust lints	2026-09-24T14:58:14.8748645Z ^[[1m^[[92m   Compiling^[[0m rx-protocol v0.1.0 (/home/runner/work/rx-solutions/rx-solutions/sdk/crates/rx-protocol)
Rust	Check Rust lints	2026-09-24T14:58:15.1526093Z ^[[1m^[[92m    Checking^[[0m rusqlite v0.40.2
Rust	Check Rust lints	2026-09-24T14:58:15.6375737Z ^[[1m^[[92m    Checking^[[0m rx-storage v0.1.0 (/home/runner/work/rx-solutions/rx-solutions/sdk/crates/rx-storage)
Rust	Check Rust lints	2026-09-24T14:58:15.7835783Z ^[[1m^[[92m    Checking^[[0m rx-process v0.1.0 (/home/runner/work/rx-solutions/rx-solutions/runtime/rx-process)
Rust	Check Rust lints	2026-09-24T14:58:15.8825647Z ^[[1m^[[92m   Compiling^[[0m rx-host v0.1.0 (/home/runner/work/rx-solutions/rx-solutions/runtime/rx-host)
Rust	Check Rust lints	2026-09-24T14:58:16.0915372Z ^[[1m^[[92m    Checking^[[0m rustls-webpki v0.103.15
Rust	Check Rust lints	2026-09-24T14:58:16.1172585Z ^[[1m^[[92m    Checking^[[0m prost-reflect v0.16.5
Rust	Check Rust lints	2026-09-24T14:58:16.1869206Z ^[[1m^[[92m    Checking^[[0m rx-melsec-mc v0.1.0 (/home/runner/work/rx-solutions/rx-solutions/drivers/rx-melsec-mc)
Rust	Check Rust lints	2026-09-24T14:58:16.4029106Z ^[[1m^[[92m    Checking^[[0m rx-supervisor v0.1.0 (/home/runner/work/rx-solutions/rx-solutions/runtime/rx-supervisor)
Rust	Check Rust lints	2026-09-24T14:58:16.5005610Z ^[[1m^[[92m    Checking^[[0m powerfmt v0.2.0
Rust	Check Rust lints	2026-09-24T14:58:16.5655518Z ^[[1m^[[92m    Checking^[[0m deranged v0.5.8
Rust	Check Rust lints	2026-09-24T14:58:17.0978367Z ^[[1m^[[92m    Checking^[[0m num-conv v0.2.2
Rust	Check Rust lints	2026-09-24T14:58:17.1645394Z ^[[1m^[[92m    Checking^[[0m time-core v0.1.9
Rust	Check Rust lints	2026-09-24T14:58:17.2735681Z ^[[1m^[[92m    Checking^[[0m base64 v0.23.1
Rust	Check Rust lints	2026-09-24T14:58:17.3328842Z ^[[1m^[[92m    Checking^[[0m time v0.3.55
Rust	Check Rust lints	2026-09-24T14:58:17.4275355Z ^[[1m^[[92m    Checking^[[0m pem v4.0.0
Rust	Check Rust lints	2026-09-24T14:58:17.4995826Z ^[[1m^[[92m    Checking^[[0m rx-process-package v0.1.0 (/home/runner/work/rx-solutions/rx-solutions/runtime/rx-process-package)
Rust	Check Rust lints	2026-09-24T14:58:17.7575909Z ^[[1m^[[92m    Checking^[[0m yasna v0.6.0
Rust	Check Rust lints	2026-09-24T14:58:18.0205520Z ^[[1m^[[92m    Checking^[[0m rcgen v0.14.10
Rust	Check Rust lints	2026-09-24T14:58:18.3275569Z ^[[1m^[[92m    Checking^[[0m tokio-rustls v0.26.5
Rust	Check Rust lints	2026-09-24T14:58:18.4622186Z ^[[1m^[[92m    Checking^[[0m tonic v0.14.6
Rust	Check Rust lints	2026-09-24T14:58:19.4726001Z ^[[1m^[[92m    Checking^[[0m tonic-prost v0.14.6
Rust	Check Rust lints	2026-09-24T14:58:22.5064642Z ^[[1m^[[92m    Checking^[[0m rx-executor v0.1.0 (/home/runner/work/rx-solutions/rx-solutions/runtime/rx-executor)
Rust	Check Rust lints	2026-09-24T14:58:26.4936537Z ^[[1m^[[92m    Checking^[[0m rx-device-package v0.1.0 (/home/runner/work/rx-solutions/rx-solutions/runtime/rx-device-package)
Rust	Check Rust lints	2026-09-24T14:58:27.9837012Z ^[[1m^[[92m    Finished^[[0m `dev` profile [unoptimized + debuginfo] target(s) in 37.81s
Rust	Test Rust workspace	﻿2026-09-24T14:58:28.0600198Z ##[group]Run cargo test --workspace --all-features --locked
Rust	Test Rust workspace	2026-09-24T14:58:28.0600571Z ^[[36;1mcargo test --workspace --all-features --locked^[[0m
Rust	Test Rust workspace	2026-09-24T14:58:28.0633153Z shell: /usr/bin/bash --noprofile --norc -e -o pipefail {0}
Rust	Test Rust workspace	2026-09-24T14:58:28.0633437Z env:
Rust	Test Rust workspace	2026-09-24T14:58:28.0633604Z   CARGO_TERM_COLOR: always
Rust	Test Rust workspace	2026-09-24T14:58:28.0633818Z   RUST_BACKTRACE: 1
Rust	Test Rust workspace	2026-09-24T14:58:28.0633986Z ##[endgroup]
Rust	Test Rust workspace	2026-09-24T14:58:28.2721117Z ^[[1m^[[92m   Compiling^[[0m cfg-if v1.0.4
Rust	Test Rust workspace	2026-09-24T14:58:28.2721739Z ^[[1m^[[92m   Compiling^[[0m libc v0.2.189
Rust	Test Rust workspace	2026-09-24T14:58:28.2722260Z ^[[1m^[[92m   Compiling^[[0m itoa v1.0.18
Rust	Test Rust workspace	2026-09-24T14:58:28.2725044Z ^[[1m^[[92m   Compiling^[[0m memchr v2.8.3
Rust	Test Rust workspace	2026-09-24T14:58:28.3057588Z ^[[1m^[[92m   Compiling^[[0m bitflags v2.13.2
Rust	Test Rust workspace	2026-09-24T14:58:28.3852350Z ^[[1m^[[92m   Compiling^[[0m serde_core v1.0.229
Rust	Test Rust workspace	2026-09-24T14:58:28.4456041Z ^[[1m^[[92m   Compiling^[[0m typenum v1.20.1
Rust	Test Rust workspace	2026-09-24T14:58:28.8435371Z ^[[1m^[[92m   Compiling^[[0m once_cell v1.21.4
Rust	Test Rust workspace	2026-09-24T14:58:28.9685659Z ^[[1m^[[92m   Compiling^[[0m zmij v1.0.23
Rust	Test Rust workspace	2026-09-24T14:58:29.0516826Z ^[[1m^[[92m   Compiling^[[0m cpufeatures v0.2.17
Rust	Test Rust workspace	2026-09-24T14:58:29.1130626Z ^[[1m^[[92m   Compiling^[[0m thiserror v2.0.20
Rust	Test Rust workspace	2026-09-24T14:58:29.1633970Z ^[[1m^[[92m   Compiling^[[0m getrandom v0.4.3
Rust	Test Rust workspace	2026-09-24T14:58:29.2095475Z ^[[1m^[[92m   Compiling^[[0m generic-array v0.14.7
Rust	Test Rust workspace	2026-09-24T14:58:29.2256464Z ^[[1m^[[92m   Compiling^[[0m zeroize v1.9.0
Rust	Test Rust workspace	2026-09-24T14:58:29.2888940Z ^[[1m^[[92m   Compiling^[[0m linux-raw-sys v0.12.1
Rust	Test Rust workspace	2026-09-24T14:58:29.3579999Z ^[[1m^[[92m   Compiling^[[0m ryu-js v0.2.2
Rust	Test Rust workspace	2026-09-24T14:58:29.4592843Z ^[[1m^[[92m   Compiling^[[0m fastrand v2.5.0
Rust	Test Rust workspace	2026-09-24T14:58:29.5681427Z ^[[1m^[[92m   Compiling^[[0m rustix v1.1.4
Rust	Test Rust workspace	2026-09-24T14:58:29.5986036Z ^[[1m^[[92m   Compiling^[[0m subtle v2.6.1
Rust	Test Rust workspace	2026-09-24T14:58:29.6604738Z ^[[1m^[[92m   Compiling^[[0m crypto-common v0.1.7
Rust	Test Rust workspace	2026-09-24T14:58:29.6726099Z ^[[1m^[[92m   Compiling^[[0m block-buffer v0.10.4
Rust	Test Rust workspace	2026-09-24T14:58:29.7098394Z ^[[1m^[[92m   Compiling^[[0m hybrid-array v0.4.15
Rust	Test Rust workspace	2026-09-24T14:58:29.7285433Z ^[[1m^[[92m   Compiling^[[0m digest v0.10.7
Rust	Test Rust workspace	2026-09-24T14:58:29.8305501Z ^[[1m^[[92m   Compiling^[[0m sha2 v0.10.9
Rust	Test Rust workspace	2026-09-24T14:58:30.0925580Z ^[[1m^[[92m   Compiling^[[0m io-lifetimes v2.0.4
Rust	Test Rust workspace	2026-09-24T14:58:30.1105577Z ^[[1m^[[92m   Compiling^[[0m block-buffer v0.12.1
Rust	Test Rust workspace	2026-09-24T14:58:30.1377807Z ^[[1m^[[92m   Compiling^[[0m serde v1.0.229
Rust	Test Rust workspace	2026-09-24T14:58:30.1852958Z ^[[1m^[[92m   Compiling^[[0m serde_json v1.0.151
Rust	Test Rust workspace	2026-09-24T14:58:30.2105162Z ^[[1m^[[92m   Compiling^[[0m uuid v1.26.1
Rust	Test Rust workspace	2026-09-24T14:58:30.5515624Z ^[[1m^[[92m   Compiling^[[0m crypto-common v0.2.2
Rust	Test Rust workspace	2026-09-24T14:58:30.5575337Z ^[[1m^[[92m   Compiling^[[0m io-lifetimes v3.0.1
Rust	Test Rust workspace	2026-09-24T14:58:30.6005753Z ^[[1m^[[92m   Compiling^[[0m io-extras v0.19.0
Rust	Test Rust workspace	2026-09-24T14:58:30.6685589Z ^[[1m^[[92m   Compiling^[[0m maybe-owned v0.3.4
Rust	Test Rust workspace	2026-09-24T14:58:30.7614733Z ^[[1m^[[92m   Compiling^[[0m cpufeatures v0.3.1
Rust	Test Rust workspace	2026-09-24T14:58:30.7878818Z ^[[1m^[[92m   Compiling^[[0m ipnet v2.12.2
Rust	Test Rust workspace	2026-09-24T14:58:31.1735547Z ^[[1m^[[92m   Compiling^[[0m serde_jcs v0.2.0
Rust	Test Rust workspace	2026-09-24T14:58:31.2945697Z ^[[1m^[[92m   Compiling^[[0m rx-domain v0.1.0 (/home/runner/work/rx-solutions/rx-solutions/sdk/crates/rx-domain)
Rust	Test Rust workspace	2026-09-24T14:58:31.4055551Z ^[[1m^[[92m   Compiling^[[0m digest v0.11.3
Rust	Test Rust workspace	2026-09-24T14:58:31.4345799Z ^[[1m^[[92m   Compiling^[[0m ambient-authority v0.0.2
Rust	Test Rust workspace	2026-09-24T14:58:31.4585464Z ^[[1m^[[92m   Compiling^[[0m signature v3.0.0
Rust	Test Rust workspace	2026-09-24T14:58:31.4765602Z ^[[1m^[[92m   Compiling^[[0m curve25519-dalek v5.0.0
Rust	Test Rust workspace	2026-09-24T14:58:31.5065449Z ^[[1m^[[92m   Compiling^[[0m ed25519 v3.0.0
Rust	Test Rust workspace	2026-09-24T14:58:31.5805980Z ^[[1m^[[92m   Compiling^[[0m sha2 v0.11.0
Rust	Test Rust workspace	2026-09-24T14:58:32.3175605Z ^[[1m^[[92m   Compiling^[[0m rustix-linux-procfs v0.1.1
Rust	Test Rust workspace	2026-09-24T14:58:32.4075996Z ^[[1m^[[92m   Compiling^[[0m fs-set-times v0.20.3
Rust	Test Rust workspace	2026-09-24T14:58:32.4745638Z ^[[1m^[[92m   Compiling^[[0m cap-primitives v4.0.3
Rust	Test Rust workspace	2026-09-24T14:58:32.4781521Z ^[[1m^[[92m   Compiling^[[0m tempfile v3.27.0
Rust	Test Rust workspace	2026-09-24T14:58:32.5830686Z ^[[1m^[[92m   Compiling^[[0m bytes v1.12.1
Rust	Test Rust workspace	2026-09-24T14:58:32.7866080Z ^[[1m^[[92m   Compiling^[[0m cap-std v4.0.3
Rust	Test Rust workspace	2026-09-24T14:58:32.9706544Z ^[[1m^[[92m   Compiling^[[0m rx-ports v0.1.0 (/home/runner/work/rx-solutions/rx-solutions/sdk/crates/rx-ports)
Rust	Test Rust workspace	2026-09-24T14:58:33.0615797Z ^[[1m^[[92m   Compiling^[[0m cap-fs-ext v4.0.3
Rust	Test Rust workspace	2026-09-24T14:58:33.0945743Z ^[[1m^[[92m   Compiling^[[0m ed25519-dalek v3.0.0
Rust	Test Rust workspace	2026-09-24T14:58:33.1075469Z ^[[1m^[[92m   Compiling^[[0m semver v1.0.28
Rust	Test Rust workspace	2026-09-24T14:58:33.1645692Z ^[[1m^[[92m   Compiling^[[0m pin-project-lite v0.2.17
Rust	Test Rust workspace	2026-09-24T14:58:33.1945073Z ^[[1m^[[92m   Compiling^[[0m errno v0.3.14
Rust	Test Rust workspace	2026-09-24T14:58:33.2409745Z ^[[1m^[[92m   Compiling^[[0m rx-package v0.1.0 (/home/runner/work/rx-solutions/rx-solutions/sdk/crates/rx-package)
Rust	Test Rust workspace	2026-09-24T14:58:33.2705548Z ^[[1m^[[92m   Compiling^[[0m foldhash v0.2.0
Rust	Test Rust workspace	2026-09-24T14:58:33.3225905Z ^[[1m^[[92m   Compiling^[[0m signal-hook-registry v1.4.8
Rust	Test Rust workspace	2026-09-24T14:58:33.3531693Z ^[[1m^[[92m   Compiling^[[0m hashbrown v0.17.1
Rust	Test Rust workspace	2026-09-24T14:58:33.5050172Z ^[[1m^[[92m   Compiling^[[0m mio v1.2.3
Rust	Test Rust workspace	2026-09-24T14:58:33.7765584Z ^[[1m^[[92m   Compiling^[[0m socket2 v0.6.5
Rust	Test Rust workspace	2026-09-24T14:58:33.9046121Z ^[[1m^[[92m   Compiling^[[0m smallvec v1.16.0
Rust	Test Rust workspace	2026-09-24T14:58:34.0252010Z ^[[1m^[[92m   Compiling^[[0m tokio v1.53.1
Rust	Test Rust workspace	2026-09-24T14:58:34.1765993Z ^[[1m^[[92m   Compiling^[[0m libsqlite3-sys v0.38.2
Rust	Test Rust workspace	2026-09-24T14:58:34.2825752Z ^[[1m^[[92m   Compiling^[[0m hashlink v0.12.2
Rust	Test Rust workspace	2026-09-24T14:58:34.2955682Z ^[[1m^[[92m   Compiling^[[0m fallible-streaming-iterator v0.1.9
Rust	Test Rust workspace	2026-09-24T14:58:34.3680518Z ^[[1m^[[92m   Compiling^[[0m fallible-iterator v0.3.0
Rust	Test Rust workspace	2026-09-24T14:58:34.4705751Z ^[[1m^[[92m   Compiling^[[0m rx-service-status v0.1.0 (/home/runner/work/rx-solutions/rx-solutions/runtime/rx-service-status)
Rust	Test Rust workspace	2026-09-24T14:58:34.5785610Z ^[[1m^[[92m   Compiling^[[0m rusqlite v0.40.2
Rust	Test Rust workspace	2026-09-24T14:58:35.5705893Z ^[[1m^[[92m   Compiling^[[0m rx-storage v0.1.0 (/home/runner/work/rx-solutions/rx-solutions/sdk/crates/rx-storage)
Rust	Test Rust workspace	2026-09-24T14:58:35.7075347Z ^[[1m^[[92m   Compiling^[[0m equivalent v1.0.2
Rust	Test Rust workspace	2026-09-24T14:58:35.7325493Z ^[[1m^[[92m   Compiling^[[0m futures-core v0.3.34
Rust	Test Rust workspace	2026-09-24T14:58:35.7932138Z ^[[1m^[[92m   Compiling^[[0m rx-process-contract v0.1.0 (/home/runner/work/rx-solutions/rx-solutions/sdk/crates/rx-process-contract)
Rust	Test Rust workspace	2026-09-24T14:58:36.6256057Z ^[[1m^[[92m   Compiling^[[0m http v1.5.0
Rust	Test Rust workspace	2026-09-24T14:58:37.4605951Z ^[[1m^[[92m   Compiling^[[0m tracing-core v0.1.36
Rust	Test Rust workspace	2026-09-24T14:58:37.8976070Z ^[[1m^[[92m   Compiling^[[0m slab v0.4.12
Rust	Test Rust workspace	2026-09-24T14:58:37.9025092Z ^[[1m^[[92m   Compiling^[[0m futures-sink v0.3.34
Rust	Test Rust workspace	2026-09-24T14:58:37.9831210Z ^[[1m^[[92m   Compiling^[[0m tokio-util v0.7.19
Rust	Test Rust workspace	2026-09-24T14:58:38.3326277Z ^[[1m^[[92m   Compiling^[[0m tracing v0.1.44
Rust	Test Rust workspace	2026-09-24T14:58:38.4588468Z ^[[1m^[[92m   Compiling^[[0m http-body v1.1.0
Rust	Test Rust workspace	2026-09-24T14:58:38.4815658Z ^[[1m^[[92m   Compiling^[[0m indexmap v2.14.2
Rust	Test Rust workspace	2026-09-24T14:58:38.5273034Z ^[[1m^[[92m   Compiling^[[0m log v0.4.34
Rust	Test Rust workspace	2026-09-24T14:58:38.6225614Z ^[[1m^[[92m   Compiling^[[0m getrandom v0.2.17
Rust	Test Rust workspace	2026-09-24T14:58:38.7175871Z ^[[1m^[[92m   Compiling^[[0m untrusted v0.9.0
Rust	Test Rust workspace	2026-09-24T14:58:38.7616104Z ^[[1m^[[92m   Compiling^[[0m tower-service v0.3.3
Rust	Test Rust workspace	2026-09-24T14:58:38.7935888Z ^[[1m^[[92m   Compiling^[[0m futures-task v0.3.34
Rust	Test Rust workspace	2026-09-24T14:58:38.8676085Z ^[[1m^[[92m   Compiling^[[0m futures-util v0.3.34
Rust	Test Rust workspace	2026-09-24T14:58:38.9655620Z ^[[1m^[[92m   Compiling^[[0m ring v0.17.14
Rust	Test Rust workspace	2026-09-24T14:58:39.6565684Z ^[[1m^[[92m   Compiling^[[0m rustls-pki-types v1.15.1
Rust	Test Rust workspace	2026-09-24T14:58:40.0155568Z ^[[1m^[[92m   Compiling^[[0m try-lock v0.2.5
Rust	Test Rust workspace	2026-09-24T14:58:40.0525544Z ^[[1m^[[92m   Compiling^[[0m atomic-waker v1.1.2
Rust	Test Rust workspace	2026-09-24T14:58:40.0985852Z ^[[1m^[[92m   Compiling^[[0m fnv v1.0.7
Rust	Test Rust workspace	2026-09-24T14:58:40.1292694Z ^[[1m^[[92m   Compiling^[[0m h2 v0.4.19
Rust	Test Rust workspace	2026-09-24T14:58:40.1875553Z ^[[1m^[[92m   Compiling^[[0m pulldown-cmark v0.13.4
Rust	Test Rust workspace	2026-09-24T14:58:40.5782257Z ^[[1m^[[92m   Compiling^[[0m want v0.3.1
Rust	Test Rust workspace	2026-09-24T14:58:41.2361263Z ^[[1m^[[92m   Compiling^[[0m httparse v1.10.1
Rust	Test Rust workspace	2026-09-24T14:58:41.3205897Z ^[[1m^[[92m   Compiling^[[0m futures-channel v0.3.34
Rust	Test Rust workspace	2026-09-24T14:58:41.4396633Z ^[[1m^[[92m   Compiling^[[0m sync_wrapper v1.0.2
Rust	Test Rust workspace	2026-09-24T14:58:41.4466841Z ^[[1m^[[92m   Compiling^[[0m tower-layer v0.3.3
Rust	Test Rust workspace	2026-09-24T14:58:41.4715550Z ^[[1m^[[92m   Compiling^[[0m httpdate v1.0.3
Rust	Test Rust workspace	2026-09-24T14:58:41.5295355Z ^[[1m^[[92m   Compiling^[[0m petgraph v0.8.3
Rust	Test Rust workspace	2026-09-24T14:58:42.1715560Z ^[[1m^[[92m   Compiling^[[0m hyper v1.11.1
Rust	Test Rust workspace	2026-09-24T14:58:42.7135543Z ^[[1m^[[92m   Compiling^[[0m pulldown-cmark-to-cmark v22.0.1
Rust	Test Rust workspace	2026-09-24T14:58:42.8955828Z ^[[1m^[[92m   Compiling^[[0m prost-types v0.14.4
Rust	Test Rust workspace	2026-09-24T14:58:42.9085873Z ^[[1m^[[92m   Compiling^[[0m rustls-webpki v0.103.15
Rust	Test Rust workspace	2026-09-24T14:58:43.0215367Z ^[[1m^[[92m   Compiling^[[0m http-body-util v0.1.5
Rust	Test Rust workspace	2026-09-24T14:58:43.1777196Z ^[[1m^[[92m   Compiling^[[0m rx-solution-catalog v0.1.0 (/home/runner/work/rx-solutions/rx-solutions/runtime/rx-solution-catalog)
Rust	Test Rust workspace	2026-09-24T14:58:43.7406035Z ^[[1m^[[92m   Compiling^[[0m mime v0.3.17
Rust	Test Rust workspace	2026-09-24T14:58:43.8086606Z ^[[1m^[[92m   Compiling^[[0m prost-build v0.14.4
Rust	Test Rust workspace	2026-09-24T14:58:43.8985561Z ^[[1m^[[92m   Compiling^[[0m axum-core v0.5.6
Rust	Test Rust workspace	2026-09-24T14:58:43.9236094Z ^[[1m^[[92m   Compiling^[[0m rustls v0.23.44
Rust	Test Rust workspace	2026-09-24T14:58:44.4866118Z ^[[1m^[[92m   Compiling^[[0m hyper-util v0.1.20
Rust	Test Rust workspace	2026-09-24T14:58:44.8605982Z ^[[1m^[[92m   Compiling^[[0m tower v0.5.3
Rust	Test Rust workspace	2026-09-24T14:58:45.0897158Z ^[[1m^[[92m   Compiling^[[0m prost v0.14.4
Rust	Test Rust workspace	2026-09-24T14:58:45.3655410Z ^[[1m^[[92m   Compiling^[[0m percent-encoding v2.3.2
Rust	Test Rust workspace	2026-09-24T14:58:45.4613883Z ^[[1m^[[92m   Compiling^[[0m matchit v0.8.4
Rust	Test Rust workspace	2026-09-24T14:58:45.4688143Z ^[[1m^[[92m   Compiling^[[0m pin-project v1.1.13
Rust	Test Rust workspace	2026-09-24T14:58:45.4965475Z ^[[1m^[[92m   Compiling^[[0m hyper-timeout v0.5.2
Rust	Test Rust workspace	2026-09-24T14:58:45.6075570Z ^[[1m^[[92m   Compiling^[[0m axum v0.8.9
Rust	Test Rust workspace	2026-09-24T14:58:45.6526078Z ^[[1m^[[92m   Compiling^[[0m tonic-prost-build v0.14.6
Rust	Test Rust workspace	2026-09-24T14:58:45.7005410Z ^[[1m^[[92m   Compiling^[[0m tokio-stream v0.1.19
Rust	Test Rust workspace	2026-09-24T14:58:45.9625575Z ^[[1m^[[92m   Compiling^[[0m base64 v0.22.1
Rust	Test Rust workspace	2026-09-24T14:58:46.0025948Z ^[[1m^[[92m   Compiling^[[0m rx-protocol v0.1.0 (/home/runner/work/rx-solutions/rx-solutions/sdk/crates/rx-protocol)
Rust	Test Rust workspace	2026-09-24T14:58:46.7296037Z ^[[1m^[[92m   Compiling^[[0m tokio-rustls v0.26.5
Rust	Test Rust workspace	2026-09-24T14:58:47.2572673Z ^[[1m^[[92m   Compiling^[[0m prost-reflect v0.16.5
Rust	Test Rust workspace	2026-09-24T14:58:47.5231156Z ^[[1m^[[92m   Compiling^[[0m rx-process v0.1.0 (/home/runner/work/rx-solutions/rx-solutions/runtime/rx-process)
Rust	Test Rust workspace	2026-09-24T14:58:48.1501960Z ^[[1m^[[92m   Compiling^[[0m tonic v0.14.6
Rust	Test Rust workspace	2026-09-24T14:58:48.2965815Z ^[[1m^[[92m   Compiling^[[0m rx-melsec-mc v0.1.0 (/home/runner/work/rx-solutions/rx-solutions/drivers/rx-melsec-mc)
Rust	Test Rust workspace	2026-09-24T14:58:48.7885715Z ^[[1m^[[92m   Compiling^[[0m rx-host v0.1.0 (/home/runner/work/rx-solutions/rx-solutions/runtime/rx-host)
Rust	Test Rust workspace	2026-09-24T14:58:49.4003262Z ^[[1m^[[92m   Compiling^[[0m num-conv v0.2.2
Rust	Test Rust workspace	2026-09-24T14:58:49.4015854Z ^[[1m^[[92m   Compiling^[[0m deranged v0.5.8
Rust	Test Rust workspace	2026-09-24T14:58:49.4731277Z ^[[1m^[[92m   Compiling^[[0m powerfmt v0.2.0
Rust	Test Rust workspace	2026-09-24T14:58:49.5852993Z ^[[1m^[[92m   Compiling^[[0m time-core v0.1.9
Rust	Test Rust workspace	2026-09-24T14:58:49.6965724Z ^[[1m^[[92m   Compiling^[[0m tonic-prost v0.14.6
Rust	Test Rust workspace	2026-09-24T14:58:50.2205660Z ^[[1m^[[92m   Compiling^[[0m time v0.3.55
Rust	Test Rust workspace	2026-09-24T14:58:50.6985810Z ^[[1m^[[92m   Compiling^[[0m rx-supervisor v0.1.0 (/home/runner/work/rx-solutions/rx-solutions/runtime/rx-supervisor)
Rust	Test Rust workspace	2026-09-24T14:58:51.1635485Z ^[[1m^[[92m   Compiling^[[0m base64 v0.23.1
Rust	Test Rust workspace	2026-09-24T14:58:51.4006099Z ^[[1m^[[92m   Compiling^[[0m pem v4.0.0
Rust	Test Rust workspace	2026-09-24T14:58:51.6345591Z ^[[1m^[[92m   Compiling^[[0m yasna v0.6.0
Rust	Test Rust workspace	2026-09-24T14:58:51.9305906Z ^[[1m^[[92m   Compiling^[[0m rx-process-package v0.1.0 (/home/runner/work/rx-solutions/rx-solutions/runtime/rx-process-package)
Rust	Test Rust workspace	2026-09-24T14:58:52.2244519Z ^[[1m^[[92m   Compiling^[[0m rcgen v0.14.10
Rust	Test Rust workspace	2026-09-24T14:58:55.0109999Z ^[[1m^[[92m   Compiling^[[0m rx-executor v0.1.0 (/home/runner/work/rx-solutions/rx-solutions/runtime/rx-executor)
Rust	Test Rust workspace	2026-09-24T14:58:59.8996451Z ^[[1m^[[92m   Compiling^[[0m rx-device-package v0.1.0 (/home/runner/work/rx-solutions/rx-solutions/runtime/rx-device-package)
Rust	Test Rust workspace	2026-09-24T15:00:23.4300769Z ^[[1m^[[92m    Finished^[[0m `test` profile [unoptimized + debuginfo] target(s) in 1m 55s
Rust	Test Rust workspace	2026-09-24T15:00:23.5634508Z ^[[1m^[[92m     Running^[[0m unittests src/lib.rs (target/debug/deps/rx_device_package-169dbeefae2a626d)
Rust	Test Rust workspace	2026-09-24T15:00:23.5644314Z 
Rust	Test Rust workspace	2026-09-24T15:00:23.5644419Z running 0 tests
Rust	Test Rust workspace	2026-09-24T15:00:23.5645924Z 
Rust	Test Rust workspace	2026-09-24T15:00:23.5646600Z test result: ok. 0 passed; 0 failed; 0 ignored; 0 measured; 0 filtered out; finished in 0.00s
Rust	Test Rust workspace	2026-09-24T15:00:23.5647023Z 
Rust	Test Rust workspace	2026-09-24T15:00:23.5647469Z ^[[1m^[[92m     Running^[[0m unittests src/bin/rx-device-package.rs (target/debug/deps/rx_device_package-c9a1924f29bbd344)
Rust	Test Rust workspace	2026-09-24T15:00:23.5654627Z 
Rust	Test Rust workspace	2026-09-24T15:00:23.5654743Z running 0 tests
Rust	Test Rust workspace	2026-09-24T15:00:23.5654920Z 
Rust	Test Rust workspace	2026-09-24T15:00:23.5655250Z test result: ok. 0 passed; 0 failed; 0 ignored; 0 measured; 0 filtered out; finished in 0.00s
Rust	Test Rust workspace	2026-09-24T15:00:23.5655664Z 
Rust	Test Rust workspace	2026-09-24T15:00:23.5656733Z ^[[1m^[[92m     Running^[[0m tests/authoring.rs (target/debug/deps/authoring-223bcd1e9023f33a)
Rust	Test Rust workspace	2026-09-24T15:00:23.5666748Z 
Rust	Test Rust workspace	2026-09-24T15:00:23.5666914Z running 9 tests
Rust	Test Rust workspace	2026-09-24T15:00:23.5669095Z test export_image_fixture ... ignored, exports explicitly simulated, unsigned inputs and public test policy for container verification
Rust	Test Rust workspace	2026-09-24T15:00:23.5719681Z test one_template_resolves_two_sites_without_editing_the_shared_semantics ... ok
Rust	Test Rust workspace	2026-09-24T15:00:23.5756630Z test semantically_unordered_inputs_produce_the_same_signing_message ... ok
Rust	Test Rust workspace	2026-09-24T15:00:23.5757396Z test sign_image_request ... ignored, signs only with an embedded test key for isolated container verification
Rust	Test Rust workspace	2026-09-24T15:00:23.5917104Z test signed_but_inconsistent_assembly_cannot_pass_the_host_resolver ... ok
Rust	Test Rust workspace	2026-09-24T15:00:23.5930419Z test template_hash_missing_extra_and_alias_bindings_are_rejected ... ok
Rust	Test Rust workspace	2026-09-24T15:00:24.3221509Z test candidate_changes_permissions_keys_and_missing_assets_do_not_bypass_verification ... ok
Rust	Test Rust workspace	2026-09-24T15:00:25.2002620Z test candidate_roundtrip_external_signature_and_host_decoding_preserve_signed_provenance ... ok
Rust	Test Rust workspace	2026-09-24T15:00:25.3125112Z test cli_assembles_requests_external_signature_seals_and_verifies_without_network ... ok
Rust	Test Rust workspace	2026-09-24T15:00:25.3125652Z 
Rust	Test Rust workspace	2026-09-24T15:00:25.3126008Z test result: ok. 7 passed; 0 failed; 2 ignored; 0 measured; 0 filtered out; finished in 1.75s
Rust	Test Rust workspace	2026-09-24T15:00:25.3126452Z 
Rust	Test Rust workspace	2026-09-24T15:00:25.3128765Z ^[[1m^[[92m     Running^[[0m tests/jtc_authoring.rs (target/debug/deps/jtc_authoring-d4af4256306c18b2)
Rust	Test Rust workspace	2026-09-24T15:00:25.3145768Z 
Rust	Test Rust workspace	2026-09-24T15:00:25.3145913Z running 14 tests
Rust	Test Rust workspace	2026-09-24T15:00:25.3148094Z test export_device_review_authority ... ignored, exports a public device verifier trust fixture, never a production key
Rust	Test Rust workspace	2026-09-24T15:00:25.3149006Z test export_image_fixture ... ignored, exports only SIMULATION inputs and a public test policy for the image authoring test
Rust	Test Rust workspace	2026-09-24T15:00:25.4668507Z test device_software_report_uses_real_decoder_and_cannot_claim_physical_validation ... ok
Rust	Test Rust workspace	2026-09-24T15:00:26.1625389Z test actual_cli_generates_a_report_and_a_separate_signing_request ... ok
Rust	Test Rust workspace	2026-09-24T15:00:26.1845500Z test missing_alias_or_foreign_bindings_and_invalid_trajectory_are_rejected ... ok
Rust	Test Rust workspace	2026-09-24T15:00:26.1884867Z test sign_device_report ... ignored, external test-only device report signer for real API integration
Rust	Test Rust workspace	2026-09-24T15:00:26.1914799Z test sign_image_request ... ignored, test-only external signer for the isolated image fixture
Rust	Test Rust workspace	2026-09-24T15:00:26.2069918Z test host_package_checks_assets_and_exact_intents_but_cannot_create_control_authority ... ok
Rust	Test Rust workspace	2026-09-24T15:00:26.2165138Z test simulation_catalog_cannot_be_promoted_to_a_physical_site ... ok
Rust	Test Rust workspace	2026-09-24T15:00:26.3988364Z test signed_but_inconsistent_results_actions_model_and_release_are_rejected ... ok
Rust	Test Rust workspace	2026-09-24T15:00:26.4069953Z test actual_cli_assembles_requests_external_signature_seals_and_inspects_jtc ... ok
Rust	Test Rust workspace	2026-09-24T15:00:26.4513528Z test template_reuse_and_candidate_roundtrip_preserve_bound_actions_and_result_meanings ... ok
Rust	Test Rust workspace	2026-09-24T15:00:26.5217681Z test unordered_template_actions_have_one_digest_and_joint_order_is_preserved ... ok
Rust	Test Rust workspace	2026-09-24T15:00:26.5422747Z test host_initializes_jtc_metadata_and_refuses_run_before_creating_a_controller_client ... ok
Rust	Test Rust workspace	2026-09-24T15:00:26.5423095Z 
Rust	Test Rust workspace	2026-09-24T15:00:26.5423309Z test result: ok. 10 passed; 0 failed; 4 ignored; 0 measured; 0 filtered out; finished in 1.23s
Rust	Test Rust workspace	2026-09-24T15:00:26.5423589Z 
Rust	Test Rust workspace	2026-09-24T15:00:26.5430719Z ^[[1m^[[92m     Running^[[0m unittests src/lib.rs (target/debug/deps/rx_executor-e97c1dca65aa457d)
Rust	Test Rust workspace	2026-09-24T15:00:26.5446968Z 
Rust	Test Rust workspace	2026-09-24T15:00:26.5447191Z running 40 tests
Rust	Test Rust workspace	2026-09-24T15:00:26.5465800Z test cell_service::tests::discovery_does_not_hide_old_owner_expired_attempt_or_restricted_work ... ok
Rust	Test Rust workspace	2026-09-24T15:00:26.5466368Z test cell_service::tests::historical_session_runtime_and_paused_attachment_cannot_resume ... ok
Rust	Test Rust workspace	2026-09-24T15:00:26.5466897Z test cell_service::tests::completion_requires_structured_cleanup_exact_stop_and_actual_completed_state ... ok
Rust	Test Rust workspace	2026-09-24T15:00:26.5467431Z test cell_service::tests::none_and_arming_are_observation_only_and_ambiguity_has_no_winner ... ok
Rust	Test Rust workspace	2026-09-24T15:00:26.5467962Z test cell_service::tests::observation_shutdown_preserves_preparing_attached_and_known_arming_as_attention ... ok
Rust	Test Rust workspace	2026-09-24T15:00:26.5646415Z test cell_service::tests::actual_production_cut_must_revalidate_discovery_before_any_reservation ... ok
Rust	Test Rust workspace	2026-09-24T15:00:26.5654944Z test client::assignment::tests::accepted_read_expires_or_loses_currency_when_the_trusted_clock_changes ... ok
Rust	Test Rust workspace	2026-09-24T15:00:26.5677540Z test client::assignment::tests::assignment_shares_runtime_sequence_and_time_regression_guards ... ok
Rust	Test Rust workspace	2026-09-24T15:00:26.5793200Z test client::assignment::tests::cardinalities_retain_old_sessions_expired_attempts_and_restricted_work ... ok
Rust	Test Rust workspace	2026-09-24T15:00:26.5854839Z test client::assignment::tests::expired_response_does_not_advance_the_shared_cut ... ok
Rust	Test Rust workspace	2026-09-24T15:00:26.5906000Z test client::assignment::tests::forged_cut_cardinality_and_duplicate_witnesses_fail_closed ... ok
Rust	Test Rust workspace	2026-09-24T15:00:26.5909802Z test cell_service::tests::missing_file_after_creation_entered_never_becomes_fresh_initialization ... ok
Rust	Test Rust workspace	2026-09-24T15:00:26.5955881Z test client::assignment::tests::payload_digest_size_schema_and_strict_json_are_independent_checks ... ok
Rust	Test Rust workspace	2026-09-24T15:00:26.5975271Z test client::assignment::tests::forged_identity_is_rejected_even_with_a_matching_payload_hash ... ok
Rust	Test Rust workspace	2026-09-24T15:00:26.5987935Z test client::tests::artifact_hash_does_not_replace_size_schema_or_typed_payload_validation ... ok
Rust	Test Rust workspace	2026-09-24T15:00:26.6010755Z test clock::tests::linux_clock_uses_the_shared_boot_identity_and_non_decreasing_boottime ... ok
Rust	Test Rust workspace	2026-09-24T15:00:26.6012384Z test engine_process::tests::verified_product_binary_uses_live_linux_clock_and_preserves_one_process ... ignored, Linux validation image supplies RX_BT_ENGINE_BINARY
Rust	Test Rust workspace	2026-09-24T15:00:26.6014825Z test frame::tests::a_new_epoch_is_not_implicitly_adopted_by_an_existing_context ... ok
Rust	Test Rust workspace	2026-09-24T15:00:26.6015821Z test client::assignment::tests::ttl_and_clock_interval_are_checked_before_accepting_a_view ... ok
Rust	Test Rust workspace	2026-09-24T15:00:26.6016664Z test frame::tests::source_clock_expiry_blocks_a_view_even_if_the_local_steady_deadline_has_not_passed ... ok
Rust	Test Rust workspace	2026-09-24T15:00:26.6017259Z test frame::tests::restored_p_snapshot_preserves_work_and_does_not_restore_admission ... ok
Rust	Test Rust workspace	2026-09-24T15:00:26.6017848Z test journal::recovery::wal::tests::checksum_word_order_and_accumulation_have_independent_known_values ... ok
Rust	Test Rust workspace	2026-09-24T15:00:26.6034806Z test journal::recovery::wal::tests::header_fields_and_header_checksum_cannot_silently_drop_the_wal ... ok
Rust	Test Rust workspace	2026-09-24T15:00:26.6039279Z test cell_service::tests::preparing_recovery_keeps_original_ids_and_cannot_switch_to_new_candidate ... ok
Rust	Test Rust workspace	2026-09-24T15:00:26.6046865Z test cell_service::tests::closing_a_preserves_its_stop_and_frees_only_the_next_attachment ... ok
Rust	Test Rust workspace	2026-09-24T15:00:26.6047896Z test journal::recovery::wal::tests::invalid_page_numbers_commit_sizes_and_oversize_files_fail_before_unbounded_reads ... ok
Rust	Test Rust workspace	2026-09-24T15:00:26.6048753Z test pending::tests::wait_start_does_not_drop_the_only_bt_request_and_due_requests_are_fair ... ok
Rust	Test Rust workspace	2026-09-24T15:00:26.6049586Z test service::tests::cancelled_serial_retirement_cannot_become_confirmation_for_an_empty_engine_slot ... ok
Rust	Test Rust workspace	2026-09-24T15:00:26.6050465Z test service::tests::cleanup_confirmation_distinguishes_no_spawn_and_local_close_from_uncertainty ... ok
Rust	Test Rust workspace	2026-09-24T15:00:26.6051543Z test pending::tests::full_queue_and_inflight_normal_work_do_not_block_pause_and_meaning_cannot_change ... ok
Rust	Test Rust workspace	2026-09-24T15:00:26.6052302Z test service::tests::failed_close_is_sticky_after_a_later_successful_cleanup ... ok
Rust	Test Rust workspace	2026-09-24T15:00:26.6053936Z test service::tests::each_serial_planner_requires_its_own_confirmed_cleanup ... ok
Rust	Test Rust workspace	2026-09-24T15:00:26.6056400Z test service::tests::production_expiry::expired_waiting_cannot_republish_an_old_admission_flag ... ok
Rust	Test Rust workspace	2026-09-24T15:00:26.6057088Z test service::tests::spawn_attempts_are_uncertain_until_cleanup_and_failures_remain_latched ... ok
Rust	Test Rust workspace	2026-09-24T15:00:26.6060173Z test service_owner::tests::explicit_release_does_not_wait_for_an_inherited_open_file_description ... ok
Rust	Test Rust workspace	2026-09-24T15:00:26.6074874Z test worker::production::tests::serial_selection_preserves_zero_or_one_active_part_without_rewriting_completed_parts ... ok
Rust	Test Rust workspace	2026-09-24T15:00:26.6076082Z test worker::production::tests::valid_platform_views_with_multiple_active_parts_require_serial_attention ... ok
Rust	Test Rust workspace	2026-09-24T15:00:26.6158789Z test journal::recovery::wal::tests::page_data_checksums_salts_partial_and_uncommitted_tails_are_rejected ... ok
Rust	Test Rust workspace	2026-09-24T15:00:26.6219329Z test journal::recovery::wal::tests::absent_empty_header_only_and_complete_commits_are_distinct_valid_shapes ... ok
Rust	Test Rust workspace	2026-09-24T15:00:26.6251563Z test service::tests::production_expiry::journal_observation_expiry_retries_completed_read_instead_of_stopping_context ... ok
Rust	Test Rust workspace	2026-09-24T15:00:26.6252184Z 
Rust	Test Rust workspace	2026-09-24T15:00:26.6252469Z test result: ok. 39 passed; 0 failed; 1 ignored; 0 measured; 0 filtered out; finished in 0.08s
Rust	Test Rust workspace	2026-09-24T15:00:26.6252863Z 
Rust	Test Rust workspace	2026-09-24T15:00:26.6258339Z ^[[1m^[[92m     Running^[[0m unittests tests/support/cell_service_fixture.rs (target/debug/deps/rx_executor_cell_service_fixture-24d13f943a7e3abb)
Rust	Test Rust workspace	2026-09-24T15:00:26.6268188Z 
Rust	Test Rust workspace	2026-09-24T15:00:26.6268298Z running 0 tests
Rust	Test Rust workspace	2026-09-24T15:00:26.6268448Z 
Rust	Test Rust workspace	2026-09-24T15:00:26.6268834Z test result: ok. 0 passed; 0 failed; 0 ignored; 0 measured; 0 filtered out; finished in 0.00s
Rust	Test Rust workspace	2026-09-24T15:00:26.6269265Z 
Rust	Test Rust workspace	2026-09-24T15:00:26.6270414Z ^[[1m^[[92m     Running^[[0m unittests tests/support/decision_fixture.rs (target/debug/deps/rx_executor_decision_fixture-5c908a9565470cd5)
Rust	Test Rust workspace	2026-09-24T15:00:26.6278724Z 
Rust	Test Rust workspace	2026-09-24T15:00:26.6278840Z running 0 tests
Rust	Test Rust workspace	2026-09-24T15:00:26.6278998Z 
Rust	Test Rust workspace	2026-09-24T15:00:26.6279294Z test result: ok. 0 passed; 0 failed; 0 ignored; 0 measured; 0 filtered out; finished in 0.00s
Rust	Test Rust workspace	2026-09-24T15:00:26.6279698Z 
Rust	Test Rust workspace	2026-09-24T15:00:26.6280824Z ^[[1m^[[92m     Running^[[0m unittests tests/support/read_fixture.rs (target/debug/deps/rx_executor_read_fixture-63acd12cbd2c3a4e)
Rust	Test Rust workspace	2026-09-24T15:00:26.6289067Z 
Rust	Test Rust workspace	2026-09-24T15:00:26.6289191Z running 0 tests
Rust	Test Rust workspace	2026-09-24T15:00:26.6289346Z 
Rust	Test Rust workspace	2026-09-24T15:00:26.6289691Z test result: ok. 0 passed; 0 failed; 0 ignored; 0 measured; 0 filtered out; finished in 0.00s
Rust	Test Rust workspace	2026-09-24T15:00:26.6290107Z 
Rust	Test Rust workspace	2026-09-24T15:00:26.6291109Z ^[[1m^[[92m     Running^[[0m unittests src/bin/service.rs (target/debug/deps/rx_executor_service-9b9c58fda1673bb8)
Rust	Test Rust workspace	2026-09-24T15:00:26.6300970Z 
Rust	Test Rust workspace	2026-09-24T15:00:26.6301134Z running 4 tests
Rust	Test Rust workspace	2026-09-24T15:00:26.6304825Z test cell_cli::guarded_tests::completed_run_retirement_keeps_the_resident_executor_protocol_ready ... ok
Rust	Test Rust workspace	2026-09-24T15:00:26.6305719Z test cell_cli::guarded_tests::live_executor_status_never_claims_terminal_cleanup_or_p_admission ... ok
Rust	Test Rust workspace	2026-09-24T15:00:26.6306382Z test cell_cli::guarded_tests::executor_final_state_preserves_attention_and_rejects_incomplete_stop ... ok
Rust	Test Rust workspace	2026-09-24T15:00:26.6337420Z test cell_cli::guarded_tests::executor_report_failure_signals_existing_cooperative_shutdown ... ok
Rust	Test Rust workspace	2026-09-24T15:00:26.6337928Z 
Rust	Test Rust workspace	2026-09-24T15:00:26.6338234Z test result: ok. 4 passed; 0 failed; 0 ignored; 0 measured; 0 filtered out; finished in 0.00s
Rust	Test Rust workspace	2026-09-24T15:00:26.6338680Z 
Rust	Test Rust workspace	2026-09-24T15:00:26.6339917Z ^[[1m^[[92m     Running^[[0m unittests tests/support/service_fixture.rs (target/debug/deps/rx_executor_service_fixture-6fb491dad887bf00)
Rust	Test Rust workspace	2026-09-24T15:00:26.6347938Z 
Rust	Test Rust workspace	2026-09-24T15:00:26.6348048Z running 0 tests
Rust	Test Rust workspace	2026-09-24T15:00:26.6348405Z 
Rust	Test Rust workspace	2026-09-24T15:00:26.6348701Z test result: ok. 0 passed; 0 failed; 0 ignored; 0 measured; 0 filtered out; finished in 0.00s
Rust	Test Rust workspace	2026-09-24T15:00:26.6349106Z 
Rust	Test Rust workspace	2026-09-24T15:00:26.6349960Z ^[[1m^[[92m     Running^[[0m unittests tests/support/worker_fixture.rs (target/debug/deps/rx_executor_worker_fixture-1c9bdb0c7297f234)
Rust	Test Rust workspace	2026-09-24T15:00:26.6357974Z 
Rust	Test Rust workspace	2026-09-24T15:00:26.6358094Z running 0 tests
Rust	Test Rust workspace	2026-09-24T15:00:26.6358243Z 
Rust	Test Rust workspace	2026-09-24T15:00:26.6358538Z test result: ok. 0 passed; 0 failed; 0 ignored; 0 measured; 0 filtered out; finished in 0.00s
Rust	Test Rust workspace	2026-09-24T15:00:26.6358938Z 
Rust	Test Rust workspace	2026-09-24T15:00:26.6359957Z ^[[1m^[[92m     Running^[[0m tests/assignment_journal.rs (target/debug/deps/assignment_journal-d1e91b290cfda7e8)
Rust	Test Rust workspace	2026-09-24T15:00:26.6370532Z 
Rust	Test Rust workspace	2026-09-24T15:00:26.6370701Z running 21 tests
Rust	Test Rust workspace	2026-09-24T15:00:26.6849217Z test a_run_store_from_another_service_identity_cannot_be_attached ... ok
Rust	Test Rust workspace	2026-09-24T15:00:26.6921899Z test attach_rollback_and_lost_reply_are_recovered_without_a_second_transition ... ok
Rust	Test Rust workspace	2026-09-24T15:00:26.6922939Z test a_crash_before_header_commit_leaves_an_error_instead_of_reinitializing_the_file ... ok
Rust	Test Rust workspace	2026-09-24T15:00:26.7049211Z test changed_scope_or_run_journal_identity_is_never_repaired ... ok
Rust	Test Rust workspace	2026-09-24T15:00:26.7225057Z test creation_marker_committed_before_filesystem_failure_forbids_later_retry ... ok
Rust	Test Rust workspace	2026-09-24T15:00:26.7325249Z test initialized_header_survives_a_lost_initialization_reply ... ok
Rust	Test Rust workspace	2026-09-24T15:00:26.7347335Z test completion_rejects_paused_recovery_abandoned_wrong_identity_and_incomplete_parts ... ok
Rust	Test Rust workspace	2026-09-24T15:00:26.7423354Z test creation_marker_rollback_permits_the_first_initialization_without_changing_phase ... ok
Rust	Test Rust workspace	2026-09-24T15:00:26.7481222Z test close_rollback_and_lost_reply_clear_current_atomically_and_preserve_stop_and_pending_requests ... ok
Rust	Test Rust workspace	2026-09-24T15:00:26.7632787Z test malformed_current_pointer_fails_required_open_instead_of_hiding_the_attached_run ... ok
Rust	Test Rust workspace	2026-09-24T15:00:26.7634001Z test lost_creation_marker_reply_stops_before_file_reservation_and_survives_reopen ... ok
Rust	Test Rust workspace	2026-09-24T15:00:26.7734973Z test old_header_without_creation_history_is_not_silently_upgraded ... ok
Rust	Test Rust workspace	2026-09-24T15:00:26.7806729Z test lost_run_initialization_reply_recovers_binding_without_reinitializing ... ok
Rust	Test Rust workspace	2026-09-24T15:00:26.7996041Z test preparing_rollback_and_lost_reply_preserve_exact_reservation_and_single_current ... ok
Rust	Test Rust workspace	2026-09-24T15:00:26.8185013Z test required_open_never_initializes_missing_empty_or_foreign_service_metadata ... ok
Rust	Test Rust workspace	2026-09-24T15:00:26.8452929Z test required_run_file_does_not_follow_symlinks ... ok
Rust	Test Rust workspace	2026-09-24T15:00:26.8476412Z test preparing_cannot_close_and_closed_history_cannot_rebind_the_same_run ... ok
Rust	Test Rust workspace	2026-09-24T15:00:26.8538269Z test preparing_missing_run_is_explicit_but_partial_or_attached_missing_run_is_an_error ... ok
Rust	Test Rust workspace	2026-09-24T15:00:26.8586546Z test initialized_preparing_run_file_loss_never_reuses_either_initializer ... ok
Rust	Test Rust workspace	2026-09-24T15:00:26.8699700Z test run_creation_marker_cannot_change_after_header_initialization ... ok
Rust	Test Rust workspace	2026-09-24T15:00:26.8727754Z test unbound_legacy_journal_is_not_adopted_or_modified ... ok
Rust	Test Rust workspace	2026-09-24T15:00:26.8728091Z 
Rust	Test Rust workspace	2026-09-24T15:00:26.8728371Z test result: ok. 21 passed; 0 failed; 0 ignored; 0 measured; 0 filtered out; finished in 0.24s
Rust	Test Rust workspace	2026-09-24T15:00:26.8728778Z 
Rust	Test Rust workspace	2026-09-24T15:00:26.8732913Z ^[[1m^[[92m     Running^[[0m tests/cell_cli.rs (target/debug/deps/cell_cli-20bb5779b032ae91)
Rust	Test Rust workspace	2026-09-24T15:00:26.8744816Z 
Rust	Test Rust workspace	2026-09-24T15:00:26.8744923Z running 15 tests
Rust	Test Rust workspace	2026-09-24T15:00:27.0309878Z test changed_configuration_and_pinned_bytes_cannot_reach_session_open ... ok
Rust	Test Rust workspace	2026-09-24T15:00:27.1355883Z test cell_configuration_rejects_run_visit_program_arguments_and_invalid_timing ... ok
Rust	Test Rust workspace	2026-09-24T15:00:27.1568984Z test copied_installation_cannot_silently_change_its_root ... ok
Rust	Test Rust workspace	2026-09-24T15:00:27.1784606Z test deployment_file_symlinks_and_private_key_permissions_are_rejected ... ok
Rust	Test Rust workspace	2026-09-24T15:00:27.2204576Z test duplicate_and_root_alias_are_refused_before_session_open_then_cleanup_allows_reopen ... ok
Rust	Test Rust workspace	2026-09-24T15:00:27.2619620Z test guarded_status_validation_fails_before_executor_peer_registration ... ok
Rust	Test Rust workspace	2026-09-24T15:00:27.3256961Z test init_pins_expected_identity_and_normalized_defaults_without_peer_registration ... ok
Rust	Test Rust workspace	2026-09-24T15:00:27.4005081Z test initialized_preparing_or_attached_run_file_loss_is_detected_before_new_peer_boot_registration ... ok
Rust	Test Rust workspace	2026-09-24T15:00:27.4318959Z test manifest_only_partial_installation_is_not_overwritten_or_connected ... ok
Rust	Test Rust workspace	2026-09-24T15:00:27.5601104Z test missing_manifest_empty_journal_and_changed_header_are_refused_before_connect ... ok
Rust	Test Rust workspace	2026-09-24T15:00:27.6115574Z test recovery_inspect_does_not_compete_with_service_or_store_owner ... ok
Rust	Test Rust workspace	2026-09-24T15:00:27.6788329Z test recovery_inspect_initialized_idle_store_is_deterministic_and_does_not_connect_or_modify_files ... ok
Rust	Test Rust workspace	2026-09-24T15:00:27.8278658Z test recovery_inspect_missing_or_corrupt_required_files_never_repairs_them ... ok
Rust	Test Rust workspace	2026-09-24T15:00:27.8385326Z test recovery_inspect_missing_root_does_not_initialize_a_service_or_connect ... ok
Rust	Test Rust workspace	2026-09-24T15:00:27.8882805Z test recovery_inspect_rejects_alias_root_and_changed_deployment_scope ... ok
Rust	Test Rust workspace	2026-09-24T15:00:27.8883202Z 
Rust	Test Rust workspace	2026-09-24T15:00:27.8883483Z test result: ok. 15 passed; 0 failed; 0 ignored; 0 measured; 0 filtered out; finished in 1.01s
Rust	Test Rust workspace	2026-09-24T15:00:27.8883917Z 
Rust	Test Rust workspace	2026-09-24T15:00:27.8887165Z ^[[1m^[[92m     Running^[[0m tests/journal.rs (target/debug/deps/journal-43d05bd66ab48b0d)
Rust	Test Rust workspace	2026-09-24T15:00:27.8897788Z 
Rust	Test Rust workspace	2026-09-24T15:00:27.8897890Z running 9 tests
Rust	Test Rust workspace	2026-09-24T15:00:27.9092833Z test p_observation_preserves_network_uncertainty_and_deduplicates_unchanged_identity ... ok
Rust	Test Rust workspace	2026-09-24T15:00:27.9295078Z test only_a_confirmed_transactional_rejection_allows_new_cas_and_key ... ok
Rust	Test Rust workspace	2026-09-24T15:00:27.9369467Z test material_identity_is_observed_without_rewriting_a_lost_begin_reply ... ok
Rust	Test Rust workspace	2026-09-24T15:00:27.9402876Z test checkpoint_expiry_preserves_old_attempt_and_pending_projection_is_not_an_rpc_reply ... ok
Rust	Test Rust workspace	2026-09-24T15:00:27.9446390Z test pause_intent_is_scoped_to_executor_session_and_epoch_without_changing_operation_keys ... ok
Rust	Test Rust workspace	2026-09-24T15:00:27.9532861Z test prepared_entered_and_reply_boundaries_survive_rollback_and_lost_commit_response ... ok
Rust	Test Rust workspace	2026-09-24T15:00:27.9563134Z test reconciliation_acknowledgment_is_not_a_resource_release_observation ... ok
Rust	Test Rust workspace	2026-09-24T15:00:27.9579894Z test stop_intent_survives_commit_response_loss_and_never_becomes_a_part_request ... ok
Rust	Test Rust workspace	2026-09-24T15:00:27.9617256Z test stop_attempt_key_is_preserved_and_p_observation_does_not_invent_a_reply ... ok
Rust	Test Rust workspace	2026-09-24T15:00:27.9617557Z 
Rust	Test Rust workspace	2026-09-24T15:00:27.9617762Z test result: ok. 9 passed; 0 failed; 0 ignored; 0 measured; 0 filtered out; finished in 0.07s
Rust	Test Rust workspace	2026-09-24T15:00:27.9618033Z 
Rust	Test Rust workspace	2026-09-24T15:00:27.9621559Z ^[[1m^[[92m     Running^[[0m tests/recovery_inspect.rs (target/debug/deps/recovery_inspect-151783a10d3b0347)
Rust	Test Rust workspace	2026-09-24T15:00:27.9634359Z 
Rust	Test Rust workspace	2026-09-24T15:00:27.9634468Z running 5 tests
Rust	Test Rust workspace	2026-09-24T15:00:27.9775223Z test owner_conflict_symlink_parent_and_size_limit_fail_without_source_writes ... ok
Rust	Test Rust workspace	2026-09-24T15:00:28.0577255Z test missing_header_wrong_identity_and_missing_writer_lock_are_never_initialized ... ok
Rust	Test Rust workspace	2026-09-24T15:00:28.0756749Z test current_pending_stop_is_inspected_twice_without_source_change_or_resolution ... ok
Rust	Test Rust workspace	2026-09-24T15:00:28.0956384Z test preparing_never_initializes_or_attaches_and_creation_loss_is_rejected ... ok
Rust	Test Rust workspace	2026-09-24T15:00:28.1070485Z test crash_style_wal_copy_is_included_without_touching_the_retained_source ... ok
Rust	Test Rust workspace	2026-09-24T15:00:28.1070870Z 
Rust	Test Rust workspace	2026-09-24T15:00:28.1071134Z test result: ok. 5 passed; 0 failed; 0 ignored; 0 measured; 0 filtered out; finished in 0.14s
Rust	Test Rust workspace	2026-09-24T15:00:28.1071402Z 
Rust	Test Rust workspace	2026-09-24T15:00:28.1075176Z ^[[1m^[[92m     Running^[[0m tests/recovery_wal_corruption.rs (target/debug/deps/recovery_wal_corruption-b0d84b9deb53cb50)
Rust	Test Rust workspace	2026-09-24T15:00:28.1087921Z 
Rust	Test Rust workspace	2026-09-24T15:00:28.1088035Z running 2 tests
Rust	Test Rust workspace	2026-09-24T15:00:28.2089267Z test invalid_assignment_wal_header_cannot_hide_committed_attachment_and_pending_requests ... ok
Rust	Test Rust workspace	2026-09-24T15:00:28.2491446Z test stale_committed_shm_cannot_hide_later_complete_wal_commits_or_change_the_original_copy ... ok
Rust	Test Rust workspace	2026-09-24T15:00:28.2492315Z 
Rust	Test Rust workspace	2026-09-24T15:00:28.2492528Z test result: ok. 2 passed; 0 failed; 0 ignored; 0 measured; 0 filtered out; finished in 0.14s
Rust	Test Rust workspace	2026-09-24T15:00:28.2492820Z 
Rust	Test Rust workspace	2026-09-24T15:00:28.2496104Z ^[[1m^[[92m     Running^[[0m tests/service_owner.rs (target/debug/deps/service_owner-a4c2520645b653c0)
Rust	Test Rust workspace	2026-09-24T15:00:28.2506972Z 
Rust	Test Rust workspace	2026-09-24T15:00:28.2507494Z running 8 tests
Rust	Test Rust workspace	2026-09-24T15:00:28.2512216Z test directory_alias_cannot_bypass_the_service_owner ... ok
Rust	Test Rust workspace	2026-09-24T15:00:28.2513042Z test different_service_roots_do_not_impose_a_global_cell_owner ... ok
Rust	Test Rust workspace	2026-09-24T15:00:28.2516557Z test invalid_journal_path_cannot_overwrite_the_ownership_file ... ok
Rust	Test Rust workspace	2026-09-24T15:00:28.2517475Z test one_root_cannot_register_two_services_with_different_run_journals ... ok
Rust	Test Rust workspace	2026-09-24T15:00:28.2518424Z test ownership_symlink_is_rejected_without_touching_its_target ... ok
Rust	Test Rust workspace	2026-09-24T15:00:28.2519397Z test startup_failure_releases_ownership_without_removing_the_lock_file ... ok
Rust	Test Rust workspace	2026-09-24T15:00:28.2589441Z test ownership_special_files_are_rejected ... ok
Rust	Test Rust workspace	2026-09-24T15:00:28.2827627Z test entrypoint::competing_product_process_never_reaches_connect_and_failure_unlocks_root ... ok
Rust	Test Rust workspace	2026-09-24T15:00:28.2828401Z 
Rust	Test Rust workspace	2026-09-24T15:00:28.2828681Z test result: ok. 8 passed; 0 failed; 0 ignored; 0 measured; 0 filtered out; finished in 0.03s
Rust	Test Rust workspace	2026-09-24T15:00:28.2884375Z 
Rust	Test Rust workspace	2026-09-24T15:00:28.2885114Z ^[[1m^[[92m     Running^[[0m unittests src/lib.rs (target/debug/deps/rx_host-d54e17a84c41e296)
Rust	Test Rust workspace	2026-09-24T15:00:28.2885495Z 
Rust	Test Rust workspace	2026-09-24T15:00:28.2885590Z running 5 tests
Rust	Test Rust workspace	2026-09-24T15:00:28.2886086Z test service::guarded_tests::guarded_host_stopped_requires_final_adapter_proof_and_closed_admission ... ok
Rust	Test Rust workspace	2026-09-24T15:00:28.2886860Z test publication::tests::local_idle_ticks_do_not_extend_the_one_second_remote_probe_deadline ... ok
Rust	Test Rust workspace	2026-09-24T15:00:28.2990092Z test service::guarded_tests::host_report_failure_requests_stop_and_cannot_become_stopped_later ... ok
Rust	Test Rust workspace	2026-09-24T15:00:28.3152629Z test publication::tests::idle_remote_probe_detects_expired_session_without_new_evidence_or_native_effects ... ok
Rust	Test Rust workspace	2026-09-24T15:00:28.7529736Z test service::guarded_tests::unchanged_host_status_heartbeats_and_stays_terminal_after_finish ... ok
Rust	Test Rust workspace	2026-09-24T15:00:28.7530455Z 
Rust	Test Rust workspace	2026-09-24T15:00:28.7530661Z test result: ok. 5 passed; 0 failed; 0 ignored; 0 measured; 0 filtered out; finished in 0.47s
Rust	Test Rust workspace	2026-09-24T15:00:28.7530940Z 
Rust	Test Rust workspace	2026-09-24T15:00:28.7538959Z ^[[1m^[[92m     Running^[[0m unittests tests/support/crash_harness.rs (target/debug/deps/rx_host_crash_fixture-137f087ba151e10b)
Rust	Test Rust workspace	2026-09-24T15:00:28.7549158Z 
Rust	Test Rust workspace	2026-09-24T15:00:28.7549301Z running 0 tests
Rust	Test Rust workspace	2026-09-24T15:00:28.7549459Z 
Rust	Test Rust workspace	2026-09-24T15:00:28.7549697Z test result: ok. 0 passed; 0 failed; 0 ignored; 0 measured; 0 filtered out; finished in 0.00s
Rust	Test Rust workspace	2026-09-24T15:00:28.7549956Z 
Rust	Test Rust workspace	2026-09-24T15:00:28.7551845Z ^[[1m^[[92m     Running^[[0m unittests tests/support/recovery_native_fixture.rs (target/debug/deps/rx_host_recovery_fixture-93cddd1789b1cf6c)
Rust	Test Rust workspace	2026-09-24T15:00:28.7559262Z 
Rust	Test Rust workspace	2026-09-24T15:00:28.7559369Z running 0 tests
Rust	Test Rust workspace	2026-09-24T15:00:28.7559573Z 
Rust	Test Rust workspace	2026-09-24T15:00:28.7559795Z test result: ok. 0 passed; 0 failed; 0 ignored; 0 measured; 0 filtered out; finished in 0.00s
Rust	Test Rust workspace	2026-09-24T15:00:28.7560063Z 
Rust	Test Rust workspace	2026-09-24T15:00:28.7561784Z ^[[1m^[[92m     Running^[[0m unittests tests/support/sim_server.rs (target/debug/deps/rx_host_sim_server-94933df64e5a0ad6)
Rust	Test Rust workspace	2026-09-24T15:00:28.7569487Z 
Rust	Test Rust workspace	2026-09-24T15:00:28.7569613Z running 0 tests
Rust	Test Rust workspace	2026-09-24T15:00:28.7569861Z 
Rust	Test Rust workspace	2026-09-24T15:00:28.7570261Z test result: ok. 0 passed; 0 failed; 0 ignored; 0 measured; 0 filtered out; finished in 0.00s
Rust	Test Rust workspace	2026-09-24T15:00:28.7570714Z 
Rust	Test Rust workspace	2026-09-24T15:00:28.7571910Z ^[[1m^[[92m     Running^[[0m unittests src/bin/rx-hostd.rs (target/debug/deps/rx_hostd-9c932a2b5f600fec)
Rust	Test Rust workspace	2026-09-24T15:00:28.7580551Z 
Rust	Test Rust workspace	2026-09-24T15:00:28.7580675Z running 0 tests
Rust	Test Rust workspace	2026-09-24T15:00:28.7580845Z 
Rust	Test Rust workspace	2026-09-24T15:00:28.7581075Z test result: ok. 0 passed; 0 failed; 0 ignored; 0 measured; 0 filtered out; finished in 0.00s
Rust	Test Rust workspace	2026-09-24T15:00:28.7581585Z 
Rust	Test Rust workspace	2026-09-24T15:00:28.7582789Z ^[[1m^[[92m     Running^[[0m tests/gate.rs (target/debug/deps/gate-eb294fcb9135eeca)
Rust	Test Rust workspace	2026-09-24T15:00:28.7593520Z 
Rust	Test Rust workspace	2026-09-24T15:00:28.7593682Z running 30 tests
Rust	Test Rust workspace	2026-09-24T15:00:28.7814395Z test cancellation_arriving_before_prepare_creates_permanent_tombstone ... ok
Rust	Test Rust workspace	2026-09-24T15:00:28.7825486Z test altered_permit_and_unapproved_intent_are_rejected_before_effect ... ok
Rust	Test Rust workspace	2026-09-24T15:00:28.7858744Z test configuration_commit_failure_has_no_receipt_context_or_consumed_slot ... ok
Rust	Test Rust workspace	2026-09-24T15:00:28.7952485Z test configuration_cohort_is_complete_and_a_rejected_member_prevents_all_context_changes ... ok
Rust	Test Rust workspace	2026-09-24T15:00:28.8022730Z test configuration_missing_quiescence_does_not_create_applied_context ... ok
Rust	Test Rust workspace	2026-09-24T15:00:28.8052863Z test configuration_does_not_treat_prepared_native_work_as_quiescent ... ok
Rust	Test Rust workspace	2026-09-24T15:00:28.8143543Z test configuration_rejects_an_old_quiescence_observation ... ok
Rust	Test Rust workspace	2026-09-24T15:00:28.8174973Z test configuration_context_is_durable_unqualified_and_same_request_never_reapplies ... ok
Rust	Test Rust workspace	2026-09-24T15:00:28.8226786Z test configuration_scope_binding_and_fence_are_not_caller_success_claims ... ok
Rust	Test Rust workspace	2026-09-24T15:00:28.8352229Z test expiry_during_commit_does_not_enter_native_and_is_not_retried ... ok
Rust	Test Rust workspace	2026-09-24T15:00:28.8370535Z test late_fence_replay_cannot_remove_a_new_arm_or_rewind_epoch ... ok
Rust	Test Rust workspace	2026-09-24T15:00:28.8481308Z test native_submission_serializes_fence_while_protection_is_independent ... ok
Rust	Test Rust workspace	2026-09-24T15:00:28.8542755Z test evidence_publication_cursor_is_durable_scoped_and_never_accepts_a_foreign_ack ... ok
Rust	Test Rust workspace	2026-09-24T15:00:28.8656167Z test prepare_does_not_call_device_and_authorize_duplicates_are_receipt_lookup ... ok
Rust	Test Rust workspace	2026-09-24T15:00:28.8731228Z test prepared_rebind_retires_old_permit_permanently ... ok
Rust	Test Rust workspace	2026-09-24T15:00:28.9014584Z test qualification_tests::qualification_arm_rejects_partial_clearance_and_any_changed_cohort_member ... ok
Rust	Test Rust workspace	2026-09-24T15:00:28.9053454Z test qualification_tests::qualification_commit_failure_rolls_back_cohort_receipt_and_slot ... ok
Rust	Test Rust workspace	2026-09-24T15:00:28.9162115Z test qualification_tests::qualification_full_cohort_is_atomic_and_a_wrong_member_cannot_be_accepted ... ok
Rust	Test Rust workspace	2026-09-24T15:00:28.9215204Z test qualification_tests::qualification_acceptance_preserves_blocks_requires_explicit_arm_and_rejects_old_qualification ... ok
Rust	Test Rust workspace	2026-09-24T15:00:28.9475744Z test qualification_tests::qualification_identity_cannot_be_reused_for_different_evidence_and_empty_scope_grants_no_operations ... ok
Rust	Test Rust workspace	2026-09-24T15:00:28.9488013Z test qualification_tests::qualification_restart_keeps_receipt_and_never_restores_applicability_or_arm ... ok
Rust	Test Rust workspace	2026-09-24T15:00:28.9629602Z test renewal_replay_does_not_extend_expiry_and_expired_grant_stays_expired ... ok
Rust	Test Rust workspace	2026-09-24T15:00:28.9699988Z test qualification_tests::qualification_revalidation_does_not_hide_prepared_native_work ... ok
Rust	Test Rust workspace	2026-09-24T15:00:28.9744853Z test same_grant_fence_requires_same_request_identity ... ok
Rust	Test Rust workspace	2026-09-24T15:00:28.9908614Z test service_stop_latch_interrupts_the_pre_native_boundary_without_waiting_for_gate_lock ... ok
Rust	Test Rust workspace	2026-09-24T15:00:28.9912613Z test simulated_device_has_an_independent_exclusive_owner ... ok
Rust	Test Rust workspace	2026-09-24T15:00:28.9938070Z test service_stop_latches_before_database_access_and_preserves_uncertain_work ... ok
Rust	Test Rust workspace	2026-09-24T15:00:28.9939069Z test qualification_tests::qualification_same_key_same_review_and_changed_scope_cannot_replace_accepted_identity ... ok
Rust	Test Rust workspace	2026-09-24T15:00:28.9995439Z test stable_handover_is_not_permission_to_drop_an_adapter ... ok
Rust	Test Rust workspace	2026-09-24T15:00:29.0292444Z test qualification_tests::qualification_requires_supported_fresh_local_quiescence ... ok
Rust	Test Rust workspace	2026-09-24T15:00:29.0292943Z 
Rust	Test Rust workspace	2026-09-24T15:00:29.0293204Z test result: ok. 30 passed; 0 failed; 0 ignored; 0 measured; 0 filtered out; finished in 0.27s
Rust	Test Rust workspace	2026-09-24T15:00:29.0293483Z 
Rust	Test Rust workspace	2026-09-24T15:00:29.0297858Z ^[[1m^[[92m     Running^[[0m tests/guarded_status.rs (target/debug/deps/guarded_status-cf1ea2e98adf4445)
Rust	Test Rust workspace	2026-09-24T15:00:29.0315993Z 
Rust	Test Rust workspace	2026-09-24T15:00:29.0316121Z running 3 tests
Rust	Test Rust workspace	2026-09-24T15:00:29.0321240Z test held_adapter_startup_status_failure_fixture ... ignored, isolated environment fixture invoked by the bounded parent test
Rust	Test Rust workspace	2026-09-24T15:00:29.0651208Z test invalid_guarded_writer_fails_before_passive_native_open_or_rpc_admission ... ok
Rust	Test Rust workspace	2026-09-24T15:00:30.6066383Z test reporter_failure_after_native_open_waits_for_explicit_adapter_drop_permission ... ok
Rust	Test Rust workspace	2026-09-24T15:00:30.6066936Z 
Rust	Test Rust workspace	2026-09-24T15:00:30.6067246Z test result: ok. 2 passed; 0 failed; 1 ignored; 0 measured; 0 filtered out; finished in 1.57s
Rust	Test Rust workspace	2026-09-24T15:00:30.6067669Z 
Rust	Test Rust workspace	2026-09-24T15:00:30.6071673Z ^[[1m^[[92m     Running^[[0m tests/melsec.rs (target/debug/deps/melsec-93ca7b8091a0dbbb)
Rust	Test Rust workspace	2026-09-24T15:00:30.6084747Z 
Rust	Test Rust workspace	2026-09-24T15:00:30.6084855Z running 15 tests
Rust	Test Rust workspace	2026-09-24T15:00:30.6853630Z test abrupt_exit_at_native_commit_and_write_boundaries_never_replays ... ok
Rust	Test Rust workspace	2026-09-24T15:00:30.7057950Z test ack_is_pending_and_only_later_independent_sensor_observation_captures ... ok
Rust	Test Rust workspace	2026-09-24T15:00:30.7442804Z test actual_host_gate_journal_reconcile_evidence_and_stop_use_melsec_adapter ... ok
Rust	Test Rust workspace	2026-09-24T15:00:30.7593700Z test already_satisfied_state_records_evidence_without_a_native_write ... ok
Rust	Test Rust workspace	2026-09-24T15:00:30.7961768Z test captured_original_session_survives_restart_but_uncaptured_ack_does_not ... ok
Rust	Test Rust workspace	2026-09-24T15:00:30.8133874Z test corrupted_completion_record_is_not_adopted_as_historical_fact ... ok
Rust	Test Rust workspace	2026-09-24T15:00:30.8285841Z test final_native_read_after_journal_commit_rechecks_ready_without_resend ... ok
Rust	Test Rust workspace	2026-09-24T15:00:30.8286780Z test melsec_crash_child ... ignored, executed only as an isolated child by the crash-boundary test
Rust	Test Rust workspace	2026-09-24T15:00:30.8415556Z test final_read_within_transport_budget_but_beyond_guard_lifetime_cannot_write ... ok
Rust	Test Rust workspace	2026-09-24T15:00:30.8588580Z test linux_real_boottime_adapter_observation_write_completion_and_drop ... ok
Rust	Test Rust workspace	2026-09-24T15:00:30.8773293Z test lost_reply_and_new_process_never_resubmit_or_clear_pending ... ok
Rust	Test Rust workspace	2026-09-24T15:00:30.8870144Z test new_or_replaced_journal_and_mismatched_profile_are_rejected_without_native_io ... ok
Rust	Test Rust workspace	2026-09-24T15:00:30.8967812Z test profile_and_intent_scope_fail_before_native_writes ... ok
Rust	Test Rust workspace	2026-09-24T15:00:30.9419432Z test publication_generation_regression_stale_and_inconsistent_images_latch ... ok
Rust	Test Rust workspace	2026-09-24T15:00:30.9528036Z test valid_support_does_not_imply_drop_permission_and_protection_does_not_release_chuck ... ok
Rust	Test Rust workspace	2026-09-24T15:00:30.9528537Z 
Rust	Test Rust workspace	2026-09-24T15:00:30.9528743Z test result: ok. 14 passed; 0 failed; 1 ignored; 0 measured; 0 filtered out; finished in 0.34s
Rust	Test Rust workspace	2026-09-24T15:00:30.9529008Z 
Rust	Test Rust workspace	2026-09-24T15:00:30.9532818Z ^[[1m^[[92m     Running^[[0m tests/melsec_service.rs (target/debug/deps/melsec_service-ef2c28730cb8c5c7)
Rust	Test Rust workspace	2026-09-24T15:00:30.9550846Z 
Rust	Test Rust workspace	2026-09-24T15:00:30.9550976Z running 7 tests
Rust	Test Rust workspace	2026-09-24T15:00:30.9565726Z test export_melsec_image_fixture ... ignored, exports signed, test-only loopback configuration for the product image test
Rust	Test Rust workspace	2026-09-24T15:00:31.0420452Z test physical_startup_qualification_id_does_not_authorize_arm ... ok
Rust	Test Rust workspace	2026-09-24T15:00:31.1680344Z test physical_metadata_requires_current_qualification_and_separate_arm_on_loopback ... ok
Rust	Test Rust workspace	2026-09-24T15:00:31.3176317Z test signature_content_policy_asset_release_and_binding_tampering_fail_before_initialization ... ok
Rust	Test Rust workspace	2026-09-24T15:00:31.3797572Z test product_composition_initializes_starts_and_stops_the_signed_melsec_package ... ok
Rust	Test Rust workspace	2026-09-24T15:00:31.4301458Z test signed_device_package_binds_release_profile_assets_and_exact_cell_without_io ... ok
Rust	Test Rust workspace	2026-09-24T15:00:31.5347195Z test validly_signed_wrong_release_controller_or_installation_is_rejected ... ok
Rust	Test Rust workspace	2026-09-24T15:00:31.5347528Z 
Rust	Test Rust workspace	2026-09-24T15:00:31.5347740Z test result: ok. 6 passed; 0 failed; 1 ignored; 0 measured; 0 filtered out; finished in 0.58s
Rust	Test Rust workspace	2026-09-24T15:00:31.5348030Z 
Rust	Test Rust workspace	2026-09-24T15:00:31.5354126Z ^[[1m^[[92m     Running^[[0m tests/mtls.rs (target/debug/deps/mtls-bcaa923cca25e484)
Rust	Test Rust workspace	2026-09-24T15:00:31.5371176Z 
Rust	Test Rust workspace	2026-09-24T15:00:31.5371336Z running 5 tests
Rust	Test Rust workspace	2026-09-24T15:00:31.5765325Z test cell_manifest_and_session_are_mandatory_before_grant ... ok
Rust	Test Rust workspace	2026-09-24T15:00:31.5939065Z test changed_content_under_rpc_key_is_rejected_and_legacy_dispatch_cannot_bypass_cell ... ok
Rust	Test Rust workspace	2026-09-24T15:00:31.6009464Z test concurrent_hello_retries_produce_one_usable_session ... ok
Rust	Test Rust workspace	2026-09-24T15:00:31.6070013Z test valid_ca_without_registered_fingerprint_cannot_impersonate_platform ... ok
Rust	Test Rust workspace	2026-09-24T15:00:31.6157527Z test mtls_negotiation_prepare_authorize_and_evidence_roundtrip ... ok
Rust	Test Rust workspace	2026-09-24T15:00:31.6157931Z 
Rust	Test Rust workspace	2026-09-24T15:00:31.6158238Z test result: ok. 5 passed; 0 failed; 0 ignored; 0 measured; 0 filtered out; finished in 0.08s
Rust	Test Rust workspace	2026-09-24T15:00:31.6158638Z 
Rust	Test Rust workspace	2026-09-24T15:00:31.6169104Z ^[[1m^[[92m     Running^[[0m tests/process_crash.rs (target/debug/deps/process_crash-251eadd18effc867)
Rust	Test Rust workspace	2026-09-24T15:00:31.6179559Z 
Rust	Test Rust workspace	2026-09-24T15:00:31.6179688Z running 3 tests
Rust	Test Rust workspace	2026-09-24T15:00:31.6453505Z test configuration_commit_survives_sigkill_before_reply_without_restoring_arm ... ok
Rust	Test Rust workspace	2026-09-24T15:00:31.6530120Z test qualification_commit_survives_sigkill_before_reply_without_restoring_authority ... ok
Rust	Test Rust workspace	2026-09-24T15:00:31.6729988Z test sigkill_at_both_journal_native_boundaries_never_replays_device_effect ... ok
Rust	Test Rust workspace	2026-09-24T15:00:31.6730437Z 
Rust	Test Rust workspace	2026-09-24T15:00:31.6730794Z test result: ok. 3 passed; 0 failed; 0 ignored; 0 measured; 0 filtered out; finished in 0.06s
Rust	Test Rust workspace	2026-09-24T15:00:31.6731213Z 
Rust	Test Rust workspace	2026-09-24T15:00:31.6732806Z ^[[1m^[[92m     Running^[[0m tests/ros_jtc.rs (target/debug/deps/ros_jtc-ad6ef763b5bc48e8)
Rust	Test Rust workspace	2026-09-24T15:00:31.6743492Z 
Rust	Test Rust workspace	2026-09-24T15:00:31.6743616Z running 12 tests
Rust	Test Rust workspace	2026-09-24T15:00:31.6746263Z test actual_rust_host_to_cpp_bridge_to_ros_action_preserves_original_goal ... ignored, requires the isolated real ROS simulator and shipped bridge binary
Rust	Test Rust workspace	2026-09-24T15:00:31.7927236Z test abrupt_exit_at_each_native_boundary_preserves_entry_and_never_replays ... ok
Rust	Test Rust workspace	2026-09-24T15:00:31.7928058Z test crash_jtc_child ... ignored, child-only abrupt-exit fixture
Rust	Test Rust workspace	2026-09-24T15:00:31.8218298Z test action_completion_does_not_close_bridge_until_support_and_child_exit_are_proven ... ok
Rust	Test Rust workspace	2026-09-24T15:00:32.0143835Z test bound_jtc_outcome_table_interprets_native_captures_without_code_zero_fallback ... ok
Rust	Test Rust workspace	2026-09-24T15:00:32.0399180Z test contradictory_result_is_stored_without_success_capture ... ok
Rust	Test Rust workspace	2026-09-24T15:00:32.0814009Z test host_dispatch_context_survives_native_journal_and_rejects_expiry_or_generation_change ... ok
Rust	Test Rust workspace	2026-09-24T15:00:32.1133195Z test independent_generation_ownership_and_drop_proof_are_required ... ok
Rust	Test Rust workspace	2026-09-24T15:00:32.1182918Z test simulation_fixture_profile_cannot_claim_physical_equipment ... ok
Rust	Test Rust workspace	2026-09-24T15:00:32.1473353Z test journal_identity_loss_and_corrupt_capture_cannot_be_adopted ... ok
Rust	Test Rust workspace	2026-09-24T15:00:32.1672218Z test missing_authority_or_changed_artifact_never_dispatches ... ok
Rust	Test Rust workspace	2026-09-24T15:00:32.2165369Z test native_journal_prevents_resend_and_new_id_bypass_after_reply_loss_and_reopen ... ok
Rust	Test Rust workspace	2026-09-24T15:00:32.2165873Z 
Rust	Test Rust workspace	2026-09-24T15:00:32.2166100Z test result: ok. 10 passed; 0 failed; 2 ignored; 0 measured; 0 filtered out; finished in 0.54s
Rust	Test Rust workspace	2026-09-24T15:00:32.2166405Z 
Rust	Test Rust workspace	2026-09-24T15:00:32.2169505Z ^[[1m^[[92m     Running^[[0m tests/ros_process.rs (target/debug/deps/ros_process-03b80a0894e53a23)
Rust	Test Rust workspace	2026-09-24T15:00:32.2180761Z 
Rust	Test Rust workspace	2026-09-24T15:00:32.2180905Z running 3 tests
Rust	Test Rust workspace	2026-09-24T15:00:32.2198802Z test executable_pin_and_configuration_are_checked_before_spawn ... ok
Rust	Test Rust workspace	2026-09-24T15:00:32.2651872Z test owned_executable_copy_and_bounded_pipes_preserve_context_and_close_without_kill ... ok
Rust	Test Rust workspace	2026-09-24T15:00:32.5312694Z test timeout_oversize_and_wrong_instance_permanently_fault_the_pipe ... ok
Rust	Test Rust workspace	2026-09-24T15:00:32.5313438Z 
Rust	Test Rust workspace	2026-09-24T15:00:32.5314011Z test result: ok. 3 passed; 0 failed; 0 ignored; 0 measured; 0 filtered out; finished in 0.31s
Rust	Test Rust workspace	2026-09-24T15:00:32.5314853Z 
Rust	Test Rust workspace	2026-09-24T15:00:32.5329192Z ^[[1m^[[92m     Running^[[0m tests/service.rs (target/debug/deps/service-0d9496f45e29db74)
Rust	Test Rust workspace	2026-09-24T15:00:32.5347045Z 
Rust	Test Rust workspace	2026-09-24T15:00:32.5347277Z running 16 tests
Rust	Test Rust workspace	2026-09-24T15:00:32.5358136Z test export_host_image_fixture ... ignored, exports isolated container fixture
Rust	Test Rust workspace	2026-09-24T15:00:32.5466347Z test binding_inspection_compares_full_cohort_without_creating_installation_or_restoring_authority ... ok
Rust	Test Rust workspace	2026-09-24T15:00:32.5625831Z test initialization_cannot_replace_a_concurrently_created_empty_destination ... ok
Rust	Test Rust workspace	2026-09-24T15:00:32.5635009Z test maintenance_crash_child ... ignored, abrupt-exit helper invoked only by the maintenance crash test
Rust	Test Rust workspace	2026-09-24T15:00:32.5637573Z test empty_replacement_database_is_not_reinitialized_as_a_fresh_host ... ok
Rust	Test Rust workspace	2026-09-24T15:00:32.6903992Z test maintenance_requires_descriptor_feature_marker_and_does_not_silently_upgrade_legacy_installations ... ok
Rust	Test Rust workspace	2026-09-24T15:00:32.7946045Z test failed_startup_invalidates_old_stop_even_when_old_status_file_still_says_stopped ... ok
Rust	Test Rust workspace	2026-09-24T15:00:32.8217320Z test operational_state_changes_after_stop_invalidate_preparation_without_reinitializing_the_journal ... ok
Rust	Test Rust workspace	2026-09-24T15:00:32.8388668Z test durable_maintenance_requires_real_stop_recovers_same_request_and_blocks_startup_until_cancelled ... ok
Rust	Test Rust workspace	2026-09-24T15:00:32.8998388Z test normal_stop_retains_adapter_until_drop_permission_is_explicit ... ok
Rust	Test Rust workspace	2026-09-24T15:00:32.9115016Z test startup_rejects_a_symlink_at_the_actual_host_writer_lock_path ... ok
Rust	Test Rust workspace	2026-09-24T15:00:32.9159481Z test startup_rejects_policy_tampering_unknown_fields_and_unimplemented_physical_backend ... ok
Rust	Test Rust workspace	2026-09-24T15:00:32.9391572Z test preparation_cannot_swap_both_current_and_proposed_around_the_actual_stopped_startup ... ok
Rust	Test Rust workspace	2026-09-24T15:00:32.9680815Z test product_composition_has_immutable_installation_real_owner_and_clean_software_stop ... ok
Rust	Test Rust workspace	2026-09-24T15:00:33.0730353Z test unavailable_runtime_lock_refuses_service_without_claiming_a_known_owner ... ok
Rust	Test Rust workspace	2026-09-24T15:00:33.1081138Z test preparation_commit_crashes_preserve_atomicity_and_durable_same_request_recovery ... ok
Rust	Test Rust workspace	2026-09-24T15:00:33.1081658Z 
Rust	Test Rust workspace	2026-09-24T15:00:33.1081974Z test result: ok. 14 passed; 0 failed; 2 ignored; 0 measured; 0 filtered out; finished in 0.57s
Rust	Test Rust workspace	2026-09-24T15:00:33.1082391Z 
Rust	Test Rust workspace	2026-09-24T15:00:33.1089808Z ^[[1m^[[92m     Running^[[0m unittests src/lib.rs (target/debug/deps/rx_melsec_mc-77986d4f92d89cf4)
Rust	Test Rust workspace	2026-09-24T15:00:33.1098198Z 
Rust	Test Rust workspace	2026-09-24T15:00:33.1098336Z running 0 tests
Rust	Test Rust workspace	2026-09-24T15:00:33.1098757Z 
Rust	Test Rust workspace	2026-09-24T15:00:33.1099056Z test result: ok. 0 passed; 0 failed; 0 ignored; 0 measured; 0 filtered out; finished in 0.00s
Rust	Test Rust workspace	2026-09-24T15:00:33.1099464Z 
Rust	Test Rust workspace	2026-09-24T15:00:33.1100296Z ^[[1m^[[92m     Running^[[0m tests/transport.rs (target/debug/deps/transport-5b7a848e485e449c)
Rust	Test Rust workspace	2026-09-24T15:00:33.1108642Z 
Rust	Test Rust workspace	2026-09-24T15:00:33.1108776Z running 12 tests
Rust	Test Rust workspace	2026-09-24T15:00:33.1113122Z test invalid_configuration_fails_before_a_connection_attempt ... ok
Rust	Test Rust workspace	2026-09-24T15:00:33.1117876Z test denied_addresses_and_zero_or_oversize_reads_send_no_bytes ... ok
Rust	Test Rust workspace	2026-09-24T15:00:33.1119360Z test documented_bit_read_and_word_read_vectors_over_fragmented_tcp ... ok
Rust	Test Rust workspace	2026-09-24T15:00:33.1123400Z test explicit_route_bytes_and_24_bit_addresses_are_preserved ... ok
Rust	Test Rust workspace	2026-09-24T15:00:33.1124115Z test lost_write_response_preserves_uncertainty_and_never_resends ... ok
Rust	Test Rust workspace	2026-09-24T15:00:33.1124813Z test passive_connect_and_drop_never_send_plc_commands ... ok
Rust	Test Rust workspace	2026-09-24T15:00:33.1125358Z test mapped_single_bit_write_ack_does_not_claim_physical_completion ... ok
Rust	Test Rust workspace	2026-09-24T15:00:33.1125983Z test profile_is_explicit_bounded_and_simulation_cannot_target_the_site ... ok
Rust	Test Rust workspace	2026-09-24T15:00:33.1126590Z test plc_error_code_is_preserved_without_assuming_write_nonexecution ... ok
Rust	Test Rust workspace	2026-09-24T15:00:33.1127476Z test write_ack_payload_cannot_smuggle_a_completion_value ... ok
Rust	Test Rust workspace	2026-09-24T15:00:33.1135919Z test malformed_headers_lengths_end_codes_and_payloads_fault_the_connection ... ok
Rust	Test Rust workspace	2026-09-24T15:00:33.2631864Z test total_deadline_is_not_extended_by_a_slow_trickle ... ok
Rust	Test Rust workspace	2026-09-24T15:00:33.2632280Z 
Rust	Test Rust workspace	2026-09-24T15:00:33.2632570Z test result: ok. 12 passed; 0 failed; 0 ignored; 0 measured; 0 filtered out; finished in 0.15s
Rust	Test Rust workspace	2026-09-24T15:00:33.2632956Z 
Rust	Test Rust workspace	2026-09-24T15:00:33.2634760Z ^[[1m^[[92m     Running^[[0m unittests src/lib.rs (target/debug/deps/rx_process-fc69fd54e9218f3d)
Rust	Test Rust workspace	2026-09-24T15:00:33.2645568Z 
Rust	Test Rust workspace	2026-09-24T15:00:33.2645692Z running 0 tests
Rust	Test Rust workspace	2026-09-24T15:00:33.2647041Z 
Rust	Test Rust workspace	2026-09-24T15:00:33.2647356Z test result: ok. 0 passed; 0 failed; 0 ignored; 0 measured; 0 filtered out; finished in 0.00s
Rust	Test Rust workspace	2026-09-24T15:00:33.2647785Z 
Rust	Test Rust workspace	2026-09-24T15:00:33.2648288Z ^[[1m^[[92m     Running^[[0m unittests src/bin/rx-process-compile.rs (target/debug/deps/rx_process_compile-a607862fe73c2429)
Rust	Test Rust workspace	2026-09-24T15:00:33.2655653Z 
Rust	Test Rust workspace	2026-09-24T15:00:33.2655754Z running 0 tests
Rust	Test Rust workspace	2026-09-24T15:00:33.2657122Z 
Rust	Test Rust workspace	2026-09-24T15:00:33.2657723Z test result: ok. 0 passed; 0 failed; 0 ignored; 0 measured; 0 filtered out; finished in 0.00s
Rust	Test Rust workspace	2026-09-24T15:00:33.2658127Z 
Rust	Test Rust workspace	2026-09-24T15:00:33.2667083Z ^[[1m^[[92m     Running^[[0m tests/n1_handover.rs (target/debug/deps/n1_handover-6be6fad83f307e2c)
Rust	Test Rust workspace	2026-09-24T15:00:33.2667505Z 
Rust	Test Rust workspace	2026-09-24T15:00:33.2667611Z running 2 tests
Rust	Test Rust workspace	2026-09-24T15:00:33.2721778Z test n1_cross_host_support_collision_is_not_hidden_by_controller_names ... ok
Rust	Test Rust workspace	2026-09-24T15:00:33.3100107Z test n1_command_handover_and_lost_response_trace ... ok
Rust	Test Rust workspace	2026-09-24T15:00:33.3100492Z 
Rust	Test Rust workspace	2026-09-24T15:00:33.3100789Z test result: ok. 2 passed; 0 failed; 0 ignored; 0 measured; 0 filtered out; finished in 0.04s
Rust	Test Rust workspace	2026-09-24T15:00:33.3101249Z 
Rust	Test Rust workspace	2026-09-24T15:00:33.3102930Z ^[[1m^[[92m     Running^[[0m tests/package.rs (target/debug/deps/package-7608c13ab0f18341)
Rust	Test Rust workspace	2026-09-24T15:00:33.3113294Z 
Rust	Test Rust workspace	2026-09-24T15:00:33.3113417Z running 1 test
Rust	Test Rust workspace	2026-09-24T15:00:33.3354946Z test verified_content_still_requires_process_semantic_validation ... ok
Rust	Test Rust workspace	2026-09-24T15:00:33.3355206Z 
Rust	Test Rust workspace	2026-09-24T15:00:33.3355422Z test result: ok. 1 passed; 0 failed; 0 ignored; 0 measured; 0 filtered out; finished in 0.02s
Rust	Test Rust workspace	2026-09-24T15:00:33.3355698Z 
Rust	Test Rust workspace	2026-09-24T15:00:33.3357245Z ^[[1m^[[92m     Running^[[0m tests/process.rs (target/debug/deps/process-1449fc5be981f8af)
Rust	Test Rust workspace	2026-09-24T15:00:33.3366963Z 
Rust	Test Rust workspace	2026-09-24T15:00:33.3367058Z running 10 tests
Rust	Test Rust workspace	2026-09-24T15:00:33.3424551Z test branches_require_a_committed_choice_and_reject_opposite_branch_history ... ok
Rust	Test Rust workspace	2026-09-24T15:00:33.3435264Z test incomplete_history_and_recursive_subflows_do_not_create_new_work ... ok
Rust	Test Rust workspace	2026-09-24T15:00:33.3436165Z test parallel_checks_resolved_resource_conflicts_and_suppresses_new_work_on_unknown ... ok
Rust	Test Rust workspace	2026-09-24T15:00:33.3437818Z test malformed_or_unbounded_source_and_partial_progress_are_rejected ... ok
Rust	Test Rust workspace	2026-09-24T15:00:33.3514905Z test sequence_waits_for_authoritative_completion_and_resource_handover ... ok
Rust	Test Rust workspace	2026-09-24T15:00:33.3545108Z test repeat_and_subflow_expand_into_distinct_stable_occurrences ... ok
Rust	Test Rust workspace	2026-09-24T15:00:33.3545915Z test source_link_checks_repeat_count_and_call_instantiation ... ok
Rust	Test Rust workspace	2026-09-24T15:00:33.3546760Z test waits_and_interventions_require_recorded_decisions_without_local_timeout_success ... ok
Rust	Test Rust workspace	2026-09-24T15:00:33.3555113Z test source_link_rejects_reordered_children_and_swapped_branch_arms_with_valid_node_ids ... ok
Rust	Test Rust workspace	2026-09-24T15:00:33.3555865Z test unknown_and_disputed_results_never_become_failure_or_a_new_attempt ... ok
Rust	Test Rust workspace	2026-09-24T15:00:33.3556256Z 
Rust	Test Rust workspace	2026-09-24T15:00:33.3556553Z test result: ok. 10 passed; 0 failed; 0 ignored; 0 measured; 0 filtered out; finished in 0.02s
Rust	Test Rust workspace	2026-09-24T15:00:33.3557009Z 
Rust	Test Rust workspace	2026-09-24T15:00:33.3558916Z ^[[1m^[[92m     Running^[[0m unittests src/lib.rs (target/debug/deps/rx_process_package-a6631ca49ab4727f)
Rust	Test Rust workspace	2026-09-24T15:00:33.3566878Z 
Rust	Test Rust workspace	2026-09-24T15:00:33.3566988Z running 0 tests
Rust	Test Rust workspace	2026-09-24T15:00:33.3568501Z 
Rust	Test Rust workspace	2026-09-24T15:00:33.3568874Z test result: ok. 0 passed; 0 failed; 0 ignored; 0 measured; 0 filtered out; finished in 0.00s
Rust	Test Rust workspace	2026-09-24T15:00:33.3569177Z 
Rust	Test Rust workspace	2026-09-24T15:00:33.3569671Z ^[[1m^[[92m     Running^[[0m unittests src/bin/rx-process-package.rs (target/debug/deps/rx_process_package-c5428826a3928468)
Rust	Test Rust workspace	2026-09-24T15:00:33.3577388Z 
Rust	Test Rust workspace	2026-09-24T15:00:33.3577504Z running 0 tests
Rust	Test Rust workspace	2026-09-24T15:00:33.3579053Z 
Rust	Test Rust workspace	2026-09-24T15:00:33.3579408Z test result: ok. 0 passed; 0 failed; 0 ignored; 0 measured; 0 filtered out; finished in 0.00s
Rust	Test Rust workspace	2026-09-24T15:00:33.3579701Z 
Rust	Test Rust workspace	2026-09-24T15:00:33.3580618Z ^[[1m^[[92m     Running^[[0m tests/package.rs (target/debug/deps/package-69f11c7625bbe923)
Rust	Test Rust workspace	2026-09-24T15:00:33.3589007Z 
Rust	Test Rust workspace	2026-09-24T15:00:33.3589107Z running 15 tests
Rust	Test Rust workspace	2026-09-24T15:00:33.3798900Z test a_valid_signature_does_not_hide_inconsistent_packaged_compile_inputs ... ok
Rust	Test Rust workspace	2026-09-24T15:00:33.3799488Z test export_device_process_review_authority ... ignored
Rust	Test Rust workspace	2026-09-24T15:00:33.3800175Z test export_process_authoring_key ... ignored, exports a test-only public PROCESS signing key for mixed ABI policy integration
Rust	Test Rust workspace	2026-09-24T15:00:33.3800951Z test external_signer_fixture_can_sign_a_caller_selected_local_test_candidate ... ok
Rust	Test Rust workspace	2026-09-24T15:00:33.3839844Z test deterministic_candidate_detached_signature_and_recompilation_preserve_input_identity ... ok
Rust	Test Rust workspace	2026-09-24T15:00:33.3840543Z test device_provenance_survives_signed_package_and_actual_recompilation ... ok
Rust	Test Rust workspace	2026-09-24T15:00:33.3964415Z test fixture_for_external_signing_demo_is_explicit_and_never_a_default_production_key ... ok
Rust	Test Rust workspace	2026-09-24T15:00:33.3994807Z test sign_device_process_review ... ignored
Rust	Test Rust workspace	2026-09-24T15:00:33.4024935Z test sign_mixed_process_request ... ignored, test-only external package signer for the isolated mixed-policy harness
Rust	Test Rust workspace	2026-09-24T15:00:33.4045051Z test missing_program_artifacts_and_parallel_resource_conflicts_block_assembly ... ok
Rust	Test Rust workspace	2026-09-24T15:00:33.4074841Z test candidate_publication_does_not_overwrite_and_signed_directory_has_exact_inventory ... ok
Rust	Test Rust workspace	2026-09-24T15:00:33.4105019Z test policy_assets_are_read_and_dependency_files_are_verified_under_current_trust ... ok
Rust	Test Rust workspace	2026-09-24T15:00:33.4184853Z test signer_scope_key_alias_and_content_changes_do_not_gain_trust ... ok
Rust	Test Rust workspace	2026-09-24T15:00:33.4200129Z test signed_but_inconsistent_process_produces_failure_report_without_resolved_artifact ... ok
Rust	Test Rust workspace	2026-09-24T15:00:33.4312754Z test verification_report_uses_actual_signed_compilation_and_binds_request_policy ... ok
Rust	Test Rust workspace	2026-09-24T15:00:33.4313232Z 
Rust	Test Rust workspace	2026-09-24T15:00:33.4313529Z test result: ok. 11 passed; 0 failed; 4 ignored; 0 measured; 0 filtered out; finished in 0.07s
Rust	Test Rust workspace	2026-09-24T15:00:33.4313832Z 
Rust	Test Rust workspace	2026-09-24T15:00:33.4316806Z ^[[1m^[[92m     Running^[[0m unittests src/lib.rs (target/debug/deps/rx_service_status-8ebaccd1a8145767)
Rust	Test Rust workspace	2026-09-24T15:00:33.4327462Z 
Rust	Test Rust workspace	2026-09-24T15:00:33.4327584Z running 14 tests
Rust	Test Rust workspace	2026-09-24T15:00:33.4332887Z test support::tests::legacy_text_is_not_a_typed_ownership_failure ... ok
Rust	Test Rust workspace	2026-09-24T15:00:33.4351619Z test tests::executor_cell_journal_and_configuration_are_exact_scope ... ok
Rust	Test Rust workspace	2026-09-24T15:00:33.4354479Z test tests::host_role_installation_identity_instance_and_pid_are_exact ... ok
Rust	Test Rust workspace	2026-09-24T15:00:33.4357881Z test tests::atomic_publication_keeps_old_readers_on_a_complete_old_file ... ok
Rust	Test Rust workspace	2026-09-24T15:00:33.4371685Z test tests::malformed_or_removed_owned_status_cannot_be_silently_recreated ... ok
Rust	Test Rust workspace	2026-09-24T15:00:33.4376403Z test tests::product_reader_and_reporter_clock_use_linux_boottime ... ok
Rust	Test Rust workspace	2026-09-24T15:00:33.4390972Z test tests::lifecycle_publication_preserves_exact_source_time_and_owner ... ok
Rust	Test Rust workspace	2026-09-24T15:00:33.4393928Z test tests::reader_preserves_same_sequence_content_changes_for_supervisor_comparison ... ok
Rust	Test Rust workspace	2026-09-24T15:00:33.4396779Z test tests::one_writer_rejects_foreign_owner_and_content_replacement ... ok
Rust	Test Rust workspace	2026-09-24T15:00:33.4399086Z test tests::status_path_opts_in_without_breaking_legacy_instance_id_only_environment ... ok
Rust	Test Rust workspace	2026-09-24T15:00:33.4415109Z test tests::stale_future_and_other_clock_observations_are_rejected_without_refresh ... ok
Rust	Test Rust workspace	2026-09-24T15:00:33.4415883Z test tests::reporter_clock_regression_and_sequence_overflow_do_not_replace_last_state ... ok
Rust	Test Rust workspace	2026-09-24T15:00:33.4419605Z test tests::symlinks_special_files_and_missing_parent_are_errors_not_absence ... ok
Rust	Test Rust workspace	2026-09-24T15:00:33.4425633Z test tests::schema_zero_sequence_and_strict_payload_shape_are_enforced ... ok
Rust	Test Rust workspace	2026-09-24T15:00:33.4425910Z 
Rust	Test Rust workspace	2026-09-24T15:00:33.4426118Z test result: ok. 14 passed; 0 failed; 0 ignored; 0 measured; 0 filtered out; finished in 0.01s
Rust	Test Rust workspace	2026-09-24T15:00:33.4426380Z 
Rust	Test Rust workspace	2026-09-24T15:00:33.4428000Z ^[[1m^[[92m     Running^[[0m unittests src/lib.rs (target/debug/deps/rx_solution_catalog-bc5d864cce88e209)
Rust	Test Rust workspace	2026-09-24T15:00:33.4436529Z 
Rust	Test Rust workspace	2026-09-24T15:00:33.4436640Z running 0 tests
Rust	Test Rust workspace	2026-09-24T15:00:33.4436827Z 
Rust	Test Rust workspace	2026-09-24T15:00:33.4437207Z test result: ok. 0 passed; 0 failed; 0 ignored; 0 measured; 0 filtered out; finished in 0.00s
Rust	Test Rust workspace	2026-09-24T15:00:33.4437659Z 
Rust	Test Rust workspace	2026-09-24T15:00:33.4439040Z ^[[1m^[[92m     Running^[[0m tests/builtin.rs (target/debug/deps/builtin-962fef28c043b508)
Rust	Test Rust workspace	2026-09-24T15:00:33.4447913Z 
Rust	Test Rust workspace	2026-09-24T15:00:33.4448032Z running 3 tests
Rust	Test Rust workspace	2026-09-24T15:00:33.4457020Z test builtin_is_explicit_simulation_with_independent_joint_sets ... ok
Rust	Test Rust workspace	2026-09-24T15:00:33.4458653Z test external_sources_are_vendor_neutral_and_still_revision_bound ... ok
Rust	Test Rust workspace	2026-09-24T15:00:33.4473711Z test provenance_and_commissioning_cannot_be_erased_or_relabeled ... ok
Rust	Test Rust workspace	2026-09-24T15:00:33.4474088Z 
Rust	Test Rust workspace	2026-09-24T15:00:33.4474504Z test result: ok. 3 passed; 0 failed; 0 ignored; 0 measured; 0 filtered out; finished in 0.00s
Rust	Test Rust workspace	2026-09-24T15:00:33.4474945Z 
Rust	Test Rust workspace	2026-09-24T15:00:33.4476090Z ^[[1m^[[92m     Running^[[0m unittests src/lib.rs (target/debug/deps/rx_supervisor-f5bf65a07cd3e231)
Rust	Test Rust workspace	2026-09-24T15:00:33.4486111Z 
Rust	Test Rust workspace	2026-09-24T15:00:33.4486231Z running 21 tests
Rust	Test Rust workspace	2026-09-24T15:00:33.4493814Z test initialization::termination_tests::failed_signal_command_status_is_not_a_successful_delivery ... ok
Rust	Test Rust workspace	2026-09-24T15:00:33.4494921Z test execution_store::tests::unknown_run_does_not_create_nested_execution_store ... ok
Rust	Test Rust workspace	2026-09-24T15:00:33.4512473Z test initialization::termination_tests::failed_term_keeps_the_same_owned_child_retryable_until_delivery_is_confirmed ... ok
Rust	Test Rust workspace	2026-09-24T15:00:34.0473994Z test process::linux_limits::tests::gate_death_in_exec_window_cannot_mint_a_receipt_from_eof ... ok
Rust	Test Rust workspace	2026-09-24T15:00:34.0505367Z test process::linux_limits::tests::actual_kernel_permission_failure_after_lowering_rolls_back_before_target ... ok
Rust	Test Rust workspace	2026-09-24T15:00:34.0548484Z test process::linux_limits::tests::authority_change_after_application_prevents_exec_and_confirms_rollback ... ok
Rust	Test Rust workspace	2026-09-24T15:00:34.0564039Z test process::linux_limits::tests::exec_syscall_failure_is_not_an_admission ... ok
Rust	Test Rust workspace	2026-09-24T15:00:34.0567499Z test process::signal_tests::failed_signal_keeps_control_and_unknown_effect_errors ... ok
Rust	Test Rust workspace	2026-09-24T15:00:34.0576962Z test process::signal_tests::failed_signal_with_live_or_unconfirmed_child_remains_error ... ok
Rust	Test Rust workspace	2026-09-24T15:00:34.0604836Z test process::signal_tests::failed_signal_uses_only_confirmed_owned_non_actuating_exit ... ok
Rust	Test Rust workspace	2026-09-24T15:00:34.0634746Z test process::signal_tests::signal_acceptance_does_not_claim_child_exit ... ok
Rust	Test Rust workspace	2026-09-24T15:00:34.0635670Z test process_identity::linux::tests::foreign_namespace_neither_matches_nor_proves_absence ... ok
Rust	Test Rust workspace	2026-09-24T15:00:34.0645220Z test process_identity::linux::tests::namespace_lifetime_read_race_has_its_own_rejection ... ok
Rust	Test Rust workspace	2026-09-24T15:00:34.0646790Z test process_identity::linux::tests::stat_comm_parentheses_do_not_shift_starttime ... ok
Rust	Test Rust workspace	2026-09-24T15:00:34.0648405Z test process_identity::linux::tests::zombie_and_read_race_are_distinct_unverifiable_findings ... ok
Rust	Test Rust workspace	2026-09-24T15:00:34.0649847Z test registration::recovery::investigation_tests::legacy_string_summary_decodes_only_as_history ... ok
Rust	Test Rust workspace	2026-09-24T15:00:34.0650991Z test process_identity::linux::tests::every_saved_scope_dimension_is_required_before_absence ... ok
Rust	Test Rust workspace	2026-09-24T15:00:34.0931883Z test registration::recovery::investigation_tests::real_zombie_is_unverifiable_then_reaped_absence_can_confirm_without_changing_unknown ... ok
Rust	Test Rust workspace	2026-09-24T15:00:34.0939712Z test registration::recovery::investigation_tests::registry_reads_original_identity_and_does_not_backfill_legacy_records ... ok
Rust	Test Rust workspace	2026-09-24T15:00:34.5028926Z test process::linux_limits::tests::observation_failure_after_application_confirms_no_remaining_child_policy ... ok
Rust	Test Rust workspace	2026-09-24T15:00:34.5332152Z test process::linux_limits::tests::gate_excludes_current_directory_python_module_shadowing ... ok
Rust	Test Rust workspace	2026-09-24T15:00:34.5332629Z 
Rust	Test Rust workspace	2026-09-24T15:00:34.5332898Z test result: ok. 21 passed; 0 failed; 0 ignored; 0 measured; 0 filtered out; finished in 1.08s
Rust	Test Rust workspace	2026-09-24T15:00:34.5333285Z 
Rust	Test Rust workspace	2026-09-24T15:00:34.5350652Z ^[[1m^[[92m     Running^[[0m unittests src/bin/rx-solutionsd.rs (target/debug/deps/rx_solutionsd-3ed5966293e5829b)
Rust	Test Rust workspace	2026-09-24T15:00:34.5359757Z 
Rust	Test Rust workspace	2026-09-24T15:00:34.5359871Z running 0 tests
Rust	Test Rust workspace	2026-09-24T15:00:34.5360036Z 
Rust	Test Rust workspace	2026-09-24T15:00:34.5360333Z test result: ok. 0 passed; 0 failed; 0 ignored; 0 measured; 0 filtered out; finished in 0.00s
Rust	Test Rust workspace	2026-09-24T15:00:34.5360738Z 
Rust	Test Rust workspace	2026-09-24T15:00:34.5361833Z ^[[1m^[[92m     Running^[[0m tests/decision_anchors.rs (target/debug/deps/decision_anchors-e8132d7ab5f80e77)
Rust	Test Rust workspace	2026-09-24T15:00:34.5372025Z 
Rust	Test Rust workspace	2026-09-24T15:00:34.5372203Z running 1 test
Rust	Test Rust workspace	2026-09-24T15:00:34.5454980Z test author_anchors_are_pinned_and_site_data_cannot_override_them ... ok
Rust	Test Rust workspace	2026-09-24T15:00:34.5455377Z 
Rust	Test Rust workspace	2026-09-24T15:00:34.5455669Z test result: ok. 1 passed; 0 failed; 0 ignored; 0 measured; 0 filtered out; finished in 0.01s
Rust	Test Rust workspace	2026-09-24T15:00:34.5456089Z 
Rust	Test Rust workspace	2026-09-24T15:00:34.5458112Z ^[[1m^[[92m     Running^[[0m tests/dependency_binding.rs (target/debug/deps/dependency_binding-554d4be2f384a5da)
Rust	Test Rust workspace	2026-09-24T15:00:34.5469205Z 
Rust	Test Rust workspace	2026-09-24T15:00:34.5469336Z running 10 tests
Rust	Test Rust workspace	2026-09-24T15:00:34.7971271Z test absent_and_malformed_sources_and_explicit_denial_have_named_distinct_states ... ok
Rust	Test Rust workspace	2026-09-24T15:00:35.0493537Z test author_scope_cannot_be_replaced_and_unknown_is_not_independent ... ok
Rust	Test Rust workspace	2026-09-24T15:00:35.8708737Z test bounded_collection_keeps_a_finish_slot_and_cannot_overwrite_result ... ok
Rust	Test Rust workspace	2026-09-24T15:00:36.4140119Z test captured_response_cannot_be_replayed_for_another_diagnostic_request ... ok
Rust	Test Rust workspace	2026-09-24T15:00:37.0181546Z test continuous_loss_blocks_only_dependent_progress_and_current_result_consumption ... ok
Rust	Test Rust workspace	2026-09-24T15:00:37.6011224Z test current_report_change_and_consumer_retirement_do_not_rewrite_historical_result ... ok
Rust	Test Rust workspace	2026-09-24T15:00:38.1594752Z test generation_window_defers_input_until_finish_and_preserves_completed_snapshot ... ok
Rust	Test Rust workspace	2026-09-24T15:00:38.7505776Z test preparation_input_outlives_provider_and_result_is_durable_without_permission ... ok
Rust	Test Rust workspace	2026-09-24T15:00:38.7664764Z test result_run_and_history_commit_atomically_on_storage_failure ... ok
Rust	Test Rust workspace	2026-09-24T15:00:40.1493342Z test same_format_registration_and_same_registration_new_execution_do_not_inherit_binding ... ok
Rust	Test Rust workspace	2026-09-24T15:00:40.1494034Z 
Rust	Test Rust workspace	2026-09-24T15:00:40.1494427Z test result: ok. 10 passed; 0 failed; 0 ignored; 0 measured; 0 filtered out; finished in 5.60s
Rust	Test Rust workspace	2026-09-24T15:00:40.1494710Z 
Rust	Test Rust workspace	2026-09-24T15:00:40.1515546Z ^[[1m^[[92m     Running^[[0m tests/execution_admission.rs (target/debug/deps/execution_admission-e9a466a916a20a7d)
Rust	Test Rust workspace	2026-09-24T15:00:40.1526633Z 
Rust	Test Rust workspace	2026-09-24T15:00:40.1526744Z running 12 tests
Rust	Test Rust workspace	2026-09-24T15:00:40.1714380Z test authority_recheck_precedes_any_simulated_resource_application ... ok
Rust	Test Rust workspace	2026-09-24T15:00:40.1722573Z test malformed_rejection_is_not_falsely_reported_as_confirmed_non_application ... ok
Rust	Test Rust workspace	2026-09-24T15:00:40.1728176Z test diagnostic_query_does_not_enter_admission_or_spawn ... ok
Rust	Test Rust workspace	2026-09-24T15:00:40.1857456Z test legacy_serialization_is_unchanged_and_explicit_empty_has_its_own_identity ... ok
Rust	Test Rust workspace	2026-09-24T15:00:40.1954450Z test reopening_does_not_restore_application_evidence_or_resource_ownership ... ok
Rust	Test Rust workspace	2026-09-24T15:00:40.1987962Z test site_overrides_and_lowered_catalog_are_rejected_in_three_distinct_paths ... ok
Rust	Test Rust workspace	2026-09-24T15:00:40.2071421Z test real_backend_rejects_required_policies_before_exec_and_reports_no_application ... ok
Rust	Test Rust workspace	2026-09-24T15:00:40.2324582Z test unknown_is_rejected_even_by_a_capable_backend_and_not_required_is_distinct ... ok
Rust	Test Rust workspace	2026-09-24T15:00:40.2338552Z test real_backend_keeps_legacy_and_explicit_no_policy_startup_working ... ok
Rust	Test Rust workspace	2026-09-24T15:00:40.2450122Z test stale_receipts_and_lost_application_responses_remain_unknown_without_retry ... ok
Rust	Test Rust workspace	2026-09-24T15:00:40.2698667Z test whole_bundle_all_available_all_unavailable_and_mixed_have_no_partial_application ... ok
Rust	Test Rust workspace	2026-09-24T15:00:40.2843471Z test upper_bounds_do_not_reserve_but_reserved_capacity_and_access_conflicts_are_atomic ... ok
Rust	Test Rust workspace	2026-09-24T15:00:40.2843798Z 
Rust	Test Rust workspace	2026-09-24T15:00:40.2844009Z test result: ok. 12 passed; 0 failed; 0 ignored; 0 measured; 0 filtered out; finished in 0.13s
Rust	Test Rust workspace	2026-09-24T15:00:40.2844753Z 
Rust	Test Rust workspace	2026-09-24T15:00:40.2848799Z ^[[1m^[[92m     Running^[[0m tests/guarded.rs (target/debug/deps/guarded-b967eda9d12c2709)
Rust	Test Rust workspace	2026-09-24T15:00:40.2860408Z 
Rust	Test Rust workspace	2026-09-24T15:00:40.2860528Z running 7 tests
Rust	Test Rust workspace	2026-09-24T15:00:40.2874976Z test guarded_paths_are_per_instance_and_scope_is_preserved ... ok
Rust	Test Rust workspace	2026-09-24T15:00:40.2882712Z test guarded_recipe_cannot_use_alive_only_parameters_restart_or_physical_authority_fallback ... ok
Rust	Test Rust workspace	2026-09-24T15:00:40.3118075Z test failed_first_term_retries_the_same_owned_service_without_waiting_for_timeout ... ok
Rust	Test Rust workspace	2026-09-24T15:00:40.3141947Z test lost_protocol_readiness_latches_cooperative_shutdown_instead_of_restart ... ok
Rust	Test Rust workspace	2026-09-24T15:00:40.3252283Z test nonzero_guarded_exit_is_unconfirmed_even_with_stopped_report ... ok
Rust	Test Rust workspace	2026-09-24T15:00:40.3416448Z test guarded_readiness_requires_protocol_and_exit_zero_requires_terminal_report ... ok
Rust	Test Rust workspace	2026-09-24T15:00:40.4311493Z test held_guarded_service_is_not_forced_after_timeout ... ok
Rust	Test Rust workspace	2026-09-24T15:00:40.4311791Z 
Rust	Test Rust workspace	2026-09-24T15:00:40.4311991Z test result: ok. 7 passed; 0 failed; 0 ignored; 0 measured; 0 filtered out; finished in 0.15s
Rust	Test Rust workspace	2026-09-24T15:00:40.4312271Z 
Rust	Test Rust workspace	2026-09-24T15:00:40.4315907Z ^[[1m^[[92m     Running^[[0m tests/guarded_os.rs (target/debug/deps/guarded_os-00b099df8fc6439f)
Rust	Test Rust workspace	2026-09-24T15:00:40.4326783Z 
Rust	Test Rust workspace	2026-09-24T15:00:40.4326881Z running 1 test
Rust	Test Rust workspace	2026-09-24T15:00:41.0492343Z test guarded_term_targets_only_the_owned_leader_and_force_is_rejected ... ok
Rust	Test Rust workspace	2026-09-24T15:00:41.0492767Z 
Rust	Test Rust workspace	2026-09-24T15:00:41.0492973Z test result: ok. 1 passed; 0 failed; 0 ignored; 0 measured; 0 filtered out; finished in 0.62s
Rust	Test Rust workspace	2026-09-24T15:00:41.0493245Z 
Rust	Test Rust workspace	2026-09-24T15:00:41.0497986Z ^[[1m^[[92m     Running^[[0m tests/initialization.rs (target/debug/deps/initialization-07a5fd1f923c6ed5)
Rust	Test Rust workspace	2026-09-24T15:00:41.0510316Z 
Rust	Test Rust workspace	2026-09-24T15:00:41.0510424Z running 2 tests
Rust	Test Rust workspace	2026-09-24T15:00:41.0598371Z test required_composition_initialization_rejects_missing_partial_changed_list_and_wrong_digest ... ok
Rust	Test Rust workspace	2026-09-24T15:00:42.9850257Z test four_named_initializer_successes_are_recorded_once_and_entered_is_never_replayed ... ok
Rust	Test Rust workspace	2026-09-24T15:00:42.9850763Z 
Rust	Test Rust workspace	2026-09-24T15:00:42.9850971Z test result: ok. 2 passed; 0 failed; 0 ignored; 0 measured; 0 filtered out; finished in 1.93s
Rust	Test Rust workspace	2026-09-24T15:00:42.9851454Z 
Rust	Test Rust workspace	2026-09-24T15:00:42.9857937Z ^[[1m^[[92m     Running^[[0m tests/lifecycle.rs (target/debug/deps/lifecycle-dc09046337347ae8)
Rust	Test Rust workspace	2026-09-24T15:00:42.9870457Z 
Rust	Test Rust workspace	2026-09-24T15:00:42.9870573Z running 10 tests
Rust	Test Rust workspace	2026-09-24T15:00:43.0124981Z test default_authority_does_not_start_control_owners_and_other_stores_are_not_claimed ... ok
Rust	Test Rust workspace	2026-09-24T15:00:43.0175724Z test failed_stop_persistence_still_prevents_new_processes_and_exit_observation_can_be_retried ... ok
Rust	Test Rust workspace	2026-09-24T15:00:43.0187515Z test release_program_change_and_unsafe_plan_choices_are_rejected ... ok
Rust	Test Rust workspace	2026-09-24T15:00:43.0280325Z test dependencies_start_after_readiness_and_stop_before_their_provider ... ok
Rust	Test Rust workspace	2026-09-24T15:00:43.0666812Z test launch_commit_boundaries_never_replay_an_uncertain_spawn ... ok
Rust	Test Rust workspace	2026-09-24T15:00:43.0806575Z test supervisor_restart_keeps_live_or_uncertain_processes_unknown_and_never_signals_saved_pids ... ok
Rust	Test Rust workspace	2026-09-24T15:00:43.0908401Z test uncertain_backend_result_is_not_a_known_start_failure ... ok
Rust	Test Rust workspace	2026-09-24T15:00:43.1337028Z test execution_retry::previous_application_observation_does_not_cover_a_new_prepared_instance ... ok
Rust	Test Rust workspace	2026-09-24T15:00:43.1650470Z test stop_authority_is_required_and_control_processes_are_never_force_killed ... ok
Rust	Test Rust workspace	2026-09-24T15:00:43.2844455Z test software_restart_budget_persists_until_an_explicit_clean_reactivation ... ok
Rust	Test Rust workspace	2026-09-24T15:00:43.2844925Z 
Rust	Test Rust workspace	2026-09-24T15:00:43.2845211Z test result: ok. 10 passed; 0 failed; 0 ignored; 0 measured; 0 filtered out; finished in 0.30s
Rust	Test Rust workspace	2026-09-24T15:00:43.2845629Z 
Rust	Test Rust workspace	2026-09-24T15:00:43.2848762Z ^[[1m^[[92m     Running^[[0m tests/os_process.rs (target/debug/deps/os_process-5c9ee116084ed269)
Rust	Test Rust workspace	2026-09-24T15:00:43.2861766Z 
Rust	Test Rust workspace	2026-09-24T15:00:43.2861892Z running 2 tests
Rust	Test Rust workspace	2026-09-24T15:00:43.7341708Z test tampered_program_file_is_not_started ... ok
Rust	Test Rust workspace	2026-09-24T15:00:44.7655735Z test real_process_readiness_is_instance_correlated_and_shutdown_reaps_the_owned_process ... ok
Rust	Test Rust workspace	2026-09-24T15:00:44.7656238Z 
Rust	Test Rust workspace	2026-09-24T15:00:44.7656541Z test result: ok. 2 passed; 0 failed; 0 ignored; 0 measured; 0 filtered out; finished in 1.48s
Rust	Test Rust workspace	2026-09-24T15:00:44.7656915Z 
Rust	Test Rust workspace	2026-09-24T15:00:44.7663898Z ^[[1m^[[92m     Running^[[0m tests/recovery.rs (target/debug/deps/recovery-2c413163b6b9f14a)
Rust	Test Rust workspace	2026-09-24T15:00:44.7675939Z 
Rust	Test Rust workspace	2026-09-24T15:00:44.7676060Z running 9 tests
Rust	Test Rust workspace	2026-09-24T15:00:44.8312309Z test confirmed_disposition_preserves_unknown_and_does_not_automatically_open_assignment ... ok
Rust	Test Rust workspace	2026-09-24T15:00:44.8860097Z test disposed_observation_cannot_be_overwritten_by_an_old_supervisor ... ok
Rust	Test Rust workspace	2026-09-24T15:00:44.9727300Z test disposition_and_resume_consumption_rollback_without_half_records ... ok
Rust	Test Rust workspace	2026-09-24T15:00:45.0602254Z test explicit_resume_consumes_once_and_uses_new_instance_without_restoring_receipts ... ok
Rust	Test Rust workspace	2026-09-24T15:00:45.1026101Z test missing_original_pid_binding_requires_another_provider_not_an_inferred_closure ... ok
Rust	Test Rust workspace	2026-09-24T15:00:45.1636679Z test old_run_prepared_instance_and_automatic_restart_budget_are_not_recovery_routes ... ok
Rust	Test Rust workspace	2026-09-24T15:00:45.2072555Z test unable_to_resolve_is_not_success_or_permission_to_resume ... ok
Rust	Test Rust workspace	2026-09-24T15:00:45.2503159Z test weak_observations_and_default_authority_cannot_dispose ... ok
Rust	Test Rust workspace	2026-09-24T15:00:45.2861240Z test witness_scope_time_target_actor_and_stale_revision_are_checked ... ok
Rust	Test Rust workspace	2026-09-24T15:00:45.2861536Z 
Rust	Test Rust workspace	2026-09-24T15:00:45.2861740Z test result: ok. 9 passed; 0 failed; 0 ignored; 0 measured; 0 filtered out; finished in 0.52s
Rust	Test Rust workspace	2026-09-24T15:00:45.2862004Z 
Rust	Test Rust workspace	2026-09-24T15:00:45.2865994Z ^[[1m^[[92m     Running^[[0m tests/registration.rs (target/debug/deps/registration-08e002bb34b998f0)
Rust	Test Rust workspace	2026-09-24T15:00:45.2877461Z 
Rust	Test Rust workspace	2026-09-24T15:00:45.2877585Z running 11 tests
Rust	Test Rust workspace	2026-09-24T15:00:45.3049056Z test failed_transaction_commits_neither_revision_nor_control_event_or_projection ... ok
Rust	Test Rust workspace	2026-09-24T15:00:45.3064698Z test competing_updates_and_retired_reactivation_fail_without_erasing_history ... ok
Rust	Test Rust workspace	2026-09-24T15:00:45.3537340Z test historical_assignment_revision_survives_a_label_review_after_exit ... ok
Rust	Test Rust workspace	2026-09-24T15:00:45.3626529Z test failure_between_assignment_and_observation_is_unconfirmed_and_cannot_replay ... ok
Rust	Test Rust workspace	2026-09-24T15:00:45.3735378Z test catalog_weakening_and_legacy_reopen_are_explained_and_leave_old_records_readable ... ok
Rust	Test Rust workspace	2026-09-24T15:00:45.3750803Z test different_plan_same_name_pid_and_port_make_distinct_executions_of_one_registration ... ok
Rust	Test Rust workspace	2026-09-24T15:00:45.3860810Z test registration_exists_without_execution_or_plan_and_survives_repository_reopen ... ok
Rust	Test Rust workspace	2026-09-24T15:00:45.3925881Z test missing_executable_does_not_deregister_the_component ... ok
Rust	Test Rust workspace	2026-09-24T15:00:45.3966001Z test registration_never_replaces_lifecycle_authority ... ok
Rust	Test Rust workspace	2026-09-24T15:00:45.4489236Z test retirement_blocks_new_assignment_but_keeps_running_history_and_unresolved_obligations ... ok
Rust	Test Rust workspace	2026-09-24T15:00:45.4764761Z test normal_exit_unexpected_handle_loss_and_restart_preserve_registration ... ok
Rust	Test Rust workspace	2026-09-24T15:00:45.4765244Z 
Rust	Test Rust workspace	2026-09-24T15:00:45.4765549Z test result: ok. 11 passed; 0 failed; 0 ignored; 0 measured; 0 filtered out; finished in 0.19s
Rust	Test Rust workspace	2026-09-24T15:00:45.4765979Z 
Rust	Test Rust workspace	2026-09-24T15:00:45.4770525Z ^[[1m^[[92m     Running^[[0m tests/registration_passage.rs (target/debug/deps/registration_passage-f640ef069476d403)
Rust	Test Rust workspace	2026-09-24T15:00:45.4783665Z 
Rust	Test Rust workspace	2026-09-24T15:00:45.4783780Z running 2 tests
Rust	Test Rust workspace	2026-09-24T15:00:45.4786487Z test passage_worker ... ignored, worker invoked only by the real registration passage
Rust	Test Rust workspace	2026-09-24T15:00:45.4787314Z test real_registration_passage ... ignored, requires validated /opt/rx release; run tools/registration_passage.py
Rust	Test Rust workspace	2026-09-24T15:00:45.4787839Z 
Rust	Test Rust workspace	2026-09-24T15:00:45.4788136Z test result: ok. 0 passed; 0 failed; 2 ignored; 0 measured; 0 filtered out; finished in 0.00s
Rust	Test Rust workspace	2026-09-24T15:00:45.4788575Z 
Rust	Test Rust workspace	2026-09-24T15:00:45.4789029Z ^[[1m^[[92m     Running^[[0m tests/replacement.rs (target/debug/deps/replacement-c5ab2e8083cbd839)
Rust	Test Rust workspace	2026-09-24T15:00:45.4798027Z 
Rust	Test Rust workspace	2026-09-24T15:00:45.4798195Z running 9 tests
Rust	Test Rust workspace	2026-09-24T15:00:47.8711891Z test authority_expiry_revocation_restart_and_candidate_generation_are_rechecked ... ok
Rust	Test Rust workspace	2026-09-24T15:00:48.9322379Z test assignment_observed_before_switch_cannot_commit_against_superseded_route ... ok
Rust	Test Rust workspace	2026-09-24T15:00:49.9850990Z test changed_consumer_revision_preserves_history_but_cannot_reinterpret_old_route ... ok
Rust	Test Rust workspace	2026-09-24T15:00:51.0041294Z test default_catalog_does_not_apply_a_replacement_or_block_diagnostic_completion ... ok
Rust	Test Rust workspace	2026-09-24T15:00:56.4520494Z test manager_loss_during_replacement_recovers_old_or_new_without_ownership ... ok
Rust	Test Rust workspace	2026-09-24T15:00:57.5718949Z test old_source_loss_withholds_only_its_interval_while_new_and_independent_work_continue ... ok
Rust	Test Rust workspace	2026-09-24T15:00:58.6197789Z test partial_staging_rollback_and_lost_reply_leave_one_route_and_preserve_receipt ... ok
Rust	Test Rust workspace	2026-09-24T15:00:59.7212661Z test route_switch_midflight_keeps_old_version_and_new_assignments_use_new_then_return ... ok
Rust	Test Rust workspace	2026-09-24T15:01:00.7717476Z test two_concurrent_applications_from_one_base_cannot_both_win ... ok
Rust	Test Rust workspace	2026-09-24T15:01:00.7717904Z 
Rust	Test Rust workspace	2026-09-24T15:01:00.7718178Z test result: ok. 9 passed; 0 failed; 0 ignored; 0 measured; 0 filtered out; finished in 15.29s
Rust	Test Rust workspace	2026-09-24T15:01:00.7718586Z 
Rust	Test Rust workspace	2026-09-24T15:01:00.7734947Z ^[[1m^[[92m     Running^[[0m tests/resident_registration.rs (target/debug/deps/resident_registration-447b3ce7bb4fb6c7)
Rust	Test Rust workspace	2026-09-24T15:01:00.7745942Z 
Rust	Test Rust workspace	2026-09-24T15:01:00.7746074Z running 12 tests
Rust	Test Rust workspace	2026-09-24T15:01:00.8028151Z test resident_catalog_change_does_not_rewrite_accepted_history ... ok
Rust	Test Rust workspace	2026-09-24T15:01:00.8051215Z test resident_duplicate_selection_mapping_is_refused ... ok
Rust	Test Rust workspace	2026-09-24T15:01:00.8094893Z test resident_duplicate_registration_mapping_is_refused ... ok
Rust	Test Rust workspace	2026-09-24T15:01:00.8246294Z test resident_cross_selection_assignment_cannot_satisfy_reconciliation ... ok
Rust	Test Rust workspace	2026-09-24T15:01:00.8371632Z test resident_failure_between_registration_and_index_rolls_back_every_record ... ok
Rust	Test Rust workspace	2026-09-24T15:01:00.8414506Z test resident_failed_assignment_never_reaches_the_os_backend ... ok
Rust	Test Rust workspace	2026-09-24T15:01:00.8567695Z test resident_legacy_store_cannot_be_adopted_by_creating_registration ... ok
Rust	Test Rust workspace	2026-09-24T15:01:00.8646688Z test resident_missing_selection_is_not_automatically_registered ... ok
Rust	Test Rust workspace	2026-09-24T15:01:00.8828228Z test resident_retirement_does_not_register_a_replacement ... ok
Rust	Test Rust workspace	2026-09-24T15:01:00.9007666Z test resident_reopen_keeps_distinct_ids_and_unknown_without_pid_adoption ... ok
Rust	Test Rust workspace	2026-09-24T15:01:00.9068663Z test resident_swapped_index_cannot_adopt_another_components_execution ... ok
Rust	Test Rust workspace	2026-09-24T15:01:00.9879822Z test resident_guarded_legacy_retains_dependency_stop_order_and_never_forces ... ok
Rust	Test Rust workspace	2026-09-24T15:01:00.9880305Z 
Rust	Test Rust workspace	2026-09-24T15:01:00.9880509Z test result: ok. 12 passed; 0 failed; 0 ignored; 0 measured; 0 filtered out; finished in 0.21s
Rust	Test Rust workspace	2026-09-24T15:01:00.9880782Z 
Rust	Test Rust workspace	2026-09-24T15:01:00.9884462Z ^[[1m^[[92m     Running^[[0m tests/resource_enforcement.rs (target/debug/deps/resource_enforcement-2ced829b02201fd5)
Rust	Test Rust workspace	2026-09-24T15:01:00.9896430Z 
Rust	Test Rust workspace	2026-09-24T15:01:00.9896534Z running 4 tests
Rust	Test Rust workspace	2026-09-24T15:01:01.4360827Z test linux::executable_integrity_failure_is_a_named_no_application_rejection ... ok
Rust	Test Rust workspace	2026-09-24T15:01:01.9363243Z test linux::actual_rx_child_limit_is_observed_by_a_separate_process_and_binds_allocations ... ok
Rust	Test Rust workspace	2026-09-24T15:01:02.4073222Z test linux::saved_limit_history_never_restores_a_current_receipt_after_owner_loss ... ok
Rust	Test Rust workspace	2026-09-24T15:01:02.6350753Z test unsupported_reserved_capacity_rejects_the_entire_bundle ... ok
Rust	Test Rust workspace	2026-09-24T15:01:02.6351069Z 
Rust	Test Rust workspace	2026-09-24T15:01:02.6351277Z test result: ok. 4 passed; 0 failed; 0 ignored; 0 measured; 0 filtered out; finished in 1.65s
Rust	Test Rust workspace	2026-09-24T15:01:02.6351560Z 
Rust	Test Rust workspace	2026-09-24T15:01:02.6368358Z ^[[1m^[[92m     Running^[[0m tests/service_catalog.rs (target/debug/deps/service_catalog-1ed7b87481c52e4a)
Rust	Test Rust workspace	2026-09-24T15:01:02.6379372Z 
Rust	Test Rust workspace	2026-09-24T15:01:02.6379479Z running 4 tests
Rust	Test Rust workspace	2026-09-24T15:01:02.6629963Z test service_names_cannot_be_paths_or_choose_programs ... ok
Rust	Test Rust workspace	2026-09-24T15:01:02.6631218Z test each_executor_requires_matching_host_edges_and_definitions_without_cross_cell_shortcuts ... ok
Rust	Test Rust workspace	2026-09-24T15:01:02.6632153Z test distinct_executor_principals_cannot_compete_for_the_same_installation_cell ... ok
Rust	Test Rust workspace	2026-09-24T15:01:02.6633102Z test two_hosts_and_two_cells_resolve_fixed_binaries_and_independent_dependency_order ... ok
Rust	Test Rust workspace	2026-09-24T15:01:02.6633712Z 
Rust	Test Rust workspace	2026-09-24T15:01:02.6634356Z test result: ok. 4 passed; 0 failed; 0 ignored; 0 measured; 0 filtered out; finished in 0.03s
Rust	Test Rust workspace	2026-09-24T15:01:02.6634800Z 
Rust	Test Rust workspace	2026-09-24T15:01:02.6636433Z ^[[1m^[[92m     Running^[[0m tests/support_limits.rs (target/debug/deps/support_limits-88f54f483688185e)
Rust	Test Rust workspace	2026-09-24T15:01:02.6646435Z 
Rust	Test Rust workspace	2026-09-24T15:01:02.6646565Z running 1 test
Rust	Test Rust workspace	2026-09-24T15:01:03.6845722Z test failed_guarded_delivery_never_settles_without_owned_exit_and_current_final_report ... ok
Rust	Test Rust workspace	2026-09-24T15:01:03.6846098Z 
Rust	Test Rust workspace	2026-09-24T15:01:03.6846316Z test result: ok. 1 passed; 0 failed; 0 ignored; 0 measured; 0 filtered out; finished in 1.02s
Rust	Test Rust workspace	2026-09-24T15:01:03.6846611Z 
Rust	Test Rust workspace	2026-09-24T15:01:03.6850571Z ^[[1m^[[92m     Running^[[0m tests/use_assessment.rs (target/debug/deps/use_assessment-449bd0612036e612)
Rust	Test Rust workspace	2026-09-24T15:01:03.6862051Z 
Rust	Test Rust workspace	2026-09-24T15:01:03.6862172Z running 9 tests
Rust	Test Rust workspace	2026-09-24T15:01:04.6737478Z test alive_only_and_undeclared_programs_stay_unsupported ... ok
Rust	Test Rust workspace	2026-09-24T15:01:05.2103438Z test another_instance_and_previous_assessment_response_cannot_be_promoted ... ok
Rust	Test Rust workspace	2026-09-24T15:01:05.4592652Z test declared_conditions_cannot_be_lowered_through_site_or_existing_catalog_pin ... ok
Rust	Test Rust workspace	2026-09-24T15:01:06.0016415Z test new_owner_does_not_restore_a_readiness_assessment_or_permission ... ok
Rust	Test Rust workspace	2026-09-24T15:01:06.5360076Z test not_evaluated_not_met_and_unsupported_have_named_conditions ... ok
Rust	Test Rust workspace	2026-09-24T15:01:07.5863676Z test omitted_declaration_preserves_legacy_serialization_and_closed_child_cannot_report_ready ... ok
Rust	Test Rust workspace	2026-09-24T15:01:08.1131949Z test registration_and_f1_admission_do_not_evaluate_or_grant_use ... ok
Rust	Test Rust workspace	2026-09-24T15:01:08.6488169Z test reported_area_denial_differs_from_unconnected_or_invalid_provider ... ok
Rust	Test Rust workspace	2026-09-24T15:01:09.1815902Z test reported_conditions_and_work_use_are_separate_and_read_only ... ok
Rust	Test Rust workspace	2026-09-24T15:01:09.1816594Z 
Rust	Test Rust workspace	2026-09-24T15:01:09.1816861Z test result: ok. 9 passed; 0 failed; 0 ignored; 0 measured; 0 filtered out; finished in 5.50s
Rust	Test Rust workspace	2026-09-24T15:01:09.1817233Z 
Rust	Test Rust workspace	2026-09-24T15:01:09.1835766Z ^[[1m^[[92m     Running^[[0m tests/verified_decision.rs (target/debug/deps/verified_decision-3249e0737e39fd35)
Rust	Test Rust workspace	2026-09-24T15:01:09.1848379Z 
Rust	Test Rust workspace	2026-09-24T15:01:09.1848659Z running 9 tests
Rust	Test Rust workspace	2026-09-24T15:01:09.7755753Z test a_signed_decision_id_cannot_be_redefined_or_extended ... ok
Rust	Test Rust workspace	2026-09-24T15:01:10.0440963Z test changed_program_anchor_cannot_reopen_an_existing_registration ... ok
Rust	Test Rust workspace	2026-09-24T15:01:11.4248225Z test exact_registration_scope_generation_and_binding_are_required ... ok
Rust	Test Rust workspace	2026-09-24T15:01:12.3131790Z test expiry_is_anchored_to_challenge_and_ttl_cannot_exceed_author_policy ... ok
Rust	Test Rust workspace	2026-09-24T15:01:12.8827289Z test external_work_decision_does_not_promote_readiness_execution_or_binding ... ok
Rust	Test Rust workspace	2026-09-24T15:01:13.9803177Z test initial_and_replacement_acceptance_are_distinct_and_do_not_grant_work_or_apply_binding ... ok
Rust	Test Rust workspace	2026-09-24T15:01:15.0356467Z test receiver_loss_and_unconfigured_catalogs_cannot_restore_permission ... ok
Rust	Test Rust workspace	2026-09-24T15:01:15.5931496Z test signature_key_context_and_wire_shape_attacks_are_rejected ... ok
Rust	Test Rust workspace	2026-09-24T15:01:16.1794833Z test signed_revocation_blocks_clones_and_reimport_without_rewriting_history ... ok
Rust	Test Rust workspace	2026-09-24T15:01:16.1795187Z 
Rust	Test Rust workspace	2026-09-24T15:01:16.1795398Z test result: ok. 9 passed; 0 failed; 0 ignored; 0 measured; 0 filtered out; finished in 6.99s
Rust	Test Rust workspace	2026-09-24T15:01:16.1795676Z 
Rust	Test Rust workspace	2026-09-24T15:01:16.1812857Z ^[[1m^[[92m     Running^[[0m tests/work_use.rs (target/debug/deps/work_use-75e91b2128866b22)
Rust	Test Rust workspace	2026-09-24T15:01:16.1825239Z 
Rust	Test Rust workspace	2026-09-24T15:01:16.1825349Z running 9 tests
Rust	Test Rust workspace	2026-09-24T15:01:16.7484697Z test changed_report_and_registration_between_judgment_and_cut_refuse_commit ... ok
Rust	Test Rust workspace	2026-09-24T15:01:17.2907534Z test absent_authority_blocks_work_without_blocking_f5_diagnostics ... ok
Rust	Test Rust workspace	2026-09-24T15:01:17.9142679Z test derived_support_gap_is_actual_work_and_history_is_not_current_permission ... ok
Rust	Test Rust workspace	2026-09-24T15:01:19.6619111Z test expiry_after_logical_cut_during_commit_io_preserves_inert_result ... ok
Rust	Test Rust workspace	2026-09-24T15:01:21.2408141Z test expiry_and_revocation_before_cut_do_not_commit_or_spend ... ok
Rust	Test Rust workspace	2026-09-24T15:01:21.7678570Z test explicit_external_denial_and_missing_judgment_response_cannot_prepare_work ... ok
Rust	Test Rust workspace	2026-09-24T15:01:22.3417151Z test receiver_restart_keeps_history_but_invalidates_retained_permission ... ok
Rust	Test Rust workspace	2026-09-24T15:01:23.6018009Z test revocation_waits_for_whole_transaction_and_does_not_rewrite_completed_work ... ok
Rust	Test Rust workspace	2026-09-24T15:01:24.1786231Z test rollback_spends_nothing_and_response_loss_is_resolved_by_query_not_replay ... ok
Rust	Test Rust workspace	2026-09-24T15:01:24.1786643Z 
Rust	Test Rust workspace	2026-09-24T15:01:24.1786969Z test result: ok. 9 passed; 0 failed; 0 ignored; 0 measured; 0 filtered out; finished in 8.00s
Rust	Test Rust workspace	2026-09-24T15:01:24.1787379Z 
Rust	Test Rust workspace	2026-09-24T15:01:24.1802353Z ^[[1m^[[92m   Doc-tests^[[0m rx_device_package
Rust	Test Rust workspace	2026-09-24T15:01:24.2276133Z 
Rust	Test Rust workspace	2026-09-24T15:01:24.2276605Z running 0 tests
Rust	Test Rust workspace	2026-09-24T15:01:24.2276851Z 
Rust	Test Rust workspace	2026-09-24T15:01:24.2277182Z test result: ok. 0 passed; 0 failed; 0 ignored; 0 measured; 0 filtered out; finished in 0.00s
Rust	Test Rust workspace	2026-09-24T15:01:24.2277604Z 
Rust	Test Rust workspace	2026-09-24T15:01:24.2293417Z ^[[1m^[[92m   Doc-tests^[[0m rx_executor
Rust	Test Rust workspace	2026-09-24T15:01:24.4106112Z 
Rust	Test Rust workspace	2026-09-24T15:01:24.4106625Z running 0 tests
Rust	Test Rust workspace	2026-09-24T15:01:24.4106843Z 
Rust	Test Rust workspace	2026-09-24T15:01:24.4107158Z test result: ok. 0 passed; 0 failed; 0 ignored; 0 measured; 0 filtered out; finished in 0.00s
Rust	Test Rust workspace	2026-09-24T15:01:24.4107448Z 
Rust	Test Rust workspace	2026-09-24T15:01:24.4122832Z ^[[1m^[[92m   Doc-tests^[[0m rx_host
Rust	Test Rust workspace	2026-09-24T15:01:24.7465194Z 
Rust	Test Rust workspace	2026-09-24T15:01:24.7465728Z running 0 tests
Rust	Test Rust workspace	2026-09-24T15:01:24.7465947Z 
Rust	Test Rust workspace	2026-09-24T15:01:24.7466272Z test result: ok. 0 passed; 0 failed; 0 ignored; 0 measured; 0 filtered out; finished in 0.00s
Rust	Test Rust workspace	2026-09-24T15:01:24.7466729Z 
Rust	Test Rust workspace	2026-09-24T15:01:24.7483332Z ^[[1m^[[92m   Doc-tests^[[0m rx_melsec_mc
Rust	Test Rust workspace	2026-09-24T15:01:24.7777796Z 
Rust	Test Rust workspace	2026-09-24T15:01:24.7778159Z running 0 tests
Rust	Test Rust workspace	2026-09-24T15:01:24.7778358Z 
Rust	Test Rust workspace	2026-09-24T15:01:24.7778686Z test result: ok. 0 passed; 0 failed; 0 ignored; 0 measured; 0 filtered out; finished in 0.00s
Rust	Test Rust workspace	2026-09-24T15:01:24.7779374Z 
Rust	Test Rust workspace	2026-09-24T15:01:24.7790405Z ^[[1m^[[92m   Doc-tests^[[0m rx_process
Rust	Test Rust workspace	2026-09-24T15:01:24.7988775Z 
Rust	Test Rust workspace	2026-09-24T15:01:24.7989199Z running 0 tests
Rust	Test Rust workspace	2026-09-24T15:01:24.7989367Z 
Rust	Test Rust workspace	2026-09-24T15:01:24.7989612Z test result: ok. 0 passed; 0 failed; 0 ignored; 0 measured; 0 filtered out; finished in 0.00s
Rust	Test Rust workspace	2026-09-24T15:01:24.7989899Z 
Rust	Test Rust workspace	2026-09-24T15:01:24.8000554Z ^[[1m^[[92m   Doc-tests^[[0m rx_process_package
Rust	Test Rust workspace	2026-09-24T15:01:24.8300507Z 
Rust	Test Rust workspace	2026-09-24T15:01:24.8300953Z running 0 tests
Rust	Test Rust workspace	2026-09-24T15:01:24.8301121Z 
Rust	Test Rust workspace	2026-09-24T15:01:24.8301352Z test result: ok. 0 passed; 0 failed; 0 ignored; 0 measured; 0 filtered out; finished in 0.00s
Rust	Test Rust workspace	2026-09-24T15:01:24.8301636Z 
Rust	Test Rust workspace	2026-09-24T15:01:24.8315075Z ^[[1m^[[92m   Doc-tests^[[0m rx_service_status
Rust	Test Rust workspace	2026-09-24T15:01:24.8679365Z 
Rust	Test Rust workspace	2026-09-24T15:01:24.8679803Z running 0 tests
Rust	Test Rust workspace	2026-09-24T15:01:24.8679960Z 
Rust	Test Rust workspace	2026-09-24T15:01:24.8680187Z test result: ok. 0 passed; 0 failed; 0 ignored; 0 measured; 0 filtered out; finished in 0.00s
Rust	Test Rust workspace	2026-09-24T15:01:24.8680495Z 
Rust	Test Rust workspace	2026-09-24T15:01:24.8692495Z ^[[1m^[[92m   Doc-tests^[[0m rx_solution_catalog
Rust	Test Rust workspace	2026-09-24T15:01:24.9071690Z 
Rust	Test Rust workspace	2026-09-24T15:01:24.9072148Z running 0 tests
Rust	Test Rust workspace	2026-09-24T15:01:24.9072316Z 
Rust	Test Rust workspace	2026-09-24T15:01:24.9072543Z test result: ok. 0 passed; 0 failed; 0 ignored; 0 measured; 0 filtered out; finished in 0.00s
Rust	Test Rust workspace	2026-09-24T15:01:24.9072837Z 
Rust	Test Rust workspace	2026-09-24T15:01:24.9087268Z ^[[1m^[[92m   Doc-tests^[[0m rx_supervisor
Rust	Test Rust workspace	2026-09-24T15:01:25.1720160Z 
Rust	Test Rust workspace	2026-09-24T15:01:25.1720843Z running 12 tests
Rust	Test Rust workspace	2026-09-24T15:01:25.2142673Z test runtime/rx-supervisor/src/registration/diagnostic/replacement.rs - registration::diagnostic::replacement::PreparedReplacement (line 84) - compile fail ... ok
Rust	Test Rust workspace	2026-09-24T15:01:25.2166609Z test runtime/rx-supervisor/src/registration/diagnostic/replacement.rs - registration::diagnostic::replacement::PreparedReplacement (line 76) - compile fail ... ok
Rust	Test Rust workspace	2026-09-24T15:01:25.2208834Z test runtime/rx-supervisor/src/registration/diagnostic/replacement.rs - registration::diagnostic::replacement::PreparedReplacement (line 80) - compile fail ... ok
Rust	Test Rust workspace	2026-09-24T15:01:25.2300749Z test runtime/rx-supervisor/src/registration/diagnostic/replacement.rs - registration::diagnostic::replacement::PreparedReplacement (line 72) - compile fail ... ok
Rust	Test Rust workspace	2026-09-24T15:01:25.2544631Z test runtime/rx-supervisor/src/registration/recovery.rs - registration::recovery::ProcessInvestigation (line 12) - compile fail ... ok
Rust	Test Rust workspace	2026-09-24T15:01:25.2579571Z test runtime/rx-supervisor/src/registration/recovery.rs - registration::recovery::ProcessInvestigation (line 17) - compile fail ... ok
Rust	Test Rust workspace	2026-09-24T15:01:25.2756825Z test runtime/rx-supervisor/src/registration/recovery.rs - registration::recovery::ProcessInvestigation (line 8) - compile fail ... ok
Rust	Test Rust workspace	2026-09-24T15:01:25.2816144Z test runtime/rx-supervisor/src/registration/recovery.rs - registration::recovery::Registry<R>::investigate (line 494) - compile fail ... ok
Rust	Test Rust workspace	2026-09-24T15:01:25.2959919Z test runtime/rx-supervisor/src/work_use.rs - work_use::Prepared (line 74) - compile fail ... ok
Rust	Test Rust workspace	2026-09-24T15:01:25.3035241Z test runtime/rx-supervisor/src/work_use.rs - work_use::Prepared (line 70) - compile fail ... ok
Rust	Test Rust workspace	2026-09-24T15:01:25.3157115Z test runtime/rx-supervisor/src/work_use.rs - work_use::Prepared (line 78) - compile fail ... ok
Rust	Test Rust workspace	2026-09-24T15:01:25.3157721Z test runtime/rx-supervisor/src/work_use.rs - work_use::Prepared (line 82) - compile fail ... ok
Rust	Test Rust workspace	2026-09-24T15:01:25.3157989Z 
Rust	Test Rust workspace	2026-09-24T15:01:25.3158183Z test result: ok. 12 passed; 0 failed; 0 ignored; 0 measured; 0 filtered out; finished in 0.14s
Rust	Test Rust workspace	2026-09-24T15:01:25.3158452Z 
Rust	Post Run actions/cache@0057852bfaa89a56745cba8c7296529d2fc39830	﻿2026-09-24T15:01:25.4953001Z Post job cleanup.
Rust	Post Run actions/cache@0057852bfaa89a56745cba8c7296529d2fc39830	2026-09-24T15:01:25.6785198Z (node:20765) [DEP0040] DeprecationWarning: The `punycode` module is deprecated. Please use a userland alternative instead.
Rust	Post Run actions/cache@0057852bfaa89a56745cba8c7296529d2fc39830	2026-09-24T15:01:25.6786267Z (Use `node --trace-deprecation ...` to show where the warning was created)
Rust	Post Run actions/cache@0057852bfaa89a56745cba8c7296529d2fc39830	2026-09-24T15:01:25.6946239Z [command]/usr/bin/tar --posix -cf cache.tzst --exclude cache.tzst -P -C /home/runner/work/rx-solutions/rx-solutions --files-from manifest.txt --use-compress-program zstdmt
Rust	Post Run actions/cache@0057852bfaa89a56745cba8c7296529d2fc39830	2026-09-24T15:01:51.6123987Z (node:20765) [DEP0169] DeprecationWarning: `url.parse()` behavior is not standardized and prone to errors that have security implications. Use the WHATWG URL API instead. CVEs are not issued for `url.parse()` vulnerabilities.
Rust	Post Run actions/cache@0057852bfaa89a56745cba8c7296529d2fc39830	2026-09-24T15:01:52.5975328Z Sent 0 of 3015661094 (0.0%), 0.0 MBs/sec
Rust	Post Run actions/cache@0057852bfaa89a56745cba8c7296529d2fc39830	2026-09-24T15:01:53.5950267Z Sent 536870912 of 3015661094 (17.8%), 256.1 MBs/sec
Rust	Post Run actions/cache@0057852bfaa89a56745cba8c7296529d2fc39830	2026-09-24T15:01:54.5949977Z Sent 1073741824 of 3015661094 (35.6%), 341.4 MBs/sec
Rust	Post Run actions/cache@0057852bfaa89a56745cba8c7296529d2fc39830	2026-09-24T15:01:55.5949813Z Sent 1610612736 of 3015661094 (53.4%), 384.1 MBs/sec
Rust	Post Run actions/cache@0057852bfaa89a56745cba8c7296529d2fc39830	2026-09-24T15:01:56.5969171Z Sent 2080374784 of 3015661094 (69.0%), 396.7 MBs/sec
Rust	Post Run actions/cache@0057852bfaa89a56745cba8c7296529d2fc39830	2026-09-24T15:01:57.6016719Z Sent 2617245696 of 3015661094 (86.8%), 415.9 MBs/sec
Rust	Post Run actions/cache@0057852bfaa89a56745cba8c7296529d2fc39830	2026-09-24T15:01:58.5312182Z Sent 3015661094 of 3015661094 (100.0%), 414.7 MBs/sec
Rust	Post Run actions/cache@0057852bfaa89a56745cba8c7296529d2fc39830	2026-09-24T15:01:58.9576873Z Cache saved with key: Linux-X64-rust-eabaacf092aacfc00294c708d296c67e76b357b50a5d92e70037a68fa89eeb8a
Rust	Post Run actions/checkout@11d5960a326750d5838078e36cf38b85af677262	﻿2026-09-24T15:01:58.9774477Z Post job cleanup.
Rust	Post Run actions/checkout@11d5960a326750d5838078e36cf38b85af677262	2026-09-24T15:01:59.0489365Z [command]/usr/bin/git version
Rust	Post Run actions/checkout@11d5960a326750d5838078e36cf38b85af677262	2026-09-24T15:01:59.0526202Z git version 2.55.0
Rust	Post Run actions/checkout@11d5960a326750d5838078e36cf38b85af677262	2026-09-24T15:01:59.0558209Z Temporarily overriding HOME='/home/runner/work/_temp/7b1c732f-d123-447b-a588-7a21aa8a9ff3' before making global git config changes
Rust	Post Run actions/checkout@11d5960a326750d5838078e36cf38b85af677262	2026-09-24T15:01:59.0559178Z Adding repository directory to the temporary git global config as a safe directory
Rust	Post Run actions/checkout@11d5960a326750d5838078e36cf38b85af677262	2026-09-24T15:01:59.0562850Z [command]/usr/bin/git config --global --add safe.directory /home/runner/work/rx-solutions/rx-solutions
Rust	Post Run actions/checkout@11d5960a326750d5838078e36cf38b85af677262	2026-09-24T15:01:59.0594521Z [command]/usr/bin/git config --local --name-only --get-regexp core\.sshCommand
Rust	Post Run actions/checkout@11d5960a326750d5838078e36cf38b85af677262	2026-09-24T15:01:59.0625448Z [command]/usr/bin/git submodule foreach --recursive sh -c "git config --local --name-only --get-regexp 'core\.sshCommand' && git config --local --unset-all 'core.sshCommand' || :"
Rust	Post Run actions/checkout@11d5960a326750d5838078e36cf38b85af677262	2026-09-24T15:01:59.0833011Z [command]/usr/bin/git config --local --name-only --get-regexp http\.https\:\/\/github\.com\/\.extraheader
Rust	Post Run actions/checkout@11d5960a326750d5838078e36cf38b85af677262	2026-09-24T15:01:59.0864149Z [command]/usr/bin/git submodule foreach --recursive sh -c "git config --local --name-only --get-regexp 'http\.https\:\/\/github\.com\/\.extraheader' && git config --local --unset-all 'http.https://github.com/.extraheader' || :"
Rust	Post Run actions/checkout@11d5960a326750d5838078e36cf38b85af677262	2026-09-24T15:01:59.1081599Z [command]/usr/bin/git config --local --name-only --get-regexp ^includeIf\.gitdir:
Rust	Post Run actions/checkout@11d5960a326750d5838078e36cf38b85af677262	2026-09-24T15:01:59.1114137Z [command]/usr/bin/git submodule foreach --recursive git config --local --show-origin --name-only --get-regexp remote.origin.url
Rust	Complete job	﻿2026-09-24T15:01:59.1481064Z Cleaning up orphan processes
Rust	Complete job	2026-09-24T15:01:59.1830125Z ##[warning]Node.js 20 is deprecated. The following actions target Node.js 20 but are being forced to run on Node.js 24: actions/cache@0057852bfaa89a56745cba8c7296529d2fc39830, actions/checkout@11d5960a326750d5838078e36cf38b85af677262. For more information see: https://github.blog/changelog/2025-09-19-deprecation-of-node-20-on-github-actions-runners/
Operator app	Set up job	﻿2026-09-24T14:57:39.4583439Z Current runner version: '2.337.0'
Operator app	Set up job	2026-09-24T14:57:39.4625474Z ##[group]Runner Image Provisioner
Operator app	Set up job	2026-09-24T14:57:39.4627386Z Hosted Compute Agent
Operator app	Set up job	2026-09-24T14:57:39.4628557Z Version: 20260828.587
Operator app	Set up job	2026-09-24T14:57:39.4629683Z Commit: abac92662cab4cc7352de4f9f9d2e2419aad9c29
Operator app	Set up job	2026-09-24T14:57:39.4631117Z Build Date: 2026-08-28T16:44:25Z
Operator app	Set up job	2026-09-24T14:57:39.4632350Z Worker ID: {a718f503-585b-4f7d-a0bd-02e8541fc2c2}
Operator app	Set up job	2026-09-24T14:57:39.4633768Z Azure Region: eastus
Operator app	Set up job	2026-09-24T14:57:39.4634859Z ##[endgroup]
Operator app	Set up job	2026-09-24T14:57:39.4637699Z ##[group]Operating System
Operator app	Set up job	2026-09-24T14:57:39.4638808Z Ubuntu
Operator app	Set up job	2026-09-24T14:57:39.4639673Z 24.04.5
Operator app	Set up job	2026-09-24T14:57:39.4640586Z LTS
Operator app	Set up job	2026-09-24T14:57:39.4641486Z ##[endgroup]
Operator app	Set up job	2026-09-24T14:57:39.4642487Z ##[group]Runner Image
Operator app	Set up job	2026-09-24T14:57:39.4643555Z Image: ubuntu-24.04
Operator app	Set up job	2026-09-24T14:57:39.4644532Z Version: 20260920.314.1
Operator app	Set up job	2026-09-24T14:57:39.4646575Z Included Software: https://github.com/actions/runner-images/blob/ubuntu24/20260920.314/images/ubuntu/Ubuntu2404-Readme.md
Operator app	Set up job	2026-09-24T14:57:39.4650272Z Image Release: https://github.com/actions/runner-images/releases/tag/ubuntu24%2F20260920.314
Operator app	Set up job	2026-09-24T14:57:39.4651999Z ##[endgroup]
Operator app	Set up job	2026-09-24T14:57:39.4654151Z ##[group]GITHUB_TOKEN Permissions
Operator app	Set up job	2026-09-24T14:57:39.4657683Z Contents: read
Operator app	Set up job	2026-09-24T14:57:39.4658882Z Metadata: read
Operator app	Set up job	2026-09-24T14:57:39.4659858Z ##[endgroup]
Operator app	Set up job	2026-09-24T14:57:39.4663217Z Secret source: Actions
Operator app	Set up job	2026-09-24T14:57:39.4664861Z Cache mode: write
Operator app	Set up job	2026-09-24T14:57:39.4667150Z Prepare workflow directory
Operator app	Set up job	2026-09-24T14:57:39.5315346Z Prepare all required actions
Operator app	Set up job	2026-09-24T14:57:39.5394570Z Getting action download info
Operator app	Set up job	2026-09-24T14:57:39.7515840Z Download action repository 'actions/checkout@11d5960a326750d5838078e36cf38b85af677262' (SHA:11d5960a326750d5838078e36cf38b85af677262)
Operator app	Set up job	2026-09-24T14:57:39.8644773Z Download action repository 'actions/setup-node@49933ea5288caeca8642d1e84afbd3f7d6820020' (SHA:49933ea5288caeca8642d1e84afbd3f7d6820020)
Operator app	Set up job	2026-09-24T14:57:40.0653775Z Complete job name: Operator app
Operator app	Run actions/checkout@11d5960a326750d5838078e36cf38b85af677262	﻿2026-09-24T14:57:40.1502431Z ##[group]Run actions/checkout@11d5960a326750d5838078e36cf38b85af677262
Operator app	Run actions/checkout@11d5960a326750d5838078e36cf38b85af677262	2026-09-24T14:57:40.1503716Z with:
Operator app	Run actions/checkout@11d5960a326750d5838078e36cf38b85af677262	2026-09-24T14:57:40.1504198Z   persist-credentials: false
Operator app	Run actions/checkout@11d5960a326750d5838078e36cf38b85af677262	2026-09-24T14:57:40.1504740Z   repository: jack0682/rx-solutions
Operator app	Run actions/checkout@11d5960a326750d5838078e36cf38b85af677262	2026-09-24T14:57:40.1509135Z   token: ***
Operator app	Run actions/checkout@11d5960a326750d5838078e36cf38b85af677262	2026-09-24T14:57:40.1509576Z   ssh-strict: true
Operator app	Run actions/checkout@11d5960a326750d5838078e36cf38b85af677262	2026-09-24T14:57:40.1510018Z   ssh-user: git
Operator app	Run actions/checkout@11d5960a326750d5838078e36cf38b85af677262	2026-09-24T14:57:40.1510437Z   clean: true
Operator app	Run actions/checkout@11d5960a326750d5838078e36cf38b85af677262	2026-09-24T14:57:40.1510890Z   sparse-checkout-cone-mode: true
Operator app	Run actions/checkout@11d5960a326750d5838078e36cf38b85af677262	2026-09-24T14:57:40.1511423Z   fetch-depth: 1
Operator app	Run actions/checkout@11d5960a326750d5838078e36cf38b85af677262	2026-09-24T14:57:40.1511857Z   fetch-tags: false
Operator app	Run actions/checkout@11d5960a326750d5838078e36cf38b85af677262	2026-09-24T14:57:40.1512308Z   show-progress: true
Operator app	Run actions/checkout@11d5960a326750d5838078e36cf38b85af677262	2026-09-24T14:57:40.1512758Z   lfs: false
Operator app	Run actions/checkout@11d5960a326750d5838078e36cf38b85af677262	2026-09-24T14:57:40.1513165Z   submodules: false
Operator app	Run actions/checkout@11d5960a326750d5838078e36cf38b85af677262	2026-09-24T14:57:40.1513619Z   set-safe-directory: true
Operator app	Run actions/checkout@11d5960a326750d5838078e36cf38b85af677262	2026-09-24T14:57:40.1514129Z   allow-unsafe-pr-checkout: false
Operator app	Run actions/checkout@11d5960a326750d5838078e36cf38b85af677262	2026-09-24T14:57:40.1514945Z ##[endgroup]
Operator app	Run actions/checkout@11d5960a326750d5838078e36cf38b85af677262	2026-09-24T14:57:40.2611471Z Syncing repository: jack0682/rx-solutions
Operator app	Run actions/checkout@11d5960a326750d5838078e36cf38b85af677262	2026-09-24T14:57:40.2614684Z ##[group]Getting Git version info
Operator app	Run actions/checkout@11d5960a326750d5838078e36cf38b85af677262	2026-09-24T14:57:40.2615688Z Working directory is '/home/runner/work/rx-solutions/rx-solutions'
Operator app	Run actions/checkout@11d5960a326750d5838078e36cf38b85af677262	2026-09-24T14:57:40.2616828Z [command]/usr/bin/git version
Operator app	Run actions/checkout@11d5960a326750d5838078e36cf38b85af677262	2026-09-24T14:57:40.2730199Z git version 2.55.0
Operator app	Run actions/checkout@11d5960a326750d5838078e36cf38b85af677262	2026-09-24T14:57:40.2756654Z ##[endgroup]
Operator app	Run actions/checkout@11d5960a326750d5838078e36cf38b85af677262	2026-09-24T14:57:40.2775528Z Temporarily overriding HOME='/home/runner/work/_temp/7be21b7b-c304-4e25-9700-1a7fb8d5a483' before making global git config changes
Operator app	Run actions/checkout@11d5960a326750d5838078e36cf38b85af677262	2026-09-24T14:57:40.2779244Z Adding repository directory to the temporary git global config as a safe directory
Operator app	Run actions/checkout@11d5960a326750d5838078e36cf38b85af677262	2026-09-24T14:57:40.2782542Z [command]/usr/bin/git config --global --add safe.directory /home/runner/work/rx-solutions/rx-solutions
Operator app	Run actions/checkout@11d5960a326750d5838078e36cf38b85af677262	2026-09-24T14:57:40.2843791Z Deleting the contents of '/home/runner/work/rx-solutions/rx-solutions'
Operator app	Run actions/checkout@11d5960a326750d5838078e36cf38b85af677262	2026-09-24T14:57:40.2850517Z ##[group]Initializing the repository
Operator app	Run actions/checkout@11d5960a326750d5838078e36cf38b85af677262	2026-09-24T14:57:40.2856863Z [command]/usr/bin/git init /home/runner/work/rx-solutions/rx-solutions
Operator app	Run actions/checkout@11d5960a326750d5838078e36cf38b85af677262	2026-09-24T14:57:40.2988345Z hint: Using 'master' as the name for the initial branch. This default branch name
Operator app	Run actions/checkout@11d5960a326750d5838078e36cf38b85af677262	2026-09-24T14:57:40.2991011Z hint: will change to "main" in Git 3.0. To configure the initial branch name
Operator app	Run actions/checkout@11d5960a326750d5838078e36cf38b85af677262	2026-09-24T14:57:40.2992773Z hint: to use in all of your new repositories, which will suppress this warning,
Operator app	Run actions/checkout@11d5960a326750d5838078e36cf38b85af677262	2026-09-24T14:57:40.2994114Z hint: call:
Operator app	Run actions/checkout@11d5960a326750d5838078e36cf38b85af677262	2026-09-24T14:57:40.2994943Z hint:
Operator app	Run actions/checkout@11d5960a326750d5838078e36cf38b85af677262	2026-09-24T14:57:40.2996090Z hint: 	git config --global init.defaultBranch <name>
Operator app	Run actions/checkout@11d5960a326750d5838078e36cf38b85af677262	2026-09-24T14:57:40.2997600Z hint:
Operator app	Run actions/checkout@11d5960a326750d5838078e36cf38b85af677262	2026-09-24T14:57:40.2998681Z hint: Names commonly chosen instead of 'master' are 'main', 'trunk' and
Operator app	Run actions/checkout@11d5960a326750d5838078e36cf38b85af677262	2026-09-24T14:57:40.3000375Z hint: 'development'. The just-created branch can be renamed via this command:
Operator app	Run actions/checkout@11d5960a326750d5838078e36cf38b85af677262	2026-09-24T14:57:40.3002522Z hint:
Operator app	Run actions/checkout@11d5960a326750d5838078e36cf38b85af677262	2026-09-24T14:57:40.3003103Z hint: 	git branch -m <name>
Operator app	Run actions/checkout@11d5960a326750d5838078e36cf38b85af677262	2026-09-24T14:57:40.3003623Z hint:
Operator app	Run actions/checkout@11d5960a326750d5838078e36cf38b85af677262	2026-09-24T14:57:40.3004288Z hint: Disable this message with "git config set advice.defaultBranchName false"
Operator app	Run actions/checkout@11d5960a326750d5838078e36cf38b85af677262	2026-09-24T14:57:40.3005373Z Initialized empty Git repository in /home/runner/work/rx-solutions/rx-solutions/.git/
Operator app	Run actions/checkout@11d5960a326750d5838078e36cf38b85af677262	2026-09-24T14:57:40.3010086Z [command]/usr/bin/git remote add origin https://github.com/jack0682/rx-solutions
Operator app	Run actions/checkout@11d5960a326750d5838078e36cf38b85af677262	2026-09-24T14:57:40.3074763Z ##[endgroup]
Operator app	Run actions/checkout@11d5960a326750d5838078e36cf38b85af677262	2026-09-24T14:57:40.3080840Z ##[group]Disabling automatic garbage collection
Operator app	Run actions/checkout@11d5960a326750d5838078e36cf38b85af677262	2026-09-24T14:57:40.3082041Z [command]/usr/bin/git config --local gc.auto 0
Operator app	Run actions/checkout@11d5960a326750d5838078e36cf38b85af677262	2026-09-24T14:57:40.3116400Z ##[endgroup]
Operator app	Run actions/checkout@11d5960a326750d5838078e36cf38b85af677262	2026-09-24T14:57:40.3118257Z ##[group]Setting up auth
Operator app	Run actions/checkout@11d5960a326750d5838078e36cf38b85af677262	2026-09-24T14:57:40.3124253Z [command]/usr/bin/git config --local --name-only --get-regexp core\.sshCommand
Operator app	Run actions/checkout@11d5960a326750d5838078e36cf38b85af677262	2026-09-24T14:57:40.3163267Z [command]/usr/bin/git submodule foreach --recursive sh -c "git config --local --name-only --get-regexp 'core\.sshCommand' && git config --local --unset-all 'core.sshCommand' || :"
Operator app	Run actions/checkout@11d5960a326750d5838078e36cf38b85af677262	2026-09-24T14:57:40.3612796Z [command]/usr/bin/git config --local --name-only --get-regexp http\.https\:\/\/github\.com\/\.extraheader
Operator app	Run actions/checkout@11d5960a326750d5838078e36cf38b85af677262	2026-09-24T14:57:40.3652657Z [command]/usr/bin/git submodule foreach --recursive sh -c "git config --local --name-only --get-regexp 'http\.https\:\/\/github\.com\/\.extraheader' && git config --local --unset-all 'http.https://github.com/.extraheader' || :"
Operator app	Run actions/checkout@11d5960a326750d5838078e36cf38b85af677262	2026-09-24T14:57:40.3889462Z [command]/usr/bin/git config --local --name-only --get-regexp ^includeIf\.gitdir:
Operator app	Run actions/checkout@11d5960a326750d5838078e36cf38b85af677262	2026-09-24T14:57:40.3928707Z [command]/usr/bin/git submodule foreach --recursive git config --local --show-origin --name-only --get-regexp remote.origin.url
Operator app	Run actions/checkout@11d5960a326750d5838078e36cf38b85af677262	2026-09-24T14:57:40.4185868Z [command]/usr/bin/git config --local http.https://github.com/.extraheader AUTHORIZATION: basic ***
Operator app	Run actions/checkout@11d5960a326750d5838078e36cf38b85af677262	2026-09-24T14:57:40.4230990Z ##[endgroup]
Operator app	Run actions/checkout@11d5960a326750d5838078e36cf38b85af677262	2026-09-24T14:57:40.4232527Z ##[group]Fetching the repository
Operator app	Run actions/checkout@11d5960a326750d5838078e36cf38b85af677262	2026-09-24T14:57:40.4243040Z [command]/usr/bin/git -c protocol.version=2 fetch --no-tags --prune --no-recurse-submodules --depth=1 origin +abda6f8637ec17c3d35d91bfe0a6012f8129cea2:refs/remotes/pull/36/merge
Operator app	Run actions/checkout@11d5960a326750d5838078e36cf38b85af677262	2026-09-24T14:57:40.8728243Z From https://github.com/jack0682/rx-solutions
Operator app	Run actions/checkout@11d5960a326750d5838078e36cf38b85af677262	2026-09-24T14:57:40.8729944Z  * [new ref]         abda6f8637ec17c3d35d91bfe0a6012f8129cea2 -> pull/36/merge
Operator app	Run actions/checkout@11d5960a326750d5838078e36cf38b85af677262	2026-09-24T14:57:40.8739197Z ##[endgroup]
Operator app	Run actions/checkout@11d5960a326750d5838078e36cf38b85af677262	2026-09-24T14:57:40.8741782Z ##[group]Determining the checkout info
Operator app	Run actions/checkout@11d5960a326750d5838078e36cf38b85af677262	2026-09-24T14:57:40.8742841Z ##[endgroup]
Operator app	Run actions/checkout@11d5960a326750d5838078e36cf38b85af677262	2026-09-24T14:57:40.8746490Z [command]/usr/bin/git sparse-checkout disable
Operator app	Run actions/checkout@11d5960a326750d5838078e36cf38b85af677262	2026-09-24T14:57:40.8820628Z [command]/usr/bin/git config --local --unset-all extensions.worktreeConfig
Operator app	Run actions/checkout@11d5960a326750d5838078e36cf38b85af677262	2026-09-24T14:57:40.8899068Z ##[group]Checking out the ref
Operator app	Run actions/checkout@11d5960a326750d5838078e36cf38b85af677262	2026-09-24T14:57:40.8902174Z [command]/usr/bin/git checkout --progress --force refs/remotes/pull/36/merge
Operator app	Run actions/checkout@11d5960a326750d5838078e36cf38b85af677262	2026-09-24T14:57:40.9392081Z Note: switching to 'refs/remotes/pull/36/merge'.
Operator app	Run actions/checkout@11d5960a326750d5838078e36cf38b85af677262	2026-09-24T14:57:40.9393169Z 
Operator app	Run actions/checkout@11d5960a326750d5838078e36cf38b85af677262	2026-09-24T14:57:40.9393879Z You are in 'detached HEAD' state. You can look around, make experimental
Operator app	Run actions/checkout@11d5960a326750d5838078e36cf38b85af677262	2026-09-24T14:57:40.9395529Z changes and commit them, and you can discard any commits you make in this
Operator app	Run actions/checkout@11d5960a326750d5838078e36cf38b85af677262	2026-09-24T14:57:40.9397579Z state without impacting any branches by switching back to a branch.
Operator app	Run actions/checkout@11d5960a326750d5838078e36cf38b85af677262	2026-09-24T14:57:40.9398604Z 
Operator app	Run actions/checkout@11d5960a326750d5838078e36cf38b85af677262	2026-09-24T14:57:40.9399306Z If you want to create a new branch to retain commits you create, you may
Operator app	Run actions/checkout@11d5960a326750d5838078e36cf38b85af677262	2026-09-24T14:57:40.9400913Z do so (now or later) by using -c with the switch command. Example:
Operator app	Run actions/checkout@11d5960a326750d5838078e36cf38b85af677262	2026-09-24T14:57:40.9402568Z 
Operator app	Run actions/checkout@11d5960a326750d5838078e36cf38b85af677262	2026-09-24T14:57:40.9403114Z   git switch -c <new-branch-name>
Operator app	Run actions/checkout@11d5960a326750d5838078e36cf38b85af677262	2026-09-24T14:57:40.9403750Z 
Operator app	Run actions/checkout@11d5960a326750d5838078e36cf38b85af677262	2026-09-24T14:57:40.9404094Z Or undo this operation with:
Operator app	Run actions/checkout@11d5960a326750d5838078e36cf38b85af677262	2026-09-24T14:57:40.9404624Z 
Operator app	Run actions/checkout@11d5960a326750d5838078e36cf38b85af677262	2026-09-24T14:57:40.9404925Z   git switch -
Operator app	Run actions/checkout@11d5960a326750d5838078e36cf38b85af677262	2026-09-24T14:57:40.9405359Z 
Operator app	Run actions/checkout@11d5960a326750d5838078e36cf38b85af677262	2026-09-24T14:57:40.9406167Z Turn off this advice by setting config variable advice.detachedHead to false
Operator app	Run actions/checkout@11d5960a326750d5838078e36cf38b85af677262	2026-09-24T14:57:40.9407454Z 
Operator app	Run actions/checkout@11d5960a326750d5838078e36cf38b85af677262	2026-09-24T14:57:40.9408673Z HEAD is now at abda6f8 Merge 194b20976919726243bfec6388fb0219ebdecbc5 into 5a3e2a20a6a826dab135e817b96a0c264ad444f1
Operator app	Run actions/checkout@11d5960a326750d5838078e36cf38b85af677262	2026-09-24T14:57:40.9412307Z ##[endgroup]
Operator app	Run actions/checkout@11d5960a326750d5838078e36cf38b85af677262	2026-09-24T14:57:40.9453041Z [command]/usr/bin/git log -1 --format=%H
Operator app	Run actions/checkout@11d5960a326750d5838078e36cf38b85af677262	2026-09-24T14:57:40.9481443Z abda6f8637ec17c3d35d91bfe0a6012f8129cea2
Operator app	Run actions/checkout@11d5960a326750d5838078e36cf38b85af677262	2026-09-24T14:57:40.9491602Z ##[group]Removing auth
Operator app	Run actions/checkout@11d5960a326750d5838078e36cf38b85af677262	2026-09-24T14:57:40.9495298Z [command]/usr/bin/git config --local --name-only --get-regexp core\.sshCommand
Operator app	Run actions/checkout@11d5960a326750d5838078e36cf38b85af677262	2026-09-24T14:57:40.9533285Z [command]/usr/bin/git submodule foreach --recursive sh -c "git config --local --name-only --get-regexp 'core\.sshCommand' && git config --local --unset-all 'core.sshCommand' || :"
Operator app	Run actions/checkout@11d5960a326750d5838078e36cf38b85af677262	2026-09-24T14:57:40.9768986Z [command]/usr/bin/git config --local --name-only --get-regexp http\.https\:\/\/github\.com\/\.extraheader
Operator app	Run actions/checkout@11d5960a326750d5838078e36cf38b85af677262	2026-09-24T14:57:40.9798358Z http.https://github.com/.extraheader
Operator app	Run actions/checkout@11d5960a326750d5838078e36cf38b85af677262	2026-09-24T14:57:40.9806435Z [command]/usr/bin/git config --local --unset-all http.https://github.com/.extraheader
Operator app	Run actions/checkout@11d5960a326750d5838078e36cf38b85af677262	2026-09-24T14:57:40.9845394Z [command]/usr/bin/git submodule foreach --recursive sh -c "git config --local --name-only --get-regexp 'http\.https\:\/\/github\.com\/\.extraheader' && git config --local --unset-all 'http.https://github.com/.extraheader' || :"
Operator app	Run actions/checkout@11d5960a326750d5838078e36cf38b85af677262	2026-09-24T14:57:41.0080373Z [command]/usr/bin/git config --local --name-only --get-regexp ^includeIf\.gitdir:
Operator app	Run actions/checkout@11d5960a326750d5838078e36cf38b85af677262	2026-09-24T14:57:41.0116505Z [command]/usr/bin/git submodule foreach --recursive git config --local --show-origin --name-only --get-regexp remote.origin.url
Operator app	Run actions/checkout@11d5960a326750d5838078e36cf38b85af677262	2026-09-24T14:57:41.0355021Z ##[endgroup]
Operator app	Run actions/setup-node@49933ea5288caeca8642d1e84afbd3f7d6820020	﻿2026-09-24T14:57:41.0805087Z ##[group]Run actions/setup-node@49933ea5288caeca8642d1e84afbd3f7d6820020
Operator app	Run actions/setup-node@49933ea5288caeca8642d1e84afbd3f7d6820020	2026-09-24T14:57:41.0807143Z with:
Operator app	Run actions/setup-node@49933ea5288caeca8642d1e84afbd3f7d6820020	2026-09-24T14:57:41.0807964Z   node-version: 24
Operator app	Run actions/setup-node@49933ea5288caeca8642d1e84afbd3f7d6820020	2026-09-24T14:57:41.0808800Z   cache: npm
Operator app	Run actions/setup-node@49933ea5288caeca8642d1e84afbd3f7d6820020	2026-09-24T14:57:41.0809868Z   cache-dependency-path: apps/operator/package-lock.json
Operator app	Run actions/setup-node@49933ea5288caeca8642d1e84afbd3f7d6820020	2026-09-24T14:57:41.0811242Z   always-auth: false
Operator app	Run actions/setup-node@49933ea5288caeca8642d1e84afbd3f7d6820020	2026-09-24T14:57:41.0812135Z   check-latest: false
Operator app	Run actions/setup-node@49933ea5288caeca8642d1e84afbd3f7d6820020	2026-09-24T14:57:41.0822879Z   token: ***
Operator app	Run actions/setup-node@49933ea5288caeca8642d1e84afbd3f7d6820020	2026-09-24T14:57:41.0823703Z ##[endgroup]
Operator app	Run actions/setup-node@49933ea5288caeca8642d1e84afbd3f7d6820020	2026-09-24T14:57:41.2492228Z (node:2273) [DEP0040] DeprecationWarning: The `punycode` module is deprecated. Please use a userland alternative instead.
Operator app	Run actions/setup-node@49933ea5288caeca8642d1e84afbd3f7d6820020	2026-09-24T14:57:41.2495350Z (Use `node --trace-deprecation ...` to show where the warning was created)
Operator app	Run actions/setup-node@49933ea5288caeca8642d1e84afbd3f7d6820020	2026-09-24T14:57:41.2509026Z Found in cache @ /opt/hostedtoolcache/node/24.21.0/x64
Operator app	Run actions/setup-node@49933ea5288caeca8642d1e84afbd3f7d6820020	2026-09-24T14:57:41.2513320Z ##[group]Environment details
Operator app	Run actions/setup-node@49933ea5288caeca8642d1e84afbd3f7d6820020	2026-09-24T14:57:41.7470360Z node: v24.21.0
Operator app	Run actions/setup-node@49933ea5288caeca8642d1e84afbd3f7d6820020	2026-09-24T14:57:41.7471097Z npm: 11.19.0
Operator app	Run actions/setup-node@49933ea5288caeca8642d1e84afbd3f7d6820020	2026-09-24T14:57:41.7471411Z yarn: 1.22.22
Operator app	Run actions/setup-node@49933ea5288caeca8642d1e84afbd3f7d6820020	2026-09-24T14:57:41.7472208Z ##[endgroup]
Operator app	Run actions/setup-node@49933ea5288caeca8642d1e84afbd3f7d6820020	2026-09-24T14:57:41.7514397Z [command]/opt/hostedtoolcache/node/24.21.0/x64/bin/npm config get cache
Operator app	Run actions/setup-node@49933ea5288caeca8642d1e84afbd3f7d6820020	2026-09-24T14:57:41.8738446Z /home/runner/.npm
Operator app	Run actions/setup-node@49933ea5288caeca8642d1e84afbd3f7d6820020	2026-09-24T14:57:41.9570728Z Cache hit for: node-cache-Linux-x64-npm-f7049b356cd2537bb1cb7d4c983f6736b00e504a22a04a9bb724c41964922b7f
Operator app	Run actions/setup-node@49933ea5288caeca8642d1e84afbd3f7d6820020	2026-09-24T14:57:41.9687465Z (node:2273) [DEP0169] DeprecationWarning: `url.parse()` behavior is not standardized and prone to errors that have security implications. Use the WHATWG URL API instead. CVEs are not issued for `url.parse()` vulnerabilities.
Operator app	Run actions/setup-node@49933ea5288caeca8642d1e84afbd3f7d6820020	2026-09-24T14:57:42.3669252Z Received 48390980 of 48390980 (100.0%), 131.1 MBs/sec
Operator app	Run actions/setup-node@49933ea5288caeca8642d1e84afbd3f7d6820020	2026-09-24T14:57:42.3671007Z Cache Size: ~46 MB (48390980 B)
Operator app	Run actions/setup-node@49933ea5288caeca8642d1e84afbd3f7d6820020	2026-09-24T14:57:42.3702330Z [command]/usr/bin/tar -xf /home/runner/work/_temp/08f20b1d-ed1d-40fa-a82b-eb75d562ac19/cache.tzst -P -C /home/runner/work/rx-solutions/rx-solutions --use-compress-program unzstd
Operator app	Run actions/setup-node@49933ea5288caeca8642d1e84afbd3f7d6820020	2026-09-24T14:57:42.4610383Z Cache restored successfully
Operator app	Run actions/setup-node@49933ea5288caeca8642d1e84afbd3f7d6820020	2026-09-24T14:57:42.4636101Z Cache restored from key: node-cache-Linux-x64-npm-f7049b356cd2537bb1cb7d4c983f6736b00e504a22a04a9bb724c41964922b7f
Operator app	Run npm ci	﻿2026-09-24T14:57:42.4852327Z ##[group]Run npm ci
Operator app	Run npm ci	2026-09-24T14:57:42.4852789Z ^[[36;1mnpm ci^[[0m
Operator app	Run npm ci	2026-09-24T14:57:42.5149736Z shell: /usr/bin/bash -e {0}
Operator app	Run npm ci	2026-09-24T14:57:42.5150228Z ##[endgroup]
Operator app	Run npm ci	2026-09-24T14:57:44.6436290Z 
Operator app	Run npm ci	2026-09-24T14:57:44.6444751Z added 57 packages, and audited 58 packages in 2s
Operator app	Run npm ci	2026-09-24T14:57:44.6445428Z 
Operator app	Run npm ci	2026-09-24T14:57:44.6445730Z 20 packages are looking for funding
Operator app	Run npm ci	2026-09-24T14:57:44.6446137Z   run `npm fund` for details
Operator app	Run npm ci	2026-09-24T14:57:44.6450064Z 
Operator app	Run npm ci	2026-09-24T14:57:44.6450360Z found 0 vulnerabilities
Operator app	Run npm run format:check	﻿2026-09-24T14:57:44.6970549Z ##[group]Run npm run format:check
Operator app	Run npm run format:check	2026-09-24T14:57:44.6970943Z ^[[36;1mnpm run format:check^[[0m
Operator app	Run npm run format:check	2026-09-24T14:57:44.7039939Z shell: /usr/bin/bash -e {0}
Operator app	Run npm run format:check	2026-09-24T14:57:44.7040268Z ##[endgroup]
Operator app	Run npm run format:check	2026-09-24T14:57:44.8147818Z 
Operator app	Run npm run format:check	2026-09-24T14:57:44.8149093Z > @rx/operator@0.1.0 format:check
Operator app	Run npm run format:check	2026-09-24T14:57:44.8150476Z > prettier --check src index.html vite.config.ts tsconfig.json package.json .prettierrc.json
Operator app	Run npm run format:check	2026-09-24T14:57:44.8151317Z 
Operator app	Run npm run format:check	2026-09-24T14:57:44.9086751Z Checking formatting...
Operator app	Run npm run format:check	2026-09-24T14:57:46.6405193Z All matched files use Prettier code style!
Operator app	Run npm test	﻿2026-09-24T14:57:46.6816424Z ##[group]Run npm test
Operator app	Run npm test	2026-09-24T14:57:46.6816730Z ^[[36;1mnpm test^[[0m
Operator app	Run npm test	2026-09-24T14:57:46.6882157Z shell: /usr/bin/bash -e {0}
Operator app	Run npm test	2026-09-24T14:57:46.6882472Z ##[endgroup]
Operator app	Run npm test	2026-09-24T14:57:46.8128132Z 
Operator app	Run npm test	2026-09-24T14:57:46.8128945Z > @rx/operator@0.1.0 test
Operator app	Run npm test	2026-09-24T14:57:46.8129602Z > vitest run src
Operator app	Run npm test	2026-09-24T14:57:46.8129863Z 
Operator app	Run npm test	2026-09-24T14:57:47.1924738Z 
Operator app	Run npm test	2026-09-24T14:57:47.1930254Z ^[[1m^[[30m^[[46m RUN ^[[49m^[[39m^[[22m ^[[36mv4.1.11 ^[[39m^[[90m/home/runner/work/rx-solutions/rx-solutions/apps/operator^[[39m
Operator app	Run npm test	2026-09-24T14:57:47.1931731Z 
Operator app	Run npm test	2026-09-24T14:57:47.7023876Z  ^[[32m✓^[[39m src/device-review-schema.test.ts ^[[2m(^[[22m^[[2m5 tests^[[22m^[[2m)^[[22m^[[32m 21^[[2mms^[[22m^[[39m
Operator app	Run npm test	2026-09-24T14:57:47.7536826Z  ^[[32m✓^[[39m src/run-start-schema.test.ts ^[[2m(^[[22m^[[2m12 tests^[[22m^[[2m)^[[22m^[[32m 50^[[2mms^[[22m^[[39m
Operator app	Run npm test	2026-09-24T14:57:47.8234506Z  ^[[32m✓^[[39m src/host-recovery-schema.test.ts ^[[2m(^[[22m^[[2m11 tests^[[22m^[[2m)^[[22m^[[32m 69^[[2mms^[[22m^[[39m
Operator app	Run npm test	2026-09-24T14:57:48.0650473Z  ^[[32m✓^[[39m src/package-schema.test.ts ^[[2m(^[[22m^[[2m4 tests^[[22m^[[2m)^[[22m^[[32m 13^[[2mms^[[22m^[[39m
Operator app	Run npm test	2026-09-24T14:57:48.1175329Z  ^[[32m✓^[[39m src/pending.test.ts ^[[2m(^[[22m^[[2m3 tests^[[22m^[[2m)^[[22m^[[32m 14^[[2mms^[[22m^[[39m
Operator app	Run npm test	2026-09-24T14:57:48.1403938Z  ^[[32m✓^[[39m src/device-catalog.test.ts ^[[2m(^[[22m^[[2m3 tests^[[22m^[[2m)^[[22m^[[32m 14^[[2mms^[[22m^[[39m
Operator app	Run npm test	2026-09-24T14:57:48.2934796Z  ^[[32m✓^[[39m src/service-health.test.ts ^[[2m(^[[22m^[[2m2 tests^[[22m^[[2m)^[[22m^[[32m 4^[[2mms^[[22m^[[39m
Operator app	Run npm test	2026-09-24T14:57:48.4003897Z  ^[[32m✓^[[39m src/process-preview.test.ts ^[[2m(^[[22m^[[2m3 tests^[[22m^[[2m)^[[22m^[[32m 8^[[2mms^[[22m^[[39m
Operator app	Run npm test	2026-09-24T14:57:48.4559206Z  ^[[32m✓^[[39m src/diagnostic-time.test.ts ^[[2m(^[[22m^[[2m3 tests^[[22m^[[2m)^[[22m^[[32m 12^[[2mms^[[22m^[[39m
Operator app	Run npm test	2026-09-24T14:57:48.5590540Z  ^[[32m✓^[[39m src/device-provenance.test.ts ^[[2m(^[[22m^[[2m2 tests^[[22m^[[2m)^[[22m^[[32m 8^[[2mms^[[22m^[[39m
Operator app	Run npm test	2026-09-24T14:57:48.6441818Z  ^[[32m✓^[[39m src/schema-runtime.test.ts ^[[2m(^[[22m^[[2m1 test^[[22m^[[2m)^[[22m^[[32m 76^[[2mms^[[22m^[[39m
Operator app	Run npm test	2026-09-24T14:57:48.6468213Z 
Operator app	Run npm test	2026-09-24T14:57:48.6469343Z ^[[2m Test Files ^[[22m ^[[1m^[[32m11 passed^[[39m^[[22m^[[90m (11)^[[39m
Operator app	Run npm test	2026-09-24T14:57:48.6470599Z ^[[2m      Tests ^[[22m ^[[1m^[[32m49 passed^[[39m^[[22m^[[90m (49)^[[39m
Operator app	Run npm test	2026-09-24T14:57:48.6471497Z ^[[2m   Start at ^[[22m 14:57:47
Operator app	Run npm test	2026-09-24T14:57:48.6472745Z ^[[2m   Duration ^[[22m 1.44s^[[2m (transform 457ms, setup 0ms, import 1.69s, tests 287ms, environment 2ms)^[[22m
Operator app	Run npm test	2026-09-24T14:57:48.6474476Z 
Operator app	Run npm run test:bundle	﻿2026-09-24T14:57:48.6781279Z ##[group]Run npm run test:bundle
Operator app	Run npm run test:bundle	2026-09-24T14:57:48.6781640Z ^[[36;1mnpm run test:bundle^[[0m
Operator app	Run npm run test:bundle	2026-09-24T14:57:48.6847654Z shell: /usr/bin/bash -e {0}
Operator app	Run npm run test:bundle	2026-09-24T14:57:48.6847946Z ##[endgroup]
Operator app	Run npm run test:bundle	2026-09-24T14:57:48.7937526Z 
Operator app	Run npm run test:bundle	2026-09-24T14:57:48.7938622Z > @rx/operator@0.1.0 test:bundle
Operator app	Run npm run test:bundle	2026-09-24T14:57:48.7939450Z > node --test tools/build-bundle.test.mjs
Operator app	Run npm run test:bundle	2026-09-24T14:57:48.7939886Z 
Operator app	Run npm run test:bundle	2026-09-24T14:57:48.9103551Z ✔ manifest is reproducible, ordered, exact-size and excludes itself (21.298091ms)
Operator app	Run npm run test:bundle	2026-09-24T14:57:48.9209213Z ✔ unlisted file types, reserved names and symlinks cannot enter a bundle (9.692633ms)
Operator app	Run npm run test:bundle	2026-09-24T14:57:48.9299495Z ✔ missing entry point and oversized files fail instead of producing a partial manifest (12.155835ms)
Operator app	Run npm run test:bundle	2026-09-24T14:57:48.9417427Z ℹ tests 3
Operator app	Run npm run test:bundle	2026-09-24T14:57:48.9417985Z ℹ suites 0
Operator app	Run npm run test:bundle	2026-09-24T14:57:48.9418390Z ℹ pass 3
Operator app	Run npm run test:bundle	2026-09-24T14:57:48.9418780Z ℹ fail 0
Operator app	Run npm run test:bundle	2026-09-24T14:57:48.9420075Z ℹ cancelled 0
Operator app	Run npm run test:bundle	2026-09-24T14:57:48.9420507Z ℹ skipped 0
Operator app	Run npm run test:bundle	2026-09-24T14:57:48.9420904Z ℹ todo 0
Operator app	Run npm run test:bundle	2026-09-24T14:57:48.9421556Z ℹ duration_ms 110.702715
Operator app	Run npm run build	﻿2026-09-24T14:57:48.9658047Z ##[group]Run npm run build
Operator app	Run npm run build	2026-09-24T14:57:48.9658394Z ^[[36;1mnpm run build^[[0m
Operator app	Run npm run build	2026-09-24T14:57:48.9725276Z shell: /usr/bin/bash -e {0}
Operator app	Run npm run build	2026-09-24T14:57:48.9725635Z ##[endgroup]
Operator app	Run npm run build	2026-09-24T14:57:49.0814495Z 
Operator app	Run npm run build	2026-09-24T14:57:49.0815285Z > @rx/operator@0.1.0 build
Operator app	Run npm run build	2026-09-24T14:57:49.0815966Z > tsc --noEmit && vite build && node tools/build-bundle.mjs dist
Operator app	Run npm run build	2026-09-24T14:57:49.0816367Z 
Operator app	Run npm run build	2026-09-24T14:57:53.8442753Z ^[[36mvite v8.2.2 ^[[32mbuilding client environment for production...^[[36m^[[39m
Operator app	Run npm run build	2026-09-24T14:57:53.8559045Z transforming...
Operator app	Run npm run build	2026-09-24T14:57:54.0941039Z ✓ 140 modules transformed.
Operator app	Run npm run build	2026-09-24T14:57:54.1349321Z rendering chunks...
Operator app	Run npm run build	2026-09-24T14:57:54.2448951Z computing gzip size...
Operator app	Run npm run build	2026-09-24T14:57:54.2529941Z dist/index.html                                                     0.45 kB │ gzip:   0.29 kB
Operator app	Run npm run build	2026-09-24T14:57:54.2531630Z dist/assets/ibm-plex-sans-kr-latin-ext-500-normal-BYGwY8Sr.woff     1.51 kB
Operator app	Run npm run build	2026-09-24T14:57:54.2533188Z dist/assets/ibm-plex-sans-kr-latin-ext-400-normal-BdSmf8qi.woff     1.51 kB
Operator app	Run npm run build	2026-09-24T14:57:54.2534596Z dist/assets/ibm-plex-sans-kr-latin-ext-600-normal-BIoLTTrT.woff     1.52 kB
Operator app	Run npm run build	2026-09-24T14:57:54.2535940Z dist/assets/ibm-plex-sans-kr-95-500-normal-yg9AsfDC.woff            1.76 kB
Operator app	Run npm run build	2026-09-24T14:57:54.2537520Z dist/assets/ibm-plex-sans-kr-95-600-normal-DiDFTR9Q.woff            1.77 kB
Operator app	Run npm run build	2026-09-24T14:57:54.2538757Z dist/assets/ibm-plex-sans-kr-95-400-normal-BR6ElHWu.woff            1.78 kB
Operator app	Run npm run build	2026-09-24T14:57:54.2539949Z dist/assets/ibm-plex-sans-kr-95-400-normal-CXzGt2L1.woff2           2.44 kB
Operator app	Run npm run build	2026-09-24T14:57:54.2541127Z dist/assets/ibm-plex-sans-kr-95-500-normal-CwbOeWyD.woff2           2.44 kB
Operator app	Run npm run build	2026-09-24T14:57:54.2542325Z dist/assets/ibm-plex-sans-kr-latin-ext-400-normal-C-1ywfZu.woff2    2.50 kB
Operator app	Run npm run build	2026-09-24T14:57:54.2543510Z dist/assets/ibm-plex-sans-kr-95-600-normal-CzslQFpy.woff2           2.51 kB
Operator app	Run npm run build	2026-09-24T14:57:54.2544706Z dist/assets/ibm-plex-sans-kr-latin-ext-600-normal-CwjUnNuf.woff2    2.54 kB
Operator app	Run npm run build	2026-09-24T14:57:54.2545874Z dist/assets/ibm-plex-sans-kr-latin-ext-500-normal-C8K5qbyi.woff2    2.56 kB
Operator app	Run npm run build	2026-09-24T14:57:54.2547420Z dist/assets/ibm-plex-sans-kr-65-400-normal-BLI3xZEh.woff            2.93 kB
Operator app	Run npm run build	2026-09-24T14:57:54.2548872Z dist/assets/ibm-plex-sans-kr-65-500-normal-DeZUxdRN.woff            2.95 kB
Operator app	Run npm run build	2026-09-24T14:57:54.2550161Z dist/assets/ibm-plex-sans-kr-65-600-normal-DVDtx_Xg.woff            2.96 kB
Operator app	Run npm run build	2026-09-24T14:57:54.2551403Z dist/assets/ibm-plex-sans-kr-65-400-normal-DnzyhmoU.woff2           3.93 kB
Operator app	Run npm run build	2026-09-24T14:57:54.2552658Z dist/assets/ibm-plex-sans-kr-99-400-normal-DKb2WQ2R.woff            3.93 kB
Operator app	Run npm run build	2026-09-24T14:57:54.2553841Z dist/assets/ibm-plex-sans-kr-99-500-normal-HPdjitvo.woff            3.98 kB
Operator app	Run npm run build	2026-09-24T14:57:54.2555060Z dist/assets/ibm-plex-sans-kr-99-600-normal-C-L_eISe.woff            4.03 kB
Operator app	Run npm run build	2026-09-24T14:57:54.2556286Z dist/assets/ibm-plex-sans-kr-65-500-normal-nL2tz1fq.woff2           4.05 kB
Operator app	Run npm run build	2026-09-24T14:57:54.2557577Z dist/assets/ibm-plex-sans-kr-65-600-normal-CuB_ApqX.woff2           4.12 kB
Operator app	Run npm run build	2026-09-24T14:57:54.2558482Z dist/assets/ibm-plex-sans-kr-96-600-normal-E6j9XpvP.woff            4.29 kB
Operator app	Run npm run build	2026-09-24T14:57:54.2559270Z dist/assets/ibm-plex-sans-kr-96-400-normal-m9r3xH18.woff            4.35 kB
Operator app	Run npm run build	2026-09-24T14:57:54.2560013Z dist/assets/ibm-plex-sans-kr-96-500-normal-DOFBEi4W.woff            4.36 kB
Operator app	Run npm run build	2026-09-24T14:57:54.2560759Z dist/assets/ibm-plex-sans-kr-96-600-normal-qnNrW3Df.woff2           4.60 kB
Operator app	Run npm run build	2026-09-24T14:57:54.2561767Z dist/assets/ibm-plex-sans-kr-96-400-normal-DqxPcneT.woff2           4.71 kB
Operator app	Run npm run build	2026-09-24T14:57:54.2562495Z dist/assets/ibm-plex-sans-kr-96-500-normal-BTbACruS.woff2           4.85 kB
Operator app	Run npm run build	2026-09-24T14:57:54.2563214Z dist/assets/ibm-plex-sans-kr-93-400-normal-5J6UR9CM.woff2           4.98 kB
Operator app	Run npm run build	2026-09-24T14:57:54.2563934Z dist/assets/ibm-plex-sans-kr-93-500-normal-CYfF4l4d.woff2           5.00 kB
Operator app	Run npm run build	2026-09-24T14:57:54.2564689Z dist/assets/ibm-plex-sans-kr-99-400-normal-COuj214s.woff2           5.04 kB
Operator app	Run npm run build	2026-09-24T14:57:54.2565942Z dist/assets/ibm-plex-sans-kr-99-500-normal-Dz27KSuo.woff2           5.11 kB
Operator app	Run npm run build	2026-09-24T14:57:54.2567934Z dist/assets/ibm-plex-sans-kr-93-600-normal-C3ObUrek.woff2           5.11 kB
Operator app	Run npm run build	2026-09-24T14:57:54.2568747Z dist/assets/ibm-plex-sans-kr-93-500-normal-Cdd0aOxJ.woff            5.15 kB
Operator app	Run npm run build	2026-09-24T14:57:54.2569498Z dist/assets/ibm-plex-sans-kr-93-400-normal-Cdi-IBra.woff            5.16 kB
Operator app	Run npm run build	2026-09-24T14:57:54.2570230Z dist/assets/ibm-plex-sans-kr-99-600-normal-j_ccRvHi.woff2           5.18 kB
Operator app	Run npm run build	2026-09-24T14:57:54.2570979Z dist/assets/ibm-plex-sans-kr-93-600-normal-4KzAAJzD.woff            5.28 kB
Operator app	Run npm run build	2026-09-24T14:57:54.2571711Z dist/assets/ibm-plex-sans-kr-101-600-normal-DOUVV8ig.woff           5.77 kB
Operator app	Run npm run build	2026-09-24T14:57:54.2572927Z dist/assets/ibm-plex-sans-kr-101-500-normal-Dt55yHJE.woff           5.79 kB
Operator app	Run npm run build	2026-09-24T14:57:54.2574146Z dist/assets/ibm-plex-sans-kr-0-400-normal-COdVePwF.woff2            5.84 kB
Operator app	Run npm run build	2026-09-24T14:57:54.2574913Z dist/assets/ibm-plex-sans-kr-0-500-normal-ZOw-Oe4Z.woff2            5.87 kB
Operator app	Run npm run build	2026-09-24T14:57:54.2575650Z dist/assets/ibm-plex-sans-kr-101-400-normal-DQN8MKOE.woff           5.87 kB
Operator app	Run npm run build	2026-09-24T14:57:54.2576381Z dist/assets/ibm-plex-sans-kr-98-400-normal-D-_zohjb.woff            5.96 kB
Operator app	Run npm run build	2026-09-24T14:57:54.2577509Z dist/assets/ibm-plex-sans-kr-100-600-normal-ZYmKSXu1.woff           5.97 kB
Operator app	Run npm run build	2026-09-24T14:57:54.2578272Z dist/assets/ibm-plex-sans-kr-0-600-normal-DuzcAQdo.woff2            5.98 kB
Operator app	Run npm run build	2026-09-24T14:57:54.2578997Z dist/assets/ibm-plex-sans-kr-98-500-normal-CtGPk__x.woff            5.98 kB
Operator app	Run npm run build	2026-09-24T14:57:54.2579717Z dist/assets/ibm-plex-sans-kr-98-600-normal-CizO16Ew.woff            6.01 kB
Operator app	Run npm run build	2026-09-24T14:57:54.2580443Z dist/assets/ibm-plex-sans-kr-100-500-normal-CYmhs-uc.woff           6.02 kB
Operator app	Run npm run build	2026-09-24T14:57:54.2581180Z dist/assets/ibm-plex-sans-kr-98-400-normal-CyxDRXqs.woff2           6.04 kB
Operator app	Run npm run build	2026-09-24T14:57:54.2581924Z dist/assets/ibm-plex-sans-kr-100-400-normal-BQdwTqgb.woff           6.07 kB
Operator app	Run npm run build	2026-09-24T14:57:54.2582660Z dist/assets/ibm-plex-sans-kr-0-500-normal-aGZllF0U.woff             6.16 kB
Operator app	Run npm run build	2026-09-24T14:57:54.2583826Z dist/assets/ibm-plex-sans-kr-0-400-normal-DEF_oZFa.woff             6.16 kB
Operator app	Run npm run build	2026-09-24T14:57:54.2584870Z dist/assets/ibm-plex-sans-kr-98-500-normal-PEz79xhx.woff2           6.17 kB
Operator app	Run npm run build	2026-09-24T14:57:54.2585654Z dist/assets/ibm-plex-sans-kr-0-600-normal-DLXpb0hq.woff             6.21 kB
Operator app	Run npm run build	2026-09-24T14:57:54.2586384Z dist/assets/ibm-plex-sans-kr-98-600-normal-D-SBD5Hk.woff2           6.22 kB
Operator app	Run npm run build	2026-09-24T14:57:54.2587446Z dist/assets/ibm-plex-sans-kr-97-400-normal-DOlHHts_.woff2           6.48 kB
Operator app	Run npm run build	2026-09-24T14:57:54.2588181Z dist/assets/ibm-plex-sans-kr-97-500-normal-C_F2h3q_.woff2           6.53 kB
Operator app	Run npm run build	2026-09-24T14:57:54.2589049Z dist/assets/ibm-plex-sans-kr-97-600-normal-CHxkMEAU.woff2           6.55 kB
Operator app	Run npm run build	2026-09-24T14:57:54.2590314Z dist/assets/ibm-plex-sans-kr-102-600-normal-BIIL4Btv.woff           6.69 kB
Operator app	Run npm run build	2026-09-24T14:57:54.2591463Z dist/assets/ibm-plex-sans-kr-102-500-normal-CW45f5lP.woff           6.73 kB
Operator app	Run npm run build	2026-09-24T14:57:54.2592262Z dist/assets/ibm-plex-sans-kr-97-400-normal-TWLDWHgL.woff            6.75 kB
Operator app	Run npm run build	2026-09-24T14:57:54.2593360Z dist/assets/ibm-plex-sans-kr-97-500-normal-BAgq0JpV.woff            6.77 kB
Operator app	Run npm run build	2026-09-24T14:57:54.2594673Z dist/assets/ibm-plex-sans-kr-97-600-normal-CXVo40nf.woff            6.78 kB
Operator app	Run npm run build	2026-09-24T14:57:54.2595890Z dist/assets/ibm-plex-sans-kr-102-400-normal-DHfan8x-.woff           6.81 kB
Operator app	Run npm run build	2026-09-24T14:57:54.2596765Z dist/assets/ibm-plex-sans-kr-104-500-normal-DA4R5HED.woff           7.06 kB
Operator app	Run npm run build	2026-09-24T14:57:54.2598192Z dist/assets/ibm-plex-sans-kr-104-600-normal-DbfrFOKo.woff           7.08 kB
Operator app	Run npm run build	2026-09-24T14:57:54.2598943Z dist/assets/ibm-plex-sans-kr-104-400-normal-kn3L8mkz.woff           7.09 kB
Operator app	Run npm run build	2026-09-24T14:57:54.2599681Z dist/assets/ibm-plex-sans-kr-103-600-normal-BKXxr4Vf.woff           7.30 kB
Operator app	Run npm run build	2026-09-24T14:57:54.2600400Z dist/assets/ibm-plex-sans-kr-103-500-normal-W1XFNDU3.woff           7.34 kB
Operator app	Run npm run build	2026-09-24T14:57:54.2601112Z dist/assets/ibm-plex-sans-kr-103-400-normal-BQNnzD7b.woff           7.48 kB
Operator app	Run npm run build	2026-09-24T14:57:54.2602331Z dist/assets/ibm-plex-sans-kr-105-600-normal-DU6215sy.woff           8.09 kB
Operator app	Run npm run build	2026-09-24T14:57:54.2603856Z dist/assets/ibm-plex-sans-kr-105-500-normal-DU0dswGg.woff           8.13 kB
Operator app	Run npm run build	2026-09-24T14:57:54.2604848Z dist/assets/ibm-plex-sans-kr-105-400-normal-D20hKn8x.woff           8.14 kB
Operator app	Run npm run build	2026-09-24T14:57:54.2605839Z dist/assets/ibm-plex-sans-kr-101-400-normal-CwhtzdGH.woff2          8.45 kB
Operator app	Run npm run build	2026-09-24T14:57:54.2606861Z dist/assets/ibm-plex-sans-kr-118-500-normal-CDUCZo4L.woff           8.48 kB
Operator app	Run npm run build	2026-09-24T14:57:54.2608082Z dist/assets/ibm-plex-sans-kr-118-400-normal-BvkVX0xm.woff           8.49 kB
Operator app	Run npm run build	2026-09-24T14:57:54.2609258Z dist/assets/ibm-plex-sans-kr-117-500-normal-CZylu9y6.woff           8.60 kB
Operator app	Run npm run build	2026-09-24T14:57:54.2610007Z dist/assets/ibm-plex-sans-kr-118-600-normal-BKNr8HaE.woff           8.61 kB
Operator app	Run npm run build	2026-09-24T14:57:54.2610720Z dist/assets/ibm-plex-sans-kr-106-600-normal-CIkK4pwL.woff           8.63 kB
Operator app	Run npm run build	2026-09-24T14:57:54.2612145Z dist/assets/ibm-plex-sans-kr-117-600-normal-BUVowAmE.woff           8.64 kB
Operator app	Run npm run build	2026-09-24T14:57:54.2613326Z dist/assets/ibm-plex-sans-kr-94-400-normal-CsJn1kPf.woff2           8.66 kB
Operator app	Run npm run build	2026-09-24T14:57:54.2614086Z dist/assets/ibm-plex-sans-kr-117-400-normal-CAkrqKEd.woff           8.67 kB
Operator app	Run npm run build	2026-09-24T14:57:54.2614840Z dist/assets/ibm-plex-sans-kr-106-500-normal-B9LKd6uR.woff           8.69 kB
Operator app	Run npm run build	2026-09-24T14:57:54.2615586Z dist/assets/ibm-plex-sans-kr-94-500-normal-DAIKdeR_.woff2           8.80 kB
Operator app	Run npm run build	2026-09-24T14:57:54.2616330Z dist/assets/ibm-plex-sans-kr-106-400-normal-DRimGseV.woff           8.81 kB
Operator app	Run npm run build	2026-09-24T14:57:54.2617361Z dist/assets/ibm-plex-sans-kr-94-600-normal-BqkCATJS.woff2           8.83 kB
Operator app	Run npm run build	2026-09-24T14:57:54.2618104Z dist/assets/ibm-plex-sans-kr-100-400-normal-3DeNbFry.woff2          8.89 kB
Operator app	Run npm run build	2026-09-24T14:57:54.2618827Z dist/assets/ibm-plex-sans-kr-101-600-normal-Cf7HWvBM.woff2          8.94 kB
Operator app	Run npm run build	2026-09-24T14:57:54.2619553Z dist/assets/ibm-plex-sans-kr-101-500-normal-D3ziJXl9.woff2          9.04 kB
Operator app	Run npm run build	2026-09-24T14:57:54.2620266Z dist/assets/ibm-plex-sans-kr-112-600-normal-lS3UdozO.woff           9.43 kB
Operator app	Run npm run build	2026-09-24T14:57:54.2620980Z dist/assets/ibm-plex-sans-kr-112-500-normal-CfQwtfnO.woff           9.48 kB
Operator app	Run npm run build	2026-09-24T14:57:54.2621712Z dist/assets/ibm-plex-sans-kr-115-500-normal-iyItw9QE.woff           9.52 kB
Operator app	Run npm run build	2026-09-24T14:57:54.2622433Z dist/assets/ibm-plex-sans-kr-116-500-normal-CLkvTRzN.woff           9.57 kB
Operator app	Run npm run build	2026-09-24T14:57:54.2623157Z dist/assets/ibm-plex-sans-kr-112-400-normal-B8TcbMdb.woff           9.60 kB
Operator app	Run npm run build	2026-09-24T14:57:54.2623880Z dist/assets/ibm-plex-sans-kr-116-600-normal-2NuQXMn5.woff           9.61 kB
Operator app	Run npm run build	2026-09-24T14:57:54.2624596Z dist/assets/ibm-plex-sans-kr-94-400-normal-CLS33fqM.woff            9.62 kB
Operator app	Run npm run build	2026-09-24T14:57:54.2625325Z dist/assets/ibm-plex-sans-kr-115-600-normal-c6nUiZEv.woff           9.62 kB
Operator app	Run npm run build	2026-09-24T14:57:54.2626047Z dist/assets/ibm-plex-sans-kr-115-400-normal-CM7tVCiU.woff           9.63 kB
Operator app	Run npm run build	2026-09-24T14:57:54.2626759Z dist/assets/ibm-plex-sans-kr-100-600-normal-CcI0wmDd.woff2          9.64 kB
Operator app	Run npm run build	2026-09-24T14:57:54.2627756Z dist/assets/ibm-plex-sans-kr-116-400-normal-BCjvaIwI.woff           9.66 kB
Operator app	Run npm run build	2026-09-24T14:57:54.2628483Z dist/assets/ibm-plex-sans-kr-102-400-normal-BC0mCFX2.woff2          9.67 kB
Operator app	Run npm run build	2026-09-24T14:57:54.2629206Z dist/assets/ibm-plex-sans-kr-107-600-normal-IB6GFZTf.woff           9.67 kB
Operator app	Run npm run build	2026-09-24T14:57:54.2629918Z dist/assets/ibm-plex-sans-kr-108-600-normal-C5FnASlc.woff           9.67 kB
Operator app	Run npm run build	2026-09-24T14:57:54.2630633Z dist/assets/ibm-plex-sans-kr-94-500-normal-sf6j_mxe.woff            9.72 kB
Operator app	Run npm run build	2026-09-24T14:57:54.2631533Z dist/assets/ibm-plex-sans-kr-107-500-normal-B8C6z9mf.woff           9.75 kB
Operator app	Run npm run build	2026-09-24T14:57:54.2632241Z dist/assets/ibm-plex-sans-kr-94-600-normal-DGs8D_d9.woff            9.76 kB
Operator app	Run npm run build	2026-09-24T14:57:54.2632957Z dist/assets/ibm-plex-sans-kr-108-500-normal-CAKLebRT.woff           9.78 kB
Operator app	Run npm run build	2026-09-24T14:57:54.2633668Z dist/assets/ibm-plex-sans-kr-38-600-normal-Dln3mVPi.woff            9.80 kB
Operator app	Run npm run build	2026-09-24T14:57:54.2634381Z dist/assets/ibm-plex-sans-kr-108-400-normal-D7nsD7Wm.woff           9.81 kB
Operator app	Run npm run build	2026-09-24T14:57:54.2635103Z dist/assets/ibm-plex-sans-kr-113-600-normal-C_RUWM8I.woff           9.82 kB
Operator app	Run npm run build	2026-09-24T14:57:54.2635927Z dist/assets/ibm-plex-sans-kr-107-400-normal-9_m442uC.woff           9.82 kB
Operator app	Run npm run build	2026-09-24T14:57:54.2636684Z dist/assets/ibm-plex-sans-kr-114-500-normal-DwbHpjAF.woff           9.83 kB
Operator app	Run npm run build	2026-09-24T14:57:54.2637639Z dist/assets/ibm-plex-sans-kr-114-600-normal-BKj6RBZ7.woff           9.88 kB
Operator app	Run npm run build	2026-09-24T14:57:54.2638365Z dist/assets/ibm-plex-sans-kr-113-400-normal-DlThbTsi.woff           9.88 kB
Operator app	Run npm run build	2026-09-24T14:57:54.2639084Z dist/assets/ibm-plex-sans-kr-113-500-normal-DYUtiDlk.woff           9.88 kB
Operator app	Run npm run build	2026-09-24T14:57:54.2639807Z dist/assets/ibm-plex-sans-kr-38-500-normal-DPBjbA25.woff            9.89 kB
Operator app	Run npm run build	2026-09-24T14:57:54.2640524Z dist/assets/ibm-plex-sans-kr-38-400-normal-B4UIE9Zj.woff            9.93 kB
Operator app	Run npm run build	2026-09-24T14:57:54.2641240Z dist/assets/ibm-plex-sans-kr-110-500-normal-BNbXS7l_.woff           9.94 kB
Operator app	Run npm run build	2026-09-24T14:57:54.2641968Z dist/assets/ibm-plex-sans-kr-110-600-normal-ReaqIn5m.woff           9.95 kB
Operator app	Run npm run build	2026-09-24T14:57:54.2642681Z dist/assets/ibm-plex-sans-kr-114-400-normal-5bMSGSar.woff           9.97 kB
Operator app	Run npm run build	2026-09-24T14:57:54.2643395Z dist/assets/ibm-plex-sans-kr-100-500-normal-DRrgX_RY.woff2          9.99 kB
Operator app	Run npm run build	2026-09-24T14:57:54.2644122Z dist/assets/ibm-plex-sans-kr-111-500-normal-yMGVhWWr.woff          10.03 kB
Operator app	Run npm run build	2026-09-24T14:57:54.2644833Z dist/assets/ibm-plex-sans-kr-41-400-normal-Ce6_8B6O.woff           10.03 kB
Operator app	Run npm run build	2026-09-24T14:57:54.2645550Z dist/assets/ibm-plex-sans-kr-11-500-normal-BuJhjvIH.woff           10.04 kB
Operator app	Run npm run build	2026-09-24T14:57:54.2646267Z dist/assets/ibm-plex-sans-kr-110-400-normal-D259vsJ_.woff          10.04 kB
Operator app	Run npm run build	2026-09-24T14:57:54.2647174Z dist/assets/ibm-plex-sans-kr-111-600-normal-2DkYfPPb.woff          10.04 kB
Operator app	Run npm run build	2026-09-24T14:57:54.2647905Z dist/assets/ibm-plex-sans-kr-41-500-normal-DiLp_0kR.woff           10.05 kB
Operator app	Run npm run build	2026-09-24T14:57:54.2648628Z dist/assets/ibm-plex-sans-kr-109-600-normal-CG9-PeCF.woff          10.08 kB
Operator app	Run npm run build	2026-09-24T14:57:54.2649342Z dist/assets/ibm-plex-sans-kr-109-500-normal-BnWOOl51.woff          10.13 kB
Operator app	Run npm run build	2026-09-24T14:57:54.2650056Z dist/assets/ibm-plex-sans-kr-111-400-normal-BqppHOeA.woff          10.14 kB
Operator app	Run npm run build	2026-09-24T14:57:54.2650779Z dist/assets/ibm-plex-sans-kr-109-400-normal-Ch-uxywT.woff          10.19 kB
Operator app	Run npm run build	2026-09-24T14:57:54.2651488Z dist/assets/ibm-plex-sans-kr-11-400-normal-CN_UQa3U.woff           10.20 kB
Operator app	Run npm run build	2026-09-24T14:57:54.2652197Z dist/assets/ibm-plex-sans-kr-104-400-normal-BrHR60F5.woff2         10.20 kB
Operator app	Run npm run build	2026-09-24T14:57:54.2652918Z dist/assets/ibm-plex-sans-kr-102-500-normal-BmX3x0t4.woff2         10.27 kB
Operator app	Run npm run build	2026-09-24T14:57:54.2653631Z dist/assets/ibm-plex-sans-kr-41-600-normal-Df3Wep6L.woff           10.28 kB
Operator app	Run npm run build	2026-09-24T14:57:54.2654348Z dist/assets/ibm-plex-sans-kr-102-600-normal-CN8RaHGd.woff2         10.28 kB
Operator app	Run npm run build	2026-09-24T14:57:54.2655072Z dist/assets/ibm-plex-sans-kr-11-600-normal-BUarw7E5.woff           10.28 kB
Operator app	Run npm run build	2026-09-24T14:57:54.2655794Z dist/assets/ibm-plex-sans-kr-64-500-normal-CdK6D4vh.woff           10.50 kB
Operator app	Run npm run build	2026-09-24T14:57:54.2656525Z dist/assets/ibm-plex-sans-kr-38-400-normal-CLr3K58D.woff2          10.53 kB
Operator app	Run npm run build	2026-09-24T14:57:54.2657494Z dist/assets/ibm-plex-sans-kr-64-400-normal-DhttFBeF.woff           10.53 kB
Operator app	Run npm run build	2026-09-24T14:57:54.2658222Z dist/assets/ibm-plex-sans-kr-11-400-normal-DY57wkwV.woff2          10.54 kB
Operator app	Run npm run build	2026-09-24T14:57:54.2658936Z dist/assets/ibm-plex-sans-kr-2-600-normal-BBWiOGe2.woff            10.56 kB
Operator app	Run npm run build	2026-09-24T14:57:54.2659657Z dist/assets/ibm-plex-sans-kr-2-500-normal-CSqMQxgI.woff            10.65 kB
Operator app	Run npm run build	2026-09-24T14:57:54.2660511Z dist/assets/ibm-plex-sans-kr-8-600-normal-BJjl00Le.woff            10.66 kB
Operator app	Run npm run build	2026-09-24T14:57:54.2661218Z dist/assets/ibm-plex-sans-kr-8-500-normal-BSA0Y_vv.woff            10.71 kB
Operator app	Run npm run build	2026-09-24T14:57:54.2661931Z dist/assets/ibm-plex-sans-kr-103-400-normal-CYHfi_5o.woff2         10.72 kB
Operator app	Run npm run build	2026-09-24T14:57:54.2662640Z dist/assets/ibm-plex-sans-kr-2-400-normal-ZCEqhetZ.woff            10.73 kB
Operator app	Run npm run build	2026-09-24T14:57:54.2663358Z dist/assets/ibm-plex-sans-kr-41-400-normal-THO3jy3s.woff2          10.73 kB
Operator app	Run npm run build	2026-09-24T14:57:54.2664077Z dist/assets/ibm-plex-sans-kr-11-600-normal-Ds-mjTNk.woff2          10.74 kB
Operator app	Run npm run build	2026-09-24T14:57:54.2664905Z dist/assets/ibm-plex-sans-kr-38-600-normal-Uy8tuoQH.woff2          10.78 kB
Operator app	Run npm run build	2026-09-24T14:57:54.2665622Z dist/assets/ibm-plex-sans-kr-8-400-normal-BmMhoS32.woff2           10.80 kB
Operator app	Run npm run build	2026-09-24T14:57:54.2666342Z dist/assets/ibm-plex-sans-kr-64-400-normal-BoOvEFVR.woff2          10.86 kB
Operator app	Run npm run build	2026-09-24T14:57:54.2667266Z dist/assets/ibm-plex-sans-kr-8-400-normal-Ci0W5IWz.woff            10.86 kB
Operator app	Run npm run build	2026-09-24T14:57:54.2667998Z dist/assets/ibm-plex-sans-kr-11-500-normal-dR3lXot0.woff2          10.92 kB
Operator app	Run npm run build	2026-09-24T14:57:54.2668722Z dist/assets/ibm-plex-sans-kr-38-500-normal-KdQq52D1.woff2          10.92 kB
Operator app	Run npm run build	2026-09-24T14:57:54.2669436Z dist/assets/ibm-plex-sans-kr-8-600-normal-B0rxBWNc.woff2           10.93 kB
Operator app	Run npm run build	2026-09-24T14:57:54.2670168Z dist/assets/ibm-plex-sans-kr-44-400-normal-BPQ_BGOm.woff           10.96 kB
Operator app	Run npm run build	2026-09-24T14:57:54.2670889Z dist/assets/ibm-plex-sans-kr-44-500-normal-CKASaSWW.woff           11.00 kB
Operator app	Run npm run build	2026-09-24T14:57:54.2671604Z dist/assets/ibm-plex-sans-kr-64-600-normal-DnHS-nmP.woff           11.02 kB
Operator app	Run npm run build	2026-09-24T14:57:54.2672330Z dist/assets/ibm-plex-sans-kr-48-500-normal-BFJwbsKF.woff           11.03 kB
Operator app	Run npm run build	2026-09-24T14:57:54.2673049Z dist/assets/ibm-plex-sans-kr-61-400-normal-Ci1tC2DE.woff           11.08 kB
Operator app	Run npm run build	2026-09-24T14:57:54.2673756Z dist/assets/ibm-plex-sans-kr-44-400-normal-BvoXxhh-.woff2          11.13 kB
Operator app	Run npm run build	2026-09-24T14:57:54.2674472Z dist/assets/ibm-plex-sans-kr-48-400-normal-5VJWa5C8.woff           11.14 kB
Operator app	Run npm run build	2026-09-24T14:57:54.2675195Z dist/assets/ibm-plex-sans-kr-104-500-normal-DHbM5qs4.woff2         11.15 kB
Operator app	Run npm run build	2026-09-24T14:57:54.2675913Z dist/assets/ibm-plex-sans-kr-10-500-normal-4KY48fu0.woff           11.17 kB
Operator app	Run npm run build	2026-09-24T14:57:54.2676634Z dist/assets/ibm-plex-sans-kr-2-400-normal-CnxhIj-f.woff2           11.17 kB
Operator app	Run npm run build	2026-09-24T14:57:54.2677570Z dist/assets/ibm-plex-sans-kr-51-500-normal-kawlUwcv.woff           11.17 kB
Operator app	Run npm run build	2026-09-24T14:57:54.2678294Z dist/assets/ibm-plex-sans-kr-58-400-normal-i71EDyfV.woff2          11.17 kB
Operator app	Run npm run build	2026-09-24T14:57:54.2679009Z dist/assets/ibm-plex-sans-kr-51-600-normal-DCKOx3do.woff           11.18 kB
Operator app	Run npm run build	2026-09-24T14:57:54.2679726Z dist/assets/ibm-plex-sans-kr-48-600-normal-DAbbVYEi.woff           11.19 kB
Operator app	Run npm run build	2026-09-24T14:57:54.2680439Z dist/assets/ibm-plex-sans-kr-58-400-normal-DqIzdKrV.woff           11.20 kB
Operator app	Run npm run build	2026-09-24T14:57:54.2681149Z dist/assets/ibm-plex-sans-kr-104-600-normal-DHHBh9NH.woff2         11.24 kB
Operator app	Run npm run build	2026-09-24T14:57:54.2681868Z dist/assets/ibm-plex-sans-kr-58-500-normal-D5AnMdIq.woff           11.27 kB
Operator app	Run npm run build	2026-09-24T14:57:54.2682576Z dist/assets/ibm-plex-sans-kr-61-500-normal-BWi6Ha-w.woff           11.27 kB
Operator app	Run npm run build	2026-09-24T14:57:54.2683290Z dist/assets/ibm-plex-sans-kr-8-500-normal-UU4QCA8B.woff2           11.27 kB
Operator app	Run npm run build	2026-09-24T14:57:54.2684005Z dist/assets/ibm-plex-sans-kr-10-600-normal-DIq7Gv9V.woff           11.28 kB
Operator app	Run npm run build	2026-09-24T14:57:54.2684716Z dist/assets/ibm-plex-sans-kr-48-400-normal-CBCdCJJN.woff2          11.30 kB
Operator app	Run npm run build	2026-09-24T14:57:54.2685425Z dist/assets/ibm-plex-sans-kr-61-600-normal-BZxjTCO5.woff           11.30 kB
Operator app	Run npm run build	2026-09-24T14:57:54.2686143Z dist/assets/ibm-plex-sans-kr-10-400-normal-BOnpTeYv.woff2          11.31 kB
Operator app	Run npm run build	2026-09-24T14:57:54.2687057Z dist/assets/ibm-plex-sans-kr-44-600-normal-B1vhjtxY.woff           11.31 kB
Operator app	Run npm run build	2026-09-24T14:57:54.2687796Z dist/assets/ibm-plex-sans-kr-58-600-normal-Bpgq8MX2.woff           11.32 kB
Operator app	Run npm run build	2026-09-24T14:57:54.2688512Z dist/assets/ibm-plex-sans-kr-10-400-normal-CRn7_mZz.woff           11.33 kB
Operator app	Run npm run build	2026-09-24T14:57:54.2689393Z dist/assets/ibm-plex-sans-kr-51-400-normal-Nb_ATV55.woff           11.33 kB
Operator app	Run npm run build	2026-09-24T14:57:54.2690107Z dist/assets/ibm-plex-sans-kr-51-400-normal-CI8zKOiq.woff2          11.41 kB
Operator app	Run npm run build	2026-09-24T14:57:54.2690852Z dist/assets/ibm-plex-sans-kr-103-600-normal-8oNp3a_g.woff2         11.43 kB
Operator app	Run npm run build	2026-09-24T14:57:54.2691593Z dist/assets/ibm-plex-sans-kr-41-500-normal-CoKUeK1m.woff2          11.43 kB
Operator app	Run npm run build	2026-09-24T14:57:54.2692303Z dist/assets/ibm-plex-sans-kr-41-600-normal-Ck2K5Ulf.woff2          11.46 kB
Operator app	Run npm run build	2026-09-24T14:57:54.2693065Z dist/assets/ibm-plex-sans-kr-53-400-normal-uFBOSatZ.woff2          11.52 kB
Operator app	Run npm run build	2026-09-24T14:57:54.2693949Z dist/assets/ibm-plex-sans-kr-51-600-normal-D1q9iZG9.woff2          11.54 kB
Operator app	Run npm run build	2026-09-24T14:57:54.2694686Z dist/assets/ibm-plex-sans-kr-45-600-normal-D74kcLg1.woff           11.56 kB
Operator app	Run npm run build	2026-09-24T14:57:54.2695464Z dist/assets/ibm-plex-sans-kr-55-400-normal-DACpgdpL.woff           11.57 kB
Operator app	Run npm run build	2026-09-24T14:57:54.2696296Z dist/assets/ibm-plex-sans-kr-10-500-normal-ycH3xAAg.woff2          11.60 kB
Operator app	Run npm run build	2026-09-24T14:57:54.2697478Z dist/assets/ibm-plex-sans-kr-58-600-normal-Bqgrv0lo.woff2          11.60 kB
Operator app	Run npm run build	2026-09-24T14:57:54.2698317Z dist/assets/ibm-plex-sans-kr-103-500-normal-2RWRnHUp.woff2         11.62 kB
Operator app	Run npm run build	2026-09-24T14:57:54.2699096Z dist/assets/ibm-plex-sans-kr-45-400-normal-BN1x-JCl.woff           11.63 kB
Operator app	Run npm run build	2026-09-24T14:57:54.2699885Z dist/assets/ibm-plex-sans-kr-45-500-normal-CSR2L3Yg.woff           11.63 kB
Operator app	Run npm run build	2026-09-24T14:57:54.2700669Z dist/assets/ibm-plex-sans-kr-64-500-normal-CgK0jDrR.woff2          11.64 kB
Operator app	Run npm run build	2026-09-24T14:57:54.2701407Z dist/assets/ibm-plex-sans-kr-55-600-normal-CNKcN-Ig.woff           11.65 kB
Operator app	Run npm run build	2026-09-24T14:57:54.2702201Z dist/assets/ibm-plex-sans-kr-55-500-normal-Bk4ZO-Yx.woff           11.66 kB
Operator app	Run npm run build	2026-09-24T14:57:54.2702938Z dist/assets/ibm-plex-sans-kr-48-600-normal-QEQJ2vNg.woff2          11.68 kB
Operator app	Run npm run build	2026-09-24T14:57:54.2703708Z dist/assets/ibm-plex-sans-kr-119-400-normal-BVAYXEqw.woff          11.68 kB
Operator app	Run npm run build	2026-09-24T14:57:54.2704560Z dist/assets/ibm-plex-sans-kr-50-400-normal-wVEmJJbn.woff2          11.68 kB
Operator app	Run npm run build	2026-09-24T14:57:54.2705369Z dist/assets/ibm-plex-sans-kr-105-400-normal-BY6JiZG_.woff2         11.71 kB
Operator app	Run npm run build	2026-09-24T14:57:54.2706139Z dist/assets/ibm-plex-sans-kr-25-400-normal-CSCHltyB.woff           11.71 kB
Operator app	Run npm run build	2026-09-24T14:57:54.2707170Z dist/assets/ibm-plex-sans-kr-45-400-normal-DMKz6H_F.woff2          11.72 kB
Operator app	Run npm run build	2026-09-24T14:57:54.2707985Z dist/assets/ibm-plex-sans-kr-51-500-normal-B3Qlfb5-.woff2          11.72 kB
Operator app	Run npm run build	2026-09-24T14:57:54.2708762Z dist/assets/ibm-plex-sans-kr-44-500-normal-CnrBiW8T.woff2          11.75 kB
Operator app	Run npm run build	2026-09-24T14:57:54.2709571Z dist/assets/ibm-plex-sans-kr-2-500-normal-CCn-pwD2.woff2           11.75 kB
Operator app	Run npm run build	2026-09-24T14:57:54.2710358Z dist/assets/ibm-plex-sans-kr-61-400-normal-DnyFjM_B.woff2          11.76 kB
Operator app	Run npm run build	2026-09-24T14:57:54.2711134Z dist/assets/ibm-plex-sans-kr-25-500-normal-DAuTWcSe.woff           11.78 kB
Operator app	Run npm run build	2026-09-24T14:57:54.2711911Z dist/assets/ibm-plex-sans-kr-25-600-normal-ClJ2q6nT.woff           11.79 kB
Operator app	Run npm run build	2026-09-24T14:57:54.2712703Z dist/assets/ibm-plex-sans-kr-47-500-normal-BWfN8bqy.woff           11.79 kB
Operator app	Run npm run build	2026-09-24T14:57:54.2713482Z dist/assets/ibm-plex-sans-kr-53-600-normal-3e73VLox.woff2          11.81 kB
Operator app	Run npm run build	2026-09-24T14:57:54.2714262Z dist/assets/ibm-plex-sans-kr-18-400-normal-Bs1zlN0G.woff2          11.81 kB
Operator app	Run npm run build	2026-09-24T14:57:54.2715035Z dist/assets/ibm-plex-sans-kr-54-400-normal-DShvO3nx.woff           11.82 kB
Operator app	Run npm run build	2026-09-24T14:57:54.2715805Z dist/assets/ibm-plex-sans-kr-44-600-normal-B1scqjS5.woff2          11.82 kB
Operator app	Run npm run build	2026-09-24T14:57:54.2716583Z dist/assets/ibm-plex-sans-kr-54-600-normal-HSAnxCQg.woff           11.83 kB
Operator app	Run npm run build	2026-09-24T14:57:54.2717580Z dist/assets/ibm-plex-sans-kr-58-500-normal-BFNTZIBF.woff2          11.85 kB
Operator app	Run npm run build	2026-09-24T14:57:54.2718362Z dist/assets/ibm-plex-sans-kr-54-500-normal-DjX9ImWQ.woff           11.86 kB
Operator app	Run npm run build	2026-09-24T14:57:54.2719124Z dist/assets/ibm-plex-sans-kr-50-400-normal-DSyr09Pi.woff           11.86 kB
Operator app	Run npm run build	2026-09-24T14:57:54.2719978Z dist/assets/ibm-plex-sans-kr-48-500-normal-B2EKWItw.woff2          11.87 kB
Operator app	Run npm run build	2026-09-24T14:57:54.2721091Z dist/assets/ibm-plex-sans-kr-15-400-normal-CBiEIaz5.woff2          11.88 kB
Operator app	Run npm run build	2026-09-24T14:57:54.2722003Z dist/assets/ibm-plex-sans-kr-18-500-normal-CNuq5r-l.woff           11.88 kB
Operator app	Run npm run build	2026-09-24T14:57:54.2722778Z dist/assets/ibm-plex-sans-kr-47-600-normal-CxMB4f1K.woff           11.88 kB
Operator app	Run npm run build	2026-09-24T14:57:54.2723556Z dist/assets/ibm-plex-sans-kr-40-500-normal-BuazCxCP.woff           11.90 kB
Operator app	Run npm run build	2026-09-24T14:57:54.2724359Z dist/assets/ibm-plex-sans-kr-55-400-normal-BIBVbLNo.woff2          11.90 kB
Operator app	Run npm run build	2026-09-24T14:57:54.2725133Z dist/assets/ibm-plex-sans-kr-36-400-normal-BT6SwwtR.woff2          11.91 kB
Operator app	Run npm run build	2026-09-24T14:57:54.2726052Z dist/assets/ibm-plex-sans-kr-56-400-normal-D6a133Nk.woff           11.91 kB
Operator app	Run npm run build	2026-09-24T14:57:54.2726823Z dist/assets/ibm-plex-sans-kr-56-400-normal-E_0UP4jm.woff2          11.93 kB
Operator app	Run npm run build	2026-09-24T14:57:54.2727831Z dist/assets/ibm-plex-sans-kr-118-400-normal-CPvF_U24.woff2         11.93 kB
Operator app	Run npm run build	2026-09-24T14:57:54.2728610Z dist/assets/ibm-plex-sans-kr-6-400-normal-CTPxjOYB.woff2           11.93 kB
Operator app	Run npm run build	2026-09-24T14:57:54.2729394Z dist/assets/ibm-plex-sans-kr-47-400-normal-BHD-6hCF.woff           11.94 kB
Operator app	Run npm run build	2026-09-24T14:57:54.2730169Z dist/assets/ibm-plex-sans-kr-50-500-normal-Bxw81ACJ.woff           11.97 kB
Operator app	Run npm run build	2026-09-24T14:57:54.2730923Z dist/assets/ibm-plex-sans-kr-53-500-normal-Cf9lqm0Z.woff           11.97 kB
Operator app	Run npm run build	2026-09-24T14:57:54.2731708Z dist/assets/ibm-plex-sans-kr-56-500-normal-BxiWtQ63.woff           11.98 kB
Operator app	Run npm run build	2026-09-24T14:57:54.2732501Z dist/assets/ibm-plex-sans-kr-53-400-normal-BPlmQmyN.woff           12.00 kB
Operator app	Run npm run build	2026-09-24T14:57:54.2733275Z dist/assets/ibm-plex-sans-kr-15-400-normal-D-mZ9inR.woff           12.00 kB
Operator app	Run npm run build	2026-09-24T14:57:54.2734066Z dist/assets/ibm-plex-sans-kr-18-600-normal-C0tjZHt0.woff           12.00 kB
Operator app	Run npm run build	2026-09-24T14:57:54.2734841Z dist/assets/ibm-plex-sans-kr-53-600-normal-CHFWjDbo.woff           12.00 kB
Operator app	Run npm run build	2026-09-24T14:57:54.2735610Z dist/assets/ibm-plex-sans-kr-6-400-normal-AY_mybA2.woff            12.02 kB
Operator app	Run npm run build	2026-09-24T14:57:54.2736405Z dist/assets/ibm-plex-sans-kr-40-600-normal-D79iYZbh.woff           12.02 kB
Operator app	Run npm run build	2026-09-24T14:57:54.2737417Z dist/assets/ibm-plex-sans-kr-64-600-normal-DdDi5wpQ.woff2          12.03 kB
Operator app	Run npm run build	2026-09-24T14:57:54.2738185Z dist/assets/ibm-plex-sans-kr-46-400-normal-K8yMYku4.woff           12.04 kB
Operator app	Run npm run build	2026-09-24T14:57:54.2738961Z dist/assets/ibm-plex-sans-kr-18-400-normal-BTtbRNyU.woff           12.04 kB
Operator app	Run npm run build	2026-09-24T14:57:54.2739744Z dist/assets/ibm-plex-sans-kr-50-600-normal-DwlyYo3O.woff           12.04 kB
Operator app	Run npm run build	2026-09-24T14:57:54.2740499Z dist/assets/ibm-plex-sans-kr-40-400-normal-BJCaISym.woff           12.05 kB
Operator app	Run npm run build	2026-09-24T14:57:54.2741269Z dist/assets/ibm-plex-sans-kr-46-600-normal-Yu7W5Ur_.woff           12.06 kB
Operator app	Run npm run build	2026-09-24T14:57:54.2742053Z dist/assets/ibm-plex-sans-kr-47-400-normal-DapCxPvn.woff2          12.06 kB
Operator app	Run npm run build	2026-09-24T14:57:54.2742866Z dist/assets/ibm-plex-sans-kr-6-600-normal-oGadQOpD.woff            12.06 kB
Operator app	Run npm run build	2026-09-24T14:57:54.2743661Z dist/assets/ibm-plex-sans-kr-46-500-normal-7ktFSJad.woff           12.07 kB
Operator app	Run npm run build	2026-09-24T14:57:54.2744448Z dist/assets/ibm-plex-sans-kr-15-600-normal-Dl-orC8M.woff           12.08 kB
Operator app	Run npm run build	2026-09-24T14:57:54.2745256Z dist/assets/ibm-plex-sans-kr-53-500-normal-CTkqgr8Q.woff2          12.08 kB
Operator app	Run npm run build	2026-09-24T14:57:54.2746091Z dist/assets/ibm-plex-sans-kr-2-600-normal-i3phtpOA.woff2           12.09 kB
Operator app	Run npm run build	2026-09-24T14:57:54.2746816Z dist/assets/ibm-plex-sans-kr-54-400-normal-B_JBM8HP.woff2          12.09 kB
Operator app	Run npm run build	2026-09-24T14:57:54.2747858Z dist/assets/ibm-plex-sans-kr-61-500-normal-BHfyY8C5.woff2          12.09 kB
Operator app	Run npm run build	2026-09-24T14:57:54.2748588Z dist/assets/ibm-plex-sans-kr-10-600-normal-BAjKvcG-.woff2          12.12 kB
Operator app	Run npm run build	2026-09-24T14:57:54.2749460Z dist/assets/ibm-plex-sans-kr-15-500-normal-BJiRyHxF.woff           12.13 kB
Operator app	Run npm run build	2026-09-24T14:57:54.2750747Z dist/assets/ibm-plex-sans-kr-50-600-normal-CNwgbPME.woff2          12.13 kB
Operator app	Run npm run build	2026-09-24T14:57:54.2751867Z dist/assets/ibm-plex-sans-kr-56-600-normal-hzikha37.woff           12.13 kB
Operator app	Run npm run build	2026-09-24T14:57:54.2752743Z dist/assets/ibm-plex-sans-kr-57-600-normal-BR6Du0PQ.woff           12.14 kB
Operator app	Run npm run build	2026-09-24T14:57:54.2753851Z dist/assets/ibm-plex-sans-kr-6-500-normal-Dke2b5Bz.woff            12.15 kB
Operator app	Run npm run build	2026-09-24T14:57:54.2754601Z dist/assets/ibm-plex-sans-kr-36-500-normal-B1iFWDLF.woff2          12.17 kB
Operator app	Run npm run build	2026-09-24T14:57:54.2755330Z dist/assets/ibm-plex-sans-kr-57-500-normal-BtBoxULz.woff           12.17 kB
Operator app	Run npm run build	2026-09-24T14:57:54.2756047Z dist/assets/ibm-plex-sans-kr-5-600-normal-vSSmYEgt.woff            12.18 kB
Operator app	Run npm run build	2026-09-24T14:57:54.2756760Z dist/assets/ibm-plex-sans-kr-52-500-normal-CBaFAE5p.woff           12.18 kB
Operator app	Run npm run build	2026-09-24T14:57:54.2757706Z dist/assets/ibm-plex-sans-kr-57-400-normal-CBQftTJt.woff           12.18 kB
Operator app	Run npm run build	2026-09-24T14:57:54.2759239Z dist/assets/ibm-plex-sans-kr-52-400-normal-DgbfUacv.woff           12.20 kB
Operator app	Run npm run build	2026-09-24T14:57:54.2760305Z dist/assets/ibm-plex-sans-kr-25-400-normal-C5hUXC4y.woff2          12.20 kB
Operator app	Run npm run build	2026-09-24T14:57:54.2761079Z dist/assets/ibm-plex-sans-kr-18-500-normal-BWeF5dyd.woff2          12.24 kB
Operator app	Run npm run build	2026-09-24T14:57:54.2761823Z dist/assets/ibm-plex-sans-kr-36-600-normal-kFFPHZH9.woff2          12.24 kB
Operator app	Run npm run build	2026-09-24T14:57:54.2762554Z dist/assets/ibm-plex-sans-kr-61-600-normal-ChG7s6jj.woff2          12.24 kB
Operator app	Run npm run build	2026-09-24T14:57:54.2763274Z dist/assets/ibm-plex-sans-kr-50-500-normal-B90Dmlwo.woff2          12.25 kB
Operator app	Run npm run build	2026-09-24T14:57:54.2763993Z dist/assets/ibm-plex-sans-kr-28-500-normal-BspvdxR3.woff           12.27 kB
Operator app	Run npm run build	2026-09-24T14:57:54.2764709Z dist/assets/ibm-plex-sans-kr-28-400-normal-DNnelfuN.woff           12.29 kB
Operator app	Run npm run build	2026-09-24T14:57:54.2765747Z dist/assets/ibm-plex-sans-kr-42-600-normal-BIw3yp_o.woff           12.29 kB
Operator app	Run npm run build	2026-09-24T14:57:54.2766523Z dist/assets/ibm-plex-sans-kr-43-500-normal-B_MM_0i3.woff           12.29 kB
Operator app	Run npm run build	2026-09-24T14:57:54.2768015Z dist/assets/ibm-plex-sans-kr-5-500-normal-L-1Rm88n.woff            12.30 kB
Operator app	Run npm run build	2026-09-24T14:57:54.2768795Z dist/assets/ibm-plex-sans-kr-42-500-normal-Y6rzavLQ.woff           12.30 kB
Operator app	Run npm run build	2026-09-24T14:57:54.2769530Z dist/assets/ibm-plex-sans-kr-52-600-normal-DpEHO2lx.woff           12.31 kB
Operator app	Run npm run build	2026-09-24T14:57:54.2770278Z dist/assets/ibm-plex-sans-kr-47-500-normal-CJrfuNV6.woff2          12.32 kB
Operator app	Run npm run build	2026-09-24T14:57:54.2771015Z dist/assets/ibm-plex-sans-kr-43-400-normal-rklqUmDh.woff           12.33 kB
Operator app	Run npm run build	2026-09-24T14:57:54.2771743Z dist/assets/ibm-plex-sans-kr-42-400-normal-mWRC9cE4.woff           12.36 kB
Operator app	Run npm run build	2026-09-24T14:57:54.2772466Z dist/assets/ibm-plex-sans-kr-43-600-normal-Dl6BB-Lj.woff           12.36 kB
Operator app	Run npm run build	2026-09-24T14:57:54.2773182Z dist/assets/ibm-plex-sans-kr-12-400-normal-AF35YmmH.woff2          12.37 kB
Operator app	Run npm run build	2026-09-24T14:57:54.2773893Z dist/assets/ibm-plex-sans-kr-37-400-normal-BiWBJPQ7.woff2          12.40 kB
Operator app	Run npm run build	2026-09-24T14:57:54.2774621Z dist/assets/ibm-plex-sans-kr-5-400-normal-BBWPbJ8R.woff2           12.40 kB
Operator app	Run npm run build	2026-09-24T14:57:54.2775347Z dist/assets/ibm-plex-sans-kr-5-400-normal-B1Nb7Dqt.woff            12.42 kB
Operator app	Run npm run build	2026-09-24T14:57:54.2776064Z dist/assets/ibm-plex-sans-kr-55-600-normal-ByArDHHI.woff2          12.42 kB
Operator app	Run npm run build	2026-09-24T14:57:54.2776855Z dist/assets/ibm-plex-sans-kr-56-600-normal-DScuu4Uu.woff2          12.42 kB
Operator app	Run npm run build	2026-09-24T14:57:54.2777832Z dist/assets/ibm-plex-sans-kr-31-600-normal-DWFfqfVJ.woff2          12.43 kB
Operator app	Run npm run build	2026-09-24T14:57:54.2778554Z dist/assets/ibm-plex-sans-kr-54-600-normal-CIir-_6C.woff2          12.43 kB
Operator app	Run npm run build	2026-09-24T14:57:54.2779280Z dist/assets/ibm-plex-sans-kr-63-500-normal-EwyND2AG.woff           12.43 kB
Operator app	Run npm run build	2026-09-24T14:57:54.2779994Z dist/assets/ibm-plex-sans-kr-35-600-normal-M066d6gr.woff           12.44 kB
Operator app	Run npm run build	2026-09-24T14:57:54.2780716Z dist/assets/ibm-plex-sans-kr-49-400-normal-BENNdZwd.woff2          12.44 kB
Operator app	Run npm run build	2026-09-24T14:57:54.2781441Z dist/assets/ibm-plex-sans-kr-46-400-normal-Z0YZvJMA.woff2          12.45 kB
Operator app	Run npm run build	2026-09-24T14:57:54.2782166Z dist/assets/ibm-plex-sans-kr-6-600-normal-CdfPYwdk.woff2           12.45 kB
Operator app	Run npm run build	2026-09-24T14:57:54.2782888Z dist/assets/ibm-plex-sans-kr-31-500-normal-nX_pe9VE.woff2          12.46 kB
Operator app	Run npm run build	2026-09-24T14:57:54.2783601Z dist/assets/ibm-plex-sans-kr-37-500-normal-B-MNJEe6.woff2          12.46 kB
Operator app	Run npm run build	2026-09-24T14:57:54.2784322Z dist/assets/ibm-plex-sans-kr-57-400-normal-F8LL-J5_.woff2          12.46 kB
Operator app	Run npm run build	2026-09-24T14:57:54.2785601Z dist/assets/ibm-plex-sans-kr-31-400-normal-DhPplA2S.woff2          12.48 kB
Operator app	Run npm run build	2026-09-24T14:57:54.2786364Z dist/assets/ibm-plex-sans-kr-7-400-normal-CDkAi-IU.woff2           12.48 kB
Operator app	Run npm run build	2026-09-24T14:57:54.2787393Z dist/assets/ibm-plex-sans-kr-47-600-normal-tmv6xC_z.woff2          12.48 kB
Operator app	Run npm run build	2026-09-24T14:57:54.2788141Z dist/assets/ibm-plex-sans-kr-6-500-normal-UElWVruj.woff2           12.48 kB
Operator app	Run npm run build	2026-09-24T14:57:54.2788875Z dist/assets/ibm-plex-sans-kr-34-400-normal-BFI-kcuc.woff           12.49 kB
Operator app	Run npm run build	2026-09-24T14:57:54.2789589Z dist/assets/ibm-plex-sans-kr-28-600-normal-BeDPvyp8.woff           12.51 kB
Operator app	Run npm run build	2026-09-24T14:57:54.2790577Z dist/assets/ibm-plex-sans-kr-9-500-normal-C6DRVnCw.woff            12.51 kB
Operator app	Run npm run build	2026-09-24T14:57:54.2791317Z dist/assets/ibm-plex-sans-kr-15-500-normal-BWepl2fS.woff2          12.52 kB
Operator app	Run npm run build	2026-09-24T14:57:54.2792035Z dist/assets/ibm-plex-sans-kr-37-600-normal-Cvgtdz7H.woff           12.52 kB
Operator app	Run npm run build	2026-09-24T14:57:54.2792759Z dist/assets/ibm-plex-sans-kr-45-600-normal-DNXvxDIf.woff2          12.52 kB
Operator app	Run npm run build	2026-09-24T14:57:54.2793486Z dist/assets/ibm-plex-sans-kr-9-400-normal-CeBwsqAD.woff            12.52 kB
Operator app	Run npm run build	2026-09-24T14:57:54.2794243Z dist/assets/ibm-plex-sans-kr-39-600-normal-DHmemGdc.woff           12.54 kB
Operator app	Run npm run build	2026-09-24T14:57:54.2794966Z dist/assets/ibm-plex-sans-kr-63-400-normal-Bi-DePsy.woff           12.54 kB
Operator app	Run npm run build	2026-09-24T14:57:54.2795689Z dist/assets/ibm-plex-sans-kr-9-600-normal-DWoOSbq5.woff            12.54 kB
Operator app	Run npm run build	2026-09-24T14:57:54.2796394Z dist/assets/ibm-plex-sans-kr-45-500-normal-uti_Zlfe.woff2          12.55 kB
Operator app	Run npm run build	2026-09-24T14:57:54.2797376Z dist/assets/ibm-plex-sans-kr-36-400-normal-Cd-eoA5H.woff           12.56 kB
Operator app	Run npm run build	2026-09-24T14:57:54.2798109Z dist/assets/ibm-plex-sans-kr-39-400-normal-WTG9_11D.woff           12.56 kB
Operator app	Run npm run build	2026-09-24T14:57:54.2798814Z dist/assets/ibm-plex-sans-kr-34-600-normal-Dkhx4lxu.woff           12.56 kB
Operator app	Run npm run build	2026-09-24T14:57:54.2799528Z dist/assets/ibm-plex-sans-kr-35-400-normal-D8XpW-jV.woff           12.56 kB
Operator app	Run npm run build	2026-09-24T14:57:54.2800255Z dist/assets/ibm-plex-sans-kr-49-400-normal-DrUErJVA.woff           12.56 kB
Operator app	Run npm run build	2026-09-24T14:57:54.2800967Z dist/assets/ibm-plex-sans-kr-63-600-normal-DXp5U46T.woff           12.56 kB
Operator app	Run npm run build	2026-09-24T14:57:54.2801679Z dist/assets/ibm-plex-sans-kr-35-400-normal-CHpiv9C7.woff2          12.57 kB
Operator app	Run npm run build	2026-09-24T14:57:54.2802407Z dist/assets/ibm-plex-sans-kr-37-400-normal-Bj7jp-Iz.woff           12.57 kB
Operator app	Run npm run build	2026-09-24T14:57:54.2803117Z dist/assets/ibm-plex-sans-kr-34-500-normal-CFjeJ1tN.woff           12.58 kB
Operator app	Run npm run build	2026-09-24T14:57:54.2803834Z dist/assets/ibm-plex-sans-kr-7-500-normal-DHoZsm8z.woff            12.58 kB
Operator app	Run npm run build	2026-09-24T14:57:54.2804555Z dist/assets/ibm-plex-sans-kr-56-500-normal-CpmKpo0e.woff2          12.58 kB
Operator app	Run npm run build	2026-09-24T14:57:54.2805276Z dist/assets/ibm-plex-sans-kr-23-400-normal-CUhld-kf.woff2          12.58 kB
Operator app	Run npm run build	2026-09-24T14:57:54.2805988Z dist/assets/ibm-plex-sans-kr-37-500-normal-B6-fjph3.woff           12.60 kB
Operator app	Run npm run build	2026-09-24T14:57:54.2806705Z dist/assets/ibm-plex-sans-kr-37-600-normal-CnPg-4RZ.woff2          12.60 kB
Operator app	Run npm run build	2026-09-24T14:57:54.2807682Z dist/assets/ibm-plex-sans-kr-28-400-normal-Bwghrgjh.woff2          12.62 kB
Operator app	Run npm run build	2026-09-24T14:57:54.2808406Z dist/assets/ibm-plex-sans-kr-106-400-normal-CKM4EqLH.woff2         12.62 kB
Operator app	Run npm run build	2026-09-24T14:57:54.2809130Z dist/assets/ibm-plex-sans-kr-35-500-normal-DxaJNFWV.woff           12.63 kB
Operator app	Run npm run build	2026-09-24T14:57:54.2809841Z dist/assets/ibm-plex-sans-kr-39-500-normal-C8uyz1B3.woff           12.63 kB
Operator app	Run npm run build	2026-09-24T14:57:54.2810674Z dist/assets/ibm-plex-sans-kr-12-500-normal-CRJzzWQI.woff2          12.64 kB
Operator app	Run npm run build	2026-09-24T14:57:54.2811817Z dist/assets/ibm-plex-sans-kr-18-600-normal-3CkcYQgr.woff2          12.64 kB
Operator app	Run npm run build	2026-09-24T14:57:54.2812669Z dist/assets/ibm-plex-sans-kr-52-400-normal-Dqrwgacb.woff2          12.64 kB
Operator app	Run npm run build	2026-09-24T14:57:54.2813449Z dist/assets/ibm-plex-sans-kr-54-500-normal-B5hzExpm.woff2          12.65 kB
Operator app	Run npm run build	2026-09-24T14:57:54.2814191Z dist/assets/ibm-plex-sans-kr-12-400-normal-J5xWG5gS.woff           12.65 kB
Operator app	Run npm run build	2026-09-24T14:57:54.2814918Z dist/assets/ibm-plex-sans-kr-12-500-normal-CZNo5Xam.woff           12.65 kB
Operator app	Run npm run build	2026-09-24T14:57:54.2815856Z dist/assets/ibm-plex-sans-kr-55-500-normal-Bd7gnpgG.woff2          12.66 kB
Operator app	Run npm run build	2026-09-24T14:57:54.2816607Z dist/assets/ibm-plex-sans-kr-49-600-normal-DHvPm2NF.woff           12.67 kB
Operator app	Run npm run build	2026-09-24T14:57:54.2817816Z dist/assets/ibm-plex-sans-kr-118-600-normal-SYUuQfwq.woff2         12.68 kB
Operator app	Run npm run build	2026-09-24T14:57:54.2818553Z dist/assets/ibm-plex-sans-kr-7-600-normal-CeGVp1rD.woff            12.69 kB
Operator app	Run npm run build	2026-09-24T14:57:54.2819281Z dist/assets/ibm-plex-sans-kr-12-600-normal-Cdi7mG90.woff           12.70 kB
Operator app	Run npm run build	2026-09-24T14:57:54.2819994Z dist/assets/ibm-plex-sans-kr-7-400-normal-VZ_YUdPy.woff            12.71 kB
Operator app	Run npm run build	2026-09-24T14:57:54.2820935Z dist/assets/ibm-plex-sans-kr-36-600-normal-DsGroCqE.woff           12.72 kB
Operator app	Run npm run build	2026-09-24T14:57:54.2821653Z dist/assets/ibm-plex-sans-kr-12-600-normal-Ba8rnT7_.woff2          12.72 kB
Operator app	Run npm run build	2026-09-24T14:57:54.2822365Z dist/assets/ibm-plex-sans-kr-7-600-normal-Dh7JSXz4.woff2           12.72 kB
Operator app	Run npm run build	2026-09-24T14:57:54.2823077Z dist/assets/ibm-plex-sans-kr-36-500-normal-brkbKZcZ.woff           12.74 kB
Operator app	Run npm run build	2026-09-24T14:57:54.2823808Z dist/assets/ibm-plex-sans-kr-15-600-normal-CAapLUyl.woff2          12.74 kB
Operator app	Run npm run build	2026-09-24T14:57:54.2824521Z dist/assets/ibm-plex-sans-kr-119-400-normal-CF0EWuft.woff2         12.75 kB
Operator app	Run npm run build	2026-09-24T14:57:54.2825240Z dist/assets/ibm-plex-sans-kr-31-400-normal-BnpH2dyr.woff           12.75 kB
Operator app	Run npm run build	2026-09-24T14:57:54.2825960Z dist/assets/ibm-plex-sans-kr-31-500-normal-BX-CPZrW.woff           12.75 kB
Operator app	Run npm run build	2026-09-24T14:57:54.2826678Z dist/assets/ibm-plex-sans-kr-118-500-normal-bGPKLk2B.woff2         12.76 kB
Operator app	Run npm run build	2026-09-24T14:57:54.2827686Z dist/assets/ibm-plex-sans-kr-43-400-normal-DofKP3XM.woff2          12.76 kB
Operator app	Run npm run build	2026-09-24T14:57:54.2828430Z dist/assets/ibm-plex-sans-kr-31-600-normal-BDIwmQD2.woff           12.76 kB
Operator app	Run npm run build	2026-09-24T14:57:54.2829173Z dist/assets/ibm-plex-sans-kr-25-600-normal-CpgWTSx7.woff2          12.77 kB
Operator app	Run npm run build	2026-09-24T14:57:54.2829907Z dist/assets/ibm-plex-sans-kr-49-500-normal-7q_oMxUd.woff           12.80 kB
Operator app	Run npm run build	2026-09-24T14:57:54.2830631Z dist/assets/ibm-plex-sans-kr-40-400-normal-DxlOKNb6.woff2          12.82 kB
Operator app	Run npm run build	2026-09-24T14:57:54.2831349Z dist/assets/ibm-plex-sans-kr-57-600-normal-CQ1redVd.woff2          12.82 kB
Operator app	Run npm run build	2026-09-24T14:57:54.2832073Z dist/assets/ibm-plex-sans-kr-14-400-normal-DPe2AXol.woff           12.83 kB
Operator app	Run npm run build	2026-09-24T14:57:54.2832796Z dist/assets/ibm-plex-sans-kr-35-600-normal-CD4ArYzM.woff2          12.87 kB
Operator app	Run npm run build	2026-09-24T14:57:54.2833521Z dist/assets/ibm-plex-sans-kr-52-600-normal-HtoGXJPD.woff2          12.90 kB
Operator app	Run npm run build	2026-09-24T14:57:54.2834234Z dist/assets/ibm-plex-sans-kr-5-600-normal-BV1Q-ya9.woff2           12.91 kB
Operator app	Run npm run build	2026-09-24T14:57:54.2834949Z dist/assets/ibm-plex-sans-kr-14-600-normal-BZRywIXe.woff           12.92 kB
Operator app	Run npm run build	2026-09-24T14:57:54.2835669Z dist/assets/ibm-plex-sans-kr-117-400-normal-Bqi1rgUh.woff2         12.92 kB
Operator app	Run npm run build	2026-09-24T14:57:54.2836422Z dist/assets/ibm-plex-sans-kr-34-400-normal-b_F-aCuz.woff2          12.93 kB
Operator app	Run npm run build	2026-09-24T14:57:54.2837371Z dist/assets/ibm-plex-sans-kr-57-500-normal-B4IoHQu1.woff2          12.98 kB
Operator app	Run npm run build	2026-09-24T14:57:54.2838103Z dist/assets/ibm-plex-sans-kr-5-500-normal-BAnyZ6Z-.woff2           13.01 kB
Operator app	Run npm run build	2026-09-24T14:57:54.2838811Z dist/assets/ibm-plex-sans-kr-35-500-normal-cydu_WKV.woff2          13.01 kB
Operator app	Run npm run build	2026-09-24T14:57:54.2839528Z dist/assets/ibm-plex-sans-kr-119-500-normal-Df4yrjnE.woff          13.02 kB
Operator app	Run npm run build	2026-09-24T14:57:54.2840244Z dist/assets/ibm-plex-sans-kr-13-400-normal-CpXdOOTc.woff2          13.02 kB
Operator app	Run npm run build	2026-09-24T14:57:54.2840951Z dist/assets/ibm-plex-sans-kr-23-500-normal-CCfThX_w.woff2          13.03 kB
Operator app	Run npm run build	2026-09-24T14:57:54.2841662Z dist/assets/ibm-plex-sans-kr-49-600-normal-B9kwAyIi.woff2          13.03 kB
Operator app	Run npm run build	2026-09-24T14:57:54.2842368Z dist/assets/ibm-plex-sans-kr-14-500-normal-Y4UlonKU.woff           13.04 kB
Operator app	Run npm run build	2026-09-24T14:57:54.2843082Z dist/assets/ibm-plex-sans-kr-7-500-normal-CoHWPa7p.woff2           13.04 kB
Operator app	Run npm run build	2026-09-24T14:57:54.2843801Z dist/assets/ibm-plex-sans-kr-59-600-normal-BuQf4YmM.woff           13.07 kB
Operator app	Run npm run build	2026-09-24T14:57:54.2844502Z dist/assets/ibm-plex-sans-kr-25-500-normal-Dx_nna5V.woff2          13.08 kB
Operator app	Run npm run build	2026-09-24T14:57:54.2845358Z dist/assets/ibm-plex-sans-kr-42-400-normal-Cgyyi6Mk.woff2          13.10 kB
Operator app	Run npm run build	2026-09-24T14:57:54.2846073Z dist/assets/ibm-plex-sans-kr-23-600-normal-CR-CWSvQ.woff2          13.11 kB
Operator app	Run npm run build	2026-09-24T14:57:54.2846786Z dist/assets/ibm-plex-sans-kr-52-500-normal-PI1BlAgy.woff2          13.12 kB
Operator app	Run npm run build	2026-09-24T14:57:54.2847786Z dist/assets/ibm-plex-sans-kr-105-500-normal-CwEuw_bU.woff2         13.14 kB
Operator app	Run npm run build	2026-09-24T14:57:54.2848533Z dist/assets/ibm-plex-sans-kr-105-600-normal-Bdo6QjXy.woff2         13.14 kB
Operator app	Run npm run build	2026-09-24T14:57:54.2849263Z dist/assets/ibm-plex-sans-kr-119-600-normal-CSej5QVJ.woff          13.14 kB
Operator app	Run npm run build	2026-09-24T14:57:54.2850134Z dist/assets/ibm-plex-sans-kr-14-400-normal-C-oyfrUa.woff2          13.15 kB
Operator app	Run npm run build	2026-09-24T14:57:54.2850861Z dist/assets/ibm-plex-sans-kr-13-400-normal-eM8eMXyQ.woff           13.16 kB
Operator app	Run npm run build	2026-09-24T14:57:54.2851576Z dist/assets/ibm-plex-sans-kr-43-600-normal-BPJjrS1c.woff2          13.16 kB
Operator app	Run npm run build	2026-09-24T14:57:54.2852296Z dist/assets/ibm-plex-sans-kr-23-400-normal-DTBYTMn7.woff           13.17 kB
Operator app	Run npm run build	2026-09-24T14:57:54.2853049Z dist/assets/ibm-plex-sans-kr-17-400-normal-BDhrvRnL.woff2          13.18 kB
Operator app	Run npm run build	2026-09-24T14:57:54.2853776Z dist/assets/ibm-plex-sans-kr-46-500-normal-DSzZPjD2.woff2          13.19 kB
Operator app	Run npm run build	2026-09-24T14:57:54.2854497Z dist/assets/ibm-plex-sans-kr-49-500-normal-BN2Nz7gV.woff2          13.19 kB
Operator app	Run npm run build	2026-09-24T14:57:54.2855211Z dist/assets/ibm-plex-sans-kr-40-500-normal-BCFCRCdk.woff2          13.22 kB
Operator app	Run npm run build	2026-09-24T14:57:54.2855928Z dist/assets/ibm-plex-sans-kr-63-400-normal-DbEg4X6i.woff2          13.24 kB
Operator app	Run npm run build	2026-09-24T14:57:54.2856643Z dist/assets/ibm-plex-sans-kr-23-500-normal-B9nBP66o.woff           13.26 kB
Operator app	Run npm run build	2026-09-24T14:57:54.2857753Z dist/assets/ibm-plex-sans-kr-40-600-normal-DyMFY3yG.woff2          13.28 kB
Operator app	Run npm run build	2026-09-24T14:57:54.2858499Z dist/assets/ibm-plex-sans-kr-28-500-normal-Kfg687Jz.woff2          13.29 kB
Operator app	Run npm run build	2026-09-24T14:57:54.2859219Z dist/assets/ibm-plex-sans-kr-62-400-normal-BIF8JT4K.woff2          13.30 kB
Operator app	Run npm run build	2026-09-24T14:57:54.2859935Z dist/assets/ibm-plex-sans-kr-28-600-normal-BBQsSgWd.woff2          13.30 kB
Operator app	Run npm run build	2026-09-24T14:57:54.2860660Z dist/assets/ibm-plex-sans-kr-42-600-normal-CgHlrSUg.woff2          13.30 kB
Operator app	Run npm run build	2026-09-24T14:57:54.2861378Z dist/assets/ibm-plex-sans-kr-13-500-normal-DNr72JYY.woff           13.32 kB
Operator app	Run npm run build	2026-09-24T14:57:54.2862089Z dist/assets/ibm-plex-sans-kr-23-600-normal-Cq5mpPr_.woff           13.32 kB
Operator app	Run npm run build	2026-09-24T14:57:54.2862805Z dist/assets/ibm-plex-sans-kr-59-500-normal-CyiP_8_L.woff           13.33 kB
Operator app	Run npm run build	2026-09-24T14:57:54.2863515Z dist/assets/ibm-plex-sans-kr-60-400-normal-CEDE9rS0.woff           13.34 kB
Operator app	Run npm run build	2026-09-24T14:57:54.2864228Z dist/assets/ibm-plex-sans-kr-59-400-normal-BHAiqXEM.woff2          13.36 kB
Operator app	Run npm run build	2026-09-24T14:57:54.2864959Z dist/assets/ibm-plex-sans-kr-62-400-normal-BMQQOADr.woff           13.38 kB
Operator app	Run npm run build	2026-09-24T14:57:54.2865677Z dist/assets/ibm-plex-sans-kr-59-400-normal-B-8F2Uet.woff           13.39 kB
Operator app	Run npm run build	2026-09-24T14:57:54.2866389Z dist/assets/ibm-plex-sans-kr-62-500-normal-DbYRmfJO.woff           13.39 kB
Operator app	Run npm run build	2026-09-24T14:57:54.2867476Z dist/assets/ibm-plex-sans-kr-9-400-normal-DJinq116.woff2           13.39 kB
Operator app	Run npm run build	2026-09-24T14:57:54.2868210Z dist/assets/ibm-plex-sans-kr-60-500-normal-Bs-OK-6m.woff           13.39 kB
Operator app	Run npm run build	2026-09-24T14:57:54.2868932Z dist/assets/ibm-plex-sans-kr-13-600-normal-DXBEl0OU.woff           13.40 kB
Operator app	Run npm run build	2026-09-24T14:57:54.2869814Z dist/assets/ibm-plex-sans-kr-17-500-normal-BI9iG84Y.woff           13.40 kB
Operator app	Run npm run build	2026-09-24T14:57:54.2870531Z dist/assets/ibm-plex-sans-kr-4-600-normal-BGAcZoa5.woff            13.41 kB
Operator app	Run npm run build	2026-09-24T14:57:54.2871384Z dist/assets/ibm-plex-sans-kr-43-500-normal-DYkscpdQ.woff2          13.45 kB
Operator app	Run npm run build	2026-09-24T14:57:54.2872163Z dist/assets/ibm-plex-sans-kr-62-600-normal-BwPZY4No.woff           13.45 kB
Operator app	Run npm run build	2026-09-24T14:57:54.2873167Z dist/assets/ibm-plex-sans-kr-17-400-normal-BOjgDpon.woff           13.46 kB
Operator app	Run npm run build	2026-09-24T14:57:54.2874083Z dist/assets/ibm-plex-sans-kr-60-400-normal-z5dDoQx9.woff2          13.50 kB
Operator app	Run npm run build	2026-09-24T14:57:54.2874878Z dist/assets/ibm-plex-sans-kr-60-600-normal-OLqttnKu.woff           13.57 kB
Operator app	Run npm run build	2026-09-24T14:57:54.2875883Z dist/assets/ibm-plex-sans-kr-34-500-normal-JswnezOz.woff2          13.58 kB
Operator app	Run npm run build	2026-09-24T14:57:54.2876728Z dist/assets/ibm-plex-sans-kr-59-500-normal-Ddlt4yS6.woff2          13.58 kB
Operator app	Run npm run build	2026-09-24T14:57:54.2877830Z dist/assets/ibm-plex-sans-kr-4-500-normal-CZSxnr6K.woff            13.59 kB
Operator app	Run npm run build	2026-09-24T14:57:54.2878726Z dist/assets/ibm-plex-sans-kr-59-600-normal-B-CGe3sL.woff2          13.60 kB
Operator app	Run npm run build	2026-09-24T14:57:54.2879467Z dist/assets/ibm-plex-sans-kr-34-600-normal-BwgNjnnm.woff2          13.62 kB
Operator app	Run npm run build	2026-09-24T14:57:54.2880371Z dist/assets/ibm-plex-sans-kr-4-400-normal-1GfpLFeR.woff            13.66 kB
Operator app	Run npm run build	2026-09-24T14:57:54.2881239Z dist/assets/ibm-plex-sans-kr-62-500-normal-lDNHneib.woff2          13.67 kB
Operator app	Run npm run build	2026-09-24T14:57:54.2882219Z dist/assets/ibm-plex-sans-kr-22-400-normal-3CnvMMD7.woff2          13.68 kB
Operator app	Run npm run build	2026-09-24T14:57:54.2883048Z dist/assets/ibm-plex-sans-kr-22-600-normal-bBSJai_o.woff           13.68 kB
Operator app	Run npm run build	2026-09-24T14:57:54.2883954Z dist/assets/ibm-plex-sans-kr-39-400-normal-BzR2eDWi.woff2          13.68 kB
Operator app	Run npm run build	2026-09-24T14:57:54.2884818Z dist/assets/ibm-plex-sans-kr-27-500-normal-CPgbZ_eJ.woff           13.72 kB
Operator app	Run npm run build	2026-09-24T14:57:54.2885589Z dist/assets/ibm-plex-sans-kr-17-600-normal-uD_8VqjX.woff           13.73 kB
Operator app	Run npm run build	2026-09-24T14:57:54.2886507Z dist/assets/ibm-plex-sans-kr-26-600-normal-bxA4bluv.woff           13.73 kB
Operator app	Run npm run build	2026-09-24T14:57:54.2887630Z dist/assets/ibm-plex-sans-kr-119-600-normal-CWNURXbv.woff2         13.74 kB
Operator app	Run npm run build	2026-09-24T14:57:54.2888552Z dist/assets/ibm-plex-sans-kr-14-600-normal-BEKBLOkr.woff2          13.76 kB
Operator app	Run npm run build	2026-09-24T14:57:54.2889319Z dist/assets/ibm-plex-sans-kr-106-600-normal-o84Tuavw.woff2         13.77 kB
Operator app	Run npm run build	2026-09-24T14:57:54.2890214Z dist/assets/ibm-plex-sans-kr-62-600-normal-CCy9m1Yi.woff2          13.77 kB
Operator app	Run npm run build	2026-09-24T14:57:54.2891117Z dist/assets/ibm-plex-sans-kr-13-500-normal-DVkNF81I.woff2          13.80 kB
Operator app	Run npm run build	2026-09-24T14:57:54.2891848Z dist/assets/ibm-plex-sans-kr-42-500-normal-DceQ0siJ.woff2          13.81 kB
Operator app	Run npm run build	2026-09-24T14:57:54.2892705Z dist/assets/ibm-plex-sans-kr-106-500-normal-waJW03NJ.woff2         13.81 kB
Operator app	Run npm run build	2026-09-24T14:57:54.2893607Z dist/assets/ibm-plex-sans-kr-17-500-normal-B5RrK24I.woff2          13.82 kB
Operator app	Run npm run build	2026-09-24T14:57:54.2894343Z dist/assets/ibm-plex-sans-kr-22-400-normal-TNl1bUeL.woff           13.82 kB
Operator app	Run npm run build	2026-09-24T14:57:54.2895209Z dist/assets/ibm-plex-sans-kr-119-500-normal-CJJ-meqF.woff2         13.82 kB
Operator app	Run npm run build	2026-09-24T14:57:54.2896122Z dist/assets/ibm-plex-sans-kr-22-600-normal-B4PQFGba.woff2          13.85 kB
Operator app	Run npm run build	2026-09-24T14:57:54.2897114Z dist/assets/ibm-plex-sans-kr-46-600-normal-CfEBl86K.woff2          13.86 kB
Operator app	Run npm run build	2026-09-24T14:57:54.2897875Z dist/assets/ibm-plex-sans-kr-16-400-normal-CKSk9toV.woff2          13.86 kB
Operator app	Run npm run build	2026-09-24T14:57:54.2898778Z dist/assets/ibm-plex-sans-kr-26-400-normal-BDNWBg-b.woff           13.86 kB
Operator app	Run npm run build	2026-09-24T14:57:54.2899642Z dist/assets/ibm-plex-sans-kr-63-500-normal-DnCEtrzT.woff2          13.88 kB
Operator app	Run npm run build	2026-09-24T14:57:54.2900373Z dist/assets/ibm-plex-sans-kr-22-500-normal-B4MFCOia.woff           13.90 kB
Operator app	Run npm run build	2026-09-24T14:57:54.2901243Z dist/assets/ibm-plex-sans-kr-27-600-normal-C07c5If1.woff           13.90 kB
Operator app	Run npm run build	2026-09-24T14:57:54.2902101Z dist/assets/ibm-plex-sans-kr-27-400-normal-Dy5-YEOY.woff           13.92 kB
Operator app	Run npm run build	2026-09-24T14:57:54.2902828Z dist/assets/ibm-plex-sans-kr-26-500-normal-BKPcd-dF.woff           13.93 kB
Operator app	Run npm run build	2026-09-24T14:57:54.2903741Z dist/assets/ibm-plex-sans-kr-latin-400-normal-7kwLL-e3.woff        13.94 kB
Operator app	Run npm run build	2026-09-24T14:57:54.2904649Z dist/assets/ibm-plex-sans-kr-63-600-normal-B_hznMYb.woff2          13.96 kB
Operator app	Run npm run build	2026-09-24T14:57:54.2905442Z dist/assets/ibm-plex-sans-kr-24-500-normal-Cv5QDDSV.woff           14.02 kB
Operator app	Run npm run build	2026-09-24T14:57:54.2906274Z dist/assets/ibm-plex-sans-kr-16-400-normal-DNGmaJIL.woff           14.06 kB
Operator app	Run npm run build	2026-09-24T14:57:54.2907404Z dist/assets/ibm-plex-sans-kr-112-400-normal-BJLUyYDo.woff2         14.07 kB
Operator app	Run npm run build	2026-09-24T14:57:54.2908314Z dist/assets/ibm-plex-sans-kr-60-500-normal-Dt1XTT7t.woff2          14.08 kB
Operator app	Run npm run build	2026-09-24T14:57:54.2909063Z dist/assets/ibm-plex-sans-kr-16-600-normal-DDZagcz1.woff           14.13 kB
Operator app	Run npm run build	2026-09-24T14:57:54.2910153Z dist/assets/ibm-plex-sans-kr-117-500-normal-B8S6P0qk.woff2         14.14 kB
Operator app	Run npm run build	2026-09-24T14:57:54.2911073Z dist/assets/ibm-plex-sans-kr-14-500-normal-C6PSB_z7.woff2          14.16 kB
Operator app	Run npm run build	2026-09-24T14:57:54.2911977Z dist/assets/ibm-plex-sans-kr-16-500-normal-CmCp5IpX.woff           14.17 kB
Operator app	Run npm run build	2026-09-24T14:57:54.2912731Z dist/assets/ibm-plex-sans-kr-117-600-normal-CVV1AoIy.woff2         14.18 kB
Operator app	Run npm run build	2026-09-24T14:57:54.2913603Z dist/assets/ibm-plex-sans-kr-24-400-normal-DDVUYQLq.woff           14.20 kB
Operator app	Run npm run build	2026-09-24T14:57:54.2914525Z dist/assets/ibm-plex-sans-kr-60-600-normal-Bl94dFYa.woff2          14.22 kB
Operator app	Run npm run build	2026-09-24T14:57:54.2915329Z dist/assets/ibm-plex-sans-kr-22-500-normal-9RYlHGVt.woff2          14.25 kB
Operator app	Run npm run build	2026-09-24T14:57:54.2916324Z dist/assets/ibm-plex-sans-kr-115-400-normal-6-qa9Uj4.woff2         14.26 kB
Operator app	Run npm run build	2026-09-24T14:57:54.2917356Z dist/assets/ibm-plex-sans-kr-39-600-normal-DxNgVy70.woff2          14.28 kB
Operator app	Run npm run build	2026-09-24T14:57:54.2918288Z dist/assets/ibm-plex-sans-kr-4-400-normal-BSOJFi3M.woff2           14.32 kB
Operator app	Run npm run build	2026-09-24T14:57:54.2919122Z dist/assets/ibm-plex-sans-kr-116-400-normal-CPQAppG5.woff2         14.34 kB
Operator app	Run npm run build	2026-09-24T14:57:54.2919954Z dist/assets/ibm-plex-sans-kr-13-600-normal-ON8tPSnT.woff2          14.35 kB
Operator app	Run npm run build	2026-09-24T14:57:54.2920851Z dist/assets/ibm-plex-sans-kr-33-500-normal-DrcDIvwW.woff           14.35 kB
Operator app	Run npm run build	2026-09-24T14:57:54.2921719Z dist/assets/ibm-plex-sans-kr-107-400-normal-DFBsPAhk.woff2         14.36 kB
Operator app	Run npm run build	2026-09-24T14:57:54.2922461Z dist/assets/ibm-plex-sans-kr-24-600-normal-DL0LF1av.woff           14.37 kB
Operator app	Run npm run build	2026-09-24T14:57:54.2923338Z dist/assets/ibm-plex-sans-kr-114-400-normal-Bpqw4_PX.woff2         14.38 kB
Operator app	Run npm run build	2026-09-24T14:57:54.2924215Z dist/assets/ibm-plex-sans-kr-39-500-normal-CeHGwbYp.woff2          14.40 kB
Operator app	Run npm run build	2026-09-24T14:57:54.2924957Z dist/assets/ibm-plex-sans-kr-33-400-normal-BEJcB5Pj.woff           14.40 kB
Operator app	Run npm run build	2026-09-24T14:57:54.2925823Z dist/assets/ibm-plex-sans-kr-21-400-normal-Cv3FeIij.woff2          14.42 kB
Operator app	Run npm run build	2026-09-24T14:57:54.2926704Z dist/assets/ibm-plex-sans-kr-108-400-normal-DbmD_Owd.woff2         14.42 kB
Operator app	Run npm run build	2026-09-24T14:57:54.2927664Z dist/assets/ibm-plex-sans-kr-33-600-normal-Dk43PWfK.woff           14.43 kB
Operator app	Run npm run build	2026-09-24T14:57:54.2928482Z dist/assets/ibm-plex-sans-kr-3-400-normal-01r-uCGK.woff            14.44 kB
Operator app	Run npm run build	2026-09-24T14:57:54.2929379Z dist/assets/ibm-plex-sans-kr-3-600-normal-OOnXi3dj.woff            14.46 kB
Operator app	Run npm run build	2026-09-24T14:57:54.2930277Z dist/assets/ibm-plex-sans-kr-3-500-normal-BF7AAfCm.woff            14.50 kB
Operator app	Run npm run build	2026-09-24T14:57:54.2931032Z dist/assets/ibm-plex-sans-kr-33-400-normal-DOnua0XC.woff2          14.50 kB
Operator app	Run npm run build	2026-09-24T14:57:54.2931923Z dist/assets/ibm-plex-sans-kr-24-400-normal-BCEQWDh5.woff2          14.51 kB
Operator app	Run npm run build	2026-09-24T14:57:54.2932803Z dist/assets/ibm-plex-sans-kr-21-600-normal-CJHvMuEH.woff2          14.52 kB
Operator app	Run npm run build	2026-09-24T14:57:54.2933538Z dist/assets/ibm-plex-sans-kr-109-400-normal-ChZ2CLi-.woff2         14.64 kB
Operator app	Run npm run build	2026-09-24T14:57:54.2934398Z dist/assets/ibm-plex-sans-kr-9-500-normal-C3WEWxiq.woff2           14.66 kB
Operator app	Run npm run build	2026-09-24T14:57:54.2935189Z dist/assets/ibm-plex-sans-kr-113-400-normal-CEDRAc_f.woff2         14.74 kB
Operator app	Run npm run build	2026-09-24T14:57:54.2936008Z dist/assets/ibm-plex-sans-kr-29-400-normal-gP3qcvie.woff2          14.76 kB
Operator app	Run npm run build	2026-09-24T14:57:54.2936770Z dist/assets/ibm-plex-sans-kr-29-600-normal-Dn9kzegM.woff2          14.76 kB
Operator app	Run npm run build	2026-09-24T14:57:54.2937786Z dist/assets/ibm-plex-sans-kr-21-500-normal-Bq99UyTU.woff2          14.80 kB
Operator app	Run npm run build	2026-09-24T14:57:54.2938528Z dist/assets/ibm-plex-sans-kr-19-600-normal-DcS6irVl.woff2          14.81 kB
Operator app	Run npm run build	2026-09-24T14:57:54.2939244Z dist/assets/ibm-plex-sans-kr-21-400-normal-Dml5TFym.woff           14.82 kB
Operator app	Run npm run build	2026-09-24T14:57:54.2939963Z dist/assets/ibm-plex-sans-kr-110-400-normal-DvUF8GMi.woff2         14.85 kB
Operator app	Run npm run build	2026-09-24T14:57:54.2940683Z dist/assets/ibm-plex-sans-kr-111-400-normal-DaCXFUcH.woff2         14.87 kB
Operator app	Run npm run build	2026-09-24T14:57:54.2941452Z dist/assets/ibm-plex-sans-kr-19-400-normal-CCVU2G9b.woff2          14.91 kB
Operator app	Run npm run build	2026-09-24T14:57:54.2942284Z dist/assets/ibm-plex-sans-kr-32-500-normal-BFr0uy16.woff           14.92 kB
Operator app	Run npm run build	2026-09-24T14:57:54.2943184Z dist/assets/ibm-plex-sans-kr-21-500-normal-DNGhvuIq.woff           14.93 kB
Operator app	Run npm run build	2026-09-24T14:57:54.2943903Z dist/assets/ibm-plex-sans-kr-32-400-normal-GRBsq_TQ.woff           14.95 kB
Operator app	Run npm run build	2026-09-24T14:57:54.2944619Z dist/assets/ibm-plex-sans-kr-29-600-normal-B0Nsm10J.woff           14.97 kB
Operator app	Run npm run build	2026-09-24T14:57:54.2945334Z dist/assets/ibm-plex-sans-kr-32-600-normal-qBGKeeZh.woff           14.99 kB
Operator app	Run npm run build	2026-09-24T14:57:54.2946051Z dist/assets/ibm-plex-sans-kr-32-400-normal-BkNndOiq.woff2          15.01 kB
Operator app	Run npm run build	2026-09-24T14:57:54.2946772Z dist/assets/ibm-plex-sans-kr-33-600-normal-_9rnVtrt.woff2          15.04 kB
Operator app	Run npm run build	2026-09-24T14:57:54.2947752Z dist/assets/ibm-plex-sans-kr-9-600-normal-DraA-1Zl.woff2           15.06 kB
Operator app	Run npm run build	2026-09-24T14:57:54.2948761Z dist/assets/ibm-plex-sans-kr-4-500-normal-DYhdxHR-.woff2           15.07 kB
Operator app	Run npm run build	2026-09-24T14:57:54.2949570Z dist/assets/ibm-plex-sans-kr-21-600-normal-ChXV0eBj.woff           15.10 kB
Operator app	Run npm run build	2026-09-24T14:57:54.2950292Z dist/assets/ibm-plex-sans-kr-29-500-normal-BsGS2LIm.woff2          15.10 kB
Operator app	Run npm run build	2026-09-24T14:57:54.2951025Z dist/assets/ibm-plex-sans-kr-latin-400-normal-Bc7vhvxM.woff2       15.11 kB
Operator app	Run npm run build	2026-09-24T14:57:54.2951748Z dist/assets/ibm-plex-sans-kr-30-500-normal-C_KfcsGa.woff2          15.12 kB
Operator app	Run npm run build	2026-09-24T14:57:54.2952465Z dist/assets/ibm-plex-sans-kr-29-400-normal-Dj7VksMf.woff           15.12 kB
Operator app	Run npm run build	2026-09-24T14:57:54.2953179Z dist/assets/ibm-plex-sans-kr-30-600-normal-CHYuKtvD.woff           15.16 kB
Operator app	Run npm run build	2026-09-24T14:57:54.2953907Z dist/assets/ibm-plex-sans-kr-4-600-normal-DP-OzMv8.woff2           15.16 kB
Operator app	Run npm run build	2026-09-24T14:57:54.2954628Z dist/assets/ibm-plex-sans-kr-30-400-normal-D9W6fT0U.woff2          15.18 kB
Operator app	Run npm run build	2026-09-24T14:57:54.2955347Z dist/assets/ibm-plex-sans-kr-26-400-normal-BnV7FV79.woff2          15.18 kB
Operator app	Run npm run build	2026-09-24T14:57:54.2956071Z dist/assets/ibm-plex-sans-kr-17-600-normal-BeTmwP_K.woff2          15.22 kB
Operator app	Run npm run build	2026-09-24T14:57:54.2956790Z dist/assets/ibm-plex-sans-kr-19-500-normal-lytT2cFM.woff2          15.24 kB
Operator app	Run npm run build	2026-09-24T14:57:54.2957648Z dist/assets/ibm-plex-sans-kr-16-500-normal-CDsqjPM5.woff2          15.24 kB
Operator app	Run npm run build	2026-09-24T14:57:54.2958380Z dist/assets/ibm-plex-sans-kr-30-500-normal-D4wCcu5D.woff           15.26 kB
Operator app	Run npm run build	2026-09-24T14:57:54.2959099Z dist/assets/ibm-plex-sans-kr-3-400-normal-MpgNCYqt.woff2           15.28 kB
Operator app	Run npm run build	2026-09-24T14:57:54.2959818Z dist/assets/ibm-plex-sans-kr-30-400-normal-4H84KBjL.woff           15.28 kB
Operator app	Run npm run build	2026-09-24T14:57:54.2960542Z dist/assets/ibm-plex-sans-kr-32-500-normal-xYF7ztoJ.woff2          15.30 kB
Operator app	Run npm run build	2026-09-24T14:57:54.2961265Z dist/assets/ibm-plex-sans-kr-115-500-normal-HzYFTBDK.woff2         15.31 kB
Operator app	Run npm run build	2026-09-24T14:57:54.2961977Z dist/assets/ibm-plex-sans-kr-24-500-normal-xY0ze7De.woff2          15.31 kB
Operator app	Run npm run build	2026-09-24T14:57:54.2962888Z dist/assets/ibm-plex-sans-kr-29-500-normal-DrYYhV-u.woff           15.34 kB
Operator app	Run npm run build	2026-09-24T14:57:54.2963614Z dist/assets/ibm-plex-sans-kr-32-600-normal-Dc31ixSD.woff2          15.34 kB
Operator app	Run npm run build	2026-09-24T14:57:54.2964330Z dist/assets/ibm-plex-sans-kr-33-500-normal-C9zC6FjO.woff2          15.34 kB
Operator app	Run npm run build	2026-09-24T14:57:54.2965058Z dist/assets/ibm-plex-sans-kr-27-400-normal-B5ZhKYLO.woff2          15.44 kB
Operator app	Run npm run build	2026-09-24T14:57:54.2965769Z dist/assets/ibm-plex-sans-kr-30-600-normal-DAX8ENIb.woff2          15.44 kB
Operator app	Run npm run build	2026-09-24T14:57:54.2966489Z dist/assets/ibm-plex-sans-kr-116-600-normal-pwYieqoq.woff2         15.45 kB
Operator app	Run npm run build	2026-09-24T14:57:54.2967348Z dist/assets/ibm-plex-sans-kr-24-600-normal-DyaIQrhK.woff2          15.50 kB
Operator app	Run npm run build	2026-09-24T14:57:54.2968070Z dist/assets/ibm-plex-sans-kr-112-500-normal-CZCyW_ny.woff2         15.56 kB
Operator app	Run npm run build	2026-09-24T14:57:54.2968789Z dist/assets/ibm-plex-sans-kr-latin-500-normal-DMi_vAK3.woff        15.58 kB
Operator app	Run npm run build	2026-09-24T14:57:54.2969520Z dist/assets/ibm-plex-sans-kr-20-400-normal-2BRpmgCV.woff2          15.66 kB
Operator app	Run npm run build	2026-09-24T14:57:54.2970248Z dist/assets/ibm-plex-sans-kr-116-500-normal-BARxh3Ni.woff2         15.67 kB
Operator app	Run npm run build	2026-09-24T14:57:54.2970966Z dist/assets/ibm-plex-sans-kr-108-600-normal-Cz9v4gjx.woff2         15.69 kB
Operator app	Run npm run build	2026-09-24T14:57:54.2971688Z dist/assets/ibm-plex-sans-kr-20-600-normal-CKeHRgKb.woff           15.69 kB
Operator app	Run npm run build	2026-09-24T14:57:54.2972555Z dist/assets/ibm-plex-sans-kr-19-600-normal-w0hsbhoe.woff           15.70 kB
Operator app	Run npm run build	2026-09-24T14:57:54.2973283Z dist/assets/ibm-plex-sans-kr-latin-600-normal-yks4z4wu.woff        15.72 kB
Operator app	Run npm run build	2026-09-24T14:57:54.2974023Z dist/assets/ibm-plex-sans-kr-108-500-normal-CdP8F2Jv.woff2         15.77 kB
Operator app	Run npm run build	2026-09-24T14:57:54.2974744Z dist/assets/ibm-plex-sans-kr-26-600-normal-BQpAkNz5.woff2          15.79 kB
Operator app	Run npm run build	2026-09-24T14:57:54.2975465Z dist/assets/ibm-plex-sans-kr-115-600-normal-CokKDsRY.woff2         15.81 kB
Operator app	Run npm run build	2026-09-24T14:57:54.2976191Z dist/assets/ibm-plex-sans-kr-19-400-normal-dcW_ilWW.woff           15.82 kB
Operator app	Run npm run build	2026-09-24T14:57:54.2977037Z dist/assets/ibm-plex-sans-kr-112-600-normal-nFX-cMXi.woff2         15.84 kB
Operator app	Run npm run build	2026-09-24T14:57:54.2977882Z dist/assets/ibm-plex-sans-kr-19-500-normal-33mABreN.woff           15.86 kB
Operator app	Run npm run build	2026-09-24T14:57:54.2978605Z dist/assets/ibm-plex-sans-kr-20-400-normal-B2cWSh78.woff           15.86 kB
Operator app	Run npm run build	2026-09-24T14:57:54.2979322Z dist/assets/ibm-plex-sans-kr-27-600-normal-C6bVD75P.woff2          15.92 kB
Operator app	Run npm run build	2026-09-24T14:57:54.2980036Z dist/assets/ibm-plex-sans-kr-20-500-normal-CrfFBvwl.woff           15.93 kB
Operator app	Run npm run build	2026-09-24T14:57:54.2980760Z dist/assets/ibm-plex-sans-kr-27-500-normal-Bqt-c90l.woff2          15.94 kB
Operator app	Run npm run build	2026-09-24T14:57:54.2981477Z dist/assets/ibm-plex-sans-kr-107-500-normal-CywikKdj.woff2         16.02 kB
Operator app	Run npm run build	2026-09-24T14:57:54.2982195Z dist/assets/ibm-plex-sans-kr-114-600-normal-CjRp-Iz4.woff2         16.05 kB
Operator app	Run npm run build	2026-09-24T14:57:54.2982920Z dist/assets/ibm-plex-sans-kr-107-600-normal-Bj6Oga3u.woff2         16.12 kB
Operator app	Run npm run build	2026-09-24T14:57:54.2983634Z dist/assets/ibm-plex-sans-kr-113-600-normal-Dhfyy0ky.woff2         16.14 kB
Operator app	Run npm run build	2026-09-24T14:57:54.2984356Z dist/assets/ibm-plex-sans-kr-20-600-normal-CXFU6tjk.woff2          16.15 kB
Operator app	Run npm run build	2026-09-24T14:57:54.2985080Z dist/assets/ibm-plex-sans-kr-110-600-normal-CisRgCMg.woff2         16.26 kB
Operator app	Run npm run build	2026-09-24T14:57:54.2985796Z dist/assets/ibm-plex-sans-kr-114-500-normal-D4nP60kj.woff2         16.28 kB
Operator app	Run npm run build	2026-09-24T14:57:54.2986525Z dist/assets/ibm-plex-sans-kr-latin-500-normal-2SdHzE3p.woff2       16.30 kB
Operator app	Run npm run build	2026-09-24T14:57:54.2987570Z dist/assets/ibm-plex-sans-kr-110-500-normal-HZkWM0xD.woff2         16.34 kB
Operator app	Run npm run build	2026-09-24T14:57:54.2988299Z dist/assets/ibm-plex-sans-kr-111-600-normal-DN6cN55_.woff2         16.34 kB
Operator app	Run npm run build	2026-09-24T14:57:54.2989203Z dist/assets/ibm-plex-sans-kr-109-600-normal-BkGpNJKI.woff2         16.39 kB
Operator app	Run npm run build	2026-09-24T14:57:54.2990107Z dist/assets/ibm-plex-sans-kr-113-500-normal-DJQiET6F.woff2         16.39 kB
Operator app	Run npm run build	2026-09-24T14:57:54.2990840Z dist/assets/ibm-plex-sans-kr-111-500-normal-B2z91AWP.woff2         16.51 kB
Operator app	Run npm run build	2026-09-24T14:57:54.2991554Z dist/assets/ibm-plex-sans-kr-20-500-normal-mnpVtiHU.woff2          16.53 kB
Operator app	Run npm run build	2026-09-24T14:57:54.2992287Z dist/assets/ibm-plex-sans-kr-26-500-normal-DXCDkot3.woff2          16.57 kB
Operator app	Run npm run build	2026-09-24T14:57:54.2993008Z dist/assets/ibm-plex-sans-kr-latin-600-normal-n-2PV5Ut.woff2       16.59 kB
Operator app	Run npm run build	2026-09-24T14:57:54.2993726Z dist/assets/ibm-plex-sans-kr-16-600-normal-DloGa7SL.woff2          16.62 kB
Operator app	Run npm run build	2026-09-24T14:57:54.2994448Z dist/assets/ibm-plex-sans-kr-109-500-normal-Dm0Ank3e.woff2         16.64 kB
Operator app	Run npm run build	2026-09-24T14:57:54.2995166Z dist/assets/ibm-plex-sans-kr-3-500-normal-C-bo63NS.woff2           17.16 kB
Operator app	Run npm run build	2026-09-24T14:57:54.2995885Z dist/assets/ibm-plex-sans-kr-3-600-normal-CuyoBBEp.woff2           17.65 kB
Operator app	Run npm run build	2026-09-24T14:57:54.2997056Z dist/assets/index-z7WyhjN_.css                                    188.28 kB │ gzip:  54.84 kB
Operator app	Run npm run build	2026-09-24T14:57:54.2997897Z dist/assets/index-WmV_6c6c.js                                     490.05 kB │ gzip: 140.21 kB
Operator app	Run npm run build	2026-09-24T14:57:54.2998289Z 
Operator app	Run npm run build	2026-09-24T14:57:54.2998489Z ^[[32m✓ built in 414ms^[[39m
Operator app	Run npm run build	2026-09-24T14:57:54.5257442Z {"manifest":"operator-bundle.json","sha256":"37ce55aa9f6bef0246c83237e18e6504c2ebf237aec8084800ed1ff79f269e40","files":567,"content_bytes":7287750}
Operator app	Post Run actions/setup-node@49933ea5288caeca8642d1e84afbd3f7d6820020	﻿2026-09-24T14:57:54.5484778Z Post job cleanup.
Operator app	Post Run actions/setup-node@49933ea5288caeca8642d1e84afbd3f7d6820020	2026-09-24T14:57:54.6776504Z (node:2559) [DEP0040] DeprecationWarning: The `punycode` module is deprecated. Please use a userland alternative instead.
Operator app	Post Run actions/setup-node@49933ea5288caeca8642d1e84afbd3f7d6820020	2026-09-24T14:57:54.6778372Z (Use `node --trace-deprecation ...` to show where the warning was created)
Operator app	Post Run actions/setup-node@49933ea5288caeca8642d1e84afbd3f7d6820020	2026-09-24T14:57:54.6781627Z Cache hit occurred on the primary key node-cache-Linux-x64-npm-f7049b356cd2537bb1cb7d4c983f6736b00e504a22a04a9bb724c41964922b7f, not saving cache.
Operator app	Post Run actions/checkout@11d5960a326750d5838078e36cf38b85af677262	﻿2026-09-24T14:57:54.6939649Z Post job cleanup.
Operator app	Post Run actions/checkout@11d5960a326750d5838078e36cf38b85af677262	2026-09-24T14:57:54.7827405Z [command]/usr/bin/git version
Operator app	Post Run actions/checkout@11d5960a326750d5838078e36cf38b85af677262	2026-09-24T14:57:54.7874825Z git version 2.55.0
Operator app	Post Run actions/checkout@11d5960a326750d5838078e36cf38b85af677262	2026-09-24T14:57:54.7916480Z Temporarily overriding HOME='/home/runner/work/_temp/cfed6e42-8dfa-44a3-8a25-ad877323e764' before making global git config changes
Operator app	Post Run actions/checkout@11d5960a326750d5838078e36cf38b85af677262	2026-09-24T14:57:54.7918225Z Adding repository directory to the temporary git global config as a safe directory
Operator app	Post Run actions/checkout@11d5960a326750d5838078e36cf38b85af677262	2026-09-24T14:57:54.7923471Z [command]/usr/bin/git config --global --add safe.directory /home/runner/work/rx-solutions/rx-solutions
Operator app	Post Run actions/checkout@11d5960a326750d5838078e36cf38b85af677262	2026-09-24T14:57:54.7964231Z [command]/usr/bin/git config --local --name-only --get-regexp core\.sshCommand
Operator app	Post Run actions/checkout@11d5960a326750d5838078e36cf38b85af677262	2026-09-24T14:57:54.8004290Z [command]/usr/bin/git submodule foreach --recursive sh -c "git config --local --name-only --get-regexp 'core\.sshCommand' && git config --local --unset-all 'core.sshCommand' || :"
Operator app	Post Run actions/checkout@11d5960a326750d5838078e36cf38b85af677262	2026-09-24T14:57:54.8263153Z [command]/usr/bin/git config --local --name-only --get-regexp http\.https\:\/\/github\.com\/\.extraheader
Operator app	Post Run actions/checkout@11d5960a326750d5838078e36cf38b85af677262	2026-09-24T14:57:54.8305053Z [command]/usr/bin/git submodule foreach --recursive sh -c "git config --local --name-only --get-regexp 'http\.https\:\/\/github\.com\/\.extraheader' && git config --local --unset-all 'http.https://github.com/.extraheader' || :"
Operator app	Post Run actions/checkout@11d5960a326750d5838078e36cf38b85af677262	2026-09-24T14:57:54.8576830Z [command]/usr/bin/git config --local --name-only --get-regexp ^includeIf\.gitdir:
Operator app	Post Run actions/checkout@11d5960a326750d5838078e36cf38b85af677262	2026-09-24T14:57:54.8619523Z [command]/usr/bin/git submodule foreach --recursive git config --local --show-origin --name-only --get-regexp remote.origin.url
Operator app	Complete job	﻿2026-09-24T14:57:54.9027350Z Cleaning up orphan processes
Operator app	Complete job	2026-09-24T14:57:54.9344677Z ##[warning]Node.js 20 is deprecated. The following actions target Node.js 20 but are being forced to run on Node.js 24: actions/checkout@11d5960a326750d5838078e36cf38b85af677262, actions/setup-node@49933ea5288caeca8642d1e84afbd3f7d6820020. For more information see: https://github.blog/changelog/2025-09-19-deprecation-of-node-20-on-github-actions-runners/
CI	Set up job	﻿2026-09-24T15:02:04.7338872Z Current runner version: '2.337.0'
CI	Set up job	2026-09-24T15:02:04.7375259Z ##[group]Runner Image Provisioner
CI	Set up job	2026-09-24T15:02:04.7376637Z Hosted Compute Agent
CI	Set up job	2026-09-24T15:02:04.7377709Z Version: 20260828.587
CI	Set up job	2026-09-24T15:02:04.7378815Z Commit: abac92662cab4cc7352de4f9f9d2e2419aad9c29
CI	Set up job	2026-09-24T15:02:04.7380044Z Build Date: 2026-08-28T16:44:25Z
CI	Set up job	2026-09-24T15:02:04.7381678Z Worker ID: {63bf389a-170e-4c41-af45-ce578e134414}
CI	Set up job	2026-09-24T15:02:04.7382870Z Azure Region: eastus
CI	Set up job	2026-09-24T15:02:04.7383860Z ##[endgroup]
CI	Set up job	2026-09-24T15:02:04.7386345Z ##[group]Operating System
CI	Set up job	2026-09-24T15:02:04.7387373Z Ubuntu
CI	Set up job	2026-09-24T15:02:04.7388361Z 24.04.5
CI	Set up job	2026-09-24T15:02:04.7389186Z LTS
CI	Set up job	2026-09-24T15:02:04.7390029Z ##[endgroup]
CI	Set up job	2026-09-24T15:02:04.7391337Z ##[group]Runner Image
CI	Set up job	2026-09-24T15:02:04.7392353Z Image: ubuntu-24.04
CI	Set up job	2026-09-24T15:02:04.7393402Z Version: 20260920.314.1
CI	Set up job	2026-09-24T15:02:04.7395213Z Included Software: https://github.com/actions/runner-images/blob/ubuntu24/20260920.314/images/ubuntu/Ubuntu2404-Readme.md
CI	Set up job	2026-09-24T15:02:04.7398222Z Image Release: https://github.com/actions/runner-images/releases/tag/ubuntu24%2F20260920.314
CI	Set up job	2026-09-24T15:02:04.7399918Z ##[endgroup]
CI	Set up job	2026-09-24T15:02:04.7401997Z ##[group]GITHUB_TOKEN Permissions
CI	Set up job	2026-09-24T15:02:04.7404681Z Contents: read
CI	Set up job	2026-09-24T15:02:04.7405702Z Metadata: read
CI	Set up job	2026-09-24T15:02:04.7406558Z ##[endgroup]
CI	Set up job	2026-09-24T15:02:04.7409569Z Secret source: Actions
CI	Set up job	2026-09-24T15:02:04.7411405Z Cache mode: write
CI	Set up job	2026-09-24T15:02:04.7412571Z Prepare workflow directory
CI	Set up job	2026-09-24T15:02:04.7985135Z Prepare all required actions
CI	Set up job	2026-09-24T15:02:04.8075532Z Complete job name: CI
CI	Require every validation job to pass	﻿2026-09-24T15:02:04.9132462Z ##[group]Run python3 - <<'PYTHON'
CI	Require every validation job to pass	2026-09-24T15:02:04.9133276Z ^[[36;1mpython3 - <<'PYTHON'^[[0m
CI	Require every validation job to pass	2026-09-24T15:02:04.9215006Z ^[[36;1mimport json, os, sys^[[0m
CI	Require every validation job to pass	2026-09-24T15:02:04.9215856Z ^[[36;1mresults = json.loads(os.environ["NEEDS"])^[[0m
CI	Require every validation job to pass	2026-09-24T15:02:04.9216969Z ^[[36;1mfailed = {name: value["result"] for name, value in results.items() if value["result"] != "success"}^[[0m
CI	Require every validation job to pass	2026-09-24T15:02:04.9217900Z ^[[36;1mif failed:^[[0m
CI	Require every validation job to pass	2026-09-24T15:02:04.9218561Z ^[[36;1m    sys.exit(f"Required validation jobs did not pass: {failed}")^[[0m
CI	Require every validation job to pass	2026-09-24T15:02:04.9219381Z ^[[36;1mprint("All required validation jobs passed.")^[[0m
CI	Require every validation job to pass	2026-09-24T15:02:04.9220006Z ^[[36;1mPYTHON^[[0m
CI	Require every validation job to pass	2026-09-24T15:02:05.0028909Z shell: /usr/bin/bash --noprofile --norc -e -o pipefail {0}
CI	Require every validation job to pass	2026-09-24T15:02:05.0030042Z env:
CI	Require every validation job to pass	2026-09-24T15:02:05.0031692Z   NEEDS: {
CI	Require every validation job to pass	  "repository": {
CI	Require every validation job to pass	    "result": "success",
CI	Require every validation job to pass	    "outputs": {}
CI	Require every validation job to pass	  },
CI	Require every validation job to pass	  "rust": {
CI	Require every validation job to pass	    "result": "success",
CI	Require every validation job to pass	    "outputs": {}
CI	Require every validation job to pass	  },
CI	Require every validation job to pass	  "operator": {
CI	Require every validation job to pass	    "result": "success",
CI	Require every validation job to pass	    "outputs": {}
CI	Require every validation job to pass	  }
CI	Require every validation job to pass	}
CI	Require every validation job to pass	2026-09-24T15:02:05.0033175Z ##[endgroup]
CI	Require every validation job to pass	2026-09-24T15:02:05.0449263Z All required validation jobs passed.
CI	Complete job	﻿2026-09-24T15:02:05.0619799Z Cleaning up orphan processes
